ISO-10303-21;
HEADER;
FILE_DESCRIPTION(('FreeCAD Model'),'2;1');
FILE_NAME('Open CASCADE Shape Model','2026-09-10T02:11:03',('FreeCAD'),(
    'FreeCAD'),'Open CASCADE STEP processor 7.8','FreeCAD','Unknown');
FILE_SCHEMA(('AUTOMOTIVE_DESIGN { 1 0 10303 214 1 1 1 1 }'));
ENDSEC;
DATA;
#1 = APPLICATION_PROTOCOL_DEFINITION('international standard',
  'automotive_design',2000,#2);
#2 = APPLICATION_CONTEXT(
  'core data for automotive mechanical design processes');
#3 = SHAPE_DEFINITION_REPRESENTATION(#4,#10);
#4 = PRODUCT_DEFINITION_SHAPE('','',#5);
#5 = PRODUCT_DEFINITION('design','',#6,#9);
#6 = PRODUCT_DEFINITION_FORMATION('','',#7);
#7 = PRODUCT('Open CASCADE STEP translator 7.8 34',
  'Open CASCADE STEP translator 7.8 34','',(#8));
#8 = PRODUCT_CONTEXT('',#2,'mechanical');
#9 = PRODUCT_DEFINITION_CONTEXT('part definition',#2,'design');
#10 = SHAPE_REPRESENTATION('',(#11,#15,#2129,#4362,#4648),#5408);
#11 = AXIS2_PLACEMENT_3D('',#12,#13,#14);
#12 = CARTESIAN_POINT('',(0.,0.,0.));
#13 = DIRECTION('',(0.,0.,1.));
#14 = DIRECTION('',(1.,0.,-0.));
#15 = MANIFOLD_SOLID_BREP('',#16);
#16 = CLOSED_SHELL('',(#17,#57,#88,#128,#159,#742,#772,#826,#849,#926,
    #949,#1019,#1050,#1072,#1103,#1125,#1142,#1180,#1203,#1226,#1243,
    #1290,#1337,#1376,#1401,#1426,#1457,#1488,#1519,#1550,#1581,#1676,
    #1693,#1717,#1734,#1753,#1792,#1816,#1839,#1850,#1861,#1902,#1933,
    #1964,#1995,#2026,#2048,#2060,#2072,#2086,#2101,#2115));
#17 = ADVANCED_FACE('',(#18),#52,.F.);
#18 = FACE_BOUND('',#19,.F.);
#19 = EDGE_LOOP('',(#20,#30,#38,#46));
#20 = ORIENTED_EDGE('',*,*,#21,.F.);
#21 = EDGE_CURVE('',#22,#24,#26,.T.);
#22 = VERTEX_POINT('',#23);
#23 = CARTESIAN_POINT('',(85.,-50.52247516529,45.2));
#24 = VERTEX_POINT('',#25);
#25 = CARTESIAN_POINT('',(85.,-52.89,45.2));
#26 = LINE('',#27,#28);
#27 = CARTESIAN_POINT('',(85.,-53.64,45.2));
#28 = VECTOR('',#29,1.);
#29 = DIRECTION('',(0.,-1.,0.));
#30 = ORIENTED_EDGE('',*,*,#31,.F.);
#31 = EDGE_CURVE('',#32,#22,#34,.T.);
#32 = VERTEX_POINT('',#33);
#33 = CARTESIAN_POINT('',(80.5,-50.52247516529,45.2));
#34 = LINE('',#35,#36);
#35 = CARTESIAN_POINT('',(80.3,-50.52247516529,45.2));
#36 = VECTOR('',#37,1.);
#37 = DIRECTION('',(1.,0.,0.));
#38 = ORIENTED_EDGE('',*,*,#39,.T.);
#39 = EDGE_CURVE('',#32,#40,#42,.T.);
#40 = VERTEX_POINT('',#41);
#41 = CARTESIAN_POINT('',(80.5,-52.89,45.2));
#42 = LINE('',#43,#44);
#43 = CARTESIAN_POINT('',(80.5,-53.64,45.2));
#44 = VECTOR('',#45,1.);
#45 = DIRECTION('',(0.,-1.,0.));
#46 = ORIENTED_EDGE('',*,*,#47,.T.);
#47 = EDGE_CURVE('',#40,#24,#48,.T.);
#48 = LINE('',#49,#50);
#49 = CARTESIAN_POINT('',(80.4,-52.89,45.2));
#50 = VECTOR('',#51,1.);
#51 = DIRECTION('',(1.,0.,0.));
#52 = PLANE('',#53);
#53 = AXIS2_PLACEMENT_3D('',#54,#55,#56);
#54 = CARTESIAN_POINT('',(80.3,-54.39,45.2));
#55 = DIRECTION('',(0.,0.,1.));
#56 = DIRECTION('',(1.,0.,0.));
#57 = ADVANCED_FACE('',(#58),#83,.F.);
#58 = FACE_BOUND('',#59,.F.);
#59 = EDGE_LOOP('',(#60,#61,#69,#77));
#60 = ORIENTED_EDGE('',*,*,#47,.F.);
#61 = ORIENTED_EDGE('',*,*,#62,.T.);
#62 = EDGE_CURVE('',#40,#63,#65,.T.);
#63 = VERTEX_POINT('',#64);
#64 = CARTESIAN_POINT('',(80.5,-52.89,48.));
#65 = LINE('',#66,#67);
#66 = CARTESIAN_POINT('',(80.5,-52.89,40.));
#67 = VECTOR('',#68,1.);
#68 = DIRECTION('',(0.,0.,1.));
#69 = ORIENTED_EDGE('',*,*,#70,.T.);
#70 = EDGE_CURVE('',#63,#71,#73,.T.);
#71 = VERTEX_POINT('',#72);
#72 = CARTESIAN_POINT('',(85.,-52.89,48.));
#73 = LINE('',#74,#75);
#74 = CARTESIAN_POINT('',(80.5,-52.89,48.));
#75 = VECTOR('',#76,1.);
#76 = DIRECTION('',(1.,0.,0.));
#77 = ORIENTED_EDGE('',*,*,#78,.F.);
#78 = EDGE_CURVE('',#24,#71,#79,.T.);
#79 = LINE('',#80,#81);
#80 = CARTESIAN_POINT('',(85.,-52.89,40.));
#81 = VECTOR('',#82,1.);
#82 = DIRECTION('',(0.,0.,1.));
#83 = PLANE('',#84);
#84 = AXIS2_PLACEMENT_3D('',#85,#86,#87);
#85 = CARTESIAN_POINT('',(80.5,-52.89,40.));
#86 = DIRECTION('',(0.,1.,0.));
#87 = DIRECTION('',(0.,0.,1.));
#88 = ADVANCED_FACE('',(#89),#123,.F.);
#89 = FACE_BOUND('',#90,.F.);
#90 = EDGE_LOOP('',(#91,#101,#109,#117));
#91 = ORIENTED_EDGE('',*,*,#92,.F.);
#92 = EDGE_CURVE('',#93,#95,#97,.T.);
#93 = VERTEX_POINT('',#94);
#94 = CARTESIAN_POINT('',(-80.5,-50.52247516529,45.2));
#95 = VERTEX_POINT('',#96);
#96 = CARTESIAN_POINT('',(-80.5,-52.89,45.2));
#97 = LINE('',#98,#99);
#98 = CARTESIAN_POINT('',(-80.5,-53.64,45.2));
#99 = VECTOR('',#100,1.);
#100 = DIRECTION('',(0.,-1.,0.));
#101 = ORIENTED_EDGE('',*,*,#102,.F.);
#102 = EDGE_CURVE('',#103,#93,#105,.T.);
#103 = VERTEX_POINT('',#104);
#104 = CARTESIAN_POINT('',(-85.,-50.52247516529,45.2));
#105 = LINE('',#106,#107);
#106 = CARTESIAN_POINT('',(-85.2,-50.52247516529,45.2));
#107 = VECTOR('',#108,1.);
#108 = DIRECTION('',(1.,0.,0.));
#109 = ORIENTED_EDGE('',*,*,#110,.T.);
#110 = EDGE_CURVE('',#103,#111,#113,.T.);
#111 = VERTEX_POINT('',#112);
#112 = CARTESIAN_POINT('',(-85.,-52.89,45.2));
#113 = LINE('',#114,#115);
#114 = CARTESIAN_POINT('',(-85.,-53.64,45.2));
#115 = VECTOR('',#116,1.);
#116 = DIRECTION('',(0.,-1.,0.));
#117 = ORIENTED_EDGE('',*,*,#118,.T.);
#118 = EDGE_CURVE('',#111,#95,#119,.T.);
#119 = LINE('',#120,#121);
#120 = CARTESIAN_POINT('',(-85.1,-52.89,45.2));
#121 = VECTOR('',#122,1.);
#122 = DIRECTION('',(1.,0.,0.));
#123 = PLANE('',#124);
#124 = AXIS2_PLACEMENT_3D('',#125,#126,#127);
#125 = CARTESIAN_POINT('',(-85.2,-54.39,45.2));
#126 = DIRECTION('',(0.,0.,1.));
#127 = DIRECTION('',(1.,0.,0.));
#128 = ADVANCED_FACE('',(#129),#154,.F.);
#129 = FACE_BOUND('',#130,.F.);
#130 = EDGE_LOOP('',(#131,#132,#140,#148));
#131 = ORIENTED_EDGE('',*,*,#118,.F.);
#132 = ORIENTED_EDGE('',*,*,#133,.T.);
#133 = EDGE_CURVE('',#111,#134,#136,.T.);
#134 = VERTEX_POINT('',#135);
#135 = CARTESIAN_POINT('',(-85.,-52.89,48.));
#136 = LINE('',#137,#138);
#137 = CARTESIAN_POINT('',(-85.,-52.89,40.));
#138 = VECTOR('',#139,1.);
#139 = DIRECTION('',(0.,0.,1.));
#140 = ORIENTED_EDGE('',*,*,#141,.T.);
#141 = EDGE_CURVE('',#134,#142,#144,.T.);
#142 = VERTEX_POINT('',#143);
#143 = CARTESIAN_POINT('',(-80.5,-52.89,48.));
#144 = LINE('',#145,#146);
#145 = CARTESIAN_POINT('',(-85.,-52.89,48.));
#146 = VECTOR('',#147,1.);
#147 = DIRECTION('',(1.,0.,0.));
#148 = ORIENTED_EDGE('',*,*,#149,.F.);
#149 = EDGE_CURVE('',#95,#142,#150,.T.);
#150 = LINE('',#151,#152);
#151 = CARTESIAN_POINT('',(-80.5,-52.89,40.));
#152 = VECTOR('',#153,1.);
#153 = DIRECTION('',(0.,0.,1.));
#154 = PLANE('',#155);
#155 = AXIS2_PLACEMENT_3D('',#156,#157,#158);
#156 = CARTESIAN_POINT('',(-85.,-52.89,40.));
#157 = DIRECTION('',(0.,1.,0.));
#158 = DIRECTION('',(0.,0.,1.));
#159 = ADVANCED_FACE('',(#160,#669,#703),#737,.T.);
#160 = FACE_BOUND('',#161,.T.);
#161 = EDGE_LOOP('',(#162,#171,#179,#228,#284,#326,#382,#431,#438,#487,
    #522,#599,#648,#656,#663));
#162 = ORIENTED_EDGE('',*,*,#163,.F.);
#163 = EDGE_CURVE('',#164,#166,#168,.T.);
#164 = VERTEX_POINT('',#165);
#165 = CARTESIAN_POINT('',(-103.,-47.39,0.));
#166 = VERTEX_POINT('',#167);
#167 = CARTESIAN_POINT('',(-88.,-47.39,50.));
#168 = B_SPLINE_CURVE_WITH_KNOTS('',1,(#169,#170),.UNSPECIFIED.,.F.,.F.,
  (2,2),(0.,1.),.PIECEWISE_BEZIER_KNOTS.);
#169 = CARTESIAN_POINT('',(-103.,-47.39,0.));
#170 = CARTESIAN_POINT('',(-88.,-47.39,50.));
#171 = ORIENTED_EDGE('',*,*,#172,.T.);
#172 = EDGE_CURVE('',#164,#173,#175,.T.);
#173 = VERTEX_POINT('',#174);
#174 = CARTESIAN_POINT('',(-75.,-47.39,0.));
#175 = LINE('',#176,#177);
#176 = CARTESIAN_POINT('',(-103.,-47.39,0.));
#177 = VECTOR('',#178,1.);
#178 = DIRECTION('',(1.,0.,0.));
#179 = ORIENTED_EDGE('',*,*,#180,.T.);
#180 = EDGE_CURVE('',#173,#181,#183,.T.);
#181 = VERTEX_POINT('',#182);
#182 = CARTESIAN_POINT('',(-75.,-47.39,18.166969722018));
#183 = B_SPLINE_CURVE_WITH_KNOTS('',7,(#184,#185,#186,#187,#188,#189,
    #190,#191,#192,#193,#194,#195,#196,#197,#198,#199,#200,#201,#202,
    #203,#204,#205,#206,#207,#208,#209,#210,#211,#212,#213,#214,#215,
    #216,#217,#218,#219,#220,#221,#222,#223,#224,#225,#226,#227),
  .UNSPECIFIED.,.F.,.F.,(8,6,6,6,6,6,6,8),(0.,0.496560712948,
    0.745872754473,0.870827508573,0.934121744185,0.965053648122,
    0.981259702952,1.),.UNSPECIFIED.);
#184 = CARTESIAN_POINT('',(-75.,-47.39,0.));
#185 = CARTESIAN_POINT('',(-75.,-47.39,2.434162441658));
#186 = CARTESIAN_POINT('',(-75.,-47.39,4.866491200055));
#187 = CARTESIAN_POINT('',(-75.,-47.39,7.296902520584));
#188 = CARTESIAN_POINT('',(-75.,-47.39,9.725306489044));
#189 = CARTESIAN_POINT('',(-75.,-47.39,12.151606927671));
#190 = CARTESIAN_POINT('',(-75.,-47.39,14.57570129118));
#191 = CARTESIAN_POINT('',(-75.,-47.39,18.213401836045));
#192 = CARTESIAN_POINT('',(-75.,-47.39,19.428739409381));
#193 = CARTESIAN_POINT('',(-75.,-47.39,20.643479432817));
#194 = CARTESIAN_POINT('',(-75.,-47.39,21.857607563578));
#195 = CARTESIAN_POINT('',(-75.,-47.39,23.071108966113));
#196 = CARTESIAN_POINT('',(-75.,-47.39,24.283968312092));
#197 = CARTESIAN_POINT('',(-75.,-47.39,26.103723011557));
#198 = CARTESIAN_POINT('',(-75.,-47.39,26.711110979513));
#199 = CARTESIAN_POINT('',(-75.,-47.39,27.318331689726));
#200 = CARTESIAN_POINT('',(-75.,-47.39,27.925383113221));
#201 = CARTESIAN_POINT('',(-75.,-47.39,28.532263186603));
#202 = CARTESIAN_POINT('',(-75.,-47.39,29.138969812053));
#203 = CARTESIAN_POINT('',(-75.,-47.39,30.052731415805));
#204 = CARTESIAN_POINT('',(-75.,-47.39,30.359916923762));
#205 = CARTESIAN_POINT('',(-75.,-47.39,30.667057103985));
#206 = CARTESIAN_POINT('',(-75.,-47.39,30.974151676872));
#207 = CARTESIAN_POINT('',(-75.,-47.39,31.281200360439));
#208 = CARTESIAN_POINT('',(-75.,-47.39,31.588202870316));
#209 = CARTESIAN_POINT('',(-75.,-47.39,32.04516839442));
#210 = CARTESIAN_POINT('',(-75.,-47.39,32.195166773038));
#211 = CARTESIAN_POINT('',(-75.,-47.39,32.345154022131));
#212 = CARTESIAN_POINT('',(-75.,-47.39,32.495130108088));
#213 = CARTESIAN_POINT('',(-75.,-47.39,32.645094997158));
#214 = CARTESIAN_POINT('',(-75.,-47.39,32.795048655452));
#215 = CARTESIAN_POINT('',(-75.,-47.39,33.023549894049));
#216 = CARTESIAN_POINT('',(-75.,-47.39,33.10210873536));
#217 = CARTESIAN_POINT('',(-75.,-47.39,33.18066757287));
#218 = CARTESIAN_POINT('',(-75.,-47.39,33.259226406578));
#219 = CARTESIAN_POINT('',(-75.,-47.39,33.337785236481));
#220 = CARTESIAN_POINT('',(-75.,-47.39,33.416344062575));
#221 = CARTESIAN_POINT('',(-75.,-47.39,33.585746441834));
#222 = CARTESIAN_POINT('',(-75.,-47.39,33.648864761116));
#223 = CARTESIAN_POINT('',(-75.,-47.39,33.714971825351));
#224 = CARTESIAN_POINT('',(-75.,-47.39,33.80121407145));
#225 = CARTESIAN_POINT('',(-75.,-47.39,33.90481697556));
#226 = CARTESIAN_POINT('',(-75.,-47.39,33.994561292604));
#227 = CARTESIAN_POINT('',(-75.,-47.39,34.));
#228 = ORIENTED_EDGE('',*,*,#229,.T.);
#229 = EDGE_CURVE('',#181,#230,#232,.T.);
#230 = VERTEX_POINT('',#231);
#231 = CARTESIAN_POINT('',(-79.85684808232,-47.39,17.986230619752));
#232 = B_SPLINE_CURVE_WITH_KNOTS('',8,(#233,#234,#235,#236,#237,#238,
    #239,#240,#241,#242,#243,#244,#245,#246,#247,#248,#249,#250,#251,
    #252,#253,#254,#255,#256,#257,#258,#259,#260,#261,#262,#263,#264,
    #265,#266,#267,#268,#269,#270,#271,#272,#273,#274,#275,#276,#277,
    #278,#279,#280,#281,#282,#283),.UNSPECIFIED.,.F.,.F.,(9,7,7,7,7,7,7,
    9),(0.,0.21825578067,0.328586975326,0.410256260016,0.492571508486,
    0.623700072181,0.822102639545,1.),.UNSPECIFIED.);
#233 = CARTESIAN_POINT('',(-77.5,-47.39,23.1));
#234 = CARTESIAN_POINT('',(-77.19902298089,-47.39,23.1));
#235 = CARTESIAN_POINT('',(-76.9027625412,-47.39,23.066603336172));
#236 = CARTESIAN_POINT('',(-76.61226116793,-47.39,23.001644661657));
#237 = CARTESIAN_POINT('',(-76.32917994953,-47.39,22.905542706697));
#238 = CARTESIAN_POINT('',(-76.05552096282,-47.39,22.778412198768));
#239 = CARTESIAN_POINT('',(-75.79381210761,-47.39,22.619693632958));
#240 = CARTESIAN_POINT('',(-75.54692728378,-47.39,22.428690235386));
#241 = CARTESIAN_POINT('',(-75.20353726902,-47.39,22.088680782083));
#242 = CARTESIAN_POINT('',(-75.0932200625,-47.39,21.965789770973));
#243 = CARTESIAN_POINT('',(-74.98837923849,-47.39,21.833897885579));
#244 = CARTESIAN_POINT('',(-74.88972450776,-47.39,21.692757454594));
#245 = CARTESIAN_POINT('',(-74.79815402727,-47.39,21.542191556691));
#246 = CARTESIAN_POINT('',(-74.71473607987,-47.39,21.382123942327));
#247 = CARTESIAN_POINT('',(-74.64070178999,-47.39,21.212596893057));
#248 = CARTESIAN_POINT('',(-74.53062784423,-47.39,20.901411087742));
#249 = CARTESIAN_POINT('',(-74.48972841572,-47.39,20.76399264001));
#250 = CARTESIAN_POINT('',(-74.45534706041,-47.39,20.621694611947));
#251 = CARTESIAN_POINT('',(-74.42813930784,-47.39,20.474837519017));
#252 = CARTESIAN_POINT('',(-74.40877159102,-47.39,20.323912555723));
#253 = CARTESIAN_POINT('',(-74.39787801924,-47.39,20.169603549956));
#254 = CARTESIAN_POINT('',(-74.39598981346,-47.39,20.012818409449));
#255 = CARTESIAN_POINT('',(-74.41087911541,-47.39,19.695412670679));
#256 = CARTESIAN_POINT('',(-74.42781296857,-47.39,19.534588536661));
#257 = CARTESIAN_POINT('',(-74.45453322554,-47.39,19.37380828078));
#258 = CARTESIAN_POINT('',(-74.49103633333,-47.39,19.214507620922));
#259 = CARTESIAN_POINT('',(-74.53703924731,-47.39,19.058021126088));
#260 = CARTESIAN_POINT('',(-74.59200880408,-47.39,18.905580684387));
#261 = CARTESIAN_POINT('',(-74.6551698786,-47.39,18.758309321394));
#262 = CARTESIAN_POINT('',(-74.83751630187,-47.39,18.39243909834));
#263 = CARTESIAN_POINT('',(-74.9676829672,-47.39,18.183393754641));
#264 = CARTESIAN_POINT('',(-75.11269414395,-47.39,17.992340310027));
#265 = CARTESIAN_POINT('',(-75.26917579515,-47.39,17.819995026483));
#266 = CARTESIAN_POINT('',(-75.43419481796,-47.39,17.666324938935));
#267 = CARTESIAN_POINT('',(-75.60531447631,-47.39,17.530703538777));
#268 = CARTESIAN_POINT('',(-75.78077030705,-47.39,17.412203072423));
#269 = CARTESIAN_POINT('',(-76.23005734955,-47.39,17.154932099656));
#270 = CARTESIAN_POINT('',(-76.507431147,-47.39,17.037379261287));
#271 = CARTESIAN_POINT('',(-76.78819063754,-47.39,16.953340014039));
#272 = CARTESIAN_POINT('',(-77.06953150763,-47.39,16.90069474164));
#273 = CARTESIAN_POINT('',(-77.34915919327,-47.39,16.87740925993));
#274 = CARTESIAN_POINT('',(-77.62532134789,-47.39,16.882036749853));
#275 = CARTESIAN_POINT('',(-77.89672161435,-47.39,16.91347829369));
#276 = CARTESIAN_POINT('',(-78.4007615471,-47.39,17.023739512861));
#277 = CARTESIAN_POINT('',(-78.63381098879,-47.39,17.097173852819));
#278 = CARTESIAN_POINT('',(-78.86090142187,-47.39,17.191575196869));
#279 = CARTESIAN_POINT('',(-79.08091900294,-47.39,17.307013146397));
#280 = CARTESIAN_POINT('',(-79.2924568105,-47.39,17.443698466671));
#281 = CARTESIAN_POINT('',(-79.49375805007,-47.39,17.602033861888));
#282 = CARTESIAN_POINT('',(-79.68277489237,-47.39,17.782501201695));
#283 = CARTESIAN_POINT('',(-79.85684808232,-47.39,17.986230619752));
#284 = ORIENTED_EDGE('',*,*,#285,.T.);
#285 = EDGE_CURVE('',#230,#286,#288,.T.);
#286 = VERTEX_POINT('',#287);
#287 = CARTESIAN_POINT('',(-77.5,-47.39,23.1));
#288 = B_SPLINE_CURVE_WITH_KNOTS('',8,(#289,#290,#291,#292,#293,#294,
    #295,#296,#297,#298,#299,#300,#301,#302,#303,#304,#305,#306,#307,
    #308,#309,#310,#311,#312,#313,#314,#315,#316,#317,#318,#319,#320,
    #321,#322,#323,#324,#325),.UNSPECIFIED.,.F.,.F.,(9,7,7,7,7,9),(0.,
    0.211553620783,0.324854461309,0.490974995965,0.63717484065,1.),
  .UNSPECIFIED.);
#289 = CARTESIAN_POINT('',(-79.85684808232,-47.39,17.986230619752));
#290 = CARTESIAN_POINT('',(-79.96522344699,-47.39,18.113069508498));
#291 = CARTESIAN_POINT('',(-80.06766919332,-47.39,18.248764454089));
#292 = CARTESIAN_POINT('',(-80.16359505936,-47.39,18.393580073213));
#293 = CARTESIAN_POINT('',(-80.25216274862,-47.39,18.547707635554));
#294 = CARTESIAN_POINT('',(-80.33232469645,-47.39,18.711218105028));
#295 = CARTESIAN_POINT('',(-80.40285768994,-47.39,18.884021523166));
#296 = CARTESIAN_POINT('',(-80.46239134132,-47.39,19.065832734646));
#297 = CARTESIAN_POINT('',(-80.53462445969,-47.39,19.358067328904));
#298 = CARTESIAN_POINT('',(-80.55622280971,-47.39,19.462383594176));
#299 = CARTESIAN_POINT('',(-80.57399075443,-47.39,19.568964806855));
#300 = CARTESIAN_POINT('',(-80.58768726414,-47.39,19.677634525997));
#301 = CARTESIAN_POINT('',(-80.59707468345,-47.39,19.788163167319));
#302 = CARTESIAN_POINT('',(-80.60193207493,-47.39,19.900262574582));
#303 = CARTESIAN_POINT('',(-80.60207321258,-47.39,20.013579308681));
#304 = CARTESIAN_POINT('',(-80.59047228738,-47.39,20.294989678829));
#305 = CARTESIAN_POINT('',(-80.57314758691,-47.39,20.464290877779));
#306 = CARTESIAN_POINT('',(-80.54494419332,-47.39,20.633810252037));
#307 = CARTESIAN_POINT('',(-80.5058114738,-47.39,20.801867595865));
#308 = CARTESIAN_POINT('',(-80.45604466383,-47.39,20.966881520692));
#309 = CARTESIAN_POINT('',(-80.39625875034,-47.39,21.127375432294));
#310 = CARTESIAN_POINT('',(-80.32739066744,-47.39,21.281990461495));
#311 = CARTESIAN_POINT('',(-80.18326188916,-47.39,21.559330680329));
#312 = CARTESIAN_POINT('',(-80.10966276805,-47.39,21.68383884684));
#313 = CARTESIAN_POINT('',(-80.03063271188,-47.39,21.802461765062));
#314 = CARTESIAN_POINT('',(-79.94689026233,-47.39,21.914864919857));
#315 = CARTESIAN_POINT('',(-79.85912644358,-47.39,22.020888055011));
#316 = CARTESIAN_POINT('',(-79.76797087429,-47.39,22.12049859022));
#317 = CARTESIAN_POINT('',(-79.6739697803,-47.39,22.213757763853));
#318 = CARTESIAN_POINT('',(-79.33835457289,-47.39,22.516811580075));
#319 = CARTESIAN_POINT('',(-79.08529097548,-47.39,22.693721930961));
#320 = CARTESIAN_POINT('',(-78.82386146514,-47.39,22.835491235065));
#321 = CARTESIAN_POINT('',(-78.55815359165,-47.39,22.944531454873));
#322 = CARTESIAN_POINT('',(-78.2913152722,-47.39,23.02357120957));
#323 = CARTESIAN_POINT('',(-78.02541149928,-47.39,23.074771375354));
#324 = CARTESIAN_POINT('',(-77.7615877874,-47.39,23.1));
#325 = CARTESIAN_POINT('',(-77.5,-47.39,23.1));
#326 = ORIENTED_EDGE('',*,*,#327,.T.);
#327 = EDGE_CURVE('',#286,#328,#330,.T.);
#328 = VERTEX_POINT('',#329);
#329 = CARTESIAN_POINT('',(-75.,-47.39,21.833030277982));
#330 = B_SPLINE_CURVE_WITH_KNOTS('',8,(#331,#332,#333,#334,#335,#336,
    #337,#338,#339,#340,#341,#342,#343,#344,#345,#346,#347,#348,#349,
    #350,#351,#352,#353,#354,#355,#356,#357,#358,#359,#360,#361,#362,
    #363,#364,#365,#366,#367,#368,#369,#370,#371,#372,#373,#374,#375,
    #376,#377,#378,#379,#380,#381),.UNSPECIFIED.,.F.,.F.,(9,7,7,7,7,7,7,
    9),(0.,0.21825578067,0.328586975326,0.410256260016,0.492571508486,
    0.623700072181,0.822102639545,1.),.UNSPECIFIED.);
#331 = CARTESIAN_POINT('',(-77.5,-47.39,23.1));
#332 = CARTESIAN_POINT('',(-77.19902298089,-47.39,23.1));
#333 = CARTESIAN_POINT('',(-76.9027625412,-47.39,23.066603336172));
#334 = CARTESIAN_POINT('',(-76.61226116793,-47.39,23.001644661657));
#335 = CARTESIAN_POINT('',(-76.32917994953,-47.39,22.905542706697));
#336 = CARTESIAN_POINT('',(-76.05552096282,-47.39,22.778412198768));
#337 = CARTESIAN_POINT('',(-75.79381210761,-47.39,22.619693632958));
#338 = CARTESIAN_POINT('',(-75.54692728378,-47.39,22.428690235386));
#339 = CARTESIAN_POINT('',(-75.20353726902,-47.39,22.088680782083));
#340 = CARTESIAN_POINT('',(-75.0932200625,-47.39,21.965789770973));
#341 = CARTESIAN_POINT('',(-74.98837923849,-47.39,21.833897885579));
#342 = CARTESIAN_POINT('',(-74.88972450776,-47.39,21.692757454594));
#343 = CARTESIAN_POINT('',(-74.79815402727,-47.39,21.542191556691));
#344 = CARTESIAN_POINT('',(-74.71473607987,-47.39,21.382123942327));
#345 = CARTESIAN_POINT('',(-74.64070178999,-47.39,21.212596893057));
#346 = CARTESIAN_POINT('',(-74.53062784423,-47.39,20.901411087742));
#347 = CARTESIAN_POINT('',(-74.48972841572,-47.39,20.76399264001));
#348 = CARTESIAN_POINT('',(-74.45534706041,-47.39,20.621694611947));
#349 = CARTESIAN_POINT('',(-74.42813930784,-47.39,20.474837519017));
#350 = CARTESIAN_POINT('',(-74.40877159102,-47.39,20.323912555723));
#351 = CARTESIAN_POINT('',(-74.39787801924,-47.39,20.169603549956));
#352 = CARTESIAN_POINT('',(-74.39598981346,-47.39,20.012818409449));
#353 = CARTESIAN_POINT('',(-74.41087911541,-47.39,19.695412670679));
#354 = CARTESIAN_POINT('',(-74.42781296857,-47.39,19.534588536661));
#355 = CARTESIAN_POINT('',(-74.45453322554,-47.39,19.37380828078));
#356 = CARTESIAN_POINT('',(-74.49103633333,-47.39,19.214507620922));
#357 = CARTESIAN_POINT('',(-74.53703924731,-47.39,19.058021126088));
#358 = CARTESIAN_POINT('',(-74.59200880408,-47.39,18.905580684387));
#359 = CARTESIAN_POINT('',(-74.6551698786,-47.39,18.758309321394));
#360 = CARTESIAN_POINT('',(-74.83751630187,-47.39,18.39243909834));
#361 = CARTESIAN_POINT('',(-74.9676829672,-47.39,18.183393754641));
#362 = CARTESIAN_POINT('',(-75.11269414395,-47.39,17.992340310027));
#363 = CARTESIAN_POINT('',(-75.26917579515,-47.39,17.819995026483));
#364 = CARTESIAN_POINT('',(-75.43419481796,-47.39,17.666324938935));
#365 = CARTESIAN_POINT('',(-75.60531447631,-47.39,17.530703538777));
#366 = CARTESIAN_POINT('',(-75.78077030705,-47.39,17.412203072423));
#367 = CARTESIAN_POINT('',(-76.23005734955,-47.39,17.154932099656));
#368 = CARTESIAN_POINT('',(-76.507431147,-47.39,17.037379261287));
#369 = CARTESIAN_POINT('',(-76.78819063754,-47.39,16.953340014039));
#370 = CARTESIAN_POINT('',(-77.06953150763,-47.39,16.90069474164));
#371 = CARTESIAN_POINT('',(-77.34915919327,-47.39,16.87740925993));
#372 = CARTESIAN_POINT('',(-77.62532134789,-47.39,16.882036749853));
#373 = CARTESIAN_POINT('',(-77.89672161435,-47.39,16.91347829369));
#374 = CARTESIAN_POINT('',(-78.4007615471,-47.39,17.023739512861));
#375 = CARTESIAN_POINT('',(-78.63381098879,-47.39,17.097173852819));
#376 = CARTESIAN_POINT('',(-78.86090142187,-47.39,17.191575196869));
#377 = CARTESIAN_POINT('',(-79.08091900294,-47.39,17.307013146397));
#378 = CARTESIAN_POINT('',(-79.2924568105,-47.39,17.443698466671));
#379 = CARTESIAN_POINT('',(-79.49375805007,-47.39,17.602033861888));
#380 = CARTESIAN_POINT('',(-79.68277489237,-47.39,17.782501201695));
#381 = CARTESIAN_POINT('',(-79.85684808232,-47.39,17.986230619752));
#382 = ORIENTED_EDGE('',*,*,#383,.T.);
#383 = EDGE_CURVE('',#328,#384,#386,.T.);
#384 = VERTEX_POINT('',#385);
#385 = CARTESIAN_POINT('',(-75.,-47.39,34.));
#386 = B_SPLINE_CURVE_WITH_KNOTS('',7,(#387,#388,#389,#390,#391,#392,
    #393,#394,#395,#396,#397,#398,#399,#400,#401,#402,#403,#404,#405,
    #406,#407,#408,#409,#410,#411,#412,#413,#414,#415,#416,#417,#418,
    #419,#420,#421,#422,#423,#424,#425,#426,#427,#428,#429,#430),
  .UNSPECIFIED.,.F.,.F.,(8,6,6,6,6,6,6,8),(0.,0.496560712948,
    0.745872754473,0.870827508573,0.934121744185,0.965053648122,
    0.981259702952,1.),.UNSPECIFIED.);
#387 = CARTESIAN_POINT('',(-75.,-47.39,0.));
#388 = CARTESIAN_POINT('',(-75.,-47.39,2.434162441658));
#389 = CARTESIAN_POINT('',(-75.,-47.39,4.866491200055));
#390 = CARTESIAN_POINT('',(-75.,-47.39,7.296902520584));
#391 = CARTESIAN_POINT('',(-75.,-47.39,9.725306489044));
#392 = CARTESIAN_POINT('',(-75.,-47.39,12.151606927671));
#393 = CARTESIAN_POINT('',(-75.,-47.39,14.57570129118));
#394 = CARTESIAN_POINT('',(-75.,-47.39,18.213401836045));
#395 = CARTESIAN_POINT('',(-75.,-47.39,19.428739409381));
#396 = CARTESIAN_POINT('',(-75.,-47.39,20.643479432817));
#397 = CARTESIAN_POINT('',(-75.,-47.39,21.857607563578));
#398 = CARTESIAN_POINT('',(-75.,-47.39,23.071108966113));
#399 = CARTESIAN_POINT('',(-75.,-47.39,24.283968312092));
#400 = CARTESIAN_POINT('',(-75.,-47.39,26.103723011557));
#401 = CARTESIAN_POINT('',(-75.,-47.39,26.711110979513));
#402 = CARTESIAN_POINT('',(-75.,-47.39,27.318331689726));
#403 = CARTESIAN_POINT('',(-75.,-47.39,27.925383113221));
#404 = CARTESIAN_POINT('',(-75.,-47.39,28.532263186603));
#405 = CARTESIAN_POINT('',(-75.,-47.39,29.138969812053));
#406 = CARTESIAN_POINT('',(-75.,-47.39,30.052731415805));
#407 = CARTESIAN_POINT('',(-75.,-47.39,30.359916923762));
#408 = CARTESIAN_POINT('',(-75.,-47.39,30.667057103985));
#409 = CARTESIAN_POINT('',(-75.,-47.39,30.974151676872));
#410 = CARTESIAN_POINT('',(-75.,-47.39,31.281200360439));
#411 = CARTESIAN_POINT('',(-75.,-47.39,31.588202870316));
#412 = CARTESIAN_POINT('',(-75.,-47.39,32.04516839442));
#413 = CARTESIAN_POINT('',(-75.,-47.39,32.195166773038));
#414 = CARTESIAN_POINT('',(-75.,-47.39,32.345154022131));
#415 = CARTESIAN_POINT('',(-75.,-47.39,32.495130108088));
#416 = CARTESIAN_POINT('',(-75.,-47.39,32.645094997158));
#417 = CARTESIAN_POINT('',(-75.,-47.39,32.795048655452));
#418 = CARTESIAN_POINT('',(-75.,-47.39,33.023549894049));
#419 = CARTESIAN_POINT('',(-75.,-47.39,33.10210873536));
#420 = CARTESIAN_POINT('',(-75.,-47.39,33.18066757287));
#421 = CARTESIAN_POINT('',(-75.,-47.39,33.259226406578));
#422 = CARTESIAN_POINT('',(-75.,-47.39,33.337785236481));
#423 = CARTESIAN_POINT('',(-75.,-47.39,33.416344062575));
#424 = CARTESIAN_POINT('',(-75.,-47.39,33.585746441834));
#425 = CARTESIAN_POINT('',(-75.,-47.39,33.648864761116));
#426 = CARTESIAN_POINT('',(-75.,-47.39,33.714971825351));
#427 = CARTESIAN_POINT('',(-75.,-47.39,33.80121407145));
#428 = CARTESIAN_POINT('',(-75.,-47.39,33.90481697556));
#429 = CARTESIAN_POINT('',(-75.,-47.39,33.994561292604));
#430 = CARTESIAN_POINT('',(-75.,-47.39,34.));
#431 = ORIENTED_EDGE('',*,*,#432,.F.);
#432 = EDGE_CURVE('',#433,#384,#435,.T.);
#433 = VERTEX_POINT('',#434);
#434 = CARTESIAN_POINT('',(75.,-47.39,34.));
#435 = B_SPLINE_CURVE_WITH_KNOTS('',1,(#436,#437),.UNSPECIFIED.,.F.,.F.,
  (2,2),(0.,1.),.PIECEWISE_BEZIER_KNOTS.);
#436 = CARTESIAN_POINT('',(75.,-47.39,34.));
#437 = CARTESIAN_POINT('',(-75.,-47.39,34.));
#438 = ORIENTED_EDGE('',*,*,#439,.F.);
#439 = EDGE_CURVE('',#440,#433,#442,.T.);
#440 = VERTEX_POINT('',#441);
#441 = CARTESIAN_POINT('',(75.,-47.39,21.833030277982));
#442 = B_SPLINE_CURVE_WITH_KNOTS('',7,(#443,#444,#445,#446,#447,#448,
    #449,#450,#451,#452,#453,#454,#455,#456,#457,#458,#459,#460,#461,
    #462,#463,#464,#465,#466,#467,#468,#469,#470,#471,#472,#473,#474,
    #475,#476,#477,#478,#479,#480,#481,#482,#483,#484,#485,#486),
  .UNSPECIFIED.,.F.,.F.,(8,6,6,6,6,6,6,8),(0.,0.496560712948,
    0.745872754473,0.870827508573,0.934121744185,0.965053648122,
    0.981259702952,1.),.UNSPECIFIED.);
#443 = CARTESIAN_POINT('',(75.,-47.39,0.));
#444 = CARTESIAN_POINT('',(75.,-47.39,2.434162441658));
#445 = CARTESIAN_POINT('',(75.,-47.39,4.866491200055));
#446 = CARTESIAN_POINT('',(75.,-47.39,7.296902520584));
#447 = CARTESIAN_POINT('',(75.,-47.39,9.725306489044));
#448 = CARTESIAN_POINT('',(75.,-47.39,12.15160692767));
#449 = CARTESIAN_POINT('',(75.,-47.39,14.575701291179));
#450 = CARTESIAN_POINT('',(75.,-47.39,18.213401836044));
#451 = CARTESIAN_POINT('',(75.,-47.39,19.428739409381));
#452 = CARTESIAN_POINT('',(75.,-47.39,20.643479432816));
#453 = CARTESIAN_POINT('',(75.,-47.39,21.857607563577));
#454 = CARTESIAN_POINT('',(75.,-47.39,23.071108966112));
#455 = CARTESIAN_POINT('',(75.,-47.39,24.283968312091));
#456 = CARTESIAN_POINT('',(75.,-47.39,26.103723011556));
#457 = CARTESIAN_POINT('',(75.,-47.39,26.711110979513));
#458 = CARTESIAN_POINT('',(75.,-47.39,27.318331689725));
#459 = CARTESIAN_POINT('',(75.,-47.39,27.92538311322));
#460 = CARTESIAN_POINT('',(75.,-47.39,28.532263186602));
#461 = CARTESIAN_POINT('',(75.,-47.39,29.138969812052));
#462 = CARTESIAN_POINT('',(75.,-47.39,30.052731415804));
#463 = CARTESIAN_POINT('',(75.,-47.39,30.359916923761));
#464 = CARTESIAN_POINT('',(75.,-47.39,30.667057103984));
#465 = CARTESIAN_POINT('',(75.,-47.39,30.974151676872));
#466 = CARTESIAN_POINT('',(75.,-47.39,31.281200360438));
#467 = CARTESIAN_POINT('',(75.,-47.39,31.588202870315));
#468 = CARTESIAN_POINT('',(75.,-47.39,32.04516839442));
#469 = CARTESIAN_POINT('',(75.,-47.39,32.195166773038));
#470 = CARTESIAN_POINT('',(75.,-47.39,32.345154022131));
#471 = CARTESIAN_POINT('',(75.,-47.39,32.495130108088));
#472 = CARTESIAN_POINT('',(75.,-47.39,32.645094997158));
#473 = CARTESIAN_POINT('',(75.,-47.39,32.795048655452));
#474 = CARTESIAN_POINT('',(75.,-47.39,33.023549894048));
#475 = CARTESIAN_POINT('',(75.,-47.39,33.102108735359));
#476 = CARTESIAN_POINT('',(75.,-47.39,33.18066757287));
#477 = CARTESIAN_POINT('',(75.,-47.39,33.259226406578));
#478 = CARTESIAN_POINT('',(75.,-47.39,33.33778523648));
#479 = CARTESIAN_POINT('',(75.,-47.39,33.416344062575));
#480 = CARTESIAN_POINT('',(75.,-47.39,33.585746441832));
#481 = CARTESIAN_POINT('',(75.,-47.39,33.648864761118));
#482 = CARTESIAN_POINT('',(75.,-47.39,33.714971825348));
#483 = CARTESIAN_POINT('',(75.,-47.39,33.801214071451));
#484 = CARTESIAN_POINT('',(75.,-47.39,33.904816975559));
#485 = CARTESIAN_POINT('',(75.,-47.39,33.994561292603));
#486 = CARTESIAN_POINT('',(75.,-47.39,34.));
#487 = ORIENTED_EDGE('',*,*,#488,.T.);
#488 = EDGE_CURVE('',#440,#489,#491,.T.);
#489 = VERTEX_POINT('',#490);
#490 = CARTESIAN_POINT('',(77.5,-47.39,23.1));
#491 = B_SPLINE_CURVE_WITH_KNOTS('',8,(#492,#493,#494,#495,#496,#497,
    #498,#499,#500,#501,#502,#503,#504,#505,#506,#507,#508,#509,#510,
    #511,#512,#513,#514,#515,#516,#517,#518,#519,#520,#521),
  .UNSPECIFIED.,.F.,.F.,(9,7,7,7,9),(0.,0.186500709764,0.425674332211,
    0.617141522578,1.),.UNSPECIFIED.);
#492 = CARTESIAN_POINT('',(74.536293921623,-47.39,19.090909090909));
#493 = CARTESIAN_POINT('',(74.48686646721,-47.39,19.252046382701));
#494 = CARTESIAN_POINT('',(74.447170044118,-47.39,19.417173192553));
#495 = CARTESIAN_POINT('',(74.417951546436,-47.39,19.584566054993));
#496 = CARTESIAN_POINT('',(74.399450766978,-47.39,19.752623874742));
#497 = CARTESIAN_POINT('',(74.391550184458,-47.39,19.919877157521));
#498 = CARTESIAN_POINT('',(74.39385919318,-47.39,20.084993221688));
#499 = CARTESIAN_POINT('',(74.405762516918,-47.39,20.246779557365));
#500 = CARTESIAN_POINT('',(74.453008836695,-47.39,20.606051759885));
#501 = CARTESIAN_POINT('',(74.494046714219,-47.39,20.800898852672));
#502 = CARTESIAN_POINT('',(74.548064142941,-47.39,20.987455495802));
#503 = CARTESIAN_POINT('',(74.61347626096,-47.39,21.164954969342));
#504 = CARTESIAN_POINT('',(74.688793615957,-47.39,21.333000642117));
#505 = CARTESIAN_POINT('',(74.772704714447,-47.39,21.491488500738));
#506 = CARTESIAN_POINT('',(74.86412947583,-47.39,21.64054939856));
#507 = CARTESIAN_POINT('',(75.040889401946,-47.39,21.892484670628));
#508 = CARTESIAN_POINT('',(75.123757553651,-47.39,21.99857845739));
#509 = CARTESIAN_POINT('',(75.210470402694,-47.39,22.098867170216));
#510 = CARTESIAN_POINT('',(75.300647411292,-47.39,22.193453499794));
#511 = CARTESIAN_POINT('',(75.393955644707,-47.39,22.282436494461));
#512 = CARTESIAN_POINT('',(75.490106776892,-47.39,22.365914593699));
#513 = CARTESIAN_POINT('',(75.58885719336,-47.39,22.443983960094));
#514 = CARTESIAN_POINT('',(75.892279086586,-47.39,22.662199569511));
#515 = CARTESIAN_POINT('',(76.103955317438,-47.39,22.786245841193));
#516 = CARTESIAN_POINT('',(76.32352108855,-47.39,22.889705603349));
#517 = CARTESIAN_POINT('',(76.549715094554,-47.39,22.97285921835));
#518 = CARTESIAN_POINT('',(76.781403455722,-47.39,23.035782162875));
#519 = CARTESIAN_POINT('',(77.017582726599,-47.39,23.078294943827));
#520 = CARTESIAN_POINT('',(77.257358511856,-47.39,23.1));
#521 = CARTESIAN_POINT('',(77.5,-47.39,23.1));
#522 = ORIENTED_EDGE('',*,*,#523,.T.);
#523 = EDGE_CURVE('',#489,#524,#526,.T.);
#524 = VERTEX_POINT('',#525);
#525 = CARTESIAN_POINT('',(75.,-47.39,18.166969722018));
#526 = B_SPLINE_CURVE_WITH_KNOTS('',8,(#527,#528,#529,#530,#531,#532,
    #533,#534,#535,#536,#537,#538,#539,#540,#541,#542,#543,#544,#545,
    #546,#547,#548,#549,#550,#551,#552,#553,#554,#555,#556,#557,#558,
    #559,#560,#561,#562,#563,#564,#565,#566,#567,#568,#569,#570,#571,
    #572,#573,#574,#575,#576,#577,#578,#579,#580,#581,#582,#583,#584,
    #585,#586,#587,#588,#589,#590,#591,#592,#593,#594,#595,#596,#597,
    #598),.UNSPECIFIED.,.F.,.F.,(9,7,7,7,7,7,7,7,7,7,9),(0.,
    0.118400788633,0.189157664468,0.293592173924,0.338391715883,
    0.402458835024,0.509989103217,0.601603857773,0.79005668342,
    0.944696627757,1.),.UNSPECIFIED.);
#527 = CARTESIAN_POINT('',(77.5,-47.39,23.1));
#528 = CARTESIAN_POINT('',(77.673166909415,-47.39,23.1));
#529 = CARTESIAN_POINT('',(77.84762556526,-47.39,23.08894416539));
#530 = CARTESIAN_POINT('',(78.023111862783,-47.39,23.066547378018));
#531 = CARTESIAN_POINT('',(78.199250992673,-47.39,23.032386701388));
#532 = CARTESIAN_POINT('',(78.375556270159,-47.39,22.985950530006));
#533 = CARTESIAN_POINT('',(78.551425500855,-47.39,22.926647736079));
#534 = CARTESIAN_POINT('',(78.726134883365,-47.39,22.853776813583));
#535 = CARTESIAN_POINT('',(79.00203414187,-47.39,22.714271099301));
#536 = CARTESIAN_POINT('',(79.104476406637,-47.39,22.656947224507));
#537 = CARTESIAN_POINT('',(79.205973455542,-47.39,22.594301862707));
#538 = CARTESIAN_POINT('',(79.306283031492,-47.39,22.526150937603));
#539 = CARTESIAN_POINT('',(79.405106159385,-47.39,22.452316459106));
#540 = CARTESIAN_POINT('',(79.502088897812,-47.39,22.372635153244));
#541 = CARTESIAN_POINT('',(79.596824090754,-47.39,22.286967092069));
#542 = CARTESIAN_POINT('',(79.824684532644,-47.39,22.059765900072));
#543 = CARTESIAN_POINT('',(79.954947037424,-47.39,21.910723899868));
#544 = CARTESIAN_POINT('',(80.077733698033,-47.39,21.748006658221));
#545 = CARTESIAN_POINT('',(80.190870232711,-47.39,21.571964455179));
#546 = CARTESIAN_POINT('',(80.292096133429,-47.39,21.383519546541));
#547 = CARTESIAN_POINT('',(80.379183311178,-47.39,21.184284922645));
#548 = CARTESIAN_POINT('',(80.450202937442,-47.39,20.976783882583));
#549 = CARTESIAN_POINT('',(80.527293458235,-47.39,20.674011210984));
#550 = CARTESIAN_POINT('',(80.547299454969,-47.39,20.582293390514));
#551 = CARTESIAN_POINT('',(80.564094718345,-47.39,20.490031063698));
#552 = CARTESIAN_POINT('',(80.577644727835,-47.39,20.397495738343));
#553 = CARTESIAN_POINT('',(80.587950577192,-47.39,20.304947701845));
#554 = CARTESIAN_POINT('',(80.595044684753,-47.39,20.212635306645));
#555 = CARTESIAN_POINT('',(80.598986503742,-47.39,20.120794255677));
#556 = CARTESIAN_POINT('',(80.601104878237,-47.39,19.899298473083));
#557 = CARTESIAN_POINT('',(80.596073118348,-47.39,19.770355272784));
#558 = CARTESIAN_POINT('',(80.585005018649,-47.39,19.643400181701));
#559 = CARTESIAN_POINT('',(80.568221983496,-47.39,19.518893432793));
#560 = CARTESIAN_POINT('',(80.546085826,-47.39,19.397189421964));
#561 = CARTESIAN_POINT('',(80.518968495057,-47.39,19.278550557206));
#562 = CARTESIAN_POINT('',(80.487230459273,-47.39,19.163158132135));
#563 = CARTESIAN_POINT('',(80.390747220131,-47.39,18.863075771794));
#564 = CARTESIAN_POINT('',(80.318264607728,-47.39,18.684630437213));
#565 = CARTESIAN_POINT('',(80.235297115754,-47.39,18.516029915352));
#566 = CARTESIAN_POINT('',(80.143200234713,-47.39,18.35738330951));
#567 = CARTESIAN_POINT('',(80.043154382194,-47.39,18.208663614251));
#568 = CARTESIAN_POINT('',(79.936156437516,-47.39,18.069724598195));
#569 = CARTESIAN_POINT('',(79.822996169249,-47.39,17.940334086461));
#570 = CARTESIAN_POINT('',(79.603019318889,-47.39,17.71789069965));
#571 = CARTESIAN_POINT('',(79.497811035984,-47.39,17.622362436974));
#572 = CARTESIAN_POINT('',(79.388989148781,-47.39,17.533507579622));
#573 = CARTESIAN_POINT('',(79.276903397136,-47.39,17.451226664576));
#574 = CARTESIAN_POINT('',(79.161863609065,-47.39,17.375440173498));
#575 = CARTESIAN_POINT('',(79.044143280014,-47.39,17.306082928538));
#576 = CARTESIAN_POINT('',(78.923979941219,-47.39,17.243104751352));
#577 = CARTESIAN_POINT('',(78.549778130175,-47.39,17.069994105025));
#578 = CARTESIAN_POINT('',(78.288847166119,-47.39,16.980549067668));
#579 = CARTESIAN_POINT('',(78.020290920588,-47.39,16.917632928826));
#580 = CARTESIAN_POINT('',(77.745588357218,-47.39,16.881617883237));
#581 = CARTESIAN_POINT('',(77.466328058576,-47.39,16.873201744148));
#582 = CARTESIAN_POINT('',(77.184219056589,-47.39,16.893576777449));
#583 = CARTESIAN_POINT('',(76.901126062314,-47.39,16.944196497706));
#584 = CARTESIAN_POINT('',(76.387504055506,-47.39,17.096441074726));
#585 = CARTESIAN_POINT('',(76.157563084019,-47.39,17.187016389434));
#586 = CARTESIAN_POINT('',(75.929662240325,-47.39,17.300948526836));
#587 = CARTESIAN_POINT('',(75.705567240288,-47.39,17.440128451851));
#588 = CARTESIAN_POINT('',(75.488221884999,-47.39,17.606411555454));
#589 = CARTESIAN_POINT('',(75.281659570236,-47.39,17.801260093584));
#590 = CARTESIAN_POINT('',(75.090912032829,-47.39,18.02542727799));
#591 = CARTESIAN_POINT('',(74.861447371478,-47.39,18.369083484333));
#592 = CARTESIAN_POINT('',(74.803869498171,-47.39,18.463180705269));
#593 = CARTESIAN_POINT('',(74.74948443387,-47.39,18.560711433294));
#594 = CARTESIAN_POINT('',(74.698617465606,-47.39,18.661484666699));
#595 = CARTESIAN_POINT('',(74.651586441358,-47.39,18.765249955842));
#596 = CARTESIAN_POINT('',(74.608689763866,-47.39,18.871688997523));
#597 = CARTESIAN_POINT('',(74.570190116562,-47.39,18.980404896037));
#598 = CARTESIAN_POINT('',(74.536293921623,-47.39,19.090909090909));
#599 = ORIENTED_EDGE('',*,*,#600,.F.);
#600 = EDGE_CURVE('',#601,#524,#603,.T.);
#601 = VERTEX_POINT('',#602);
#602 = CARTESIAN_POINT('',(75.,-47.39,0.));
#603 = B_SPLINE_CURVE_WITH_KNOTS('',7,(#604,#605,#606,#607,#608,#609,
    #610,#611,#612,#613,#614,#615,#616,#617,#618,#619,#620,#621,#622,
    #623,#624,#625,#626,#627,#628,#629,#630,#631,#632,#633,#634,#635,
    #636,#637,#638,#639,#640,#641,#642,#643,#644,#645,#646,#647),
  .UNSPECIFIED.,.F.,.F.,(8,6,6,6,6,6,6,8),(0.,0.496560712948,
    0.745872754473,0.870827508573,0.934121744185,0.965053648122,
    0.981259702952,1.),.UNSPECIFIED.);
#604 = CARTESIAN_POINT('',(75.,-47.39,0.));
#605 = CARTESIAN_POINT('',(75.,-47.39,2.434162441658));
#606 = CARTESIAN_POINT('',(75.,-47.39,4.866491200055));
#607 = CARTESIAN_POINT('',(75.,-47.39,7.296902520584));
#608 = CARTESIAN_POINT('',(75.,-47.39,9.725306489044));
#609 = CARTESIAN_POINT('',(75.,-47.39,12.15160692767));
#610 = CARTESIAN_POINT('',(75.,-47.39,14.575701291179));
#611 = CARTESIAN_POINT('',(75.,-47.39,18.213401836044));
#612 = CARTESIAN_POINT('',(75.,-47.39,19.428739409381));
#613 = CARTESIAN_POINT('',(75.,-47.39,20.643479432816));
#614 = CARTESIAN_POINT('',(75.,-47.39,21.857607563577));
#615 = CARTESIAN_POINT('',(75.,-47.39,23.071108966112));
#616 = CARTESIAN_POINT('',(75.,-47.39,24.283968312091));
#617 = CARTESIAN_POINT('',(75.,-47.39,26.103723011556));
#618 = CARTESIAN_POINT('',(75.,-47.39,26.711110979513));
#619 = CARTESIAN_POINT('',(75.,-47.39,27.318331689725));
#620 = CARTESIAN_POINT('',(75.,-47.39,27.92538311322));
#621 = CARTESIAN_POINT('',(75.,-47.39,28.532263186602));
#622 = CARTESIAN_POINT('',(75.,-47.39,29.138969812052));
#623 = CARTESIAN_POINT('',(75.,-47.39,30.052731415804));
#624 = CARTESIAN_POINT('',(75.,-47.39,30.359916923761));
#625 = CARTESIAN_POINT('',(75.,-47.39,30.667057103984));
#626 = CARTESIAN_POINT('',(75.,-47.39,30.974151676872));
#627 = CARTESIAN_POINT('',(75.,-47.39,31.281200360438));
#628 = CARTESIAN_POINT('',(75.,-47.39,31.588202870315));
#629 = CARTESIAN_POINT('',(75.,-47.39,32.04516839442));
#630 = CARTESIAN_POINT('',(75.,-47.39,32.195166773038));
#631 = CARTESIAN_POINT('',(75.,-47.39,32.345154022131));
#632 = CARTESIAN_POINT('',(75.,-47.39,32.495130108088));
#633 = CARTESIAN_POINT('',(75.,-47.39,32.645094997158));
#634 = CARTESIAN_POINT('',(75.,-47.39,32.795048655452));
#635 = CARTESIAN_POINT('',(75.,-47.39,33.023549894048));
#636 = CARTESIAN_POINT('',(75.,-47.39,33.102108735359));
#637 = CARTESIAN_POINT('',(75.,-47.39,33.18066757287));
#638 = CARTESIAN_POINT('',(75.,-47.39,33.259226406578));
#639 = CARTESIAN_POINT('',(75.,-47.39,33.33778523648));
#640 = CARTESIAN_POINT('',(75.,-47.39,33.416344062575));
#641 = CARTESIAN_POINT('',(75.,-47.39,33.585746441832));
#642 = CARTESIAN_POINT('',(75.,-47.39,33.648864761118));
#643 = CARTESIAN_POINT('',(75.,-47.39,33.714971825348));
#644 = CARTESIAN_POINT('',(75.,-47.39,33.801214071451));
#645 = CARTESIAN_POINT('',(75.,-47.39,33.904816975559));
#646 = CARTESIAN_POINT('',(75.,-47.39,33.994561292603));
#647 = CARTESIAN_POINT('',(75.,-47.39,34.));
#648 = ORIENTED_EDGE('',*,*,#649,.T.);
#649 = EDGE_CURVE('',#601,#650,#652,.T.);
#650 = VERTEX_POINT('',#651);
#651 = CARTESIAN_POINT('',(103.,-47.39,0.));
#652 = LINE('',#653,#654);
#653 = CARTESIAN_POINT('',(-103.,-47.39,0.));
#654 = VECTOR('',#655,1.);
#655 = DIRECTION('',(1.,0.,0.));
#656 = ORIENTED_EDGE('',*,*,#657,.T.);
#657 = EDGE_CURVE('',#650,#658,#660,.T.);
#658 = VERTEX_POINT('',#659);
#659 = CARTESIAN_POINT('',(88.,-47.39,50.));
#660 = B_SPLINE_CURVE_WITH_KNOTS('',1,(#661,#662),.UNSPECIFIED.,.F.,.F.,
  (2,2),(0.,1.),.PIECEWISE_BEZIER_KNOTS.);
#661 = CARTESIAN_POINT('',(103.,-47.39,0.));
#662 = CARTESIAN_POINT('',(88.,-47.39,50.));
#663 = ORIENTED_EDGE('',*,*,#664,.F.);
#664 = EDGE_CURVE('',#166,#658,#665,.T.);
#665 = LINE('',#666,#667);
#666 = CARTESIAN_POINT('',(-88.,-47.39,50.));
#667 = VECTOR('',#668,1.);
#668 = DIRECTION('',(1.,0.,0.));
#669 = FACE_BOUND('',#670,.T.);
#670 = EDGE_LOOP('',(#671,#681,#689,#697));
#671 = ORIENTED_EDGE('',*,*,#672,.F.);
#672 = EDGE_CURVE('',#673,#675,#677,.T.);
#673 = VERTEX_POINT('',#674);
#674 = CARTESIAN_POINT('',(-85.,-47.39,48.));
#675 = VERTEX_POINT('',#676);
#676 = CARTESIAN_POINT('',(-85.,-47.39,34.5));
#677 = LINE('',#678,#679);
#678 = CARTESIAN_POINT('',(-85.,-47.39,40.));
#679 = VECTOR('',#680,1.);
#680 = DIRECTION('',(0.,0.,-1.));
#681 = ORIENTED_EDGE('',*,*,#682,.T.);
#682 = EDGE_CURVE('',#673,#683,#685,.T.);
#683 = VERTEX_POINT('',#684);
#684 = CARTESIAN_POINT('',(-80.5,-47.39,48.));
#685 = LINE('',#686,#687);
#686 = CARTESIAN_POINT('',(-85.,-47.39,48.));
#687 = VECTOR('',#688,1.);
#688 = DIRECTION('',(1.,0.,0.));
#689 = ORIENTED_EDGE('',*,*,#690,.F.);
#690 = EDGE_CURVE('',#691,#683,#693,.T.);
#691 = VERTEX_POINT('',#692);
#692 = CARTESIAN_POINT('',(-80.5,-47.39,34.5));
#693 = LINE('',#694,#695);
#694 = CARTESIAN_POINT('',(-80.5,-47.39,40.));
#695 = VECTOR('',#696,1.);
#696 = DIRECTION('',(0.,0.,1.));
#697 = ORIENTED_EDGE('',*,*,#698,.F.);
#698 = EDGE_CURVE('',#675,#691,#699,.T.);
#699 = LINE('',#700,#701);
#700 = CARTESIAN_POINT('',(-85.,-47.39,34.5));
#701 = VECTOR('',#702,1.);
#702 = DIRECTION('',(1.,0.,0.));
#703 = FACE_BOUND('',#704,.T.);
#704 = EDGE_LOOP('',(#705,#715,#723,#731));
#705 = ORIENTED_EDGE('',*,*,#706,.F.);
#706 = EDGE_CURVE('',#707,#709,#711,.T.);
#707 = VERTEX_POINT('',#708);
#708 = CARTESIAN_POINT('',(80.5,-47.39,48.));
#709 = VERTEX_POINT('',#710);
#710 = CARTESIAN_POINT('',(80.5,-47.39,34.5));
#711 = LINE('',#712,#713);
#712 = CARTESIAN_POINT('',(80.5,-47.39,40.));
#713 = VECTOR('',#714,1.);
#714 = DIRECTION('',(0.,0.,-1.));
#715 = ORIENTED_EDGE('',*,*,#716,.T.);
#716 = EDGE_CURVE('',#707,#717,#719,.T.);
#717 = VERTEX_POINT('',#718);
#718 = CARTESIAN_POINT('',(85.,-47.39,48.));
#719 = LINE('',#720,#721);
#720 = CARTESIAN_POINT('',(80.5,-47.39,48.));
#721 = VECTOR('',#722,1.);
#722 = DIRECTION('',(1.,0.,0.));
#723 = ORIENTED_EDGE('',*,*,#724,.F.);
#724 = EDGE_CURVE('',#725,#717,#727,.T.);
#725 = VERTEX_POINT('',#726);
#726 = CARTESIAN_POINT('',(85.,-47.39,34.5));
#727 = LINE('',#728,#729);
#728 = CARTESIAN_POINT('',(85.,-47.39,40.));
#729 = VECTOR('',#730,1.);
#730 = DIRECTION('',(0.,0.,1.));
#731 = ORIENTED_EDGE('',*,*,#732,.F.);
#732 = EDGE_CURVE('',#709,#725,#733,.T.);
#733 = LINE('',#734,#735);
#734 = CARTESIAN_POINT('',(80.5,-47.39,34.5));
#735 = VECTOR('',#736,1.);
#736 = DIRECTION('',(1.,0.,0.));
#737 = B_SPLINE_SURFACE_WITH_KNOTS('',1,1,(
    (#738,#739)
    ,(#740,#741
    )),.UNSPECIFIED.,.F.,.F.,.F.,(2,2),(2,2),(0.,206.),(0.,1.),
  .PIECEWISE_BEZIER_KNOTS.);
#738 = CARTESIAN_POINT('',(-103.,-47.39,0.));
#739 = CARTESIAN_POINT('',(-88.,-47.39,50.));
#740 = CARTESIAN_POINT('',(103.,-47.39,0.));
#741 = CARTESIAN_POINT('',(88.,-47.39,50.));
#742 = ADVANCED_FACE('',(#743),#767,.T.);
#743 = FACE_BOUND('',#744,.T.);
#744 = EDGE_LOOP('',(#745,#753,#754,#762));
#745 = ORIENTED_EDGE('',*,*,#746,.T.);
#746 = EDGE_CURVE('',#747,#164,#749,.T.);
#747 = VERTEX_POINT('',#748);
#748 = CARTESIAN_POINT('',(-103.,84.,0.));
#749 = LINE('',#750,#751);
#750 = CARTESIAN_POINT('',(-103.,84.,0.));
#751 = VECTOR('',#752,1.);
#752 = DIRECTION('',(0.,-1.,0.));
#753 = ORIENTED_EDGE('',*,*,#163,.T.);
#754 = ORIENTED_EDGE('',*,*,#755,.F.);
#755 = EDGE_CURVE('',#756,#166,#758,.T.);
#756 = VERTEX_POINT('',#757);
#757 = CARTESIAN_POINT('',(-88.,59.,50.));
#758 = LINE('',#759,#760);
#759 = CARTESIAN_POINT('',(-88.,59.,50.));
#760 = VECTOR('',#761,1.);
#761 = DIRECTION('',(0.,-1.,0.));
#762 = ORIENTED_EDGE('',*,*,#763,.F.);
#763 = EDGE_CURVE('',#747,#756,#764,.T.);
#764 = B_SPLINE_CURVE_WITH_KNOTS('',1,(#765,#766),.UNSPECIFIED.,.F.,.F.,
  (2,2),(0.,1.),.PIECEWISE_BEZIER_KNOTS.);
#765 = CARTESIAN_POINT('',(-103.,84.,0.));
#766 = CARTESIAN_POINT('',(-88.,59.,50.));
#767 = B_SPLINE_SURFACE_WITH_KNOTS('',1,1,(
    (#768,#769)
    ,(#770,#771
    )),.UNSPECIFIED.,.F.,.F.,.F.,(2,2),(2,2),(0.,131.39),(0.,1.),
  .PIECEWISE_BEZIER_KNOTS.);
#768 = CARTESIAN_POINT('',(-103.,84.,0.));
#769 = CARTESIAN_POINT('',(-88.,59.,50.));
#770 = CARTESIAN_POINT('',(-103.,-47.39,0.));
#771 = CARTESIAN_POINT('',(-88.,-47.39,50.));
#772 = ADVANCED_FACE('',(#773,#791),#821,.F.);
#773 = FACE_BOUND('',#774,.F.);
#774 = EDGE_LOOP('',(#775,#776,#777,#785));
#775 = ORIENTED_EDGE('',*,*,#664,.F.);
#776 = ORIENTED_EDGE('',*,*,#755,.F.);
#777 = ORIENTED_EDGE('',*,*,#778,.F.);
#778 = EDGE_CURVE('',#779,#756,#781,.T.);
#779 = VERTEX_POINT('',#780);
#780 = CARTESIAN_POINT('',(88.,59.,50.));
#781 = LINE('',#782,#783);
#782 = CARTESIAN_POINT('',(88.,59.,50.));
#783 = VECTOR('',#784,1.);
#784 = DIRECTION('',(-1.,0.,0.));
#785 = ORIENTED_EDGE('',*,*,#786,.F.);
#786 = EDGE_CURVE('',#658,#779,#787,.T.);
#787 = LINE('',#788,#789);
#788 = CARTESIAN_POINT('',(88.,-47.39,50.));
#789 = VECTOR('',#790,1.);
#790 = DIRECTION('',(0.,1.,0.));
#791 = FACE_BOUND('',#792,.F.);
#792 = EDGE_LOOP('',(#793,#802,#809,#816));
#793 = ORIENTED_EDGE('',*,*,#794,.F.);
#794 = EDGE_CURVE('',#795,#797,#799,.T.);
#795 = VERTEX_POINT('',#796);
#796 = CARTESIAN_POINT('',(85.30612244898,-44.39,50.));
#797 = VERTEX_POINT('',#798);
#798 = CARTESIAN_POINT('',(-85.30612244898,-44.39,50.));
#799 = B_SPLINE_CURVE_WITH_KNOTS('',1,(#800,#801),.UNSPECIFIED.,.F.,.F.,
  (2,2),(0.,1.),.PIECEWISE_BEZIER_KNOTS.);
#800 = CARTESIAN_POINT('',(85.30612244898,-44.39,50.));
#801 = CARTESIAN_POINT('',(-85.30612244898,-44.39,50.));
#802 = ORIENTED_EDGE('',*,*,#803,.F.);
#803 = EDGE_CURVE('',#804,#795,#806,.T.);
#804 = VERTEX_POINT('',#805);
#805 = CARTESIAN_POINT('',(85.30612244898,56.510204081633,50.));
#806 = B_SPLINE_CURVE_WITH_KNOTS('',1,(#807,#808),.UNSPECIFIED.,.F.,.F.,
  (2,2),(0.,1.),.PIECEWISE_BEZIER_KNOTS.);
#807 = CARTESIAN_POINT('',(85.30612244898,56.510204081633,50.));
#808 = CARTESIAN_POINT('',(85.30612244898,-44.39,50.));
#809 = ORIENTED_EDGE('',*,*,#810,.F.);
#810 = EDGE_CURVE('',#811,#804,#813,.T.);
#811 = VERTEX_POINT('',#812);
#812 = CARTESIAN_POINT('',(-85.30612244898,56.510204081633,50.));
#813 = B_SPLINE_CURVE_WITH_KNOTS('',1,(#814,#815),.UNSPECIFIED.,.F.,.F.,
  (2,2),(0.,1.),.PIECEWISE_BEZIER_KNOTS.);
#814 = CARTESIAN_POINT('',(-85.30612244898,56.510204081633,50.));
#815 = CARTESIAN_POINT('',(85.30612244898,56.510204081633,50.));
#816 = ORIENTED_EDGE('',*,*,#817,.F.);
#817 = EDGE_CURVE('',#797,#811,#818,.T.);
#818 = B_SPLINE_CURVE_WITH_KNOTS('',1,(#819,#820),.UNSPECIFIED.,.F.,.F.,
  (2,2),(0.,1.),.PIECEWISE_BEZIER_KNOTS.);
#819 = CARTESIAN_POINT('',(-85.30612244898,-44.39,50.));
#820 = CARTESIAN_POINT('',(-85.30612244898,56.510204081633,50.));
#821 = PLANE('',#822);
#822 = AXIS2_PLACEMENT_3D('',#823,#824,#825);
#823 = CARTESIAN_POINT('',(-88.,-47.39,50.));
#824 = DIRECTION('',(0.,0.,-1.));
#825 = DIRECTION('',(0.855793562303,0.517317483486,0.));
#826 = ADVANCED_FACE('',(#827),#844,.T.);
#827 = FACE_BOUND('',#828,.T.);
#828 = EDGE_LOOP('',(#829,#837,#842,#843));
#829 = ORIENTED_EDGE('',*,*,#830,.T.);
#830 = EDGE_CURVE('',#650,#831,#833,.T.);
#831 = VERTEX_POINT('',#832);
#832 = CARTESIAN_POINT('',(103.,84.,0.));
#833 = LINE('',#834,#835);
#834 = CARTESIAN_POINT('',(103.,-47.39,0.));
#835 = VECTOR('',#836,1.);
#836 = DIRECTION('',(0.,1.,0.));
#837 = ORIENTED_EDGE('',*,*,#838,.T.);
#838 = EDGE_CURVE('',#831,#779,#839,.T.);
#839 = B_SPLINE_CURVE_WITH_KNOTS('',1,(#840,#841),.UNSPECIFIED.,.F.,.F.,
  (2,2),(0.,1.),.PIECEWISE_BEZIER_KNOTS.);
#840 = CARTESIAN_POINT('',(103.,84.,0.));
#841 = CARTESIAN_POINT('',(88.,59.,50.));
#842 = ORIENTED_EDGE('',*,*,#786,.F.);
#843 = ORIENTED_EDGE('',*,*,#657,.F.);
#844 = B_SPLINE_SURFACE_WITH_KNOTS('',1,1,(
    (#845,#846)
    ,(#847,#848
    )),.UNSPECIFIED.,.F.,.F.,.F.,(2,2),(2,2),(0.,131.39),(0.,1.),
  .PIECEWISE_BEZIER_KNOTS.);
#845 = CARTESIAN_POINT('',(103.,-47.39,0.));
#846 = CARTESIAN_POINT('',(88.,-47.39,50.));
#847 = CARTESIAN_POINT('',(103.,84.,0.));
#848 = CARTESIAN_POINT('',(88.,59.,50.));
#849 = ADVANCED_FACE('',(#850),#921,.F.);
#850 = FACE_BOUND('',#851,.F.);
#851 = EDGE_LOOP('',(#852,#860,#861,#869,#877,#883,#884,#892,#900,#908)
  );
#852 = ORIENTED_EDGE('',*,*,#853,.F.);
#853 = EDGE_CURVE('',#433,#854,#856,.T.);
#854 = VERTEX_POINT('',#855);
#855 = CARTESIAN_POINT('',(75.,-44.39,34.));
#856 = LINE('',#857,#858);
#857 = CARTESIAN_POINT('',(75.,-48.39,34.));
#858 = VECTOR('',#859,1.);
#859 = DIRECTION('',(0.,1.,0.));
#860 = ORIENTED_EDGE('',*,*,#439,.F.);
#861 = ORIENTED_EDGE('',*,*,#862,.T.);
#862 = EDGE_CURVE('',#440,#863,#865,.T.);
#863 = VERTEX_POINT('',#864);
#864 = CARTESIAN_POINT('',(75.,-45.4,21.833030277982));
#865 = LINE('',#866,#867);
#866 = CARTESIAN_POINT('',(75.,-47.4,21.833030277982));
#867 = VECTOR('',#868,1.);
#868 = DIRECTION('',(0.,1.,0.));
#869 = ORIENTED_EDGE('',*,*,#870,.F.);
#870 = EDGE_CURVE('',#871,#863,#873,.T.);
#871 = VERTEX_POINT('',#872);
#872 = CARTESIAN_POINT('',(75.,-45.4,18.166969722018));
#873 = LINE('',#874,#875);
#874 = CARTESIAN_POINT('',(75.,-45.4,9.5));
#875 = VECTOR('',#876,1.);
#876 = DIRECTION('',(0.,0.,1.));
#877 = ORIENTED_EDGE('',*,*,#878,.F.);
#878 = EDGE_CURVE('',#524,#871,#879,.T.);
#879 = LINE('',#880,#881);
#880 = CARTESIAN_POINT('',(75.,-47.4,18.166969722018));
#881 = VECTOR('',#882,1.);
#882 = DIRECTION('',(0.,1.,0.));
#883 = ORIENTED_EDGE('',*,*,#600,.F.);
#884 = ORIENTED_EDGE('',*,*,#885,.F.);
#885 = EDGE_CURVE('',#886,#601,#888,.T.);
#886 = VERTEX_POINT('',#887);
#887 = CARTESIAN_POINT('',(75.,-43.39,0.));
#888 = LINE('',#889,#890);
#889 = CARTESIAN_POINT('',(75.,-47.89,0.));
#890 = VECTOR('',#891,1.);
#891 = DIRECTION('',(0.,-1.,0.));
#892 = ORIENTED_EDGE('',*,*,#893,.T.);
#893 = EDGE_CURVE('',#886,#894,#896,.T.);
#894 = VERTEX_POINT('',#895);
#895 = CARTESIAN_POINT('',(75.,-43.39,2.));
#896 = LINE('',#897,#898);
#897 = CARTESIAN_POINT('',(75.,-43.39,-1.));
#898 = VECTOR('',#899,1.);
#899 = DIRECTION('',(0.,0.,1.));
#900 = ORIENTED_EDGE('',*,*,#901,.T.);
#901 = EDGE_CURVE('',#894,#902,#904,.T.);
#902 = VERTEX_POINT('',#903);
#903 = CARTESIAN_POINT('',(75.,-44.39,2.));
#904 = LINE('',#905,#906);
#905 = CARTESIAN_POINT('',(75.,-46.39,2.));
#906 = VECTOR('',#907,1.);
#907 = DIRECTION('',(0.,-1.,0.));
#908 = ORIENTED_EDGE('',*,*,#909,.T.);
#909 = EDGE_CURVE('',#902,#854,#910,.T.);
#910 = B_SPLINE_CURVE_WITH_KNOTS('',5,(#911,#912,#913,#914,#915,#916,
    #917,#918,#919,#920),.UNSPECIFIED.,.F.,.F.,(6,4,6),(0.,
    0.499357454441,1.),.UNSPECIFIED.);
#911 = CARTESIAN_POINT('',(75.,-44.39,2.));
#912 = CARTESIAN_POINT('',(75.,-44.39,5.214476018584));
#913 = CARTESIAN_POINT('',(75.,-44.39,8.424993216406));
#914 = CARTESIAN_POINT('',(75.,-44.39,11.631255049404));
#915 = CARTESIAN_POINT('',(75.,-44.39,14.832922469268));
#916 = CARTESIAN_POINT('',(75.,-44.39,21.234528245382));
#917 = CARTESIAN_POINT('',(75.,-44.39,24.43443914983));
#918 = CARTESIAN_POINT('',(75.,-44.39,27.62895928461));
#919 = CARTESIAN_POINT('',(75.,-44.39,30.81764610815));
#920 = CARTESIAN_POINT('',(75.,-44.39,34.));
#921 = PLANE('',#922);
#922 = AXIS2_PLACEMENT_3D('',#923,#924,#925);
#923 = CARTESIAN_POINT('',(75.,-48.39,-1.));
#924 = DIRECTION('',(1.,0.,0.));
#925 = DIRECTION('',(0.,0.,1.));
#926 = ADVANCED_FACE('',(#927),#944,.F.);
#927 = FACE_BOUND('',#928,.F.);
#928 = EDGE_LOOP('',(#929,#937,#938,#939));
#929 = ORIENTED_EDGE('',*,*,#930,.F.);
#930 = EDGE_CURVE('',#384,#931,#933,.T.);
#931 = VERTEX_POINT('',#932);
#932 = CARTESIAN_POINT('',(-75.,-44.39,34.));
#933 = LINE('',#934,#935);
#934 = CARTESIAN_POINT('',(-75.,-48.39,34.));
#935 = VECTOR('',#936,1.);
#936 = DIRECTION('',(0.,1.,0.));
#937 = ORIENTED_EDGE('',*,*,#432,.F.);
#938 = ORIENTED_EDGE('',*,*,#853,.T.);
#939 = ORIENTED_EDGE('',*,*,#940,.T.);
#940 = EDGE_CURVE('',#854,#931,#941,.T.);
#941 = B_SPLINE_CURVE_WITH_KNOTS('',1,(#942,#943),.UNSPECIFIED.,.F.,.F.,
  (2,2),(0.,1.),.PIECEWISE_BEZIER_KNOTS.);
#942 = CARTESIAN_POINT('',(75.,-44.39,34.));
#943 = CARTESIAN_POINT('',(-75.,-44.39,34.));
#944 = PLANE('',#945);
#945 = AXIS2_PLACEMENT_3D('',#946,#947,#948);
#946 = CARTESIAN_POINT('',(-75.,-48.39,34.));
#947 = DIRECTION('',(0.,0.,1.));
#948 = DIRECTION('',(1.,0.,0.));
#949 = ADVANCED_FACE('',(#950),#1014,.T.);
#950 = FACE_BOUND('',#951,.T.);
#951 = EDGE_LOOP('',(#952,#953,#954,#962,#970,#976,#977,#985,#993,#1001)
  );
#952 = ORIENTED_EDGE('',*,*,#930,.F.);
#953 = ORIENTED_EDGE('',*,*,#383,.F.);
#954 = ORIENTED_EDGE('',*,*,#955,.T.);
#955 = EDGE_CURVE('',#328,#956,#958,.T.);
#956 = VERTEX_POINT('',#957);
#957 = CARTESIAN_POINT('',(-75.,-45.4,21.833030277982));
#958 = LINE('',#959,#960);
#959 = CARTESIAN_POINT('',(-75.,-47.4,21.833030277982));
#960 = VECTOR('',#961,1.);
#961 = DIRECTION('',(0.,1.,0.));
#962 = ORIENTED_EDGE('',*,*,#963,.F.);
#963 = EDGE_CURVE('',#964,#956,#966,.T.);
#964 = VERTEX_POINT('',#965);
#965 = CARTESIAN_POINT('',(-75.,-45.4,18.166969722018));
#966 = LINE('',#967,#968);
#967 = CARTESIAN_POINT('',(-75.,-45.4,9.5));
#968 = VECTOR('',#969,1.);
#969 = DIRECTION('',(0.,0.,1.));
#970 = ORIENTED_EDGE('',*,*,#971,.F.);
#971 = EDGE_CURVE('',#181,#964,#972,.T.);
#972 = LINE('',#973,#974);
#973 = CARTESIAN_POINT('',(-75.,-47.4,18.166969722018));
#974 = VECTOR('',#975,1.);
#975 = DIRECTION('',(0.,1.,0.));
#976 = ORIENTED_EDGE('',*,*,#180,.F.);
#977 = ORIENTED_EDGE('',*,*,#978,.F.);
#978 = EDGE_CURVE('',#979,#173,#981,.T.);
#979 = VERTEX_POINT('',#980);
#980 = CARTESIAN_POINT('',(-75.,-43.39,0.));
#981 = LINE('',#982,#983);
#982 = CARTESIAN_POINT('',(-75.,-47.89,0.));
#983 = VECTOR('',#984,1.);
#984 = DIRECTION('',(0.,-1.,0.));
#985 = ORIENTED_EDGE('',*,*,#986,.T.);
#986 = EDGE_CURVE('',#979,#987,#989,.T.);
#987 = VERTEX_POINT('',#988);
#988 = CARTESIAN_POINT('',(-75.,-43.39,2.));
#989 = LINE('',#990,#991);
#990 = CARTESIAN_POINT('',(-75.,-43.39,-1.));
#991 = VECTOR('',#992,1.);
#992 = DIRECTION('',(0.,0.,1.));
#993 = ORIENTED_EDGE('',*,*,#994,.T.);
#994 = EDGE_CURVE('',#987,#995,#997,.T.);
#995 = VERTEX_POINT('',#996);
#996 = CARTESIAN_POINT('',(-75.,-44.39,2.));
#997 = LINE('',#998,#999);
#998 = CARTESIAN_POINT('',(-75.,-46.39,2.));
#999 = VECTOR('',#1000,1.);
#1000 = DIRECTION('',(0.,-1.,0.));
#1001 = ORIENTED_EDGE('',*,*,#1002,.T.);
#1002 = EDGE_CURVE('',#995,#931,#1003,.T.);
#1003 = B_SPLINE_CURVE_WITH_KNOTS('',5,(#1004,#1005,#1006,#1007,#1008,
    #1009,#1010,#1011,#1012,#1013),.UNSPECIFIED.,.F.,.F.,(6,4,6),(0.,
    0.499357454441,1.),.UNSPECIFIED.);
#1004 = CARTESIAN_POINT('',(-75.,-44.39,2.));
#1005 = CARTESIAN_POINT('',(-75.,-44.39,5.214476018584));
#1006 = CARTESIAN_POINT('',(-75.,-44.39,8.424993216406));
#1007 = CARTESIAN_POINT('',(-75.,-44.39,11.631255049403));
#1008 = CARTESIAN_POINT('',(-75.,-44.39,14.832922469266));
#1009 = CARTESIAN_POINT('',(-75.,-44.39,21.234528245381));
#1010 = CARTESIAN_POINT('',(-75.,-44.39,24.434439149829));
#1011 = CARTESIAN_POINT('',(-75.,-44.39,27.628959284609));
#1012 = CARTESIAN_POINT('',(-75.,-44.39,30.81764610815));
#1013 = CARTESIAN_POINT('',(-75.,-44.39,34.));
#1014 = PLANE('',#1015);
#1015 = AXIS2_PLACEMENT_3D('',#1016,#1017,#1018);
#1016 = CARTESIAN_POINT('',(-75.,-48.39,-1.));
#1017 = DIRECTION('',(1.,0.,0.));
#1018 = DIRECTION('',(0.,0.,1.));
#1019 = ADVANCED_FACE('',(#1020),#1045,.T.);
#1020 = FACE_BOUND('',#1021,.T.);
#1021 = EDGE_LOOP('',(#1022,#1023,#1031,#1039));
#1022 = ORIENTED_EDGE('',*,*,#698,.T.);
#1023 = ORIENTED_EDGE('',*,*,#1024,.T.);
#1024 = EDGE_CURVE('',#691,#1025,#1027,.T.);
#1025 = VERTEX_POINT('',#1026);
#1026 = CARTESIAN_POINT('',(-80.5,-52.89,40.));
#1027 = LINE('',#1028,#1029);
#1028 = CARTESIAN_POINT('',(-80.5,-47.39,34.5));
#1029 = VECTOR('',#1030,1.);
#1030 = DIRECTION('',(0.,-0.707106781187,0.707106781187));
#1031 = ORIENTED_EDGE('',*,*,#1032,.F.);
#1032 = EDGE_CURVE('',#1033,#1025,#1035,.T.);
#1033 = VERTEX_POINT('',#1034);
#1034 = CARTESIAN_POINT('',(-85.,-52.89,40.));
#1035 = LINE('',#1036,#1037);
#1036 = CARTESIAN_POINT('',(-85.,-52.89,40.));
#1037 = VECTOR('',#1038,1.);
#1038 = DIRECTION('',(1.,0.,0.));
#1039 = ORIENTED_EDGE('',*,*,#1040,.F.);
#1040 = EDGE_CURVE('',#675,#1033,#1041,.T.);
#1041 = LINE('',#1042,#1043);
#1042 = CARTESIAN_POINT('',(-85.,-47.39,34.5));
#1043 = VECTOR('',#1044,1.);
#1044 = DIRECTION('',(0.,-0.707106781187,0.707106781187));
#1045 = PLANE('',#1046);
#1046 = AXIS2_PLACEMENT_3D('',#1047,#1048,#1049);
#1047 = CARTESIAN_POINT('',(-85.,-47.39,34.5));
#1048 = DIRECTION('',(0.,-0.707106781187,-0.707106781187));
#1049 = DIRECTION('',(0.,-0.707106781187,0.707106781187));
#1050 = ADVANCED_FACE('',(#1051),#1067,.T.);
#1051 = FACE_BOUND('',#1052,.T.);
#1052 = EDGE_LOOP('',(#1053,#1059,#1060,#1066));
#1053 = ORIENTED_EDGE('',*,*,#1054,.F.);
#1054 = EDGE_CURVE('',#134,#673,#1055,.T.);
#1055 = LINE('',#1056,#1057);
#1056 = CARTESIAN_POINT('',(-85.,-52.89,48.));
#1057 = VECTOR('',#1058,1.);
#1058 = DIRECTION('',(0.,1.,0.));
#1059 = ORIENTED_EDGE('',*,*,#141,.T.);
#1060 = ORIENTED_EDGE('',*,*,#1061,.T.);
#1061 = EDGE_CURVE('',#142,#683,#1062,.T.);
#1062 = LINE('',#1063,#1064);
#1063 = CARTESIAN_POINT('',(-80.5,-52.89,48.));
#1064 = VECTOR('',#1065,1.);
#1065 = DIRECTION('',(0.,1.,0.));
#1066 = ORIENTED_EDGE('',*,*,#682,.F.);
#1067 = PLANE('',#1068);
#1068 = AXIS2_PLACEMENT_3D('',#1069,#1070,#1071);
#1069 = CARTESIAN_POINT('',(-85.,-52.89,48.));
#1070 = DIRECTION('',(0.,0.,1.));
#1071 = DIRECTION('',(1.,0.,0.));
#1072 = ADVANCED_FACE('',(#1073),#1098,.T.);
#1073 = FACE_BOUND('',#1074,.T.);
#1074 = EDGE_LOOP('',(#1075,#1076,#1084,#1092));
#1075 = ORIENTED_EDGE('',*,*,#732,.T.);
#1076 = ORIENTED_EDGE('',*,*,#1077,.T.);
#1077 = EDGE_CURVE('',#725,#1078,#1080,.T.);
#1078 = VERTEX_POINT('',#1079);
#1079 = CARTESIAN_POINT('',(85.,-52.89,40.));
#1080 = LINE('',#1081,#1082);
#1081 = CARTESIAN_POINT('',(85.,-47.39,34.5));
#1082 = VECTOR('',#1083,1.);
#1083 = DIRECTION('',(0.,-0.707106781187,0.707106781187));
#1084 = ORIENTED_EDGE('',*,*,#1085,.F.);
#1085 = EDGE_CURVE('',#1086,#1078,#1088,.T.);
#1086 = VERTEX_POINT('',#1087);
#1087 = CARTESIAN_POINT('',(80.5,-52.89,40.));
#1088 = LINE('',#1089,#1090);
#1089 = CARTESIAN_POINT('',(80.5,-52.89,40.));
#1090 = VECTOR('',#1091,1.);
#1091 = DIRECTION('',(1.,0.,0.));
#1092 = ORIENTED_EDGE('',*,*,#1093,.F.);
#1093 = EDGE_CURVE('',#709,#1086,#1094,.T.);
#1094 = LINE('',#1095,#1096);
#1095 = CARTESIAN_POINT('',(80.5,-47.39,34.5));
#1096 = VECTOR('',#1097,1.);
#1097 = DIRECTION('',(0.,-0.707106781187,0.707106781187));
#1098 = PLANE('',#1099);
#1099 = AXIS2_PLACEMENT_3D('',#1100,#1101,#1102);
#1100 = CARTESIAN_POINT('',(80.5,-47.39,34.5));
#1101 = DIRECTION('',(0.,-0.707106781187,-0.707106781187));
#1102 = DIRECTION('',(0.,-0.707106781187,0.707106781187));
#1103 = ADVANCED_FACE('',(#1104),#1120,.T.);
#1104 = FACE_BOUND('',#1105,.T.);
#1105 = EDGE_LOOP('',(#1106,#1112,#1113,#1119));
#1106 = ORIENTED_EDGE('',*,*,#1107,.F.);
#1107 = EDGE_CURVE('',#63,#707,#1108,.T.);
#1108 = LINE('',#1109,#1110);
#1109 = CARTESIAN_POINT('',(80.5,-52.89,48.));
#1110 = VECTOR('',#1111,1.);
#1111 = DIRECTION('',(0.,1.,0.));
#1112 = ORIENTED_EDGE('',*,*,#70,.T.);
#1113 = ORIENTED_EDGE('',*,*,#1114,.T.);
#1114 = EDGE_CURVE('',#71,#717,#1115,.T.);
#1115 = LINE('',#1116,#1117);
#1116 = CARTESIAN_POINT('',(85.,-52.89,48.));
#1117 = VECTOR('',#1118,1.);
#1118 = DIRECTION('',(0.,1.,0.));
#1119 = ORIENTED_EDGE('',*,*,#716,.F.);
#1120 = PLANE('',#1121);
#1121 = AXIS2_PLACEMENT_3D('',#1122,#1123,#1124);
#1122 = CARTESIAN_POINT('',(80.5,-52.89,48.));
#1123 = DIRECTION('',(0.,0.,1.));
#1124 = DIRECTION('',(1.,0.,0.));
#1125 = ADVANCED_FACE('',(#1126),#1137,.T.);
#1126 = FACE_BOUND('',#1127,.T.);
#1127 = EDGE_LOOP('',(#1128,#1134,#1135,#1136));
#1128 = ORIENTED_EDGE('',*,*,#1129,.T.);
#1129 = EDGE_CURVE('',#831,#747,#1130,.T.);
#1130 = LINE('',#1131,#1132);
#1131 = CARTESIAN_POINT('',(103.,84.,0.));
#1132 = VECTOR('',#1133,1.);
#1133 = DIRECTION('',(-1.,0.,0.));
#1134 = ORIENTED_EDGE('',*,*,#763,.T.);
#1135 = ORIENTED_EDGE('',*,*,#778,.F.);
#1136 = ORIENTED_EDGE('',*,*,#838,.F.);
#1137 = B_SPLINE_SURFACE_WITH_KNOTS('',1,1,(
    (#1138,#1139)
    ,(#1140,#1141
    )),.UNSPECIFIED.,.F.,.F.,.F.,(2,2),(2,2),(0.,206.),(0.,1.),
  .PIECEWISE_BEZIER_KNOTS.);
#1138 = CARTESIAN_POINT('',(103.,84.,0.));
#1139 = CARTESIAN_POINT('',(88.,59.,50.));
#1140 = CARTESIAN_POINT('',(-103.,84.,0.));
#1141 = CARTESIAN_POINT('',(-88.,59.,50.));
#1142 = ADVANCED_FACE('',(#1143),#1175,.F.);
#1143 = FACE_BOUND('',#1144,.F.);
#1144 = EDGE_LOOP('',(#1145,#1152,#1158,#1159,#1160,#1161,#1169,#1174));
#1145 = ORIENTED_EDGE('',*,*,#1146,.F.);
#1146 = EDGE_CURVE('',#1147,#797,#1149,.T.);
#1147 = VERTEX_POINT('',#1148);
#1148 = CARTESIAN_POINT('',(-100.,-44.39,2.));
#1149 = B_SPLINE_CURVE_WITH_KNOTS('',1,(#1150,#1151),.UNSPECIFIED.,.F.,
  .F.,(2,2),(0.,1.),.PIECEWISE_BEZIER_KNOTS.);
#1150 = CARTESIAN_POINT('',(-100.,-44.39,2.));
#1151 = CARTESIAN_POINT('',(-85.,-44.39,51.));
#1152 = ORIENTED_EDGE('',*,*,#1153,.T.);
#1153 = EDGE_CURVE('',#1147,#995,#1154,.T.);
#1154 = LINE('',#1155,#1156);
#1155 = CARTESIAN_POINT('',(-100.,-44.39,2.));
#1156 = VECTOR('',#1157,1.);
#1157 = DIRECTION('',(1.,0.,0.));
#1158 = ORIENTED_EDGE('',*,*,#1002,.T.);
#1159 = ORIENTED_EDGE('',*,*,#940,.F.);
#1160 = ORIENTED_EDGE('',*,*,#909,.F.);
#1161 = ORIENTED_EDGE('',*,*,#1162,.T.);
#1162 = EDGE_CURVE('',#902,#1163,#1165,.T.);
#1163 = VERTEX_POINT('',#1164);
#1164 = CARTESIAN_POINT('',(100.,-44.39,2.));
#1165 = LINE('',#1166,#1167);
#1166 = CARTESIAN_POINT('',(-100.,-44.39,2.));
#1167 = VECTOR('',#1168,1.);
#1168 = DIRECTION('',(1.,0.,0.));
#1169 = ORIENTED_EDGE('',*,*,#1170,.T.);
#1170 = EDGE_CURVE('',#1163,#795,#1171,.T.);
#1171 = B_SPLINE_CURVE_WITH_KNOTS('',1,(#1172,#1173),.UNSPECIFIED.,.F.,
  .F.,(2,2),(0.,1.),.PIECEWISE_BEZIER_KNOTS.);
#1172 = CARTESIAN_POINT('',(100.,-44.39,2.));
#1173 = CARTESIAN_POINT('',(85.,-44.39,51.));
#1174 = ORIENTED_EDGE('',*,*,#794,.T.);
#1175 = B_SPLINE_SURFACE_WITH_KNOTS('',1,1,(
    (#1176,#1177)
    ,(#1178,#1179
    )),.UNSPECIFIED.,.F.,.F.,.F.,(2,2),(2,2),(0.,200.),(0.,1.),
  .PIECEWISE_BEZIER_KNOTS.);
#1176 = CARTESIAN_POINT('',(-100.,-44.39,2.));
#1177 = CARTESIAN_POINT('',(-85.,-44.39,51.));
#1178 = CARTESIAN_POINT('',(100.,-44.39,2.));
#1179 = CARTESIAN_POINT('',(85.,-44.39,51.));
#1180 = ADVANCED_FACE('',(#1181),#1198,.F.);
#1181 = FACE_BOUND('',#1182,.F.);
#1182 = EDGE_LOOP('',(#1183,#1190,#1196,#1197));
#1183 = ORIENTED_EDGE('',*,*,#1184,.F.);
#1184 = EDGE_CURVE('',#1185,#811,#1187,.T.);
#1185 = VERTEX_POINT('',#1186);
#1186 = CARTESIAN_POINT('',(-100.,81.,2.));
#1187 = B_SPLINE_CURVE_WITH_KNOTS('',1,(#1188,#1189),.UNSPECIFIED.,.F.,
  .F.,(2,2),(0.,1.),.PIECEWISE_BEZIER_KNOTS.);
#1188 = CARTESIAN_POINT('',(-100.,81.,2.));
#1189 = CARTESIAN_POINT('',(-85.,56.,51.));
#1190 = ORIENTED_EDGE('',*,*,#1191,.T.);
#1191 = EDGE_CURVE('',#1185,#1147,#1192,.T.);
#1192 = LINE('',#1193,#1194);
#1193 = CARTESIAN_POINT('',(-100.,81.,2.));
#1194 = VECTOR('',#1195,1.);
#1195 = DIRECTION('',(0.,-1.,0.));
#1196 = ORIENTED_EDGE('',*,*,#1146,.T.);
#1197 = ORIENTED_EDGE('',*,*,#817,.T.);
#1198 = B_SPLINE_SURFACE_WITH_KNOTS('',1,1,(
    (#1199,#1200)
    ,(#1201,#1202
    )),.UNSPECIFIED.,.F.,.F.,.F.,(2,2),(2,2),(0.,125.39),(0.,1.),
  .PIECEWISE_BEZIER_KNOTS.);
#1199 = CARTESIAN_POINT('',(-100.,81.,2.));
#1200 = CARTESIAN_POINT('',(-85.,56.,51.));
#1201 = CARTESIAN_POINT('',(-100.,-44.39,2.));
#1202 = CARTESIAN_POINT('',(-85.,-44.39,51.));
#1203 = ADVANCED_FACE('',(#1204),#1221,.F.);
#1204 = FACE_BOUND('',#1205,.F.);
#1205 = EDGE_LOOP('',(#1206,#1213,#1219,#1220));
#1206 = ORIENTED_EDGE('',*,*,#1207,.F.);
#1207 = EDGE_CURVE('',#1208,#804,#1210,.T.);
#1208 = VERTEX_POINT('',#1209);
#1209 = CARTESIAN_POINT('',(100.,81.,2.));
#1210 = B_SPLINE_CURVE_WITH_KNOTS('',1,(#1211,#1212),.UNSPECIFIED.,.F.,
  .F.,(2,2),(0.,1.),.PIECEWISE_BEZIER_KNOTS.);
#1211 = CARTESIAN_POINT('',(100.,81.,2.));
#1212 = CARTESIAN_POINT('',(85.,56.,51.));
#1213 = ORIENTED_EDGE('',*,*,#1214,.T.);
#1214 = EDGE_CURVE('',#1208,#1185,#1215,.T.);
#1215 = LINE('',#1216,#1217);
#1216 = CARTESIAN_POINT('',(100.,81.,2.));
#1217 = VECTOR('',#1218,1.);
#1218 = DIRECTION('',(-1.,0.,0.));
#1219 = ORIENTED_EDGE('',*,*,#1184,.T.);
#1220 = ORIENTED_EDGE('',*,*,#810,.T.);
#1221 = B_SPLINE_SURFACE_WITH_KNOTS('',1,1,(
    (#1222,#1223)
    ,(#1224,#1225
    )),.UNSPECIFIED.,.F.,.F.,.F.,(2,2),(2,2),(0.,200.),(0.,1.),
  .PIECEWISE_BEZIER_KNOTS.);
#1222 = CARTESIAN_POINT('',(100.,81.,2.));
#1223 = CARTESIAN_POINT('',(85.,56.,51.));
#1224 = CARTESIAN_POINT('',(-100.,81.,2.));
#1225 = CARTESIAN_POINT('',(-85.,56.,51.));
#1226 = ADVANCED_FACE('',(#1227),#1238,.F.);
#1227 = FACE_BOUND('',#1228,.F.);
#1228 = EDGE_LOOP('',(#1229,#1230,#1236,#1237));
#1229 = ORIENTED_EDGE('',*,*,#1170,.F.);
#1230 = ORIENTED_EDGE('',*,*,#1231,.T.);
#1231 = EDGE_CURVE('',#1163,#1208,#1232,.T.);
#1232 = LINE('',#1233,#1234);
#1233 = CARTESIAN_POINT('',(100.,-44.39,2.));
#1234 = VECTOR('',#1235,1.);
#1235 = DIRECTION('',(0.,1.,0.));
#1236 = ORIENTED_EDGE('',*,*,#1207,.T.);
#1237 = ORIENTED_EDGE('',*,*,#803,.T.);
#1238 = B_SPLINE_SURFACE_WITH_KNOTS('',1,1,(
    (#1239,#1240)
    ,(#1241,#1242
    )),.UNSPECIFIED.,.F.,.F.,.F.,(2,2),(2,2),(0.,125.39),(0.,1.),
  .PIECEWISE_BEZIER_KNOTS.);
#1239 = CARTESIAN_POINT('',(100.,-44.39,2.));
#1240 = CARTESIAN_POINT('',(85.,-44.39,51.));
#1241 = CARTESIAN_POINT('',(100.,81.,2.));
#1242 = CARTESIAN_POINT('',(85.,56.,51.));
#1243 = ADVANCED_FACE('',(#1244),#1285,.F.);
#1244 = FACE_BOUND('',#1245,.F.);
#1245 = EDGE_LOOP('',(#1246,#1254,#1255,#1263,#1271,#1279));
#1246 = ORIENTED_EDGE('',*,*,#1247,.F.);
#1247 = EDGE_CURVE('',#979,#1248,#1250,.T.);
#1248 = VERTEX_POINT('',#1249);
#1249 = CARTESIAN_POINT('',(-66.3,-43.39,0.));
#1250 = LINE('',#1251,#1252);
#1251 = CARTESIAN_POINT('',(-89.,-43.39,0.));
#1252 = VECTOR('',#1253,1.);
#1253 = DIRECTION('',(1.,0.,0.));
#1254 = ORIENTED_EDGE('',*,*,#986,.T.);
#1255 = ORIENTED_EDGE('',*,*,#1256,.T.);
#1256 = EDGE_CURVE('',#987,#1257,#1259,.T.);
#1257 = VERTEX_POINT('',#1258);
#1258 = CARTESIAN_POINT('',(-66.8,-43.39,2.));
#1259 = LINE('',#1260,#1261);
#1260 = CARTESIAN_POINT('',(-87.5,-43.39,2.));
#1261 = VECTOR('',#1262,1.);
#1262 = DIRECTION('',(1.,0.,0.));
#1263 = ORIENTED_EDGE('',*,*,#1264,.T.);
#1264 = EDGE_CURVE('',#1257,#1265,#1267,.T.);
#1265 = VERTEX_POINT('',#1266);
#1266 = CARTESIAN_POINT('',(-66.8,-43.39,6.));
#1267 = LINE('',#1268,#1269);
#1268 = CARTESIAN_POINT('',(-66.8,-43.39,-0.5));
#1269 = VECTOR('',#1270,1.);
#1270 = DIRECTION('',(0.,0.,1.));
#1271 = ORIENTED_EDGE('',*,*,#1272,.F.);
#1272 = EDGE_CURVE('',#1273,#1265,#1275,.T.);
#1273 = VERTEX_POINT('',#1274);
#1274 = CARTESIAN_POINT('',(-66.3,-43.39,6.));
#1275 = LINE('',#1276,#1277);
#1276 = CARTESIAN_POINT('',(-70.9,-43.39,6.));
#1277 = VECTOR('',#1278,1.);
#1278 = DIRECTION('',(-1.,0.,0.));
#1279 = ORIENTED_EDGE('',*,*,#1280,.F.);
#1280 = EDGE_CURVE('',#1248,#1273,#1281,.T.);
#1281 = LINE('',#1282,#1283);
#1282 = CARTESIAN_POINT('',(-66.3,-43.39,-1.));
#1283 = VECTOR('',#1284,1.);
#1284 = DIRECTION('',(0.,0.,1.));
#1285 = PLANE('',#1286);
#1286 = AXIS2_PLACEMENT_3D('',#1287,#1288,#1289);
#1287 = CARTESIAN_POINT('',(-75.,-43.39,-1.));
#1288 = DIRECTION('',(0.,1.,0.));
#1289 = DIRECTION('',(0.,0.,1.));
#1290 = ADVANCED_FACE('',(#1291),#1332,.F.);
#1291 = FACE_BOUND('',#1292,.F.);
#1292 = EDGE_LOOP('',(#1293,#1294,#1302,#1310,#1318,#1326));
#1293 = ORIENTED_EDGE('',*,*,#893,.F.);
#1294 = ORIENTED_EDGE('',*,*,#1295,.F.);
#1295 = EDGE_CURVE('',#1296,#886,#1298,.T.);
#1296 = VERTEX_POINT('',#1297);
#1297 = CARTESIAN_POINT('',(66.3,-43.39,0.));
#1298 = LINE('',#1299,#1300);
#1299 = CARTESIAN_POINT('',(-89.,-43.39,0.));
#1300 = VECTOR('',#1301,1.);
#1301 = DIRECTION('',(1.,0.,0.));
#1302 = ORIENTED_EDGE('',*,*,#1303,.T.);
#1303 = EDGE_CURVE('',#1296,#1304,#1306,.T.);
#1304 = VERTEX_POINT('',#1305);
#1305 = CARTESIAN_POINT('',(66.3,-43.39,6.));
#1306 = LINE('',#1307,#1308);
#1307 = CARTESIAN_POINT('',(66.3,-43.39,-1.));
#1308 = VECTOR('',#1309,1.);
#1309 = DIRECTION('',(0.,0.,1.));
#1310 = ORIENTED_EDGE('',*,*,#1311,.F.);
#1311 = EDGE_CURVE('',#1312,#1304,#1314,.T.);
#1312 = VERTEX_POINT('',#1313);
#1313 = CARTESIAN_POINT('',(66.8,-43.39,6.));
#1314 = LINE('',#1315,#1316);
#1315 = CARTESIAN_POINT('',(-70.9,-43.39,6.));
#1316 = VECTOR('',#1317,1.);
#1317 = DIRECTION('',(-1.,0.,0.));
#1318 = ORIENTED_EDGE('',*,*,#1319,.F.);
#1319 = EDGE_CURVE('',#1320,#1312,#1322,.T.);
#1320 = VERTEX_POINT('',#1321);
#1321 = CARTESIAN_POINT('',(66.8,-43.39,2.));
#1322 = LINE('',#1323,#1324);
#1323 = CARTESIAN_POINT('',(66.8,-43.39,-0.5));
#1324 = VECTOR('',#1325,1.);
#1325 = DIRECTION('',(0.,0.,1.));
#1326 = ORIENTED_EDGE('',*,*,#1327,.T.);
#1327 = EDGE_CURVE('',#1320,#894,#1328,.T.);
#1328 = LINE('',#1329,#1330);
#1329 = CARTESIAN_POINT('',(-87.5,-43.39,2.));
#1330 = VECTOR('',#1331,1.);
#1331 = DIRECTION('',(1.,0.,0.));
#1332 = PLANE('',#1333);
#1333 = AXIS2_PLACEMENT_3D('',#1334,#1335,#1336);
#1334 = CARTESIAN_POINT('',(-75.,-43.39,-1.));
#1335 = DIRECTION('',(0.,1.,0.));
#1336 = DIRECTION('',(0.,0.,1.));
#1337 = ADVANCED_FACE('',(#1338),#1371,.F.);
#1338 = FACE_BOUND('',#1339,.F.);
#1339 = EDGE_LOOP('',(#1340,#1341,#1342,#1343,#1344,#1345,#1346,#1347,
    #1355,#1363,#1369,#1370));
#1340 = ORIENTED_EDGE('',*,*,#1153,.F.);
#1341 = ORIENTED_EDGE('',*,*,#1191,.F.);
#1342 = ORIENTED_EDGE('',*,*,#1214,.F.);
#1343 = ORIENTED_EDGE('',*,*,#1231,.F.);
#1344 = ORIENTED_EDGE('',*,*,#1162,.F.);
#1345 = ORIENTED_EDGE('',*,*,#901,.F.);
#1346 = ORIENTED_EDGE('',*,*,#1327,.F.);
#1347 = ORIENTED_EDGE('',*,*,#1348,.F.);
#1348 = EDGE_CURVE('',#1349,#1320,#1351,.T.);
#1349 = VERTEX_POINT('',#1350);
#1350 = CARTESIAN_POINT('',(66.8,45.59,2.));
#1351 = LINE('',#1352,#1353);
#1352 = CARTESIAN_POINT('',(66.8,-44.39,2.));
#1353 = VECTOR('',#1354,1.);
#1354 = DIRECTION('',(0.,-1.,0.));
#1355 = ORIENTED_EDGE('',*,*,#1356,.F.);
#1356 = EDGE_CURVE('',#1357,#1349,#1359,.T.);
#1357 = VERTEX_POINT('',#1358);
#1358 = CARTESIAN_POINT('',(-66.8,45.59,2.));
#1359 = LINE('',#1360,#1361);
#1360 = CARTESIAN_POINT('',(-83.4,45.59,2.));
#1361 = VECTOR('',#1362,1.);
#1362 = DIRECTION('',(1.,0.,0.));
#1363 = ORIENTED_EDGE('',*,*,#1364,.T.);
#1364 = EDGE_CURVE('',#1357,#1257,#1365,.T.);
#1365 = LINE('',#1366,#1367);
#1366 = CARTESIAN_POINT('',(-66.8,-44.39,2.));
#1367 = VECTOR('',#1368,1.);
#1368 = DIRECTION('',(0.,-1.,0.));
#1369 = ORIENTED_EDGE('',*,*,#1256,.F.);
#1370 = ORIENTED_EDGE('',*,*,#994,.T.);
#1371 = PLANE('',#1372);
#1372 = AXIS2_PLACEMENT_3D('',#1373,#1374,#1375);
#1373 = CARTESIAN_POINT('',(-100.,-44.39,2.));
#1374 = DIRECTION('',(0.,0.,-1.));
#1375 = DIRECTION('',(0.847254933726,0.531186480699,0.));
#1376 = ADVANCED_FACE('',(#1377),#1396,.F.);
#1377 = FACE_BOUND('',#1378,.F.);
#1378 = EDGE_LOOP('',(#1379,#1388,#1395));
#1379 = ORIENTED_EDGE('',*,*,#1380,.T.);
#1380 = EDGE_CURVE('',#863,#1381,#1383,.T.);
#1381 = VERTEX_POINT('',#1382);
#1382 = CARTESIAN_POINT('',(77.5,-45.4,23.1));
#1383 = CIRCLE('',#1384,3.1);
#1384 = AXIS2_PLACEMENT_3D('',#1385,#1386,#1387);
#1385 = CARTESIAN_POINT('',(77.5,-45.4,20.));
#1386 = DIRECTION('',(0.,1.,0.));
#1387 = DIRECTION('',(0.,0.,1.));
#1388 = ORIENTED_EDGE('',*,*,#1389,.T.);
#1389 = EDGE_CURVE('',#1381,#871,#1390,.T.);
#1390 = CIRCLE('',#1391,3.1);
#1391 = AXIS2_PLACEMENT_3D('',#1392,#1393,#1394);
#1392 = CARTESIAN_POINT('',(77.5,-45.4,20.));
#1393 = DIRECTION('',(0.,1.,0.));
#1394 = DIRECTION('',(0.,0.,1.));
#1395 = ORIENTED_EDGE('',*,*,#870,.T.);
#1396 = PLANE('',#1397);
#1397 = AXIS2_PLACEMENT_3D('',#1398,#1399,#1400);
#1398 = CARTESIAN_POINT('',(77.5,-45.4,20.));
#1399 = DIRECTION('',(0.,1.,0.));
#1400 = DIRECTION('',(0.,0.,1.));
#1401 = ADVANCED_FACE('',(#1402),#1421,.F.);
#1402 = FACE_BOUND('',#1403,.F.);
#1403 = EDGE_LOOP('',(#1404,#1413,#1420));
#1404 = ORIENTED_EDGE('',*,*,#1405,.T.);
#1405 = EDGE_CURVE('',#964,#1406,#1408,.T.);
#1406 = VERTEX_POINT('',#1407);
#1407 = CARTESIAN_POINT('',(-77.5,-45.4,23.1));
#1408 = CIRCLE('',#1409,3.1);
#1409 = AXIS2_PLACEMENT_3D('',#1410,#1411,#1412);
#1410 = CARTESIAN_POINT('',(-77.5,-45.4,20.));
#1411 = DIRECTION('',(0.,1.,0.));
#1412 = DIRECTION('',(0.,0.,1.));
#1413 = ORIENTED_EDGE('',*,*,#1414,.T.);
#1414 = EDGE_CURVE('',#1406,#956,#1415,.T.);
#1415 = CIRCLE('',#1416,3.1);
#1416 = AXIS2_PLACEMENT_3D('',#1417,#1418,#1419);
#1417 = CARTESIAN_POINT('',(-77.5,-45.4,20.));
#1418 = DIRECTION('',(0.,1.,0.));
#1419 = DIRECTION('',(0.,0.,1.));
#1420 = ORIENTED_EDGE('',*,*,#963,.F.);
#1421 = PLANE('',#1422);
#1422 = AXIS2_PLACEMENT_3D('',#1423,#1424,#1425);
#1423 = CARTESIAN_POINT('',(-77.5,-45.4,20.));
#1424 = DIRECTION('',(0.,1.,0.));
#1425 = DIRECTION('',(0.,0.,1.));
#1426 = ADVANCED_FACE('',(#1427),#1452,.F.);
#1427 = FACE_BOUND('',#1428,.F.);
#1428 = EDGE_LOOP('',(#1429,#1430,#1438,#1446));
#1429 = ORIENTED_EDGE('',*,*,#1032,.F.);
#1430 = ORIENTED_EDGE('',*,*,#1431,.T.);
#1431 = EDGE_CURVE('',#1033,#1432,#1434,.T.);
#1432 = VERTEX_POINT('',#1433);
#1433 = CARTESIAN_POINT('',(-85.,-52.89,42.8));
#1434 = LINE('',#1435,#1436);
#1435 = CARTESIAN_POINT('',(-85.,-52.89,40.));
#1436 = VECTOR('',#1437,1.);
#1437 = DIRECTION('',(0.,0.,1.));
#1438 = ORIENTED_EDGE('',*,*,#1439,.T.);
#1439 = EDGE_CURVE('',#1432,#1440,#1442,.T.);
#1440 = VERTEX_POINT('',#1441);
#1441 = CARTESIAN_POINT('',(-80.5,-52.89,42.8));
#1442 = LINE('',#1443,#1444);
#1443 = CARTESIAN_POINT('',(-85.1,-52.89,42.8));
#1444 = VECTOR('',#1445,1.);
#1445 = DIRECTION('',(1.,0.,0.));
#1446 = ORIENTED_EDGE('',*,*,#1447,.F.);
#1447 = EDGE_CURVE('',#1025,#1440,#1448,.T.);
#1448 = LINE('',#1449,#1450);
#1449 = CARTESIAN_POINT('',(-80.5,-52.89,40.));
#1450 = VECTOR('',#1451,1.);
#1451 = DIRECTION('',(0.,0.,1.));
#1452 = PLANE('',#1453);
#1453 = AXIS2_PLACEMENT_3D('',#1454,#1455,#1456);
#1454 = CARTESIAN_POINT('',(-85.,-52.89,40.));
#1455 = DIRECTION('',(0.,1.,0.));
#1456 = DIRECTION('',(0.,0.,1.));
#1457 = ADVANCED_FACE('',(#1458),#1483,.T.);
#1458 = FACE_BOUND('',#1459,.T.);
#1459 = EDGE_LOOP('',(#1460,#1468,#1476,#1482));
#1460 = ORIENTED_EDGE('',*,*,#1461,.F.);
#1461 = EDGE_CURVE('',#1462,#1440,#1464,.T.);
#1462 = VERTEX_POINT('',#1463);
#1463 = CARTESIAN_POINT('',(-80.5,-50.52247516529,42.8));
#1464 = LINE('',#1465,#1466);
#1465 = CARTESIAN_POINT('',(-80.5,-53.64,42.8));
#1466 = VECTOR('',#1467,1.);
#1467 = DIRECTION('',(0.,-1.,0.));
#1468 = ORIENTED_EDGE('',*,*,#1469,.F.);
#1469 = EDGE_CURVE('',#1470,#1462,#1472,.T.);
#1470 = VERTEX_POINT('',#1471);
#1471 = CARTESIAN_POINT('',(-85.,-50.52247516529,42.8));
#1472 = LINE('',#1473,#1474);
#1473 = CARTESIAN_POINT('',(-85.2,-50.52247516529,42.8));
#1474 = VECTOR('',#1475,1.);
#1475 = DIRECTION('',(1.,0.,0.));
#1476 = ORIENTED_EDGE('',*,*,#1477,.T.);
#1477 = EDGE_CURVE('',#1470,#1432,#1478,.T.);
#1478 = LINE('',#1479,#1480);
#1479 = CARTESIAN_POINT('',(-85.,-53.64,42.8));
#1480 = VECTOR('',#1481,1.);
#1481 = DIRECTION('',(0.,-1.,0.));
#1482 = ORIENTED_EDGE('',*,*,#1439,.T.);
#1483 = PLANE('',#1484);
#1484 = AXIS2_PLACEMENT_3D('',#1485,#1486,#1487);
#1485 = CARTESIAN_POINT('',(-85.2,-54.39,42.8));
#1486 = DIRECTION('',(0.,0.,1.));
#1487 = DIRECTION('',(1.,0.,0.));
#1488 = ADVANCED_FACE('',(#1489),#1514,.F.);
#1489 = FACE_BOUND('',#1490,.F.);
#1490 = EDGE_LOOP('',(#1491,#1492,#1500,#1508));
#1491 = ORIENTED_EDGE('',*,*,#1085,.F.);
#1492 = ORIENTED_EDGE('',*,*,#1493,.T.);
#1493 = EDGE_CURVE('',#1086,#1494,#1496,.T.);
#1494 = VERTEX_POINT('',#1495);
#1495 = CARTESIAN_POINT('',(80.5,-52.89,42.8));
#1496 = LINE('',#1497,#1498);
#1497 = CARTESIAN_POINT('',(80.5,-52.89,40.));
#1498 = VECTOR('',#1499,1.);
#1499 = DIRECTION('',(0.,0.,1.));
#1500 = ORIENTED_EDGE('',*,*,#1501,.T.);
#1501 = EDGE_CURVE('',#1494,#1502,#1504,.T.);
#1502 = VERTEX_POINT('',#1503);
#1503 = CARTESIAN_POINT('',(85.,-52.89,42.8));
#1504 = LINE('',#1505,#1506);
#1505 = CARTESIAN_POINT('',(80.4,-52.89,42.8));
#1506 = VECTOR('',#1507,1.);
#1507 = DIRECTION('',(1.,0.,0.));
#1508 = ORIENTED_EDGE('',*,*,#1509,.F.);
#1509 = EDGE_CURVE('',#1078,#1502,#1510,.T.);
#1510 = LINE('',#1511,#1512);
#1511 = CARTESIAN_POINT('',(85.,-52.89,40.));
#1512 = VECTOR('',#1513,1.);
#1513 = DIRECTION('',(0.,0.,1.));
#1514 = PLANE('',#1515);
#1515 = AXIS2_PLACEMENT_3D('',#1516,#1517,#1518);
#1516 = CARTESIAN_POINT('',(80.5,-52.89,40.));
#1517 = DIRECTION('',(0.,1.,0.));
#1518 = DIRECTION('',(0.,0.,1.));
#1519 = ADVANCED_FACE('',(#1520),#1545,.T.);
#1520 = FACE_BOUND('',#1521,.T.);
#1521 = EDGE_LOOP('',(#1522,#1530,#1538,#1544));
#1522 = ORIENTED_EDGE('',*,*,#1523,.F.);
#1523 = EDGE_CURVE('',#1524,#1502,#1526,.T.);
#1524 = VERTEX_POINT('',#1525);
#1525 = CARTESIAN_POINT('',(85.,-50.52247516529,42.8));
#1526 = LINE('',#1527,#1528);
#1527 = CARTESIAN_POINT('',(85.,-53.64,42.8));
#1528 = VECTOR('',#1529,1.);
#1529 = DIRECTION('',(0.,-1.,0.));
#1530 = ORIENTED_EDGE('',*,*,#1531,.F.);
#1531 = EDGE_CURVE('',#1532,#1524,#1534,.T.);
#1532 = VERTEX_POINT('',#1533);
#1533 = CARTESIAN_POINT('',(80.5,-50.52247516529,42.8));
#1534 = LINE('',#1535,#1536);
#1535 = CARTESIAN_POINT('',(80.3,-50.52247516529,42.8));
#1536 = VECTOR('',#1537,1.);
#1537 = DIRECTION('',(1.,0.,0.));
#1538 = ORIENTED_EDGE('',*,*,#1539,.T.);
#1539 = EDGE_CURVE('',#1532,#1494,#1540,.T.);
#1540 = LINE('',#1541,#1542);
#1541 = CARTESIAN_POINT('',(80.5,-53.64,42.8));
#1542 = VECTOR('',#1543,1.);
#1543 = DIRECTION('',(0.,-1.,0.));
#1544 = ORIENTED_EDGE('',*,*,#1501,.T.);
#1545 = PLANE('',#1546);
#1546 = AXIS2_PLACEMENT_3D('',#1547,#1548,#1549);
#1547 = CARTESIAN_POINT('',(80.3,-54.39,42.8));
#1548 = DIRECTION('',(0.,0.,1.));
#1549 = DIRECTION('',(1.,0.,0.));
#1550 = ADVANCED_FACE('',(#1551),#1576,.F.);
#1551 = FACE_BOUND('',#1552,.F.);
#1552 = EDGE_LOOP('',(#1553,#1563,#1569,#1570));
#1553 = ORIENTED_EDGE('',*,*,#1554,.F.);
#1554 = EDGE_CURVE('',#1555,#1557,#1559,.T.);
#1555 = VERTEX_POINT('',#1556);
#1556 = CARTESIAN_POINT('',(-64.3,-41.39,0.));
#1557 = VERTEX_POINT('',#1558);
#1558 = CARTESIAN_POINT('',(-64.3,-41.39,6.));
#1559 = LINE('',#1560,#1561);
#1560 = CARTESIAN_POINT('',(-64.3,-41.39,-1.));
#1561 = VECTOR('',#1562,1.);
#1562 = DIRECTION('',(0.,0.,1.));
#1563 = ORIENTED_EDGE('',*,*,#1564,.F.);
#1564 = EDGE_CURVE('',#1248,#1555,#1565,.T.);
#1565 = LINE('',#1566,#1567);
#1566 = CARTESIAN_POINT('',(-76.975,-54.065,1.110223024625E-16));
#1567 = VECTOR('',#1568,1.);
#1568 = DIRECTION('',(0.707106781187,0.707106781187,0.));
#1569 = ORIENTED_EDGE('',*,*,#1280,.T.);
#1570 = ORIENTED_EDGE('',*,*,#1571,.F.);
#1571 = EDGE_CURVE('',#1557,#1273,#1572,.T.);
#1572 = LINE('',#1573,#1574);
#1573 = CARTESIAN_POINT('',(-67.175,-44.265,6.));
#1574 = VECTOR('',#1575,1.);
#1575 = DIRECTION('',(-0.707106781187,-0.707106781187,0.));
#1576 = PLANE('',#1577);
#1577 = AXIS2_PLACEMENT_3D('',#1578,#1579,#1580);
#1578 = CARTESIAN_POINT('',(-67.3,-44.39,-1.));
#1579 = DIRECTION('',(-0.707106781187,0.707106781187,0.));
#1580 = DIRECTION('',(0.707106781187,0.707106781187,0.));
#1581 = ADVANCED_FACE('',(#1582),#1671,.T.);
#1582 = FACE_BOUND('',#1583,.T.);
#1583 = EDGE_LOOP('',(#1584,#1585,#1593,#1601,#1609,#1617,#1625,#1633,
    #1639,#1640,#1641,#1649,#1657,#1665));
#1584 = ORIENTED_EDGE('',*,*,#1311,.F.);
#1585 = ORIENTED_EDGE('',*,*,#1586,.T.);
#1586 = EDGE_CURVE('',#1312,#1587,#1589,.T.);
#1587 = VERTEX_POINT('',#1588);
#1588 = CARTESIAN_POINT('',(66.8,45.59,6.));
#1589 = LINE('',#1590,#1591);
#1590 = CARTESIAN_POINT('',(66.8,-44.39,6.));
#1591 = VECTOR('',#1592,1.);
#1592 = DIRECTION('',(0.,1.,0.));
#1593 = ORIENTED_EDGE('',*,*,#1594,.F.);
#1594 = EDGE_CURVE('',#1595,#1587,#1597,.T.);
#1595 = VERTEX_POINT('',#1596);
#1596 = CARTESIAN_POINT('',(-51.59,45.59,6.));
#1597 = LINE('',#1598,#1599);
#1598 = CARTESIAN_POINT('',(-66.8,45.59,6.));
#1599 = VECTOR('',#1600,1.);
#1600 = DIRECTION('',(1.,0.,0.));
#1601 = ORIENTED_EDGE('',*,*,#1602,.F.);
#1602 = EDGE_CURVE('',#1603,#1595,#1605,.T.);
#1603 = VERTEX_POINT('',#1604);
#1604 = CARTESIAN_POINT('',(-50.,44.,6.));
#1605 = LINE('',#1606,#1607);
#1606 = CARTESIAN_POINT('',(-50.,44.,6.));
#1607 = VECTOR('',#1608,1.);
#1608 = DIRECTION('',(-0.707106781187,0.707106781187,0.));
#1609 = ORIENTED_EDGE('',*,*,#1610,.F.);
#1610 = EDGE_CURVE('',#1611,#1603,#1613,.T.);
#1611 = VERTEX_POINT('',#1612);
#1612 = CARTESIAN_POINT('',(-58.,44.,6.));
#1613 = LINE('',#1614,#1615);
#1614 = CARTESIAN_POINT('',(-58.,44.,6.));
#1615 = VECTOR('',#1616,1.);
#1616 = DIRECTION('',(1.,0.,0.));
#1617 = ORIENTED_EDGE('',*,*,#1618,.F.);
#1618 = EDGE_CURVE('',#1619,#1611,#1621,.T.);
#1619 = VERTEX_POINT('',#1620);
#1620 = CARTESIAN_POINT('',(-56.41,45.59,6.));
#1621 = LINE('',#1622,#1623);
#1622 = CARTESIAN_POINT('',(-54.,48.,6.));
#1623 = VECTOR('',#1624,1.);
#1624 = DIRECTION('',(-0.707106781187,-0.707106781187,0.));
#1625 = ORIENTED_EDGE('',*,*,#1626,.F.);
#1626 = EDGE_CURVE('',#1627,#1619,#1629,.T.);
#1627 = VERTEX_POINT('',#1628);
#1628 = CARTESIAN_POINT('',(-66.8,45.59,6.));
#1629 = LINE('',#1630,#1631);
#1630 = CARTESIAN_POINT('',(-66.8,45.59,6.));
#1631 = VECTOR('',#1632,1.);
#1632 = DIRECTION('',(1.,0.,0.));
#1633 = ORIENTED_EDGE('',*,*,#1634,.F.);
#1634 = EDGE_CURVE('',#1265,#1627,#1635,.T.);
#1635 = LINE('',#1636,#1637);
#1636 = CARTESIAN_POINT('',(-66.8,-44.39,6.));
#1637 = VECTOR('',#1638,1.);
#1638 = DIRECTION('',(0.,1.,0.));
#1639 = ORIENTED_EDGE('',*,*,#1272,.F.);
#1640 = ORIENTED_EDGE('',*,*,#1571,.F.);
#1641 = ORIENTED_EDGE('',*,*,#1642,.T.);
#1642 = EDGE_CURVE('',#1557,#1643,#1645,.T.);
#1643 = VERTEX_POINT('',#1644);
#1644 = CARTESIAN_POINT('',(-64.3,43.09,6.));
#1645 = LINE('',#1646,#1647);
#1646 = CARTESIAN_POINT('',(-64.3,-46.39,6.));
#1647 = VECTOR('',#1648,1.);
#1648 = DIRECTION('',(0.,1.,0.));
#1649 = ORIENTED_EDGE('',*,*,#1650,.F.);
#1650 = EDGE_CURVE('',#1651,#1643,#1653,.T.);
#1651 = VERTEX_POINT('',#1652);
#1652 = CARTESIAN_POINT('',(64.3,43.09,6.));
#1653 = LINE('',#1654,#1655);
#1654 = CARTESIAN_POINT('',(-65.55,43.09,6.));
#1655 = VECTOR('',#1656,1.);
#1656 = DIRECTION('',(-1.,0.,0.));
#1657 = ORIENTED_EDGE('',*,*,#1658,.F.);
#1658 = EDGE_CURVE('',#1659,#1651,#1661,.T.);
#1659 = VERTEX_POINT('',#1660);
#1660 = CARTESIAN_POINT('',(64.3,-41.39,6.));
#1661 = LINE('',#1662,#1663);
#1662 = CARTESIAN_POINT('',(64.3,-46.39,6.));
#1663 = VECTOR('',#1664,1.);
#1664 = DIRECTION('',(0.,1.,0.));
#1665 = ORIENTED_EDGE('',*,*,#1666,.T.);
#1666 = EDGE_CURVE('',#1659,#1304,#1667,.T.);
#1667 = LINE('',#1668,#1669);
#1668 = CARTESIAN_POINT('',(33.775,-10.865,6.));
#1669 = VECTOR('',#1670,1.);
#1670 = DIRECTION('',(0.707106781187,-0.707106781187,0.));
#1671 = PLANE('',#1672);
#1672 = AXIS2_PLACEMENT_3D('',#1673,#1674,#1675);
#1673 = CARTESIAN_POINT('',(-66.8,-44.39,6.));
#1674 = DIRECTION('',(0.,0.,1.));
#1675 = DIRECTION('',(1.,0.,0.));
#1676 = ADVANCED_FACE('',(#1677),#1688,.F.);
#1677 = FACE_BOUND('',#1678,.F.);
#1678 = EDGE_LOOP('',(#1679,#1680,#1681,#1687));
#1679 = ORIENTED_EDGE('',*,*,#1264,.F.);
#1680 = ORIENTED_EDGE('',*,*,#1364,.F.);
#1681 = ORIENTED_EDGE('',*,*,#1682,.T.);
#1682 = EDGE_CURVE('',#1357,#1627,#1683,.T.);
#1683 = LINE('',#1684,#1685);
#1684 = CARTESIAN_POINT('',(-66.8,45.59,0.));
#1685 = VECTOR('',#1686,1.);
#1686 = DIRECTION('',(0.,0.,1.));
#1687 = ORIENTED_EDGE('',*,*,#1634,.F.);
#1688 = PLANE('',#1689);
#1689 = AXIS2_PLACEMENT_3D('',#1690,#1691,#1692);
#1690 = CARTESIAN_POINT('',(-66.8,-44.39,0.));
#1691 = DIRECTION('',(1.,0.,0.));
#1692 = DIRECTION('',(0.,0.,1.));
#1693 = ADVANCED_FACE('',(#1694),#1712,.T.);
#1694 = FACE_BOUND('',#1695,.T.);
#1695 = EDGE_LOOP('',(#1696,#1704,#1710,#1711));
#1696 = ORIENTED_EDGE('',*,*,#1697,.F.);
#1697 = EDGE_CURVE('',#1698,#1659,#1700,.T.);
#1698 = VERTEX_POINT('',#1699);
#1699 = CARTESIAN_POINT('',(64.3,-41.39,0.));
#1700 = LINE('',#1701,#1702);
#1701 = CARTESIAN_POINT('',(64.3,-41.39,-1.));
#1702 = VECTOR('',#1703,1.);
#1703 = DIRECTION('',(0.,0.,1.));
#1704 = ORIENTED_EDGE('',*,*,#1705,.F.);
#1705 = EDGE_CURVE('',#1296,#1698,#1706,.T.);
#1706 = LINE('',#1707,#1708);
#1707 = CARTESIAN_POINT('',(25.475,-2.565,1.110223024625E-16));
#1708 = VECTOR('',#1709,1.);
#1709 = DIRECTION('',(-0.707106781187,0.707106781187,0.));
#1710 = ORIENTED_EDGE('',*,*,#1303,.T.);
#1711 = ORIENTED_EDGE('',*,*,#1666,.F.);
#1712 = PLANE('',#1713);
#1713 = AXIS2_PLACEMENT_3D('',#1714,#1715,#1716);
#1714 = CARTESIAN_POINT('',(67.3,-44.39,-1.));
#1715 = DIRECTION('',(-0.707106781187,-0.707106781187,0.));
#1716 = DIRECTION('',(-0.707106781187,0.707106781187,0.));
#1717 = ADVANCED_FACE('',(#1718),#1729,.T.);
#1718 = FACE_BOUND('',#1719,.T.);
#1719 = EDGE_LOOP('',(#1720,#1721,#1722,#1728));
#1720 = ORIENTED_EDGE('',*,*,#1319,.F.);
#1721 = ORIENTED_EDGE('',*,*,#1348,.F.);
#1722 = ORIENTED_EDGE('',*,*,#1723,.T.);
#1723 = EDGE_CURVE('',#1349,#1587,#1724,.T.);
#1724 = LINE('',#1725,#1726);
#1725 = CARTESIAN_POINT('',(66.8,45.59,0.));
#1726 = VECTOR('',#1727,1.);
#1727 = DIRECTION('',(0.,0.,1.));
#1728 = ORIENTED_EDGE('',*,*,#1586,.F.);
#1729 = PLANE('',#1730);
#1730 = AXIS2_PLACEMENT_3D('',#1731,#1732,#1733);
#1731 = CARTESIAN_POINT('',(66.8,-44.39,0.));
#1732 = DIRECTION('',(1.,0.,0.));
#1733 = DIRECTION('',(0.,0.,1.));
#1734 = ADVANCED_FACE('',(#1735),#1748,.T.);
#1735 = FACE_BOUND('',#1736,.T.);
#1736 = EDGE_LOOP('',(#1737,#1738,#1739,#1740,#1746,#1747));
#1737 = ORIENTED_EDGE('',*,*,#1356,.F.);
#1738 = ORIENTED_EDGE('',*,*,#1682,.T.);
#1739 = ORIENTED_EDGE('',*,*,#1626,.T.);
#1740 = ORIENTED_EDGE('',*,*,#1741,.T.);
#1741 = EDGE_CURVE('',#1619,#1595,#1742,.T.);
#1742 = LINE('',#1743,#1744);
#1743 = CARTESIAN_POINT('',(-66.8,45.59,6.));
#1744 = VECTOR('',#1745,1.);
#1745 = DIRECTION('',(1.,0.,0.));
#1746 = ORIENTED_EDGE('',*,*,#1594,.T.);
#1747 = ORIENTED_EDGE('',*,*,#1723,.F.);
#1748 = PLANE('',#1749);
#1749 = AXIS2_PLACEMENT_3D('',#1750,#1751,#1752);
#1750 = CARTESIAN_POINT('',(-66.8,45.59,0.));
#1751 = DIRECTION('',(0.,1.,0.));
#1752 = DIRECTION('',(0.,0.,1.));
#1753 = ADVANCED_FACE('',(#1754),#1787,.F.);
#1754 = FACE_BOUND('',#1755,.F.);
#1755 = EDGE_LOOP('',(#1756,#1766,#1774,#1780,#1781));
#1756 = ORIENTED_EDGE('',*,*,#1757,.T.);
#1757 = EDGE_CURVE('',#1758,#1760,#1762,.T.);
#1758 = VERTEX_POINT('',#1759);
#1759 = CARTESIAN_POINT('',(-54.,48.,6.));
#1760 = VERTEX_POINT('',#1761);
#1761 = CARTESIAN_POINT('',(-54.,48.,7.));
#1762 = LINE('',#1763,#1764);
#1763 = CARTESIAN_POINT('',(-54.,48.,6.));
#1764 = VECTOR('',#1765,1.);
#1765 = DIRECTION('',(0.,0.,1.));
#1766 = ORIENTED_EDGE('',*,*,#1767,.T.);
#1767 = EDGE_CURVE('',#1760,#1768,#1770,.T.);
#1768 = VERTEX_POINT('',#1769);
#1769 = CARTESIAN_POINT('',(-58.,44.,7.));
#1770 = LINE('',#1771,#1772);
#1771 = CARTESIAN_POINT('',(-54.,48.,7.));
#1772 = VECTOR('',#1773,1.);
#1773 = DIRECTION('',(-0.707106781187,-0.707106781187,0.));
#1774 = ORIENTED_EDGE('',*,*,#1775,.F.);
#1775 = EDGE_CURVE('',#1611,#1768,#1776,.T.);
#1776 = LINE('',#1777,#1778);
#1777 = CARTESIAN_POINT('',(-58.,44.,6.));
#1778 = VECTOR('',#1779,1.);
#1779 = DIRECTION('',(0.,0.,1.));
#1780 = ORIENTED_EDGE('',*,*,#1618,.F.);
#1781 = ORIENTED_EDGE('',*,*,#1782,.F.);
#1782 = EDGE_CURVE('',#1758,#1619,#1783,.T.);
#1783 = LINE('',#1784,#1785);
#1784 = CARTESIAN_POINT('',(-54.,48.,6.));
#1785 = VECTOR('',#1786,1.);
#1786 = DIRECTION('',(-0.707106781187,-0.707106781187,0.));
#1787 = PLANE('',#1788);
#1788 = AXIS2_PLACEMENT_3D('',#1789,#1790,#1791);
#1789 = CARTESIAN_POINT('',(-54.,48.,6.));
#1790 = DIRECTION('',(0.707106781187,-0.707106781187,0.));
#1791 = DIRECTION('',(-0.707106781187,-0.707106781187,0.));
#1792 = ADVANCED_FACE('',(#1793),#1811,.F.);
#1793 = FACE_BOUND('',#1794,.F.);
#1794 = EDGE_LOOP('',(#1795,#1796,#1804,#1810));
#1795 = ORIENTED_EDGE('',*,*,#1775,.T.);
#1796 = ORIENTED_EDGE('',*,*,#1797,.T.);
#1797 = EDGE_CURVE('',#1768,#1798,#1800,.T.);
#1798 = VERTEX_POINT('',#1799);
#1799 = CARTESIAN_POINT('',(-50.,44.,7.));
#1800 = LINE('',#1801,#1802);
#1801 = CARTESIAN_POINT('',(-58.,44.,7.));
#1802 = VECTOR('',#1803,1.);
#1803 = DIRECTION('',(1.,0.,0.));
#1804 = ORIENTED_EDGE('',*,*,#1805,.F.);
#1805 = EDGE_CURVE('',#1603,#1798,#1806,.T.);
#1806 = LINE('',#1807,#1808);
#1807 = CARTESIAN_POINT('',(-50.,44.,6.));
#1808 = VECTOR('',#1809,1.);
#1809 = DIRECTION('',(0.,0.,1.));
#1810 = ORIENTED_EDGE('',*,*,#1610,.F.);
#1811 = PLANE('',#1812);
#1812 = AXIS2_PLACEMENT_3D('',#1813,#1814,#1815);
#1813 = CARTESIAN_POINT('',(-58.,44.,6.));
#1814 = DIRECTION('',(0.,1.,0.));
#1815 = DIRECTION('',(1.,0.,0.));
#1816 = ADVANCED_FACE('',(#1817),#1834,.F.);
#1817 = FACE_BOUND('',#1818,.F.);
#1818 = EDGE_LOOP('',(#1819,#1820,#1826,#1827,#1833));
#1819 = ORIENTED_EDGE('',*,*,#1805,.T.);
#1820 = ORIENTED_EDGE('',*,*,#1821,.T.);
#1821 = EDGE_CURVE('',#1798,#1760,#1822,.T.);
#1822 = LINE('',#1823,#1824);
#1823 = CARTESIAN_POINT('',(-50.,44.,7.));
#1824 = VECTOR('',#1825,1.);
#1825 = DIRECTION('',(-0.707106781187,0.707106781187,0.));
#1826 = ORIENTED_EDGE('',*,*,#1757,.F.);
#1827 = ORIENTED_EDGE('',*,*,#1828,.F.);
#1828 = EDGE_CURVE('',#1595,#1758,#1829,.T.);
#1829 = LINE('',#1830,#1831);
#1830 = CARTESIAN_POINT('',(-50.,44.,6.));
#1831 = VECTOR('',#1832,1.);
#1832 = DIRECTION('',(-0.707106781187,0.707106781187,0.));
#1833 = ORIENTED_EDGE('',*,*,#1602,.F.);
#1834 = PLANE('',#1835);
#1835 = AXIS2_PLACEMENT_3D('',#1836,#1837,#1838);
#1836 = CARTESIAN_POINT('',(-50.,44.,6.));
#1837 = DIRECTION('',(-0.707106781187,-0.707106781187,0.));
#1838 = DIRECTION('',(-0.707106781187,0.707106781187,0.));
#1839 = ADVANCED_FACE('',(#1840),#1845,.F.);
#1840 = FACE_BOUND('',#1841,.F.);
#1841 = EDGE_LOOP('',(#1842,#1843,#1844));
#1842 = ORIENTED_EDGE('',*,*,#1782,.T.);
#1843 = ORIENTED_EDGE('',*,*,#1741,.T.);
#1844 = ORIENTED_EDGE('',*,*,#1828,.T.);
#1845 = PLANE('',#1846);
#1846 = AXIS2_PLACEMENT_3D('',#1847,#1848,#1849);
#1847 = CARTESIAN_POINT('',(-54.,45.171572875254,6.));
#1848 = DIRECTION('',(0.,0.,1.));
#1849 = DIRECTION('',(1.,0.,0.));
#1850 = ADVANCED_FACE('',(#1851),#1856,.T.);
#1851 = FACE_BOUND('',#1852,.T.);
#1852 = EDGE_LOOP('',(#1853,#1854,#1855));
#1853 = ORIENTED_EDGE('',*,*,#1797,.T.);
#1854 = ORIENTED_EDGE('',*,*,#1821,.T.);
#1855 = ORIENTED_EDGE('',*,*,#1767,.T.);
#1856 = PLANE('',#1857);
#1857 = AXIS2_PLACEMENT_3D('',#1858,#1859,#1860);
#1858 = CARTESIAN_POINT('',(-54.,45.171572875254,7.));
#1859 = DIRECTION('',(0.,0.,1.));
#1860 = DIRECTION('',(1.,0.,0.));
#1861 = ADVANCED_FACE('',(#1862),#1897,.T.);
#1862 = FACE_BOUND('',#1863,.T.);
#1863 = EDGE_LOOP('',(#1864,#1865,#1866,#1867,#1868,#1869,#1870,#1871,
    #1872,#1880,#1888,#1894,#1895,#1896));
#1864 = ORIENTED_EDGE('',*,*,#172,.F.);
#1865 = ORIENTED_EDGE('',*,*,#746,.F.);
#1866 = ORIENTED_EDGE('',*,*,#1129,.F.);
#1867 = ORIENTED_EDGE('',*,*,#830,.F.);
#1868 = ORIENTED_EDGE('',*,*,#649,.F.);
#1869 = ORIENTED_EDGE('',*,*,#885,.F.);
#1870 = ORIENTED_EDGE('',*,*,#1295,.F.);
#1871 = ORIENTED_EDGE('',*,*,#1705,.T.);
#1872 = ORIENTED_EDGE('',*,*,#1873,.F.);
#1873 = EDGE_CURVE('',#1874,#1698,#1876,.T.);
#1874 = VERTEX_POINT('',#1875);
#1875 = CARTESIAN_POINT('',(64.3,43.09,0.));
#1876 = LINE('',#1877,#1878);
#1877 = CARTESIAN_POINT('',(64.3,-47.89,0.));
#1878 = VECTOR('',#1879,1.);
#1879 = DIRECTION('',(0.,-1.,0.));
#1880 = ORIENTED_EDGE('',*,*,#1881,.F.);
#1881 = EDGE_CURVE('',#1882,#1874,#1884,.T.);
#1882 = VERTEX_POINT('',#1883);
#1883 = CARTESIAN_POINT('',(-64.3,43.09,0.));
#1884 = LINE('',#1885,#1886);
#1885 = CARTESIAN_POINT('',(-83.65,43.09,0.));
#1886 = VECTOR('',#1887,1.);
#1887 = DIRECTION('',(1.,0.,0.));
#1888 = ORIENTED_EDGE('',*,*,#1889,.T.);
#1889 = EDGE_CURVE('',#1882,#1555,#1890,.T.);
#1890 = LINE('',#1891,#1892);
#1891 = CARTESIAN_POINT('',(-64.3,-47.89,0.));
#1892 = VECTOR('',#1893,1.);
#1893 = DIRECTION('',(0.,-1.,0.));
#1894 = ORIENTED_EDGE('',*,*,#1564,.F.);
#1895 = ORIENTED_EDGE('',*,*,#1247,.F.);
#1896 = ORIENTED_EDGE('',*,*,#978,.T.);
#1897 = PLANE('',#1898);
#1898 = AXIS2_PLACEMENT_3D('',#1899,#1900,#1901);
#1899 = CARTESIAN_POINT('',(-1.198951618347E-15,27.873828840491,
    7.359260587219E-19));
#1900 = DIRECTION('',(-0.,-0.,-1.));
#1901 = DIRECTION('',(-1.,0.,0.));
#1902 = ADVANCED_FACE('',(#1903),#1928,.T.);
#1903 = FACE_BOUND('',#1904,.T.);
#1904 = EDGE_LOOP('',(#1905,#1906,#1907,#1908,#1917,#1924,#1925,#1926,
    #1927));
#1905 = ORIENTED_EDGE('',*,*,#1040,.T.);
#1906 = ORIENTED_EDGE('',*,*,#1431,.T.);
#1907 = ORIENTED_EDGE('',*,*,#1477,.F.);
#1908 = ORIENTED_EDGE('',*,*,#1909,.T.);
#1909 = EDGE_CURVE('',#1470,#1910,#1912,.T.);
#1910 = VERTEX_POINT('',#1911);
#1911 = CARTESIAN_POINT('',(-85.,-49.39,45.65));
#1912 = CIRCLE('',#1913,1.65);
#1913 = AXIS2_PLACEMENT_3D('',#1914,#1915,#1916);
#1914 = CARTESIAN_POINT('',(-85.,-49.39,44.));
#1915 = DIRECTION('',(1.,0.,-0.));
#1916 = DIRECTION('',(0.,0.,1.));
#1917 = ORIENTED_EDGE('',*,*,#1918,.T.);
#1918 = EDGE_CURVE('',#1910,#103,#1919,.T.);
#1919 = CIRCLE('',#1920,1.65);
#1920 = AXIS2_PLACEMENT_3D('',#1921,#1922,#1923);
#1921 = CARTESIAN_POINT('',(-85.,-49.39,44.));
#1922 = DIRECTION('',(1.,0.,-0.));
#1923 = DIRECTION('',(0.,0.,1.));
#1924 = ORIENTED_EDGE('',*,*,#110,.T.);
#1925 = ORIENTED_EDGE('',*,*,#133,.T.);
#1926 = ORIENTED_EDGE('',*,*,#1054,.T.);
#1927 = ORIENTED_EDGE('',*,*,#672,.T.);
#1928 = PLANE('',#1929);
#1929 = AXIS2_PLACEMENT_3D('',#1930,#1931,#1932);
#1930 = CARTESIAN_POINT('',(-85.,-49.62718092881,42.483278205542));
#1931 = DIRECTION('',(-1.,-0.,-0.));
#1932 = DIRECTION('',(0.,0.,-1.));
#1933 = ADVANCED_FACE('',(#1934),#1959,.T.);
#1934 = FACE_BOUND('',#1935,.T.);
#1935 = EDGE_LOOP('',(#1936,#1937,#1938,#1939,#1940,#1941,#1950,#1957,
    #1958));
#1936 = ORIENTED_EDGE('',*,*,#1024,.F.);
#1937 = ORIENTED_EDGE('',*,*,#690,.T.);
#1938 = ORIENTED_EDGE('',*,*,#1061,.F.);
#1939 = ORIENTED_EDGE('',*,*,#149,.F.);
#1940 = ORIENTED_EDGE('',*,*,#92,.F.);
#1941 = ORIENTED_EDGE('',*,*,#1942,.F.);
#1942 = EDGE_CURVE('',#1943,#93,#1945,.T.);
#1943 = VERTEX_POINT('',#1944);
#1944 = CARTESIAN_POINT('',(-80.5,-49.39,45.65));
#1945 = CIRCLE('',#1946,1.65);
#1946 = AXIS2_PLACEMENT_3D('',#1947,#1948,#1949);
#1947 = CARTESIAN_POINT('',(-80.5,-49.39,44.));
#1948 = DIRECTION('',(1.,0.,-0.));
#1949 = DIRECTION('',(0.,0.,1.));
#1950 = ORIENTED_EDGE('',*,*,#1951,.F.);
#1951 = EDGE_CURVE('',#1462,#1943,#1952,.T.);
#1952 = CIRCLE('',#1953,1.65);
#1953 = AXIS2_PLACEMENT_3D('',#1954,#1955,#1956);
#1954 = CARTESIAN_POINT('',(-80.5,-49.39,44.));
#1955 = DIRECTION('',(1.,0.,-0.));
#1956 = DIRECTION('',(0.,0.,1.));
#1957 = ORIENTED_EDGE('',*,*,#1461,.T.);
#1958 = ORIENTED_EDGE('',*,*,#1447,.F.);
#1959 = PLANE('',#1960);
#1960 = AXIS2_PLACEMENT_3D('',#1961,#1962,#1963);
#1961 = CARTESIAN_POINT('',(-80.5,-49.62718092881,42.483278205542));
#1962 = DIRECTION('',(1.,0.,0.));
#1963 = DIRECTION('',(0.,0.,1.));
#1964 = ADVANCED_FACE('',(#1965),#1990,.T.);
#1965 = FACE_BOUND('',#1966,.T.);
#1966 = EDGE_LOOP('',(#1967,#1968,#1969,#1970,#1979,#1986,#1987,#1988,
    #1989));
#1967 = ORIENTED_EDGE('',*,*,#1093,.T.);
#1968 = ORIENTED_EDGE('',*,*,#1493,.T.);
#1969 = ORIENTED_EDGE('',*,*,#1539,.F.);
#1970 = ORIENTED_EDGE('',*,*,#1971,.T.);
#1971 = EDGE_CURVE('',#1532,#1972,#1974,.T.);
#1972 = VERTEX_POINT('',#1973);
#1973 = CARTESIAN_POINT('',(80.5,-49.39,45.65));
#1974 = CIRCLE('',#1975,1.65);
#1975 = AXIS2_PLACEMENT_3D('',#1976,#1977,#1978);
#1976 = CARTESIAN_POINT('',(80.5,-49.39,44.));
#1977 = DIRECTION('',(1.,0.,-0.));
#1978 = DIRECTION('',(0.,0.,1.));
#1979 = ORIENTED_EDGE('',*,*,#1980,.T.);
#1980 = EDGE_CURVE('',#1972,#32,#1981,.T.);
#1981 = CIRCLE('',#1982,1.65);
#1982 = AXIS2_PLACEMENT_3D('',#1983,#1984,#1985);
#1983 = CARTESIAN_POINT('',(80.5,-49.39,44.));
#1984 = DIRECTION('',(1.,0.,-0.));
#1985 = DIRECTION('',(0.,0.,1.));
#1986 = ORIENTED_EDGE('',*,*,#39,.T.);
#1987 = ORIENTED_EDGE('',*,*,#62,.T.);
#1988 = ORIENTED_EDGE('',*,*,#1107,.T.);
#1989 = ORIENTED_EDGE('',*,*,#706,.T.);
#1990 = PLANE('',#1991);
#1991 = AXIS2_PLACEMENT_3D('',#1992,#1993,#1994);
#1992 = CARTESIAN_POINT('',(80.5,-49.62718092881,42.483278205542));
#1993 = DIRECTION('',(-1.,-0.,-0.));
#1994 = DIRECTION('',(0.,0.,-1.));
#1995 = ADVANCED_FACE('',(#1996),#2021,.T.);
#1996 = FACE_BOUND('',#1997,.T.);
#1997 = EDGE_LOOP('',(#1998,#1999,#2000,#2001,#2002,#2003,#2012,#2019,
    #2020));
#1998 = ORIENTED_EDGE('',*,*,#1077,.F.);
#1999 = ORIENTED_EDGE('',*,*,#724,.T.);
#2000 = ORIENTED_EDGE('',*,*,#1114,.F.);
#2001 = ORIENTED_EDGE('',*,*,#78,.F.);
#2002 = ORIENTED_EDGE('',*,*,#21,.F.);
#2003 = ORIENTED_EDGE('',*,*,#2004,.F.);
#2004 = EDGE_CURVE('',#2005,#22,#2007,.T.);
#2005 = VERTEX_POINT('',#2006);
#2006 = CARTESIAN_POINT('',(85.,-49.39,45.65));
#2007 = CIRCLE('',#2008,1.65);
#2008 = AXIS2_PLACEMENT_3D('',#2009,#2010,#2011);
#2009 = CARTESIAN_POINT('',(85.,-49.39,44.));
#2010 = DIRECTION('',(1.,0.,-0.));
#2011 = DIRECTION('',(0.,0.,1.));
#2012 = ORIENTED_EDGE('',*,*,#2013,.F.);
#2013 = EDGE_CURVE('',#1524,#2005,#2014,.T.);
#2014 = CIRCLE('',#2015,1.65);
#2015 = AXIS2_PLACEMENT_3D('',#2016,#2017,#2018);
#2016 = CARTESIAN_POINT('',(85.,-49.39,44.));
#2017 = DIRECTION('',(1.,0.,-0.));
#2018 = DIRECTION('',(0.,0.,1.));
#2019 = ORIENTED_EDGE('',*,*,#1523,.T.);
#2020 = ORIENTED_EDGE('',*,*,#1509,.F.);
#2021 = PLANE('',#2022);
#2022 = AXIS2_PLACEMENT_3D('',#2023,#2024,#2025);
#2023 = CARTESIAN_POINT('',(85.,-49.62718092881,42.483278205542));
#2024 = DIRECTION('',(1.,0.,0.));
#2025 = DIRECTION('',(0.,0.,1.));
#2026 = ADVANCED_FACE('',(#2027),#2043,.T.);
#2027 = FACE_BOUND('',#2028,.T.);
#2028 = EDGE_LOOP('',(#2029,#2035,#2036,#2042));
#2029 = ORIENTED_EDGE('',*,*,#2030,.T.);
#2030 = EDGE_CURVE('',#1874,#1651,#2031,.T.);
#2031 = LINE('',#2032,#2033);
#2032 = CARTESIAN_POINT('',(64.3,43.09,-1.));
#2033 = VECTOR('',#2034,1.);
#2034 = DIRECTION('',(0.,0.,1.));
#2035 = ORIENTED_EDGE('',*,*,#1650,.T.);
#2036 = ORIENTED_EDGE('',*,*,#2037,.F.);
#2037 = EDGE_CURVE('',#1882,#1643,#2038,.T.);
#2038 = LINE('',#2039,#2040);
#2039 = CARTESIAN_POINT('',(-64.3,43.09,-1.));
#2040 = VECTOR('',#2041,1.);
#2041 = DIRECTION('',(0.,0.,1.));
#2042 = ORIENTED_EDGE('',*,*,#1881,.T.);
#2043 = PLANE('',#2044);
#2044 = AXIS2_PLACEMENT_3D('',#2045,#2046,#2047);
#2045 = CARTESIAN_POINT('',(-3.378509293362E-15,43.09,3.));
#2046 = DIRECTION('',(-0.,-1.,-0.));
#2047 = DIRECTION('',(0.,0.,-1.));
#2048 = ADVANCED_FACE('',(#2049),#2055,.T.);
#2049 = FACE_BOUND('',#2050,.T.);
#2050 = EDGE_LOOP('',(#2051,#2052,#2053,#2054));
#2051 = ORIENTED_EDGE('',*,*,#1873,.T.);
#2052 = ORIENTED_EDGE('',*,*,#1697,.T.);
#2053 = ORIENTED_EDGE('',*,*,#1658,.T.);
#2054 = ORIENTED_EDGE('',*,*,#2030,.F.);
#2055 = PLANE('',#2056);
#2056 = AXIS2_PLACEMENT_3D('',#2057,#2058,#2059);
#2057 = CARTESIAN_POINT('',(64.3,0.85,3.));
#2058 = DIRECTION('',(-1.,-0.,-2.278570084915E-15));
#2059 = DIRECTION('',(2.278570084915E-15,0.,-1.));
#2060 = ADVANCED_FACE('',(#2061),#2067,.T.);
#2061 = FACE_BOUND('',#2062,.T.);
#2062 = EDGE_LOOP('',(#2063,#2064,#2065,#2066));
#2063 = ORIENTED_EDGE('',*,*,#1889,.F.);
#2064 = ORIENTED_EDGE('',*,*,#2037,.T.);
#2065 = ORIENTED_EDGE('',*,*,#1642,.F.);
#2066 = ORIENTED_EDGE('',*,*,#1554,.F.);
#2067 = PLANE('',#2068);
#2068 = AXIS2_PLACEMENT_3D('',#2069,#2070,#2071);
#2069 = CARTESIAN_POINT('',(-64.3,0.85,3.));
#2070 = DIRECTION('',(1.,0.,0.));
#2071 = DIRECTION('',(0.,0.,1.));
#2072 = ADVANCED_FACE('',(#2073),#2081,.F.);
#2073 = FACE_BOUND('',#2074,.F.);
#2074 = EDGE_LOOP('',(#2075,#2076,#2077,#2078,#2079,#2080));
#2075 = ORIENTED_EDGE('',*,*,#862,.F.);
#2076 = ORIENTED_EDGE('',*,*,#488,.T.);
#2077 = ORIENTED_EDGE('',*,*,#523,.T.);
#2078 = ORIENTED_EDGE('',*,*,#878,.T.);
#2079 = ORIENTED_EDGE('',*,*,#1389,.F.);
#2080 = ORIENTED_EDGE('',*,*,#1380,.F.);
#2081 = CYLINDRICAL_SURFACE('',#2082,3.1);
#2082 = AXIS2_PLACEMENT_3D('',#2083,#2084,#2085);
#2083 = CARTESIAN_POINT('',(77.5,-47.4,20.));
#2084 = DIRECTION('',(0.,1.,0.));
#2085 = DIRECTION('',(0.,0.,1.));
#2086 = ADVANCED_FACE('',(#2087),#2096,.F.);
#2087 = FACE_BOUND('',#2088,.F.);
#2088 = EDGE_LOOP('',(#2089,#2090,#2091,#2092,#2093,#2094,#2095));
#2089 = ORIENTED_EDGE('',*,*,#971,.F.);
#2090 = ORIENTED_EDGE('',*,*,#229,.T.);
#2091 = ORIENTED_EDGE('',*,*,#285,.T.);
#2092 = ORIENTED_EDGE('',*,*,#327,.T.);
#2093 = ORIENTED_EDGE('',*,*,#955,.T.);
#2094 = ORIENTED_EDGE('',*,*,#1414,.F.);
#2095 = ORIENTED_EDGE('',*,*,#1405,.F.);
#2096 = CYLINDRICAL_SURFACE('',#2097,3.1);
#2097 = AXIS2_PLACEMENT_3D('',#2098,#2099,#2100);
#2098 = CARTESIAN_POINT('',(-77.5,-47.4,20.));
#2099 = DIRECTION('',(0.,1.,0.));
#2100 = DIRECTION('',(0.,0.,1.));
#2101 = ADVANCED_FACE('',(#2102),#2110,.F.);
#2102 = FACE_BOUND('',#2103,.F.);
#2103 = EDGE_LOOP('',(#2104,#2105,#2106,#2107,#2108,#2109));
#2104 = ORIENTED_EDGE('',*,*,#102,.T.);
#2105 = ORIENTED_EDGE('',*,*,#1942,.F.);
#2106 = ORIENTED_EDGE('',*,*,#1951,.F.);
#2107 = ORIENTED_EDGE('',*,*,#1469,.F.);
#2108 = ORIENTED_EDGE('',*,*,#1909,.T.);
#2109 = ORIENTED_EDGE('',*,*,#1918,.T.);
#2110 = CYLINDRICAL_SURFACE('',#2111,1.65);
#2111 = AXIS2_PLACEMENT_3D('',#2112,#2113,#2114);
#2112 = CARTESIAN_POINT('',(-85.2,-49.39,44.));
#2113 = DIRECTION('',(1.,0.,0.));
#2114 = DIRECTION('',(0.,0.,1.));
#2115 = ADVANCED_FACE('',(#2116),#2124,.F.);
#2116 = FACE_BOUND('',#2117,.F.);
#2117 = EDGE_LOOP('',(#2118,#2119,#2120,#2121,#2122,#2123));
#2118 = ORIENTED_EDGE('',*,*,#31,.T.);
#2119 = ORIENTED_EDGE('',*,*,#2004,.F.);
#2120 = ORIENTED_EDGE('',*,*,#2013,.F.);
#2121 = ORIENTED_EDGE('',*,*,#1531,.F.);
#2122 = ORIENTED_EDGE('',*,*,#1971,.T.);
#2123 = ORIENTED_EDGE('',*,*,#1980,.T.);
#2124 = CYLINDRICAL_SURFACE('',#2125,1.65);
#2125 = AXIS2_PLACEMENT_3D('',#2126,#2127,#2128);
#2126 = CARTESIAN_POINT('',(80.3,-49.39,44.));
#2127 = DIRECTION('',(1.,0.,0.));
#2128 = DIRECTION('',(0.,0.,1.));
#2129 = MANIFOLD_SOLID_BREP('',#2130);
#2130 = CLOSED_SHELL('',(#2131,#2171,#2236,#2271,#2397,#2448,#2494,#2525
    ,#2549,#2573,#2590,#2615,#2646,#2670,#2694,#2711,#2742,#2766,#2790,
    #2807,#2838,#2862,#2886,#2903,#2934,#2958,#2982,#2999,#3030,#3054,
    #3078,#3095,#3185,#3307,#3356,#3384,#3402,#3414,#3439,#3464,#3489,
    #3514,#3539,#3564,#3589,#3614,#3639,#3664,#3689,#3714,#3734,#3754,
    #3774,#3794,#3814,#3834,#3854,#3874,#3894,#3914,#3934,#3954,#3979,
    #4004,#4029,#4054,#4079,#4104,#4129,#4154,#4179,#4204,#4229,#4254,
    #4263,#4272,#4281,#4290,#4299,#4308,#4317,#4326,#4335,#4344,#4353));
#2131 = ADVANCED_FACE('',(#2132),#2166,.F.);
#2132 = FACE_BOUND('',#2133,.F.);
#2133 = EDGE_LOOP('',(#2134,#2144,#2152,#2160));
#2134 = ORIENTED_EDGE('',*,*,#2135,.F.);
#2135 = EDGE_CURVE('',#2136,#2138,#2140,.T.);
#2136 = VERTEX_POINT('',#2137);
#2137 = CARTESIAN_POINT('',(-88.,-47.39,50.));
#2138 = VERTEX_POINT('',#2139);
#2139 = CARTESIAN_POINT('',(-88.,-47.39,231.));
#2140 = LINE('',#2141,#2142);
#2141 = CARTESIAN_POINT('',(-88.,-47.39,50.));
#2142 = VECTOR('',#2143,1.);
#2143 = DIRECTION('',(0.,0.,1.));
#2144 = ORIENTED_EDGE('',*,*,#2145,.T.);
#2145 = EDGE_CURVE('',#2136,#2146,#2148,.T.);
#2146 = VERTEX_POINT('',#2147);
#2147 = CARTESIAN_POINT('',(-88.,59.,50.));
#2148 = LINE('',#2149,#2150);
#2149 = CARTESIAN_POINT('',(-88.,-47.39,50.));
#2150 = VECTOR('',#2151,1.);
#2151 = DIRECTION('',(0.,1.,0.));
#2152 = ORIENTED_EDGE('',*,*,#2153,.T.);
#2153 = EDGE_CURVE('',#2146,#2154,#2156,.T.);
#2154 = VERTEX_POINT('',#2155);
#2155 = CARTESIAN_POINT('',(-88.,59.,231.));
#2156 = LINE('',#2157,#2158);
#2157 = CARTESIAN_POINT('',(-88.,59.,50.));
#2158 = VECTOR('',#2159,1.);
#2159 = DIRECTION('',(0.,0.,1.));
#2160 = ORIENTED_EDGE('',*,*,#2161,.F.);
#2161 = EDGE_CURVE('',#2138,#2154,#2162,.T.);
#2162 = LINE('',#2163,#2164);
#2163 = CARTESIAN_POINT('',(-88.,-47.39,231.));
#2164 = VECTOR('',#2165,1.);
#2165 = DIRECTION('',(0.,1.,0.));
#2166 = PLANE('',#2167);
#2167 = AXIS2_PLACEMENT_3D('',#2168,#2169,#2170);
#2168 = CARTESIAN_POINT('',(-88.,-47.39,50.));
#2169 = DIRECTION('',(1.,0.,0.));
#2170 = DIRECTION('',(0.,0.,1.));
#2171 = ADVANCED_FACE('',(#2172,#2197),#2231,.F.);
#2172 = FACE_BOUND('',#2173,.F.);
#2173 = EDGE_LOOP('',(#2174,#2182,#2183,#2191));
#2174 = ORIENTED_EDGE('',*,*,#2175,.F.);
#2175 = EDGE_CURVE('',#2136,#2176,#2178,.T.);
#2176 = VERTEX_POINT('',#2177);
#2177 = CARTESIAN_POINT('',(88.,-47.39,50.));
#2178 = LINE('',#2179,#2180);
#2179 = CARTESIAN_POINT('',(-88.,-47.39,50.));
#2180 = VECTOR('',#2181,1.);
#2181 = DIRECTION('',(1.,0.,0.));
#2182 = ORIENTED_EDGE('',*,*,#2135,.T.);
#2183 = ORIENTED_EDGE('',*,*,#2184,.T.);
#2184 = EDGE_CURVE('',#2138,#2185,#2187,.T.);
#2185 = VERTEX_POINT('',#2186);
#2186 = CARTESIAN_POINT('',(88.,-47.39,231.));
#2187 = LINE('',#2188,#2189);
#2188 = CARTESIAN_POINT('',(-88.,-47.39,231.));
#2189 = VECTOR('',#2190,1.);
#2190 = DIRECTION('',(1.,0.,0.));
#2191 = ORIENTED_EDGE('',*,*,#2192,.F.);
#2192 = EDGE_CURVE('',#2176,#2185,#2193,.T.);
#2193 = LINE('',#2194,#2195);
#2194 = CARTESIAN_POINT('',(88.,-47.39,50.));
#2195 = VECTOR('',#2196,1.);
#2196 = DIRECTION('',(0.,0.,1.));
#2197 = FACE_BOUND('',#2198,.F.);
#2198 = EDGE_LOOP('',(#2199,#2209,#2217,#2225));
#2199 = ORIENTED_EDGE('',*,*,#2200,.F.);
#2200 = EDGE_CURVE('',#2201,#2203,#2205,.T.);
#2201 = VERTEX_POINT('',#2202);
#2202 = CARTESIAN_POINT('',(-40.,-47.39,207.));
#2203 = VERTEX_POINT('',#2204);
#2204 = CARTESIAN_POINT('',(2.,-47.39,207.));
#2205 = LINE('',#2206,#2207);
#2206 = CARTESIAN_POINT('',(-64.,-47.39,207.));
#2207 = VECTOR('',#2208,1.);
#2208 = DIRECTION('',(1.,0.,0.));
#2209 = ORIENTED_EDGE('',*,*,#2210,.T.);
#2210 = EDGE_CURVE('',#2201,#2211,#2213,.T.);
#2211 = VERTEX_POINT('',#2212);
#2212 = CARTESIAN_POINT('',(-40.,-47.39,175.));
#2213 = LINE('',#2214,#2215);
#2214 = CARTESIAN_POINT('',(-40.,-47.39,112.5));
#2215 = VECTOR('',#2216,1.);
#2216 = DIRECTION('',(0.,0.,-1.));
#2217 = ORIENTED_EDGE('',*,*,#2218,.T.);
#2218 = EDGE_CURVE('',#2211,#2219,#2221,.T.);
#2219 = VERTEX_POINT('',#2220);
#2220 = CARTESIAN_POINT('',(2.,-47.39,175.));
#2221 = LINE('',#2222,#2223);
#2222 = CARTESIAN_POINT('',(-64.,-47.39,175.));
#2223 = VECTOR('',#2224,1.);
#2224 = DIRECTION('',(1.,0.,0.));
#2225 = ORIENTED_EDGE('',*,*,#2226,.F.);
#2226 = EDGE_CURVE('',#2203,#2219,#2227,.T.);
#2227 = LINE('',#2228,#2229);
#2228 = CARTESIAN_POINT('',(2.,-47.39,112.5));
#2229 = VECTOR('',#2230,1.);
#2230 = DIRECTION('',(0.,0.,-1.));
#2231 = PLANE('',#2232);
#2232 = AXIS2_PLACEMENT_3D('',#2233,#2234,#2235);
#2233 = CARTESIAN_POINT('',(-88.,-47.39,50.));
#2234 = DIRECTION('',(0.,1.,0.));
#2235 = DIRECTION('',(0.,0.,1.));
#2236 = ADVANCED_FACE('',(#2237,#2255),#2266,.T.);
#2237 = FACE_BOUND('',#2238,.T.);
#2238 = EDGE_LOOP('',(#2239,#2240,#2241,#2249));
#2239 = ORIENTED_EDGE('',*,*,#2161,.F.);
#2240 = ORIENTED_EDGE('',*,*,#2184,.T.);
#2241 = ORIENTED_EDGE('',*,*,#2242,.T.);
#2242 = EDGE_CURVE('',#2185,#2243,#2245,.T.);
#2243 = VERTEX_POINT('',#2244);
#2244 = CARTESIAN_POINT('',(88.,59.,231.));
#2245 = LINE('',#2246,#2247);
#2246 = CARTESIAN_POINT('',(88.,-47.39,231.));
#2247 = VECTOR('',#2248,1.);
#2248 = DIRECTION('',(0.,1.,0.));
#2249 = ORIENTED_EDGE('',*,*,#2250,.F.);
#2250 = EDGE_CURVE('',#2154,#2243,#2251,.T.);
#2251 = LINE('',#2252,#2253);
#2252 = CARTESIAN_POINT('',(-88.,59.,231.));
#2253 = VECTOR('',#2254,1.);
#2254 = DIRECTION('',(1.,0.,0.));
#2255 = FACE_BOUND('',#2256,.T.);
#2256 = EDGE_LOOP('',(#2257));
#2257 = ORIENTED_EDGE('',*,*,#2258,.F.);
#2258 = EDGE_CURVE('',#2259,#2259,#2261,.T.);
#2259 = VERTEX_POINT('',#2260);
#2260 = CARTESIAN_POINT('',(-51.9,-22.,231.));
#2261 = CIRCLE('',#2262,8.1);
#2262 = AXIS2_PLACEMENT_3D('',#2263,#2264,#2265);
#2263 = CARTESIAN_POINT('',(-60.,-22.,231.));
#2264 = DIRECTION('',(0.,0.,1.));
#2265 = DIRECTION('',(1.,0.,0.));
#2266 = PLANE('',#2267);
#2267 = AXIS2_PLACEMENT_3D('',#2268,#2269,#2270);
#2268 = CARTESIAN_POINT('',(-88.,-47.39,231.));
#2269 = DIRECTION('',(0.,0.,1.));
#2270 = DIRECTION('',(1.,0.,0.));
#2271 = ADVANCED_FACE('',(#2272,#2290,#2324,#2358),#2392,.T.);
#2272 = FACE_BOUND('',#2273,.T.);
#2273 = EDGE_LOOP('',(#2274,#2282,#2283,#2284));
#2274 = ORIENTED_EDGE('',*,*,#2275,.F.);
#2275 = EDGE_CURVE('',#2146,#2276,#2278,.T.);
#2276 = VERTEX_POINT('',#2277);
#2277 = CARTESIAN_POINT('',(88.,59.,50.));
#2278 = LINE('',#2279,#2280);
#2279 = CARTESIAN_POINT('',(-88.,59.,50.));
#2280 = VECTOR('',#2281,1.);
#2281 = DIRECTION('',(1.,0.,0.));
#2282 = ORIENTED_EDGE('',*,*,#2153,.T.);
#2283 = ORIENTED_EDGE('',*,*,#2250,.T.);
#2284 = ORIENTED_EDGE('',*,*,#2285,.F.);
#2285 = EDGE_CURVE('',#2276,#2243,#2286,.T.);
#2286 = LINE('',#2287,#2288);
#2287 = CARTESIAN_POINT('',(88.,59.,50.));
#2288 = VECTOR('',#2289,1.);
#2289 = DIRECTION('',(0.,0.,1.));
#2290 = FACE_BOUND('',#2291,.T.);
#2291 = EDGE_LOOP('',(#2292,#2302,#2310,#2318));
#2292 = ORIENTED_EDGE('',*,*,#2293,.F.);
#2293 = EDGE_CURVE('',#2294,#2296,#2298,.T.);
#2294 = VERTEX_POINT('',#2295);
#2295 = CARTESIAN_POINT('',(24.,59.,219.));
#2296 = VERTEX_POINT('',#2297);
#2297 = CARTESIAN_POINT('',(78.,59.,219.));
#2298 = LINE('',#2299,#2300);
#2299 = CARTESIAN_POINT('',(-32.,59.,219.));
#2300 = VECTOR('',#2301,1.);
#2301 = DIRECTION('',(1.,0.,0.));
#2302 = ORIENTED_EDGE('',*,*,#2303,.T.);
#2303 = EDGE_CURVE('',#2294,#2304,#2306,.T.);
#2304 = VERTEX_POINT('',#2305);
#2305 = CARTESIAN_POINT('',(24.,59.,201.9));
#2306 = LINE('',#2307,#2308);
#2307 = CARTESIAN_POINT('',(24.,59.,125.95));
#2308 = VECTOR('',#2309,1.);
#2309 = DIRECTION('',(0.,0.,-1.));
#2310 = ORIENTED_EDGE('',*,*,#2311,.T.);
#2311 = EDGE_CURVE('',#2304,#2312,#2314,.T.);
#2312 = VERTEX_POINT('',#2313);
#2313 = CARTESIAN_POINT('',(78.,59.,201.9));
#2314 = LINE('',#2315,#2316);
#2315 = CARTESIAN_POINT('',(-32.,59.,201.9));
#2316 = VECTOR('',#2317,1.);
#2317 = DIRECTION('',(1.,0.,0.));
#2318 = ORIENTED_EDGE('',*,*,#2319,.F.);
#2319 = EDGE_CURVE('',#2296,#2312,#2320,.T.);
#2320 = LINE('',#2321,#2322);
#2321 = CARTESIAN_POINT('',(78.,59.,125.95));
#2322 = VECTOR('',#2323,1.);
#2323 = DIRECTION('',(0.,0.,-1.));
#2324 = FACE_BOUND('',#2325,.T.);
#2325 = EDGE_LOOP('',(#2326,#2336,#2344,#2352));
#2326 = ORIENTED_EDGE('',*,*,#2327,.F.);
#2327 = EDGE_CURVE('',#2328,#2330,#2332,.T.);
#2328 = VERTEX_POINT('',#2329);
#2329 = CARTESIAN_POINT('',(26.,59.,223.8));
#2330 = VERTEX_POINT('',#2331);
#2331 = CARTESIAN_POINT('',(76.,59.,223.8));
#2332 = LINE('',#2333,#2334);
#2333 = CARTESIAN_POINT('',(-31.,59.,223.8));
#2334 = VECTOR('',#2335,1.);
#2335 = DIRECTION('',(1.,0.,0.));
#2336 = ORIENTED_EDGE('',*,*,#2337,.T.);
#2337 = EDGE_CURVE('',#2328,#2338,#2340,.T.);
#2338 = VERTEX_POINT('',#2339);
#2339 = CARTESIAN_POINT('',(26.,59.,221.4));
#2340 = LINE('',#2341,#2342);
#2341 = CARTESIAN_POINT('',(26.,59.,135.7));
#2342 = VECTOR('',#2343,1.);
#2343 = DIRECTION('',(0.,0.,-1.));
#2344 = ORIENTED_EDGE('',*,*,#2345,.T.);
#2345 = EDGE_CURVE('',#2338,#2346,#2348,.T.);
#2346 = VERTEX_POINT('',#2347);
#2347 = CARTESIAN_POINT('',(76.,59.,221.4));
#2348 = LINE('',#2349,#2350);
#2349 = CARTESIAN_POINT('',(-31.,59.,221.4));
#2350 = VECTOR('',#2351,1.);
#2351 = DIRECTION('',(1.,0.,0.));
#2352 = ORIENTED_EDGE('',*,*,#2353,.F.);
#2353 = EDGE_CURVE('',#2330,#2346,#2354,.T.);
#2354 = LINE('',#2355,#2356);
#2355 = CARTESIAN_POINT('',(76.,59.,135.7));
#2356 = VECTOR('',#2357,1.);
#2357 = DIRECTION('',(0.,0.,-1.));
#2358 = FACE_BOUND('',#2359,.T.);
#2359 = EDGE_LOOP('',(#2360,#2370,#2378,#2386));
#2360 = ORIENTED_EDGE('',*,*,#2361,.F.);
#2361 = EDGE_CURVE('',#2362,#2364,#2366,.T.);
#2362 = VERTEX_POINT('',#2363);
#2363 = CARTESIAN_POINT('',(26.,59.,227.4));
#2364 = VERTEX_POINT('',#2365);
#2365 = CARTESIAN_POINT('',(76.,59.,227.4));
#2366 = LINE('',#2367,#2368);
#2367 = CARTESIAN_POINT('',(-31.,59.,227.4));
#2368 = VECTOR('',#2369,1.);
#2369 = DIRECTION('',(1.,0.,0.));
#2370 = ORIENTED_EDGE('',*,*,#2371,.T.);
#2371 = EDGE_CURVE('',#2362,#2372,#2374,.T.);
#2372 = VERTEX_POINT('',#2373);
#2373 = CARTESIAN_POINT('',(26.,59.,225.));
#2374 = LINE('',#2375,#2376);
#2375 = CARTESIAN_POINT('',(26.,59.,137.5));
#2376 = VECTOR('',#2377,1.);
#2377 = DIRECTION('',(0.,0.,-1.));
#2378 = ORIENTED_EDGE('',*,*,#2379,.T.);
#2379 = EDGE_CURVE('',#2372,#2380,#2382,.T.);
#2380 = VERTEX_POINT('',#2381);
#2381 = CARTESIAN_POINT('',(76.,59.,225.));
#2382 = LINE('',#2383,#2384);
#2383 = CARTESIAN_POINT('',(-31.,59.,225.));
#2384 = VECTOR('',#2385,1.);
#2385 = DIRECTION('',(1.,0.,0.));
#2386 = ORIENTED_EDGE('',*,*,#2387,.F.);
#2387 = EDGE_CURVE('',#2364,#2380,#2388,.T.);
#2388 = LINE('',#2389,#2390);
#2389 = CARTESIAN_POINT('',(76.,59.,137.5));
#2390 = VECTOR('',#2391,1.);
#2391 = DIRECTION('',(0.,0.,-1.));
#2392 = PLANE('',#2393);
#2393 = AXIS2_PLACEMENT_3D('',#2394,#2395,#2396);
#2394 = CARTESIAN_POINT('',(-88.,59.,50.));
#2395 = DIRECTION('',(0.,1.,0.));
#2396 = DIRECTION('',(0.,0.,1.));
#2397 = ADVANCED_FACE('',(#2398,#2409),#2443,.F.);
#2398 = FACE_BOUND('',#2399,.F.);
#2399 = EDGE_LOOP('',(#2400,#2401,#2402,#2408));
#2400 = ORIENTED_EDGE('',*,*,#2145,.F.);
#2401 = ORIENTED_EDGE('',*,*,#2175,.T.);
#2402 = ORIENTED_EDGE('',*,*,#2403,.T.);
#2403 = EDGE_CURVE('',#2176,#2276,#2404,.T.);
#2404 = LINE('',#2405,#2406);
#2405 = CARTESIAN_POINT('',(88.,-47.39,50.));
#2406 = VECTOR('',#2407,1.);
#2407 = DIRECTION('',(0.,1.,0.));
#2408 = ORIENTED_EDGE('',*,*,#2275,.F.);
#2409 = FACE_BOUND('',#2410,.F.);
#2410 = EDGE_LOOP('',(#2411,#2421,#2429,#2437));
#2411 = ORIENTED_EDGE('',*,*,#2412,.T.);
#2412 = EDGE_CURVE('',#2413,#2415,#2417,.T.);
#2413 = VERTEX_POINT('',#2414);
#2414 = CARTESIAN_POINT('',(85.,-44.39,50.));
#2415 = VERTEX_POINT('',#2416);
#2416 = CARTESIAN_POINT('',(-85.,-44.39,50.));
#2417 = LINE('',#2418,#2419);
#2418 = CARTESIAN_POINT('',(-86.5,-44.39,50.));
#2419 = VECTOR('',#2420,1.);
#2420 = DIRECTION('',(-1.,0.,0.));
#2421 = ORIENTED_EDGE('',*,*,#2422,.T.);
#2422 = EDGE_CURVE('',#2415,#2423,#2425,.T.);
#2423 = VERTEX_POINT('',#2424);
#2424 = CARTESIAN_POINT('',(-85.,56.,50.));
#2425 = LINE('',#2426,#2427);
#2426 = CARTESIAN_POINT('',(-85.,-45.89,50.));
#2427 = VECTOR('',#2428,1.);
#2428 = DIRECTION('',(0.,1.,0.));
#2429 = ORIENTED_EDGE('',*,*,#2430,.F.);
#2430 = EDGE_CURVE('',#2431,#2423,#2433,.T.);
#2431 = VERTEX_POINT('',#2432);
#2432 = CARTESIAN_POINT('',(85.,56.,50.));
#2433 = LINE('',#2434,#2435);
#2434 = CARTESIAN_POINT('',(-86.5,56.,50.));
#2435 = VECTOR('',#2436,1.);
#2436 = DIRECTION('',(-1.,0.,0.));
#2437 = ORIENTED_EDGE('',*,*,#2438,.F.);
#2438 = EDGE_CURVE('',#2413,#2431,#2439,.T.);
#2439 = LINE('',#2440,#2441);
#2440 = CARTESIAN_POINT('',(85.,-45.89,50.));
#2441 = VECTOR('',#2442,1.);
#2442 = DIRECTION('',(0.,1.,0.));
#2443 = PLANE('',#2444);
#2444 = AXIS2_PLACEMENT_3D('',#2445,#2446,#2447);
#2445 = CARTESIAN_POINT('',(-88.,-47.39,50.));
#2446 = DIRECTION('',(0.,0.,1.));
#2447 = DIRECTION('',(1.,0.,0.));
#2448 = ADVANCED_FACE('',(#2449,#2455),#2489,.T.);
#2449 = FACE_BOUND('',#2450,.T.);
#2450 = EDGE_LOOP('',(#2451,#2452,#2453,#2454));
#2451 = ORIENTED_EDGE('',*,*,#2192,.F.);
#2452 = ORIENTED_EDGE('',*,*,#2403,.T.);
#2453 = ORIENTED_EDGE('',*,*,#2285,.T.);
#2454 = ORIENTED_EDGE('',*,*,#2242,.F.);
#2455 = FACE_BOUND('',#2456,.T.);
#2456 = EDGE_LOOP('',(#2457,#2467,#2475,#2483));
#2457 = ORIENTED_EDGE('',*,*,#2458,.T.);
#2458 = EDGE_CURVE('',#2459,#2461,#2463,.T.);
#2459 = VERTEX_POINT('',#2460);
#2460 = CARTESIAN_POINT('',(88.,6.,214.));
#2461 = VERTEX_POINT('',#2462);
#2462 = CARTESIAN_POINT('',(88.,-26.,214.));
#2463 = LINE('',#2464,#2465);
#2464 = CARTESIAN_POINT('',(88.,-36.695,214.));
#2465 = VECTOR('',#2466,1.);
#2466 = DIRECTION('',(0.,-1.,0.));
#2467 = ORIENTED_EDGE('',*,*,#2468,.T.);
#2468 = EDGE_CURVE('',#2461,#2469,#2471,.T.);
#2469 = VERTEX_POINT('',#2470);
#2470 = CARTESIAN_POINT('',(88.,-26.,223.));
#2471 = LINE('',#2472,#2473);
#2472 = CARTESIAN_POINT('',(88.,-26.,132.));
#2473 = VECTOR('',#2474,1.);
#2474 = DIRECTION('',(0.,0.,1.));
#2475 = ORIENTED_EDGE('',*,*,#2476,.F.);
#2476 = EDGE_CURVE('',#2477,#2469,#2479,.T.);
#2477 = VERTEX_POINT('',#2478);
#2478 = CARTESIAN_POINT('',(88.,6.,223.));
#2479 = LINE('',#2480,#2481);
#2480 = CARTESIAN_POINT('',(88.,-36.695,223.));
#2481 = VECTOR('',#2482,1.);
#2482 = DIRECTION('',(0.,-1.,0.));
#2483 = ORIENTED_EDGE('',*,*,#2484,.F.);
#2484 = EDGE_CURVE('',#2459,#2477,#2485,.T.);
#2485 = LINE('',#2486,#2487);
#2486 = CARTESIAN_POINT('',(88.,6.,132.));
#2487 = VECTOR('',#2488,1.);
#2488 = DIRECTION('',(0.,0.,1.));
#2489 = PLANE('',#2490);
#2490 = AXIS2_PLACEMENT_3D('',#2491,#2492,#2493);
#2491 = CARTESIAN_POINT('',(88.,-47.39,50.));
#2492 = DIRECTION('',(1.,0.,0.));
#2493 = DIRECTION('',(0.,0.,1.));
#2494 = ADVANCED_FACE('',(#2495),#2520,.F.);
#2495 = FACE_BOUND('',#2496,.F.);
#2496 = EDGE_LOOP('',(#2497,#2505,#2506,#2514));
#2497 = ORIENTED_EDGE('',*,*,#2498,.F.);
#2498 = EDGE_CURVE('',#2201,#2499,#2501,.T.);
#2499 = VERTEX_POINT('',#2500);
#2500 = CARTESIAN_POINT('',(-40.,-44.99,207.));
#2501 = LINE('',#2502,#2503);
#2502 = CARTESIAN_POINT('',(-40.,-48.39,207.));
#2503 = VECTOR('',#2504,1.);
#2504 = DIRECTION('',(0.,1.,0.));
#2505 = ORIENTED_EDGE('',*,*,#2200,.T.);
#2506 = ORIENTED_EDGE('',*,*,#2507,.T.);
#2507 = EDGE_CURVE('',#2203,#2508,#2510,.T.);
#2508 = VERTEX_POINT('',#2509);
#2509 = CARTESIAN_POINT('',(2.,-44.99,207.));
#2510 = LINE('',#2511,#2512);
#2511 = CARTESIAN_POINT('',(2.,-48.39,207.));
#2512 = VECTOR('',#2513,1.);
#2513 = DIRECTION('',(0.,1.,0.));
#2514 = ORIENTED_EDGE('',*,*,#2515,.F.);
#2515 = EDGE_CURVE('',#2499,#2508,#2516,.T.);
#2516 = LINE('',#2517,#2518);
#2517 = CARTESIAN_POINT('',(-62.8,-44.99,207.));
#2518 = VECTOR('',#2519,1.);
#2519 = DIRECTION('',(1.,0.,0.));
#2520 = PLANE('',#2521);
#2521 = AXIS2_PLACEMENT_3D('',#2522,#2523,#2524);
#2522 = CARTESIAN_POINT('',(-40.,-48.39,207.));
#2523 = DIRECTION('',(0.,0.,1.));
#2524 = DIRECTION('',(1.,0.,0.));
#2525 = ADVANCED_FACE('',(#2526),#2544,.F.);
#2526 = FACE_BOUND('',#2527,.F.);
#2527 = EDGE_LOOP('',(#2528,#2529,#2530,#2538));
#2528 = ORIENTED_EDGE('',*,*,#2507,.F.);
#2529 = ORIENTED_EDGE('',*,*,#2226,.T.);
#2530 = ORIENTED_EDGE('',*,*,#2531,.T.);
#2531 = EDGE_CURVE('',#2219,#2532,#2534,.T.);
#2532 = VERTEX_POINT('',#2533);
#2533 = CARTESIAN_POINT('',(2.,-44.99,175.));
#2534 = LINE('',#2535,#2536);
#2535 = CARTESIAN_POINT('',(2.,-48.39,175.));
#2536 = VECTOR('',#2537,1.);
#2537 = DIRECTION('',(0.,1.,0.));
#2538 = ORIENTED_EDGE('',*,*,#2539,.F.);
#2539 = EDGE_CURVE('',#2508,#2532,#2540,.T.);
#2540 = LINE('',#2541,#2542);
#2541 = CARTESIAN_POINT('',(2.,-44.99,116.5));
#2542 = VECTOR('',#2543,1.);
#2543 = DIRECTION('',(0.,0.,-1.));
#2544 = PLANE('',#2545);
#2545 = AXIS2_PLACEMENT_3D('',#2546,#2547,#2548);
#2546 = CARTESIAN_POINT('',(2.,-48.39,175.));
#2547 = DIRECTION('',(1.,0.,0.));
#2548 = DIRECTION('',(0.,0.,1.));
#2549 = ADVANCED_FACE('',(#2550),#2568,.T.);
#2550 = FACE_BOUND('',#2551,.T.);
#2551 = EDGE_LOOP('',(#2552,#2560,#2561,#2562));
#2552 = ORIENTED_EDGE('',*,*,#2553,.F.);
#2553 = EDGE_CURVE('',#2211,#2554,#2556,.T.);
#2554 = VERTEX_POINT('',#2555);
#2555 = CARTESIAN_POINT('',(-40.,-44.99,175.));
#2556 = LINE('',#2557,#2558);
#2557 = CARTESIAN_POINT('',(-40.,-48.39,175.));
#2558 = VECTOR('',#2559,1.);
#2559 = DIRECTION('',(0.,1.,0.));
#2560 = ORIENTED_EDGE('',*,*,#2218,.T.);
#2561 = ORIENTED_EDGE('',*,*,#2531,.T.);
#2562 = ORIENTED_EDGE('',*,*,#2563,.F.);
#2563 = EDGE_CURVE('',#2554,#2532,#2564,.T.);
#2564 = LINE('',#2565,#2566);
#2565 = CARTESIAN_POINT('',(-62.8,-44.99,175.));
#2566 = VECTOR('',#2567,1.);
#2567 = DIRECTION('',(1.,0.,0.));
#2568 = PLANE('',#2569);
#2569 = AXIS2_PLACEMENT_3D('',#2570,#2571,#2572);
#2570 = CARTESIAN_POINT('',(-40.,-48.39,175.));
#2571 = DIRECTION('',(0.,0.,1.));
#2572 = DIRECTION('',(1.,0.,0.));
#2573 = ADVANCED_FACE('',(#2574),#2585,.T.);
#2574 = FACE_BOUND('',#2575,.T.);
#2575 = EDGE_LOOP('',(#2576,#2577,#2578,#2579));
#2576 = ORIENTED_EDGE('',*,*,#2498,.F.);
#2577 = ORIENTED_EDGE('',*,*,#2210,.T.);
#2578 = ORIENTED_EDGE('',*,*,#2553,.T.);
#2579 = ORIENTED_EDGE('',*,*,#2580,.F.);
#2580 = EDGE_CURVE('',#2499,#2554,#2581,.T.);
#2581 = LINE('',#2582,#2583);
#2582 = CARTESIAN_POINT('',(-40.,-44.99,116.5));
#2583 = VECTOR('',#2584,1.);
#2584 = DIRECTION('',(0.,0.,-1.));
#2585 = PLANE('',#2586);
#2586 = AXIS2_PLACEMENT_3D('',#2587,#2588,#2589);
#2587 = CARTESIAN_POINT('',(-40.,-48.39,175.));
#2588 = DIRECTION('',(1.,0.,0.));
#2589 = DIRECTION('',(0.,0.,1.));
#2590 = ADVANCED_FACE('',(#2591),#2610,.F.);
#2591 = FACE_BOUND('',#2592,.F.);
#2592 = EDGE_LOOP('',(#2593,#2594,#2602,#2609));
#2593 = ORIENTED_EDGE('',*,*,#2258,.F.);
#2594 = ORIENTED_EDGE('',*,*,#2595,.F.);
#2595 = EDGE_CURVE('',#2596,#2259,#2598,.T.);
#2596 = VERTEX_POINT('',#2597);
#2597 = CARTESIAN_POINT('',(-51.9,-22.,228.));
#2598 = LINE('',#2599,#2600);
#2599 = CARTESIAN_POINT('',(-51.9,-22.,227.));
#2600 = VECTOR('',#2601,1.);
#2601 = DIRECTION('',(0.,0.,1.));
#2602 = ORIENTED_EDGE('',*,*,#2603,.T.);
#2603 = EDGE_CURVE('',#2596,#2596,#2604,.T.);
#2604 = CIRCLE('',#2605,8.1);
#2605 = AXIS2_PLACEMENT_3D('',#2606,#2607,#2608);
#2606 = CARTESIAN_POINT('',(-60.,-22.,228.));
#2607 = DIRECTION('',(0.,0.,1.));
#2608 = DIRECTION('',(1.,0.,0.));
#2609 = ORIENTED_EDGE('',*,*,#2595,.T.);
#2610 = CYLINDRICAL_SURFACE('',#2611,8.1);
#2611 = AXIS2_PLACEMENT_3D('',#2612,#2613,#2614);
#2612 = CARTESIAN_POINT('',(-60.,-22.,227.));
#2613 = DIRECTION('',(0.,0.,1.));
#2614 = DIRECTION('',(1.,0.,0.));
#2615 = ADVANCED_FACE('',(#2616),#2641,.F.);
#2616 = FACE_BOUND('',#2617,.F.);
#2617 = EDGE_LOOP('',(#2618,#2626,#2634,#2640));
#2618 = ORIENTED_EDGE('',*,*,#2619,.F.);
#2619 = EDGE_CURVE('',#2620,#2294,#2622,.T.);
#2620 = VERTEX_POINT('',#2621);
#2621 = CARTESIAN_POINT('',(24.,56.6,219.));
#2622 = LINE('',#2623,#2624);
#2623 = CARTESIAN_POINT('',(24.,55.6,219.));
#2624 = VECTOR('',#2625,1.);
#2625 = DIRECTION('',(0.,1.,0.));
#2626 = ORIENTED_EDGE('',*,*,#2627,.T.);
#2627 = EDGE_CURVE('',#2620,#2628,#2630,.T.);
#2628 = VERTEX_POINT('',#2629);
#2629 = CARTESIAN_POINT('',(78.,56.6,219.));
#2630 = LINE('',#2631,#2632);
#2631 = CARTESIAN_POINT('',(-30.8,56.6,219.));
#2632 = VECTOR('',#2633,1.);
#2633 = DIRECTION('',(1.,0.,0.));
#2634 = ORIENTED_EDGE('',*,*,#2635,.T.);
#2635 = EDGE_CURVE('',#2628,#2296,#2636,.T.);
#2636 = LINE('',#2637,#2638);
#2637 = CARTESIAN_POINT('',(78.,55.6,219.));
#2638 = VECTOR('',#2639,1.);
#2639 = DIRECTION('',(0.,1.,0.));
#2640 = ORIENTED_EDGE('',*,*,#2293,.F.);
#2641 = PLANE('',#2642);
#2642 = AXIS2_PLACEMENT_3D('',#2643,#2644,#2645);
#2643 = CARTESIAN_POINT('',(24.,55.6,219.));
#2644 = DIRECTION('',(0.,0.,1.));
#2645 = DIRECTION('',(1.,0.,0.));
#2646 = ADVANCED_FACE('',(#2647),#2665,.T.);
#2647 = FACE_BOUND('',#2648,.T.);
#2648 = EDGE_LOOP('',(#2649,#2650,#2658,#2664));
#2649 = ORIENTED_EDGE('',*,*,#2619,.F.);
#2650 = ORIENTED_EDGE('',*,*,#2651,.T.);
#2651 = EDGE_CURVE('',#2620,#2652,#2654,.T.);
#2652 = VERTEX_POINT('',#2653);
#2653 = CARTESIAN_POINT('',(24.,56.6,201.9));
#2654 = LINE('',#2655,#2656);
#2655 = CARTESIAN_POINT('',(24.,56.6,129.95));
#2656 = VECTOR('',#2657,1.);
#2657 = DIRECTION('',(0.,0.,-1.));
#2658 = ORIENTED_EDGE('',*,*,#2659,.T.);
#2659 = EDGE_CURVE('',#2652,#2304,#2660,.T.);
#2660 = LINE('',#2661,#2662);
#2661 = CARTESIAN_POINT('',(24.,55.6,201.9));
#2662 = VECTOR('',#2663,1.);
#2663 = DIRECTION('',(0.,1.,0.));
#2664 = ORIENTED_EDGE('',*,*,#2303,.F.);
#2665 = PLANE('',#2666);
#2666 = AXIS2_PLACEMENT_3D('',#2667,#2668,#2669);
#2667 = CARTESIAN_POINT('',(24.,55.6,201.9));
#2668 = DIRECTION('',(1.,0.,0.));
#2669 = DIRECTION('',(0.,0.,1.));
#2670 = ADVANCED_FACE('',(#2671),#2689,.F.);
#2671 = FACE_BOUND('',#2672,.F.);
#2672 = EDGE_LOOP('',(#2673,#2674,#2682,#2688));
#2673 = ORIENTED_EDGE('',*,*,#2635,.F.);
#2674 = ORIENTED_EDGE('',*,*,#2675,.T.);
#2675 = EDGE_CURVE('',#2628,#2676,#2678,.T.);
#2676 = VERTEX_POINT('',#2677);
#2677 = CARTESIAN_POINT('',(78.,56.6,201.9));
#2678 = LINE('',#2679,#2680);
#2679 = CARTESIAN_POINT('',(78.,56.6,129.95));
#2680 = VECTOR('',#2681,1.);
#2681 = DIRECTION('',(0.,0.,-1.));
#2682 = ORIENTED_EDGE('',*,*,#2683,.T.);
#2683 = EDGE_CURVE('',#2676,#2312,#2684,.T.);
#2684 = LINE('',#2685,#2686);
#2685 = CARTESIAN_POINT('',(78.,55.6,201.9));
#2686 = VECTOR('',#2687,1.);
#2687 = DIRECTION('',(0.,1.,0.));
#2688 = ORIENTED_EDGE('',*,*,#2319,.F.);
#2689 = PLANE('',#2690);
#2690 = AXIS2_PLACEMENT_3D('',#2691,#2692,#2693);
#2691 = CARTESIAN_POINT('',(78.,55.6,201.9));
#2692 = DIRECTION('',(1.,0.,0.));
#2693 = DIRECTION('',(0.,0.,1.));
#2694 = ADVANCED_FACE('',(#2695),#2706,.T.);
#2695 = FACE_BOUND('',#2696,.T.);
#2696 = EDGE_LOOP('',(#2697,#2698,#2704,#2705));
#2697 = ORIENTED_EDGE('',*,*,#2659,.F.);
#2698 = ORIENTED_EDGE('',*,*,#2699,.T.);
#2699 = EDGE_CURVE('',#2652,#2676,#2700,.T.);
#2700 = LINE('',#2701,#2702);
#2701 = CARTESIAN_POINT('',(-30.8,56.6,201.9));
#2702 = VECTOR('',#2703,1.);
#2703 = DIRECTION('',(1.,0.,0.));
#2704 = ORIENTED_EDGE('',*,*,#2683,.T.);
#2705 = ORIENTED_EDGE('',*,*,#2311,.F.);
#2706 = PLANE('',#2707);
#2707 = AXIS2_PLACEMENT_3D('',#2708,#2709,#2710);
#2708 = CARTESIAN_POINT('',(24.,55.6,201.9));
#2709 = DIRECTION('',(0.,0.,1.));
#2710 = DIRECTION('',(1.,0.,0.));
#2711 = ADVANCED_FACE('',(#2712),#2737,.F.);
#2712 = FACE_BOUND('',#2713,.F.);
#2713 = EDGE_LOOP('',(#2714,#2722,#2730,#2736));
#2714 = ORIENTED_EDGE('',*,*,#2715,.F.);
#2715 = EDGE_CURVE('',#2716,#2328,#2718,.T.);
#2716 = VERTEX_POINT('',#2717);
#2717 = CARTESIAN_POINT('',(26.,56.6,223.8));
#2718 = LINE('',#2719,#2720);
#2719 = CARTESIAN_POINT('',(26.,55.6,223.8));
#2720 = VECTOR('',#2721,1.);
#2721 = DIRECTION('',(0.,1.,0.));
#2722 = ORIENTED_EDGE('',*,*,#2723,.T.);
#2723 = EDGE_CURVE('',#2716,#2724,#2726,.T.);
#2724 = VERTEX_POINT('',#2725);
#2725 = CARTESIAN_POINT('',(76.,56.6,223.8));
#2726 = LINE('',#2727,#2728);
#2727 = CARTESIAN_POINT('',(-29.8,56.6,223.8));
#2728 = VECTOR('',#2729,1.);
#2729 = DIRECTION('',(1.,0.,0.));
#2730 = ORIENTED_EDGE('',*,*,#2731,.T.);
#2731 = EDGE_CURVE('',#2724,#2330,#2732,.T.);
#2732 = LINE('',#2733,#2734);
#2733 = CARTESIAN_POINT('',(76.,55.6,223.8));
#2734 = VECTOR('',#2735,1.);
#2735 = DIRECTION('',(0.,1.,0.));
#2736 = ORIENTED_EDGE('',*,*,#2327,.F.);
#2737 = PLANE('',#2738);
#2738 = AXIS2_PLACEMENT_3D('',#2739,#2740,#2741);
#2739 = CARTESIAN_POINT('',(26.,55.6,223.8));
#2740 = DIRECTION('',(0.,0.,1.));
#2741 = DIRECTION('',(1.,0.,0.));
#2742 = ADVANCED_FACE('',(#2743),#2761,.T.);
#2743 = FACE_BOUND('',#2744,.T.);
#2744 = EDGE_LOOP('',(#2745,#2746,#2754,#2760));
#2745 = ORIENTED_EDGE('',*,*,#2715,.F.);
#2746 = ORIENTED_EDGE('',*,*,#2747,.T.);
#2747 = EDGE_CURVE('',#2716,#2748,#2750,.T.);
#2748 = VERTEX_POINT('',#2749);
#2749 = CARTESIAN_POINT('',(26.,56.6,221.4));
#2750 = LINE('',#2751,#2752);
#2751 = CARTESIAN_POINT('',(26.,56.6,139.7));
#2752 = VECTOR('',#2753,1.);
#2753 = DIRECTION('',(0.,0.,-1.));
#2754 = ORIENTED_EDGE('',*,*,#2755,.T.);
#2755 = EDGE_CURVE('',#2748,#2338,#2756,.T.);
#2756 = LINE('',#2757,#2758);
#2757 = CARTESIAN_POINT('',(26.,55.6,221.4));
#2758 = VECTOR('',#2759,1.);
#2759 = DIRECTION('',(0.,1.,0.));
#2760 = ORIENTED_EDGE('',*,*,#2337,.F.);
#2761 = PLANE('',#2762);
#2762 = AXIS2_PLACEMENT_3D('',#2763,#2764,#2765);
#2763 = CARTESIAN_POINT('',(26.,55.6,221.4));
#2764 = DIRECTION('',(1.,0.,0.));
#2765 = DIRECTION('',(0.,0.,1.));
#2766 = ADVANCED_FACE('',(#2767),#2785,.F.);
#2767 = FACE_BOUND('',#2768,.F.);
#2768 = EDGE_LOOP('',(#2769,#2770,#2778,#2784));
#2769 = ORIENTED_EDGE('',*,*,#2731,.F.);
#2770 = ORIENTED_EDGE('',*,*,#2771,.T.);
#2771 = EDGE_CURVE('',#2724,#2772,#2774,.T.);
#2772 = VERTEX_POINT('',#2773);
#2773 = CARTESIAN_POINT('',(76.,56.6,221.4));
#2774 = LINE('',#2775,#2776);
#2775 = CARTESIAN_POINT('',(76.,56.6,139.7));
#2776 = VECTOR('',#2777,1.);
#2777 = DIRECTION('',(0.,0.,-1.));
#2778 = ORIENTED_EDGE('',*,*,#2779,.T.);
#2779 = EDGE_CURVE('',#2772,#2346,#2780,.T.);
#2780 = LINE('',#2781,#2782);
#2781 = CARTESIAN_POINT('',(76.,55.6,221.4));
#2782 = VECTOR('',#2783,1.);
#2783 = DIRECTION('',(0.,1.,0.));
#2784 = ORIENTED_EDGE('',*,*,#2353,.F.);
#2785 = PLANE('',#2786);
#2786 = AXIS2_PLACEMENT_3D('',#2787,#2788,#2789);
#2787 = CARTESIAN_POINT('',(76.,55.6,221.4));
#2788 = DIRECTION('',(1.,0.,0.));
#2789 = DIRECTION('',(0.,0.,1.));
#2790 = ADVANCED_FACE('',(#2791),#2802,.T.);
#2791 = FACE_BOUND('',#2792,.T.);
#2792 = EDGE_LOOP('',(#2793,#2794,#2800,#2801));
#2793 = ORIENTED_EDGE('',*,*,#2755,.F.);
#2794 = ORIENTED_EDGE('',*,*,#2795,.T.);
#2795 = EDGE_CURVE('',#2748,#2772,#2796,.T.);
#2796 = LINE('',#2797,#2798);
#2797 = CARTESIAN_POINT('',(-29.8,56.6,221.4));
#2798 = VECTOR('',#2799,1.);
#2799 = DIRECTION('',(1.,0.,0.));
#2800 = ORIENTED_EDGE('',*,*,#2779,.T.);
#2801 = ORIENTED_EDGE('',*,*,#2345,.F.);
#2802 = PLANE('',#2803);
#2803 = AXIS2_PLACEMENT_3D('',#2804,#2805,#2806);
#2804 = CARTESIAN_POINT('',(26.,55.6,221.4));
#2805 = DIRECTION('',(0.,0.,1.));
#2806 = DIRECTION('',(1.,0.,0.));
#2807 = ADVANCED_FACE('',(#2808),#2833,.F.);
#2808 = FACE_BOUND('',#2809,.F.);
#2809 = EDGE_LOOP('',(#2810,#2818,#2826,#2832));
#2810 = ORIENTED_EDGE('',*,*,#2811,.F.);
#2811 = EDGE_CURVE('',#2812,#2362,#2814,.T.);
#2812 = VERTEX_POINT('',#2813);
#2813 = CARTESIAN_POINT('',(26.,56.6,227.4));
#2814 = LINE('',#2815,#2816);
#2815 = CARTESIAN_POINT('',(26.,55.6,227.4));
#2816 = VECTOR('',#2817,1.);
#2817 = DIRECTION('',(0.,1.,0.));
#2818 = ORIENTED_EDGE('',*,*,#2819,.T.);
#2819 = EDGE_CURVE('',#2812,#2820,#2822,.T.);
#2820 = VERTEX_POINT('',#2821);
#2821 = CARTESIAN_POINT('',(76.,56.6,227.4));
#2822 = LINE('',#2823,#2824);
#2823 = CARTESIAN_POINT('',(-29.8,56.6,227.4));
#2824 = VECTOR('',#2825,1.);
#2825 = DIRECTION('',(1.,0.,0.));
#2826 = ORIENTED_EDGE('',*,*,#2827,.T.);
#2827 = EDGE_CURVE('',#2820,#2364,#2828,.T.);
#2828 = LINE('',#2829,#2830);
#2829 = CARTESIAN_POINT('',(76.,55.6,227.4));
#2830 = VECTOR('',#2831,1.);
#2831 = DIRECTION('',(0.,1.,0.));
#2832 = ORIENTED_EDGE('',*,*,#2361,.F.);
#2833 = PLANE('',#2834);
#2834 = AXIS2_PLACEMENT_3D('',#2835,#2836,#2837);
#2835 = CARTESIAN_POINT('',(26.,55.6,227.4));
#2836 = DIRECTION('',(0.,0.,1.));
#2837 = DIRECTION('',(1.,0.,0.));
#2838 = ADVANCED_FACE('',(#2839),#2857,.F.);
#2839 = FACE_BOUND('',#2840,.F.);
#2840 = EDGE_LOOP('',(#2841,#2842,#2850,#2856));
#2841 = ORIENTED_EDGE('',*,*,#2827,.F.);
#2842 = ORIENTED_EDGE('',*,*,#2843,.T.);
#2843 = EDGE_CURVE('',#2820,#2844,#2846,.T.);
#2844 = VERTEX_POINT('',#2845);
#2845 = CARTESIAN_POINT('',(76.,56.6,225.));
#2846 = LINE('',#2847,#2848);
#2847 = CARTESIAN_POINT('',(76.,56.6,141.5));
#2848 = VECTOR('',#2849,1.);
#2849 = DIRECTION('',(0.,0.,-1.));
#2850 = ORIENTED_EDGE('',*,*,#2851,.T.);
#2851 = EDGE_CURVE('',#2844,#2380,#2852,.T.);
#2852 = LINE('',#2853,#2854);
#2853 = CARTESIAN_POINT('',(76.,55.6,225.));
#2854 = VECTOR('',#2855,1.);
#2855 = DIRECTION('',(0.,1.,0.));
#2856 = ORIENTED_EDGE('',*,*,#2387,.F.);
#2857 = PLANE('',#2858);
#2858 = AXIS2_PLACEMENT_3D('',#2859,#2860,#2861);
#2859 = CARTESIAN_POINT('',(76.,55.6,225.));
#2860 = DIRECTION('',(1.,0.,0.));
#2861 = DIRECTION('',(0.,0.,1.));
#2862 = ADVANCED_FACE('',(#2863),#2881,.T.);
#2863 = FACE_BOUND('',#2864,.T.);
#2864 = EDGE_LOOP('',(#2865,#2873,#2879,#2880));
#2865 = ORIENTED_EDGE('',*,*,#2866,.F.);
#2866 = EDGE_CURVE('',#2867,#2372,#2869,.T.);
#2867 = VERTEX_POINT('',#2868);
#2868 = CARTESIAN_POINT('',(26.,56.6,225.));
#2869 = LINE('',#2870,#2871);
#2870 = CARTESIAN_POINT('',(26.,55.6,225.));
#2871 = VECTOR('',#2872,1.);
#2872 = DIRECTION('',(0.,1.,0.));
#2873 = ORIENTED_EDGE('',*,*,#2874,.T.);
#2874 = EDGE_CURVE('',#2867,#2844,#2875,.T.);
#2875 = LINE('',#2876,#2877);
#2876 = CARTESIAN_POINT('',(-29.8,56.6,225.));
#2877 = VECTOR('',#2878,1.);
#2878 = DIRECTION('',(1.,0.,0.));
#2879 = ORIENTED_EDGE('',*,*,#2851,.T.);
#2880 = ORIENTED_EDGE('',*,*,#2379,.F.);
#2881 = PLANE('',#2882);
#2882 = AXIS2_PLACEMENT_3D('',#2883,#2884,#2885);
#2883 = CARTESIAN_POINT('',(26.,55.6,225.));
#2884 = DIRECTION('',(0.,0.,1.));
#2885 = DIRECTION('',(1.,0.,0.));
#2886 = ADVANCED_FACE('',(#2887),#2898,.T.);
#2887 = FACE_BOUND('',#2888,.T.);
#2888 = EDGE_LOOP('',(#2889,#2890,#2896,#2897));
#2889 = ORIENTED_EDGE('',*,*,#2811,.F.);
#2890 = ORIENTED_EDGE('',*,*,#2891,.T.);
#2891 = EDGE_CURVE('',#2812,#2867,#2892,.T.);
#2892 = LINE('',#2893,#2894);
#2893 = CARTESIAN_POINT('',(26.,56.6,141.5));
#2894 = VECTOR('',#2895,1.);
#2895 = DIRECTION('',(0.,0.,-1.));
#2896 = ORIENTED_EDGE('',*,*,#2866,.T.);
#2897 = ORIENTED_EDGE('',*,*,#2371,.F.);
#2898 = PLANE('',#2899);
#2899 = AXIS2_PLACEMENT_3D('',#2900,#2901,#2902);
#2900 = CARTESIAN_POINT('',(26.,55.6,225.));
#2901 = DIRECTION('',(1.,0.,0.));
#2902 = DIRECTION('',(0.,0.,1.));
#2903 = ADVANCED_FACE('',(#2904),#2929,.T.);
#2904 = FACE_BOUND('',#2905,.T.);
#2905 = EDGE_LOOP('',(#2906,#2914,#2915,#2923));
#2906 = ORIENTED_EDGE('',*,*,#2907,.F.);
#2907 = EDGE_CURVE('',#2413,#2908,#2910,.T.);
#2908 = VERTEX_POINT('',#2909);
#2909 = CARTESIAN_POINT('',(85.,-44.39,58.));
#2910 = LINE('',#2911,#2912);
#2911 = CARTESIAN_POINT('',(85.,-44.39,49.));
#2912 = VECTOR('',#2913,1.);
#2913 = DIRECTION('',(0.,0.,1.));
#2914 = ORIENTED_EDGE('',*,*,#2412,.T.);
#2915 = ORIENTED_EDGE('',*,*,#2916,.T.);
#2916 = EDGE_CURVE('',#2415,#2917,#2919,.T.);
#2917 = VERTEX_POINT('',#2918);
#2918 = CARTESIAN_POINT('',(-85.,-44.39,58.));
#2919 = LINE('',#2920,#2921);
#2920 = CARTESIAN_POINT('',(-85.,-44.39,49.));
#2921 = VECTOR('',#2922,1.);
#2922 = DIRECTION('',(0.,0.,1.));
#2923 = ORIENTED_EDGE('',*,*,#2924,.F.);
#2924 = EDGE_CURVE('',#2908,#2917,#2925,.T.);
#2925 = LINE('',#2926,#2927);
#2926 = CARTESIAN_POINT('',(-85.3,-44.39,58.));
#2927 = VECTOR('',#2928,1.);
#2928 = DIRECTION('',(-1.,0.,0.));
#2929 = PLANE('',#2930);
#2930 = AXIS2_PLACEMENT_3D('',#2931,#2932,#2933);
#2931 = CARTESIAN_POINT('',(-85.,-44.39,49.));
#2932 = DIRECTION('',(0.,1.,0.));
#2933 = DIRECTION('',(0.,0.,1.));
#2934 = ADVANCED_FACE('',(#2935),#2953,.F.);
#2935 = FACE_BOUND('',#2936,.F.);
#2936 = EDGE_LOOP('',(#2937,#2938,#2939,#2947));
#2937 = ORIENTED_EDGE('',*,*,#2907,.F.);
#2938 = ORIENTED_EDGE('',*,*,#2438,.T.);
#2939 = ORIENTED_EDGE('',*,*,#2940,.T.);
#2940 = EDGE_CURVE('',#2431,#2941,#2943,.T.);
#2941 = VERTEX_POINT('',#2942);
#2942 = CARTESIAN_POINT('',(85.,56.,58.));
#2943 = LINE('',#2944,#2945);
#2944 = CARTESIAN_POINT('',(85.,56.,49.));
#2945 = VECTOR('',#2946,1.);
#2946 = DIRECTION('',(0.,0.,1.));
#2947 = ORIENTED_EDGE('',*,*,#2948,.F.);
#2948 = EDGE_CURVE('',#2908,#2941,#2949,.T.);
#2949 = LINE('',#2950,#2951);
#2950 = CARTESIAN_POINT('',(85.,-44.69,58.));
#2951 = VECTOR('',#2952,1.);
#2952 = DIRECTION('',(0.,1.,0.));
#2953 = PLANE('',#2954);
#2954 = AXIS2_PLACEMENT_3D('',#2955,#2956,#2957);
#2955 = CARTESIAN_POINT('',(85.,-44.39,49.));
#2956 = DIRECTION('',(1.,0.,0.));
#2957 = DIRECTION('',(0.,0.,1.));
#2958 = ADVANCED_FACE('',(#2959),#2977,.F.);
#2959 = FACE_BOUND('',#2960,.F.);
#2960 = EDGE_LOOP('',(#2961,#2962,#2963,#2971));
#2961 = ORIENTED_EDGE('',*,*,#2940,.F.);
#2962 = ORIENTED_EDGE('',*,*,#2430,.T.);
#2963 = ORIENTED_EDGE('',*,*,#2964,.T.);
#2964 = EDGE_CURVE('',#2423,#2965,#2967,.T.);
#2965 = VERTEX_POINT('',#2966);
#2966 = CARTESIAN_POINT('',(-85.,56.,58.));
#2967 = LINE('',#2968,#2969);
#2968 = CARTESIAN_POINT('',(-85.,56.,49.));
#2969 = VECTOR('',#2970,1.);
#2970 = DIRECTION('',(0.,0.,1.));
#2971 = ORIENTED_EDGE('',*,*,#2972,.F.);
#2972 = EDGE_CURVE('',#2941,#2965,#2973,.T.);
#2973 = LINE('',#2974,#2975);
#2974 = CARTESIAN_POINT('',(-85.3,56.,58.));
#2975 = VECTOR('',#2976,1.);
#2976 = DIRECTION('',(-1.,0.,0.));
#2977 = PLANE('',#2978);
#2978 = AXIS2_PLACEMENT_3D('',#2979,#2980,#2981);
#2979 = CARTESIAN_POINT('',(-85.,56.,49.));
#2980 = DIRECTION('',(0.,1.,0.));
#2981 = DIRECTION('',(0.,0.,1.));
#2982 = ADVANCED_FACE('',(#2983),#2994,.T.);
#2983 = FACE_BOUND('',#2984,.T.);
#2984 = EDGE_LOOP('',(#2985,#2986,#2987,#2988));
#2985 = ORIENTED_EDGE('',*,*,#2916,.F.);
#2986 = ORIENTED_EDGE('',*,*,#2422,.T.);
#2987 = ORIENTED_EDGE('',*,*,#2964,.T.);
#2988 = ORIENTED_EDGE('',*,*,#2989,.F.);
#2989 = EDGE_CURVE('',#2917,#2965,#2990,.T.);
#2990 = LINE('',#2991,#2992);
#2991 = CARTESIAN_POINT('',(-85.,-44.69,58.));
#2992 = VECTOR('',#2993,1.);
#2993 = DIRECTION('',(0.,1.,0.));
#2994 = PLANE('',#2995);
#2995 = AXIS2_PLACEMENT_3D('',#2996,#2997,#2998);
#2996 = CARTESIAN_POINT('',(-85.,-44.39,49.));
#2997 = DIRECTION('',(1.,0.,0.));
#2998 = DIRECTION('',(0.,0.,1.));
#2999 = ADVANCED_FACE('',(#3000),#3025,.T.);
#3000 = FACE_BOUND('',#3001,.T.);
#3001 = EDGE_LOOP('',(#3002,#3010,#3018,#3024));
#3002 = ORIENTED_EDGE('',*,*,#3003,.F.);
#3003 = EDGE_CURVE('',#3004,#2459,#3006,.T.);
#3004 = VERTEX_POINT('',#3005);
#3005 = CARTESIAN_POINT('',(85.6,6.,214.));
#3006 = LINE('',#3007,#3008);
#3007 = CARTESIAN_POINT('',(84.6,6.,214.));
#3008 = VECTOR('',#3009,1.);
#3009 = DIRECTION('',(1.,0.,0.));
#3010 = ORIENTED_EDGE('',*,*,#3011,.T.);
#3011 = EDGE_CURVE('',#3004,#3012,#3014,.T.);
#3012 = VERTEX_POINT('',#3013);
#3013 = CARTESIAN_POINT('',(85.6,-26.,214.));
#3014 = LINE('',#3015,#3016);
#3015 = CARTESIAN_POINT('',(85.6,-35.495,214.));
#3016 = VECTOR('',#3017,1.);
#3017 = DIRECTION('',(0.,-1.,0.));
#3018 = ORIENTED_EDGE('',*,*,#3019,.T.);
#3019 = EDGE_CURVE('',#3012,#2461,#3020,.T.);
#3020 = LINE('',#3021,#3022);
#3021 = CARTESIAN_POINT('',(84.6,-26.,214.));
#3022 = VECTOR('',#3023,1.);
#3023 = DIRECTION('',(1.,0.,0.));
#3024 = ORIENTED_EDGE('',*,*,#2458,.F.);
#3025 = PLANE('',#3026);
#3026 = AXIS2_PLACEMENT_3D('',#3027,#3028,#3029);
#3027 = CARTESIAN_POINT('',(84.6,-26.,214.));
#3028 = DIRECTION('',(0.,0.,1.));
#3029 = DIRECTION('',(1.,0.,0.));
#3030 = ADVANCED_FACE('',(#3031),#3049,.F.);
#3031 = FACE_BOUND('',#3032,.F.);
#3032 = EDGE_LOOP('',(#3033,#3034,#3042,#3048));
#3033 = ORIENTED_EDGE('',*,*,#3003,.F.);
#3034 = ORIENTED_EDGE('',*,*,#3035,.T.);
#3035 = EDGE_CURVE('',#3004,#3036,#3038,.T.);
#3036 = VERTEX_POINT('',#3037);
#3037 = CARTESIAN_POINT('',(85.6,6.,223.));
#3038 = LINE('',#3039,#3040);
#3039 = CARTESIAN_POINT('',(85.6,6.,136.));
#3040 = VECTOR('',#3041,1.);
#3041 = DIRECTION('',(0.,0.,1.));
#3042 = ORIENTED_EDGE('',*,*,#3043,.T.);
#3043 = EDGE_CURVE('',#3036,#2477,#3044,.T.);
#3044 = LINE('',#3045,#3046);
#3045 = CARTESIAN_POINT('',(84.6,6.,223.));
#3046 = VECTOR('',#3047,1.);
#3047 = DIRECTION('',(1.,0.,0.));
#3048 = ORIENTED_EDGE('',*,*,#2484,.F.);
#3049 = PLANE('',#3050);
#3050 = AXIS2_PLACEMENT_3D('',#3051,#3052,#3053);
#3051 = CARTESIAN_POINT('',(84.6,6.,214.));
#3052 = DIRECTION('',(0.,1.,0.));
#3053 = DIRECTION('',(0.,0.,1.));
#3054 = ADVANCED_FACE('',(#3055),#3073,.F.);
#3055 = FACE_BOUND('',#3056,.F.);
#3056 = EDGE_LOOP('',(#3057,#3058,#3066,#3072));
#3057 = ORIENTED_EDGE('',*,*,#3043,.F.);
#3058 = ORIENTED_EDGE('',*,*,#3059,.T.);
#3059 = EDGE_CURVE('',#3036,#3060,#3062,.T.);
#3060 = VERTEX_POINT('',#3061);
#3061 = CARTESIAN_POINT('',(85.6,-26.,223.));
#3062 = LINE('',#3063,#3064);
#3063 = CARTESIAN_POINT('',(85.6,-35.495,223.));
#3064 = VECTOR('',#3065,1.);
#3065 = DIRECTION('',(0.,-1.,0.));
#3066 = ORIENTED_EDGE('',*,*,#3067,.T.);
#3067 = EDGE_CURVE('',#3060,#2469,#3068,.T.);
#3068 = LINE('',#3069,#3070);
#3069 = CARTESIAN_POINT('',(84.6,-26.,223.));
#3070 = VECTOR('',#3071,1.);
#3071 = DIRECTION('',(1.,0.,0.));
#3072 = ORIENTED_EDGE('',*,*,#2476,.F.);
#3073 = PLANE('',#3074);
#3074 = AXIS2_PLACEMENT_3D('',#3075,#3076,#3077);
#3075 = CARTESIAN_POINT('',(84.6,-26.,223.));
#3076 = DIRECTION('',(0.,0.,1.));
#3077 = DIRECTION('',(1.,0.,0.));
#3078 = ADVANCED_FACE('',(#3079),#3090,.T.);
#3079 = FACE_BOUND('',#3080,.T.);
#3080 = EDGE_LOOP('',(#3081,#3082,#3088,#3089));
#3081 = ORIENTED_EDGE('',*,*,#3019,.F.);
#3082 = ORIENTED_EDGE('',*,*,#3083,.T.);
#3083 = EDGE_CURVE('',#3012,#3060,#3084,.T.);
#3084 = LINE('',#3085,#3086);
#3085 = CARTESIAN_POINT('',(85.6,-26.,136.));
#3086 = VECTOR('',#3087,1.);
#3087 = DIRECTION('',(0.,0.,1.));
#3088 = ORIENTED_EDGE('',*,*,#3067,.T.);
#3089 = ORIENTED_EDGE('',*,*,#2468,.F.);
#3090 = PLANE('',#3091);
#3091 = AXIS2_PLACEMENT_3D('',#3092,#3093,#3094);
#3092 = CARTESIAN_POINT('',(84.6,-26.,214.));
#3093 = DIRECTION('',(0.,1.,0.));
#3094 = DIRECTION('',(0.,0.,1.));
#3095 = ADVANCED_FACE('',(#3096,#3130,#3141,#3152,#3163,#3169),#3180,.T.
  );
#3096 = FACE_BOUND('',#3097,.T.);
#3097 = EDGE_LOOP('',(#3098,#3108,#3116,#3124));
#3098 = ORIENTED_EDGE('',*,*,#3099,.F.);
#3099 = EDGE_CURVE('',#3100,#3102,#3104,.T.);
#3100 = VERTEX_POINT('',#3101);
#3101 = CARTESIAN_POINT('',(-85.6,-44.99,58.));
#3102 = VERTEX_POINT('',#3103);
#3103 = CARTESIAN_POINT('',(85.6,-44.99,58.));
#3104 = LINE('',#3105,#3106);
#3105 = CARTESIAN_POINT('',(-85.6,-44.99,58.));
#3106 = VECTOR('',#3107,1.);
#3107 = DIRECTION('',(1.,0.,0.));
#3108 = ORIENTED_EDGE('',*,*,#3109,.T.);
#3109 = EDGE_CURVE('',#3100,#3110,#3112,.T.);
#3110 = VERTEX_POINT('',#3111);
#3111 = CARTESIAN_POINT('',(-85.6,-44.99,228.));
#3112 = LINE('',#3113,#3114);
#3113 = CARTESIAN_POINT('',(-85.6,-44.99,58.));
#3114 = VECTOR('',#3115,1.);
#3115 = DIRECTION('',(0.,0.,1.));
#3116 = ORIENTED_EDGE('',*,*,#3117,.T.);
#3117 = EDGE_CURVE('',#3110,#3118,#3120,.T.);
#3118 = VERTEX_POINT('',#3119);
#3119 = CARTESIAN_POINT('',(85.6,-44.99,228.));
#3120 = LINE('',#3121,#3122);
#3121 = CARTESIAN_POINT('',(-85.6,-44.99,228.));
#3122 = VECTOR('',#3123,1.);
#3123 = DIRECTION('',(1.,0.,0.));
#3124 = ORIENTED_EDGE('',*,*,#3125,.F.);
#3125 = EDGE_CURVE('',#3102,#3118,#3126,.T.);
#3126 = LINE('',#3127,#3128);
#3127 = CARTESIAN_POINT('',(85.6,-44.99,58.));
#3128 = VECTOR('',#3129,1.);
#3129 = DIRECTION('',(0.,0.,1.));
#3130 = FACE_BOUND('',#3131,.T.);
#3131 = EDGE_LOOP('',(#3132));
#3132 = ORIENTED_EDGE('',*,*,#3133,.F.);
#3133 = EDGE_CURVE('',#3134,#3134,#3136,.T.);
#3134 = VERTEX_POINT('',#3135);
#3135 = CARTESIAN_POINT('',(-45.,-44.99,178.2));
#3136 = CIRCLE('',#3137,2.2);
#3137 = AXIS2_PLACEMENT_3D('',#3138,#3139,#3140);
#3138 = CARTESIAN_POINT('',(-45.,-44.99,176.));
#3139 = DIRECTION('',(0.,1.,0.));
#3140 = DIRECTION('',(0.,0.,1.));
#3141 = FACE_BOUND('',#3142,.T.);
#3142 = EDGE_LOOP('',(#3143));
#3143 = ORIENTED_EDGE('',*,*,#3144,.F.);
#3144 = EDGE_CURVE('',#3145,#3145,#3147,.T.);
#3145 = VERTEX_POINT('',#3146);
#3146 = CARTESIAN_POINT('',(-45.,-44.99,208.2));
#3147 = CIRCLE('',#3148,2.2);
#3148 = AXIS2_PLACEMENT_3D('',#3149,#3150,#3151);
#3149 = CARTESIAN_POINT('',(-45.,-44.99,206.));
#3150 = DIRECTION('',(0.,1.,0.));
#3151 = DIRECTION('',(0.,0.,1.));
#3152 = FACE_BOUND('',#3153,.T.);
#3153 = EDGE_LOOP('',(#3154));
#3154 = ORIENTED_EDGE('',*,*,#3155,.F.);
#3155 = EDGE_CURVE('',#3156,#3156,#3158,.T.);
#3156 = VERTEX_POINT('',#3157);
#3157 = CARTESIAN_POINT('',(7.,-44.99,178.2));
#3158 = CIRCLE('',#3159,2.2);
#3159 = AXIS2_PLACEMENT_3D('',#3160,#3161,#3162);
#3160 = CARTESIAN_POINT('',(7.,-44.99,176.));
#3161 = DIRECTION('',(0.,1.,0.));
#3162 = DIRECTION('',(0.,0.,1.));
#3163 = FACE_BOUND('',#3164,.T.);
#3164 = EDGE_LOOP('',(#3165,#3166,#3167,#3168));
#3165 = ORIENTED_EDGE('',*,*,#2515,.F.);
#3166 = ORIENTED_EDGE('',*,*,#2580,.T.);
#3167 = ORIENTED_EDGE('',*,*,#2563,.T.);
#3168 = ORIENTED_EDGE('',*,*,#2539,.F.);
#3169 = FACE_BOUND('',#3170,.T.);
#3170 = EDGE_LOOP('',(#3171));
#3171 = ORIENTED_EDGE('',*,*,#3172,.F.);
#3172 = EDGE_CURVE('',#3173,#3173,#3175,.T.);
#3173 = VERTEX_POINT('',#3174);
#3174 = CARTESIAN_POINT('',(7.,-44.99,208.2));
#3175 = CIRCLE('',#3176,2.2);
#3176 = AXIS2_PLACEMENT_3D('',#3177,#3178,#3179);
#3177 = CARTESIAN_POINT('',(7.,-44.99,206.));
#3178 = DIRECTION('',(0.,1.,0.));
#3179 = DIRECTION('',(0.,0.,1.));
#3180 = PLANE('',#3181);
#3181 = AXIS2_PLACEMENT_3D('',#3182,#3183,#3184);
#3182 = CARTESIAN_POINT('',(-85.6,-44.99,58.));
#3183 = DIRECTION('',(0.,1.,0.));
#3184 = DIRECTION('',(0.,0.,1.));
#3185 = ADVANCED_FACE('',(#3186,#3211,#3214,#3225,#3236,#3247,#3258,
    #3269,#3280,#3291),#3302,.F.);
#3186 = FACE_BOUND('',#3187,.F.);
#3187 = EDGE_LOOP('',(#3188,#3196,#3197,#3205));
#3188 = ORIENTED_EDGE('',*,*,#3189,.F.);
#3189 = EDGE_CURVE('',#3110,#3190,#3192,.T.);
#3190 = VERTEX_POINT('',#3191);
#3191 = CARTESIAN_POINT('',(-85.6,56.6,228.));
#3192 = LINE('',#3193,#3194);
#3193 = CARTESIAN_POINT('',(-85.6,-44.99,228.));
#3194 = VECTOR('',#3195,1.);
#3195 = DIRECTION('',(0.,1.,0.));
#3196 = ORIENTED_EDGE('',*,*,#3117,.T.);
#3197 = ORIENTED_EDGE('',*,*,#3198,.T.);
#3198 = EDGE_CURVE('',#3118,#3199,#3201,.T.);
#3199 = VERTEX_POINT('',#3200);
#3200 = CARTESIAN_POINT('',(85.6,56.6,228.));
#3201 = LINE('',#3202,#3203);
#3202 = CARTESIAN_POINT('',(85.6,-44.99,228.));
#3203 = VECTOR('',#3204,1.);
#3204 = DIRECTION('',(0.,1.,0.));
#3205 = ORIENTED_EDGE('',*,*,#3206,.F.);
#3206 = EDGE_CURVE('',#3190,#3199,#3207,.T.);
#3207 = LINE('',#3208,#3209);
#3208 = CARTESIAN_POINT('',(-85.6,56.6,228.));
#3209 = VECTOR('',#3210,1.);
#3210 = DIRECTION('',(1.,0.,0.));
#3211 = FACE_BOUND('',#3212,.F.);
#3212 = EDGE_LOOP('',(#3213));
#3213 = ORIENTED_EDGE('',*,*,#2603,.F.);
#3214 = FACE_BOUND('',#3215,.F.);
#3215 = EDGE_LOOP('',(#3216));
#3216 = ORIENTED_EDGE('',*,*,#3217,.F.);
#3217 = EDGE_CURVE('',#3218,#3218,#3220,.T.);
#3218 = VERTEX_POINT('',#3219);
#3219 = CARTESIAN_POINT('',(-12.,-15.,228.));
#3220 = CIRCLE('',#3221,3.);
#3221 = AXIS2_PLACEMENT_3D('',#3222,#3223,#3224);
#3222 = CARTESIAN_POINT('',(-15.,-15.,228.));
#3223 = DIRECTION('',(0.,0.,1.));
#3224 = DIRECTION('',(1.,0.,0.));
#3225 = FACE_BOUND('',#3226,.F.);
#3226 = EDGE_LOOP('',(#3227));
#3227 = ORIENTED_EDGE('',*,*,#3228,.F.);
#3228 = EDGE_CURVE('',#3229,#3229,#3231,.T.);
#3229 = VERTEX_POINT('',#3230);
#3230 = CARTESIAN_POINT('',(28.5,-26.5,228.));
#3231 = CIRCLE('',#3232,3.);
#3232 = AXIS2_PLACEMENT_3D('',#3233,#3234,#3235);
#3233 = CARTESIAN_POINT('',(25.5,-26.5,228.));
#3234 = DIRECTION('',(0.,0.,1.));
#3235 = DIRECTION('',(1.,0.,0.));
#3236 = FACE_BOUND('',#3237,.F.);
#3237 = EDGE_LOOP('',(#3238));
#3238 = ORIENTED_EDGE('',*,*,#3239,.F.);
#3239 = EDGE_CURVE('',#3240,#3240,#3242,.T.);
#3240 = VERTEX_POINT('',#3241);
#3241 = CARTESIAN_POINT('',(18.,-15.,228.));
#3242 = CIRCLE('',#3243,3.);
#3243 = AXIS2_PLACEMENT_3D('',#3244,#3245,#3246);
#3244 = CARTESIAN_POINT('',(15.,-15.,228.));
#3245 = DIRECTION('',(0.,0.,1.));
#3246 = DIRECTION('',(1.,0.,0.));
#3247 = FACE_BOUND('',#3248,.F.);
#3248 = EDGE_LOOP('',(#3249));
#3249 = ORIENTED_EDGE('',*,*,#3250,.F.);
#3250 = EDGE_CURVE('',#3251,#3251,#3253,.T.);
#3251 = VERTEX_POINT('',#3252);
#3252 = CARTESIAN_POINT('',(77.5,-26.5,228.));
#3253 = CIRCLE('',#3254,3.);
#3254 = AXIS2_PLACEMENT_3D('',#3255,#3256,#3257);
#3255 = CARTESIAN_POINT('',(74.5,-26.5,228.));
#3256 = DIRECTION('',(0.,0.,1.));
#3257 = DIRECTION('',(1.,0.,0.));
#3258 = FACE_BOUND('',#3259,.F.);
#3259 = EDGE_LOOP('',(#3260));
#3260 = ORIENTED_EDGE('',*,*,#3261,.F.);
#3261 = EDGE_CURVE('',#3262,#3262,#3264,.T.);
#3262 = VERTEX_POINT('',#3263);
#3263 = CARTESIAN_POINT('',(-12.,15.,228.));
#3264 = CIRCLE('',#3265,3.);
#3265 = AXIS2_PLACEMENT_3D('',#3266,#3267,#3268);
#3266 = CARTESIAN_POINT('',(-15.,15.,228.));
#3267 = DIRECTION('',(0.,0.,1.));
#3268 = DIRECTION('',(1.,0.,0.));
#3269 = FACE_BOUND('',#3270,.F.);
#3270 = EDGE_LOOP('',(#3271));
#3271 = ORIENTED_EDGE('',*,*,#3272,.F.);
#3272 = EDGE_CURVE('',#3273,#3273,#3275,.T.);
#3273 = VERTEX_POINT('',#3274);
#3274 = CARTESIAN_POINT('',(18.,15.,228.));
#3275 = CIRCLE('',#3276,3.);
#3276 = AXIS2_PLACEMENT_3D('',#3277,#3278,#3279);
#3277 = CARTESIAN_POINT('',(15.,15.,228.));
#3278 = DIRECTION('',(0.,0.,1.));
#3279 = DIRECTION('',(1.,0.,0.));
#3280 = FACE_BOUND('',#3281,.F.);
#3281 = EDGE_LOOP('',(#3282));
#3282 = ORIENTED_EDGE('',*,*,#3283,.F.);
#3283 = EDGE_CURVE('',#3284,#3284,#3286,.T.);
#3284 = VERTEX_POINT('',#3285);
#3285 = CARTESIAN_POINT('',(28.5,31.5,228.));
#3286 = CIRCLE('',#3287,3.);
#3287 = AXIS2_PLACEMENT_3D('',#3288,#3289,#3290);
#3288 = CARTESIAN_POINT('',(25.5,31.5,228.));
#3289 = DIRECTION('',(0.,0.,1.));
#3290 = DIRECTION('',(1.,0.,0.));
#3291 = FACE_BOUND('',#3292,.F.);
#3292 = EDGE_LOOP('',(#3293));
#3293 = ORIENTED_EDGE('',*,*,#3294,.F.);
#3294 = EDGE_CURVE('',#3295,#3295,#3297,.T.);
#3295 = VERTEX_POINT('',#3296);
#3296 = CARTESIAN_POINT('',(77.5,31.5,228.));
#3297 = CIRCLE('',#3298,3.);
#3298 = AXIS2_PLACEMENT_3D('',#3299,#3300,#3301);
#3299 = CARTESIAN_POINT('',(74.5,31.5,228.));
#3300 = DIRECTION('',(0.,0.,1.));
#3301 = DIRECTION('',(1.,0.,0.));
#3302 = PLANE('',#3303);
#3303 = AXIS2_PLACEMENT_3D('',#3304,#3305,#3306);
#3304 = CARTESIAN_POINT('',(-85.6,-44.99,228.));
#3305 = DIRECTION('',(0.,0.,1.));
#3306 = DIRECTION('',(1.,0.,0.));
#3307 = ADVANCED_FACE('',(#3308,#3333,#3339,#3345),#3351,.F.);
#3308 = FACE_BOUND('',#3309,.F.);
#3309 = EDGE_LOOP('',(#3310,#3320,#3326,#3327));
#3310 = ORIENTED_EDGE('',*,*,#3311,.F.);
#3311 = EDGE_CURVE('',#3312,#3314,#3316,.T.);
#3312 = VERTEX_POINT('',#3313);
#3313 = CARTESIAN_POINT('',(-85.6,56.6,58.));
#3314 = VERTEX_POINT('',#3315);
#3315 = CARTESIAN_POINT('',(85.6,56.6,58.));
#3316 = LINE('',#3317,#3318);
#3317 = CARTESIAN_POINT('',(-85.6,56.6,58.));
#3318 = VECTOR('',#3319,1.);
#3319 = DIRECTION('',(1.,0.,0.));
#3320 = ORIENTED_EDGE('',*,*,#3321,.T.);
#3321 = EDGE_CURVE('',#3312,#3190,#3322,.T.);
#3322 = LINE('',#3323,#3324);
#3323 = CARTESIAN_POINT('',(-85.6,56.6,58.));
#3324 = VECTOR('',#3325,1.);
#3325 = DIRECTION('',(0.,0.,1.));
#3326 = ORIENTED_EDGE('',*,*,#3206,.T.);
#3327 = ORIENTED_EDGE('',*,*,#3328,.F.);
#3328 = EDGE_CURVE('',#3314,#3199,#3329,.T.);
#3329 = LINE('',#3330,#3331);
#3330 = CARTESIAN_POINT('',(85.6,56.6,58.));
#3331 = VECTOR('',#3332,1.);
#3332 = DIRECTION('',(0.,0.,1.));
#3333 = FACE_BOUND('',#3334,.F.);
#3334 = EDGE_LOOP('',(#3335,#3336,#3337,#3338));
#3335 = ORIENTED_EDGE('',*,*,#2627,.F.);
#3336 = ORIENTED_EDGE('',*,*,#2651,.T.);
#3337 = ORIENTED_EDGE('',*,*,#2699,.T.);
#3338 = ORIENTED_EDGE('',*,*,#2675,.F.);
#3339 = FACE_BOUND('',#3340,.F.);
#3340 = EDGE_LOOP('',(#3341,#3342,#3343,#3344));
#3341 = ORIENTED_EDGE('',*,*,#2723,.F.);
#3342 = ORIENTED_EDGE('',*,*,#2747,.T.);
#3343 = ORIENTED_EDGE('',*,*,#2795,.T.);
#3344 = ORIENTED_EDGE('',*,*,#2771,.F.);
#3345 = FACE_BOUND('',#3346,.F.);
#3346 = EDGE_LOOP('',(#3347,#3348,#3349,#3350));
#3347 = ORIENTED_EDGE('',*,*,#2819,.F.);
#3348 = ORIENTED_EDGE('',*,*,#2891,.T.);
#3349 = ORIENTED_EDGE('',*,*,#2874,.T.);
#3350 = ORIENTED_EDGE('',*,*,#2843,.F.);
#3351 = PLANE('',#3352);
#3352 = AXIS2_PLACEMENT_3D('',#3353,#3354,#3355);
#3353 = CARTESIAN_POINT('',(-85.6,56.6,58.));
#3354 = DIRECTION('',(0.,1.,0.));
#3355 = DIRECTION('',(0.,0.,1.));
#3356 = ADVANCED_FACE('',(#3357,#3373),#3379,.T.);
#3357 = FACE_BOUND('',#3358,.T.);
#3358 = EDGE_LOOP('',(#3359,#3365,#3366,#3372));
#3359 = ORIENTED_EDGE('',*,*,#3360,.F.);
#3360 = EDGE_CURVE('',#3100,#3312,#3361,.T.);
#3361 = LINE('',#3362,#3363);
#3362 = CARTESIAN_POINT('',(-85.6,-44.99,58.));
#3363 = VECTOR('',#3364,1.);
#3364 = DIRECTION('',(0.,1.,0.));
#3365 = ORIENTED_EDGE('',*,*,#3099,.T.);
#3366 = ORIENTED_EDGE('',*,*,#3367,.T.);
#3367 = EDGE_CURVE('',#3102,#3314,#3368,.T.);
#3368 = LINE('',#3369,#3370);
#3369 = CARTESIAN_POINT('',(85.6,-44.99,58.));
#3370 = VECTOR('',#3371,1.);
#3371 = DIRECTION('',(0.,1.,0.));
#3372 = ORIENTED_EDGE('',*,*,#3311,.F.);
#3373 = FACE_BOUND('',#3374,.T.);
#3374 = EDGE_LOOP('',(#3375,#3376,#3377,#3378));
#3375 = ORIENTED_EDGE('',*,*,#2924,.T.);
#3376 = ORIENTED_EDGE('',*,*,#2989,.T.);
#3377 = ORIENTED_EDGE('',*,*,#2972,.F.);
#3378 = ORIENTED_EDGE('',*,*,#2948,.F.);
#3379 = PLANE('',#3380);
#3380 = AXIS2_PLACEMENT_3D('',#3381,#3382,#3383);
#3381 = CARTESIAN_POINT('',(-85.6,-44.99,58.));
#3382 = DIRECTION('',(0.,0.,1.));
#3383 = DIRECTION('',(1.,0.,0.));
#3384 = ADVANCED_FACE('',(#3385,#3391),#3397,.F.);
#3385 = FACE_BOUND('',#3386,.F.);
#3386 = EDGE_LOOP('',(#3387,#3388,#3389,#3390));
#3387 = ORIENTED_EDGE('',*,*,#3125,.F.);
#3388 = ORIENTED_EDGE('',*,*,#3367,.T.);
#3389 = ORIENTED_EDGE('',*,*,#3328,.T.);
#3390 = ORIENTED_EDGE('',*,*,#3198,.F.);
#3391 = FACE_BOUND('',#3392,.F.);
#3392 = EDGE_LOOP('',(#3393,#3394,#3395,#3396));
#3393 = ORIENTED_EDGE('',*,*,#3011,.T.);
#3394 = ORIENTED_EDGE('',*,*,#3083,.T.);
#3395 = ORIENTED_EDGE('',*,*,#3059,.F.);
#3396 = ORIENTED_EDGE('',*,*,#3035,.F.);
#3397 = PLANE('',#3398);
#3398 = AXIS2_PLACEMENT_3D('',#3399,#3400,#3401);
#3399 = CARTESIAN_POINT('',(85.6,-44.99,58.));
#3400 = DIRECTION('',(1.,0.,0.));
#3401 = DIRECTION('',(0.,0.,1.));
#3402 = ADVANCED_FACE('',(#3403),#3409,.T.);
#3403 = FACE_BOUND('',#3404,.T.);
#3404 = EDGE_LOOP('',(#3405,#3406,#3407,#3408));
#3405 = ORIENTED_EDGE('',*,*,#3109,.F.);
#3406 = ORIENTED_EDGE('',*,*,#3360,.T.);
#3407 = ORIENTED_EDGE('',*,*,#3321,.T.);
#3408 = ORIENTED_EDGE('',*,*,#3189,.F.);
#3409 = PLANE('',#3410);
#3410 = AXIS2_PLACEMENT_3D('',#3411,#3412,#3413);
#3411 = CARTESIAN_POINT('',(-85.6,-44.99,58.));
#3412 = DIRECTION('',(1.,0.,0.));
#3413 = DIRECTION('',(0.,0.,1.));
#3414 = ADVANCED_FACE('',(#3415),#3434,.T.);
#3415 = FACE_BOUND('',#3416,.T.);
#3416 = EDGE_LOOP('',(#3417,#3426,#3432,#3433));
#3417 = ORIENTED_EDGE('',*,*,#3418,.F.);
#3418 = EDGE_CURVE('',#3419,#3419,#3421,.T.);
#3419 = VERTEX_POINT('',#3420);
#3420 = CARTESIAN_POINT('',(-45.,-39.99,178.2));
#3421 = CIRCLE('',#3422,2.2);
#3422 = AXIS2_PLACEMENT_3D('',#3423,#3424,#3425);
#3423 = CARTESIAN_POINT('',(-45.,-39.99,176.));
#3424 = DIRECTION('',(0.,1.,0.));
#3425 = DIRECTION('',(0.,0.,1.));
#3426 = ORIENTED_EDGE('',*,*,#3427,.F.);
#3427 = EDGE_CURVE('',#3134,#3419,#3428,.T.);
#3428 = LINE('',#3429,#3430);
#3429 = CARTESIAN_POINT('',(-45.,-44.99,178.2));
#3430 = VECTOR('',#3431,1.);
#3431 = DIRECTION('',(0.,1.,0.));
#3432 = ORIENTED_EDGE('',*,*,#3133,.T.);
#3433 = ORIENTED_EDGE('',*,*,#3427,.T.);
#3434 = CYLINDRICAL_SURFACE('',#3435,2.2);
#3435 = AXIS2_PLACEMENT_3D('',#3436,#3437,#3438);
#3436 = CARTESIAN_POINT('',(-45.,-44.99,176.));
#3437 = DIRECTION('',(0.,1.,0.));
#3438 = DIRECTION('',(0.,0.,1.));
#3439 = ADVANCED_FACE('',(#3440),#3459,.T.);
#3440 = FACE_BOUND('',#3441,.T.);
#3441 = EDGE_LOOP('',(#3442,#3451,#3457,#3458));
#3442 = ORIENTED_EDGE('',*,*,#3443,.F.);
#3443 = EDGE_CURVE('',#3444,#3444,#3446,.T.);
#3444 = VERTEX_POINT('',#3445);
#3445 = CARTESIAN_POINT('',(-45.,-39.99,208.2));
#3446 = CIRCLE('',#3447,2.2);
#3447 = AXIS2_PLACEMENT_3D('',#3448,#3449,#3450);
#3448 = CARTESIAN_POINT('',(-45.,-39.99,206.));
#3449 = DIRECTION('',(0.,1.,0.));
#3450 = DIRECTION('',(0.,0.,1.));
#3451 = ORIENTED_EDGE('',*,*,#3452,.F.);
#3452 = EDGE_CURVE('',#3145,#3444,#3453,.T.);
#3453 = LINE('',#3454,#3455);
#3454 = CARTESIAN_POINT('',(-45.,-44.99,208.2));
#3455 = VECTOR('',#3456,1.);
#3456 = DIRECTION('',(0.,1.,0.));
#3457 = ORIENTED_EDGE('',*,*,#3144,.T.);
#3458 = ORIENTED_EDGE('',*,*,#3452,.T.);
#3459 = CYLINDRICAL_SURFACE('',#3460,2.2);
#3460 = AXIS2_PLACEMENT_3D('',#3461,#3462,#3463);
#3461 = CARTESIAN_POINT('',(-45.,-44.99,206.));
#3462 = DIRECTION('',(0.,1.,0.));
#3463 = DIRECTION('',(0.,0.,1.));
#3464 = ADVANCED_FACE('',(#3465),#3484,.T.);
#3465 = FACE_BOUND('',#3466,.T.);
#3466 = EDGE_LOOP('',(#3467,#3476,#3482,#3483));
#3467 = ORIENTED_EDGE('',*,*,#3468,.F.);
#3468 = EDGE_CURVE('',#3469,#3469,#3471,.T.);
#3469 = VERTEX_POINT('',#3470);
#3470 = CARTESIAN_POINT('',(7.,-39.99,178.2));
#3471 = CIRCLE('',#3472,2.2);
#3472 = AXIS2_PLACEMENT_3D('',#3473,#3474,#3475);
#3473 = CARTESIAN_POINT('',(7.,-39.99,176.));
#3474 = DIRECTION('',(0.,1.,0.));
#3475 = DIRECTION('',(0.,0.,1.));
#3476 = ORIENTED_EDGE('',*,*,#3477,.F.);
#3477 = EDGE_CURVE('',#3156,#3469,#3478,.T.);
#3478 = LINE('',#3479,#3480);
#3479 = CARTESIAN_POINT('',(7.,-44.99,178.2));
#3480 = VECTOR('',#3481,1.);
#3481 = DIRECTION('',(0.,1.,0.));
#3482 = ORIENTED_EDGE('',*,*,#3155,.T.);
#3483 = ORIENTED_EDGE('',*,*,#3477,.T.);
#3484 = CYLINDRICAL_SURFACE('',#3485,2.2);
#3485 = AXIS2_PLACEMENT_3D('',#3486,#3487,#3488);
#3486 = CARTESIAN_POINT('',(7.,-44.99,176.));
#3487 = DIRECTION('',(0.,1.,0.));
#3488 = DIRECTION('',(0.,0.,1.));
#3489 = ADVANCED_FACE('',(#3490),#3509,.T.);
#3490 = FACE_BOUND('',#3491,.T.);
#3491 = EDGE_LOOP('',(#3492,#3501,#3507,#3508));
#3492 = ORIENTED_EDGE('',*,*,#3493,.F.);
#3493 = EDGE_CURVE('',#3494,#3494,#3496,.T.);
#3494 = VERTEX_POINT('',#3495);
#3495 = CARTESIAN_POINT('',(7.,-39.99,208.2));
#3496 = CIRCLE('',#3497,2.2);
#3497 = AXIS2_PLACEMENT_3D('',#3498,#3499,#3500);
#3498 = CARTESIAN_POINT('',(7.,-39.99,206.));
#3499 = DIRECTION('',(0.,1.,0.));
#3500 = DIRECTION('',(0.,0.,1.));
#3501 = ORIENTED_EDGE('',*,*,#3502,.F.);
#3502 = EDGE_CURVE('',#3173,#3494,#3503,.T.);
#3503 = LINE('',#3504,#3505);
#3504 = CARTESIAN_POINT('',(7.,-44.99,208.2));
#3505 = VECTOR('',#3506,1.);
#3506 = DIRECTION('',(0.,1.,0.));
#3507 = ORIENTED_EDGE('',*,*,#3172,.T.);
#3508 = ORIENTED_EDGE('',*,*,#3502,.T.);
#3509 = CYLINDRICAL_SURFACE('',#3510,2.2);
#3510 = AXIS2_PLACEMENT_3D('',#3511,#3512,#3513);
#3511 = CARTESIAN_POINT('',(7.,-44.99,206.));
#3512 = DIRECTION('',(0.,1.,0.));
#3513 = DIRECTION('',(0.,0.,1.));
#3514 = ADVANCED_FACE('',(#3515),#3534,.T.);
#3515 = FACE_BOUND('',#3516,.T.);
#3516 = EDGE_LOOP('',(#3517,#3518,#3526,#3533));
#3517 = ORIENTED_EDGE('',*,*,#3217,.F.);
#3518 = ORIENTED_EDGE('',*,*,#3519,.F.);
#3519 = EDGE_CURVE('',#3520,#3218,#3522,.T.);
#3520 = VERTEX_POINT('',#3521);
#3521 = CARTESIAN_POINT('',(-12.,-15.,220.));
#3522 = LINE('',#3523,#3524);
#3523 = CARTESIAN_POINT('',(-12.,-15.,220.));
#3524 = VECTOR('',#3525,1.);
#3525 = DIRECTION('',(0.,0.,1.));
#3526 = ORIENTED_EDGE('',*,*,#3527,.T.);
#3527 = EDGE_CURVE('',#3520,#3520,#3528,.T.);
#3528 = CIRCLE('',#3529,3.);
#3529 = AXIS2_PLACEMENT_3D('',#3530,#3531,#3532);
#3530 = CARTESIAN_POINT('',(-15.,-15.,220.));
#3531 = DIRECTION('',(0.,0.,1.));
#3532 = DIRECTION('',(1.,0.,0.));
#3533 = ORIENTED_EDGE('',*,*,#3519,.T.);
#3534 = CYLINDRICAL_SURFACE('',#3535,3.);
#3535 = AXIS2_PLACEMENT_3D('',#3536,#3537,#3538);
#3536 = CARTESIAN_POINT('',(-15.,-15.,220.));
#3537 = DIRECTION('',(0.,0.,1.));
#3538 = DIRECTION('',(1.,0.,0.));
#3539 = ADVANCED_FACE('',(#3540),#3559,.T.);
#3540 = FACE_BOUND('',#3541,.T.);
#3541 = EDGE_LOOP('',(#3542,#3543,#3551,#3558));
#3542 = ORIENTED_EDGE('',*,*,#3228,.F.);
#3543 = ORIENTED_EDGE('',*,*,#3544,.F.);
#3544 = EDGE_CURVE('',#3545,#3229,#3547,.T.);
#3545 = VERTEX_POINT('',#3546);
#3546 = CARTESIAN_POINT('',(28.5,-26.5,220.));
#3547 = LINE('',#3548,#3549);
#3548 = CARTESIAN_POINT('',(28.5,-26.5,220.));
#3549 = VECTOR('',#3550,1.);
#3550 = DIRECTION('',(0.,0.,1.));
#3551 = ORIENTED_EDGE('',*,*,#3552,.T.);
#3552 = EDGE_CURVE('',#3545,#3545,#3553,.T.);
#3553 = CIRCLE('',#3554,3.);
#3554 = AXIS2_PLACEMENT_3D('',#3555,#3556,#3557);
#3555 = CARTESIAN_POINT('',(25.5,-26.5,220.));
#3556 = DIRECTION('',(0.,0.,1.));
#3557 = DIRECTION('',(1.,0.,0.));
#3558 = ORIENTED_EDGE('',*,*,#3544,.T.);
#3559 = CYLINDRICAL_SURFACE('',#3560,3.);
#3560 = AXIS2_PLACEMENT_3D('',#3561,#3562,#3563);
#3561 = CARTESIAN_POINT('',(25.5,-26.5,220.));
#3562 = DIRECTION('',(0.,0.,1.));
#3563 = DIRECTION('',(1.,0.,0.));
#3564 = ADVANCED_FACE('',(#3565),#3584,.T.);
#3565 = FACE_BOUND('',#3566,.T.);
#3566 = EDGE_LOOP('',(#3567,#3568,#3576,#3583));
#3567 = ORIENTED_EDGE('',*,*,#3239,.F.);
#3568 = ORIENTED_EDGE('',*,*,#3569,.F.);
#3569 = EDGE_CURVE('',#3570,#3240,#3572,.T.);
#3570 = VERTEX_POINT('',#3571);
#3571 = CARTESIAN_POINT('',(18.,-15.,220.));
#3572 = LINE('',#3573,#3574);
#3573 = CARTESIAN_POINT('',(18.,-15.,220.));
#3574 = VECTOR('',#3575,1.);
#3575 = DIRECTION('',(0.,0.,1.));
#3576 = ORIENTED_EDGE('',*,*,#3577,.T.);
#3577 = EDGE_CURVE('',#3570,#3570,#3578,.T.);
#3578 = CIRCLE('',#3579,3.);
#3579 = AXIS2_PLACEMENT_3D('',#3580,#3581,#3582);
#3580 = CARTESIAN_POINT('',(15.,-15.,220.));
#3581 = DIRECTION('',(0.,0.,1.));
#3582 = DIRECTION('',(1.,0.,0.));
#3583 = ORIENTED_EDGE('',*,*,#3569,.T.);
#3584 = CYLINDRICAL_SURFACE('',#3585,3.);
#3585 = AXIS2_PLACEMENT_3D('',#3586,#3587,#3588);
#3586 = CARTESIAN_POINT('',(15.,-15.,220.));
#3587 = DIRECTION('',(0.,0.,1.));
#3588 = DIRECTION('',(1.,0.,0.));
#3589 = ADVANCED_FACE('',(#3590),#3609,.T.);
#3590 = FACE_BOUND('',#3591,.T.);
#3591 = EDGE_LOOP('',(#3592,#3593,#3601,#3608));
#3592 = ORIENTED_EDGE('',*,*,#3250,.F.);
#3593 = ORIENTED_EDGE('',*,*,#3594,.F.);
#3594 = EDGE_CURVE('',#3595,#3251,#3597,.T.);
#3595 = VERTEX_POINT('',#3596);
#3596 = CARTESIAN_POINT('',(77.5,-26.5,220.));
#3597 = LINE('',#3598,#3599);
#3598 = CARTESIAN_POINT('',(77.5,-26.5,220.));
#3599 = VECTOR('',#3600,1.);
#3600 = DIRECTION('',(0.,0.,1.));
#3601 = ORIENTED_EDGE('',*,*,#3602,.T.);
#3602 = EDGE_CURVE('',#3595,#3595,#3603,.T.);
#3603 = CIRCLE('',#3604,3.);
#3604 = AXIS2_PLACEMENT_3D('',#3605,#3606,#3607);
#3605 = CARTESIAN_POINT('',(74.5,-26.5,220.));
#3606 = DIRECTION('',(0.,0.,1.));
#3607 = DIRECTION('',(1.,0.,0.));
#3608 = ORIENTED_EDGE('',*,*,#3594,.T.);
#3609 = CYLINDRICAL_SURFACE('',#3610,3.);
#3610 = AXIS2_PLACEMENT_3D('',#3611,#3612,#3613);
#3611 = CARTESIAN_POINT('',(74.5,-26.5,220.));
#3612 = DIRECTION('',(0.,0.,1.));
#3613 = DIRECTION('',(1.,0.,0.));
#3614 = ADVANCED_FACE('',(#3615),#3634,.T.);
#3615 = FACE_BOUND('',#3616,.T.);
#3616 = EDGE_LOOP('',(#3617,#3618,#3626,#3633));
#3617 = ORIENTED_EDGE('',*,*,#3261,.F.);
#3618 = ORIENTED_EDGE('',*,*,#3619,.F.);
#3619 = EDGE_CURVE('',#3620,#3262,#3622,.T.);
#3620 = VERTEX_POINT('',#3621);
#3621 = CARTESIAN_POINT('',(-12.,15.,220.));
#3622 = LINE('',#3623,#3624);
#3623 = CARTESIAN_POINT('',(-12.,15.,220.));
#3624 = VECTOR('',#3625,1.);
#3625 = DIRECTION('',(0.,0.,1.));
#3626 = ORIENTED_EDGE('',*,*,#3627,.T.);
#3627 = EDGE_CURVE('',#3620,#3620,#3628,.T.);
#3628 = CIRCLE('',#3629,3.);
#3629 = AXIS2_PLACEMENT_3D('',#3630,#3631,#3632);
#3630 = CARTESIAN_POINT('',(-15.,15.,220.));
#3631 = DIRECTION('',(0.,0.,1.));
#3632 = DIRECTION('',(1.,0.,0.));
#3633 = ORIENTED_EDGE('',*,*,#3619,.T.);
#3634 = CYLINDRICAL_SURFACE('',#3635,3.);
#3635 = AXIS2_PLACEMENT_3D('',#3636,#3637,#3638);
#3636 = CARTESIAN_POINT('',(-15.,15.,220.));
#3637 = DIRECTION('',(0.,0.,1.));
#3638 = DIRECTION('',(1.,0.,0.));
#3639 = ADVANCED_FACE('',(#3640),#3659,.T.);
#3640 = FACE_BOUND('',#3641,.T.);
#3641 = EDGE_LOOP('',(#3642,#3643,#3651,#3658));
#3642 = ORIENTED_EDGE('',*,*,#3272,.F.);
#3643 = ORIENTED_EDGE('',*,*,#3644,.F.);
#3644 = EDGE_CURVE('',#3645,#3273,#3647,.T.);
#3645 = VERTEX_POINT('',#3646);
#3646 = CARTESIAN_POINT('',(18.,15.,220.));
#3647 = LINE('',#3648,#3649);
#3648 = CARTESIAN_POINT('',(18.,15.,220.));
#3649 = VECTOR('',#3650,1.);
#3650 = DIRECTION('',(0.,0.,1.));
#3651 = ORIENTED_EDGE('',*,*,#3652,.T.);
#3652 = EDGE_CURVE('',#3645,#3645,#3653,.T.);
#3653 = CIRCLE('',#3654,3.);
#3654 = AXIS2_PLACEMENT_3D('',#3655,#3656,#3657);
#3655 = CARTESIAN_POINT('',(15.,15.,220.));
#3656 = DIRECTION('',(0.,0.,1.));
#3657 = DIRECTION('',(1.,0.,0.));
#3658 = ORIENTED_EDGE('',*,*,#3644,.T.);
#3659 = CYLINDRICAL_SURFACE('',#3660,3.);
#3660 = AXIS2_PLACEMENT_3D('',#3661,#3662,#3663);
#3661 = CARTESIAN_POINT('',(15.,15.,220.));
#3662 = DIRECTION('',(0.,0.,1.));
#3663 = DIRECTION('',(1.,0.,0.));
#3664 = ADVANCED_FACE('',(#3665),#3684,.T.);
#3665 = FACE_BOUND('',#3666,.T.);
#3666 = EDGE_LOOP('',(#3667,#3668,#3676,#3683));
#3667 = ORIENTED_EDGE('',*,*,#3283,.F.);
#3668 = ORIENTED_EDGE('',*,*,#3669,.F.);
#3669 = EDGE_CURVE('',#3670,#3284,#3672,.T.);
#3670 = VERTEX_POINT('',#3671);
#3671 = CARTESIAN_POINT('',(28.5,31.5,220.));
#3672 = LINE('',#3673,#3674);
#3673 = CARTESIAN_POINT('',(28.5,31.5,220.));
#3674 = VECTOR('',#3675,1.);
#3675 = DIRECTION('',(0.,0.,1.));
#3676 = ORIENTED_EDGE('',*,*,#3677,.T.);
#3677 = EDGE_CURVE('',#3670,#3670,#3678,.T.);
#3678 = CIRCLE('',#3679,3.);
#3679 = AXIS2_PLACEMENT_3D('',#3680,#3681,#3682);
#3680 = CARTESIAN_POINT('',(25.5,31.5,220.));
#3681 = DIRECTION('',(0.,0.,1.));
#3682 = DIRECTION('',(1.,0.,0.));
#3683 = ORIENTED_EDGE('',*,*,#3669,.T.);
#3684 = CYLINDRICAL_SURFACE('',#3685,3.);
#3685 = AXIS2_PLACEMENT_3D('',#3686,#3687,#3688);
#3686 = CARTESIAN_POINT('',(25.5,31.5,220.));
#3687 = DIRECTION('',(0.,0.,1.));
#3688 = DIRECTION('',(1.,0.,0.));
#3689 = ADVANCED_FACE('',(#3690),#3709,.T.);
#3690 = FACE_BOUND('',#3691,.T.);
#3691 = EDGE_LOOP('',(#3692,#3693,#3701,#3708));
#3692 = ORIENTED_EDGE('',*,*,#3294,.F.);
#3693 = ORIENTED_EDGE('',*,*,#3694,.F.);
#3694 = EDGE_CURVE('',#3695,#3295,#3697,.T.);
#3695 = VERTEX_POINT('',#3696);
#3696 = CARTESIAN_POINT('',(77.5,31.5,220.));
#3697 = LINE('',#3698,#3699);
#3698 = CARTESIAN_POINT('',(77.5,31.5,220.));
#3699 = VECTOR('',#3700,1.);
#3700 = DIRECTION('',(0.,0.,1.));
#3701 = ORIENTED_EDGE('',*,*,#3702,.T.);
#3702 = EDGE_CURVE('',#3695,#3695,#3703,.T.);
#3703 = CIRCLE('',#3704,3.);
#3704 = AXIS2_PLACEMENT_3D('',#3705,#3706,#3707);
#3705 = CARTESIAN_POINT('',(74.5,31.5,220.));
#3706 = DIRECTION('',(0.,0.,1.));
#3707 = DIRECTION('',(1.,0.,0.));
#3708 = ORIENTED_EDGE('',*,*,#3694,.T.);
#3709 = CYLINDRICAL_SURFACE('',#3710,3.);
#3710 = AXIS2_PLACEMENT_3D('',#3711,#3712,#3713);
#3711 = CARTESIAN_POINT('',(74.5,31.5,220.));
#3712 = DIRECTION('',(0.,0.,1.));
#3713 = DIRECTION('',(1.,0.,0.));
#3714 = ADVANCED_FACE('',(#3715,#3718),#3729,.T.);
#3715 = FACE_BOUND('',#3716,.T.);
#3716 = EDGE_LOOP('',(#3717));
#3717 = ORIENTED_EDGE('',*,*,#3418,.T.);
#3718 = FACE_BOUND('',#3719,.T.);
#3719 = EDGE_LOOP('',(#3720));
#3720 = ORIENTED_EDGE('',*,*,#3721,.F.);
#3721 = EDGE_CURVE('',#3722,#3722,#3724,.T.);
#3722 = VERTEX_POINT('',#3723);
#3723 = CARTESIAN_POINT('',(-45.,-39.99,176.9));
#3724 = CIRCLE('',#3725,0.9);
#3725 = AXIS2_PLACEMENT_3D('',#3726,#3727,#3728);
#3726 = CARTESIAN_POINT('',(-45.,-39.99,176.));
#3727 = DIRECTION('',(0.,1.,0.));
#3728 = DIRECTION('',(0.,0.,1.));
#3729 = PLANE('',#3730);
#3730 = AXIS2_PLACEMENT_3D('',#3731,#3732,#3733);
#3731 = CARTESIAN_POINT('',(-45.,-39.99,176.));
#3732 = DIRECTION('',(0.,1.,0.));
#3733 = DIRECTION('',(0.,0.,1.));
#3734 = ADVANCED_FACE('',(#3735,#3738),#3749,.T.);
#3735 = FACE_BOUND('',#3736,.T.);
#3736 = EDGE_LOOP('',(#3737));
#3737 = ORIENTED_EDGE('',*,*,#3443,.T.);
#3738 = FACE_BOUND('',#3739,.T.);
#3739 = EDGE_LOOP('',(#3740));
#3740 = ORIENTED_EDGE('',*,*,#3741,.F.);
#3741 = EDGE_CURVE('',#3742,#3742,#3744,.T.);
#3742 = VERTEX_POINT('',#3743);
#3743 = CARTESIAN_POINT('',(-45.,-39.99,206.9));
#3744 = CIRCLE('',#3745,0.9);
#3745 = AXIS2_PLACEMENT_3D('',#3746,#3747,#3748);
#3746 = CARTESIAN_POINT('',(-45.,-39.99,206.));
#3747 = DIRECTION('',(0.,1.,0.));
#3748 = DIRECTION('',(0.,0.,1.));
#3749 = PLANE('',#3750);
#3750 = AXIS2_PLACEMENT_3D('',#3751,#3752,#3753);
#3751 = CARTESIAN_POINT('',(-45.,-39.99,206.));
#3752 = DIRECTION('',(0.,1.,0.));
#3753 = DIRECTION('',(0.,0.,1.));
#3754 = ADVANCED_FACE('',(#3755,#3758),#3769,.T.);
#3755 = FACE_BOUND('',#3756,.T.);
#3756 = EDGE_LOOP('',(#3757));
#3757 = ORIENTED_EDGE('',*,*,#3468,.T.);
#3758 = FACE_BOUND('',#3759,.T.);
#3759 = EDGE_LOOP('',(#3760));
#3760 = ORIENTED_EDGE('',*,*,#3761,.F.);
#3761 = EDGE_CURVE('',#3762,#3762,#3764,.T.);
#3762 = VERTEX_POINT('',#3763);
#3763 = CARTESIAN_POINT('',(7.,-39.99,176.9));
#3764 = CIRCLE('',#3765,0.9);
#3765 = AXIS2_PLACEMENT_3D('',#3766,#3767,#3768);
#3766 = CARTESIAN_POINT('',(7.,-39.99,176.));
#3767 = DIRECTION('',(0.,1.,0.));
#3768 = DIRECTION('',(0.,0.,1.));
#3769 = PLANE('',#3770);
#3770 = AXIS2_PLACEMENT_3D('',#3771,#3772,#3773);
#3771 = CARTESIAN_POINT('',(7.,-39.99,176.));
#3772 = DIRECTION('',(0.,1.,0.));
#3773 = DIRECTION('',(0.,0.,1.));
#3774 = ADVANCED_FACE('',(#3775,#3778),#3789,.T.);
#3775 = FACE_BOUND('',#3776,.T.);
#3776 = EDGE_LOOP('',(#3777));
#3777 = ORIENTED_EDGE('',*,*,#3493,.T.);
#3778 = FACE_BOUND('',#3779,.T.);
#3779 = EDGE_LOOP('',(#3780));
#3780 = ORIENTED_EDGE('',*,*,#3781,.F.);
#3781 = EDGE_CURVE('',#3782,#3782,#3784,.T.);
#3782 = VERTEX_POINT('',#3783);
#3783 = CARTESIAN_POINT('',(7.,-39.99,206.9));
#3784 = CIRCLE('',#3785,0.9);
#3785 = AXIS2_PLACEMENT_3D('',#3786,#3787,#3788);
#3786 = CARTESIAN_POINT('',(7.,-39.99,206.));
#3787 = DIRECTION('',(0.,1.,0.));
#3788 = DIRECTION('',(0.,0.,1.));
#3789 = PLANE('',#3790);
#3790 = AXIS2_PLACEMENT_3D('',#3791,#3792,#3793);
#3791 = CARTESIAN_POINT('',(7.,-39.99,206.));
#3792 = DIRECTION('',(0.,1.,0.));
#3793 = DIRECTION('',(0.,0.,1.));
#3794 = ADVANCED_FACE('',(#3795,#3798),#3809,.F.);
#3795 = FACE_BOUND('',#3796,.F.);
#3796 = EDGE_LOOP('',(#3797));
#3797 = ORIENTED_EDGE('',*,*,#3527,.T.);
#3798 = FACE_BOUND('',#3799,.F.);
#3799 = EDGE_LOOP('',(#3800));
#3800 = ORIENTED_EDGE('',*,*,#3801,.F.);
#3801 = EDGE_CURVE('',#3802,#3802,#3804,.T.);
#3802 = VERTEX_POINT('',#3803);
#3803 = CARTESIAN_POINT('',(-13.9,-15.,220.));
#3804 = CIRCLE('',#3805,1.1);
#3805 = AXIS2_PLACEMENT_3D('',#3806,#3807,#3808);
#3806 = CARTESIAN_POINT('',(-15.,-15.,220.));
#3807 = DIRECTION('',(0.,0.,1.));
#3808 = DIRECTION('',(1.,0.,0.));
#3809 = PLANE('',#3810);
#3810 = AXIS2_PLACEMENT_3D('',#3811,#3812,#3813);
#3811 = CARTESIAN_POINT('',(-15.,-15.,220.));
#3812 = DIRECTION('',(0.,0.,1.));
#3813 = DIRECTION('',(1.,0.,0.));
#3814 = ADVANCED_FACE('',(#3815,#3818),#3829,.F.);
#3815 = FACE_BOUND('',#3816,.F.);
#3816 = EDGE_LOOP('',(#3817));
#3817 = ORIENTED_EDGE('',*,*,#3552,.T.);
#3818 = FACE_BOUND('',#3819,.F.);
#3819 = EDGE_LOOP('',(#3820));
#3820 = ORIENTED_EDGE('',*,*,#3821,.F.);
#3821 = EDGE_CURVE('',#3822,#3822,#3824,.T.);
#3822 = VERTEX_POINT('',#3823);
#3823 = CARTESIAN_POINT('',(26.6,-26.5,220.));
#3824 = CIRCLE('',#3825,1.1);
#3825 = AXIS2_PLACEMENT_3D('',#3826,#3827,#3828);
#3826 = CARTESIAN_POINT('',(25.5,-26.5,220.));
#3827 = DIRECTION('',(0.,0.,1.));
#3828 = DIRECTION('',(1.,0.,0.));
#3829 = PLANE('',#3830);
#3830 = AXIS2_PLACEMENT_3D('',#3831,#3832,#3833);
#3831 = CARTESIAN_POINT('',(25.5,-26.5,220.));
#3832 = DIRECTION('',(0.,0.,1.));
#3833 = DIRECTION('',(1.,0.,0.));
#3834 = ADVANCED_FACE('',(#3835,#3838),#3849,.F.);
#3835 = FACE_BOUND('',#3836,.F.);
#3836 = EDGE_LOOP('',(#3837));
#3837 = ORIENTED_EDGE('',*,*,#3577,.T.);
#3838 = FACE_BOUND('',#3839,.F.);
#3839 = EDGE_LOOP('',(#3840));
#3840 = ORIENTED_EDGE('',*,*,#3841,.F.);
#3841 = EDGE_CURVE('',#3842,#3842,#3844,.T.);
#3842 = VERTEX_POINT('',#3843);
#3843 = CARTESIAN_POINT('',(16.1,-15.,220.));
#3844 = CIRCLE('',#3845,1.1);
#3845 = AXIS2_PLACEMENT_3D('',#3846,#3847,#3848);
#3846 = CARTESIAN_POINT('',(15.,-15.,220.));
#3847 = DIRECTION('',(0.,0.,1.));
#3848 = DIRECTION('',(1.,0.,0.));
#3849 = PLANE('',#3850);
#3850 = AXIS2_PLACEMENT_3D('',#3851,#3852,#3853);
#3851 = CARTESIAN_POINT('',(15.,-15.,220.));
#3852 = DIRECTION('',(0.,0.,1.));
#3853 = DIRECTION('',(1.,0.,0.));
#3854 = ADVANCED_FACE('',(#3855,#3858),#3869,.F.);
#3855 = FACE_BOUND('',#3856,.F.);
#3856 = EDGE_LOOP('',(#3857));
#3857 = ORIENTED_EDGE('',*,*,#3602,.T.);
#3858 = FACE_BOUND('',#3859,.F.);
#3859 = EDGE_LOOP('',(#3860));
#3860 = ORIENTED_EDGE('',*,*,#3861,.F.);
#3861 = EDGE_CURVE('',#3862,#3862,#3864,.T.);
#3862 = VERTEX_POINT('',#3863);
#3863 = CARTESIAN_POINT('',(75.6,-26.5,220.));
#3864 = CIRCLE('',#3865,1.1);
#3865 = AXIS2_PLACEMENT_3D('',#3866,#3867,#3868);
#3866 = CARTESIAN_POINT('',(74.5,-26.5,220.));
#3867 = DIRECTION('',(0.,0.,1.));
#3868 = DIRECTION('',(1.,0.,0.));
#3869 = PLANE('',#3870);
#3870 = AXIS2_PLACEMENT_3D('',#3871,#3872,#3873);
#3871 = CARTESIAN_POINT('',(74.5,-26.5,220.));
#3872 = DIRECTION('',(0.,0.,1.));
#3873 = DIRECTION('',(1.,0.,0.));
#3874 = ADVANCED_FACE('',(#3875,#3878),#3889,.F.);
#3875 = FACE_BOUND('',#3876,.F.);
#3876 = EDGE_LOOP('',(#3877));
#3877 = ORIENTED_EDGE('',*,*,#3627,.T.);
#3878 = FACE_BOUND('',#3879,.F.);
#3879 = EDGE_LOOP('',(#3880));
#3880 = ORIENTED_EDGE('',*,*,#3881,.F.);
#3881 = EDGE_CURVE('',#3882,#3882,#3884,.T.);
#3882 = VERTEX_POINT('',#3883);
#3883 = CARTESIAN_POINT('',(-13.9,15.,220.));
#3884 = CIRCLE('',#3885,1.1);
#3885 = AXIS2_PLACEMENT_3D('',#3886,#3887,#3888);
#3886 = CARTESIAN_POINT('',(-15.,15.,220.));
#3887 = DIRECTION('',(0.,0.,1.));
#3888 = DIRECTION('',(1.,0.,0.));
#3889 = PLANE('',#3890);
#3890 = AXIS2_PLACEMENT_3D('',#3891,#3892,#3893);
#3891 = CARTESIAN_POINT('',(-15.,15.,220.));
#3892 = DIRECTION('',(0.,0.,1.));
#3893 = DIRECTION('',(1.,0.,0.));
#3894 = ADVANCED_FACE('',(#3895,#3898),#3909,.F.);
#3895 = FACE_BOUND('',#3896,.F.);
#3896 = EDGE_LOOP('',(#3897));
#3897 = ORIENTED_EDGE('',*,*,#3652,.T.);
#3898 = FACE_BOUND('',#3899,.F.);
#3899 = EDGE_LOOP('',(#3900));
#3900 = ORIENTED_EDGE('',*,*,#3901,.F.);
#3901 = EDGE_CURVE('',#3902,#3902,#3904,.T.);
#3902 = VERTEX_POINT('',#3903);
#3903 = CARTESIAN_POINT('',(16.1,15.,220.));
#3904 = CIRCLE('',#3905,1.1);
#3905 = AXIS2_PLACEMENT_3D('',#3906,#3907,#3908);
#3906 = CARTESIAN_POINT('',(15.,15.,220.));
#3907 = DIRECTION('',(0.,0.,1.));
#3908 = DIRECTION('',(1.,0.,0.));
#3909 = PLANE('',#3910);
#3910 = AXIS2_PLACEMENT_3D('',#3911,#3912,#3913);
#3911 = CARTESIAN_POINT('',(15.,15.,220.));
#3912 = DIRECTION('',(0.,0.,1.));
#3913 = DIRECTION('',(1.,0.,0.));
#3914 = ADVANCED_FACE('',(#3915,#3918),#3929,.F.);
#3915 = FACE_BOUND('',#3916,.F.);
#3916 = EDGE_LOOP('',(#3917));
#3917 = ORIENTED_EDGE('',*,*,#3677,.T.);
#3918 = FACE_BOUND('',#3919,.F.);
#3919 = EDGE_LOOP('',(#3920));
#3920 = ORIENTED_EDGE('',*,*,#3921,.F.);
#3921 = EDGE_CURVE('',#3922,#3922,#3924,.T.);
#3922 = VERTEX_POINT('',#3923);
#3923 = CARTESIAN_POINT('',(26.6,31.5,220.));
#3924 = CIRCLE('',#3925,1.1);
#3925 = AXIS2_PLACEMENT_3D('',#3926,#3927,#3928);
#3926 = CARTESIAN_POINT('',(25.5,31.5,220.));
#3927 = DIRECTION('',(0.,0.,1.));
#3928 = DIRECTION('',(1.,0.,0.));
#3929 = PLANE('',#3930);
#3930 = AXIS2_PLACEMENT_3D('',#3931,#3932,#3933);
#3931 = CARTESIAN_POINT('',(25.5,31.5,220.));
#3932 = DIRECTION('',(0.,0.,1.));
#3933 = DIRECTION('',(1.,0.,0.));
#3934 = ADVANCED_FACE('',(#3935,#3938),#3949,.F.);
#3935 = FACE_BOUND('',#3936,.F.);
#3936 = EDGE_LOOP('',(#3937));
#3937 = ORIENTED_EDGE('',*,*,#3702,.T.);
#3938 = FACE_BOUND('',#3939,.F.);
#3939 = EDGE_LOOP('',(#3940));
#3940 = ORIENTED_EDGE('',*,*,#3941,.F.);
#3941 = EDGE_CURVE('',#3942,#3942,#3944,.T.);
#3942 = VERTEX_POINT('',#3943);
#3943 = CARTESIAN_POINT('',(75.6,31.5,220.));
#3944 = CIRCLE('',#3945,1.1);
#3945 = AXIS2_PLACEMENT_3D('',#3946,#3947,#3948);
#3946 = CARTESIAN_POINT('',(74.5,31.5,220.));
#3947 = DIRECTION('',(0.,0.,1.));
#3948 = DIRECTION('',(1.,0.,0.));
#3949 = PLANE('',#3950);
#3950 = AXIS2_PLACEMENT_3D('',#3951,#3952,#3953);
#3951 = CARTESIAN_POINT('',(74.5,31.5,220.));
#3952 = DIRECTION('',(0.,0.,1.));
#3953 = DIRECTION('',(1.,0.,0.));
#3954 = ADVANCED_FACE('',(#3955),#3974,.F.);
#3955 = FACE_BOUND('',#3956,.F.);
#3956 = EDGE_LOOP('',(#3957,#3958,#3966,#3973));
#3957 = ORIENTED_EDGE('',*,*,#3721,.F.);
#3958 = ORIENTED_EDGE('',*,*,#3959,.F.);
#3959 = EDGE_CURVE('',#3960,#3722,#3962,.T.);
#3960 = VERTEX_POINT('',#3961);
#3961 = CARTESIAN_POINT('',(-45.,-45.19,176.9));
#3962 = LINE('',#3963,#3964);
#3963 = CARTESIAN_POINT('',(-45.,-45.19,176.9));
#3964 = VECTOR('',#3965,1.);
#3965 = DIRECTION('',(0.,1.,0.));
#3966 = ORIENTED_EDGE('',*,*,#3967,.T.);
#3967 = EDGE_CURVE('',#3960,#3960,#3968,.T.);
#3968 = CIRCLE('',#3969,0.9);
#3969 = AXIS2_PLACEMENT_3D('',#3970,#3971,#3972);
#3970 = CARTESIAN_POINT('',(-45.,-45.19,176.));
#3971 = DIRECTION('',(0.,1.,0.));
#3972 = DIRECTION('',(0.,0.,1.));
#3973 = ORIENTED_EDGE('',*,*,#3959,.T.);
#3974 = CYLINDRICAL_SURFACE('',#3975,0.9);
#3975 = AXIS2_PLACEMENT_3D('',#3976,#3977,#3978);
#3976 = CARTESIAN_POINT('',(-45.,-45.19,176.));
#3977 = DIRECTION('',(0.,1.,0.));
#3978 = DIRECTION('',(0.,0.,1.));
#3979 = ADVANCED_FACE('',(#3980),#3999,.F.);
#3980 = FACE_BOUND('',#3981,.F.);
#3981 = EDGE_LOOP('',(#3982,#3983,#3991,#3998));
#3982 = ORIENTED_EDGE('',*,*,#3741,.F.);
#3983 = ORIENTED_EDGE('',*,*,#3984,.F.);
#3984 = EDGE_CURVE('',#3985,#3742,#3987,.T.);
#3985 = VERTEX_POINT('',#3986);
#3986 = CARTESIAN_POINT('',(-45.,-45.19,206.9));
#3987 = LINE('',#3988,#3989);
#3988 = CARTESIAN_POINT('',(-45.,-45.19,206.9));
#3989 = VECTOR('',#3990,1.);
#3990 = DIRECTION('',(0.,1.,0.));
#3991 = ORIENTED_EDGE('',*,*,#3992,.T.);
#3992 = EDGE_CURVE('',#3985,#3985,#3993,.T.);
#3993 = CIRCLE('',#3994,0.9);
#3994 = AXIS2_PLACEMENT_3D('',#3995,#3996,#3997);
#3995 = CARTESIAN_POINT('',(-45.,-45.19,206.));
#3996 = DIRECTION('',(0.,1.,0.));
#3997 = DIRECTION('',(0.,0.,1.));
#3998 = ORIENTED_EDGE('',*,*,#3984,.T.);
#3999 = CYLINDRICAL_SURFACE('',#4000,0.9);
#4000 = AXIS2_PLACEMENT_3D('',#4001,#4002,#4003);
#4001 = CARTESIAN_POINT('',(-45.,-45.19,206.));
#4002 = DIRECTION('',(0.,1.,0.));
#4003 = DIRECTION('',(0.,0.,1.));
#4004 = ADVANCED_FACE('',(#4005),#4024,.F.);
#4005 = FACE_BOUND('',#4006,.F.);
#4006 = EDGE_LOOP('',(#4007,#4008,#4016,#4023));
#4007 = ORIENTED_EDGE('',*,*,#3761,.F.);
#4008 = ORIENTED_EDGE('',*,*,#4009,.F.);
#4009 = EDGE_CURVE('',#4010,#3762,#4012,.T.);
#4010 = VERTEX_POINT('',#4011);
#4011 = CARTESIAN_POINT('',(7.,-45.19,176.9));
#4012 = LINE('',#4013,#4014);
#4013 = CARTESIAN_POINT('',(7.,-45.19,176.9));
#4014 = VECTOR('',#4015,1.);
#4015 = DIRECTION('',(0.,1.,0.));
#4016 = ORIENTED_EDGE('',*,*,#4017,.T.);
#4017 = EDGE_CURVE('',#4010,#4010,#4018,.T.);
#4018 = CIRCLE('',#4019,0.9);
#4019 = AXIS2_PLACEMENT_3D('',#4020,#4021,#4022);
#4020 = CARTESIAN_POINT('',(7.,-45.19,176.));
#4021 = DIRECTION('',(0.,1.,0.));
#4022 = DIRECTION('',(0.,0.,1.));
#4023 = ORIENTED_EDGE('',*,*,#4009,.T.);
#4024 = CYLINDRICAL_SURFACE('',#4025,0.9);
#4025 = AXIS2_PLACEMENT_3D('',#4026,#4027,#4028);
#4026 = CARTESIAN_POINT('',(7.,-45.19,176.));
#4027 = DIRECTION('',(0.,1.,0.));
#4028 = DIRECTION('',(0.,0.,1.));
#4029 = ADVANCED_FACE('',(#4030),#4049,.F.);
#4030 = FACE_BOUND('',#4031,.F.);
#4031 = EDGE_LOOP('',(#4032,#4033,#4041,#4048));
#4032 = ORIENTED_EDGE('',*,*,#3781,.F.);
#4033 = ORIENTED_EDGE('',*,*,#4034,.F.);
#4034 = EDGE_CURVE('',#4035,#3782,#4037,.T.);
#4035 = VERTEX_POINT('',#4036);
#4036 = CARTESIAN_POINT('',(7.,-45.19,206.9));
#4037 = LINE('',#4038,#4039);
#4038 = CARTESIAN_POINT('',(7.,-45.19,206.9));
#4039 = VECTOR('',#4040,1.);
#4040 = DIRECTION('',(0.,1.,0.));
#4041 = ORIENTED_EDGE('',*,*,#4042,.T.);
#4042 = EDGE_CURVE('',#4035,#4035,#4043,.T.);
#4043 = CIRCLE('',#4044,0.9);
#4044 = AXIS2_PLACEMENT_3D('',#4045,#4046,#4047);
#4045 = CARTESIAN_POINT('',(7.,-45.19,206.));
#4046 = DIRECTION('',(0.,1.,0.));
#4047 = DIRECTION('',(0.,0.,1.));
#4048 = ORIENTED_EDGE('',*,*,#4034,.T.);
#4049 = CYLINDRICAL_SURFACE('',#4050,0.9);
#4050 = AXIS2_PLACEMENT_3D('',#4051,#4052,#4053);
#4051 = CARTESIAN_POINT('',(7.,-45.19,206.));
#4052 = DIRECTION('',(0.,1.,0.));
#4053 = DIRECTION('',(0.,0.,1.));
#4054 = ADVANCED_FACE('',(#4055),#4074,.F.);
#4055 = FACE_BOUND('',#4056,.F.);
#4056 = EDGE_LOOP('',(#4057,#4065,#4072,#4073));
#4057 = ORIENTED_EDGE('',*,*,#4058,.T.);
#4058 = EDGE_CURVE('',#3802,#4059,#4061,.T.);
#4059 = VERTEX_POINT('',#4060);
#4060 = CARTESIAN_POINT('',(-13.9,-15.,226.99));
#4061 = LINE('',#4062,#4063);
#4062 = CARTESIAN_POINT('',(-13.9,-15.,219.99));
#4063 = VECTOR('',#4064,1.);
#4064 = DIRECTION('',(0.,0.,1.));
#4065 = ORIENTED_EDGE('',*,*,#4066,.F.);
#4066 = EDGE_CURVE('',#4059,#4059,#4067,.T.);
#4067 = CIRCLE('',#4068,1.1);
#4068 = AXIS2_PLACEMENT_3D('',#4069,#4070,#4071);
#4069 = CARTESIAN_POINT('',(-15.,-15.,226.99));
#4070 = DIRECTION('',(0.,0.,1.));
#4071 = DIRECTION('',(1.,0.,0.));
#4072 = ORIENTED_EDGE('',*,*,#4058,.F.);
#4073 = ORIENTED_EDGE('',*,*,#3801,.T.);
#4074 = CYLINDRICAL_SURFACE('',#4075,1.1);
#4075 = AXIS2_PLACEMENT_3D('',#4076,#4077,#4078);
#4076 = CARTESIAN_POINT('',(-15.,-15.,219.99));
#4077 = DIRECTION('',(0.,0.,1.));
#4078 = DIRECTION('',(1.,0.,0.));
#4079 = ADVANCED_FACE('',(#4080),#4099,.F.);
#4080 = FACE_BOUND('',#4081,.F.);
#4081 = EDGE_LOOP('',(#4082,#4090,#4097,#4098));
#4082 = ORIENTED_EDGE('',*,*,#4083,.T.);
#4083 = EDGE_CURVE('',#3822,#4084,#4086,.T.);
#4084 = VERTEX_POINT('',#4085);
#4085 = CARTESIAN_POINT('',(26.6,-26.5,226.99));
#4086 = LINE('',#4087,#4088);
#4087 = CARTESIAN_POINT('',(26.6,-26.5,219.99));
#4088 = VECTOR('',#4089,1.);
#4089 = DIRECTION('',(0.,0.,1.));
#4090 = ORIENTED_EDGE('',*,*,#4091,.F.);
#4091 = EDGE_CURVE('',#4084,#4084,#4092,.T.);
#4092 = CIRCLE('',#4093,1.1);
#4093 = AXIS2_PLACEMENT_3D('',#4094,#4095,#4096);
#4094 = CARTESIAN_POINT('',(25.5,-26.5,226.99));
#4095 = DIRECTION('',(0.,0.,1.));
#4096 = DIRECTION('',(1.,0.,0.));
#4097 = ORIENTED_EDGE('',*,*,#4083,.F.);
#4098 = ORIENTED_EDGE('',*,*,#3821,.T.);
#4099 = CYLINDRICAL_SURFACE('',#4100,1.1);
#4100 = AXIS2_PLACEMENT_3D('',#4101,#4102,#4103);
#4101 = CARTESIAN_POINT('',(25.5,-26.5,219.99));
#4102 = DIRECTION('',(0.,0.,1.));
#4103 = DIRECTION('',(1.,0.,0.));
#4104 = ADVANCED_FACE('',(#4105),#4124,.F.);
#4105 = FACE_BOUND('',#4106,.F.);
#4106 = EDGE_LOOP('',(#4107,#4115,#4122,#4123));
#4107 = ORIENTED_EDGE('',*,*,#4108,.T.);
#4108 = EDGE_CURVE('',#3842,#4109,#4111,.T.);
#4109 = VERTEX_POINT('',#4110);
#4110 = CARTESIAN_POINT('',(16.1,-15.,226.99));
#4111 = LINE('',#4112,#4113);
#4112 = CARTESIAN_POINT('',(16.1,-15.,219.99));
#4113 = VECTOR('',#4114,1.);
#4114 = DIRECTION('',(0.,0.,1.));
#4115 = ORIENTED_EDGE('',*,*,#4116,.F.);
#4116 = EDGE_CURVE('',#4109,#4109,#4117,.T.);
#4117 = CIRCLE('',#4118,1.1);
#4118 = AXIS2_PLACEMENT_3D('',#4119,#4120,#4121);
#4119 = CARTESIAN_POINT('',(15.,-15.,226.99));
#4120 = DIRECTION('',(0.,0.,1.));
#4121 = DIRECTION('',(1.,0.,0.));
#4122 = ORIENTED_EDGE('',*,*,#4108,.F.);
#4123 = ORIENTED_EDGE('',*,*,#3841,.T.);
#4124 = CYLINDRICAL_SURFACE('',#4125,1.1);
#4125 = AXIS2_PLACEMENT_3D('',#4126,#4127,#4128);
#4126 = CARTESIAN_POINT('',(15.,-15.,219.99));
#4127 = DIRECTION('',(0.,0.,1.));
#4128 = DIRECTION('',(1.,0.,0.));
#4129 = ADVANCED_FACE('',(#4130),#4149,.F.);
#4130 = FACE_BOUND('',#4131,.F.);
#4131 = EDGE_LOOP('',(#4132,#4140,#4147,#4148));
#4132 = ORIENTED_EDGE('',*,*,#4133,.T.);
#4133 = EDGE_CURVE('',#3862,#4134,#4136,.T.);
#4134 = VERTEX_POINT('',#4135);
#4135 = CARTESIAN_POINT('',(75.6,-26.5,226.99));
#4136 = LINE('',#4137,#4138);
#4137 = CARTESIAN_POINT('',(75.6,-26.5,219.99));
#4138 = VECTOR('',#4139,1.);
#4139 = DIRECTION('',(0.,0.,1.));
#4140 = ORIENTED_EDGE('',*,*,#4141,.F.);
#4141 = EDGE_CURVE('',#4134,#4134,#4142,.T.);
#4142 = CIRCLE('',#4143,1.1);
#4143 = AXIS2_PLACEMENT_3D('',#4144,#4145,#4146);
#4144 = CARTESIAN_POINT('',(74.5,-26.5,226.99));
#4145 = DIRECTION('',(0.,0.,1.));
#4146 = DIRECTION('',(1.,0.,0.));
#4147 = ORIENTED_EDGE('',*,*,#4133,.F.);
#4148 = ORIENTED_EDGE('',*,*,#3861,.T.);
#4149 = CYLINDRICAL_SURFACE('',#4150,1.1);
#4150 = AXIS2_PLACEMENT_3D('',#4151,#4152,#4153);
#4151 = CARTESIAN_POINT('',(74.5,-26.5,219.99));
#4152 = DIRECTION('',(0.,0.,1.));
#4153 = DIRECTION('',(1.,0.,0.));
#4154 = ADVANCED_FACE('',(#4155),#4174,.F.);
#4155 = FACE_BOUND('',#4156,.F.);
#4156 = EDGE_LOOP('',(#4157,#4165,#4172,#4173));
#4157 = ORIENTED_EDGE('',*,*,#4158,.T.);
#4158 = EDGE_CURVE('',#3882,#4159,#4161,.T.);
#4159 = VERTEX_POINT('',#4160);
#4160 = CARTESIAN_POINT('',(-13.9,15.,226.99));
#4161 = LINE('',#4162,#4163);
#4162 = CARTESIAN_POINT('',(-13.9,15.,219.99));
#4163 = VECTOR('',#4164,1.);
#4164 = DIRECTION('',(0.,0.,1.));
#4165 = ORIENTED_EDGE('',*,*,#4166,.F.);
#4166 = EDGE_CURVE('',#4159,#4159,#4167,.T.);
#4167 = CIRCLE('',#4168,1.1);
#4168 = AXIS2_PLACEMENT_3D('',#4169,#4170,#4171);
#4169 = CARTESIAN_POINT('',(-15.,15.,226.99));
#4170 = DIRECTION('',(0.,0.,1.));
#4171 = DIRECTION('',(1.,0.,0.));
#4172 = ORIENTED_EDGE('',*,*,#4158,.F.);
#4173 = ORIENTED_EDGE('',*,*,#3881,.T.);
#4174 = CYLINDRICAL_SURFACE('',#4175,1.1);
#4175 = AXIS2_PLACEMENT_3D('',#4176,#4177,#4178);
#4176 = CARTESIAN_POINT('',(-15.,15.,219.99));
#4177 = DIRECTION('',(0.,0.,1.));
#4178 = DIRECTION('',(1.,0.,0.));
#4179 = ADVANCED_FACE('',(#4180),#4199,.F.);
#4180 = FACE_BOUND('',#4181,.F.);
#4181 = EDGE_LOOP('',(#4182,#4190,#4197,#4198));
#4182 = ORIENTED_EDGE('',*,*,#4183,.T.);
#4183 = EDGE_CURVE('',#3902,#4184,#4186,.T.);
#4184 = VERTEX_POINT('',#4185);
#4185 = CARTESIAN_POINT('',(16.1,15.,226.99));
#4186 = LINE('',#4187,#4188);
#4187 = CARTESIAN_POINT('',(16.1,15.,219.99));
#4188 = VECTOR('',#4189,1.);
#4189 = DIRECTION('',(0.,0.,1.));
#4190 = ORIENTED_EDGE('',*,*,#4191,.F.);
#4191 = EDGE_CURVE('',#4184,#4184,#4192,.T.);
#4192 = CIRCLE('',#4193,1.1);
#4193 = AXIS2_PLACEMENT_3D('',#4194,#4195,#4196);
#4194 = CARTESIAN_POINT('',(15.,15.,226.99));
#4195 = DIRECTION('',(0.,0.,1.));
#4196 = DIRECTION('',(1.,0.,0.));
#4197 = ORIENTED_EDGE('',*,*,#4183,.F.);
#4198 = ORIENTED_EDGE('',*,*,#3901,.T.);
#4199 = CYLINDRICAL_SURFACE('',#4200,1.1);
#4200 = AXIS2_PLACEMENT_3D('',#4201,#4202,#4203);
#4201 = CARTESIAN_POINT('',(15.,15.,219.99));
#4202 = DIRECTION('',(0.,0.,1.));
#4203 = DIRECTION('',(1.,0.,0.));
#4204 = ADVANCED_FACE('',(#4205),#4224,.F.);
#4205 = FACE_BOUND('',#4206,.F.);
#4206 = EDGE_LOOP('',(#4207,#4215,#4222,#4223));
#4207 = ORIENTED_EDGE('',*,*,#4208,.T.);
#4208 = EDGE_CURVE('',#3922,#4209,#4211,.T.);
#4209 = VERTEX_POINT('',#4210);
#4210 = CARTESIAN_POINT('',(26.6,31.5,226.99));
#4211 = LINE('',#4212,#4213);
#4212 = CARTESIAN_POINT('',(26.6,31.5,219.99));
#4213 = VECTOR('',#4214,1.);
#4214 = DIRECTION('',(0.,0.,1.));
#4215 = ORIENTED_EDGE('',*,*,#4216,.F.);
#4216 = EDGE_CURVE('',#4209,#4209,#4217,.T.);
#4217 = CIRCLE('',#4218,1.1);
#4218 = AXIS2_PLACEMENT_3D('',#4219,#4220,#4221);
#4219 = CARTESIAN_POINT('',(25.5,31.5,226.99));
#4220 = DIRECTION('',(0.,0.,1.));
#4221 = DIRECTION('',(1.,0.,0.));
#4222 = ORIENTED_EDGE('',*,*,#4208,.F.);
#4223 = ORIENTED_EDGE('',*,*,#3921,.T.);
#4224 = CYLINDRICAL_SURFACE('',#4225,1.1);
#4225 = AXIS2_PLACEMENT_3D('',#4226,#4227,#4228);
#4226 = CARTESIAN_POINT('',(25.5,31.5,219.99));
#4227 = DIRECTION('',(0.,0.,1.));
#4228 = DIRECTION('',(1.,0.,0.));
#4229 = ADVANCED_FACE('',(#4230),#4249,.F.);
#4230 = FACE_BOUND('',#4231,.F.);
#4231 = EDGE_LOOP('',(#4232,#4240,#4247,#4248));
#4232 = ORIENTED_EDGE('',*,*,#4233,.T.);
#4233 = EDGE_CURVE('',#3942,#4234,#4236,.T.);
#4234 = VERTEX_POINT('',#4235);
#4235 = CARTESIAN_POINT('',(75.6,31.5,226.99));
#4236 = LINE('',#4237,#4238);
#4237 = CARTESIAN_POINT('',(75.6,31.5,219.99));
#4238 = VECTOR('',#4239,1.);
#4239 = DIRECTION('',(0.,0.,1.));
#4240 = ORIENTED_EDGE('',*,*,#4241,.F.);
#4241 = EDGE_CURVE('',#4234,#4234,#4242,.T.);
#4242 = CIRCLE('',#4243,1.1);
#4243 = AXIS2_PLACEMENT_3D('',#4244,#4245,#4246);
#4244 = CARTESIAN_POINT('',(74.5,31.5,226.99));
#4245 = DIRECTION('',(0.,0.,1.));
#4246 = DIRECTION('',(1.,0.,0.));
#4247 = ORIENTED_EDGE('',*,*,#4233,.F.);
#4248 = ORIENTED_EDGE('',*,*,#3941,.T.);
#4249 = CYLINDRICAL_SURFACE('',#4250,1.1);
#4250 = AXIS2_PLACEMENT_3D('',#4251,#4252,#4253);
#4251 = CARTESIAN_POINT('',(74.5,31.5,219.99));
#4252 = DIRECTION('',(0.,0.,1.));
#4253 = DIRECTION('',(1.,0.,0.));
#4254 = ADVANCED_FACE('',(#4255),#4258,.T.);
#4255 = FACE_BOUND('',#4256,.F.);
#4256 = EDGE_LOOP('',(#4257));
#4257 = ORIENTED_EDGE('',*,*,#3967,.F.);
#4258 = PLANE('',#4259);
#4259 = AXIS2_PLACEMENT_3D('',#4260,#4261,#4262);
#4260 = CARTESIAN_POINT('',(-45.,-45.19,176.));
#4261 = DIRECTION('',(0.,1.,0.));
#4262 = DIRECTION('',(0.,0.,1.));
#4263 = ADVANCED_FACE('',(#4264),#4267,.T.);
#4264 = FACE_BOUND('',#4265,.F.);
#4265 = EDGE_LOOP('',(#4266));
#4266 = ORIENTED_EDGE('',*,*,#3992,.F.);
#4267 = PLANE('',#4268);
#4268 = AXIS2_PLACEMENT_3D('',#4269,#4270,#4271);
#4269 = CARTESIAN_POINT('',(-45.,-45.19,206.));
#4270 = DIRECTION('',(0.,1.,0.));
#4271 = DIRECTION('',(0.,0.,1.));
#4272 = ADVANCED_FACE('',(#4273),#4276,.T.);
#4273 = FACE_BOUND('',#4274,.F.);
#4274 = EDGE_LOOP('',(#4275));
#4275 = ORIENTED_EDGE('',*,*,#4017,.F.);
#4276 = PLANE('',#4277);
#4277 = AXIS2_PLACEMENT_3D('',#4278,#4279,#4280);
#4278 = CARTESIAN_POINT('',(7.,-45.19,176.));
#4279 = DIRECTION('',(0.,1.,0.));
#4280 = DIRECTION('',(0.,0.,1.));
#4281 = ADVANCED_FACE('',(#4282),#4285,.T.);
#4282 = FACE_BOUND('',#4283,.F.);
#4283 = EDGE_LOOP('',(#4284));
#4284 = ORIENTED_EDGE('',*,*,#4042,.F.);
#4285 = PLANE('',#4286);
#4286 = AXIS2_PLACEMENT_3D('',#4287,#4288,#4289);
#4287 = CARTESIAN_POINT('',(7.,-45.19,206.));
#4288 = DIRECTION('',(0.,1.,0.));
#4289 = DIRECTION('',(0.,0.,1.));
#4290 = ADVANCED_FACE('',(#4291),#4294,.F.);
#4291 = FACE_BOUND('',#4292,.F.);
#4292 = EDGE_LOOP('',(#4293));
#4293 = ORIENTED_EDGE('',*,*,#4066,.T.);
#4294 = PLANE('',#4295);
#4295 = AXIS2_PLACEMENT_3D('',#4296,#4297,#4298);
#4296 = CARTESIAN_POINT('',(-15.,-15.,226.99));
#4297 = DIRECTION('',(0.,0.,1.));
#4298 = DIRECTION('',(1.,0.,0.));
#4299 = ADVANCED_FACE('',(#4300),#4303,.F.);
#4300 = FACE_BOUND('',#4301,.F.);
#4301 = EDGE_LOOP('',(#4302));
#4302 = ORIENTED_EDGE('',*,*,#4091,.T.);
#4303 = PLANE('',#4304);
#4304 = AXIS2_PLACEMENT_3D('',#4305,#4306,#4307);
#4305 = CARTESIAN_POINT('',(25.5,-26.5,226.99));
#4306 = DIRECTION('',(0.,0.,1.));
#4307 = DIRECTION('',(1.,0.,0.));
#4308 = ADVANCED_FACE('',(#4309),#4312,.F.);
#4309 = FACE_BOUND('',#4310,.F.);
#4310 = EDGE_LOOP('',(#4311));
#4311 = ORIENTED_EDGE('',*,*,#4116,.T.);
#4312 = PLANE('',#4313);
#4313 = AXIS2_PLACEMENT_3D('',#4314,#4315,#4316);
#4314 = CARTESIAN_POINT('',(15.,-15.,226.99));
#4315 = DIRECTION('',(0.,0.,1.));
#4316 = DIRECTION('',(1.,0.,0.));
#4317 = ADVANCED_FACE('',(#4318),#4321,.F.);
#4318 = FACE_BOUND('',#4319,.F.);
#4319 = EDGE_LOOP('',(#4320));
#4320 = ORIENTED_EDGE('',*,*,#4141,.T.);
#4321 = PLANE('',#4322);
#4322 = AXIS2_PLACEMENT_3D('',#4323,#4324,#4325);
#4323 = CARTESIAN_POINT('',(74.5,-26.5,226.99));
#4324 = DIRECTION('',(0.,0.,1.));
#4325 = DIRECTION('',(1.,0.,0.));
#4326 = ADVANCED_FACE('',(#4327),#4330,.F.);
#4327 = FACE_BOUND('',#4328,.F.);
#4328 = EDGE_LOOP('',(#4329));
#4329 = ORIENTED_EDGE('',*,*,#4166,.T.);
#4330 = PLANE('',#4331);
#4331 = AXIS2_PLACEMENT_3D('',#4332,#4333,#4334);
#4332 = CARTESIAN_POINT('',(-15.,15.,226.99));
#4333 = DIRECTION('',(0.,0.,1.));
#4334 = DIRECTION('',(1.,0.,0.));
#4335 = ADVANCED_FACE('',(#4336),#4339,.F.);
#4336 = FACE_BOUND('',#4337,.F.);
#4337 = EDGE_LOOP('',(#4338));
#4338 = ORIENTED_EDGE('',*,*,#4191,.T.);
#4339 = PLANE('',#4340);
#4340 = AXIS2_PLACEMENT_3D('',#4341,#4342,#4343);
#4341 = CARTESIAN_POINT('',(15.,15.,226.99));
#4342 = DIRECTION('',(0.,0.,1.));
#4343 = DIRECTION('',(1.,0.,0.));
#4344 = ADVANCED_FACE('',(#4345),#4348,.F.);
#4345 = FACE_BOUND('',#4346,.F.);
#4346 = EDGE_LOOP('',(#4347));
#4347 = ORIENTED_EDGE('',*,*,#4216,.T.);
#4348 = PLANE('',#4349);
#4349 = AXIS2_PLACEMENT_3D('',#4350,#4351,#4352);
#4350 = CARTESIAN_POINT('',(25.5,31.5,226.99));
#4351 = DIRECTION('',(0.,0.,1.));
#4352 = DIRECTION('',(1.,0.,0.));
#4353 = ADVANCED_FACE('',(#4354),#4357,.F.);
#4354 = FACE_BOUND('',#4355,.F.);
#4355 = EDGE_LOOP('',(#4356));
#4356 = ORIENTED_EDGE('',*,*,#4241,.T.);
#4357 = PLANE('',#4358);
#4358 = AXIS2_PLACEMENT_3D('',#4359,#4360,#4361);
#4359 = CARTESIAN_POINT('',(74.5,31.5,226.99));
#4360 = DIRECTION('',(0.,0.,1.));
#4361 = DIRECTION('',(1.,0.,0.));
#4362 = MANIFOLD_SOLID_BREP('',#4363);
#4363 = CLOSED_SHELL('',(#4364,#4404,#4435,#4493,#4517,#4568,#4580,#4602
    ,#4619,#4636));
#4364 = ADVANCED_FACE('',(#4365),#4399,.F.);
#4365 = FACE_BOUND('',#4366,.F.);
#4366 = EDGE_LOOP('',(#4367,#4377,#4385,#4393));
#4367 = ORIENTED_EDGE('',*,*,#4368,.F.);
#4368 = EDGE_CURVE('',#4369,#4371,#4373,.T.);
#4369 = VERTEX_POINT('',#4370);
#4370 = CARTESIAN_POINT('',(-83.7,-43.09,48.4));
#4371 = VERTEX_POINT('',#4372);
#4372 = CARTESIAN_POINT('',(-83.7,-43.09,50.));
#4373 = LINE('',#4374,#4375);
#4374 = CARTESIAN_POINT('',(-83.7,-43.09,48.4));
#4375 = VECTOR('',#4376,1.);
#4376 = DIRECTION('',(0.,0.,1.));
#4377 = ORIENTED_EDGE('',*,*,#4378,.T.);
#4378 = EDGE_CURVE('',#4369,#4379,#4381,.T.);
#4379 = VERTEX_POINT('',#4380);
#4380 = CARTESIAN_POINT('',(-83.7,54.7,48.4));
#4381 = LINE('',#4382,#4383);
#4382 = CARTESIAN_POINT('',(-83.7,-43.09,48.4));
#4383 = VECTOR('',#4384,1.);
#4384 = DIRECTION('',(0.,1.,0.));
#4385 = ORIENTED_EDGE('',*,*,#4386,.T.);
#4386 = EDGE_CURVE('',#4379,#4387,#4389,.T.);
#4387 = VERTEX_POINT('',#4388);
#4388 = CARTESIAN_POINT('',(-83.7,54.7,50.));
#4389 = LINE('',#4390,#4391);
#4390 = CARTESIAN_POINT('',(-83.7,54.7,48.4));
#4391 = VECTOR('',#4392,1.);
#4392 = DIRECTION('',(0.,0.,1.));
#4393 = ORIENTED_EDGE('',*,*,#4394,.F.);
#4394 = EDGE_CURVE('',#4371,#4387,#4395,.T.);
#4395 = LINE('',#4396,#4397);
#4396 = CARTESIAN_POINT('',(-83.7,-43.09,50.));
#4397 = VECTOR('',#4398,1.);
#4398 = DIRECTION('',(0.,1.,0.));
#4399 = PLANE('',#4400);
#4400 = AXIS2_PLACEMENT_3D('',#4401,#4402,#4403);
#4401 = CARTESIAN_POINT('',(-83.7,-43.09,48.4));
#4402 = DIRECTION('',(1.,0.,0.));
#4403 = DIRECTION('',(0.,0.,1.));
#4404 = ADVANCED_FACE('',(#4405),#4430,.F.);
#4405 = FACE_BOUND('',#4406,.F.);
#4406 = EDGE_LOOP('',(#4407,#4415,#4416,#4424));
#4407 = ORIENTED_EDGE('',*,*,#4408,.F.);
#4408 = EDGE_CURVE('',#4369,#4409,#4411,.T.);
#4409 = VERTEX_POINT('',#4410);
#4410 = CARTESIAN_POINT('',(83.7,-43.09,48.4));
#4411 = LINE('',#4412,#4413);
#4412 = CARTESIAN_POINT('',(-83.7,-43.09,48.4));
#4413 = VECTOR('',#4414,1.);
#4414 = DIRECTION('',(1.,0.,0.));
#4415 = ORIENTED_EDGE('',*,*,#4368,.T.);
#4416 = ORIENTED_EDGE('',*,*,#4417,.T.);
#4417 = EDGE_CURVE('',#4371,#4418,#4420,.T.);
#4418 = VERTEX_POINT('',#4419);
#4419 = CARTESIAN_POINT('',(83.7,-43.09,50.));
#4420 = LINE('',#4421,#4422);
#4421 = CARTESIAN_POINT('',(-83.7,-43.09,50.));
#4422 = VECTOR('',#4423,1.);
#4423 = DIRECTION('',(1.,0.,0.));
#4424 = ORIENTED_EDGE('',*,*,#4425,.F.);
#4425 = EDGE_CURVE('',#4409,#4418,#4426,.T.);
#4426 = LINE('',#4427,#4428);
#4427 = CARTESIAN_POINT('',(83.7,-43.09,48.4));
#4428 = VECTOR('',#4429,1.);
#4429 = DIRECTION('',(0.,0.,1.));
#4430 = PLANE('',#4431);
#4431 = AXIS2_PLACEMENT_3D('',#4432,#4433,#4434);
#4432 = CARTESIAN_POINT('',(-83.7,-43.09,48.4));
#4433 = DIRECTION('',(0.,1.,0.));
#4434 = DIRECTION('',(0.,0.,1.));
#4435 = ADVANCED_FACE('',(#4436,#4454),#4488,.T.);
#4436 = FACE_BOUND('',#4437,.T.);
#4437 = EDGE_LOOP('',(#4438,#4439,#4440,#4448));
#4438 = ORIENTED_EDGE('',*,*,#4394,.F.);
#4439 = ORIENTED_EDGE('',*,*,#4417,.T.);
#4440 = ORIENTED_EDGE('',*,*,#4441,.T.);
#4441 = EDGE_CURVE('',#4418,#4442,#4444,.T.);
#4442 = VERTEX_POINT('',#4443);
#4443 = CARTESIAN_POINT('',(83.7,54.7,50.));
#4444 = LINE('',#4445,#4446);
#4445 = CARTESIAN_POINT('',(83.7,-43.09,50.));
#4446 = VECTOR('',#4447,1.);
#4447 = DIRECTION('',(0.,1.,0.));
#4448 = ORIENTED_EDGE('',*,*,#4449,.F.);
#4449 = EDGE_CURVE('',#4387,#4442,#4450,.T.);
#4450 = LINE('',#4451,#4452);
#4451 = CARTESIAN_POINT('',(-83.7,54.7,50.));
#4452 = VECTOR('',#4453,1.);
#4453 = DIRECTION('',(1.,0.,0.));
#4454 = FACE_BOUND('',#4455,.T.);
#4455 = EDGE_LOOP('',(#4456,#4466,#4474,#4482));
#4456 = ORIENTED_EDGE('',*,*,#4457,.T.);
#4457 = EDGE_CURVE('',#4458,#4460,#4462,.T.);
#4458 = VERTEX_POINT('',#4459);
#4459 = CARTESIAN_POINT('',(82.3,-41.69,50.));
#4460 = VERTEX_POINT('',#4461);
#4461 = CARTESIAN_POINT('',(-82.3,-41.69,50.));
#4462 = LINE('',#4463,#4464);
#4463 = CARTESIAN_POINT('',(-83.,-41.69,50.));
#4464 = VECTOR('',#4465,1.);
#4465 = DIRECTION('',(-1.,0.,0.));
#4466 = ORIENTED_EDGE('',*,*,#4467,.T.);
#4467 = EDGE_CURVE('',#4460,#4468,#4470,.T.);
#4468 = VERTEX_POINT('',#4469);
#4469 = CARTESIAN_POINT('',(-82.3,53.3,50.));
#4470 = LINE('',#4471,#4472);
#4471 = CARTESIAN_POINT('',(-82.3,-42.39,50.));
#4472 = VECTOR('',#4473,1.);
#4473 = DIRECTION('',(0.,1.,0.));
#4474 = ORIENTED_EDGE('',*,*,#4475,.F.);
#4475 = EDGE_CURVE('',#4476,#4468,#4478,.T.);
#4476 = VERTEX_POINT('',#4477);
#4477 = CARTESIAN_POINT('',(82.3,53.3,50.));
#4478 = LINE('',#4479,#4480);
#4479 = CARTESIAN_POINT('',(-83.,53.3,50.));
#4480 = VECTOR('',#4481,1.);
#4481 = DIRECTION('',(-1.,0.,0.));
#4482 = ORIENTED_EDGE('',*,*,#4483,.F.);
#4483 = EDGE_CURVE('',#4458,#4476,#4484,.T.);
#4484 = LINE('',#4485,#4486);
#4485 = CARTESIAN_POINT('',(82.3,-42.39,50.));
#4486 = VECTOR('',#4487,1.);
#4487 = DIRECTION('',(0.,1.,0.));
#4488 = PLANE('',#4489);
#4489 = AXIS2_PLACEMENT_3D('',#4490,#4491,#4492);
#4490 = CARTESIAN_POINT('',(-83.7,-43.09,50.));
#4491 = DIRECTION('',(0.,0.,1.));
#4492 = DIRECTION('',(1.,0.,0.));
#4493 = ADVANCED_FACE('',(#4494),#4512,.T.);
#4494 = FACE_BOUND('',#4495,.T.);
#4495 = EDGE_LOOP('',(#4496,#4504,#4505,#4506));
#4496 = ORIENTED_EDGE('',*,*,#4497,.F.);
#4497 = EDGE_CURVE('',#4379,#4498,#4500,.T.);
#4498 = VERTEX_POINT('',#4499);
#4499 = CARTESIAN_POINT('',(83.7,54.7,48.4));
#4500 = LINE('',#4501,#4502);
#4501 = CARTESIAN_POINT('',(-83.7,54.7,48.4));
#4502 = VECTOR('',#4503,1.);
#4503 = DIRECTION('',(1.,0.,0.));
#4504 = ORIENTED_EDGE('',*,*,#4386,.T.);
#4505 = ORIENTED_EDGE('',*,*,#4449,.T.);
#4506 = ORIENTED_EDGE('',*,*,#4507,.F.);
#4507 = EDGE_CURVE('',#4498,#4442,#4508,.T.);
#4508 = LINE('',#4509,#4510);
#4509 = CARTESIAN_POINT('',(83.7,54.7,48.4));
#4510 = VECTOR('',#4511,1.);
#4511 = DIRECTION('',(0.,0.,1.));
#4512 = PLANE('',#4513);
#4513 = AXIS2_PLACEMENT_3D('',#4514,#4515,#4516);
#4514 = CARTESIAN_POINT('',(-83.7,54.7,48.4));
#4515 = DIRECTION('',(0.,1.,0.));
#4516 = DIRECTION('',(0.,0.,1.));
#4517 = ADVANCED_FACE('',(#4518,#4529),#4563,.F.);
#4518 = FACE_BOUND('',#4519,.F.);
#4519 = EDGE_LOOP('',(#4520,#4521,#4522,#4528));
#4520 = ORIENTED_EDGE('',*,*,#4378,.F.);
#4521 = ORIENTED_EDGE('',*,*,#4408,.T.);
#4522 = ORIENTED_EDGE('',*,*,#4523,.T.);
#4523 = EDGE_CURVE('',#4409,#4498,#4524,.T.);
#4524 = LINE('',#4525,#4526);
#4525 = CARTESIAN_POINT('',(83.7,-43.09,48.4));
#4526 = VECTOR('',#4527,1.);
#4527 = DIRECTION('',(0.,1.,0.));
#4528 = ORIENTED_EDGE('',*,*,#4497,.F.);
#4529 = FACE_BOUND('',#4530,.F.);
#4530 = EDGE_LOOP('',(#4531,#4541,#4549,#4557));
#4531 = ORIENTED_EDGE('',*,*,#4532,.T.);
#4532 = EDGE_CURVE('',#4533,#4535,#4537,.T.);
#4533 = VERTEX_POINT('',#4534);
#4534 = CARTESIAN_POINT('',(82.3,-41.69,48.4));
#4535 = VERTEX_POINT('',#4536);
#4536 = CARTESIAN_POINT('',(-82.3,-41.69,48.4));
#4537 = LINE('',#4538,#4539);
#4538 = CARTESIAN_POINT('',(-83.,-41.69,48.4));
#4539 = VECTOR('',#4540,1.);
#4540 = DIRECTION('',(-1.,0.,0.));
#4541 = ORIENTED_EDGE('',*,*,#4542,.T.);
#4542 = EDGE_CURVE('',#4535,#4543,#4545,.T.);
#4543 = VERTEX_POINT('',#4544);
#4544 = CARTESIAN_POINT('',(-82.3,53.3,48.4));
#4545 = LINE('',#4546,#4547);
#4546 = CARTESIAN_POINT('',(-82.3,-42.39,48.4));
#4547 = VECTOR('',#4548,1.);
#4548 = DIRECTION('',(0.,1.,0.));
#4549 = ORIENTED_EDGE('',*,*,#4550,.F.);
#4550 = EDGE_CURVE('',#4551,#4543,#4553,.T.);
#4551 = VERTEX_POINT('',#4552);
#4552 = CARTESIAN_POINT('',(82.3,53.3,48.4));
#4553 = LINE('',#4554,#4555);
#4554 = CARTESIAN_POINT('',(-83.,53.3,48.4));
#4555 = VECTOR('',#4556,1.);
#4556 = DIRECTION('',(-1.,0.,0.));
#4557 = ORIENTED_EDGE('',*,*,#4558,.F.);
#4558 = EDGE_CURVE('',#4533,#4551,#4559,.T.);
#4559 = LINE('',#4560,#4561);
#4560 = CARTESIAN_POINT('',(82.3,-42.39,48.4));
#4561 = VECTOR('',#4562,1.);
#4562 = DIRECTION('',(0.,1.,0.));
#4563 = PLANE('',#4564);
#4564 = AXIS2_PLACEMENT_3D('',#4565,#4566,#4567);
#4565 = CARTESIAN_POINT('',(-83.7,-43.09,48.4));
#4566 = DIRECTION('',(0.,0.,1.));
#4567 = DIRECTION('',(1.,0.,0.));
#4568 = ADVANCED_FACE('',(#4569),#4575,.T.);
#4569 = FACE_BOUND('',#4570,.T.);
#4570 = EDGE_LOOP('',(#4571,#4572,#4573,#4574));
#4571 = ORIENTED_EDGE('',*,*,#4425,.F.);
#4572 = ORIENTED_EDGE('',*,*,#4523,.T.);
#4573 = ORIENTED_EDGE('',*,*,#4507,.T.);
#4574 = ORIENTED_EDGE('',*,*,#4441,.F.);
#4575 = PLANE('',#4576);
#4576 = AXIS2_PLACEMENT_3D('',#4577,#4578,#4579);
#4577 = CARTESIAN_POINT('',(83.7,-43.09,48.4));
#4578 = DIRECTION('',(1.,0.,0.));
#4579 = DIRECTION('',(0.,0.,1.));
#4580 = ADVANCED_FACE('',(#4581),#4597,.T.);
#4581 = FACE_BOUND('',#4582,.T.);
#4582 = EDGE_LOOP('',(#4583,#4589,#4590,#4596));
#4583 = ORIENTED_EDGE('',*,*,#4584,.F.);
#4584 = EDGE_CURVE('',#4533,#4458,#4585,.T.);
#4585 = LINE('',#4586,#4587);
#4586 = CARTESIAN_POINT('',(82.3,-41.69,47.));
#4587 = VECTOR('',#4588,1.);
#4588 = DIRECTION('',(0.,0.,1.));
#4589 = ORIENTED_EDGE('',*,*,#4532,.T.);
#4590 = ORIENTED_EDGE('',*,*,#4591,.T.);
#4591 = EDGE_CURVE('',#4535,#4460,#4592,.T.);
#4592 = LINE('',#4593,#4594);
#4593 = CARTESIAN_POINT('',(-82.3,-41.69,47.));
#4594 = VECTOR('',#4595,1.);
#4595 = DIRECTION('',(0.,0.,1.));
#4596 = ORIENTED_EDGE('',*,*,#4457,.F.);
#4597 = PLANE('',#4598);
#4598 = AXIS2_PLACEMENT_3D('',#4599,#4600,#4601);
#4599 = CARTESIAN_POINT('',(-82.3,-41.69,47.));
#4600 = DIRECTION('',(0.,1.,0.));
#4601 = DIRECTION('',(0.,0.,1.));
#4602 = ADVANCED_FACE('',(#4603),#4614,.F.);
#4603 = FACE_BOUND('',#4604,.F.);
#4604 = EDGE_LOOP('',(#4605,#4606,#4607,#4613));
#4605 = ORIENTED_EDGE('',*,*,#4584,.F.);
#4606 = ORIENTED_EDGE('',*,*,#4558,.T.);
#4607 = ORIENTED_EDGE('',*,*,#4608,.T.);
#4608 = EDGE_CURVE('',#4551,#4476,#4609,.T.);
#4609 = LINE('',#4610,#4611);
#4610 = CARTESIAN_POINT('',(82.3,53.3,47.));
#4611 = VECTOR('',#4612,1.);
#4612 = DIRECTION('',(0.,0.,1.));
#4613 = ORIENTED_EDGE('',*,*,#4483,.F.);
#4614 = PLANE('',#4615);
#4615 = AXIS2_PLACEMENT_3D('',#4616,#4617,#4618);
#4616 = CARTESIAN_POINT('',(82.3,-41.69,47.));
#4617 = DIRECTION('',(1.,0.,0.));
#4618 = DIRECTION('',(0.,0.,1.));
#4619 = ADVANCED_FACE('',(#4620),#4631,.F.);
#4620 = FACE_BOUND('',#4621,.F.);
#4621 = EDGE_LOOP('',(#4622,#4623,#4624,#4630));
#4622 = ORIENTED_EDGE('',*,*,#4608,.F.);
#4623 = ORIENTED_EDGE('',*,*,#4550,.T.);
#4624 = ORIENTED_EDGE('',*,*,#4625,.T.);
#4625 = EDGE_CURVE('',#4543,#4468,#4626,.T.);
#4626 = LINE('',#4627,#4628);
#4627 = CARTESIAN_POINT('',(-82.3,53.3,47.));
#4628 = VECTOR('',#4629,1.);
#4629 = DIRECTION('',(0.,0.,1.));
#4630 = ORIENTED_EDGE('',*,*,#4475,.F.);
#4631 = PLANE('',#4632);
#4632 = AXIS2_PLACEMENT_3D('',#4633,#4634,#4635);
#4633 = CARTESIAN_POINT('',(-82.3,53.3,47.));
#4634 = DIRECTION('',(0.,1.,0.));
#4635 = DIRECTION('',(0.,0.,1.));
#4636 = ADVANCED_FACE('',(#4637),#4643,.T.);
#4637 = FACE_BOUND('',#4638,.T.);
#4638 = EDGE_LOOP('',(#4639,#4640,#4641,#4642));
#4639 = ORIENTED_EDGE('',*,*,#4591,.F.);
#4640 = ORIENTED_EDGE('',*,*,#4542,.T.);
#4641 = ORIENTED_EDGE('',*,*,#4625,.T.);
#4642 = ORIENTED_EDGE('',*,*,#4467,.F.);
#4643 = PLANE('',#4644);
#4644 = AXIS2_PLACEMENT_3D('',#4645,#4646,#4647);
#4645 = CARTESIAN_POINT('',(-82.3,-41.69,47.));
#4646 = DIRECTION('',(1.,0.,0.));
#4647 = DIRECTION('',(0.,0.,1.));
#4648 = MANIFOLD_SOLID_BREP('',#4649);
#4649 = CLOSED_SHELL('',(#4650,#4690,#4721,#4752,#4783,#4824,#4855,#4896
    ,#4929,#4938,#4971,#4980,#5043,#5068,#5130,#5161,#5185,#5209,#5226,
    #5299,#5320,#5355,#5380,#5394));
#4650 = ADVANCED_FACE('',(#4651),#4685,.T.);
#4651 = FACE_BOUND('',#4652,.T.);
#4652 = EDGE_LOOP('',(#4653,#4663,#4671,#4679));
#4653 = ORIENTED_EDGE('',*,*,#4654,.F.);
#4654 = EDGE_CURVE('',#4655,#4657,#4659,.T.);
#4655 = VERTEX_POINT('',#4656);
#4656 = CARTESIAN_POINT('',(-75.5,-47.89,40.));
#4657 = VERTEX_POINT('',#4658);
#4658 = CARTESIAN_POINT('',(75.5,-47.89,40.));
#4659 = LINE('',#4660,#4661);
#4660 = CARTESIAN_POINT('',(-80.,-47.89,40.));
#4661 = VECTOR('',#4662,1.);
#4662 = DIRECTION('',(1.,0.,0.));
#4663 = ORIENTED_EDGE('',*,*,#4664,.F.);
#4664 = EDGE_CURVE('',#4665,#4655,#4667,.T.);
#4665 = VERTEX_POINT('',#4666);
#4666 = CARTESIAN_POINT('',(-75.5,-50.89,40.));
#4667 = LINE('',#4668,#4669);
#4668 = CARTESIAN_POINT('',(-75.5,-50.89,40.));
#4669 = VECTOR('',#4670,1.);
#4670 = DIRECTION('',(0.,1.,0.));
#4671 = ORIENTED_EDGE('',*,*,#4672,.T.);
#4672 = EDGE_CURVE('',#4665,#4673,#4675,.T.);
#4673 = VERTEX_POINT('',#4674);
#4674 = CARTESIAN_POINT('',(75.5,-50.89,40.));
#4675 = LINE('',#4676,#4677);
#4676 = CARTESIAN_POINT('',(-80.,-50.89,40.));
#4677 = VECTOR('',#4678,1.);
#4678 = DIRECTION('',(1.,0.,0.));
#4679 = ORIENTED_EDGE('',*,*,#4680,.T.);
#4680 = EDGE_CURVE('',#4673,#4657,#4681,.T.);
#4681 = LINE('',#4682,#4683);
#4682 = CARTESIAN_POINT('',(75.5,-50.89,40.));
#4683 = VECTOR('',#4684,1.);
#4684 = DIRECTION('',(0.,1.,0.));
#4685 = PLANE('',#4686);
#4686 = AXIS2_PLACEMENT_3D('',#4687,#4688,#4689);
#4687 = CARTESIAN_POINT('',(-80.,-50.89,40.));
#4688 = DIRECTION('',(0.,0.,1.));
#4689 = DIRECTION('',(1.,0.,0.));
#4690 = ADVANCED_FACE('',(#4691),#4716,.F.);
#4691 = FACE_BOUND('',#4692,.F.);
#4692 = EDGE_LOOP('',(#4693,#4701,#4702,#4710));
#4693 = ORIENTED_EDGE('',*,*,#4694,.F.);
#4694 = EDGE_CURVE('',#4673,#4695,#4697,.T.);
#4695 = VERTEX_POINT('',#4696);
#4696 = CARTESIAN_POINT('',(75.5,-50.89,48.));
#4697 = LINE('',#4698,#4699);
#4698 = CARTESIAN_POINT('',(75.5,-50.89,38.));
#4699 = VECTOR('',#4700,1.);
#4700 = DIRECTION('',(0.,0.,1.));
#4701 = ORIENTED_EDGE('',*,*,#4680,.T.);
#4702 = ORIENTED_EDGE('',*,*,#4703,.T.);
#4703 = EDGE_CURVE('',#4657,#4704,#4706,.T.);
#4704 = VERTEX_POINT('',#4705);
#4705 = CARTESIAN_POINT('',(75.5,-47.89,48.));
#4706 = LINE('',#4707,#4708);
#4707 = CARTESIAN_POINT('',(75.5,-47.89,38.));
#4708 = VECTOR('',#4709,1.);
#4709 = DIRECTION('',(0.,0.,1.));
#4710 = ORIENTED_EDGE('',*,*,#4711,.F.);
#4711 = EDGE_CURVE('',#4695,#4704,#4712,.T.);
#4712 = LINE('',#4713,#4714);
#4713 = CARTESIAN_POINT('',(75.5,-50.89,48.));
#4714 = VECTOR('',#4715,1.);
#4715 = DIRECTION('',(0.,1.,0.));
#4716 = PLANE('',#4717);
#4717 = AXIS2_PLACEMENT_3D('',#4718,#4719,#4720);
#4718 = CARTESIAN_POINT('',(75.5,-50.89,38.));
#4719 = DIRECTION('',(1.,0.,0.));
#4720 = DIRECTION('',(0.,0.,1.));
#4721 = ADVANCED_FACE('',(#4722),#4747,.T.);
#4722 = FACE_BOUND('',#4723,.T.);
#4723 = EDGE_LOOP('',(#4724,#4732,#4733,#4741));
#4724 = ORIENTED_EDGE('',*,*,#4725,.F.);
#4725 = EDGE_CURVE('',#4665,#4726,#4728,.T.);
#4726 = VERTEX_POINT('',#4727);
#4727 = CARTESIAN_POINT('',(-75.5,-50.89,48.));
#4728 = LINE('',#4729,#4730);
#4729 = CARTESIAN_POINT('',(-75.5,-50.89,38.));
#4730 = VECTOR('',#4731,1.);
#4731 = DIRECTION('',(0.,0.,1.));
#4732 = ORIENTED_EDGE('',*,*,#4664,.T.);
#4733 = ORIENTED_EDGE('',*,*,#4734,.T.);
#4734 = EDGE_CURVE('',#4655,#4735,#4737,.T.);
#4735 = VERTEX_POINT('',#4736);
#4736 = CARTESIAN_POINT('',(-75.5,-47.89,48.));
#4737 = LINE('',#4738,#4739);
#4738 = CARTESIAN_POINT('',(-75.5,-47.89,38.));
#4739 = VECTOR('',#4740,1.);
#4740 = DIRECTION('',(0.,0.,1.));
#4741 = ORIENTED_EDGE('',*,*,#4742,.F.);
#4742 = EDGE_CURVE('',#4726,#4735,#4743,.T.);
#4743 = LINE('',#4744,#4745);
#4744 = CARTESIAN_POINT('',(-75.5,-50.89,48.));
#4745 = VECTOR('',#4746,1.);
#4746 = DIRECTION('',(0.,1.,0.));
#4747 = PLANE('',#4748);
#4748 = AXIS2_PLACEMENT_3D('',#4749,#4750,#4751);
#4749 = CARTESIAN_POINT('',(-75.5,-50.89,38.));
#4750 = DIRECTION('',(1.,0.,0.));
#4751 = DIRECTION('',(0.,0.,1.));
#4752 = ADVANCED_FACE('',(#4753),#4778,.T.);
#4753 = FACE_BOUND('',#4754,.T.);
#4754 = EDGE_LOOP('',(#4755,#4756,#4764,#4772));
#4755 = ORIENTED_EDGE('',*,*,#4711,.F.);
#4756 = ORIENTED_EDGE('',*,*,#4757,.T.);
#4757 = EDGE_CURVE('',#4695,#4758,#4760,.T.);
#4758 = VERTEX_POINT('',#4759);
#4759 = CARTESIAN_POINT('',(80.,-50.89,48.));
#4760 = LINE('',#4761,#4762);
#4761 = CARTESIAN_POINT('',(75.5,-50.89,48.));
#4762 = VECTOR('',#4763,1.);
#4763 = DIRECTION('',(1.,0.,0.));
#4764 = ORIENTED_EDGE('',*,*,#4765,.T.);
#4765 = EDGE_CURVE('',#4758,#4766,#4768,.T.);
#4766 = VERTEX_POINT('',#4767);
#4767 = CARTESIAN_POINT('',(80.,-47.89,48.));
#4768 = LINE('',#4769,#4770);
#4769 = CARTESIAN_POINT('',(80.,-50.89,48.));
#4770 = VECTOR('',#4771,1.);
#4771 = DIRECTION('',(0.,1.,0.));
#4772 = ORIENTED_EDGE('',*,*,#4773,.F.);
#4773 = EDGE_CURVE('',#4704,#4766,#4774,.T.);
#4774 = LINE('',#4775,#4776);
#4775 = CARTESIAN_POINT('',(75.5,-47.89,48.));
#4776 = VECTOR('',#4777,1.);
#4777 = DIRECTION('',(1.,0.,0.));
#4778 = PLANE('',#4779);
#4779 = AXIS2_PLACEMENT_3D('',#4780,#4781,#4782);
#4780 = CARTESIAN_POINT('',(75.5,-50.89,48.));
#4781 = DIRECTION('',(0.,0.,1.));
#4782 = DIRECTION('',(1.,0.,0.));
#4783 = ADVANCED_FACE('',(#4784),#4819,.T.);
#4784 = FACE_BOUND('',#4785,.T.);
#4785 = EDGE_LOOP('',(#4786,#4794,#4803,#4812,#4818));
#4786 = ORIENTED_EDGE('',*,*,#4787,.F.);
#4787 = EDGE_CURVE('',#4788,#4758,#4790,.T.);
#4788 = VERTEX_POINT('',#4789);
#4789 = CARTESIAN_POINT('',(80.,-50.89,44.));
#4790 = LINE('',#4791,#4792);
#4791 = CARTESIAN_POINT('',(80.,-50.89,38.));
#4792 = VECTOR('',#4793,1.);
#4793 = DIRECTION('',(0.,0.,1.));
#4794 = ORIENTED_EDGE('',*,*,#4795,.F.);
#4795 = EDGE_CURVE('',#4796,#4788,#4798,.T.);
#4796 = VERTEX_POINT('',#4797);
#4797 = CARTESIAN_POINT('',(80.,-49.39,45.5));
#4798 = CIRCLE('',#4799,1.5);
#4799 = AXIS2_PLACEMENT_3D('',#4800,#4801,#4802);
#4800 = CARTESIAN_POINT('',(80.,-49.39,44.));
#4801 = DIRECTION('',(1.,0.,-0.));
#4802 = DIRECTION('',(0.,0.,1.));
#4803 = ORIENTED_EDGE('',*,*,#4804,.F.);
#4804 = EDGE_CURVE('',#4805,#4796,#4807,.T.);
#4805 = VERTEX_POINT('',#4806);
#4806 = CARTESIAN_POINT('',(80.,-47.89,44.));
#4807 = CIRCLE('',#4808,1.5);
#4808 = AXIS2_PLACEMENT_3D('',#4809,#4810,#4811);
#4809 = CARTESIAN_POINT('',(80.,-49.39,44.));
#4810 = DIRECTION('',(1.,0.,-0.));
#4811 = DIRECTION('',(0.,0.,1.));
#4812 = ORIENTED_EDGE('',*,*,#4813,.T.);
#4813 = EDGE_CURVE('',#4805,#4766,#4814,.T.);
#4814 = LINE('',#4815,#4816);
#4815 = CARTESIAN_POINT('',(80.,-47.89,38.));
#4816 = VECTOR('',#4817,1.);
#4817 = DIRECTION('',(0.,0.,1.));
#4818 = ORIENTED_EDGE('',*,*,#4765,.F.);
#4819 = PLANE('',#4820);
#4820 = AXIS2_PLACEMENT_3D('',#4821,#4822,#4823);
#4821 = CARTESIAN_POINT('',(80.,-50.89,38.));
#4822 = DIRECTION('',(1.,0.,0.));
#4823 = DIRECTION('',(0.,0.,1.));
#4824 = ADVANCED_FACE('',(#4825),#4850,.T.);
#4825 = FACE_BOUND('',#4826,.T.);
#4826 = EDGE_LOOP('',(#4827,#4837,#4843,#4844));
#4827 = ORIENTED_EDGE('',*,*,#4828,.F.);
#4828 = EDGE_CURVE('',#4829,#4831,#4833,.T.);
#4829 = VERTEX_POINT('',#4830);
#4830 = CARTESIAN_POINT('',(-80.,-50.89,48.));
#4831 = VERTEX_POINT('',#4832);
#4832 = CARTESIAN_POINT('',(-80.,-47.89,48.));
#4833 = LINE('',#4834,#4835);
#4834 = CARTESIAN_POINT('',(-80.,-50.89,48.));
#4835 = VECTOR('',#4836,1.);
#4836 = DIRECTION('',(0.,1.,0.));
#4837 = ORIENTED_EDGE('',*,*,#4838,.T.);
#4838 = EDGE_CURVE('',#4829,#4726,#4839,.T.);
#4839 = LINE('',#4840,#4841);
#4840 = CARTESIAN_POINT('',(-80.,-50.89,48.));
#4841 = VECTOR('',#4842,1.);
#4842 = DIRECTION('',(1.,0.,0.));
#4843 = ORIENTED_EDGE('',*,*,#4742,.T.);
#4844 = ORIENTED_EDGE('',*,*,#4845,.F.);
#4845 = EDGE_CURVE('',#4831,#4735,#4846,.T.);
#4846 = LINE('',#4847,#4848);
#4847 = CARTESIAN_POINT('',(-80.,-47.89,48.));
#4848 = VECTOR('',#4849,1.);
#4849 = DIRECTION('',(1.,0.,0.));
#4850 = PLANE('',#4851);
#4851 = AXIS2_PLACEMENT_3D('',#4852,#4853,#4854);
#4852 = CARTESIAN_POINT('',(-80.,-50.89,48.));
#4853 = DIRECTION('',(0.,0.,1.));
#4854 = DIRECTION('',(1.,0.,0.));
#4855 = ADVANCED_FACE('',(#4856),#4891,.F.);
#4856 = FACE_BOUND('',#4857,.F.);
#4857 = EDGE_LOOP('',(#4858,#4866,#4875,#4884,#4890));
#4858 = ORIENTED_EDGE('',*,*,#4859,.F.);
#4859 = EDGE_CURVE('',#4860,#4829,#4862,.T.);
#4860 = VERTEX_POINT('',#4861);
#4861 = CARTESIAN_POINT('',(-80.,-50.89,44.));
#4862 = LINE('',#4863,#4864);
#4863 = CARTESIAN_POINT('',(-80.,-50.89,38.));
#4864 = VECTOR('',#4865,1.);
#4865 = DIRECTION('',(0.,0.,1.));
#4866 = ORIENTED_EDGE('',*,*,#4867,.F.);
#4867 = EDGE_CURVE('',#4868,#4860,#4870,.T.);
#4868 = VERTEX_POINT('',#4869);
#4869 = CARTESIAN_POINT('',(-80.,-49.39,45.5));
#4870 = CIRCLE('',#4871,1.5);
#4871 = AXIS2_PLACEMENT_3D('',#4872,#4873,#4874);
#4872 = CARTESIAN_POINT('',(-80.,-49.39,44.));
#4873 = DIRECTION('',(1.,0.,-0.));
#4874 = DIRECTION('',(0.,0.,1.));
#4875 = ORIENTED_EDGE('',*,*,#4876,.F.);
#4876 = EDGE_CURVE('',#4877,#4868,#4879,.T.);
#4877 = VERTEX_POINT('',#4878);
#4878 = CARTESIAN_POINT('',(-80.,-47.89,44.));
#4879 = CIRCLE('',#4880,1.5);
#4880 = AXIS2_PLACEMENT_3D('',#4881,#4882,#4883);
#4881 = CARTESIAN_POINT('',(-80.,-49.39,44.));
#4882 = DIRECTION('',(1.,0.,-0.));
#4883 = DIRECTION('',(0.,0.,1.));
#4884 = ORIENTED_EDGE('',*,*,#4885,.T.);
#4885 = EDGE_CURVE('',#4877,#4831,#4886,.T.);
#4886 = LINE('',#4887,#4888);
#4887 = CARTESIAN_POINT('',(-80.,-47.89,38.));
#4888 = VECTOR('',#4889,1.);
#4889 = DIRECTION('',(0.,0.,1.));
#4890 = ORIENTED_EDGE('',*,*,#4828,.F.);
#4891 = PLANE('',#4892);
#4892 = AXIS2_PLACEMENT_3D('',#4893,#4894,#4895);
#4893 = CARTESIAN_POINT('',(-80.,-50.89,38.));
#4894 = DIRECTION('',(1.,0.,0.));
#4895 = DIRECTION('',(0.,0.,1.));
#4896 = ADVANCED_FACE('',(#4897),#4924,.T.);
#4897 = FACE_BOUND('',#4898,.T.);
#4898 = EDGE_LOOP('',(#4899,#4907,#4908,#4915,#4916,#4917));
#4899 = ORIENTED_EDGE('',*,*,#4900,.T.);
#4900 = EDGE_CURVE('',#4901,#4868,#4903,.T.);
#4901 = VERTEX_POINT('',#4902);
#4902 = CARTESIAN_POINT('',(-83.5,-49.39,45.5));
#4903 = LINE('',#4904,#4905);
#4904 = CARTESIAN_POINT('',(-83.5,-49.39,45.5));
#4905 = VECTOR('',#4906,1.);
#4906 = DIRECTION('',(1.,0.,0.));
#4907 = ORIENTED_EDGE('',*,*,#4876,.F.);
#4908 = ORIENTED_EDGE('',*,*,#4909,.F.);
#4909 = EDGE_CURVE('',#4860,#4877,#4910,.T.);
#4910 = CIRCLE('',#4911,1.5);
#4911 = AXIS2_PLACEMENT_3D('',#4912,#4913,#4914);
#4912 = CARTESIAN_POINT('',(-80.,-49.39,44.));
#4913 = DIRECTION('',(1.,0.,-0.));
#4914 = DIRECTION('',(0.,0.,1.));
#4915 = ORIENTED_EDGE('',*,*,#4867,.F.);
#4916 = ORIENTED_EDGE('',*,*,#4900,.F.);
#4917 = ORIENTED_EDGE('',*,*,#4918,.T.);
#4918 = EDGE_CURVE('',#4901,#4901,#4919,.T.);
#4919 = CIRCLE('',#4920,1.5);
#4920 = AXIS2_PLACEMENT_3D('',#4921,#4922,#4923);
#4921 = CARTESIAN_POINT('',(-83.5,-49.39,44.));
#4922 = DIRECTION('',(1.,0.,-0.));
#4923 = DIRECTION('',(0.,0.,1.));
#4924 = CYLINDRICAL_SURFACE('',#4925,1.5);
#4925 = AXIS2_PLACEMENT_3D('',#4926,#4927,#4928);
#4926 = CARTESIAN_POINT('',(-83.5,-49.39,44.));
#4927 = DIRECTION('',(1.,0.,0.));
#4928 = DIRECTION('',(0.,0.,1.));
#4929 = ADVANCED_FACE('',(#4930),#4933,.F.);
#4930 = FACE_BOUND('',#4931,.T.);
#4931 = EDGE_LOOP('',(#4932));
#4932 = ORIENTED_EDGE('',*,*,#4918,.F.);
#4933 = PLANE('',#4934);
#4934 = AXIS2_PLACEMENT_3D('',#4935,#4936,#4937);
#4935 = CARTESIAN_POINT('',(-83.5,-49.39,44.));
#4936 = DIRECTION('',(1.,0.,0.));
#4937 = DIRECTION('',(0.,0.,1.));
#4938 = ADVANCED_FACE('',(#4939),#4966,.T.);
#4939 = FACE_BOUND('',#4940,.T.);
#4940 = EDGE_LOOP('',(#4941,#4949,#4956,#4957,#4958,#4965));
#4941 = ORIENTED_EDGE('',*,*,#4942,.T.);
#4942 = EDGE_CURVE('',#4796,#4943,#4945,.T.);
#4943 = VERTEX_POINT('',#4944);
#4944 = CARTESIAN_POINT('',(83.5,-49.39,45.5));
#4945 = LINE('',#4946,#4947);
#4946 = CARTESIAN_POINT('',(80.,-49.39,45.5));
#4947 = VECTOR('',#4948,1.);
#4948 = DIRECTION('',(1.,0.,0.));
#4949 = ORIENTED_EDGE('',*,*,#4950,.F.);
#4950 = EDGE_CURVE('',#4943,#4943,#4951,.T.);
#4951 = CIRCLE('',#4952,1.5);
#4952 = AXIS2_PLACEMENT_3D('',#4953,#4954,#4955);
#4953 = CARTESIAN_POINT('',(83.5,-49.39,44.));
#4954 = DIRECTION('',(1.,0.,-0.));
#4955 = DIRECTION('',(0.,0.,1.));
#4956 = ORIENTED_EDGE('',*,*,#4942,.F.);
#4957 = ORIENTED_EDGE('',*,*,#4795,.T.);
#4958 = ORIENTED_EDGE('',*,*,#4959,.T.);
#4959 = EDGE_CURVE('',#4788,#4805,#4960,.T.);
#4960 = CIRCLE('',#4961,1.5);
#4961 = AXIS2_PLACEMENT_3D('',#4962,#4963,#4964);
#4962 = CARTESIAN_POINT('',(80.,-49.39,44.));
#4963 = DIRECTION('',(1.,0.,-0.));
#4964 = DIRECTION('',(0.,0.,1.));
#4965 = ORIENTED_EDGE('',*,*,#4804,.T.);
#4966 = CYLINDRICAL_SURFACE('',#4967,1.5);
#4967 = AXIS2_PLACEMENT_3D('',#4968,#4969,#4970);
#4968 = CARTESIAN_POINT('',(80.,-49.39,44.));
#4969 = DIRECTION('',(1.,0.,0.));
#4970 = DIRECTION('',(0.,0.,1.));
#4971 = ADVANCED_FACE('',(#4972),#4975,.T.);
#4972 = FACE_BOUND('',#4973,.T.);
#4973 = EDGE_LOOP('',(#4974));
#4974 = ORIENTED_EDGE('',*,*,#4950,.T.);
#4975 = PLANE('',#4976);
#4976 = AXIS2_PLACEMENT_3D('',#4977,#4978,#4979);
#4977 = CARTESIAN_POINT('',(83.5,-49.39,44.));
#4978 = DIRECTION('',(1.,0.,0.));
#4979 = DIRECTION('',(0.,0.,1.));
#4980 = ADVANCED_FACE('',(#4981),#5038,.T.);
#4981 = FACE_BOUND('',#4982,.T.);
#4982 = EDGE_LOOP('',(#4983,#4991,#4992,#5000,#5008,#5016,#5024,#5032));
#4983 = ORIENTED_EDGE('',*,*,#4984,.T.);
#4984 = EDGE_CURVE('',#4985,#4860,#4987,.T.);
#4985 = VERTEX_POINT('',#4986);
#4986 = CARTESIAN_POINT('',(-80.,-50.89,0.3));
#4987 = LINE('',#4988,#4989);
#4988 = CARTESIAN_POINT('',(-80.,-50.89,0.3));
#4989 = VECTOR('',#4990,1.);
#4990 = DIRECTION('',(0.,0.,1.));
#4991 = ORIENTED_EDGE('',*,*,#4909,.T.);
#4992 = ORIENTED_EDGE('',*,*,#4993,.F.);
#4993 = EDGE_CURVE('',#4994,#4877,#4996,.T.);
#4994 = VERTEX_POINT('',#4995);
#4995 = CARTESIAN_POINT('',(-80.,-47.89,21.833030277982));
#4996 = LINE('',#4997,#4998);
#4997 = CARTESIAN_POINT('',(-80.,-47.89,38.));
#4998 = VECTOR('',#4999,1.);
#4999 = DIRECTION('',(0.,0.,1.));
#5000 = ORIENTED_EDGE('',*,*,#5001,.F.);
#5001 = EDGE_CURVE('',#5002,#4994,#5004,.T.);
#5002 = VERTEX_POINT('',#5003);
#5003 = CARTESIAN_POINT('',(-80.,-49.88,21.833030277982));
#5004 = LINE('',#5005,#5006);
#5005 = CARTESIAN_POINT('',(-80.,-49.88,21.833030277982));
#5006 = VECTOR('',#5007,1.);
#5007 = DIRECTION('',(0.,1.,0.));
#5008 = ORIENTED_EDGE('',*,*,#5009,.F.);
#5009 = EDGE_CURVE('',#5010,#5002,#5012,.T.);
#5010 = VERTEX_POINT('',#5011);
#5011 = CARTESIAN_POINT('',(-80.,-49.88,18.166969722018));
#5012 = LINE('',#5013,#5014);
#5013 = CARTESIAN_POINT('',(-80.,-49.88,10.15));
#5014 = VECTOR('',#5015,1.);
#5015 = DIRECTION('',(0.,0.,1.));
#5016 = ORIENTED_EDGE('',*,*,#5017,.T.);
#5017 = EDGE_CURVE('',#5010,#5018,#5020,.T.);
#5018 = VERTEX_POINT('',#5019);
#5019 = CARTESIAN_POINT('',(-80.,-47.89,18.166969722018));
#5020 = LINE('',#5021,#5022);
#5021 = CARTESIAN_POINT('',(-80.,-49.88,18.166969722018));
#5022 = VECTOR('',#5023,1.);
#5023 = DIRECTION('',(0.,1.,0.));
#5024 = ORIENTED_EDGE('',*,*,#5025,.F.);
#5025 = EDGE_CURVE('',#5026,#5018,#5028,.T.);
#5026 = VERTEX_POINT('',#5027);
#5027 = CARTESIAN_POINT('',(-80.,-47.89,0.3));
#5028 = LINE('',#5029,#5030);
#5029 = CARTESIAN_POINT('',(-80.,-47.89,0.3));
#5030 = VECTOR('',#5031,1.);
#5031 = DIRECTION('',(0.,0.,1.));
#5032 = ORIENTED_EDGE('',*,*,#5033,.F.);
#5033 = EDGE_CURVE('',#4985,#5026,#5034,.T.);
#5034 = LINE('',#5035,#5036);
#5035 = CARTESIAN_POINT('',(-80.,-50.89,0.3));
#5036 = VECTOR('',#5037,1.);
#5037 = DIRECTION('',(0.,1.,0.));
#5038 = PLANE('',#5039);
#5039 = AXIS2_PLACEMENT_3D('',#5040,#5041,#5042);
#5040 = CARTESIAN_POINT('',(-80.,-49.44345429314,22.355510575273));
#5041 = DIRECTION('',(-1.,-0.,-0.));
#5042 = DIRECTION('',(0.,0.,-1.));
#5043 = ADVANCED_FACE('',(#5044),#5063,.T.);
#5044 = FACE_BOUND('',#5045,.T.);
#5045 = EDGE_LOOP('',(#5046,#5055,#5062));
#5046 = ORIENTED_EDGE('',*,*,#5047,.T.);
#5047 = EDGE_CURVE('',#5002,#5048,#5050,.T.);
#5048 = VERTEX_POINT('',#5049);
#5049 = CARTESIAN_POINT('',(-77.5,-49.88,23.1));
#5050 = CIRCLE('',#5051,3.1);
#5051 = AXIS2_PLACEMENT_3D('',#5052,#5053,#5054);
#5052 = CARTESIAN_POINT('',(-77.5,-49.88,20.));
#5053 = DIRECTION('',(0.,1.,0.));
#5054 = DIRECTION('',(0.,0.,1.));
#5055 = ORIENTED_EDGE('',*,*,#5056,.T.);
#5056 = EDGE_CURVE('',#5048,#5010,#5057,.T.);
#5057 = CIRCLE('',#5058,3.1);
#5058 = AXIS2_PLACEMENT_3D('',#5059,#5060,#5061);
#5059 = CARTESIAN_POINT('',(-77.5,-49.88,20.));
#5060 = DIRECTION('',(0.,1.,0.));
#5061 = DIRECTION('',(0.,0.,1.));
#5062 = ORIENTED_EDGE('',*,*,#5009,.T.);
#5063 = PLANE('',#5064);
#5064 = AXIS2_PLACEMENT_3D('',#5065,#5066,#5067);
#5065 = CARTESIAN_POINT('',(-77.5,-49.88,20.));
#5066 = DIRECTION('',(0.,1.,0.));
#5067 = DIRECTION('',(0.,0.,1.));
#5068 = ADVANCED_FACE('',(#5069),#5125,.T.);
#5069 = FACE_BOUND('',#5070,.T.);
#5070 = EDGE_LOOP('',(#5071,#5079,#5080,#5081,#5082,#5083,#5084,#5085,
    #5086,#5087,#5095,#5103,#5111,#5119));
#5071 = ORIENTED_EDGE('',*,*,#5072,.T.);
#5072 = EDGE_CURVE('',#5073,#4788,#5075,.T.);
#5073 = VERTEX_POINT('',#5074);
#5074 = CARTESIAN_POINT('',(80.,-50.89,0.3));
#5075 = LINE('',#5076,#5077);
#5076 = CARTESIAN_POINT('',(80.,-50.89,0.3));
#5077 = VECTOR('',#5078,1.);
#5078 = DIRECTION('',(0.,0.,1.));
#5079 = ORIENTED_EDGE('',*,*,#4787,.T.);
#5080 = ORIENTED_EDGE('',*,*,#4757,.F.);
#5081 = ORIENTED_EDGE('',*,*,#4694,.F.);
#5082 = ORIENTED_EDGE('',*,*,#4672,.F.);
#5083 = ORIENTED_EDGE('',*,*,#4725,.T.);
#5084 = ORIENTED_EDGE('',*,*,#4838,.F.);
#5085 = ORIENTED_EDGE('',*,*,#4859,.F.);
#5086 = ORIENTED_EDGE('',*,*,#4984,.F.);
#5087 = ORIENTED_EDGE('',*,*,#5088,.T.);
#5088 = EDGE_CURVE('',#4985,#5089,#5091,.T.);
#5089 = VERTEX_POINT('',#5090);
#5090 = CARTESIAN_POINT('',(-60.,-50.89,0.3));
#5091 = LINE('',#5092,#5093);
#5092 = CARTESIAN_POINT('',(-80.,-50.89,0.3));
#5093 = VECTOR('',#5094,1.);
#5094 = DIRECTION('',(1.,0.,0.));
#5095 = ORIENTED_EDGE('',*,*,#5096,.F.);
#5096 = EDGE_CURVE('',#5097,#5089,#5099,.T.);
#5097 = VERTEX_POINT('',#5098);
#5098 = CARTESIAN_POINT('',(-60.,-50.89,5.5));
#5099 = LINE('',#5100,#5101);
#5100 = CARTESIAN_POINT('',(-60.,-50.89,0.3));
#5101 = VECTOR('',#5102,1.);
#5102 = DIRECTION('',(0.,0.,-1.));
#5103 = ORIENTED_EDGE('',*,*,#5104,.T.);
#5104 = EDGE_CURVE('',#5097,#5105,#5107,.T.);
#5105 = VERTEX_POINT('',#5106);
#5106 = CARTESIAN_POINT('',(60.,-50.89,5.5));
#5107 = LINE('',#5108,#5109);
#5108 = CARTESIAN_POINT('',(-70.,-50.89,5.5));
#5109 = VECTOR('',#5110,1.);
#5110 = DIRECTION('',(1.,0.,0.));
#5111 = ORIENTED_EDGE('',*,*,#5112,.T.);
#5112 = EDGE_CURVE('',#5105,#5113,#5115,.T.);
#5113 = VERTEX_POINT('',#5114);
#5114 = CARTESIAN_POINT('',(60.,-50.89,0.3));
#5115 = LINE('',#5116,#5117);
#5116 = CARTESIAN_POINT('',(60.,-50.89,0.3));
#5117 = VECTOR('',#5118,1.);
#5118 = DIRECTION('',(0.,0.,-1.));
#5119 = ORIENTED_EDGE('',*,*,#5120,.T.);
#5120 = EDGE_CURVE('',#5113,#5073,#5121,.T.);
#5121 = LINE('',#5122,#5123);
#5122 = CARTESIAN_POINT('',(-80.,-50.89,0.3));
#5123 = VECTOR('',#5124,1.);
#5124 = DIRECTION('',(1.,0.,0.));
#5125 = PLANE('',#5126);
#5126 = AXIS2_PLACEMENT_3D('',#5127,#5128,#5129);
#5127 = CARTESIAN_POINT('',(0.,-50.89,23.046785875962));
#5128 = DIRECTION('',(-0.,-1.,-0.));
#5129 = DIRECTION('',(0.,0.,-1.));
#5130 = ADVANCED_FACE('',(#5131),#5156,.F.);
#5131 = FACE_BOUND('',#5132,.F.);
#5132 = EDGE_LOOP('',(#5133,#5141,#5149,#5155));
#5133 = ORIENTED_EDGE('',*,*,#5134,.F.);
#5134 = EDGE_CURVE('',#5135,#5097,#5137,.T.);
#5135 = VERTEX_POINT('',#5136);
#5136 = CARTESIAN_POINT('',(-60.,-55.89,5.5));
#5137 = LINE('',#5138,#5139);
#5138 = CARTESIAN_POINT('',(-60.,-55.89,5.5));
#5139 = VECTOR('',#5140,1.);
#5140 = DIRECTION('',(0.,1.,0.));
#5141 = ORIENTED_EDGE('',*,*,#5142,.F.);
#5142 = EDGE_CURVE('',#5143,#5135,#5145,.T.);
#5143 = VERTEX_POINT('',#5144);
#5144 = CARTESIAN_POINT('',(-60.,-55.89,0.3));
#5145 = LINE('',#5146,#5147);
#5146 = CARTESIAN_POINT('',(-60.,-55.89,0.3));
#5147 = VECTOR('',#5148,1.);
#5148 = DIRECTION('',(0.,0.,1.));
#5149 = ORIENTED_EDGE('',*,*,#5150,.T.);
#5150 = EDGE_CURVE('',#5143,#5089,#5151,.T.);
#5151 = LINE('',#5152,#5153);
#5152 = CARTESIAN_POINT('',(-60.,-55.89,0.3));
#5153 = VECTOR('',#5154,1.);
#5154 = DIRECTION('',(0.,1.,0.));
#5155 = ORIENTED_EDGE('',*,*,#5096,.F.);
#5156 = PLANE('',#5157);
#5157 = AXIS2_PLACEMENT_3D('',#5158,#5159,#5160);
#5158 = CARTESIAN_POINT('',(-60.,-55.89,0.3));
#5159 = DIRECTION('',(1.,0.,0.));
#5160 = DIRECTION('',(0.,0.,1.));
#5161 = ADVANCED_FACE('',(#5162),#5180,.T.);
#5162 = FACE_BOUND('',#5163,.T.);
#5163 = EDGE_LOOP('',(#5164,#5165,#5173,#5179));
#5164 = ORIENTED_EDGE('',*,*,#5134,.F.);
#5165 = ORIENTED_EDGE('',*,*,#5166,.T.);
#5166 = EDGE_CURVE('',#5135,#5167,#5169,.T.);
#5167 = VERTEX_POINT('',#5168);
#5168 = CARTESIAN_POINT('',(60.,-55.89,5.5));
#5169 = LINE('',#5170,#5171);
#5170 = CARTESIAN_POINT('',(-60.,-55.89,5.5));
#5171 = VECTOR('',#5172,1.);
#5172 = DIRECTION('',(1.,0.,0.));
#5173 = ORIENTED_EDGE('',*,*,#5174,.T.);
#5174 = EDGE_CURVE('',#5167,#5105,#5175,.T.);
#5175 = LINE('',#5176,#5177);
#5176 = CARTESIAN_POINT('',(60.,-55.89,5.5));
#5177 = VECTOR('',#5178,1.);
#5178 = DIRECTION('',(0.,1.,0.));
#5179 = ORIENTED_EDGE('',*,*,#5104,.F.);
#5180 = PLANE('',#5181);
#5181 = AXIS2_PLACEMENT_3D('',#5182,#5183,#5184);
#5182 = CARTESIAN_POINT('',(-60.,-55.89,5.5));
#5183 = DIRECTION('',(0.,0.,1.));
#5184 = DIRECTION('',(1.,0.,0.));
#5185 = ADVANCED_FACE('',(#5186),#5204,.T.);
#5186 = FACE_BOUND('',#5187,.T.);
#5187 = EDGE_LOOP('',(#5188,#5189,#5197,#5203));
#5188 = ORIENTED_EDGE('',*,*,#5174,.F.);
#5189 = ORIENTED_EDGE('',*,*,#5190,.F.);
#5190 = EDGE_CURVE('',#5191,#5167,#5193,.T.);
#5191 = VERTEX_POINT('',#5192);
#5192 = CARTESIAN_POINT('',(60.,-55.89,0.3));
#5193 = LINE('',#5194,#5195);
#5194 = CARTESIAN_POINT('',(60.,-55.89,0.3));
#5195 = VECTOR('',#5196,1.);
#5196 = DIRECTION('',(0.,0.,1.));
#5197 = ORIENTED_EDGE('',*,*,#5198,.T.);
#5198 = EDGE_CURVE('',#5191,#5113,#5199,.T.);
#5199 = LINE('',#5200,#5201);
#5200 = CARTESIAN_POINT('',(60.,-55.89,0.3));
#5201 = VECTOR('',#5202,1.);
#5202 = DIRECTION('',(0.,1.,0.));
#5203 = ORIENTED_EDGE('',*,*,#5112,.F.);
#5204 = PLANE('',#5205);
#5205 = AXIS2_PLACEMENT_3D('',#5206,#5207,#5208);
#5206 = CARTESIAN_POINT('',(60.,-55.89,0.3));
#5207 = DIRECTION('',(1.,0.,0.));
#5208 = DIRECTION('',(0.,0.,1.));
#5209 = ADVANCED_FACE('',(#5210),#5221,.F.);
#5210 = FACE_BOUND('',#5211,.F.);
#5211 = EDGE_LOOP('',(#5212,#5218,#5219,#5220));
#5212 = ORIENTED_EDGE('',*,*,#5213,.F.);
#5213 = EDGE_CURVE('',#5143,#5191,#5214,.T.);
#5214 = LINE('',#5215,#5216);
#5215 = CARTESIAN_POINT('',(-60.,-55.89,0.3));
#5216 = VECTOR('',#5217,1.);
#5217 = DIRECTION('',(1.,0.,0.));
#5218 = ORIENTED_EDGE('',*,*,#5142,.T.);
#5219 = ORIENTED_EDGE('',*,*,#5166,.T.);
#5220 = ORIENTED_EDGE('',*,*,#5190,.F.);
#5221 = PLANE('',#5222);
#5222 = AXIS2_PLACEMENT_3D('',#5223,#5224,#5225);
#5223 = CARTESIAN_POINT('',(-60.,-55.89,0.3));
#5224 = DIRECTION('',(0.,1.,0.));
#5225 = DIRECTION('',(0.,0.,1.));
#5226 = ADVANCED_FACE('',(#5227),#5294,.T.);
#5227 = FACE_BOUND('',#5228,.T.);
#5228 = EDGE_LOOP('',(#5229,#5239,#5245,#5246,#5255,#5262,#5263,#5264,
    #5265,#5266,#5267,#5268,#5269,#5270,#5278,#5287));
#5229 = ORIENTED_EDGE('',*,*,#5230,.F.);
#5230 = EDGE_CURVE('',#5231,#5233,#5235,.T.);
#5231 = VERTEX_POINT('',#5232);
#5232 = CARTESIAN_POINT('',(80.,-47.89,0.3));
#5233 = VERTEX_POINT('',#5234);
#5234 = CARTESIAN_POINT('',(80.,-47.89,18.166969722018));
#5235 = LINE('',#5236,#5237);
#5236 = CARTESIAN_POINT('',(80.,-47.89,0.3));
#5237 = VECTOR('',#5238,1.);
#5238 = DIRECTION('',(0.,0.,1.));
#5239 = ORIENTED_EDGE('',*,*,#5240,.F.);
#5240 = EDGE_CURVE('',#5026,#5231,#5241,.T.);
#5241 = LINE('',#5242,#5243);
#5242 = CARTESIAN_POINT('',(-80.,-47.89,0.3));
#5243 = VECTOR('',#5244,1.);
#5244 = DIRECTION('',(1.,0.,0.));
#5245 = ORIENTED_EDGE('',*,*,#5025,.T.);
#5246 = ORIENTED_EDGE('',*,*,#5247,.F.);
#5247 = EDGE_CURVE('',#5248,#5018,#5250,.T.);
#5248 = VERTEX_POINT('',#5249);
#5249 = CARTESIAN_POINT('',(-77.5,-47.89,23.1));
#5250 = CIRCLE('',#5251,3.1);
#5251 = AXIS2_PLACEMENT_3D('',#5252,#5253,#5254);
#5252 = CARTESIAN_POINT('',(-77.5,-47.89,20.));
#5253 = DIRECTION('',(0.,1.,0.));
#5254 = DIRECTION('',(0.,0.,1.));
#5255 = ORIENTED_EDGE('',*,*,#5256,.F.);
#5256 = EDGE_CURVE('',#4994,#5248,#5257,.T.);
#5257 = CIRCLE('',#5258,3.1);
#5258 = AXIS2_PLACEMENT_3D('',#5259,#5260,#5261);
#5259 = CARTESIAN_POINT('',(-77.5,-47.89,20.));
#5260 = DIRECTION('',(0.,1.,0.));
#5261 = DIRECTION('',(0.,0.,1.));
#5262 = ORIENTED_EDGE('',*,*,#4993,.T.);
#5263 = ORIENTED_EDGE('',*,*,#4885,.T.);
#5264 = ORIENTED_EDGE('',*,*,#4845,.T.);
#5265 = ORIENTED_EDGE('',*,*,#4734,.F.);
#5266 = ORIENTED_EDGE('',*,*,#4654,.T.);
#5267 = ORIENTED_EDGE('',*,*,#4703,.T.);
#5268 = ORIENTED_EDGE('',*,*,#4773,.T.);
#5269 = ORIENTED_EDGE('',*,*,#4813,.F.);
#5270 = ORIENTED_EDGE('',*,*,#5271,.F.);
#5271 = EDGE_CURVE('',#5272,#4805,#5274,.T.);
#5272 = VERTEX_POINT('',#5273);
#5273 = CARTESIAN_POINT('',(80.,-47.89,21.833030277982));
#5274 = LINE('',#5275,#5276);
#5275 = CARTESIAN_POINT('',(80.,-47.89,38.));
#5276 = VECTOR('',#5277,1.);
#5277 = DIRECTION('',(0.,0.,1.));
#5278 = ORIENTED_EDGE('',*,*,#5279,.F.);
#5279 = EDGE_CURVE('',#5280,#5272,#5282,.T.);
#5280 = VERTEX_POINT('',#5281);
#5281 = CARTESIAN_POINT('',(77.5,-47.89,23.1));
#5282 = CIRCLE('',#5283,3.1);
#5283 = AXIS2_PLACEMENT_3D('',#5284,#5285,#5286);
#5284 = CARTESIAN_POINT('',(77.5,-47.89,20.));
#5285 = DIRECTION('',(0.,1.,0.));
#5286 = DIRECTION('',(0.,0.,1.));
#5287 = ORIENTED_EDGE('',*,*,#5288,.F.);
#5288 = EDGE_CURVE('',#5233,#5280,#5289,.T.);
#5289 = CIRCLE('',#5290,3.1);
#5290 = AXIS2_PLACEMENT_3D('',#5291,#5292,#5293);
#5291 = CARTESIAN_POINT('',(77.5,-47.89,20.));
#5292 = DIRECTION('',(0.,1.,0.));
#5293 = DIRECTION('',(0.,0.,1.));
#5294 = PLANE('',#5295);
#5295 = AXIS2_PLACEMENT_3D('',#5296,#5297,#5298);
#5296 = CARTESIAN_POINT('',(1.254128548227E-16,-47.89,21.992647360814));
#5297 = DIRECTION('',(0.,1.,0.));
#5298 = DIRECTION('',(0.,0.,1.));
#5299 = ADVANCED_FACE('',(#5300),#5315,.T.);
#5300 = FACE_BOUND('',#5301,.T.);
#5301 = EDGE_LOOP('',(#5302,#5303,#5309,#5310,#5311,#5312,#5313,#5314));
#5302 = ORIENTED_EDGE('',*,*,#5240,.T.);
#5303 = ORIENTED_EDGE('',*,*,#5304,.F.);
#5304 = EDGE_CURVE('',#5073,#5231,#5305,.T.);
#5305 = LINE('',#5306,#5307);
#5306 = CARTESIAN_POINT('',(80.,-50.89,0.3));
#5307 = VECTOR('',#5308,1.);
#5308 = DIRECTION('',(0.,1.,0.));
#5309 = ORIENTED_EDGE('',*,*,#5120,.F.);
#5310 = ORIENTED_EDGE('',*,*,#5198,.F.);
#5311 = ORIENTED_EDGE('',*,*,#5213,.F.);
#5312 = ORIENTED_EDGE('',*,*,#5150,.T.);
#5313 = ORIENTED_EDGE('',*,*,#5088,.F.);
#5314 = ORIENTED_EDGE('',*,*,#5033,.T.);
#5315 = PLANE('',#5316);
#5316 = AXIS2_PLACEMENT_3D('',#5317,#5318,#5319);
#5317 = CARTESIAN_POINT('',(0.,-51.29476190476,0.3));
#5318 = DIRECTION('',(-0.,-0.,-1.));
#5319 = DIRECTION('',(-1.,0.,0.));
#5320 = ADVANCED_FACE('',(#5321),#5350,.T.);
#5321 = FACE_BOUND('',#5322,.T.);
#5322 = EDGE_LOOP('',(#5323,#5324,#5325,#5326,#5334,#5342,#5348,#5349));
#5323 = ORIENTED_EDGE('',*,*,#5072,.F.);
#5324 = ORIENTED_EDGE('',*,*,#5304,.T.);
#5325 = ORIENTED_EDGE('',*,*,#5230,.T.);
#5326 = ORIENTED_EDGE('',*,*,#5327,.F.);
#5327 = EDGE_CURVE('',#5328,#5233,#5330,.T.);
#5328 = VERTEX_POINT('',#5329);
#5329 = CARTESIAN_POINT('',(80.,-49.88,18.166969722018));
#5330 = LINE('',#5331,#5332);
#5331 = CARTESIAN_POINT('',(80.,-49.88,18.166969722018));
#5332 = VECTOR('',#5333,1.);
#5333 = DIRECTION('',(0.,1.,0.));
#5334 = ORIENTED_EDGE('',*,*,#5335,.T.);
#5335 = EDGE_CURVE('',#5328,#5336,#5338,.T.);
#5336 = VERTEX_POINT('',#5337);
#5337 = CARTESIAN_POINT('',(80.,-49.88,21.833030277982));
#5338 = LINE('',#5339,#5340);
#5339 = CARTESIAN_POINT('',(80.,-49.88,10.15));
#5340 = VECTOR('',#5341,1.);
#5341 = DIRECTION('',(0.,0.,1.));
#5342 = ORIENTED_EDGE('',*,*,#5343,.T.);
#5343 = EDGE_CURVE('',#5336,#5272,#5344,.T.);
#5344 = LINE('',#5345,#5346);
#5345 = CARTESIAN_POINT('',(80.,-49.88,21.833030277982));
#5346 = VECTOR('',#5347,1.);
#5347 = DIRECTION('',(0.,1.,0.));
#5348 = ORIENTED_EDGE('',*,*,#5271,.T.);
#5349 = ORIENTED_EDGE('',*,*,#4959,.F.);
#5350 = PLANE('',#5351);
#5351 = AXIS2_PLACEMENT_3D('',#5352,#5353,#5354);
#5352 = CARTESIAN_POINT('',(80.,-49.44345429314,22.355510575273));
#5353 = DIRECTION('',(1.,0.,0.));
#5354 = DIRECTION('',(0.,0.,1.));
#5355 = ADVANCED_FACE('',(#5356),#5375,.T.);
#5356 = FACE_BOUND('',#5357,.T.);
#5357 = EDGE_LOOP('',(#5358,#5367,#5374));
#5358 = ORIENTED_EDGE('',*,*,#5359,.T.);
#5359 = EDGE_CURVE('',#5328,#5360,#5362,.T.);
#5360 = VERTEX_POINT('',#5361);
#5361 = CARTESIAN_POINT('',(77.5,-49.88,23.1));
#5362 = CIRCLE('',#5363,3.1);
#5363 = AXIS2_PLACEMENT_3D('',#5364,#5365,#5366);
#5364 = CARTESIAN_POINT('',(77.5,-49.88,20.));
#5365 = DIRECTION('',(0.,1.,0.));
#5366 = DIRECTION('',(0.,0.,1.));
#5367 = ORIENTED_EDGE('',*,*,#5368,.T.);
#5368 = EDGE_CURVE('',#5360,#5336,#5369,.T.);
#5369 = CIRCLE('',#5370,3.1);
#5370 = AXIS2_PLACEMENT_3D('',#5371,#5372,#5373);
#5371 = CARTESIAN_POINT('',(77.5,-49.88,20.));
#5372 = DIRECTION('',(0.,1.,0.));
#5373 = DIRECTION('',(0.,0.,1.));
#5374 = ORIENTED_EDGE('',*,*,#5335,.F.);
#5375 = PLANE('',#5376);
#5376 = AXIS2_PLACEMENT_3D('',#5377,#5378,#5379);
#5377 = CARTESIAN_POINT('',(77.5,-49.88,20.));
#5378 = DIRECTION('',(0.,1.,0.));
#5379 = DIRECTION('',(0.,0.,1.));
#5380 = ADVANCED_FACE('',(#5381),#5389,.F.);
#5381 = FACE_BOUND('',#5382,.F.);
#5382 = EDGE_LOOP('',(#5383,#5384,#5385,#5386,#5387,#5388));
#5383 = ORIENTED_EDGE('',*,*,#5017,.T.);
#5384 = ORIENTED_EDGE('',*,*,#5247,.F.);
#5385 = ORIENTED_EDGE('',*,*,#5256,.F.);
#5386 = ORIENTED_EDGE('',*,*,#5001,.F.);
#5387 = ORIENTED_EDGE('',*,*,#5047,.T.);
#5388 = ORIENTED_EDGE('',*,*,#5056,.T.);
#5389 = CYLINDRICAL_SURFACE('',#5390,3.1);
#5390 = AXIS2_PLACEMENT_3D('',#5391,#5392,#5393);
#5391 = CARTESIAN_POINT('',(-77.5,-49.88,20.));
#5392 = DIRECTION('',(0.,1.,0.));
#5393 = DIRECTION('',(0.,0.,1.));
#5394 = ADVANCED_FACE('',(#5395),#5403,.F.);
#5395 = FACE_BOUND('',#5396,.F.);
#5396 = EDGE_LOOP('',(#5397,#5398,#5399,#5400,#5401,#5402));
#5397 = ORIENTED_EDGE('',*,*,#5343,.T.);
#5398 = ORIENTED_EDGE('',*,*,#5279,.F.);
#5399 = ORIENTED_EDGE('',*,*,#5288,.F.);
#5400 = ORIENTED_EDGE('',*,*,#5327,.F.);
#5401 = ORIENTED_EDGE('',*,*,#5359,.T.);
#5402 = ORIENTED_EDGE('',*,*,#5368,.T.);
#5403 = CYLINDRICAL_SURFACE('',#5404,3.1);
#5404 = AXIS2_PLACEMENT_3D('',#5405,#5406,#5407);
#5405 = CARTESIAN_POINT('',(77.5,-49.88,20.));
#5406 = DIRECTION('',(0.,1.,0.));
#5407 = DIRECTION('',(0.,0.,1.));
#5408 = ( GEOMETRIC_REPRESENTATION_CONTEXT(3) 
GLOBAL_UNCERTAINTY_ASSIGNED_CONTEXT((#5412)) 
GLOBAL_UNIT_ASSIGNED_CONTEXT((#5409,#5410,#5411)) REPRESENTATION_CONTEXT
('Context #1','3D Context with UNIT and UNCERTAINTY') );
#5409 = ( LENGTH_UNIT() NAMED_UNIT(*) SI_UNIT(.MILLI.,.METRE.) );
#5410 = ( NAMED_UNIT(*) PLANE_ANGLE_UNIT() SI_UNIT($,.RADIAN.) );
#5411 = ( NAMED_UNIT(*) SI_UNIT($,.STERADIAN.) SOLID_ANGLE_UNIT() );
#5412 = UNCERTAINTY_MEASURE_WITH_UNIT(LENGTH_MEASURE(5.E-07),#5409,
  'distance_accuracy_value','confusion accuracy');
#5413 = PRODUCT_RELATED_PRODUCT_CATEGORY('part',$,(#7));
ENDSEC;
END-ISO-10303-21;
