ISO-10303-21;
HEADER;
FILE_DESCRIPTION(('FreeCAD Model'),'2;1');
FILE_NAME('Open CASCADE Shape Model','2026-09-10T00:15:14',('FreeCAD'),(
    'FreeCAD'),'Open CASCADE STEP processor 7.8','FreeCAD','Unknown');
FILE_SCHEMA(('AUTOMOTIVE_DESIGN { 1 0 10303 214 1 1 1 1 }'));
ENDSEC;
DATA;
#1 = APPLICATION_PROTOCOL_DEFINITION('international standard',
  'automotive_design',2000,#2);
#2 = APPLICATION_CONTEXT(
  'core data for automotive mechanical design processes');
#3 = SHAPE_DEFINITION_REPRESENTATION(#4,#10);
#4 = PRODUCT_DEFINITION_SHAPE('','',#5);
#5 = PRODUCT_DEFINITION('design','',#6,#9);
#6 = PRODUCT_DEFINITION_FORMATION('','',#7);
#7 = PRODUCT('Open CASCADE STEP translator 7.8 24',
  'Open CASCADE STEP translator 7.8 24','',(#8));
#8 = PRODUCT_CONTEXT('',#2,'mechanical');
#9 = PRODUCT_DEFINITION_CONTEXT('part definition',#2,'design');
#10 = SHAPE_REPRESENTATION('',(#11,#15,#2367,#4246,#4532,#7611,#8157,
    #8210,#8263,#8316,#8369),#9129);
#11 = AXIS2_PLACEMENT_3D('',#12,#13,#14);
#12 = CARTESIAN_POINT('',(0.,0.,0.));
#13 = DIRECTION('',(0.,0.,1.));
#14 = DIRECTION('',(1.,0.,-0.));
#15 = MANIFOLD_SOLID_BREP('',#16);
#16 = CLOSED_SHELL('',(#17,#57,#88,#128,#159,#654,#691,#745,#775,#814,
    #846,#923,#946,#1016,#1055,#1087,#1118,#1140,#1171,#1193,#1209,#1226
    ,#1264,#1287,#1310,#1327,#1343,#1367,#1392,#1409,#1456,#1503,#1542,
    #1567,#1592,#1623,#1640,#1658,#1689,#1720,#1751,#1782,#1813,#1908,
    #1925,#1949,#1966,#1985,#2024,#2048,#2071,#2082,#2093,#2140,#2171,
    #2202,#2233,#2264,#2286,#2298,#2310,#2324,#2339,#2353));
#17 = ADVANCED_FACE('',(#18),#52,.F.);
#18 = FACE_BOUND('',#19,.F.);
#19 = EDGE_LOOP('',(#20,#30,#38,#46));
#20 = ORIENTED_EDGE('',*,*,#21,.F.);
#21 = EDGE_CURVE('',#22,#24,#26,.T.);
#22 = VERTEX_POINT('',#23);
#23 = CARTESIAN_POINT('',(85.,-50.52247516529,45.2));
#24 = VERTEX_POINT('',#25);
#25 = CARTESIAN_POINT('',(85.,-52.89,45.2));
#26 = LINE('',#27,#28);
#27 = CARTESIAN_POINT('',(85.,-53.64,45.2));
#28 = VECTOR('',#29,1.);
#29 = DIRECTION('',(0.,-1.,0.));
#30 = ORIENTED_EDGE('',*,*,#31,.F.);
#31 = EDGE_CURVE('',#32,#22,#34,.T.);
#32 = VERTEX_POINT('',#33);
#33 = CARTESIAN_POINT('',(80.5,-50.52247516529,45.2));
#34 = LINE('',#35,#36);
#35 = CARTESIAN_POINT('',(80.3,-50.52247516529,45.2));
#36 = VECTOR('',#37,1.);
#37 = DIRECTION('',(1.,0.,0.));
#38 = ORIENTED_EDGE('',*,*,#39,.T.);
#39 = EDGE_CURVE('',#32,#40,#42,.T.);
#40 = VERTEX_POINT('',#41);
#41 = CARTESIAN_POINT('',(80.5,-52.89,45.2));
#42 = LINE('',#43,#44);
#43 = CARTESIAN_POINT('',(80.5,-53.64,45.2));
#44 = VECTOR('',#45,1.);
#45 = DIRECTION('',(0.,-1.,0.));
#46 = ORIENTED_EDGE('',*,*,#47,.T.);
#47 = EDGE_CURVE('',#40,#24,#48,.T.);
#48 = LINE('',#49,#50);
#49 = CARTESIAN_POINT('',(80.4,-52.89,45.2));
#50 = VECTOR('',#51,1.);
#51 = DIRECTION('',(1.,0.,0.));
#52 = PLANE('',#53);
#53 = AXIS2_PLACEMENT_3D('',#54,#55,#56);
#54 = CARTESIAN_POINT('',(80.3,-54.39,45.2));
#55 = DIRECTION('',(0.,0.,1.));
#56 = DIRECTION('',(1.,0.,0.));
#57 = ADVANCED_FACE('',(#58),#83,.F.);
#58 = FACE_BOUND('',#59,.F.);
#59 = EDGE_LOOP('',(#60,#61,#69,#77));
#60 = ORIENTED_EDGE('',*,*,#47,.F.);
#61 = ORIENTED_EDGE('',*,*,#62,.T.);
#62 = EDGE_CURVE('',#40,#63,#65,.T.);
#63 = VERTEX_POINT('',#64);
#64 = CARTESIAN_POINT('',(80.5,-52.89,48.));
#65 = LINE('',#66,#67);
#66 = CARTESIAN_POINT('',(80.5,-52.89,40.));
#67 = VECTOR('',#68,1.);
#68 = DIRECTION('',(0.,0.,1.));
#69 = ORIENTED_EDGE('',*,*,#70,.T.);
#70 = EDGE_CURVE('',#63,#71,#73,.T.);
#71 = VERTEX_POINT('',#72);
#72 = CARTESIAN_POINT('',(85.,-52.89,48.));
#73 = LINE('',#74,#75);
#74 = CARTESIAN_POINT('',(80.5,-52.89,48.));
#75 = VECTOR('',#76,1.);
#76 = DIRECTION('',(1.,0.,0.));
#77 = ORIENTED_EDGE('',*,*,#78,.F.);
#78 = EDGE_CURVE('',#24,#71,#79,.T.);
#79 = LINE('',#80,#81);
#80 = CARTESIAN_POINT('',(85.,-52.89,40.));
#81 = VECTOR('',#82,1.);
#82 = DIRECTION('',(0.,0.,1.));
#83 = PLANE('',#84);
#84 = AXIS2_PLACEMENT_3D('',#85,#86,#87);
#85 = CARTESIAN_POINT('',(80.5,-52.89,40.));
#86 = DIRECTION('',(0.,1.,0.));
#87 = DIRECTION('',(0.,0.,1.));
#88 = ADVANCED_FACE('',(#89),#123,.F.);
#89 = FACE_BOUND('',#90,.F.);
#90 = EDGE_LOOP('',(#91,#101,#109,#117));
#91 = ORIENTED_EDGE('',*,*,#92,.F.);
#92 = EDGE_CURVE('',#93,#95,#97,.T.);
#93 = VERTEX_POINT('',#94);
#94 = CARTESIAN_POINT('',(-80.5,-50.52247516529,45.2));
#95 = VERTEX_POINT('',#96);
#96 = CARTESIAN_POINT('',(-80.5,-52.89,45.2));
#97 = LINE('',#98,#99);
#98 = CARTESIAN_POINT('',(-80.5,-53.64,45.2));
#99 = VECTOR('',#100,1.);
#100 = DIRECTION('',(0.,-1.,0.));
#101 = ORIENTED_EDGE('',*,*,#102,.F.);
#102 = EDGE_CURVE('',#103,#93,#105,.T.);
#103 = VERTEX_POINT('',#104);
#104 = CARTESIAN_POINT('',(-85.,-50.52247516529,45.2));
#105 = LINE('',#106,#107);
#106 = CARTESIAN_POINT('',(-85.2,-50.52247516529,45.2));
#107 = VECTOR('',#108,1.);
#108 = DIRECTION('',(1.,0.,0.));
#109 = ORIENTED_EDGE('',*,*,#110,.T.);
#110 = EDGE_CURVE('',#103,#111,#113,.T.);
#111 = VERTEX_POINT('',#112);
#112 = CARTESIAN_POINT('',(-85.,-52.89,45.2));
#113 = LINE('',#114,#115);
#114 = CARTESIAN_POINT('',(-85.,-53.64,45.2));
#115 = VECTOR('',#116,1.);
#116 = DIRECTION('',(0.,-1.,0.));
#117 = ORIENTED_EDGE('',*,*,#118,.T.);
#118 = EDGE_CURVE('',#111,#95,#119,.T.);
#119 = LINE('',#120,#121);
#120 = CARTESIAN_POINT('',(-85.1,-52.89,45.2));
#121 = VECTOR('',#122,1.);
#122 = DIRECTION('',(1.,0.,0.));
#123 = PLANE('',#124);
#124 = AXIS2_PLACEMENT_3D('',#125,#126,#127);
#125 = CARTESIAN_POINT('',(-85.2,-54.39,45.2));
#126 = DIRECTION('',(0.,0.,1.));
#127 = DIRECTION('',(1.,0.,0.));
#128 = ADVANCED_FACE('',(#129),#154,.F.);
#129 = FACE_BOUND('',#130,.F.);
#130 = EDGE_LOOP('',(#131,#132,#140,#148));
#131 = ORIENTED_EDGE('',*,*,#118,.F.);
#132 = ORIENTED_EDGE('',*,*,#133,.T.);
#133 = EDGE_CURVE('',#111,#134,#136,.T.);
#134 = VERTEX_POINT('',#135);
#135 = CARTESIAN_POINT('',(-85.,-52.89,48.));
#136 = LINE('',#137,#138);
#137 = CARTESIAN_POINT('',(-85.,-52.89,40.));
#138 = VECTOR('',#139,1.);
#139 = DIRECTION('',(0.,0.,1.));
#140 = ORIENTED_EDGE('',*,*,#141,.T.);
#141 = EDGE_CURVE('',#134,#142,#144,.T.);
#142 = VERTEX_POINT('',#143);
#143 = CARTESIAN_POINT('',(-80.5,-52.89,48.));
#144 = LINE('',#145,#146);
#145 = CARTESIAN_POINT('',(-85.,-52.89,48.));
#146 = VECTOR('',#147,1.);
#147 = DIRECTION('',(1.,0.,0.));
#148 = ORIENTED_EDGE('',*,*,#149,.F.);
#149 = EDGE_CURVE('',#95,#142,#150,.T.);
#150 = LINE('',#151,#152);
#151 = CARTESIAN_POINT('',(-80.5,-52.89,40.));
#152 = VECTOR('',#153,1.);
#153 = DIRECTION('',(0.,0.,1.));
#154 = PLANE('',#155);
#155 = AXIS2_PLACEMENT_3D('',#156,#157,#158);
#156 = CARTESIAN_POINT('',(-85.,-52.89,40.));
#157 = DIRECTION('',(0.,1.,0.));
#158 = DIRECTION('',(0.,0.,1.));
#159 = ADVANCED_FACE('',(#160,#581,#615),#649,.T.);
#160 = FACE_BOUND('',#161,.T.);
#161 = EDGE_LOOP('',(#162,#171,#179,#187,#195,#210,#280,#317,#387,#402,
    #409,#424,#459,#529,#544,#552,#560,#568,#575));
#162 = ORIENTED_EDGE('',*,*,#163,.F.);
#163 = EDGE_CURVE('',#164,#166,#168,.T.);
#164 = VERTEX_POINT('',#165);
#165 = CARTESIAN_POINT('',(-114.4,-47.39,5.999999999999));
#166 = VERTEX_POINT('',#167);
#167 = CARTESIAN_POINT('',(-88.,-47.39,50.));
#168 = B_SPLINE_CURVE_WITH_KNOTS('',1,(#169,#170),.UNSPECIFIED.,.F.,.F.,
  (2,2),(0.,1.),.PIECEWISE_BEZIER_KNOTS.);
#169 = CARTESIAN_POINT('',(-118.,-47.39,0.));
#170 = CARTESIAN_POINT('',(-88.,-47.39,50.));
#171 = ORIENTED_EDGE('',*,*,#172,.T.);
#172 = EDGE_CURVE('',#164,#173,#175,.T.);
#173 = VERTEX_POINT('',#174);
#174 = CARTESIAN_POINT('',(-82.,-47.39,6.));
#175 = LINE('',#176,#177);
#176 = CARTESIAN_POINT('',(-118.,-47.39,6.));
#177 = VECTOR('',#178,1.);
#178 = DIRECTION('',(1.,0.,0.));
#179 = ORIENTED_EDGE('',*,*,#180,.T.);
#180 = EDGE_CURVE('',#173,#181,#183,.T.);
#181 = VERTEX_POINT('',#182);
#182 = CARTESIAN_POINT('',(-82.,-47.39,0.));
#183 = LINE('',#184,#185);
#184 = CARTESIAN_POINT('',(-82.,-47.39,6.));
#185 = VECTOR('',#186,1.);
#186 = DIRECTION('',(0.,0.,-1.));
#187 = ORIENTED_EDGE('',*,*,#188,.T.);
#188 = EDGE_CURVE('',#181,#189,#191,.T.);
#189 = VERTEX_POINT('',#190);
#190 = CARTESIAN_POINT('',(-75.,-47.39,0.));
#191 = LINE('',#192,#193);
#192 = CARTESIAN_POINT('',(-118.,-47.39,0.));
#193 = VECTOR('',#194,1.);
#194 = DIRECTION('',(1.,0.,0.));
#195 = ORIENTED_EDGE('',*,*,#196,.T.);
#196 = EDGE_CURVE('',#189,#197,#199,.T.);
#197 = VERTEX_POINT('',#198);
#198 = CARTESIAN_POINT('',(-75.,-47.39,18.166969722018));
#199 = B_SPLINE_CURVE_WITH_KNOTS('',5,(#200,#201,#202,#203,#204,#205,
    #206,#207,#208,#209),.UNSPECIFIED.,.F.,.F.,(6,4,6),(0.,
    0.493030385775,1.),.UNSPECIFIED.);
#200 = CARTESIAN_POINT('',(-75.,-47.39,0.));
#201 = CARTESIAN_POINT('',(-75.,-47.39,3.452436384659));
#202 = CARTESIAN_POINT('',(-75.,-47.39,6.885633325386));
#203 = CARTESIAN_POINT('',(-75.,-47.39,10.29737515229));
#204 = CARTESIAN_POINT('',(-75.,-47.39,13.685003092023));
#205 = CARTESIAN_POINT('',(-75.,-47.39,20.50096216979));
#206 = CARTESIAN_POINT('',(-75.,-47.39,23.927720597343));
#207 = CARTESIAN_POINT('',(-75.,-47.39,27.322444308778));
#208 = CARTESIAN_POINT('',(-75.,-47.39,30.681276646692));
#209 = CARTESIAN_POINT('',(-75.,-47.39,34.));
#210 = ORIENTED_EDGE('',*,*,#211,.T.);
#211 = EDGE_CURVE('',#197,#212,#214,.T.);
#212 = VERTEX_POINT('',#213);
#213 = CARTESIAN_POINT('',(-80.46370607837,-47.39,19.090909090909));
#214 = B_SPLINE_CURVE_WITH_KNOTS('',8,(#215,#216,#217,#218,#219,#220,
    #221,#222,#223,#224,#225,#226,#227,#228,#229,#230,#231,#232,#233,
    #234,#235,#236,#237,#238,#239,#240,#241,#242,#243,#244,#245,#246,
    #247,#248,#249,#250,#251,#252,#253,#254,#255,#256,#257,#258,#259,
    #260,#261,#262,#263,#264,#265,#266,#267,#268,#269,#270,#271,#272,
    #273,#274,#275,#276,#277,#278,#279),.UNSPECIFIED.,.F.,.F.,(9,7,7,7,7
    ,7,7,7,7,9),(0.,0.162035646418,0.248501941283,0.349200975835,
    0.407640610239,0.470505147499,0.596978280318,0.698582651025,
    0.910084394979,1.),.UNSPECIFIED.);
#215 = CARTESIAN_POINT('',(-77.5,-47.39,23.1));
#216 = CARTESIAN_POINT('',(-77.24923576025,-47.39,23.1));
#217 = CARTESIAN_POINT('',(-77.00423972676,-47.39,23.076817626954));
#218 = CARTESIAN_POINT('',(-76.76544541842,-47.39,23.032317667974));
#219 = CARTESIAN_POINT('',(-76.53349096401,-47.39,22.967567086721));
#220 = CARTESIAN_POINT('',(-76.30906442762,-47.39,22.883329729061));
#221 = CARTESIAN_POINT('',(-76.09293032348,-47.39,22.780013669499));
#222 = CARTESIAN_POINT('',(-75.88591866752,-47.39,22.657738213025));
#223 = CARTESIAN_POINT('',(-75.58400757944,-47.39,22.440435514428));
#224 = CARTESIAN_POINT('',(-75.48190291429,-47.39,22.359335309756));
#225 = CARTESIAN_POINT('',(-75.38290887561,-47.39,22.272697259911));
#226 = CARTESIAN_POINT('',(-75.28723700453,-47.39,22.180452875943));
#227 = CARTESIAN_POINT('',(-75.195141648,-47.39,22.08251926472));
#228 = CARTESIAN_POINT('',(-75.10692152671,-47.39,21.978798182319));
#229 = CARTESIAN_POINT('',(-75.02292633148,-47.39,21.869168209335));
#230 = CARTESIAN_POINT('',(-74.85114768514,-47.39,21.618727450965));
#231 = CARTESIAN_POINT('',(-74.76510975395,-47.39,21.475890474835));
#232 = CARTESIAN_POINT('',(-74.68600126294,-47.39,21.324611304236));
#233 = CARTESIAN_POINT('',(-74.61463484062,-47.39,21.164612819555));
#234 = CARTESIAN_POINT('',(-74.55206542928,-47.39,20.995723980413));
#235 = CARTESIAN_POINT('',(-74.49955727044,-47.39,20.817918282288));
#236 = CARTESIAN_POINT('',(-74.45857673263,-47.39,20.631330673144));
#237 = CARTESIAN_POINT('',(-74.41475312417,-47.39,20.323002699322));
#238 = CARTESIAN_POINT('',(-74.40313194548,-47.39,20.206976879148));
#239 = CARTESIAN_POINT('',(-74.39632053671,-47.39,20.088271295678));
#240 = CARTESIAN_POINT('',(-74.39467664884,-47.39,19.967092525276));
#241 = CARTESIAN_POINT('',(-74.39856303393,-47.39,19.843740968646));
#242 = CARTESIAN_POINT('',(-74.40832075851,-47.39,19.718620951322));
#243 = CARTESIAN_POINT('',(-74.42423073883,-47.39,19.592253237338));
#244 = CARTESIAN_POINT('',(-74.47037966609,-47.39,19.328713332879));
#245 = CARTESIAN_POINT('',(-74.50163963258,-47.39,19.191289117563));
#246 = CARTESIAN_POINT('',(-74.54043733911,-47.39,19.054091940062));
#247 = CARTESIAN_POINT('',(-74.58677348688,-47.39,18.918164781842));
#248 = CARTESIAN_POINT('',(-74.64046181509,-47.39,18.784517418975));
#249 = CARTESIAN_POINT('',(-74.70112427507,-47.39,18.654120346306));
#250 = CARTESIAN_POINT('',(-74.76817510018,-47.39,18.527894182718));
#251 = CARTESIAN_POINT('',(-74.98689062073,-47.39,18.162860800508));
#252 = CARTESIAN_POINT('',(-75.15505560829,-47.39,17.940153913306));
#253 = CARTESIAN_POINT('',(-75.33996925768,-47.39,17.742595467898));
#254 = CARTESIAN_POINT('',(-75.53616915748,-47.39,17.570759804298));
#255 = CARTESIAN_POINT('',(-75.73919449461,-47.39,17.424040616348));
#256 = CARTESIAN_POINT('',(-75.94552548719,-47.39,17.300788291503));
#257 = CARTESIAN_POINT('',(-76.1529622216,-47.39,17.199042504746));
#258 = CARTESIAN_POINT('',(-76.52751081878,-47.39,17.05102505902));
#259 = CARTESIAN_POINT('',(-76.69443158186,-47.39,16.997798458119));
#260 = CARTESIAN_POINT('',(-76.86080233042,-47.39,16.956432870483));
#261 = CARTESIAN_POINT('',(-77.02609943593,-47.39,16.926175528139));
#262 = CARTESIAN_POINT('',(-77.18989184562,-47.39,16.906372355175));
#263 = CARTESIAN_POINT('',(-77.35184108256,-47.39,16.896467967733));
#264 = CARTESIAN_POINT('',(-77.51170124561,-47.39,16.896005674012));
#265 = CARTESIAN_POINT('',(-77.99741938243,-47.39,16.922574790689));
#266 = CARTESIAN_POINT('',(-78.31477882796,-47.39,16.979799231092));
#267 = CARTESIAN_POINT('',(-78.62043454534,-47.39,17.072607994839));
#268 = CARTESIAN_POINT('',(-78.91254193354,-47.39,17.199444864978));
#269 = CARTESIAN_POINT('',(-79.18906136067,-47.39,17.35905228778));
#270 = CARTESIAN_POINT('',(-79.44740959492,-47.39,17.551091805832));
#271 = CARTESIAN_POINT('',(-79.68479717398,-47.39,17.775439689661));
#272 = CARTESIAN_POINT('',(-79.98724489907,-47.39,18.144236964497));
#273 = CARTESIAN_POINT('',(-80.07281373496,-47.39,18.260347473678));
#274 = CARTESIAN_POINT('',(-80.15341092948,-47.39,18.382672106438));
#275 = CARTESIAN_POINT('',(-80.22861269648,-47.39,18.511326188078));
#276 = CARTESIAN_POINT('',(-80.29790394787,-47.39,18.646405290327));
#277 = CARTESIAN_POINT('',(-80.36067889212,-47.39,18.787983315635));
#278 = CARTESIAN_POINT('',(-80.41622724871,-47.39,18.936124465227));
#279 = CARTESIAN_POINT('',(-80.46370607837,-47.39,19.090909090909));
#280 = ORIENTED_EDGE('',*,*,#281,.T.);
#281 = EDGE_CURVE('',#212,#282,#284,.T.);
#282 = VERTEX_POINT('',#283);
#283 = CARTESIAN_POINT('',(-77.5,-47.39,23.1));
#284 = B_SPLINE_CURVE_WITH_KNOTS('',7,(#285,#286,#287,#288,#289,#290,
    #291,#292,#293,#294,#295,#296,#297,#298,#299,#300,#301,#302,#303,
    #304,#305,#306,#307,#308,#309,#310,#311,#312,#313,#314,#315,#316),
  .UNSPECIFIED.,.F.,.F.,(8,6,6,6,6,8),(0.,0.288639547988,0.436951603496,
    0.61958124941,0.756736237972,1.),.UNSPECIFIED.);
#285 = CARTESIAN_POINT('',(-80.46370607837,-47.39,19.090909090909));
#286 = CARTESIAN_POINT('',(-80.51854817818,-47.39,19.269698541907));
#287 = CARTESIAN_POINT('',(-80.56234175069,-47.39,19.457353128899));
#288 = CARTESIAN_POINT('',(-80.59377599257,-47.39,19.654110483328));
#289 = CARTESIAN_POINT('',(-80.61099988021,-47.39,19.85966520192));
#290 = CARTESIAN_POINT('',(-80.61193590793,-47.39,20.073016923836));
#291 = CARTESIAN_POINT('',(-80.59441582508,-47.39,20.292378131275));
#292 = CARTESIAN_POINT('',(-80.53769731026,-47.39,20.629152042714));
#293 = CARTESIAN_POINT('',(-80.51319101836,-47.39,20.744212179159));
#294 = CARTESIAN_POINT('',(-80.48326316703,-47.39,20.859486982576));
#295 = CARTESIAN_POINT('',(-80.4478318904,-47.39,20.974386229094));
#296 = CARTESIAN_POINT('',(-80.40692152916,-47.39,21.088269515686));
#297 = CARTESIAN_POINT('',(-80.36069587074,-47.39,21.200453892821));
#298 = CARTESIAN_POINT('',(-80.24646578724,-47.39,21.445396367358));
#299 = CARTESIAN_POINT('',(-80.17584545319,-47.39,21.57701861715));
#300 = CARTESIAN_POINT('',(-80.098286097,-47.39,21.7037208882));
#301 = CARTESIAN_POINT('',(-80.01463988172,-47.39,21.824542688288));
#302 = CARTESIAN_POINT('',(-79.92585064588,-47.39,21.938839752645));
#303 = CARTESIAN_POINT('',(-79.83287626637,-47.39,22.046216378327));
#304 = CARTESIAN_POINT('',(-79.66438444177,-47.39,22.221785912029));
#305 = CARTESIAN_POINT('',(-79.58609306115,-47.39,22.29744584977));
#306 = CARTESIAN_POINT('',(-79.50141890245,-47.39,22.372929829996));
#307 = CARTESIAN_POINT('',(-79.40939982784,-47.39,22.448282205017));
#308 = CARTESIAN_POINT('',(-79.30835753535,-47.39,22.52370441961));
#309 = CARTESIAN_POINT('',(-79.19581325002,-47.39,22.59924230222));
#310 = CARTESIAN_POINT('',(-78.84221545955,-47.39,22.806629979657));
#311 = CARTESIAN_POINT('',(-78.61358261189,-47.39,22.910746916507));
#312 = CARTESIAN_POINT('',(-78.38503032932,-47.39,22.989864210393));
#313 = CARTESIAN_POINT('',(-78.15846333329,-47.39,23.046367723874));
#314 = CARTESIAN_POINT('',(-77.93512713376,-47.39,23.082503092882));
#315 = CARTESIAN_POINT('',(-77.71562998264,-47.39,23.1));
#316 = CARTESIAN_POINT('',(-77.5,-47.39,23.1));
#317 = ORIENTED_EDGE('',*,*,#318,.T.);
#318 = EDGE_CURVE('',#282,#319,#321,.T.);
#319 = VERTEX_POINT('',#320);
#320 = CARTESIAN_POINT('',(-75.,-47.39,21.833030277982));
#321 = B_SPLINE_CURVE_WITH_KNOTS('',8,(#322,#323,#324,#325,#326,#327,
    #328,#329,#330,#331,#332,#333,#334,#335,#336,#337,#338,#339,#340,
    #341,#342,#343,#344,#345,#346,#347,#348,#349,#350,#351,#352,#353,
    #354,#355,#356,#357,#358,#359,#360,#361,#362,#363,#364,#365,#366,
    #367,#368,#369,#370,#371,#372,#373,#374,#375,#376,#377,#378,#379,
    #380,#381,#382,#383,#384,#385,#386),.UNSPECIFIED.,.F.,.F.,(9,7,7,7,7
    ,7,7,7,7,9),(0.,0.162035646418,0.248501941283,0.349200975835,
    0.407640610239,0.470505147499,0.596978280318,0.698582651025,
    0.910084394979,1.),.UNSPECIFIED.);
#322 = CARTESIAN_POINT('',(-77.5,-47.39,23.1));
#323 = CARTESIAN_POINT('',(-77.24923576025,-47.39,23.1));
#324 = CARTESIAN_POINT('',(-77.00423972676,-47.39,23.076817626954));
#325 = CARTESIAN_POINT('',(-76.76544541842,-47.39,23.032317667974));
#326 = CARTESIAN_POINT('',(-76.53349096401,-47.39,22.967567086721));
#327 = CARTESIAN_POINT('',(-76.30906442762,-47.39,22.883329729061));
#328 = CARTESIAN_POINT('',(-76.09293032348,-47.39,22.780013669499));
#329 = CARTESIAN_POINT('',(-75.88591866752,-47.39,22.657738213025));
#330 = CARTESIAN_POINT('',(-75.58400757944,-47.39,22.440435514428));
#331 = CARTESIAN_POINT('',(-75.48190291429,-47.39,22.359335309756));
#332 = CARTESIAN_POINT('',(-75.38290887561,-47.39,22.272697259911));
#333 = CARTESIAN_POINT('',(-75.28723700453,-47.39,22.180452875943));
#334 = CARTESIAN_POINT('',(-75.195141648,-47.39,22.08251926472));
#335 = CARTESIAN_POINT('',(-75.10692152671,-47.39,21.978798182319));
#336 = CARTESIAN_POINT('',(-75.02292633148,-47.39,21.869168209335));
#337 = CARTESIAN_POINT('',(-74.85114768514,-47.39,21.618727450965));
#338 = CARTESIAN_POINT('',(-74.76510975395,-47.39,21.475890474835));
#339 = CARTESIAN_POINT('',(-74.68600126294,-47.39,21.324611304236));
#340 = CARTESIAN_POINT('',(-74.61463484062,-47.39,21.164612819555));
#341 = CARTESIAN_POINT('',(-74.55206542928,-47.39,20.995723980413));
#342 = CARTESIAN_POINT('',(-74.49955727044,-47.39,20.817918282288));
#343 = CARTESIAN_POINT('',(-74.45857673263,-47.39,20.631330673144));
#344 = CARTESIAN_POINT('',(-74.41475312417,-47.39,20.323002699322));
#345 = CARTESIAN_POINT('',(-74.40313194548,-47.39,20.206976879148));
#346 = CARTESIAN_POINT('',(-74.39632053671,-47.39,20.088271295678));
#347 = CARTESIAN_POINT('',(-74.39467664884,-47.39,19.967092525276));
#348 = CARTESIAN_POINT('',(-74.39856303393,-47.39,19.843740968646));
#349 = CARTESIAN_POINT('',(-74.40832075851,-47.39,19.718620951322));
#350 = CARTESIAN_POINT('',(-74.42423073883,-47.39,19.592253237338));
#351 = CARTESIAN_POINT('',(-74.47037966609,-47.39,19.328713332879));
#352 = CARTESIAN_POINT('',(-74.50163963258,-47.39,19.191289117563));
#353 = CARTESIAN_POINT('',(-74.54043733911,-47.39,19.054091940062));
#354 = CARTESIAN_POINT('',(-74.58677348688,-47.39,18.918164781842));
#355 = CARTESIAN_POINT('',(-74.64046181509,-47.39,18.784517418975));
#356 = CARTESIAN_POINT('',(-74.70112427507,-47.39,18.654120346306));
#357 = CARTESIAN_POINT('',(-74.76817510018,-47.39,18.527894182718));
#358 = CARTESIAN_POINT('',(-74.98689062073,-47.39,18.162860800508));
#359 = CARTESIAN_POINT('',(-75.15505560829,-47.39,17.940153913306));
#360 = CARTESIAN_POINT('',(-75.33996925768,-47.39,17.742595467898));
#361 = CARTESIAN_POINT('',(-75.53616915748,-47.39,17.570759804298));
#362 = CARTESIAN_POINT('',(-75.73919449461,-47.39,17.424040616348));
#363 = CARTESIAN_POINT('',(-75.94552548719,-47.39,17.300788291503));
#364 = CARTESIAN_POINT('',(-76.1529622216,-47.39,17.199042504746));
#365 = CARTESIAN_POINT('',(-76.52751081878,-47.39,17.05102505902));
#366 = CARTESIAN_POINT('',(-76.69443158186,-47.39,16.997798458119));
#367 = CARTESIAN_POINT('',(-76.86080233042,-47.39,16.956432870483));
#368 = CARTESIAN_POINT('',(-77.02609943593,-47.39,16.926175528139));
#369 = CARTESIAN_POINT('',(-77.18989184562,-47.39,16.906372355175));
#370 = CARTESIAN_POINT('',(-77.35184108256,-47.39,16.896467967733));
#371 = CARTESIAN_POINT('',(-77.51170124561,-47.39,16.896005674012));
#372 = CARTESIAN_POINT('',(-77.99741938243,-47.39,16.922574790689));
#373 = CARTESIAN_POINT('',(-78.31477882796,-47.39,16.979799231092));
#374 = CARTESIAN_POINT('',(-78.62043454534,-47.39,17.072607994839));
#375 = CARTESIAN_POINT('',(-78.91254193354,-47.39,17.199444864978));
#376 = CARTESIAN_POINT('',(-79.18906136067,-47.39,17.35905228778));
#377 = CARTESIAN_POINT('',(-79.44740959492,-47.39,17.551091805832));
#378 = CARTESIAN_POINT('',(-79.68479717398,-47.39,17.775439689661));
#379 = CARTESIAN_POINT('',(-79.98724489907,-47.39,18.144236964497));
#380 = CARTESIAN_POINT('',(-80.07281373496,-47.39,18.260347473678));
#381 = CARTESIAN_POINT('',(-80.15341092948,-47.39,18.382672106438));
#382 = CARTESIAN_POINT('',(-80.22861269648,-47.39,18.511326188078));
#383 = CARTESIAN_POINT('',(-80.29790394787,-47.39,18.646405290327));
#384 = CARTESIAN_POINT('',(-80.36067889212,-47.39,18.787983315635));
#385 = CARTESIAN_POINT('',(-80.41622724871,-47.39,18.936124465227));
#386 = CARTESIAN_POINT('',(-80.46370607837,-47.39,19.090909090909));
#387 = ORIENTED_EDGE('',*,*,#388,.T.);
#388 = EDGE_CURVE('',#319,#389,#391,.T.);
#389 = VERTEX_POINT('',#390);
#390 = CARTESIAN_POINT('',(-75.,-47.39,34.));
#391 = B_SPLINE_CURVE_WITH_KNOTS('',5,(#392,#393,#394,#395,#396,#397,
    #398,#399,#400,#401),.UNSPECIFIED.,.F.,.F.,(6,4,6),(0.,
    0.493030385775,1.),.UNSPECIFIED.);
#392 = CARTESIAN_POINT('',(-75.,-47.39,0.));
#393 = CARTESIAN_POINT('',(-75.,-47.39,3.452436384659));
#394 = CARTESIAN_POINT('',(-75.,-47.39,6.885633325386));
#395 = CARTESIAN_POINT('',(-75.,-47.39,10.29737515229));
#396 = CARTESIAN_POINT('',(-75.,-47.39,13.685003092023));
#397 = CARTESIAN_POINT('',(-75.,-47.39,20.50096216979));
#398 = CARTESIAN_POINT('',(-75.,-47.39,23.927720597343));
#399 = CARTESIAN_POINT('',(-75.,-47.39,27.322444308778));
#400 = CARTESIAN_POINT('',(-75.,-47.39,30.681276646692));
#401 = CARTESIAN_POINT('',(-75.,-47.39,34.));
#402 = ORIENTED_EDGE('',*,*,#403,.F.);
#403 = EDGE_CURVE('',#404,#389,#406,.T.);
#404 = VERTEX_POINT('',#405);
#405 = CARTESIAN_POINT('',(75.,-47.39,34.));
#406 = B_SPLINE_CURVE_WITH_KNOTS('',1,(#407,#408),.UNSPECIFIED.,.F.,.F.,
  (2,2),(0.,1.),.PIECEWISE_BEZIER_KNOTS.);
#407 = CARTESIAN_POINT('',(75.,-47.39,34.));
#408 = CARTESIAN_POINT('',(-75.,-47.39,34.));
#409 = ORIENTED_EDGE('',*,*,#410,.F.);
#410 = EDGE_CURVE('',#411,#404,#413,.T.);
#411 = VERTEX_POINT('',#412);
#412 = CARTESIAN_POINT('',(75.,-47.39,21.833030277982));
#413 = B_SPLINE_CURVE_WITH_KNOTS('',5,(#414,#415,#416,#417,#418,#419,
    #420,#421,#422,#423),.UNSPECIFIED.,.F.,.F.,(6,4,6),(0.,
    0.493030385775,1.),.UNSPECIFIED.);
#414 = CARTESIAN_POINT('',(75.,-47.39,0.));
#415 = CARTESIAN_POINT('',(75.,-47.39,3.452436384658));
#416 = CARTESIAN_POINT('',(75.,-47.39,6.885633325385));
#417 = CARTESIAN_POINT('',(75.,-47.39,10.297375152288));
#418 = CARTESIAN_POINT('',(75.,-47.39,13.685003092022));
#419 = CARTESIAN_POINT('',(75.,-47.39,20.500962169789));
#420 = CARTESIAN_POINT('',(75.,-47.39,23.927720597343));
#421 = CARTESIAN_POINT('',(75.,-47.39,27.322444308778));
#422 = CARTESIAN_POINT('',(75.,-47.39,30.681276646692));
#423 = CARTESIAN_POINT('',(75.,-47.39,34.));
#424 = ORIENTED_EDGE('',*,*,#425,.T.);
#425 = EDGE_CURVE('',#411,#426,#428,.T.);
#426 = VERTEX_POINT('',#427);
#427 = CARTESIAN_POINT('',(77.5,-47.39,23.1));
#428 = B_SPLINE_CURVE_WITH_KNOTS('',8,(#429,#430,#431,#432,#433,#434,
    #435,#436,#437,#438,#439,#440,#441,#442,#443,#444,#445,#446,#447,
    #448,#449,#450,#451,#452,#453,#454,#455,#456,#457,#458),
  .UNSPECIFIED.,.F.,.F.,(9,7,7,7,9),(0.,0.195861920504,0.427417158264,
    0.60807323809,1.),.UNSPECIFIED.);
#429 = CARTESIAN_POINT('',(74.536293921623,-47.39,19.090909090909));
#430 = CARTESIAN_POINT('',(74.480490048468,-47.39,19.272833996781));
#431 = CARTESIAN_POINT('',(74.437984714799,-47.39,19.456928369374));
#432 = CARTESIAN_POINT('',(74.409082196233,-47.39,19.640661118398));
#433 = CARTESIAN_POINT('',(74.393243884112,-47.39,19.822046179269));
#434 = CARTESIAN_POINT('',(74.389555114803,-47.39,19.999566250866));
#435 = CARTESIAN_POINT('',(74.396942570932,-47.39,20.172123302291));
#436 = CARTESIAN_POINT('',(74.414285231509,-47.39,20.339002745103));
#437 = CARTESIAN_POINT('',(74.471627039929,-47.39,20.68998377815));
#438 = CARTESIAN_POINT('',(74.515184695369,-47.39,20.871721462263));
#439 = CARTESIAN_POINT('',(74.569624188387,-47.39,21.044870833971));
#440 = CARTESIAN_POINT('',(74.633583042167,-47.39,21.209350750377));
#441 = CARTESIAN_POINT('',(74.705890220116,-47.39,21.365213941128));
#442 = CARTESIAN_POINT('',(74.78556879505,-47.39,21.512635117355));
#443 = CARTESIAN_POINT('',(74.871863787622,-47.39,21.651877558305));
#444 = CARTESIAN_POINT('',(75.036347919795,-47.39,21.88576834943));
#445 = CARTESIAN_POINT('',(75.112098843232,-47.39,21.983419456738));
#446 = CARTESIAN_POINT('',(75.191223559904,-47.39,22.076326703049));
#447 = CARTESIAN_POINT('',(75.273471549107,-47.39,22.164577380487));
#448 = CARTESIAN_POINT('',(75.358625544376,-47.39,22.248243958918));
#449 = CARTESIAN_POINT('',(75.446497790406,-47.39,22.327388533357));
#450 = CARTESIAN_POINT('',(75.536928957604,-47.39,22.402063626006));
#451 = CARTESIAN_POINT('',(75.831247731631,-47.39,22.624704858198));
#452 = CARTESIAN_POINT('',(76.043934869568,-47.39,22.75609783793));
#453 = CARTESIAN_POINT('',(76.26663378799,-47.39,22.867086249941));
#454 = CARTESIAN_POINT('',(76.498388029225,-47.39,22.957578636125));
#455 = CARTESIAN_POINT('',(76.738322519452,-47.39,23.027164721173));
#456 = CARTESIAN_POINT('',(76.985666050848,-47.39,23.075022586635));
#457 = CARTESIAN_POINT('',(77.239708020047,-47.39,23.1));
#458 = CARTESIAN_POINT('',(77.5,-47.39,23.1));
#459 = ORIENTED_EDGE('',*,*,#460,.T.);
#460 = EDGE_CURVE('',#426,#461,#463,.T.);
#461 = VERTEX_POINT('',#462);
#462 = CARTESIAN_POINT('',(75.,-47.39,18.166969722018));
#463 = B_SPLINE_CURVE_WITH_KNOTS('',8,(#464,#465,#466,#467,#468,#469,
    #470,#471,#472,#473,#474,#475,#476,#477,#478,#479,#480,#481,#482,
    #483,#484,#485,#486,#487,#488,#489,#490,#491,#492,#493,#494,#495,
    #496,#497,#498,#499,#500,#501,#502,#503,#504,#505,#506,#507,#508,
    #509,#510,#511,#512,#513,#514,#515,#516,#517,#518,#519,#520,#521,
    #522,#523,#524,#525,#526,#527,#528),.UNSPECIFIED.,.F.,.F.,(9,7,7,7,7
    ,7,7,7,7,9),(0.,0.15142252324,0.220525328669,0.285956345433,
    0.348397650113,0.453533765403,0.616022890028,0.764367213252,
    0.877243832289,1.),.UNSPECIFIED.);
#464 = CARTESIAN_POINT('',(77.5,-47.39,23.1));
#465 = CARTESIAN_POINT('',(77.719928335055,-47.39,23.1));
#466 = CARTESIAN_POINT('',(77.943485613842,-47.39,23.082167495772));
#467 = CARTESIAN_POINT('',(78.170948169541,-47.39,23.04547861973));
#468 = CARTESIAN_POINT('',(78.401906541842,-47.39,22.988159319396));
#469 = CARTESIAN_POINT('',(78.6352509713,-47.39,22.908088683035));
#470 = CARTESIAN_POINT('',(78.869099020481,-47.39,22.802695032894));
#471 = CARTESIAN_POINT('',(79.100807489274,-47.39,22.669396185748));
#472 = CARTESIAN_POINT('',(79.429966562502,-47.39,22.429306031235));
#473 = CARTESIAN_POINT('',(79.531791453096,-47.39,22.347597052677));
#474 = CARTESIAN_POINT('',(79.631825795521,-47.39,22.259196416406));
#475 = CARTESIAN_POINT('',(79.729471970276,-47.39,22.163962951707));
#476 = CARTESIAN_POINT('',(79.824027387741,-47.39,22.061872244019));
#477 = CARTESIAN_POINT('',(79.914703436782,-47.39,21.953057594668));
#478 = CARTESIAN_POINT('',(80.000658871896,-47.39,21.837873579061));
#479 = CARTESIAN_POINT('',(80.157197015985,-47.39,21.60255984411));
#480 = CARTESIAN_POINT('',(80.228422755246,-47.39,21.482914638766));
#481 = CARTESIAN_POINT('',(80.29388965503,-47.39,21.358834479157));
#482 = CARTESIAN_POINT('',(80.35296234968,-47.39,21.231159477577));
#483 = CARTESIAN_POINT('',(80.405199412955,-47.39,21.100790209005));
#484 = CARTESIAN_POINT('',(80.450340258844,-47.39,20.968677084846));
#485 = CARTESIAN_POINT('',(80.488301317607,-47.39,20.835814195055));
#486 = CARTESIAN_POINT('',(80.548650661804,-47.39,20.576718808355));
#487 = CARTESIAN_POINT('',(80.571698680874,-47.39,20.450341247033));
#488 = CARTESIAN_POINT('',(80.588440981204,-47.39,20.324794562174));
#489 = CARTESIAN_POINT('',(80.599119972485,-47.39,20.200637659732));
#490 = CARTESIAN_POINT('',(80.604050453023,-47.39,20.078311737758));
#491 = CARTESIAN_POINT('',(80.603577736959,-47.39,19.95815115095));
#492 = CARTESIAN_POINT('',(80.598048492826,-47.39,19.840392126132));
#493 = CARTESIAN_POINT('',(80.570528691864,-47.39,19.531188731943));
#494 = CARTESIAN_POINT('',(80.53988403679,-47.39,19.344608519123));
#495 = CARTESIAN_POINT('',(80.497454014493,-47.39,19.165802434724));
#496 = CARTESIAN_POINT('',(80.444606869766,-47.39,18.99500873792));
#497 = CARTESIAN_POINT('',(80.382539034273,-47.39,18.832306890493));
#498 = CARTESIAN_POINT('',(80.312265801023,-47.39,18.677627987747));
#499 = CARTESIAN_POINT('',(80.234585100024,-47.39,18.530786674544));
#500 = CARTESIAN_POINT('',(80.01940108607,-47.39,18.176262058207));
#501 = CARTESIAN_POINT('',(79.872656827908,-47.39,17.979542347949));
#502 = CARTESIAN_POINT('',(79.712141166898,-47.39,17.800496067001));
#503 = CARTESIAN_POINT('',(79.539553925949,-47.39,17.638836688196));
#504 = CARTESIAN_POINT('',(79.356330089558,-47.39,17.494367275466));
#505 = CARTESIAN_POINT('',(79.163594869183,-47.39,17.367046911711));
#506 = CARTESIAN_POINT('',(78.962217181456,-47.39,17.25694011198));
#507 = CARTESIAN_POINT('',(78.561452967097,-47.39,17.079890590798));
#508 = CARTESIAN_POINT('',(78.363685377595,-47.39,17.010141521644));
#509 = CARTESIAN_POINT('',(78.159882034108,-47.39,16.955347759352));
#510 = CARTESIAN_POINT('',(77.950538605287,-47.39,16.915986043018));
#511 = CARTESIAN_POINT('',(77.736208745413,-47.39,16.892755850461));
#512 = CARTESIAN_POINT('',(77.517520472092,-47.39,16.886532909863));
#513 = CARTESIAN_POINT('',(77.295166942074,-47.39,16.898419269457));
#514 = CARTESIAN_POINT('',(76.898422293675,-47.39,16.95400718669));
#515 = CARTESIAN_POINT('',(76.725493236395,-47.39,16.989391938465));
#516 = CARTESIAN_POINT('',(76.551266403025,-47.39,17.036804985072));
#517 = CARTESIAN_POINT('',(76.376194196152,-47.39,17.097070340563));
#518 = CARTESIAN_POINT('',(76.201001759657,-47.39,17.171123185729));
#519 = CARTESIAN_POINT('',(76.02668604495,-47.39,17.259947100351));
#520 = CARTESIAN_POINT('',(75.854516803021,-47.39,17.364560748724));
#521 = CARTESIAN_POINT('',(75.502850604464,-47.39,17.618312743827));
#522 = CARTESIAN_POINT('',(75.322811838436,-47.39,17.771426748193));
#523 = CARTESIAN_POINT('',(75.149609178739,-47.39,17.946291005225));
#524 = CARTESIAN_POINT('',(74.987543308231,-47.39,18.142834741547));
#525 = CARTESIAN_POINT('',(74.841246011978,-47.39,18.359737186921));
#526 = CARTESIAN_POINT('',(74.715154335031,-47.39,18.593993830715));
#527 = CARTESIAN_POINT('',(74.613076757131,-47.39,18.840591158967));
#528 = CARTESIAN_POINT('',(74.536293921623,-47.39,19.090909090909));
#529 = ORIENTED_EDGE('',*,*,#530,.F.);
#530 = EDGE_CURVE('',#531,#461,#533,.T.);
#531 = VERTEX_POINT('',#532);
#532 = CARTESIAN_POINT('',(75.,-47.39,0.));
#533 = B_SPLINE_CURVE_WITH_KNOTS('',5,(#534,#535,#536,#537,#538,#539,
    #540,#541,#542,#543),.UNSPECIFIED.,.F.,.F.,(6,4,6),(0.,
    0.493030385775,1.),.UNSPECIFIED.);
#534 = CARTESIAN_POINT('',(75.,-47.39,0.));
#535 = CARTESIAN_POINT('',(75.,-47.39,3.452436384658));
#536 = CARTESIAN_POINT('',(75.,-47.39,6.885633325385));
#537 = CARTESIAN_POINT('',(75.,-47.39,10.297375152288));
#538 = CARTESIAN_POINT('',(75.,-47.39,13.685003092022));
#539 = CARTESIAN_POINT('',(75.,-47.39,20.500962169789));
#540 = CARTESIAN_POINT('',(75.,-47.39,23.927720597343));
#541 = CARTESIAN_POINT('',(75.,-47.39,27.322444308778));
#542 = CARTESIAN_POINT('',(75.,-47.39,30.681276646692));
#543 = CARTESIAN_POINT('',(75.,-47.39,34.));
#544 = ORIENTED_EDGE('',*,*,#545,.T.);
#545 = EDGE_CURVE('',#531,#546,#548,.T.);
#546 = VERTEX_POINT('',#547);
#547 = CARTESIAN_POINT('',(82.,-47.39,0.));
#548 = LINE('',#549,#550);
#549 = CARTESIAN_POINT('',(-118.,-47.39,0.));
#550 = VECTOR('',#551,1.);
#551 = DIRECTION('',(1.,0.,0.));
#552 = ORIENTED_EDGE('',*,*,#553,.F.);
#553 = EDGE_CURVE('',#554,#546,#556,.T.);
#554 = VERTEX_POINT('',#555);
#555 = CARTESIAN_POINT('',(82.,-47.39,6.));
#556 = LINE('',#557,#558);
#557 = CARTESIAN_POINT('',(82.,-47.39,6.));
#558 = VECTOR('',#559,1.);
#559 = DIRECTION('',(0.,0.,-1.));
#560 = ORIENTED_EDGE('',*,*,#561,.T.);
#561 = EDGE_CURVE('',#554,#562,#564,.T.);
#562 = VERTEX_POINT('',#563);
#563 = CARTESIAN_POINT('',(114.4,-47.39,5.999999999999));
#564 = LINE('',#565,#566);
#565 = CARTESIAN_POINT('',(82.,-47.39,6.));
#566 = VECTOR('',#567,1.);
#567 = DIRECTION('',(1.,0.,0.));
#568 = ORIENTED_EDGE('',*,*,#569,.T.);
#569 = EDGE_CURVE('',#562,#570,#572,.T.);
#570 = VERTEX_POINT('',#571);
#571 = CARTESIAN_POINT('',(88.,-47.39,50.));
#572 = B_SPLINE_CURVE_WITH_KNOTS('',1,(#573,#574),.UNSPECIFIED.,.F.,.F.,
  (2,2),(0.,1.),.PIECEWISE_BEZIER_KNOTS.);
#573 = CARTESIAN_POINT('',(118.,-47.39,0.));
#574 = CARTESIAN_POINT('',(88.,-47.39,50.));
#575 = ORIENTED_EDGE('',*,*,#576,.F.);
#576 = EDGE_CURVE('',#166,#570,#577,.T.);
#577 = LINE('',#578,#579);
#578 = CARTESIAN_POINT('',(-88.,-47.39,50.));
#579 = VECTOR('',#580,1.);
#580 = DIRECTION('',(1.,0.,0.));
#581 = FACE_BOUND('',#582,.T.);
#582 = EDGE_LOOP('',(#583,#593,#601,#609));
#583 = ORIENTED_EDGE('',*,*,#584,.F.);
#584 = EDGE_CURVE('',#585,#587,#589,.T.);
#585 = VERTEX_POINT('',#586);
#586 = CARTESIAN_POINT('',(-85.,-47.39,48.));
#587 = VERTEX_POINT('',#588);
#588 = CARTESIAN_POINT('',(-85.,-47.39,34.5));
#589 = LINE('',#590,#591);
#590 = CARTESIAN_POINT('',(-85.,-47.39,40.));
#591 = VECTOR('',#592,1.);
#592 = DIRECTION('',(0.,0.,-1.));
#593 = ORIENTED_EDGE('',*,*,#594,.T.);
#594 = EDGE_CURVE('',#585,#595,#597,.T.);
#595 = VERTEX_POINT('',#596);
#596 = CARTESIAN_POINT('',(-80.5,-47.39,48.));
#597 = LINE('',#598,#599);
#598 = CARTESIAN_POINT('',(-85.,-47.39,48.));
#599 = VECTOR('',#600,1.);
#600 = DIRECTION('',(1.,0.,0.));
#601 = ORIENTED_EDGE('',*,*,#602,.F.);
#602 = EDGE_CURVE('',#603,#595,#605,.T.);
#603 = VERTEX_POINT('',#604);
#604 = CARTESIAN_POINT('',(-80.5,-47.39,34.5));
#605 = LINE('',#606,#607);
#606 = CARTESIAN_POINT('',(-80.5,-47.39,40.));
#607 = VECTOR('',#608,1.);
#608 = DIRECTION('',(0.,0.,1.));
#609 = ORIENTED_EDGE('',*,*,#610,.F.);
#610 = EDGE_CURVE('',#587,#603,#611,.T.);
#611 = LINE('',#612,#613);
#612 = CARTESIAN_POINT('',(-85.,-47.39,34.5));
#613 = VECTOR('',#614,1.);
#614 = DIRECTION('',(1.,0.,0.));
#615 = FACE_BOUND('',#616,.T.);
#616 = EDGE_LOOP('',(#617,#627,#635,#643));
#617 = ORIENTED_EDGE('',*,*,#618,.F.);
#618 = EDGE_CURVE('',#619,#621,#623,.T.);
#619 = VERTEX_POINT('',#620);
#620 = CARTESIAN_POINT('',(80.5,-47.39,48.));
#621 = VERTEX_POINT('',#622);
#622 = CARTESIAN_POINT('',(80.5,-47.39,34.5));
#623 = LINE('',#624,#625);
#624 = CARTESIAN_POINT('',(80.5,-47.39,40.));
#625 = VECTOR('',#626,1.);
#626 = DIRECTION('',(0.,0.,-1.));
#627 = ORIENTED_EDGE('',*,*,#628,.T.);
#628 = EDGE_CURVE('',#619,#629,#631,.T.);
#629 = VERTEX_POINT('',#630);
#630 = CARTESIAN_POINT('',(85.,-47.39,48.));
#631 = LINE('',#632,#633);
#632 = CARTESIAN_POINT('',(80.5,-47.39,48.));
#633 = VECTOR('',#634,1.);
#634 = DIRECTION('',(1.,0.,0.));
#635 = ORIENTED_EDGE('',*,*,#636,.F.);
#636 = EDGE_CURVE('',#637,#629,#639,.T.);
#637 = VERTEX_POINT('',#638);
#638 = CARTESIAN_POINT('',(85.,-47.39,34.5));
#639 = LINE('',#640,#641);
#640 = CARTESIAN_POINT('',(85.,-47.39,40.));
#641 = VECTOR('',#642,1.);
#642 = DIRECTION('',(0.,0.,1.));
#643 = ORIENTED_EDGE('',*,*,#644,.F.);
#644 = EDGE_CURVE('',#621,#637,#645,.T.);
#645 = LINE('',#646,#647);
#646 = CARTESIAN_POINT('',(80.5,-47.39,34.5));
#647 = VECTOR('',#648,1.);
#648 = DIRECTION('',(1.,0.,0.));
#649 = B_SPLINE_SURFACE_WITH_KNOTS('',1,1,(
    (#650,#651)
    ,(#652,#653
    )),.UNSPECIFIED.,.F.,.F.,.F.,(2,2),(2,2),(0.,236.),(0.,1.),
  .PIECEWISE_BEZIER_KNOTS.);
#650 = CARTESIAN_POINT('',(-118.,-47.39,0.));
#651 = CARTESIAN_POINT('',(-88.,-47.39,50.));
#652 = CARTESIAN_POINT('',(118.,-47.39,0.));
#653 = CARTESIAN_POINT('',(88.,-47.39,50.));
#654 = ADVANCED_FACE('',(#655),#686,.T.);
#655 = FACE_BOUND('',#656,.T.);
#656 = EDGE_LOOP('',(#657,#667,#672,#673,#681));
#657 = ORIENTED_EDGE('',*,*,#658,.T.);
#658 = EDGE_CURVE('',#659,#661,#663,.T.);
#659 = VERTEX_POINT('',#660);
#660 = CARTESIAN_POINT('',(-118.,99.,0.));
#661 = VERTEX_POINT('',#662);
#662 = CARTESIAN_POINT('',(-118.,-47.39,0.));
#663 = LINE('',#664,#665);
#664 = CARTESIAN_POINT('',(-118.,99.,0.));
#665 = VECTOR('',#666,1.);
#666 = DIRECTION('',(0.,-1.,0.));
#667 = ORIENTED_EDGE('',*,*,#668,.T.);
#668 = EDGE_CURVE('',#661,#164,#669,.T.);
#669 = B_SPLINE_CURVE_WITH_KNOTS('',1,(#670,#671),.UNSPECIFIED.,.F.,.F.,
  (2,2),(0.,1.),.PIECEWISE_BEZIER_KNOTS.);
#670 = CARTESIAN_POINT('',(-118.,-47.39,0.));
#671 = CARTESIAN_POINT('',(-88.,-47.39,50.));
#672 = ORIENTED_EDGE('',*,*,#163,.T.);
#673 = ORIENTED_EDGE('',*,*,#674,.F.);
#674 = EDGE_CURVE('',#675,#166,#677,.T.);
#675 = VERTEX_POINT('',#676);
#676 = CARTESIAN_POINT('',(-88.,59.,50.));
#677 = LINE('',#678,#679);
#678 = CARTESIAN_POINT('',(-88.,59.,50.));
#679 = VECTOR('',#680,1.);
#680 = DIRECTION('',(0.,-1.,0.));
#681 = ORIENTED_EDGE('',*,*,#682,.F.);
#682 = EDGE_CURVE('',#659,#675,#683,.T.);
#683 = B_SPLINE_CURVE_WITH_KNOTS('',1,(#684,#685),.UNSPECIFIED.,.F.,.F.,
  (2,2),(0.,1.),.PIECEWISE_BEZIER_KNOTS.);
#684 = CARTESIAN_POINT('',(-118.,99.,0.));
#685 = CARTESIAN_POINT('',(-88.,59.,50.));
#686 = B_SPLINE_SURFACE_WITH_KNOTS('',1,1,(
    (#687,#688)
    ,(#689,#690
    )),.UNSPECIFIED.,.F.,.F.,.F.,(2,2),(2,2),(0.,146.39),(0.,1.),
  .PIECEWISE_BEZIER_KNOTS.);
#687 = CARTESIAN_POINT('',(-118.,99.,0.));
#688 = CARTESIAN_POINT('',(-88.,59.,50.));
#689 = CARTESIAN_POINT('',(-118.,-47.39,0.));
#690 = CARTESIAN_POINT('',(-88.,-47.39,50.));
#691 = ADVANCED_FACE('',(#692,#710),#740,.F.);
#692 = FACE_BOUND('',#693,.F.);
#693 = EDGE_LOOP('',(#694,#695,#696,#704));
#694 = ORIENTED_EDGE('',*,*,#576,.F.);
#695 = ORIENTED_EDGE('',*,*,#674,.F.);
#696 = ORIENTED_EDGE('',*,*,#697,.F.);
#697 = EDGE_CURVE('',#698,#675,#700,.T.);
#698 = VERTEX_POINT('',#699);
#699 = CARTESIAN_POINT('',(88.,59.,50.));
#700 = LINE('',#701,#702);
#701 = CARTESIAN_POINT('',(88.,59.,50.));
#702 = VECTOR('',#703,1.);
#703 = DIRECTION('',(-1.,0.,0.));
#704 = ORIENTED_EDGE('',*,*,#705,.F.);
#705 = EDGE_CURVE('',#570,#698,#706,.T.);
#706 = LINE('',#707,#708);
#707 = CARTESIAN_POINT('',(88.,-47.39,50.));
#708 = VECTOR('',#709,1.);
#709 = DIRECTION('',(0.,1.,0.));
#710 = FACE_BOUND('',#711,.F.);
#711 = EDGE_LOOP('',(#712,#721,#728,#735));
#712 = ORIENTED_EDGE('',*,*,#713,.F.);
#713 = EDGE_CURVE('',#714,#716,#718,.T.);
#714 = VERTEX_POINT('',#715);
#715 = CARTESIAN_POINT('',(85.602040816327,-44.39,50.));
#716 = VERTEX_POINT('',#717);
#717 = CARTESIAN_POINT('',(-85.60204081632,-44.39,50.));
#718 = B_SPLINE_CURVE_WITH_KNOTS('',1,(#719,#720),.UNSPECIFIED.,.F.,.F.,
  (2,2),(0.,1.),.PIECEWISE_BEZIER_KNOTS.);
#719 = CARTESIAN_POINT('',(85.602040816327,-44.39,50.));
#720 = CARTESIAN_POINT('',(-85.60204081632,-44.39,50.));
#721 = ORIENTED_EDGE('',*,*,#722,.F.);
#722 = EDGE_CURVE('',#723,#714,#725,.T.);
#723 = VERTEX_POINT('',#724);
#724 = CARTESIAN_POINT('',(85.602040816327,56.80612244898,50.));
#725 = B_SPLINE_CURVE_WITH_KNOTS('',1,(#726,#727),.UNSPECIFIED.,.F.,.F.,
  (2,2),(0.,1.),.PIECEWISE_BEZIER_KNOTS.);
#726 = CARTESIAN_POINT('',(85.602040816327,56.80612244898,50.));
#727 = CARTESIAN_POINT('',(85.602040816327,-44.39,50.));
#728 = ORIENTED_EDGE('',*,*,#729,.F.);
#729 = EDGE_CURVE('',#730,#723,#732,.T.);
#730 = VERTEX_POINT('',#731);
#731 = CARTESIAN_POINT('',(-85.60204081632,56.80612244898,50.));
#732 = B_SPLINE_CURVE_WITH_KNOTS('',1,(#733,#734),.UNSPECIFIED.,.F.,.F.,
  (2,2),(0.,1.),.PIECEWISE_BEZIER_KNOTS.);
#733 = CARTESIAN_POINT('',(-85.60204081632,56.80612244898,50.));
#734 = CARTESIAN_POINT('',(85.602040816327,56.80612244898,50.));
#735 = ORIENTED_EDGE('',*,*,#736,.F.);
#736 = EDGE_CURVE('',#716,#730,#737,.T.);
#737 = B_SPLINE_CURVE_WITH_KNOTS('',1,(#738,#739),.UNSPECIFIED.,.F.,.F.,
  (2,2),(0.,1.),.PIECEWISE_BEZIER_KNOTS.);
#738 = CARTESIAN_POINT('',(-85.60204081632,-44.39,50.));
#739 = CARTESIAN_POINT('',(-85.60204081632,56.80612244898,50.));
#740 = PLANE('',#741);
#741 = AXIS2_PLACEMENT_3D('',#742,#743,#744);
#742 = CARTESIAN_POINT('',(-88.,-47.39,50.));
#743 = DIRECTION('',(0.,0.,-1.));
#744 = DIRECTION('',(0.855793562303,0.517317483486,0.));
#745 = ADVANCED_FACE('',(#746),#770,.T.);
#746 = FACE_BOUND('',#747,.T.);
#747 = EDGE_LOOP('',(#748,#758,#763,#764,#765));
#748 = ORIENTED_EDGE('',*,*,#749,.T.);
#749 = EDGE_CURVE('',#750,#752,#754,.T.);
#750 = VERTEX_POINT('',#751);
#751 = CARTESIAN_POINT('',(118.,-47.39,0.));
#752 = VERTEX_POINT('',#753);
#753 = CARTESIAN_POINT('',(118.,99.,0.));
#754 = LINE('',#755,#756);
#755 = CARTESIAN_POINT('',(118.,-47.39,0.));
#756 = VECTOR('',#757,1.);
#757 = DIRECTION('',(0.,1.,0.));
#758 = ORIENTED_EDGE('',*,*,#759,.T.);
#759 = EDGE_CURVE('',#752,#698,#760,.T.);
#760 = B_SPLINE_CURVE_WITH_KNOTS('',1,(#761,#762),.UNSPECIFIED.,.F.,.F.,
  (2,2),(0.,1.),.PIECEWISE_BEZIER_KNOTS.);
#761 = CARTESIAN_POINT('',(118.,99.,0.));
#762 = CARTESIAN_POINT('',(88.,59.,50.));
#763 = ORIENTED_EDGE('',*,*,#705,.F.);
#764 = ORIENTED_EDGE('',*,*,#569,.F.);
#765 = ORIENTED_EDGE('',*,*,#766,.F.);
#766 = EDGE_CURVE('',#750,#562,#767,.T.);
#767 = B_SPLINE_CURVE_WITH_KNOTS('',1,(#768,#769),.UNSPECIFIED.,.F.,.F.,
  (2,2),(0.,1.),.PIECEWISE_BEZIER_KNOTS.);
#768 = CARTESIAN_POINT('',(118.,-47.39,0.));
#769 = CARTESIAN_POINT('',(88.,-47.39,50.));
#770 = B_SPLINE_SURFACE_WITH_KNOTS('',1,1,(
    (#771,#772)
    ,(#773,#774
    )),.UNSPECIFIED.,.F.,.F.,.F.,(2,2),(2,2),(0.,146.39),(0.,1.),
  .PIECEWISE_BEZIER_KNOTS.);
#771 = CARTESIAN_POINT('',(118.,-47.39,0.));
#772 = CARTESIAN_POINT('',(88.,-47.39,50.));
#773 = CARTESIAN_POINT('',(118.,99.,0.));
#774 = CARTESIAN_POINT('',(88.,59.,50.));
#775 = ADVANCED_FACE('',(#776),#809,.T.);
#776 = FACE_BOUND('',#777,.T.);
#777 = EDGE_LOOP('',(#778,#788,#796,#802,#803));
#778 = ORIENTED_EDGE('',*,*,#779,.T.);
#779 = EDGE_CURVE('',#780,#782,#784,.T.);
#780 = VERTEX_POINT('',#781);
#781 = CARTESIAN_POINT('',(82.,-103.39,6.));
#782 = VERTEX_POINT('',#783);
#783 = CARTESIAN_POINT('',(118.,-103.39,6.));
#784 = LINE('',#785,#786);
#785 = CARTESIAN_POINT('',(82.,-103.39,6.));
#786 = VECTOR('',#787,1.);
#787 = DIRECTION('',(1.,0.,0.));
#788 = ORIENTED_EDGE('',*,*,#789,.T.);
#789 = EDGE_CURVE('',#782,#790,#792,.T.);
#790 = VERTEX_POINT('',#791);
#791 = CARTESIAN_POINT('',(118.,-47.39,6.));
#792 = LINE('',#793,#794);
#793 = CARTESIAN_POINT('',(118.,-103.39,6.));
#794 = VECTOR('',#795,1.);
#795 = DIRECTION('',(0.,1.,0.));
#796 = ORIENTED_EDGE('',*,*,#797,.F.);
#797 = EDGE_CURVE('',#562,#790,#798,.T.);
#798 = LINE('',#799,#800);
#799 = CARTESIAN_POINT('',(82.,-47.39,6.));
#800 = VECTOR('',#801,1.);
#801 = DIRECTION('',(1.,0.,0.));
#802 = ORIENTED_EDGE('',*,*,#561,.F.);
#803 = ORIENTED_EDGE('',*,*,#804,.F.);
#804 = EDGE_CURVE('',#780,#554,#805,.T.);
#805 = LINE('',#806,#807);
#806 = CARTESIAN_POINT('',(82.,-103.39,6.));
#807 = VECTOR('',#808,1.);
#808 = DIRECTION('',(0.,1.,0.));
#809 = PLANE('',#810);
#810 = AXIS2_PLACEMENT_3D('',#811,#812,#813);
#811 = CARTESIAN_POINT('',(82.,-103.39,6.));
#812 = DIRECTION('',(0.,0.,1.));
#813 = DIRECTION('',(0.,1.,0.));
#814 = ADVANCED_FACE('',(#815),#841,.T.);
#815 = FACE_BOUND('',#816,.T.);
#816 = EDGE_LOOP('',(#817,#825,#833,#839,#840));
#817 = ORIENTED_EDGE('',*,*,#818,.T.);
#818 = EDGE_CURVE('',#546,#819,#821,.T.);
#819 = VERTEX_POINT('',#820);
#820 = CARTESIAN_POINT('',(82.,-109.39,0.));
#821 = LINE('',#822,#823);
#822 = CARTESIAN_POINT('',(82.,-47.39,0.));
#823 = VECTOR('',#824,1.);
#824 = DIRECTION('',(0.,-1.,0.));
#825 = ORIENTED_EDGE('',*,*,#826,.T.);
#826 = EDGE_CURVE('',#819,#827,#829,.T.);
#827 = VERTEX_POINT('',#828);
#828 = CARTESIAN_POINT('',(82.,-109.39,2.));
#829 = LINE('',#830,#831);
#830 = CARTESIAN_POINT('',(82.,-109.39,0.));
#831 = VECTOR('',#832,1.);
#832 = DIRECTION('',(0.,0.,1.));
#833 = ORIENTED_EDGE('',*,*,#834,.T.);
#834 = EDGE_CURVE('',#827,#780,#835,.T.);
#835 = LINE('',#836,#837);
#836 = CARTESIAN_POINT('',(82.,-109.39,2.));
#837 = VECTOR('',#838,1.);
#838 = DIRECTION('',(0.,0.832050294338,0.554700196225));
#839 = ORIENTED_EDGE('',*,*,#804,.T.);
#840 = ORIENTED_EDGE('',*,*,#553,.T.);
#841 = PLANE('',#842);
#842 = AXIS2_PLACEMENT_3D('',#843,#844,#845);
#843 = CARTESIAN_POINT('',(82.,-77.7137115612,2.888981495042));
#844 = DIRECTION('',(-1.,-0.,-0.));
#845 = DIRECTION('',(0.,0.,-1.));
#846 = ADVANCED_FACE('',(#847),#918,.F.);
#847 = FACE_BOUND('',#848,.F.);
#848 = EDGE_LOOP('',(#849,#857,#858,#866,#874,#880,#881,#889,#897,#905)
  );
#849 = ORIENTED_EDGE('',*,*,#850,.F.);
#850 = EDGE_CURVE('',#404,#851,#853,.T.);
#851 = VERTEX_POINT('',#852);
#852 = CARTESIAN_POINT('',(75.,-44.39,34.));
#853 = LINE('',#854,#855);
#854 = CARTESIAN_POINT('',(75.,-48.39,34.));
#855 = VECTOR('',#856,1.);
#856 = DIRECTION('',(0.,1.,0.));
#857 = ORIENTED_EDGE('',*,*,#410,.F.);
#858 = ORIENTED_EDGE('',*,*,#859,.T.);
#859 = EDGE_CURVE('',#411,#860,#862,.T.);
#860 = VERTEX_POINT('',#861);
#861 = CARTESIAN_POINT('',(75.,-45.4,21.833030277982));
#862 = LINE('',#863,#864);
#863 = CARTESIAN_POINT('',(75.,-47.4,21.833030277982));
#864 = VECTOR('',#865,1.);
#865 = DIRECTION('',(0.,1.,0.));
#866 = ORIENTED_EDGE('',*,*,#867,.F.);
#867 = EDGE_CURVE('',#868,#860,#870,.T.);
#868 = VERTEX_POINT('',#869);
#869 = CARTESIAN_POINT('',(75.,-45.4,18.166969722018));
#870 = LINE('',#871,#872);
#871 = CARTESIAN_POINT('',(75.,-45.4,9.5));
#872 = VECTOR('',#873,1.);
#873 = DIRECTION('',(0.,0.,1.));
#874 = ORIENTED_EDGE('',*,*,#875,.F.);
#875 = EDGE_CURVE('',#461,#868,#876,.T.);
#876 = LINE('',#877,#878);
#877 = CARTESIAN_POINT('',(75.,-47.4,18.166969722018));
#878 = VECTOR('',#879,1.);
#879 = DIRECTION('',(0.,1.,0.));
#880 = ORIENTED_EDGE('',*,*,#530,.F.);
#881 = ORIENTED_EDGE('',*,*,#882,.F.);
#882 = EDGE_CURVE('',#883,#531,#885,.T.);
#883 = VERTEX_POINT('',#884);
#884 = CARTESIAN_POINT('',(75.,-43.39,0.));
#885 = LINE('',#886,#887);
#886 = CARTESIAN_POINT('',(75.,-47.89,0.));
#887 = VECTOR('',#888,1.);
#888 = DIRECTION('',(0.,-1.,0.));
#889 = ORIENTED_EDGE('',*,*,#890,.T.);
#890 = EDGE_CURVE('',#883,#891,#893,.T.);
#891 = VERTEX_POINT('',#892);
#892 = CARTESIAN_POINT('',(75.,-43.39,2.));
#893 = LINE('',#894,#895);
#894 = CARTESIAN_POINT('',(75.,-43.39,-1.));
#895 = VECTOR('',#896,1.);
#896 = DIRECTION('',(0.,0.,1.));
#897 = ORIENTED_EDGE('',*,*,#898,.T.);
#898 = EDGE_CURVE('',#891,#899,#901,.T.);
#899 = VERTEX_POINT('',#900);
#900 = CARTESIAN_POINT('',(75.,-44.39,2.));
#901 = LINE('',#902,#903);
#902 = CARTESIAN_POINT('',(75.,-46.39,2.));
#903 = VECTOR('',#904,1.);
#904 = DIRECTION('',(0.,-1.,0.));
#905 = ORIENTED_EDGE('',*,*,#906,.T.);
#906 = EDGE_CURVE('',#899,#851,#907,.T.);
#907 = B_SPLINE_CURVE_WITH_KNOTS('',5,(#908,#909,#910,#911,#912,#913,
    #914,#915,#916,#917),.UNSPECIFIED.,.F.,.F.,(6,4,6),(0.,
    0.492428736529,1.),.UNSPECIFIED.);
#908 = CARTESIAN_POINT('',(75.,-44.39,2.));
#909 = CARTESIAN_POINT('',(75.,-44.39,5.247362831177));
#910 = CARTESIAN_POINT('',(75.,-44.39,8.476069989018));
#911 = CARTESIAN_POINT('',(75.,-44.39,11.684060163132));
#912 = CARTESIAN_POINT('',(75.,-44.39,14.868889815848));
#913 = CARTESIAN_POINT('',(75.,-44.39,21.283836800156));
#914 = CARTESIAN_POINT('',(75.,-44.39,24.5123234076));
#915 = CARTESIAN_POINT('',(75.,-44.39,27.710220495413));
#916 = CARTESIAN_POINT('',(75.,-44.39,30.874038711742));
#917 = CARTESIAN_POINT('',(75.,-44.39,34.));
#918 = PLANE('',#919);
#919 = AXIS2_PLACEMENT_3D('',#920,#921,#922);
#920 = CARTESIAN_POINT('',(75.,-48.39,-1.));
#921 = DIRECTION('',(1.,0.,0.));
#922 = DIRECTION('',(0.,0.,1.));
#923 = ADVANCED_FACE('',(#924),#941,.F.);
#924 = FACE_BOUND('',#925,.F.);
#925 = EDGE_LOOP('',(#926,#934,#935,#936));
#926 = ORIENTED_EDGE('',*,*,#927,.F.);
#927 = EDGE_CURVE('',#389,#928,#930,.T.);
#928 = VERTEX_POINT('',#929);
#929 = CARTESIAN_POINT('',(-75.,-44.39,34.));
#930 = LINE('',#931,#932);
#931 = CARTESIAN_POINT('',(-75.,-48.39,34.));
#932 = VECTOR('',#933,1.);
#933 = DIRECTION('',(0.,1.,0.));
#934 = ORIENTED_EDGE('',*,*,#403,.F.);
#935 = ORIENTED_EDGE('',*,*,#850,.T.);
#936 = ORIENTED_EDGE('',*,*,#937,.T.);
#937 = EDGE_CURVE('',#851,#928,#938,.T.);
#938 = B_SPLINE_CURVE_WITH_KNOTS('',1,(#939,#940),.UNSPECIFIED.,.F.,.F.,
  (2,2),(0.,1.),.PIECEWISE_BEZIER_KNOTS.);
#939 = CARTESIAN_POINT('',(75.,-44.39,34.));
#940 = CARTESIAN_POINT('',(-75.,-44.39,34.));
#941 = PLANE('',#942);
#942 = AXIS2_PLACEMENT_3D('',#943,#944,#945);
#943 = CARTESIAN_POINT('',(-75.,-48.39,34.));
#944 = DIRECTION('',(0.,0.,1.));
#945 = DIRECTION('',(1.,0.,0.));
#946 = ADVANCED_FACE('',(#947),#1011,.T.);
#947 = FACE_BOUND('',#948,.T.);
#948 = EDGE_LOOP('',(#949,#950,#951,#959,#967,#973,#974,#982,#990,#998)
  );
#949 = ORIENTED_EDGE('',*,*,#927,.F.);
#950 = ORIENTED_EDGE('',*,*,#388,.F.);
#951 = ORIENTED_EDGE('',*,*,#952,.T.);
#952 = EDGE_CURVE('',#319,#953,#955,.T.);
#953 = VERTEX_POINT('',#954);
#954 = CARTESIAN_POINT('',(-75.,-45.4,21.833030277982));
#955 = LINE('',#956,#957);
#956 = CARTESIAN_POINT('',(-75.,-47.4,21.833030277982));
#957 = VECTOR('',#958,1.);
#958 = DIRECTION('',(0.,1.,0.));
#959 = ORIENTED_EDGE('',*,*,#960,.F.);
#960 = EDGE_CURVE('',#961,#953,#963,.T.);
#961 = VERTEX_POINT('',#962);
#962 = CARTESIAN_POINT('',(-75.,-45.4,18.166969722018));
#963 = LINE('',#964,#965);
#964 = CARTESIAN_POINT('',(-75.,-45.4,9.5));
#965 = VECTOR('',#966,1.);
#966 = DIRECTION('',(0.,0.,1.));
#967 = ORIENTED_EDGE('',*,*,#968,.F.);
#968 = EDGE_CURVE('',#197,#961,#969,.T.);
#969 = LINE('',#970,#971);
#970 = CARTESIAN_POINT('',(-75.,-47.4,18.166969722018));
#971 = VECTOR('',#972,1.);
#972 = DIRECTION('',(0.,1.,0.));
#973 = ORIENTED_EDGE('',*,*,#196,.F.);
#974 = ORIENTED_EDGE('',*,*,#975,.F.);
#975 = EDGE_CURVE('',#976,#189,#978,.T.);
#976 = VERTEX_POINT('',#977);
#977 = CARTESIAN_POINT('',(-75.,-43.39,0.));
#978 = LINE('',#979,#980);
#979 = CARTESIAN_POINT('',(-75.,-47.89,0.));
#980 = VECTOR('',#981,1.);
#981 = DIRECTION('',(0.,-1.,0.));
#982 = ORIENTED_EDGE('',*,*,#983,.T.);
#983 = EDGE_CURVE('',#976,#984,#986,.T.);
#984 = VERTEX_POINT('',#985);
#985 = CARTESIAN_POINT('',(-75.,-43.39,2.));
#986 = LINE('',#987,#988);
#987 = CARTESIAN_POINT('',(-75.,-43.39,-1.));
#988 = VECTOR('',#989,1.);
#989 = DIRECTION('',(0.,0.,1.));
#990 = ORIENTED_EDGE('',*,*,#991,.T.);
#991 = EDGE_CURVE('',#984,#992,#994,.T.);
#992 = VERTEX_POINT('',#993);
#993 = CARTESIAN_POINT('',(-75.,-44.39,2.));
#994 = LINE('',#995,#996);
#995 = CARTESIAN_POINT('',(-75.,-46.39,2.));
#996 = VECTOR('',#997,1.);
#997 = DIRECTION('',(0.,-1.,0.));
#998 = ORIENTED_EDGE('',*,*,#999,.T.);
#999 = EDGE_CURVE('',#992,#928,#1000,.T.);
#1000 = B_SPLINE_CURVE_WITH_KNOTS('',5,(#1001,#1002,#1003,#1004,#1005,
    #1006,#1007,#1008,#1009,#1010),.UNSPECIFIED.,.F.,.F.,(6,4,6),(0.,
    0.492428736529,1.),.UNSPECIFIED.);
#1001 = CARTESIAN_POINT('',(-75.,-44.39,2.));
#1002 = CARTESIAN_POINT('',(-75.,-44.39,5.247362831177));
#1003 = CARTESIAN_POINT('',(-75.,-44.39,8.476069989017));
#1004 = CARTESIAN_POINT('',(-75.,-44.39,11.684060163132));
#1005 = CARTESIAN_POINT('',(-75.,-44.39,14.868889815847));
#1006 = CARTESIAN_POINT('',(-75.,-44.39,21.283836800155));
#1007 = CARTESIAN_POINT('',(-75.,-44.39,24.512323407601));
#1008 = CARTESIAN_POINT('',(-75.,-44.39,27.710220495411));
#1009 = CARTESIAN_POINT('',(-75.,-44.39,30.874038711742));
#1010 = CARTESIAN_POINT('',(-75.,-44.39,34.));
#1011 = PLANE('',#1012);
#1012 = AXIS2_PLACEMENT_3D('',#1013,#1014,#1015);
#1013 = CARTESIAN_POINT('',(-75.,-48.39,-1.));
#1014 = DIRECTION('',(1.,0.,0.));
#1015 = DIRECTION('',(0.,0.,1.));
#1016 = ADVANCED_FACE('',(#1017),#1050,.F.);
#1017 = FACE_BOUND('',#1018,.F.);
#1018 = EDGE_LOOP('',(#1019,#1027,#1035,#1043,#1049));
#1019 = ORIENTED_EDGE('',*,*,#1020,.T.);
#1020 = EDGE_CURVE('',#181,#1021,#1023,.T.);
#1021 = VERTEX_POINT('',#1022);
#1022 = CARTESIAN_POINT('',(-82.,-109.39,0.));
#1023 = LINE('',#1024,#1025);
#1024 = CARTESIAN_POINT('',(-82.,-47.39,0.));
#1025 = VECTOR('',#1026,1.);
#1026 = DIRECTION('',(0.,-1.,0.));
#1027 = ORIENTED_EDGE('',*,*,#1028,.T.);
#1028 = EDGE_CURVE('',#1021,#1029,#1031,.T.);
#1029 = VERTEX_POINT('',#1030);
#1030 = CARTESIAN_POINT('',(-82.,-109.39,2.));
#1031 = LINE('',#1032,#1033);
#1032 = CARTESIAN_POINT('',(-82.,-109.39,0.));
#1033 = VECTOR('',#1034,1.);
#1034 = DIRECTION('',(0.,0.,1.));
#1035 = ORIENTED_EDGE('',*,*,#1036,.T.);
#1036 = EDGE_CURVE('',#1029,#1037,#1039,.T.);
#1037 = VERTEX_POINT('',#1038);
#1038 = CARTESIAN_POINT('',(-82.,-103.39,6.));
#1039 = LINE('',#1040,#1041);
#1040 = CARTESIAN_POINT('',(-82.,-109.39,2.));
#1041 = VECTOR('',#1042,1.);
#1042 = DIRECTION('',(0.,0.832050294338,0.554700196225));
#1043 = ORIENTED_EDGE('',*,*,#1044,.T.);
#1044 = EDGE_CURVE('',#1037,#173,#1045,.T.);
#1045 = LINE('',#1046,#1047);
#1046 = CARTESIAN_POINT('',(-82.,-103.39,6.));
#1047 = VECTOR('',#1048,1.);
#1048 = DIRECTION('',(0.,1.,0.));
#1049 = ORIENTED_EDGE('',*,*,#180,.T.);
#1050 = PLANE('',#1051);
#1051 = AXIS2_PLACEMENT_3D('',#1052,#1053,#1054);
#1052 = CARTESIAN_POINT('',(-82.,-77.7137115612,2.888981495042));
#1053 = DIRECTION('',(-1.,-0.,-0.));
#1054 = DIRECTION('',(0.,0.,-1.));
#1055 = ADVANCED_FACE('',(#1056),#1082,.T.);
#1056 = FACE_BOUND('',#1057,.T.);
#1057 = EDGE_LOOP('',(#1058,#1066,#1067,#1068,#1076));
#1058 = ORIENTED_EDGE('',*,*,#1059,.T.);
#1059 = EDGE_CURVE('',#1060,#1037,#1062,.T.);
#1060 = VERTEX_POINT('',#1061);
#1061 = CARTESIAN_POINT('',(-118.,-103.39,6.));
#1062 = LINE('',#1063,#1064);
#1063 = CARTESIAN_POINT('',(-118.,-103.39,6.));
#1064 = VECTOR('',#1065,1.);
#1065 = DIRECTION('',(1.,0.,0.));
#1066 = ORIENTED_EDGE('',*,*,#1044,.T.);
#1067 = ORIENTED_EDGE('',*,*,#172,.F.);
#1068 = ORIENTED_EDGE('',*,*,#1069,.F.);
#1069 = EDGE_CURVE('',#1070,#164,#1072,.T.);
#1070 = VERTEX_POINT('',#1071);
#1071 = CARTESIAN_POINT('',(-118.,-47.39,6.));
#1072 = LINE('',#1073,#1074);
#1073 = CARTESIAN_POINT('',(-118.,-47.39,6.));
#1074 = VECTOR('',#1075,1.);
#1075 = DIRECTION('',(1.,0.,0.));
#1076 = ORIENTED_EDGE('',*,*,#1077,.F.);
#1077 = EDGE_CURVE('',#1060,#1070,#1078,.T.);
#1078 = LINE('',#1079,#1080);
#1079 = CARTESIAN_POINT('',(-118.,-103.39,6.));
#1080 = VECTOR('',#1081,1.);
#1081 = DIRECTION('',(0.,1.,0.));
#1082 = PLANE('',#1083);
#1083 = AXIS2_PLACEMENT_3D('',#1084,#1085,#1086);
#1084 = CARTESIAN_POINT('',(-118.,-103.39,6.));
#1085 = DIRECTION('',(0.,0.,1.));
#1086 = DIRECTION('',(0.,1.,0.));
#1087 = ADVANCED_FACE('',(#1088),#1113,.T.);
#1088 = FACE_BOUND('',#1089,.T.);
#1089 = EDGE_LOOP('',(#1090,#1091,#1099,#1107));
#1090 = ORIENTED_EDGE('',*,*,#610,.T.);
#1091 = ORIENTED_EDGE('',*,*,#1092,.T.);
#1092 = EDGE_CURVE('',#603,#1093,#1095,.T.);
#1093 = VERTEX_POINT('',#1094);
#1094 = CARTESIAN_POINT('',(-80.5,-52.89,40.));
#1095 = LINE('',#1096,#1097);
#1096 = CARTESIAN_POINT('',(-80.5,-47.39,34.5));
#1097 = VECTOR('',#1098,1.);
#1098 = DIRECTION('',(0.,-0.707106781187,0.707106781187));
#1099 = ORIENTED_EDGE('',*,*,#1100,.F.);
#1100 = EDGE_CURVE('',#1101,#1093,#1103,.T.);
#1101 = VERTEX_POINT('',#1102);
#1102 = CARTESIAN_POINT('',(-85.,-52.89,40.));
#1103 = LINE('',#1104,#1105);
#1104 = CARTESIAN_POINT('',(-85.,-52.89,40.));
#1105 = VECTOR('',#1106,1.);
#1106 = DIRECTION('',(1.,0.,0.));
#1107 = ORIENTED_EDGE('',*,*,#1108,.F.);
#1108 = EDGE_CURVE('',#587,#1101,#1109,.T.);
#1109 = LINE('',#1110,#1111);
#1110 = CARTESIAN_POINT('',(-85.,-47.39,34.5));
#1111 = VECTOR('',#1112,1.);
#1112 = DIRECTION('',(0.,-0.707106781187,0.707106781187));
#1113 = PLANE('',#1114);
#1114 = AXIS2_PLACEMENT_3D('',#1115,#1116,#1117);
#1115 = CARTESIAN_POINT('',(-85.,-47.39,34.5));
#1116 = DIRECTION('',(0.,-0.707106781187,-0.707106781187));
#1117 = DIRECTION('',(0.,-0.707106781187,0.707106781187));
#1118 = ADVANCED_FACE('',(#1119),#1135,.T.);
#1119 = FACE_BOUND('',#1120,.T.);
#1120 = EDGE_LOOP('',(#1121,#1127,#1128,#1134));
#1121 = ORIENTED_EDGE('',*,*,#1122,.F.);
#1122 = EDGE_CURVE('',#134,#585,#1123,.T.);
#1123 = LINE('',#1124,#1125);
#1124 = CARTESIAN_POINT('',(-85.,-52.89,48.));
#1125 = VECTOR('',#1126,1.);
#1126 = DIRECTION('',(0.,1.,0.));
#1127 = ORIENTED_EDGE('',*,*,#141,.T.);
#1128 = ORIENTED_EDGE('',*,*,#1129,.T.);
#1129 = EDGE_CURVE('',#142,#595,#1130,.T.);
#1130 = LINE('',#1131,#1132);
#1131 = CARTESIAN_POINT('',(-80.5,-52.89,48.));
#1132 = VECTOR('',#1133,1.);
#1133 = DIRECTION('',(0.,1.,0.));
#1134 = ORIENTED_EDGE('',*,*,#594,.F.);
#1135 = PLANE('',#1136);
#1136 = AXIS2_PLACEMENT_3D('',#1137,#1138,#1139);
#1137 = CARTESIAN_POINT('',(-85.,-52.89,48.));
#1138 = DIRECTION('',(0.,0.,1.));
#1139 = DIRECTION('',(1.,0.,0.));
#1140 = ADVANCED_FACE('',(#1141),#1166,.T.);
#1141 = FACE_BOUND('',#1142,.T.);
#1142 = EDGE_LOOP('',(#1143,#1144,#1152,#1160));
#1143 = ORIENTED_EDGE('',*,*,#644,.T.);
#1144 = ORIENTED_EDGE('',*,*,#1145,.T.);
#1145 = EDGE_CURVE('',#637,#1146,#1148,.T.);
#1146 = VERTEX_POINT('',#1147);
#1147 = CARTESIAN_POINT('',(85.,-52.89,40.));
#1148 = LINE('',#1149,#1150);
#1149 = CARTESIAN_POINT('',(85.,-47.39,34.5));
#1150 = VECTOR('',#1151,1.);
#1151 = DIRECTION('',(0.,-0.707106781187,0.707106781187));
#1152 = ORIENTED_EDGE('',*,*,#1153,.F.);
#1153 = EDGE_CURVE('',#1154,#1146,#1156,.T.);
#1154 = VERTEX_POINT('',#1155);
#1155 = CARTESIAN_POINT('',(80.5,-52.89,40.));
#1156 = LINE('',#1157,#1158);
#1157 = CARTESIAN_POINT('',(80.5,-52.89,40.));
#1158 = VECTOR('',#1159,1.);
#1159 = DIRECTION('',(1.,0.,0.));
#1160 = ORIENTED_EDGE('',*,*,#1161,.F.);
#1161 = EDGE_CURVE('',#621,#1154,#1162,.T.);
#1162 = LINE('',#1163,#1164);
#1163 = CARTESIAN_POINT('',(80.5,-47.39,34.5));
#1164 = VECTOR('',#1165,1.);
#1165 = DIRECTION('',(0.,-0.707106781187,0.707106781187));
#1166 = PLANE('',#1167);
#1167 = AXIS2_PLACEMENT_3D('',#1168,#1169,#1170);
#1168 = CARTESIAN_POINT('',(80.5,-47.39,34.5));
#1169 = DIRECTION('',(0.,-0.707106781187,-0.707106781187));
#1170 = DIRECTION('',(0.,-0.707106781187,0.707106781187));
#1171 = ADVANCED_FACE('',(#1172),#1188,.T.);
#1172 = FACE_BOUND('',#1173,.T.);
#1173 = EDGE_LOOP('',(#1174,#1180,#1181,#1187));
#1174 = ORIENTED_EDGE('',*,*,#1175,.F.);
#1175 = EDGE_CURVE('',#63,#619,#1176,.T.);
#1176 = LINE('',#1177,#1178);
#1177 = CARTESIAN_POINT('',(80.5,-52.89,48.));
#1178 = VECTOR('',#1179,1.);
#1179 = DIRECTION('',(0.,1.,0.));
#1180 = ORIENTED_EDGE('',*,*,#70,.T.);
#1181 = ORIENTED_EDGE('',*,*,#1182,.T.);
#1182 = EDGE_CURVE('',#71,#629,#1183,.T.);
#1183 = LINE('',#1184,#1185);
#1184 = CARTESIAN_POINT('',(85.,-52.89,48.));
#1185 = VECTOR('',#1186,1.);
#1186 = DIRECTION('',(0.,1.,0.));
#1187 = ORIENTED_EDGE('',*,*,#628,.F.);
#1188 = PLANE('',#1189);
#1189 = AXIS2_PLACEMENT_3D('',#1190,#1191,#1192);
#1190 = CARTESIAN_POINT('',(80.5,-52.89,48.));
#1191 = DIRECTION('',(0.,0.,1.));
#1192 = DIRECTION('',(1.,0.,0.));
#1193 = ADVANCED_FACE('',(#1194),#1204,.T.);
#1194 = FACE_BOUND('',#1195,.T.);
#1195 = EDGE_LOOP('',(#1196,#1202,#1203));
#1196 = ORIENTED_EDGE('',*,*,#1197,.F.);
#1197 = EDGE_CURVE('',#1070,#661,#1198,.T.);
#1198 = LINE('',#1199,#1200);
#1199 = CARTESIAN_POINT('',(-118.,-47.39,6.));
#1200 = VECTOR('',#1201,1.);
#1201 = DIRECTION('',(0.,0.,-1.));
#1202 = ORIENTED_EDGE('',*,*,#1069,.T.);
#1203 = ORIENTED_EDGE('',*,*,#668,.F.);
#1204 = PLANE('',#1205);
#1205 = AXIS2_PLACEMENT_3D('',#1206,#1207,#1208);
#1206 = CARTESIAN_POINT('',(-118.,-47.39,6.));
#1207 = DIRECTION('',(0.,1.,0.));
#1208 = DIRECTION('',(0.,0.,-1.));
#1209 = ADVANCED_FACE('',(#1210),#1221,.T.);
#1210 = FACE_BOUND('',#1211,.T.);
#1211 = EDGE_LOOP('',(#1212,#1218,#1219,#1220));
#1212 = ORIENTED_EDGE('',*,*,#1213,.T.);
#1213 = EDGE_CURVE('',#752,#659,#1214,.T.);
#1214 = LINE('',#1215,#1216);
#1215 = CARTESIAN_POINT('',(118.,99.,0.));
#1216 = VECTOR('',#1217,1.);
#1217 = DIRECTION('',(-1.,0.,0.));
#1218 = ORIENTED_EDGE('',*,*,#682,.T.);
#1219 = ORIENTED_EDGE('',*,*,#697,.F.);
#1220 = ORIENTED_EDGE('',*,*,#759,.F.);
#1221 = B_SPLINE_SURFACE_WITH_KNOTS('',1,1,(
    (#1222,#1223)
    ,(#1224,#1225
    )),.UNSPECIFIED.,.F.,.F.,.F.,(2,2),(2,2),(0.,236.),(0.,1.),
  .PIECEWISE_BEZIER_KNOTS.);
#1222 = CARTESIAN_POINT('',(118.,99.,0.));
#1223 = CARTESIAN_POINT('',(88.,59.,50.));
#1224 = CARTESIAN_POINT('',(-118.,99.,0.));
#1225 = CARTESIAN_POINT('',(-88.,59.,50.));
#1226 = ADVANCED_FACE('',(#1227),#1259,.F.);
#1227 = FACE_BOUND('',#1228,.F.);
#1228 = EDGE_LOOP('',(#1229,#1236,#1242,#1243,#1244,#1245,#1253,#1258));
#1229 = ORIENTED_EDGE('',*,*,#1230,.F.);
#1230 = EDGE_CURVE('',#1231,#716,#1233,.T.);
#1231 = VERTEX_POINT('',#1232);
#1232 = CARTESIAN_POINT('',(-114.5,-44.39,2.));
#1233 = B_SPLINE_CURVE_WITH_KNOTS('',1,(#1234,#1235),.UNSPECIFIED.,.F.,
  .F.,(2,2),(0.,1.),.PIECEWISE_BEZIER_KNOTS.);
#1234 = CARTESIAN_POINT('',(-114.5,-44.39,2.));
#1235 = CARTESIAN_POINT('',(-85.,-44.39,51.));
#1236 = ORIENTED_EDGE('',*,*,#1237,.T.);
#1237 = EDGE_CURVE('',#1231,#992,#1238,.T.);
#1238 = LINE('',#1239,#1240);
#1239 = CARTESIAN_POINT('',(-114.5,-44.39,2.));
#1240 = VECTOR('',#1241,1.);
#1241 = DIRECTION('',(1.,0.,0.));
#1242 = ORIENTED_EDGE('',*,*,#999,.T.);
#1243 = ORIENTED_EDGE('',*,*,#937,.F.);
#1244 = ORIENTED_EDGE('',*,*,#906,.F.);
#1245 = ORIENTED_EDGE('',*,*,#1246,.T.);
#1246 = EDGE_CURVE('',#899,#1247,#1249,.T.);
#1247 = VERTEX_POINT('',#1248);
#1248 = CARTESIAN_POINT('',(114.5,-44.39,2.));
#1249 = LINE('',#1250,#1251);
#1250 = CARTESIAN_POINT('',(-114.5,-44.39,2.));
#1251 = VECTOR('',#1252,1.);
#1252 = DIRECTION('',(1.,0.,0.));
#1253 = ORIENTED_EDGE('',*,*,#1254,.T.);
#1254 = EDGE_CURVE('',#1247,#714,#1255,.T.);
#1255 = B_SPLINE_CURVE_WITH_KNOTS('',1,(#1256,#1257),.UNSPECIFIED.,.F.,
  .F.,(2,2),(0.,1.),.PIECEWISE_BEZIER_KNOTS.);
#1256 = CARTESIAN_POINT('',(114.5,-44.39,2.));
#1257 = CARTESIAN_POINT('',(85.,-44.39,51.));
#1258 = ORIENTED_EDGE('',*,*,#713,.T.);
#1259 = B_SPLINE_SURFACE_WITH_KNOTS('',1,1,(
    (#1260,#1261)
    ,(#1262,#1263
    )),.UNSPECIFIED.,.F.,.F.,.F.,(2,2),(2,2),(0.,229.),(0.,1.),
  .PIECEWISE_BEZIER_KNOTS.);
#1260 = CARTESIAN_POINT('',(-114.5,-44.39,2.));
#1261 = CARTESIAN_POINT('',(-85.,-44.39,51.));
#1262 = CARTESIAN_POINT('',(114.5,-44.39,2.));
#1263 = CARTESIAN_POINT('',(85.,-44.39,51.));
#1264 = ADVANCED_FACE('',(#1265),#1282,.F.);
#1265 = FACE_BOUND('',#1266,.F.);
#1266 = EDGE_LOOP('',(#1267,#1274,#1280,#1281));
#1267 = ORIENTED_EDGE('',*,*,#1268,.F.);
#1268 = EDGE_CURVE('',#1269,#730,#1271,.T.);
#1269 = VERTEX_POINT('',#1270);
#1270 = CARTESIAN_POINT('',(-114.5,95.5,2.));
#1271 = B_SPLINE_CURVE_WITH_KNOTS('',1,(#1272,#1273),.UNSPECIFIED.,.F.,
  .F.,(2,2),(0.,1.),.PIECEWISE_BEZIER_KNOTS.);
#1272 = CARTESIAN_POINT('',(-114.5,95.5,2.));
#1273 = CARTESIAN_POINT('',(-85.,56.,51.));
#1274 = ORIENTED_EDGE('',*,*,#1275,.T.);
#1275 = EDGE_CURVE('',#1269,#1231,#1276,.T.);
#1276 = LINE('',#1277,#1278);
#1277 = CARTESIAN_POINT('',(-114.5,95.5,2.));
#1278 = VECTOR('',#1279,1.);
#1279 = DIRECTION('',(0.,-1.,0.));
#1280 = ORIENTED_EDGE('',*,*,#1230,.T.);
#1281 = ORIENTED_EDGE('',*,*,#736,.T.);
#1282 = B_SPLINE_SURFACE_WITH_KNOTS('',1,1,(
    (#1283,#1284)
    ,(#1285,#1286
    )),.UNSPECIFIED.,.F.,.F.,.F.,(2,2),(2,2),(0.,139.89),(0.,1.),
  .PIECEWISE_BEZIER_KNOTS.);
#1283 = CARTESIAN_POINT('',(-114.5,95.5,2.));
#1284 = CARTESIAN_POINT('',(-85.,56.,51.));
#1285 = CARTESIAN_POINT('',(-114.5,-44.39,2.));
#1286 = CARTESIAN_POINT('',(-85.,-44.39,51.));
#1287 = ADVANCED_FACE('',(#1288),#1305,.F.);
#1288 = FACE_BOUND('',#1289,.F.);
#1289 = EDGE_LOOP('',(#1290,#1297,#1303,#1304));
#1290 = ORIENTED_EDGE('',*,*,#1291,.F.);
#1291 = EDGE_CURVE('',#1292,#723,#1294,.T.);
#1292 = VERTEX_POINT('',#1293);
#1293 = CARTESIAN_POINT('',(114.5,95.5,2.));
#1294 = B_SPLINE_CURVE_WITH_KNOTS('',1,(#1295,#1296),.UNSPECIFIED.,.F.,
  .F.,(2,2),(0.,1.),.PIECEWISE_BEZIER_KNOTS.);
#1295 = CARTESIAN_POINT('',(114.5,95.5,2.));
#1296 = CARTESIAN_POINT('',(85.,56.,51.));
#1297 = ORIENTED_EDGE('',*,*,#1298,.T.);
#1298 = EDGE_CURVE('',#1292,#1269,#1299,.T.);
#1299 = LINE('',#1300,#1301);
#1300 = CARTESIAN_POINT('',(114.5,95.5,2.));
#1301 = VECTOR('',#1302,1.);
#1302 = DIRECTION('',(-1.,0.,0.));
#1303 = ORIENTED_EDGE('',*,*,#1268,.T.);
#1304 = ORIENTED_EDGE('',*,*,#729,.T.);
#1305 = B_SPLINE_SURFACE_WITH_KNOTS('',1,1,(
    (#1306,#1307)
    ,(#1308,#1309
    )),.UNSPECIFIED.,.F.,.F.,.F.,(2,2),(2,2),(0.,229.),(0.,1.),
  .PIECEWISE_BEZIER_KNOTS.);
#1306 = CARTESIAN_POINT('',(114.5,95.5,2.));
#1307 = CARTESIAN_POINT('',(85.,56.,51.));
#1308 = CARTESIAN_POINT('',(-114.5,95.5,2.));
#1309 = CARTESIAN_POINT('',(-85.,56.,51.));
#1310 = ADVANCED_FACE('',(#1311),#1322,.F.);
#1311 = FACE_BOUND('',#1312,.F.);
#1312 = EDGE_LOOP('',(#1313,#1314,#1320,#1321));
#1313 = ORIENTED_EDGE('',*,*,#1254,.F.);
#1314 = ORIENTED_EDGE('',*,*,#1315,.T.);
#1315 = EDGE_CURVE('',#1247,#1292,#1316,.T.);
#1316 = LINE('',#1317,#1318);
#1317 = CARTESIAN_POINT('',(114.5,-44.39,2.));
#1318 = VECTOR('',#1319,1.);
#1319 = DIRECTION('',(0.,1.,0.));
#1320 = ORIENTED_EDGE('',*,*,#1291,.T.);
#1321 = ORIENTED_EDGE('',*,*,#722,.T.);
#1322 = B_SPLINE_SURFACE_WITH_KNOTS('',1,1,(
    (#1323,#1324)
    ,(#1325,#1326
    )),.UNSPECIFIED.,.F.,.F.,.F.,(2,2),(2,2),(0.,139.89),(0.,1.),
  .PIECEWISE_BEZIER_KNOTS.);
#1323 = CARTESIAN_POINT('',(114.5,-44.39,2.));
#1324 = CARTESIAN_POINT('',(85.,-44.39,51.));
#1325 = CARTESIAN_POINT('',(114.5,95.5,2.));
#1326 = CARTESIAN_POINT('',(85.,56.,51.));
#1327 = ADVANCED_FACE('',(#1328),#1338,.T.);
#1328 = FACE_BOUND('',#1329,.T.);
#1329 = EDGE_LOOP('',(#1330,#1331,#1332));
#1330 = ORIENTED_EDGE('',*,*,#766,.T.);
#1331 = ORIENTED_EDGE('',*,*,#797,.T.);
#1332 = ORIENTED_EDGE('',*,*,#1333,.T.);
#1333 = EDGE_CURVE('',#790,#750,#1334,.T.);
#1334 = LINE('',#1335,#1336);
#1335 = CARTESIAN_POINT('',(118.,-47.39,6.));
#1336 = VECTOR('',#1337,1.);
#1337 = DIRECTION('',(0.,0.,-1.));
#1338 = PLANE('',#1339);
#1339 = AXIS2_PLACEMENT_3D('',#1340,#1341,#1342);
#1340 = CARTESIAN_POINT('',(82.,-47.39,6.));
#1341 = DIRECTION('',(0.,1.,0.));
#1342 = DIRECTION('',(0.,0.,-1.));
#1343 = ADVANCED_FACE('',(#1344),#1362,.T.);
#1344 = FACE_BOUND('',#1345,.T.);
#1345 = EDGE_LOOP('',(#1346,#1354,#1360,#1361));
#1346 = ORIENTED_EDGE('',*,*,#1347,.T.);
#1347 = EDGE_CURVE('',#827,#1348,#1350,.T.);
#1348 = VERTEX_POINT('',#1349);
#1349 = CARTESIAN_POINT('',(118.,-109.39,2.));
#1350 = LINE('',#1351,#1352);
#1351 = CARTESIAN_POINT('',(82.,-109.39,2.));
#1352 = VECTOR('',#1353,1.);
#1353 = DIRECTION('',(1.,0.,0.));
#1354 = ORIENTED_EDGE('',*,*,#1355,.T.);
#1355 = EDGE_CURVE('',#1348,#782,#1356,.T.);
#1356 = LINE('',#1357,#1358);
#1357 = CARTESIAN_POINT('',(118.,-109.39,2.));
#1358 = VECTOR('',#1359,1.);
#1359 = DIRECTION('',(0.,0.832050294338,0.554700196225));
#1360 = ORIENTED_EDGE('',*,*,#779,.F.);
#1361 = ORIENTED_EDGE('',*,*,#834,.F.);
#1362 = PLANE('',#1363);
#1363 = AXIS2_PLACEMENT_3D('',#1364,#1365,#1366);
#1364 = CARTESIAN_POINT('',(82.,-109.39,2.));
#1365 = DIRECTION('',(0.,-0.554700196225,0.832050294338));
#1366 = DIRECTION('',(0.,0.832050294338,0.554700196225));
#1367 = ADVANCED_FACE('',(#1368),#1387,.F.);
#1368 = FACE_BOUND('',#1369,.F.);
#1369 = EDGE_LOOP('',(#1370,#1378,#1384,#1385,#1386));
#1370 = ORIENTED_EDGE('',*,*,#1371,.T.);
#1371 = EDGE_CURVE('',#750,#1372,#1374,.T.);
#1372 = VERTEX_POINT('',#1373);
#1373 = CARTESIAN_POINT('',(118.,-109.39,0.));
#1374 = LINE('',#1375,#1376);
#1375 = CARTESIAN_POINT('',(118.,-47.39,0.));
#1376 = VECTOR('',#1377,1.);
#1377 = DIRECTION('',(0.,-1.,0.));
#1378 = ORIENTED_EDGE('',*,*,#1379,.T.);
#1379 = EDGE_CURVE('',#1372,#1348,#1380,.T.);
#1380 = LINE('',#1381,#1382);
#1381 = CARTESIAN_POINT('',(118.,-109.39,0.));
#1382 = VECTOR('',#1383,1.);
#1383 = DIRECTION('',(0.,0.,1.));
#1384 = ORIENTED_EDGE('',*,*,#1355,.T.);
#1385 = ORIENTED_EDGE('',*,*,#789,.T.);
#1386 = ORIENTED_EDGE('',*,*,#1333,.T.);
#1387 = PLANE('',#1388);
#1388 = AXIS2_PLACEMENT_3D('',#1389,#1390,#1391);
#1389 = CARTESIAN_POINT('',(118.,-77.7137115612,2.888981495042));
#1390 = DIRECTION('',(-1.,-0.,-0.));
#1391 = DIRECTION('',(0.,0.,-1.));
#1392 = ADVANCED_FACE('',(#1393),#1404,.T.);
#1393 = FACE_BOUND('',#1394,.T.);
#1394 = EDGE_LOOP('',(#1395,#1401,#1402,#1403));
#1395 = ORIENTED_EDGE('',*,*,#1396,.T.);
#1396 = EDGE_CURVE('',#819,#1372,#1397,.T.);
#1397 = LINE('',#1398,#1399);
#1398 = CARTESIAN_POINT('',(82.,-109.39,0.));
#1399 = VECTOR('',#1400,1.);
#1400 = DIRECTION('',(1.,0.,0.));
#1401 = ORIENTED_EDGE('',*,*,#1379,.T.);
#1402 = ORIENTED_EDGE('',*,*,#1347,.F.);
#1403 = ORIENTED_EDGE('',*,*,#826,.F.);
#1404 = PLANE('',#1405);
#1405 = AXIS2_PLACEMENT_3D('',#1406,#1407,#1408);
#1406 = CARTESIAN_POINT('',(82.,-109.39,0.));
#1407 = DIRECTION('',(0.,-1.,0.));
#1408 = DIRECTION('',(0.,0.,1.));
#1409 = ADVANCED_FACE('',(#1410),#1451,.F.);
#1410 = FACE_BOUND('',#1411,.F.);
#1411 = EDGE_LOOP('',(#1412,#1420,#1421,#1429,#1437,#1445));
#1412 = ORIENTED_EDGE('',*,*,#1413,.F.);
#1413 = EDGE_CURVE('',#976,#1414,#1416,.T.);
#1414 = VERTEX_POINT('',#1415);
#1415 = CARTESIAN_POINT('',(-66.3,-43.39,0.));
#1416 = LINE('',#1417,#1418);
#1417 = CARTESIAN_POINT('',(-96.5,-43.39,0.));
#1418 = VECTOR('',#1419,1.);
#1419 = DIRECTION('',(1.,0.,0.));
#1420 = ORIENTED_EDGE('',*,*,#983,.T.);
#1421 = ORIENTED_EDGE('',*,*,#1422,.T.);
#1422 = EDGE_CURVE('',#984,#1423,#1425,.T.);
#1423 = VERTEX_POINT('',#1424);
#1424 = CARTESIAN_POINT('',(-66.8,-43.39,2.));
#1425 = LINE('',#1426,#1427);
#1426 = CARTESIAN_POINT('',(-94.75,-43.39,2.));
#1427 = VECTOR('',#1428,1.);
#1428 = DIRECTION('',(1.,0.,0.));
#1429 = ORIENTED_EDGE('',*,*,#1430,.T.);
#1430 = EDGE_CURVE('',#1423,#1431,#1433,.T.);
#1431 = VERTEX_POINT('',#1432);
#1432 = CARTESIAN_POINT('',(-66.8,-43.39,6.));
#1433 = LINE('',#1434,#1435);
#1434 = CARTESIAN_POINT('',(-66.8,-43.39,-0.5));
#1435 = VECTOR('',#1436,1.);
#1436 = DIRECTION('',(0.,0.,1.));
#1437 = ORIENTED_EDGE('',*,*,#1438,.F.);
#1438 = EDGE_CURVE('',#1439,#1431,#1441,.T.);
#1439 = VERTEX_POINT('',#1440);
#1440 = CARTESIAN_POINT('',(-66.3,-43.39,6.));
#1441 = LINE('',#1442,#1443);
#1442 = CARTESIAN_POINT('',(-70.9,-43.39,6.));
#1443 = VECTOR('',#1444,1.);
#1444 = DIRECTION('',(-1.,0.,0.));
#1445 = ORIENTED_EDGE('',*,*,#1446,.F.);
#1446 = EDGE_CURVE('',#1414,#1439,#1447,.T.);
#1447 = LINE('',#1448,#1449);
#1448 = CARTESIAN_POINT('',(-66.3,-43.39,-1.));
#1449 = VECTOR('',#1450,1.);
#1450 = DIRECTION('',(0.,0.,1.));
#1451 = PLANE('',#1452);
#1452 = AXIS2_PLACEMENT_3D('',#1453,#1454,#1455);
#1453 = CARTESIAN_POINT('',(-75.,-43.39,-1.));
#1454 = DIRECTION('',(0.,1.,0.));
#1455 = DIRECTION('',(0.,0.,1.));
#1456 = ADVANCED_FACE('',(#1457),#1498,.F.);
#1457 = FACE_BOUND('',#1458,.F.);
#1458 = EDGE_LOOP('',(#1459,#1460,#1468,#1476,#1484,#1492));
#1459 = ORIENTED_EDGE('',*,*,#890,.F.);
#1460 = ORIENTED_EDGE('',*,*,#1461,.F.);
#1461 = EDGE_CURVE('',#1462,#883,#1464,.T.);
#1462 = VERTEX_POINT('',#1463);
#1463 = CARTESIAN_POINT('',(66.3,-43.39,0.));
#1464 = LINE('',#1465,#1466);
#1465 = CARTESIAN_POINT('',(-96.5,-43.39,0.));
#1466 = VECTOR('',#1467,1.);
#1467 = DIRECTION('',(1.,0.,0.));
#1468 = ORIENTED_EDGE('',*,*,#1469,.T.);
#1469 = EDGE_CURVE('',#1462,#1470,#1472,.T.);
#1470 = VERTEX_POINT('',#1471);
#1471 = CARTESIAN_POINT('',(66.3,-43.39,6.));
#1472 = LINE('',#1473,#1474);
#1473 = CARTESIAN_POINT('',(66.3,-43.39,-1.));
#1474 = VECTOR('',#1475,1.);
#1475 = DIRECTION('',(0.,0.,1.));
#1476 = ORIENTED_EDGE('',*,*,#1477,.F.);
#1477 = EDGE_CURVE('',#1478,#1470,#1480,.T.);
#1478 = VERTEX_POINT('',#1479);
#1479 = CARTESIAN_POINT('',(66.8,-43.39,6.));
#1480 = LINE('',#1481,#1482);
#1481 = CARTESIAN_POINT('',(-70.9,-43.39,6.));
#1482 = VECTOR('',#1483,1.);
#1483 = DIRECTION('',(-1.,0.,0.));
#1484 = ORIENTED_EDGE('',*,*,#1485,.F.);
#1485 = EDGE_CURVE('',#1486,#1478,#1488,.T.);
#1486 = VERTEX_POINT('',#1487);
#1487 = CARTESIAN_POINT('',(66.8,-43.39,2.));
#1488 = LINE('',#1489,#1490);
#1489 = CARTESIAN_POINT('',(66.8,-43.39,-0.5));
#1490 = VECTOR('',#1491,1.);
#1491 = DIRECTION('',(0.,0.,1.));
#1492 = ORIENTED_EDGE('',*,*,#1493,.T.);
#1493 = EDGE_CURVE('',#1486,#891,#1494,.T.);
#1494 = LINE('',#1495,#1496);
#1495 = CARTESIAN_POINT('',(-94.75,-43.39,2.));
#1496 = VECTOR('',#1497,1.);
#1497 = DIRECTION('',(1.,0.,0.));
#1498 = PLANE('',#1499);
#1499 = AXIS2_PLACEMENT_3D('',#1500,#1501,#1502);
#1500 = CARTESIAN_POINT('',(-75.,-43.39,-1.));
#1501 = DIRECTION('',(0.,1.,0.));
#1502 = DIRECTION('',(0.,0.,1.));
#1503 = ADVANCED_FACE('',(#1504),#1537,.F.);
#1504 = FACE_BOUND('',#1505,.F.);
#1505 = EDGE_LOOP('',(#1506,#1507,#1508,#1509,#1510,#1511,#1512,#1513,
    #1521,#1529,#1535,#1536));
#1506 = ORIENTED_EDGE('',*,*,#1237,.F.);
#1507 = ORIENTED_EDGE('',*,*,#1275,.F.);
#1508 = ORIENTED_EDGE('',*,*,#1298,.F.);
#1509 = ORIENTED_EDGE('',*,*,#1315,.F.);
#1510 = ORIENTED_EDGE('',*,*,#1246,.F.);
#1511 = ORIENTED_EDGE('',*,*,#898,.F.);
#1512 = ORIENTED_EDGE('',*,*,#1493,.F.);
#1513 = ORIENTED_EDGE('',*,*,#1514,.F.);
#1514 = EDGE_CURVE('',#1515,#1486,#1517,.T.);
#1515 = VERTEX_POINT('',#1516);
#1516 = CARTESIAN_POINT('',(66.8,45.59,2.));
#1517 = LINE('',#1518,#1519);
#1518 = CARTESIAN_POINT('',(66.8,-44.39,2.));
#1519 = VECTOR('',#1520,1.);
#1520 = DIRECTION('',(0.,-1.,0.));
#1521 = ORIENTED_EDGE('',*,*,#1522,.F.);
#1522 = EDGE_CURVE('',#1523,#1515,#1525,.T.);
#1523 = VERTEX_POINT('',#1524);
#1524 = CARTESIAN_POINT('',(-66.8,45.59,2.));
#1525 = LINE('',#1526,#1527);
#1526 = CARTESIAN_POINT('',(-90.65,45.59,2.));
#1527 = VECTOR('',#1528,1.);
#1528 = DIRECTION('',(1.,0.,0.));
#1529 = ORIENTED_EDGE('',*,*,#1530,.T.);
#1530 = EDGE_CURVE('',#1523,#1423,#1531,.T.);
#1531 = LINE('',#1532,#1533);
#1532 = CARTESIAN_POINT('',(-66.8,-44.39,2.));
#1533 = VECTOR('',#1534,1.);
#1534 = DIRECTION('',(0.,-1.,0.));
#1535 = ORIENTED_EDGE('',*,*,#1422,.F.);
#1536 = ORIENTED_EDGE('',*,*,#991,.T.);
#1537 = PLANE('',#1538);
#1538 = AXIS2_PLACEMENT_3D('',#1539,#1540,#1541);
#1539 = CARTESIAN_POINT('',(-114.5,-44.39,2.));
#1540 = DIRECTION('',(0.,0.,-1.));
#1541 = DIRECTION('',(0.853372094661,0.521302280883,0.));
#1542 = ADVANCED_FACE('',(#1543),#1562,.F.);
#1543 = FACE_BOUND('',#1544,.F.);
#1544 = EDGE_LOOP('',(#1545,#1554,#1561));
#1545 = ORIENTED_EDGE('',*,*,#1546,.T.);
#1546 = EDGE_CURVE('',#860,#1547,#1549,.T.);
#1547 = VERTEX_POINT('',#1548);
#1548 = CARTESIAN_POINT('',(77.5,-45.4,23.1));
#1549 = CIRCLE('',#1550,3.1);
#1550 = AXIS2_PLACEMENT_3D('',#1551,#1552,#1553);
#1551 = CARTESIAN_POINT('',(77.5,-45.4,20.));
#1552 = DIRECTION('',(0.,1.,0.));
#1553 = DIRECTION('',(0.,0.,1.));
#1554 = ORIENTED_EDGE('',*,*,#1555,.T.);
#1555 = EDGE_CURVE('',#1547,#868,#1556,.T.);
#1556 = CIRCLE('',#1557,3.1);
#1557 = AXIS2_PLACEMENT_3D('',#1558,#1559,#1560);
#1558 = CARTESIAN_POINT('',(77.5,-45.4,20.));
#1559 = DIRECTION('',(0.,1.,0.));
#1560 = DIRECTION('',(0.,0.,1.));
#1561 = ORIENTED_EDGE('',*,*,#867,.T.);
#1562 = PLANE('',#1563);
#1563 = AXIS2_PLACEMENT_3D('',#1564,#1565,#1566);
#1564 = CARTESIAN_POINT('',(77.5,-45.4,20.));
#1565 = DIRECTION('',(0.,1.,0.));
#1566 = DIRECTION('',(0.,0.,1.));
#1567 = ADVANCED_FACE('',(#1568),#1587,.F.);
#1568 = FACE_BOUND('',#1569,.F.);
#1569 = EDGE_LOOP('',(#1570,#1579,#1586));
#1570 = ORIENTED_EDGE('',*,*,#1571,.T.);
#1571 = EDGE_CURVE('',#961,#1572,#1574,.T.);
#1572 = VERTEX_POINT('',#1573);
#1573 = CARTESIAN_POINT('',(-77.5,-45.4,23.1));
#1574 = CIRCLE('',#1575,3.1);
#1575 = AXIS2_PLACEMENT_3D('',#1576,#1577,#1578);
#1576 = CARTESIAN_POINT('',(-77.5,-45.4,20.));
#1577 = DIRECTION('',(0.,1.,0.));
#1578 = DIRECTION('',(0.,0.,1.));
#1579 = ORIENTED_EDGE('',*,*,#1580,.T.);
#1580 = EDGE_CURVE('',#1572,#953,#1581,.T.);
#1581 = CIRCLE('',#1582,3.1);
#1582 = AXIS2_PLACEMENT_3D('',#1583,#1584,#1585);
#1583 = CARTESIAN_POINT('',(-77.5,-45.4,20.));
#1584 = DIRECTION('',(0.,1.,0.));
#1585 = DIRECTION('',(0.,0.,1.));
#1586 = ORIENTED_EDGE('',*,*,#960,.F.);
#1587 = PLANE('',#1588);
#1588 = AXIS2_PLACEMENT_3D('',#1589,#1590,#1591);
#1589 = CARTESIAN_POINT('',(-77.5,-45.4,20.));
#1590 = DIRECTION('',(0.,1.,0.));
#1591 = DIRECTION('',(0.,0.,1.));
#1592 = ADVANCED_FACE('',(#1593),#1618,.T.);
#1593 = FACE_BOUND('',#1594,.T.);
#1594 = EDGE_LOOP('',(#1595,#1603,#1604,#1612));
#1595 = ORIENTED_EDGE('',*,*,#1596,.T.);
#1596 = EDGE_CURVE('',#1597,#1021,#1599,.T.);
#1597 = VERTEX_POINT('',#1598);
#1598 = CARTESIAN_POINT('',(-118.,-109.39,0.));
#1599 = LINE('',#1600,#1601);
#1600 = CARTESIAN_POINT('',(-118.,-109.39,0.));
#1601 = VECTOR('',#1602,1.);
#1602 = DIRECTION('',(1.,0.,0.));
#1603 = ORIENTED_EDGE('',*,*,#1028,.T.);
#1604 = ORIENTED_EDGE('',*,*,#1605,.F.);
#1605 = EDGE_CURVE('',#1606,#1029,#1608,.T.);
#1606 = VERTEX_POINT('',#1607);
#1607 = CARTESIAN_POINT('',(-118.,-109.39,2.));
#1608 = LINE('',#1609,#1610);
#1609 = CARTESIAN_POINT('',(-118.,-109.39,2.));
#1610 = VECTOR('',#1611,1.);
#1611 = DIRECTION('',(1.,0.,0.));
#1612 = ORIENTED_EDGE('',*,*,#1613,.F.);
#1613 = EDGE_CURVE('',#1597,#1606,#1614,.T.);
#1614 = LINE('',#1615,#1616);
#1615 = CARTESIAN_POINT('',(-118.,-109.39,0.));
#1616 = VECTOR('',#1617,1.);
#1617 = DIRECTION('',(0.,0.,1.));
#1618 = PLANE('',#1619);
#1619 = AXIS2_PLACEMENT_3D('',#1620,#1621,#1622);
#1620 = CARTESIAN_POINT('',(-118.,-109.39,0.));
#1621 = DIRECTION('',(0.,-1.,0.));
#1622 = DIRECTION('',(0.,0.,1.));
#1623 = ADVANCED_FACE('',(#1624),#1635,.T.);
#1624 = FACE_BOUND('',#1625,.T.);
#1625 = EDGE_LOOP('',(#1626,#1627,#1628,#1629));
#1626 = ORIENTED_EDGE('',*,*,#1605,.T.);
#1627 = ORIENTED_EDGE('',*,*,#1036,.T.);
#1628 = ORIENTED_EDGE('',*,*,#1059,.F.);
#1629 = ORIENTED_EDGE('',*,*,#1630,.F.);
#1630 = EDGE_CURVE('',#1606,#1060,#1631,.T.);
#1631 = LINE('',#1632,#1633);
#1632 = CARTESIAN_POINT('',(-118.,-109.39,2.));
#1633 = VECTOR('',#1634,1.);
#1634 = DIRECTION('',(0.,0.832050294338,0.554700196225));
#1635 = PLANE('',#1636);
#1636 = AXIS2_PLACEMENT_3D('',#1637,#1638,#1639);
#1637 = CARTESIAN_POINT('',(-118.,-109.39,2.));
#1638 = DIRECTION('',(0.,-0.554700196225,0.832050294338));
#1639 = DIRECTION('',(0.,0.832050294338,0.554700196225));
#1640 = ADVANCED_FACE('',(#1641),#1653,.T.);
#1641 = FACE_BOUND('',#1642,.T.);
#1642 = EDGE_LOOP('',(#1643,#1649,#1650,#1651,#1652));
#1643 = ORIENTED_EDGE('',*,*,#1644,.T.);
#1644 = EDGE_CURVE('',#661,#1597,#1645,.T.);
#1645 = LINE('',#1646,#1647);
#1646 = CARTESIAN_POINT('',(-118.,-47.39,0.));
#1647 = VECTOR('',#1648,1.);
#1648 = DIRECTION('',(0.,-1.,0.));
#1649 = ORIENTED_EDGE('',*,*,#1613,.T.);
#1650 = ORIENTED_EDGE('',*,*,#1630,.T.);
#1651 = ORIENTED_EDGE('',*,*,#1077,.T.);
#1652 = ORIENTED_EDGE('',*,*,#1197,.T.);
#1653 = PLANE('',#1654);
#1654 = AXIS2_PLACEMENT_3D('',#1655,#1656,#1657);
#1655 = CARTESIAN_POINT('',(-118.,-77.7137115612,2.888981495042));
#1656 = DIRECTION('',(-1.,-0.,-0.));
#1657 = DIRECTION('',(0.,0.,-1.));
#1658 = ADVANCED_FACE('',(#1659),#1684,.F.);
#1659 = FACE_BOUND('',#1660,.F.);
#1660 = EDGE_LOOP('',(#1661,#1662,#1670,#1678));
#1661 = ORIENTED_EDGE('',*,*,#1100,.F.);
#1662 = ORIENTED_EDGE('',*,*,#1663,.T.);
#1663 = EDGE_CURVE('',#1101,#1664,#1666,.T.);
#1664 = VERTEX_POINT('',#1665);
#1665 = CARTESIAN_POINT('',(-85.,-52.89,42.8));
#1666 = LINE('',#1667,#1668);
#1667 = CARTESIAN_POINT('',(-85.,-52.89,40.));
#1668 = VECTOR('',#1669,1.);
#1669 = DIRECTION('',(0.,0.,1.));
#1670 = ORIENTED_EDGE('',*,*,#1671,.T.);
#1671 = EDGE_CURVE('',#1664,#1672,#1674,.T.);
#1672 = VERTEX_POINT('',#1673);
#1673 = CARTESIAN_POINT('',(-80.5,-52.89,42.8));
#1674 = LINE('',#1675,#1676);
#1675 = CARTESIAN_POINT('',(-85.1,-52.89,42.8));
#1676 = VECTOR('',#1677,1.);
#1677 = DIRECTION('',(1.,0.,0.));
#1678 = ORIENTED_EDGE('',*,*,#1679,.F.);
#1679 = EDGE_CURVE('',#1093,#1672,#1680,.T.);
#1680 = LINE('',#1681,#1682);
#1681 = CARTESIAN_POINT('',(-80.5,-52.89,40.));
#1682 = VECTOR('',#1683,1.);
#1683 = DIRECTION('',(0.,0.,1.));
#1684 = PLANE('',#1685);
#1685 = AXIS2_PLACEMENT_3D('',#1686,#1687,#1688);
#1686 = CARTESIAN_POINT('',(-85.,-52.89,40.));
#1687 = DIRECTION('',(0.,1.,0.));
#1688 = DIRECTION('',(0.,0.,1.));
#1689 = ADVANCED_FACE('',(#1690),#1715,.T.);
#1690 = FACE_BOUND('',#1691,.T.);
#1691 = EDGE_LOOP('',(#1692,#1700,#1708,#1714));
#1692 = ORIENTED_EDGE('',*,*,#1693,.F.);
#1693 = EDGE_CURVE('',#1694,#1672,#1696,.T.);
#1694 = VERTEX_POINT('',#1695);
#1695 = CARTESIAN_POINT('',(-80.5,-50.52247516529,42.8));
#1696 = LINE('',#1697,#1698);
#1697 = CARTESIAN_POINT('',(-80.5,-53.64,42.8));
#1698 = VECTOR('',#1699,1.);
#1699 = DIRECTION('',(0.,-1.,0.));
#1700 = ORIENTED_EDGE('',*,*,#1701,.F.);
#1701 = EDGE_CURVE('',#1702,#1694,#1704,.T.);
#1702 = VERTEX_POINT('',#1703);
#1703 = CARTESIAN_POINT('',(-85.,-50.52247516529,42.8));
#1704 = LINE('',#1705,#1706);
#1705 = CARTESIAN_POINT('',(-85.2,-50.52247516529,42.8));
#1706 = VECTOR('',#1707,1.);
#1707 = DIRECTION('',(1.,0.,0.));
#1708 = ORIENTED_EDGE('',*,*,#1709,.T.);
#1709 = EDGE_CURVE('',#1702,#1664,#1710,.T.);
#1710 = LINE('',#1711,#1712);
#1711 = CARTESIAN_POINT('',(-85.,-53.64,42.8));
#1712 = VECTOR('',#1713,1.);
#1713 = DIRECTION('',(0.,-1.,0.));
#1714 = ORIENTED_EDGE('',*,*,#1671,.T.);
#1715 = PLANE('',#1716);
#1716 = AXIS2_PLACEMENT_3D('',#1717,#1718,#1719);
#1717 = CARTESIAN_POINT('',(-85.2,-54.39,42.8));
#1718 = DIRECTION('',(0.,0.,1.));
#1719 = DIRECTION('',(1.,0.,0.));
#1720 = ADVANCED_FACE('',(#1721),#1746,.F.);
#1721 = FACE_BOUND('',#1722,.F.);
#1722 = EDGE_LOOP('',(#1723,#1724,#1732,#1740));
#1723 = ORIENTED_EDGE('',*,*,#1153,.F.);
#1724 = ORIENTED_EDGE('',*,*,#1725,.T.);
#1725 = EDGE_CURVE('',#1154,#1726,#1728,.T.);
#1726 = VERTEX_POINT('',#1727);
#1727 = CARTESIAN_POINT('',(80.5,-52.89,42.8));
#1728 = LINE('',#1729,#1730);
#1729 = CARTESIAN_POINT('',(80.5,-52.89,40.));
#1730 = VECTOR('',#1731,1.);
#1731 = DIRECTION('',(0.,0.,1.));
#1732 = ORIENTED_EDGE('',*,*,#1733,.T.);
#1733 = EDGE_CURVE('',#1726,#1734,#1736,.T.);
#1734 = VERTEX_POINT('',#1735);
#1735 = CARTESIAN_POINT('',(85.,-52.89,42.8));
#1736 = LINE('',#1737,#1738);
#1737 = CARTESIAN_POINT('',(80.4,-52.89,42.8));
#1738 = VECTOR('',#1739,1.);
#1739 = DIRECTION('',(1.,0.,0.));
#1740 = ORIENTED_EDGE('',*,*,#1741,.F.);
#1741 = EDGE_CURVE('',#1146,#1734,#1742,.T.);
#1742 = LINE('',#1743,#1744);
#1743 = CARTESIAN_POINT('',(85.,-52.89,40.));
#1744 = VECTOR('',#1745,1.);
#1745 = DIRECTION('',(0.,0.,1.));
#1746 = PLANE('',#1747);
#1747 = AXIS2_PLACEMENT_3D('',#1748,#1749,#1750);
#1748 = CARTESIAN_POINT('',(80.5,-52.89,40.));
#1749 = DIRECTION('',(0.,1.,0.));
#1750 = DIRECTION('',(0.,0.,1.));
#1751 = ADVANCED_FACE('',(#1752),#1777,.T.);
#1752 = FACE_BOUND('',#1753,.T.);
#1753 = EDGE_LOOP('',(#1754,#1762,#1770,#1776));
#1754 = ORIENTED_EDGE('',*,*,#1755,.F.);
#1755 = EDGE_CURVE('',#1756,#1734,#1758,.T.);
#1756 = VERTEX_POINT('',#1757);
#1757 = CARTESIAN_POINT('',(85.,-50.52247516529,42.8));
#1758 = LINE('',#1759,#1760);
#1759 = CARTESIAN_POINT('',(85.,-53.64,42.8));
#1760 = VECTOR('',#1761,1.);
#1761 = DIRECTION('',(0.,-1.,0.));
#1762 = ORIENTED_EDGE('',*,*,#1763,.F.);
#1763 = EDGE_CURVE('',#1764,#1756,#1766,.T.);
#1764 = VERTEX_POINT('',#1765);
#1765 = CARTESIAN_POINT('',(80.5,-50.52247516529,42.8));
#1766 = LINE('',#1767,#1768);
#1767 = CARTESIAN_POINT('',(80.3,-50.52247516529,42.8));
#1768 = VECTOR('',#1769,1.);
#1769 = DIRECTION('',(1.,0.,0.));
#1770 = ORIENTED_EDGE('',*,*,#1771,.T.);
#1771 = EDGE_CURVE('',#1764,#1726,#1772,.T.);
#1772 = LINE('',#1773,#1774);
#1773 = CARTESIAN_POINT('',(80.5,-53.64,42.8));
#1774 = VECTOR('',#1775,1.);
#1775 = DIRECTION('',(0.,-1.,0.));
#1776 = ORIENTED_EDGE('',*,*,#1733,.T.);
#1777 = PLANE('',#1778);
#1778 = AXIS2_PLACEMENT_3D('',#1779,#1780,#1781);
#1779 = CARTESIAN_POINT('',(80.3,-54.39,42.8));
#1780 = DIRECTION('',(0.,0.,1.));
#1781 = DIRECTION('',(1.,0.,0.));
#1782 = ADVANCED_FACE('',(#1783),#1808,.F.);
#1783 = FACE_BOUND('',#1784,.F.);
#1784 = EDGE_LOOP('',(#1785,#1795,#1801,#1802));
#1785 = ORIENTED_EDGE('',*,*,#1786,.F.);
#1786 = EDGE_CURVE('',#1787,#1789,#1791,.T.);
#1787 = VERTEX_POINT('',#1788);
#1788 = CARTESIAN_POINT('',(-64.3,-41.39,0.));
#1789 = VERTEX_POINT('',#1790);
#1790 = CARTESIAN_POINT('',(-64.3,-41.39,6.));
#1791 = LINE('',#1792,#1793);
#1792 = CARTESIAN_POINT('',(-64.3,-41.39,-1.));
#1793 = VECTOR('',#1794,1.);
#1794 = DIRECTION('',(0.,0.,1.));
#1795 = ORIENTED_EDGE('',*,*,#1796,.F.);
#1796 = EDGE_CURVE('',#1414,#1787,#1797,.T.);
#1797 = LINE('',#1798,#1799);
#1798 = CARTESIAN_POINT('',(-80.725,-57.815,1.110223024625E-16));
#1799 = VECTOR('',#1800,1.);
#1800 = DIRECTION('',(0.707106781187,0.707106781187,0.));
#1801 = ORIENTED_EDGE('',*,*,#1446,.T.);
#1802 = ORIENTED_EDGE('',*,*,#1803,.F.);
#1803 = EDGE_CURVE('',#1789,#1439,#1804,.T.);
#1804 = LINE('',#1805,#1806);
#1805 = CARTESIAN_POINT('',(-67.175,-44.265,6.));
#1806 = VECTOR('',#1807,1.);
#1807 = DIRECTION('',(-0.707106781187,-0.707106781187,0.));
#1808 = PLANE('',#1809);
#1809 = AXIS2_PLACEMENT_3D('',#1810,#1811,#1812);
#1810 = CARTESIAN_POINT('',(-67.3,-44.39,-1.));
#1811 = DIRECTION('',(-0.707106781187,0.707106781187,0.));
#1812 = DIRECTION('',(0.707106781187,0.707106781187,0.));
#1813 = ADVANCED_FACE('',(#1814),#1903,.T.);
#1814 = FACE_BOUND('',#1815,.T.);
#1815 = EDGE_LOOP('',(#1816,#1817,#1825,#1833,#1841,#1849,#1857,#1865,
    #1871,#1872,#1873,#1881,#1889,#1897));
#1816 = ORIENTED_EDGE('',*,*,#1477,.F.);
#1817 = ORIENTED_EDGE('',*,*,#1818,.T.);
#1818 = EDGE_CURVE('',#1478,#1819,#1821,.T.);
#1819 = VERTEX_POINT('',#1820);
#1820 = CARTESIAN_POINT('',(66.8,45.59,6.));
#1821 = LINE('',#1822,#1823);
#1822 = CARTESIAN_POINT('',(66.8,-44.39,6.));
#1823 = VECTOR('',#1824,1.);
#1824 = DIRECTION('',(0.,1.,0.));
#1825 = ORIENTED_EDGE('',*,*,#1826,.F.);
#1826 = EDGE_CURVE('',#1827,#1819,#1829,.T.);
#1827 = VERTEX_POINT('',#1828);
#1828 = CARTESIAN_POINT('',(-51.59,45.59,6.));
#1829 = LINE('',#1830,#1831);
#1830 = CARTESIAN_POINT('',(-66.8,45.59,6.));
#1831 = VECTOR('',#1832,1.);
#1832 = DIRECTION('',(1.,0.,0.));
#1833 = ORIENTED_EDGE('',*,*,#1834,.F.);
#1834 = EDGE_CURVE('',#1835,#1827,#1837,.T.);
#1835 = VERTEX_POINT('',#1836);
#1836 = CARTESIAN_POINT('',(-50.,44.,6.));
#1837 = LINE('',#1838,#1839);
#1838 = CARTESIAN_POINT('',(-50.,44.,6.));
#1839 = VECTOR('',#1840,1.);
#1840 = DIRECTION('',(-0.707106781187,0.707106781187,0.));
#1841 = ORIENTED_EDGE('',*,*,#1842,.F.);
#1842 = EDGE_CURVE('',#1843,#1835,#1845,.T.);
#1843 = VERTEX_POINT('',#1844);
#1844 = CARTESIAN_POINT('',(-58.,44.,6.));
#1845 = LINE('',#1846,#1847);
#1846 = CARTESIAN_POINT('',(-58.,44.,6.));
#1847 = VECTOR('',#1848,1.);
#1848 = DIRECTION('',(1.,0.,0.));
#1849 = ORIENTED_EDGE('',*,*,#1850,.F.);
#1850 = EDGE_CURVE('',#1851,#1843,#1853,.T.);
#1851 = VERTEX_POINT('',#1852);
#1852 = CARTESIAN_POINT('',(-56.41,45.59,6.));
#1853 = LINE('',#1854,#1855);
#1854 = CARTESIAN_POINT('',(-54.,48.,6.));
#1855 = VECTOR('',#1856,1.);
#1856 = DIRECTION('',(-0.707106781187,-0.707106781187,0.));
#1857 = ORIENTED_EDGE('',*,*,#1858,.F.);
#1858 = EDGE_CURVE('',#1859,#1851,#1861,.T.);
#1859 = VERTEX_POINT('',#1860);
#1860 = CARTESIAN_POINT('',(-66.8,45.59,6.));
#1861 = LINE('',#1862,#1863);
#1862 = CARTESIAN_POINT('',(-66.8,45.59,6.));
#1863 = VECTOR('',#1864,1.);
#1864 = DIRECTION('',(1.,0.,0.));
#1865 = ORIENTED_EDGE('',*,*,#1866,.F.);
#1866 = EDGE_CURVE('',#1431,#1859,#1867,.T.);
#1867 = LINE('',#1868,#1869);
#1868 = CARTESIAN_POINT('',(-66.8,-44.39,6.));
#1869 = VECTOR('',#1870,1.);
#1870 = DIRECTION('',(0.,1.,0.));
#1871 = ORIENTED_EDGE('',*,*,#1438,.F.);
#1872 = ORIENTED_EDGE('',*,*,#1803,.F.);
#1873 = ORIENTED_EDGE('',*,*,#1874,.T.);
#1874 = EDGE_CURVE('',#1789,#1875,#1877,.T.);
#1875 = VERTEX_POINT('',#1876);
#1876 = CARTESIAN_POINT('',(-64.3,43.09,6.));
#1877 = LINE('',#1878,#1879);
#1878 = CARTESIAN_POINT('',(-64.3,-46.39,6.));
#1879 = VECTOR('',#1880,1.);
#1880 = DIRECTION('',(0.,1.,0.));
#1881 = ORIENTED_EDGE('',*,*,#1882,.F.);
#1882 = EDGE_CURVE('',#1883,#1875,#1885,.T.);
#1883 = VERTEX_POINT('',#1884);
#1884 = CARTESIAN_POINT('',(64.3,43.09,6.));
#1885 = LINE('',#1886,#1887);
#1886 = CARTESIAN_POINT('',(-65.55,43.09,6.));
#1887 = VECTOR('',#1888,1.);
#1888 = DIRECTION('',(-1.,0.,0.));
#1889 = ORIENTED_EDGE('',*,*,#1890,.F.);
#1890 = EDGE_CURVE('',#1891,#1883,#1893,.T.);
#1891 = VERTEX_POINT('',#1892);
#1892 = CARTESIAN_POINT('',(64.3,-41.39,6.));
#1893 = LINE('',#1894,#1895);
#1894 = CARTESIAN_POINT('',(64.3,-46.39,6.));
#1895 = VECTOR('',#1896,1.);
#1896 = DIRECTION('',(0.,1.,0.));
#1897 = ORIENTED_EDGE('',*,*,#1898,.T.);
#1898 = EDGE_CURVE('',#1891,#1470,#1899,.T.);
#1899 = LINE('',#1900,#1901);
#1900 = CARTESIAN_POINT('',(33.775,-10.865,6.));
#1901 = VECTOR('',#1902,1.);
#1902 = DIRECTION('',(0.707106781187,-0.707106781187,0.));
#1903 = PLANE('',#1904);
#1904 = AXIS2_PLACEMENT_3D('',#1905,#1906,#1907);
#1905 = CARTESIAN_POINT('',(-66.8,-44.39,6.));
#1906 = DIRECTION('',(0.,0.,1.));
#1907 = DIRECTION('',(1.,0.,0.));
#1908 = ADVANCED_FACE('',(#1909),#1920,.F.);
#1909 = FACE_BOUND('',#1910,.F.);
#1910 = EDGE_LOOP('',(#1911,#1912,#1913,#1919));
#1911 = ORIENTED_EDGE('',*,*,#1430,.F.);
#1912 = ORIENTED_EDGE('',*,*,#1530,.F.);
#1913 = ORIENTED_EDGE('',*,*,#1914,.T.);
#1914 = EDGE_CURVE('',#1523,#1859,#1915,.T.);
#1915 = LINE('',#1916,#1917);
#1916 = CARTESIAN_POINT('',(-66.8,45.59,0.));
#1917 = VECTOR('',#1918,1.);
#1918 = DIRECTION('',(0.,0.,1.));
#1919 = ORIENTED_EDGE('',*,*,#1866,.F.);
#1920 = PLANE('',#1921);
#1921 = AXIS2_PLACEMENT_3D('',#1922,#1923,#1924);
#1922 = CARTESIAN_POINT('',(-66.8,-44.39,0.));
#1923 = DIRECTION('',(1.,0.,0.));
#1924 = DIRECTION('',(0.,0.,1.));
#1925 = ADVANCED_FACE('',(#1926),#1944,.T.);
#1926 = FACE_BOUND('',#1927,.T.);
#1927 = EDGE_LOOP('',(#1928,#1936,#1942,#1943));
#1928 = ORIENTED_EDGE('',*,*,#1929,.F.);
#1929 = EDGE_CURVE('',#1930,#1891,#1932,.T.);
#1930 = VERTEX_POINT('',#1931);
#1931 = CARTESIAN_POINT('',(64.3,-41.39,0.));
#1932 = LINE('',#1933,#1934);
#1933 = CARTESIAN_POINT('',(64.3,-41.39,-1.));
#1934 = VECTOR('',#1935,1.);
#1935 = DIRECTION('',(0.,0.,1.));
#1936 = ORIENTED_EDGE('',*,*,#1937,.F.);
#1937 = EDGE_CURVE('',#1462,#1930,#1938,.T.);
#1938 = LINE('',#1939,#1940);
#1939 = CARTESIAN_POINT('',(21.725,1.185,1.110223024625E-16));
#1940 = VECTOR('',#1941,1.);
#1941 = DIRECTION('',(-0.707106781187,0.707106781187,0.));
#1942 = ORIENTED_EDGE('',*,*,#1469,.T.);
#1943 = ORIENTED_EDGE('',*,*,#1898,.F.);
#1944 = PLANE('',#1945);
#1945 = AXIS2_PLACEMENT_3D('',#1946,#1947,#1948);
#1946 = CARTESIAN_POINT('',(67.3,-44.39,-1.));
#1947 = DIRECTION('',(-0.707106781187,-0.707106781187,0.));
#1948 = DIRECTION('',(-0.707106781187,0.707106781187,0.));
#1949 = ADVANCED_FACE('',(#1950),#1961,.T.);
#1950 = FACE_BOUND('',#1951,.T.);
#1951 = EDGE_LOOP('',(#1952,#1953,#1954,#1960));
#1952 = ORIENTED_EDGE('',*,*,#1485,.F.);
#1953 = ORIENTED_EDGE('',*,*,#1514,.F.);
#1954 = ORIENTED_EDGE('',*,*,#1955,.T.);
#1955 = EDGE_CURVE('',#1515,#1819,#1956,.T.);
#1956 = LINE('',#1957,#1958);
#1957 = CARTESIAN_POINT('',(66.8,45.59,0.));
#1958 = VECTOR('',#1959,1.);
#1959 = DIRECTION('',(0.,0.,1.));
#1960 = ORIENTED_EDGE('',*,*,#1818,.F.);
#1961 = PLANE('',#1962);
#1962 = AXIS2_PLACEMENT_3D('',#1963,#1964,#1965);
#1963 = CARTESIAN_POINT('',(66.8,-44.39,0.));
#1964 = DIRECTION('',(1.,0.,0.));
#1965 = DIRECTION('',(0.,0.,1.));
#1966 = ADVANCED_FACE('',(#1967),#1980,.T.);
#1967 = FACE_BOUND('',#1968,.T.);
#1968 = EDGE_LOOP('',(#1969,#1970,#1971,#1972,#1978,#1979));
#1969 = ORIENTED_EDGE('',*,*,#1522,.F.);
#1970 = ORIENTED_EDGE('',*,*,#1914,.T.);
#1971 = ORIENTED_EDGE('',*,*,#1858,.T.);
#1972 = ORIENTED_EDGE('',*,*,#1973,.T.);
#1973 = EDGE_CURVE('',#1851,#1827,#1974,.T.);
#1974 = LINE('',#1975,#1976);
#1975 = CARTESIAN_POINT('',(-66.8,45.59,6.));
#1976 = VECTOR('',#1977,1.);
#1977 = DIRECTION('',(1.,0.,0.));
#1978 = ORIENTED_EDGE('',*,*,#1826,.T.);
#1979 = ORIENTED_EDGE('',*,*,#1955,.F.);
#1980 = PLANE('',#1981);
#1981 = AXIS2_PLACEMENT_3D('',#1982,#1983,#1984);
#1982 = CARTESIAN_POINT('',(-66.8,45.59,0.));
#1983 = DIRECTION('',(0.,1.,0.));
#1984 = DIRECTION('',(0.,0.,1.));
#1985 = ADVANCED_FACE('',(#1986),#2019,.F.);
#1986 = FACE_BOUND('',#1987,.F.);
#1987 = EDGE_LOOP('',(#1988,#1998,#2006,#2012,#2013));
#1988 = ORIENTED_EDGE('',*,*,#1989,.T.);
#1989 = EDGE_CURVE('',#1990,#1992,#1994,.T.);
#1990 = VERTEX_POINT('',#1991);
#1991 = CARTESIAN_POINT('',(-54.,48.,6.));
#1992 = VERTEX_POINT('',#1993);
#1993 = CARTESIAN_POINT('',(-54.,48.,7.));
#1994 = LINE('',#1995,#1996);
#1995 = CARTESIAN_POINT('',(-54.,48.,6.));
#1996 = VECTOR('',#1997,1.);
#1997 = DIRECTION('',(0.,0.,1.));
#1998 = ORIENTED_EDGE('',*,*,#1999,.T.);
#1999 = EDGE_CURVE('',#1992,#2000,#2002,.T.);
#2000 = VERTEX_POINT('',#2001);
#2001 = CARTESIAN_POINT('',(-58.,44.,7.));
#2002 = LINE('',#2003,#2004);
#2003 = CARTESIAN_POINT('',(-54.,48.,7.));
#2004 = VECTOR('',#2005,1.);
#2005 = DIRECTION('',(-0.707106781187,-0.707106781187,0.));
#2006 = ORIENTED_EDGE('',*,*,#2007,.F.);
#2007 = EDGE_CURVE('',#1843,#2000,#2008,.T.);
#2008 = LINE('',#2009,#2010);
#2009 = CARTESIAN_POINT('',(-58.,44.,6.));
#2010 = VECTOR('',#2011,1.);
#2011 = DIRECTION('',(0.,0.,1.));
#2012 = ORIENTED_EDGE('',*,*,#1850,.F.);
#2013 = ORIENTED_EDGE('',*,*,#2014,.F.);
#2014 = EDGE_CURVE('',#1990,#1851,#2015,.T.);
#2015 = LINE('',#2016,#2017);
#2016 = CARTESIAN_POINT('',(-54.,48.,6.));
#2017 = VECTOR('',#2018,1.);
#2018 = DIRECTION('',(-0.707106781187,-0.707106781187,0.));
#2019 = PLANE('',#2020);
#2020 = AXIS2_PLACEMENT_3D('',#2021,#2022,#2023);
#2021 = CARTESIAN_POINT('',(-54.,48.,6.));
#2022 = DIRECTION('',(0.707106781187,-0.707106781187,0.));
#2023 = DIRECTION('',(-0.707106781187,-0.707106781187,0.));
#2024 = ADVANCED_FACE('',(#2025),#2043,.F.);
#2025 = FACE_BOUND('',#2026,.F.);
#2026 = EDGE_LOOP('',(#2027,#2028,#2036,#2042));
#2027 = ORIENTED_EDGE('',*,*,#2007,.T.);
#2028 = ORIENTED_EDGE('',*,*,#2029,.T.);
#2029 = EDGE_CURVE('',#2000,#2030,#2032,.T.);
#2030 = VERTEX_POINT('',#2031);
#2031 = CARTESIAN_POINT('',(-50.,44.,7.));
#2032 = LINE('',#2033,#2034);
#2033 = CARTESIAN_POINT('',(-58.,44.,7.));
#2034 = VECTOR('',#2035,1.);
#2035 = DIRECTION('',(1.,0.,0.));
#2036 = ORIENTED_EDGE('',*,*,#2037,.F.);
#2037 = EDGE_CURVE('',#1835,#2030,#2038,.T.);
#2038 = LINE('',#2039,#2040);
#2039 = CARTESIAN_POINT('',(-50.,44.,6.));
#2040 = VECTOR('',#2041,1.);
#2041 = DIRECTION('',(0.,0.,1.));
#2042 = ORIENTED_EDGE('',*,*,#1842,.F.);
#2043 = PLANE('',#2044);
#2044 = AXIS2_PLACEMENT_3D('',#2045,#2046,#2047);
#2045 = CARTESIAN_POINT('',(-58.,44.,6.));
#2046 = DIRECTION('',(0.,1.,0.));
#2047 = DIRECTION('',(1.,0.,0.));
#2048 = ADVANCED_FACE('',(#2049),#2066,.F.);
#2049 = FACE_BOUND('',#2050,.F.);
#2050 = EDGE_LOOP('',(#2051,#2052,#2058,#2059,#2065));
#2051 = ORIENTED_EDGE('',*,*,#2037,.T.);
#2052 = ORIENTED_EDGE('',*,*,#2053,.T.);
#2053 = EDGE_CURVE('',#2030,#1992,#2054,.T.);
#2054 = LINE('',#2055,#2056);
#2055 = CARTESIAN_POINT('',(-50.,44.,7.));
#2056 = VECTOR('',#2057,1.);
#2057 = DIRECTION('',(-0.707106781187,0.707106781187,0.));
#2058 = ORIENTED_EDGE('',*,*,#1989,.F.);
#2059 = ORIENTED_EDGE('',*,*,#2060,.F.);
#2060 = EDGE_CURVE('',#1827,#1990,#2061,.T.);
#2061 = LINE('',#2062,#2063);
#2062 = CARTESIAN_POINT('',(-50.,44.,6.));
#2063 = VECTOR('',#2064,1.);
#2064 = DIRECTION('',(-0.707106781187,0.707106781187,0.));
#2065 = ORIENTED_EDGE('',*,*,#1834,.F.);
#2066 = PLANE('',#2067);
#2067 = AXIS2_PLACEMENT_3D('',#2068,#2069,#2070);
#2068 = CARTESIAN_POINT('',(-50.,44.,6.));
#2069 = DIRECTION('',(-0.707106781187,-0.707106781187,0.));
#2070 = DIRECTION('',(-0.707106781187,0.707106781187,0.));
#2071 = ADVANCED_FACE('',(#2072),#2077,.F.);
#2072 = FACE_BOUND('',#2073,.F.);
#2073 = EDGE_LOOP('',(#2074,#2075,#2076));
#2074 = ORIENTED_EDGE('',*,*,#2014,.T.);
#2075 = ORIENTED_EDGE('',*,*,#1973,.T.);
#2076 = ORIENTED_EDGE('',*,*,#2060,.T.);
#2077 = PLANE('',#2078);
#2078 = AXIS2_PLACEMENT_3D('',#2079,#2080,#2081);
#2079 = CARTESIAN_POINT('',(-54.,45.171572875254,6.));
#2080 = DIRECTION('',(0.,0.,1.));
#2081 = DIRECTION('',(1.,0.,0.));
#2082 = ADVANCED_FACE('',(#2083),#2088,.T.);
#2083 = FACE_BOUND('',#2084,.T.);
#2084 = EDGE_LOOP('',(#2085,#2086,#2087));
#2085 = ORIENTED_EDGE('',*,*,#2029,.T.);
#2086 = ORIENTED_EDGE('',*,*,#2053,.T.);
#2087 = ORIENTED_EDGE('',*,*,#1999,.T.);
#2088 = PLANE('',#2089);
#2089 = AXIS2_PLACEMENT_3D('',#2090,#2091,#2092);
#2090 = CARTESIAN_POINT('',(-54.,45.171572875254,7.));
#2091 = DIRECTION('',(0.,0.,1.));
#2092 = DIRECTION('',(1.,0.,0.));
#2093 = ADVANCED_FACE('',(#2094),#2135,.T.);
#2094 = FACE_BOUND('',#2095,.T.);
#2095 = EDGE_LOOP('',(#2096,#2097,#2098,#2099,#2100,#2101,#2102,#2103,
    #2104,#2105,#2106,#2107,#2108,#2109,#2110,#2118,#2126,#2132,#2133,
    #2134));
#2096 = ORIENTED_EDGE('',*,*,#188,.F.);
#2097 = ORIENTED_EDGE('',*,*,#1020,.T.);
#2098 = ORIENTED_EDGE('',*,*,#1596,.F.);
#2099 = ORIENTED_EDGE('',*,*,#1644,.F.);
#2100 = ORIENTED_EDGE('',*,*,#658,.F.);
#2101 = ORIENTED_EDGE('',*,*,#1213,.F.);
#2102 = ORIENTED_EDGE('',*,*,#749,.F.);
#2103 = ORIENTED_EDGE('',*,*,#1371,.T.);
#2104 = ORIENTED_EDGE('',*,*,#1396,.F.);
#2105 = ORIENTED_EDGE('',*,*,#818,.F.);
#2106 = ORIENTED_EDGE('',*,*,#545,.F.);
#2107 = ORIENTED_EDGE('',*,*,#882,.F.);
#2108 = ORIENTED_EDGE('',*,*,#1461,.F.);
#2109 = ORIENTED_EDGE('',*,*,#1937,.T.);
#2110 = ORIENTED_EDGE('',*,*,#2111,.F.);
#2111 = EDGE_CURVE('',#2112,#1930,#2114,.T.);
#2112 = VERTEX_POINT('',#2113);
#2113 = CARTESIAN_POINT('',(64.3,43.09,0.));
#2114 = LINE('',#2115,#2116);
#2115 = CARTESIAN_POINT('',(64.3,-47.89,0.));
#2116 = VECTOR('',#2117,1.);
#2117 = DIRECTION('',(0.,-1.,0.));
#2118 = ORIENTED_EDGE('',*,*,#2119,.F.);
#2119 = EDGE_CURVE('',#2120,#2112,#2122,.T.);
#2120 = VERTEX_POINT('',#2121);
#2121 = CARTESIAN_POINT('',(-64.3,43.09,0.));
#2122 = LINE('',#2123,#2124);
#2123 = CARTESIAN_POINT('',(-91.15,43.09,0.));
#2124 = VECTOR('',#2125,1.);
#2125 = DIRECTION('',(1.,0.,0.));
#2126 = ORIENTED_EDGE('',*,*,#2127,.T.);
#2127 = EDGE_CURVE('',#2120,#1787,#2128,.T.);
#2128 = LINE('',#2129,#2130);
#2129 = CARTESIAN_POINT('',(-64.3,-47.89,0.));
#2130 = VECTOR('',#2131,1.);
#2131 = DIRECTION('',(0.,-1.,0.));
#2132 = ORIENTED_EDGE('',*,*,#1796,.F.);
#2133 = ORIENTED_EDGE('',*,*,#1413,.F.);
#2134 = ORIENTED_EDGE('',*,*,#975,.T.);
#2135 = PLANE('',#2136);
#2136 = AXIS2_PLACEMENT_3D('',#2137,#2138,#2139);
#2137 = CARTESIAN_POINT('',(0.,6.098738487052,5.271433957824E-19));
#2138 = DIRECTION('',(-0.,-0.,-1.));
#2139 = DIRECTION('',(-1.,0.,0.));
#2140 = ADVANCED_FACE('',(#2141),#2166,.T.);
#2141 = FACE_BOUND('',#2142,.T.);
#2142 = EDGE_LOOP('',(#2143,#2144,#2145,#2146,#2155,#2162,#2163,#2164,
    #2165));
#2143 = ORIENTED_EDGE('',*,*,#1108,.T.);
#2144 = ORIENTED_EDGE('',*,*,#1663,.T.);
#2145 = ORIENTED_EDGE('',*,*,#1709,.F.);
#2146 = ORIENTED_EDGE('',*,*,#2147,.T.);
#2147 = EDGE_CURVE('',#1702,#2148,#2150,.T.);
#2148 = VERTEX_POINT('',#2149);
#2149 = CARTESIAN_POINT('',(-85.,-49.39,45.65));
#2150 = CIRCLE('',#2151,1.65);
#2151 = AXIS2_PLACEMENT_3D('',#2152,#2153,#2154);
#2152 = CARTESIAN_POINT('',(-85.,-49.39,44.));
#2153 = DIRECTION('',(1.,0.,-0.));
#2154 = DIRECTION('',(0.,0.,1.));
#2155 = ORIENTED_EDGE('',*,*,#2156,.T.);
#2156 = EDGE_CURVE('',#2148,#103,#2157,.T.);
#2157 = CIRCLE('',#2158,1.65);
#2158 = AXIS2_PLACEMENT_3D('',#2159,#2160,#2161);
#2159 = CARTESIAN_POINT('',(-85.,-49.39,44.));
#2160 = DIRECTION('',(1.,0.,-0.));
#2161 = DIRECTION('',(0.,0.,1.));
#2162 = ORIENTED_EDGE('',*,*,#110,.T.);
#2163 = ORIENTED_EDGE('',*,*,#133,.T.);
#2164 = ORIENTED_EDGE('',*,*,#1122,.T.);
#2165 = ORIENTED_EDGE('',*,*,#584,.T.);
#2166 = PLANE('',#2167);
#2167 = AXIS2_PLACEMENT_3D('',#2168,#2169,#2170);
#2168 = CARTESIAN_POINT('',(-85.,-49.62718092881,42.483278205542));
#2169 = DIRECTION('',(-1.,-0.,-0.));
#2170 = DIRECTION('',(0.,0.,-1.));
#2171 = ADVANCED_FACE('',(#2172),#2197,.T.);
#2172 = FACE_BOUND('',#2173,.T.);
#2173 = EDGE_LOOP('',(#2174,#2175,#2176,#2177,#2178,#2179,#2188,#2195,
    #2196));
#2174 = ORIENTED_EDGE('',*,*,#1092,.F.);
#2175 = ORIENTED_EDGE('',*,*,#602,.T.);
#2176 = ORIENTED_EDGE('',*,*,#1129,.F.);
#2177 = ORIENTED_EDGE('',*,*,#149,.F.);
#2178 = ORIENTED_EDGE('',*,*,#92,.F.);
#2179 = ORIENTED_EDGE('',*,*,#2180,.F.);
#2180 = EDGE_CURVE('',#2181,#93,#2183,.T.);
#2181 = VERTEX_POINT('',#2182);
#2182 = CARTESIAN_POINT('',(-80.5,-49.39,45.65));
#2183 = CIRCLE('',#2184,1.65);
#2184 = AXIS2_PLACEMENT_3D('',#2185,#2186,#2187);
#2185 = CARTESIAN_POINT('',(-80.5,-49.39,44.));
#2186 = DIRECTION('',(1.,0.,-0.));
#2187 = DIRECTION('',(0.,0.,1.));
#2188 = ORIENTED_EDGE('',*,*,#2189,.F.);
#2189 = EDGE_CURVE('',#1694,#2181,#2190,.T.);
#2190 = CIRCLE('',#2191,1.65);
#2191 = AXIS2_PLACEMENT_3D('',#2192,#2193,#2194);
#2192 = CARTESIAN_POINT('',(-80.5,-49.39,44.));
#2193 = DIRECTION('',(1.,0.,-0.));
#2194 = DIRECTION('',(0.,0.,1.));
#2195 = ORIENTED_EDGE('',*,*,#1693,.T.);
#2196 = ORIENTED_EDGE('',*,*,#1679,.F.);
#2197 = PLANE('',#2198);
#2198 = AXIS2_PLACEMENT_3D('',#2199,#2200,#2201);
#2199 = CARTESIAN_POINT('',(-80.5,-49.62718092881,42.483278205542));
#2200 = DIRECTION('',(1.,0.,0.));
#2201 = DIRECTION('',(0.,0.,1.));
#2202 = ADVANCED_FACE('',(#2203),#2228,.T.);
#2203 = FACE_BOUND('',#2204,.T.);
#2204 = EDGE_LOOP('',(#2205,#2206,#2207,#2208,#2217,#2224,#2225,#2226,
    #2227));
#2205 = ORIENTED_EDGE('',*,*,#1161,.T.);
#2206 = ORIENTED_EDGE('',*,*,#1725,.T.);
#2207 = ORIENTED_EDGE('',*,*,#1771,.F.);
#2208 = ORIENTED_EDGE('',*,*,#2209,.T.);
#2209 = EDGE_CURVE('',#1764,#2210,#2212,.T.);
#2210 = VERTEX_POINT('',#2211);
#2211 = CARTESIAN_POINT('',(80.5,-49.39,45.65));
#2212 = CIRCLE('',#2213,1.65);
#2213 = AXIS2_PLACEMENT_3D('',#2214,#2215,#2216);
#2214 = CARTESIAN_POINT('',(80.5,-49.39,44.));
#2215 = DIRECTION('',(1.,0.,-0.));
#2216 = DIRECTION('',(0.,0.,1.));
#2217 = ORIENTED_EDGE('',*,*,#2218,.T.);
#2218 = EDGE_CURVE('',#2210,#32,#2219,.T.);
#2219 = CIRCLE('',#2220,1.65);
#2220 = AXIS2_PLACEMENT_3D('',#2221,#2222,#2223);
#2221 = CARTESIAN_POINT('',(80.5,-49.39,44.));
#2222 = DIRECTION('',(1.,0.,-0.));
#2223 = DIRECTION('',(0.,0.,1.));
#2224 = ORIENTED_EDGE('',*,*,#39,.T.);
#2225 = ORIENTED_EDGE('',*,*,#62,.T.);
#2226 = ORIENTED_EDGE('',*,*,#1175,.T.);
#2227 = ORIENTED_EDGE('',*,*,#618,.T.);
#2228 = PLANE('',#2229);
#2229 = AXIS2_PLACEMENT_3D('',#2230,#2231,#2232);
#2230 = CARTESIAN_POINT('',(80.5,-49.62718092881,42.483278205542));
#2231 = DIRECTION('',(-1.,-0.,-0.));
#2232 = DIRECTION('',(0.,0.,-1.));
#2233 = ADVANCED_FACE('',(#2234),#2259,.T.);
#2234 = FACE_BOUND('',#2235,.T.);
#2235 = EDGE_LOOP('',(#2236,#2237,#2238,#2239,#2240,#2241,#2250,#2257,
    #2258));
#2236 = ORIENTED_EDGE('',*,*,#1145,.F.);
#2237 = ORIENTED_EDGE('',*,*,#636,.T.);
#2238 = ORIENTED_EDGE('',*,*,#1182,.F.);
#2239 = ORIENTED_EDGE('',*,*,#78,.F.);
#2240 = ORIENTED_EDGE('',*,*,#21,.F.);
#2241 = ORIENTED_EDGE('',*,*,#2242,.F.);
#2242 = EDGE_CURVE('',#2243,#22,#2245,.T.);
#2243 = VERTEX_POINT('',#2244);
#2244 = CARTESIAN_POINT('',(85.,-49.39,45.65));
#2245 = CIRCLE('',#2246,1.65);
#2246 = AXIS2_PLACEMENT_3D('',#2247,#2248,#2249);
#2247 = CARTESIAN_POINT('',(85.,-49.39,44.));
#2248 = DIRECTION('',(1.,0.,-0.));
#2249 = DIRECTION('',(0.,0.,1.));
#2250 = ORIENTED_EDGE('',*,*,#2251,.F.);
#2251 = EDGE_CURVE('',#1756,#2243,#2252,.T.);
#2252 = CIRCLE('',#2253,1.65);
#2253 = AXIS2_PLACEMENT_3D('',#2254,#2255,#2256);
#2254 = CARTESIAN_POINT('',(85.,-49.39,44.));
#2255 = DIRECTION('',(1.,0.,-0.));
#2256 = DIRECTION('',(0.,0.,1.));
#2257 = ORIENTED_EDGE('',*,*,#1755,.T.);
#2258 = ORIENTED_EDGE('',*,*,#1741,.F.);
#2259 = PLANE('',#2260);
#2260 = AXIS2_PLACEMENT_3D('',#2261,#2262,#2263);
#2261 = CARTESIAN_POINT('',(85.,-49.62718092881,42.483278205542));
#2262 = DIRECTION('',(1.,0.,0.));
#2263 = DIRECTION('',(0.,0.,1.));
#2264 = ADVANCED_FACE('',(#2265),#2281,.T.);
#2265 = FACE_BOUND('',#2266,.T.);
#2266 = EDGE_LOOP('',(#2267,#2273,#2274,#2280));
#2267 = ORIENTED_EDGE('',*,*,#2268,.T.);
#2268 = EDGE_CURVE('',#2112,#1883,#2269,.T.);
#2269 = LINE('',#2270,#2271);
#2270 = CARTESIAN_POINT('',(64.3,43.09,-1.));
#2271 = VECTOR('',#2272,1.);
#2272 = DIRECTION('',(0.,0.,1.));
#2273 = ORIENTED_EDGE('',*,*,#1882,.T.);
#2274 = ORIENTED_EDGE('',*,*,#2275,.F.);
#2275 = EDGE_CURVE('',#2120,#1875,#2276,.T.);
#2276 = LINE('',#2277,#2278);
#2277 = CARTESIAN_POINT('',(-64.3,43.09,-1.));
#2278 = VECTOR('',#2279,1.);
#2279 = DIRECTION('',(0.,0.,1.));
#2280 = ORIENTED_EDGE('',*,*,#2119,.T.);
#2281 = PLANE('',#2282);
#2282 = AXIS2_PLACEMENT_3D('',#2283,#2284,#2285);
#2283 = CARTESIAN_POINT('',(-3.378509293362E-15,43.09,3.));
#2284 = DIRECTION('',(-0.,-1.,-0.));
#2285 = DIRECTION('',(0.,0.,-1.));
#2286 = ADVANCED_FACE('',(#2287),#2293,.T.);
#2287 = FACE_BOUND('',#2288,.T.);
#2288 = EDGE_LOOP('',(#2289,#2290,#2291,#2292));
#2289 = ORIENTED_EDGE('',*,*,#2111,.T.);
#2290 = ORIENTED_EDGE('',*,*,#1929,.T.);
#2291 = ORIENTED_EDGE('',*,*,#1890,.T.);
#2292 = ORIENTED_EDGE('',*,*,#2268,.F.);
#2293 = PLANE('',#2294);
#2294 = AXIS2_PLACEMENT_3D('',#2295,#2296,#2297);
#2295 = CARTESIAN_POINT('',(64.3,0.85,3.));
#2296 = DIRECTION('',(-1.,-0.,-2.278570084915E-15));
#2297 = DIRECTION('',(2.278570084915E-15,0.,-1.));
#2298 = ADVANCED_FACE('',(#2299),#2305,.T.);
#2299 = FACE_BOUND('',#2300,.T.);
#2300 = EDGE_LOOP('',(#2301,#2302,#2303,#2304));
#2301 = ORIENTED_EDGE('',*,*,#2127,.F.);
#2302 = ORIENTED_EDGE('',*,*,#2275,.T.);
#2303 = ORIENTED_EDGE('',*,*,#1874,.F.);
#2304 = ORIENTED_EDGE('',*,*,#1786,.F.);
#2305 = PLANE('',#2306);
#2306 = AXIS2_PLACEMENT_3D('',#2307,#2308,#2309);
#2307 = CARTESIAN_POINT('',(-64.3,0.85,3.));
#2308 = DIRECTION('',(1.,0.,0.));
#2309 = DIRECTION('',(0.,0.,1.));
#2310 = ADVANCED_FACE('',(#2311),#2319,.F.);
#2311 = FACE_BOUND('',#2312,.F.);
#2312 = EDGE_LOOP('',(#2313,#2314,#2315,#2316,#2317,#2318));
#2313 = ORIENTED_EDGE('',*,*,#859,.F.);
#2314 = ORIENTED_EDGE('',*,*,#425,.T.);
#2315 = ORIENTED_EDGE('',*,*,#460,.T.);
#2316 = ORIENTED_EDGE('',*,*,#875,.T.);
#2317 = ORIENTED_EDGE('',*,*,#1555,.F.);
#2318 = ORIENTED_EDGE('',*,*,#1546,.F.);
#2319 = CYLINDRICAL_SURFACE('',#2320,3.1);
#2320 = AXIS2_PLACEMENT_3D('',#2321,#2322,#2323);
#2321 = CARTESIAN_POINT('',(77.5,-47.4,20.));
#2322 = DIRECTION('',(0.,1.,0.));
#2323 = DIRECTION('',(0.,0.,1.));
#2324 = ADVANCED_FACE('',(#2325),#2334,.F.);
#2325 = FACE_BOUND('',#2326,.F.);
#2326 = EDGE_LOOP('',(#2327,#2328,#2329,#2330,#2331,#2332,#2333));
#2327 = ORIENTED_EDGE('',*,*,#968,.F.);
#2328 = ORIENTED_EDGE('',*,*,#211,.T.);
#2329 = ORIENTED_EDGE('',*,*,#281,.T.);
#2330 = ORIENTED_EDGE('',*,*,#318,.T.);
#2331 = ORIENTED_EDGE('',*,*,#952,.T.);
#2332 = ORIENTED_EDGE('',*,*,#1580,.F.);
#2333 = ORIENTED_EDGE('',*,*,#1571,.F.);
#2334 = CYLINDRICAL_SURFACE('',#2335,3.1);
#2335 = AXIS2_PLACEMENT_3D('',#2336,#2337,#2338);
#2336 = CARTESIAN_POINT('',(-77.5,-47.4,20.));
#2337 = DIRECTION('',(0.,1.,0.));
#2338 = DIRECTION('',(0.,0.,1.));
#2339 = ADVANCED_FACE('',(#2340),#2348,.F.);
#2340 = FACE_BOUND('',#2341,.F.);
#2341 = EDGE_LOOP('',(#2342,#2343,#2344,#2345,#2346,#2347));
#2342 = ORIENTED_EDGE('',*,*,#102,.T.);
#2343 = ORIENTED_EDGE('',*,*,#2180,.F.);
#2344 = ORIENTED_EDGE('',*,*,#2189,.F.);
#2345 = ORIENTED_EDGE('',*,*,#1701,.F.);
#2346 = ORIENTED_EDGE('',*,*,#2147,.T.);
#2347 = ORIENTED_EDGE('',*,*,#2156,.T.);
#2348 = CYLINDRICAL_SURFACE('',#2349,1.65);
#2349 = AXIS2_PLACEMENT_3D('',#2350,#2351,#2352);
#2350 = CARTESIAN_POINT('',(-85.2,-49.39,44.));
#2351 = DIRECTION('',(1.,0.,0.));
#2352 = DIRECTION('',(0.,0.,1.));
#2353 = ADVANCED_FACE('',(#2354),#2362,.F.);
#2354 = FACE_BOUND('',#2355,.F.);
#2355 = EDGE_LOOP('',(#2356,#2357,#2358,#2359,#2360,#2361));
#2356 = ORIENTED_EDGE('',*,*,#31,.T.);
#2357 = ORIENTED_EDGE('',*,*,#2242,.F.);
#2358 = ORIENTED_EDGE('',*,*,#2251,.F.);
#2359 = ORIENTED_EDGE('',*,*,#1763,.F.);
#2360 = ORIENTED_EDGE('',*,*,#2209,.T.);
#2361 = ORIENTED_EDGE('',*,*,#2218,.T.);
#2362 = CYLINDRICAL_SURFACE('',#2363,1.65);
#2363 = AXIS2_PLACEMENT_3D('',#2364,#2365,#2366);
#2364 = CARTESIAN_POINT('',(80.3,-49.39,44.));
#2365 = DIRECTION('',(1.,0.,0.));
#2366 = DIRECTION('',(0.,0.,1.));
#2367 = MANIFOLD_SOLID_BREP('',#2368);
#2368 = CLOSED_SHELL('',(#2369,#2409,#2506,#2629,#2653,#2704,#2716,#2747
    ,#2805,#2863,#2919,#2943,#3087,#3111,#3160,#3185,#3210,#3235,#3260,
    #3285,#3310,#3335,#3360,#3385,#3416,#3440,#3464,#3481,#3507,#3529,
    #3546,#3563,#3575,#3606,#3630,#3654,#3671,#3704,#3728,#3759,#3777,
    #3810,#3834,#3865,#3882,#3894,#3919,#3944,#3961,#3988,#4008,#4028,
    #4048,#4068,#4080,#4092,#4101,#4110,#4135,#4160,#4185,#4210,#4219,
    #4228,#4237));
#2369 = ADVANCED_FACE('',(#2370),#2404,.F.);
#2370 = FACE_BOUND('',#2371,.F.);
#2371 = EDGE_LOOP('',(#2372,#2382,#2390,#2398));
#2372 = ORIENTED_EDGE('',*,*,#2373,.F.);
#2373 = EDGE_CURVE('',#2374,#2376,#2378,.T.);
#2374 = VERTEX_POINT('',#2375);
#2375 = CARTESIAN_POINT('',(-88.,-47.39,50.));
#2376 = VERTEX_POINT('',#2377);
#2377 = CARTESIAN_POINT('',(-88.,-47.39,210.4));
#2378 = LINE('',#2379,#2380);
#2379 = CARTESIAN_POINT('',(-88.,-47.39,50.));
#2380 = VECTOR('',#2381,1.);
#2381 = DIRECTION('',(0.,0.,1.));
#2382 = ORIENTED_EDGE('',*,*,#2383,.T.);
#2383 = EDGE_CURVE('',#2374,#2384,#2386,.T.);
#2384 = VERTEX_POINT('',#2385);
#2385 = CARTESIAN_POINT('',(-88.,59.,50.));
#2386 = LINE('',#2387,#2388);
#2387 = CARTESIAN_POINT('',(-88.,-47.39,50.));
#2388 = VECTOR('',#2389,1.);
#2389 = DIRECTION('',(0.,1.,0.));
#2390 = ORIENTED_EDGE('',*,*,#2391,.T.);
#2391 = EDGE_CURVE('',#2384,#2392,#2394,.T.);
#2392 = VERTEX_POINT('',#2393);
#2393 = CARTESIAN_POINT('',(-88.,59.,210.4));
#2394 = LINE('',#2395,#2396);
#2395 = CARTESIAN_POINT('',(-88.,59.,50.));
#2396 = VECTOR('',#2397,1.);
#2397 = DIRECTION('',(0.,0.,1.));
#2398 = ORIENTED_EDGE('',*,*,#2399,.F.);
#2399 = EDGE_CURVE('',#2376,#2392,#2400,.T.);
#2400 = LINE('',#2401,#2402);
#2401 = CARTESIAN_POINT('',(-88.,-47.39,210.4));
#2402 = VECTOR('',#2403,1.);
#2403 = DIRECTION('',(0.,1.,0.));
#2404 = PLANE('',#2405);
#2405 = AXIS2_PLACEMENT_3D('',#2406,#2407,#2408);
#2406 = CARTESIAN_POINT('',(-88.,-47.39,50.));
#2407 = DIRECTION('',(1.,0.,0.));
#2408 = DIRECTION('',(0.,0.,1.));
#2409 = ADVANCED_FACE('',(#2410,#2435),#2501,.F.);
#2410 = FACE_BOUND('',#2411,.F.);
#2411 = EDGE_LOOP('',(#2412,#2420,#2421,#2429));
#2412 = ORIENTED_EDGE('',*,*,#2413,.F.);
#2413 = EDGE_CURVE('',#2374,#2414,#2416,.T.);
#2414 = VERTEX_POINT('',#2415);
#2415 = CARTESIAN_POINT('',(88.,-47.39,50.));
#2416 = LINE('',#2417,#2418);
#2417 = CARTESIAN_POINT('',(-88.,-47.39,50.));
#2418 = VECTOR('',#2419,1.);
#2419 = DIRECTION('',(1.,0.,0.));
#2420 = ORIENTED_EDGE('',*,*,#2373,.T.);
#2421 = ORIENTED_EDGE('',*,*,#2422,.T.);
#2422 = EDGE_CURVE('',#2376,#2423,#2425,.T.);
#2423 = VERTEX_POINT('',#2424);
#2424 = CARTESIAN_POINT('',(88.,-47.39,210.4));
#2425 = LINE('',#2426,#2427);
#2426 = CARTESIAN_POINT('',(-88.,-47.39,210.4));
#2427 = VECTOR('',#2428,1.);
#2428 = DIRECTION('',(1.,0.,0.));
#2429 = ORIENTED_EDGE('',*,*,#2430,.F.);
#2430 = EDGE_CURVE('',#2414,#2423,#2431,.T.);
#2431 = LINE('',#2432,#2433);
#2432 = CARTESIAN_POINT('',(88.,-47.39,50.));
#2433 = VECTOR('',#2434,1.);
#2434 = DIRECTION('',(0.,0.,1.));
#2435 = FACE_BOUND('',#2436,.F.);
#2436 = EDGE_LOOP('',(#2437,#2447,#2455,#2463,#2471,#2479,#2487,#2495));
#2437 = ORIENTED_EDGE('',*,*,#2438,.F.);
#2438 = EDGE_CURVE('',#2439,#2441,#2443,.T.);
#2439 = VERTEX_POINT('',#2440);
#2440 = CARTESIAN_POINT('',(-52.,-47.39,92.));
#2441 = VERTEX_POINT('',#2442);
#2442 = CARTESIAN_POINT('',(-52.,-47.39,202.));
#2443 = LINE('',#2444,#2445);
#2444 = CARTESIAN_POINT('',(-52.,-47.39,92.));
#2445 = VECTOR('',#2446,1.);
#2446 = DIRECTION('',(0.,0.,1.));
#2447 = ORIENTED_EDGE('',*,*,#2448,.T.);
#2448 = EDGE_CURVE('',#2439,#2449,#2451,.T.);
#2449 = VERTEX_POINT('',#2450);
#2450 = CARTESIAN_POINT('',(-49.,-47.39,92.));
#2451 = LINE('',#2452,#2453);
#2452 = CARTESIAN_POINT('',(-52.,-47.39,92.));
#2453 = VECTOR('',#2454,1.);
#2454 = DIRECTION('',(1.,0.,0.));
#2455 = ORIENTED_EDGE('',*,*,#2456,.F.);
#2456 = EDGE_CURVE('',#2457,#2449,#2459,.T.);
#2457 = VERTEX_POINT('',#2458);
#2458 = CARTESIAN_POINT('',(-49.,-47.39,199.));
#2459 = LINE('',#2460,#2461);
#2460 = CARTESIAN_POINT('',(-49.,-47.39,91.5));
#2461 = VECTOR('',#2462,1.);
#2462 = DIRECTION('',(-0.,-0.,-1.));
#2463 = ORIENTED_EDGE('',*,*,#2464,.T.);
#2464 = EDGE_CURVE('',#2457,#2465,#2467,.T.);
#2465 = VERTEX_POINT('',#2466);
#2466 = CARTESIAN_POINT('',(49.,-47.39,199.));
#2467 = LINE('',#2468,#2469);
#2468 = CARTESIAN_POINT('',(-50.5,-47.39,199.));
#2469 = VECTOR('',#2470,1.);
#2470 = DIRECTION('',(1.,0.,0.));
#2471 = ORIENTED_EDGE('',*,*,#2472,.T.);
#2472 = EDGE_CURVE('',#2465,#2473,#2475,.T.);
#2473 = VERTEX_POINT('',#2474);
#2474 = CARTESIAN_POINT('',(49.,-47.39,92.));
#2475 = LINE('',#2476,#2477);
#2476 = CARTESIAN_POINT('',(49.,-47.39,91.5));
#2477 = VECTOR('',#2478,1.);
#2478 = DIRECTION('',(-0.,-0.,-1.));
#2479 = ORIENTED_EDGE('',*,*,#2480,.T.);
#2480 = EDGE_CURVE('',#2473,#2481,#2483,.T.);
#2481 = VERTEX_POINT('',#2482);
#2482 = CARTESIAN_POINT('',(52.,-47.39,92.));
#2483 = LINE('',#2484,#2485);
#2484 = CARTESIAN_POINT('',(-52.,-47.39,92.));
#2485 = VECTOR('',#2486,1.);
#2486 = DIRECTION('',(1.,0.,0.));
#2487 = ORIENTED_EDGE('',*,*,#2488,.T.);
#2488 = EDGE_CURVE('',#2481,#2489,#2491,.T.);
#2489 = VERTEX_POINT('',#2490);
#2490 = CARTESIAN_POINT('',(52.,-47.39,202.));
#2491 = LINE('',#2492,#2493);
#2492 = CARTESIAN_POINT('',(52.,-47.39,92.));
#2493 = VECTOR('',#2494,1.);
#2494 = DIRECTION('',(0.,0.,1.));
#2495 = ORIENTED_EDGE('',*,*,#2496,.F.);
#2496 = EDGE_CURVE('',#2441,#2489,#2497,.T.);
#2497 = LINE('',#2498,#2499);
#2498 = CARTESIAN_POINT('',(-52.,-47.39,202.));
#2499 = VECTOR('',#2500,1.);
#2500 = DIRECTION('',(1.,0.,0.));
#2501 = PLANE('',#2502);
#2502 = AXIS2_PLACEMENT_3D('',#2503,#2504,#2505);
#2503 = CARTESIAN_POINT('',(-88.,-47.39,50.));
#2504 = DIRECTION('',(0.,1.,0.));
#2505 = DIRECTION('',(0.,0.,1.));
#2506 = ADVANCED_FACE('',(#2507,#2525,#2536,#2547,#2558,#2569,#2580,
    #2591,#2602,#2613),#2624,.T.);
#2507 = FACE_BOUND('',#2508,.T.);
#2508 = EDGE_LOOP('',(#2509,#2510,#2511,#2519));
#2509 = ORIENTED_EDGE('',*,*,#2399,.F.);
#2510 = ORIENTED_EDGE('',*,*,#2422,.T.);
#2511 = ORIENTED_EDGE('',*,*,#2512,.T.);
#2512 = EDGE_CURVE('',#2423,#2513,#2515,.T.);
#2513 = VERTEX_POINT('',#2514);
#2514 = CARTESIAN_POINT('',(88.,59.,210.4));
#2515 = LINE('',#2516,#2517);
#2516 = CARTESIAN_POINT('',(88.,-47.39,210.4));
#2517 = VECTOR('',#2518,1.);
#2518 = DIRECTION('',(0.,1.,0.));
#2519 = ORIENTED_EDGE('',*,*,#2520,.F.);
#2520 = EDGE_CURVE('',#2392,#2513,#2521,.T.);
#2521 = LINE('',#2522,#2523);
#2522 = CARTESIAN_POINT('',(-88.,59.,210.4));
#2523 = VECTOR('',#2524,1.);
#2524 = DIRECTION('',(1.,0.,0.));
#2525 = FACE_BOUND('',#2526,.T.);
#2526 = EDGE_LOOP('',(#2527));
#2527 = ORIENTED_EDGE('',*,*,#2528,.F.);
#2528 = EDGE_CURVE('',#2529,#2529,#2531,.T.);
#2529 = VERTEX_POINT('',#2530);
#2530 = CARTESIAN_POINT('',(-20.4,-22.,210.4));
#2531 = CIRCLE('',#2532,1.6);
#2532 = AXIS2_PLACEMENT_3D('',#2533,#2534,#2535);
#2533 = CARTESIAN_POINT('',(-22.,-22.,210.4));
#2534 = DIRECTION('',(0.,0.,1.));
#2535 = DIRECTION('',(1.,0.,0.));
#2536 = FACE_BOUND('',#2537,.T.);
#2537 = EDGE_LOOP('',(#2538));
#2538 = ORIENTED_EDGE('',*,*,#2539,.F.);
#2539 = EDGE_CURVE('',#2540,#2540,#2542,.T.);
#2540 = VERTEX_POINT('',#2541);
#2541 = CARTESIAN_POINT('',(-12.,-15.,210.4));
#2542 = CIRCLE('',#2543,3.);
#2543 = AXIS2_PLACEMENT_3D('',#2544,#2545,#2546);
#2544 = CARTESIAN_POINT('',(-15.,-15.,210.4));
#2545 = DIRECTION('',(0.,0.,1.));
#2546 = DIRECTION('',(1.,0.,0.));
#2547 = FACE_BOUND('',#2548,.T.);
#2548 = EDGE_LOOP('',(#2549));
#2549 = ORIENTED_EDGE('',*,*,#2550,.F.);
#2550 = EDGE_CURVE('',#2551,#2551,#2553,.T.);
#2551 = VERTEX_POINT('',#2552);
#2552 = CARTESIAN_POINT('',(23.6,-22.,210.4));
#2553 = CIRCLE('',#2554,1.6);
#2554 = AXIS2_PLACEMENT_3D('',#2555,#2556,#2557);
#2555 = CARTESIAN_POINT('',(22.,-22.,210.4));
#2556 = DIRECTION('',(0.,0.,1.));
#2557 = DIRECTION('',(1.,0.,0.));
#2558 = FACE_BOUND('',#2559,.T.);
#2559 = EDGE_LOOP('',(#2560));
#2560 = ORIENTED_EDGE('',*,*,#2561,.F.);
#2561 = EDGE_CURVE('',#2562,#2562,#2564,.T.);
#2562 = VERTEX_POINT('',#2563);
#2563 = CARTESIAN_POINT('',(18.,-15.,210.4));
#2564 = CIRCLE('',#2565,3.);
#2565 = AXIS2_PLACEMENT_3D('',#2566,#2567,#2568);
#2566 = CARTESIAN_POINT('',(15.,-15.,210.4));
#2567 = DIRECTION('',(0.,0.,1.));
#2568 = DIRECTION('',(1.,0.,0.));
#2569 = FACE_BOUND('',#2570,.T.);
#2570 = EDGE_LOOP('',(#2571));
#2571 = ORIENTED_EDGE('',*,*,#2572,.F.);
#2572 = EDGE_CURVE('',#2573,#2573,#2575,.T.);
#2573 = VERTEX_POINT('',#2574);
#2574 = CARTESIAN_POINT('',(-12.,15.,210.4));
#2575 = CIRCLE('',#2576,3.);
#2576 = AXIS2_PLACEMENT_3D('',#2577,#2578,#2579);
#2577 = CARTESIAN_POINT('',(-15.,15.,210.4));
#2578 = DIRECTION('',(0.,0.,1.));
#2579 = DIRECTION('',(1.,0.,0.));
#2580 = FACE_BOUND('',#2581,.T.);
#2581 = EDGE_LOOP('',(#2582));
#2582 = ORIENTED_EDGE('',*,*,#2583,.F.);
#2583 = EDGE_CURVE('',#2584,#2584,#2586,.T.);
#2584 = VERTEX_POINT('',#2585);
#2585 = CARTESIAN_POINT('',(-20.4,22.,210.4));
#2586 = CIRCLE('',#2587,1.6);
#2587 = AXIS2_PLACEMENT_3D('',#2588,#2589,#2590);
#2588 = CARTESIAN_POINT('',(-22.,22.,210.4));
#2589 = DIRECTION('',(0.,0.,1.));
#2590 = DIRECTION('',(1.,0.,0.));
#2591 = FACE_BOUND('',#2592,.T.);
#2592 = EDGE_LOOP('',(#2593));
#2593 = ORIENTED_EDGE('',*,*,#2594,.F.);
#2594 = EDGE_CURVE('',#2595,#2595,#2597,.T.);
#2595 = VERTEX_POINT('',#2596);
#2596 = CARTESIAN_POINT('',(17.,-4.163799117101E-15,210.4));
#2597 = CIRCLE('',#2598,17.);
#2598 = AXIS2_PLACEMENT_3D('',#2599,#2600,#2601);
#2599 = CARTESIAN_POINT('',(0.,0.,210.4));
#2600 = DIRECTION('',(0.,0.,1.));
#2601 = DIRECTION('',(1.,0.,0.));
#2602 = FACE_BOUND('',#2603,.T.);
#2603 = EDGE_LOOP('',(#2604));
#2604 = ORIENTED_EDGE('',*,*,#2605,.F.);
#2605 = EDGE_CURVE('',#2606,#2606,#2608,.T.);
#2606 = VERTEX_POINT('',#2607);
#2607 = CARTESIAN_POINT('',(18.,15.,210.4));
#2608 = CIRCLE('',#2609,3.);
#2609 = AXIS2_PLACEMENT_3D('',#2610,#2611,#2612);
#2610 = CARTESIAN_POINT('',(15.,15.,210.4));
#2611 = DIRECTION('',(0.,0.,1.));
#2612 = DIRECTION('',(1.,0.,0.));
#2613 = FACE_BOUND('',#2614,.T.);
#2614 = EDGE_LOOP('',(#2615));
#2615 = ORIENTED_EDGE('',*,*,#2616,.F.);
#2616 = EDGE_CURVE('',#2617,#2617,#2619,.T.);
#2617 = VERTEX_POINT('',#2618);
#2618 = CARTESIAN_POINT('',(23.6,22.,210.4));
#2619 = CIRCLE('',#2620,1.6);
#2620 = AXIS2_PLACEMENT_3D('',#2621,#2622,#2623);
#2621 = CARTESIAN_POINT('',(22.,22.,210.4));
#2622 = DIRECTION('',(0.,0.,1.));
#2623 = DIRECTION('',(1.,0.,0.));
#2624 = PLANE('',#2625);
#2625 = AXIS2_PLACEMENT_3D('',#2626,#2627,#2628);
#2626 = CARTESIAN_POINT('',(-88.,-47.39,210.4));
#2627 = DIRECTION('',(0.,0.,1.));
#2628 = DIRECTION('',(1.,0.,0.));
#2629 = ADVANCED_FACE('',(#2630),#2648,.T.);
#2630 = FACE_BOUND('',#2631,.T.);
#2631 = EDGE_LOOP('',(#2632,#2640,#2641,#2642));
#2632 = ORIENTED_EDGE('',*,*,#2633,.F.);
#2633 = EDGE_CURVE('',#2384,#2634,#2636,.T.);
#2634 = VERTEX_POINT('',#2635);
#2635 = CARTESIAN_POINT('',(88.,59.,50.));
#2636 = LINE('',#2637,#2638);
#2637 = CARTESIAN_POINT('',(-88.,59.,50.));
#2638 = VECTOR('',#2639,1.);
#2639 = DIRECTION('',(1.,0.,0.));
#2640 = ORIENTED_EDGE('',*,*,#2391,.T.);
#2641 = ORIENTED_EDGE('',*,*,#2520,.T.);
#2642 = ORIENTED_EDGE('',*,*,#2643,.F.);
#2643 = EDGE_CURVE('',#2634,#2513,#2644,.T.);
#2644 = LINE('',#2645,#2646);
#2645 = CARTESIAN_POINT('',(88.,59.,50.));
#2646 = VECTOR('',#2647,1.);
#2647 = DIRECTION('',(0.,0.,1.));
#2648 = PLANE('',#2649);
#2649 = AXIS2_PLACEMENT_3D('',#2650,#2651,#2652);
#2650 = CARTESIAN_POINT('',(-88.,59.,50.));
#2651 = DIRECTION('',(0.,1.,0.));
#2652 = DIRECTION('',(0.,0.,1.));
#2653 = ADVANCED_FACE('',(#2654,#2665),#2699,.F.);
#2654 = FACE_BOUND('',#2655,.F.);
#2655 = EDGE_LOOP('',(#2656,#2657,#2658,#2664));
#2656 = ORIENTED_EDGE('',*,*,#2383,.F.);
#2657 = ORIENTED_EDGE('',*,*,#2413,.T.);
#2658 = ORIENTED_EDGE('',*,*,#2659,.T.);
#2659 = EDGE_CURVE('',#2414,#2634,#2660,.T.);
#2660 = LINE('',#2661,#2662);
#2661 = CARTESIAN_POINT('',(88.,-47.39,50.));
#2662 = VECTOR('',#2663,1.);
#2663 = DIRECTION('',(0.,1.,0.));
#2664 = ORIENTED_EDGE('',*,*,#2633,.F.);
#2665 = FACE_BOUND('',#2666,.F.);
#2666 = EDGE_LOOP('',(#2667,#2677,#2685,#2693));
#2667 = ORIENTED_EDGE('',*,*,#2668,.T.);
#2668 = EDGE_CURVE('',#2669,#2671,#2673,.T.);
#2669 = VERTEX_POINT('',#2670);
#2670 = CARTESIAN_POINT('',(85.,-44.39,50.));
#2671 = VERTEX_POINT('',#2672);
#2672 = CARTESIAN_POINT('',(-85.,-44.39,50.));
#2673 = LINE('',#2674,#2675);
#2674 = CARTESIAN_POINT('',(-86.5,-44.39,50.));
#2675 = VECTOR('',#2676,1.);
#2676 = DIRECTION('',(-1.,0.,0.));
#2677 = ORIENTED_EDGE('',*,*,#2678,.T.);
#2678 = EDGE_CURVE('',#2671,#2679,#2681,.T.);
#2679 = VERTEX_POINT('',#2680);
#2680 = CARTESIAN_POINT('',(-85.,56.,50.));
#2681 = LINE('',#2682,#2683);
#2682 = CARTESIAN_POINT('',(-85.,-45.89,50.));
#2683 = VECTOR('',#2684,1.);
#2684 = DIRECTION('',(0.,1.,0.));
#2685 = ORIENTED_EDGE('',*,*,#2686,.F.);
#2686 = EDGE_CURVE('',#2687,#2679,#2689,.T.);
#2687 = VERTEX_POINT('',#2688);
#2688 = CARTESIAN_POINT('',(85.,56.,50.));
#2689 = LINE('',#2690,#2691);
#2690 = CARTESIAN_POINT('',(-86.5,56.,50.));
#2691 = VECTOR('',#2692,1.);
#2692 = DIRECTION('',(-1.,0.,0.));
#2693 = ORIENTED_EDGE('',*,*,#2694,.F.);
#2694 = EDGE_CURVE('',#2669,#2687,#2695,.T.);
#2695 = LINE('',#2696,#2697);
#2696 = CARTESIAN_POINT('',(85.,-45.89,50.));
#2697 = VECTOR('',#2698,1.);
#2698 = DIRECTION('',(0.,1.,0.));
#2699 = PLANE('',#2700);
#2700 = AXIS2_PLACEMENT_3D('',#2701,#2702,#2703);
#2701 = CARTESIAN_POINT('',(-88.,-47.39,50.));
#2702 = DIRECTION('',(0.,0.,1.));
#2703 = DIRECTION('',(1.,0.,0.));
#2704 = ADVANCED_FACE('',(#2705),#2711,.T.);
#2705 = FACE_BOUND('',#2706,.T.);
#2706 = EDGE_LOOP('',(#2707,#2708,#2709,#2710));
#2707 = ORIENTED_EDGE('',*,*,#2430,.F.);
#2708 = ORIENTED_EDGE('',*,*,#2659,.T.);
#2709 = ORIENTED_EDGE('',*,*,#2643,.T.);
#2710 = ORIENTED_EDGE('',*,*,#2512,.F.);
#2711 = PLANE('',#2712);
#2712 = AXIS2_PLACEMENT_3D('',#2713,#2714,#2715);
#2713 = CARTESIAN_POINT('',(88.,-47.39,50.));
#2714 = DIRECTION('',(1.,0.,0.));
#2715 = DIRECTION('',(0.,0.,1.));
#2716 = ADVANCED_FACE('',(#2717),#2742,.F.);
#2717 = FACE_BOUND('',#2718,.T.);
#2718 = EDGE_LOOP('',(#2719,#2720,#2728,#2736));
#2719 = ORIENTED_EDGE('',*,*,#2438,.F.);
#2720 = ORIENTED_EDGE('',*,*,#2721,.T.);
#2721 = EDGE_CURVE('',#2439,#2722,#2724,.T.);
#2722 = VERTEX_POINT('',#2723);
#2723 = CARTESIAN_POINT('',(-52.,-102.39,92.));
#2724 = LINE('',#2725,#2726);
#2725 = CARTESIAN_POINT('',(-52.,-47.39,92.));
#2726 = VECTOR('',#2727,1.);
#2727 = DIRECTION('',(-0.,-1.,-0.));
#2728 = ORIENTED_EDGE('',*,*,#2729,.T.);
#2729 = EDGE_CURVE('',#2722,#2730,#2732,.T.);
#2730 = VERTEX_POINT('',#2731);
#2731 = CARTESIAN_POINT('',(-52.,-102.39,202.));
#2732 = LINE('',#2733,#2734);
#2733 = CARTESIAN_POINT('',(-52.,-102.39,92.));
#2734 = VECTOR('',#2735,1.);
#2735 = DIRECTION('',(0.,0.,1.));
#2736 = ORIENTED_EDGE('',*,*,#2737,.F.);
#2737 = EDGE_CURVE('',#2441,#2730,#2738,.T.);
#2738 = LINE('',#2739,#2740);
#2739 = CARTESIAN_POINT('',(-52.,-47.39,202.));
#2740 = VECTOR('',#2741,1.);
#2741 = DIRECTION('',(-0.,-1.,-0.));
#2742 = PLANE('',#2743);
#2743 = AXIS2_PLACEMENT_3D('',#2744,#2745,#2746);
#2744 = CARTESIAN_POINT('',(-52.,-47.39,92.));
#2745 = DIRECTION('',(1.,0.,0.));
#2746 = DIRECTION('',(0.,0.,-1.));
#2747 = ADVANCED_FACE('',(#2748,#2766),#2800,.T.);
#2748 = FACE_BOUND('',#2749,.F.);
#2749 = EDGE_LOOP('',(#2750,#2751,#2752,#2760));
#2750 = ORIENTED_EDGE('',*,*,#2737,.F.);
#2751 = ORIENTED_EDGE('',*,*,#2496,.T.);
#2752 = ORIENTED_EDGE('',*,*,#2753,.T.);
#2753 = EDGE_CURVE('',#2489,#2754,#2756,.T.);
#2754 = VERTEX_POINT('',#2755);
#2755 = CARTESIAN_POINT('',(52.,-102.39,202.));
#2756 = LINE('',#2757,#2758);
#2757 = CARTESIAN_POINT('',(52.,-47.39,202.));
#2758 = VECTOR('',#2759,1.);
#2759 = DIRECTION('',(-0.,-1.,-0.));
#2760 = ORIENTED_EDGE('',*,*,#2761,.F.);
#2761 = EDGE_CURVE('',#2730,#2754,#2762,.T.);
#2762 = LINE('',#2763,#2764);
#2763 = CARTESIAN_POINT('',(-52.,-102.39,202.));
#2764 = VECTOR('',#2765,1.);
#2765 = DIRECTION('',(1.,0.,0.));
#2766 = FACE_BOUND('',#2767,.F.);
#2767 = EDGE_LOOP('',(#2768,#2778,#2786,#2794));
#2768 = ORIENTED_EDGE('',*,*,#2769,.T.);
#2769 = EDGE_CURVE('',#2770,#2772,#2774,.T.);
#2770 = VERTEX_POINT('',#2771);
#2771 = CARTESIAN_POINT('',(10.,-54.89,202.));
#2772 = VERTEX_POINT('',#2773);
#2773 = CARTESIAN_POINT('',(-10.,-54.89,202.));
#2774 = LINE('',#2775,#2776);
#2775 = CARTESIAN_POINT('',(-31.,-54.89,202.));
#2776 = VECTOR('',#2777,1.);
#2777 = DIRECTION('',(-1.,0.,0.));
#2778 = ORIENTED_EDGE('',*,*,#2779,.T.);
#2779 = EDGE_CURVE('',#2772,#2780,#2782,.T.);
#2780 = VERTEX_POINT('',#2781);
#2781 = CARTESIAN_POINT('',(-10.,-61.39,202.));
#2782 = LINE('',#2783,#2784);
#2783 = CARTESIAN_POINT('',(-10.,-51.14,202.));
#2784 = VECTOR('',#2785,1.);
#2785 = DIRECTION('',(-0.,-1.,-0.));
#2786 = ORIENTED_EDGE('',*,*,#2787,.F.);
#2787 = EDGE_CURVE('',#2788,#2780,#2790,.T.);
#2788 = VERTEX_POINT('',#2789);
#2789 = CARTESIAN_POINT('',(10.,-61.39,202.));
#2790 = LINE('',#2791,#2792);
#2791 = CARTESIAN_POINT('',(-31.,-61.39,202.));
#2792 = VECTOR('',#2793,1.);
#2793 = DIRECTION('',(-1.,0.,0.));
#2794 = ORIENTED_EDGE('',*,*,#2795,.F.);
#2795 = EDGE_CURVE('',#2770,#2788,#2796,.T.);
#2796 = LINE('',#2797,#2798);
#2797 = CARTESIAN_POINT('',(10.,-51.14,202.));
#2798 = VECTOR('',#2799,1.);
#2799 = DIRECTION('',(-0.,-1.,-0.));
#2800 = PLANE('',#2801);
#2801 = AXIS2_PLACEMENT_3D('',#2802,#2803,#2804);
#2802 = CARTESIAN_POINT('',(-52.,-47.39,202.));
#2803 = DIRECTION('',(0.,0.,1.));
#2804 = DIRECTION('',(-1.,0.,0.));
#2805 = ADVANCED_FACE('',(#2806,#2824),#2858,.T.);
#2806 = FACE_BOUND('',#2807,.F.);
#2807 = EDGE_LOOP('',(#2808,#2809,#2817,#2823));
#2808 = ORIENTED_EDGE('',*,*,#2488,.F.);
#2809 = ORIENTED_EDGE('',*,*,#2810,.T.);
#2810 = EDGE_CURVE('',#2481,#2811,#2813,.T.);
#2811 = VERTEX_POINT('',#2812);
#2812 = CARTESIAN_POINT('',(52.,-102.39,92.));
#2813 = LINE('',#2814,#2815);
#2814 = CARTESIAN_POINT('',(52.,-47.39,92.));
#2815 = VECTOR('',#2816,1.);
#2816 = DIRECTION('',(-0.,-1.,-0.));
#2817 = ORIENTED_EDGE('',*,*,#2818,.T.);
#2818 = EDGE_CURVE('',#2811,#2754,#2819,.T.);
#2819 = LINE('',#2820,#2821);
#2820 = CARTESIAN_POINT('',(52.,-102.39,92.));
#2821 = VECTOR('',#2822,1.);
#2822 = DIRECTION('',(0.,0.,1.));
#2823 = ORIENTED_EDGE('',*,*,#2753,.F.);
#2824 = FACE_BOUND('',#2825,.F.);
#2825 = EDGE_LOOP('',(#2826,#2836,#2844,#2852));
#2826 = ORIENTED_EDGE('',*,*,#2827,.T.);
#2827 = EDGE_CURVE('',#2828,#2830,#2832,.T.);
#2828 = VERTEX_POINT('',#2829);
#2829 = CARTESIAN_POINT('',(52.,-99.39,98.));
#2830 = VERTEX_POINT('',#2831);
#2831 = CARTESIAN_POINT('',(52.,-54.39,98.));
#2832 = LINE('',#2833,#2834);
#2833 = CARTESIAN_POINT('',(52.,-50.89,98.));
#2834 = VECTOR('',#2835,1.);
#2835 = DIRECTION('',(0.,1.,0.));
#2836 = ORIENTED_EDGE('',*,*,#2837,.T.);
#2837 = EDGE_CURVE('',#2830,#2838,#2840,.T.);
#2838 = VERTEX_POINT('',#2839);
#2839 = CARTESIAN_POINT('',(52.,-54.39,158.));
#2840 = LINE('',#2841,#2842);
#2841 = CARTESIAN_POINT('',(52.,-54.39,95.));
#2842 = VECTOR('',#2843,1.);
#2843 = DIRECTION('',(0.,0.,1.));
#2844 = ORIENTED_EDGE('',*,*,#2845,.F.);
#2845 = EDGE_CURVE('',#2846,#2838,#2848,.T.);
#2846 = VERTEX_POINT('',#2847);
#2847 = CARTESIAN_POINT('',(52.,-99.39,158.));
#2848 = LINE('',#2849,#2850);
#2849 = CARTESIAN_POINT('',(52.,-50.89,158.));
#2850 = VECTOR('',#2851,1.);
#2851 = DIRECTION('',(0.,1.,0.));
#2852 = ORIENTED_EDGE('',*,*,#2853,.F.);
#2853 = EDGE_CURVE('',#2828,#2846,#2854,.T.);
#2854 = LINE('',#2855,#2856);
#2855 = CARTESIAN_POINT('',(52.,-99.39,95.));
#2856 = VECTOR('',#2857,1.);
#2857 = DIRECTION('',(0.,0.,1.));
#2858 = PLANE('',#2859);
#2859 = AXIS2_PLACEMENT_3D('',#2860,#2861,#2862);
#2860 = CARTESIAN_POINT('',(52.,-47.39,92.));
#2861 = DIRECTION('',(1.,0.,0.));
#2862 = DIRECTION('',(0.,0.,-1.));
#2863 = ADVANCED_FACE('',(#2864),#2914,.F.);
#2864 = FACE_BOUND('',#2865,.T.);
#2865 = EDGE_LOOP('',(#2866,#2874,#2882,#2890,#2898,#2906,#2912,#2913));
#2866 = ORIENTED_EDGE('',*,*,#2867,.F.);
#2867 = EDGE_CURVE('',#2868,#2811,#2870,.T.);
#2868 = VERTEX_POINT('',#2869);
#2869 = CARTESIAN_POINT('',(49.,-102.39,92.));
#2870 = LINE('',#2871,#2872);
#2871 = CARTESIAN_POINT('',(-52.,-102.39,92.));
#2872 = VECTOR('',#2873,1.);
#2873 = DIRECTION('',(1.,0.,0.));
#2874 = ORIENTED_EDGE('',*,*,#2875,.F.);
#2875 = EDGE_CURVE('',#2876,#2868,#2878,.T.);
#2876 = VERTEX_POINT('',#2877);
#2877 = CARTESIAN_POINT('',(49.,-53.89,92.));
#2878 = LINE('',#2879,#2880);
#2879 = CARTESIAN_POINT('',(49.,-46.89,92.));
#2880 = VECTOR('',#2881,1.);
#2881 = DIRECTION('',(-0.,-1.,-0.));
#2882 = ORIENTED_EDGE('',*,*,#2883,.F.);
#2883 = EDGE_CURVE('',#2884,#2876,#2886,.T.);
#2884 = VERTEX_POINT('',#2885);
#2885 = CARTESIAN_POINT('',(50.6,-53.89,92.));
#2886 = LINE('',#2887,#2888);
#2887 = CARTESIAN_POINT('',(-1.505,-53.89,92.));
#2888 = VECTOR('',#2889,1.);
#2889 = DIRECTION('',(-1.,0.,0.));
#2890 = ORIENTED_EDGE('',*,*,#2891,.F.);
#2891 = EDGE_CURVE('',#2892,#2884,#2894,.T.);
#2892 = VERTEX_POINT('',#2893);
#2893 = CARTESIAN_POINT('',(50.6,-50.39,92.));
#2894 = LINE('',#2895,#2896);
#2895 = CARTESIAN_POINT('',(50.6,-48.89,92.));
#2896 = VECTOR('',#2897,1.);
#2897 = DIRECTION('',(-0.,-1.,-0.));
#2898 = ORIENTED_EDGE('',*,*,#2899,.T.);
#2899 = EDGE_CURVE('',#2892,#2900,#2902,.T.);
#2900 = VERTEX_POINT('',#2901);
#2901 = CARTESIAN_POINT('',(49.,-50.39,92.));
#2902 = LINE('',#2903,#2904);
#2903 = CARTESIAN_POINT('',(-1.505,-50.39,92.));
#2904 = VECTOR('',#2905,1.);
#2905 = DIRECTION('',(-1.,0.,0.));
#2906 = ORIENTED_EDGE('',*,*,#2907,.F.);
#2907 = EDGE_CURVE('',#2473,#2900,#2908,.T.);
#2908 = LINE('',#2909,#2910);
#2909 = CARTESIAN_POINT('',(49.,-46.89,92.));
#2910 = VECTOR('',#2911,1.);
#2911 = DIRECTION('',(-0.,-1.,-0.));
#2912 = ORIENTED_EDGE('',*,*,#2480,.T.);
#2913 = ORIENTED_EDGE('',*,*,#2810,.T.);
#2914 = PLANE('',#2915);
#2915 = AXIS2_PLACEMENT_3D('',#2916,#2917,#2918);
#2916 = CARTESIAN_POINT('',(-52.,-47.39,92.));
#2917 = DIRECTION('',(0.,0.,1.));
#2918 = DIRECTION('',(-1.,0.,0.));
#2919 = ADVANCED_FACE('',(#2920),#2938,.F.);
#2920 = FACE_BOUND('',#2921,.T.);
#2921 = EDGE_LOOP('',(#2922,#2930,#2931,#2932));
#2922 = ORIENTED_EDGE('',*,*,#2923,.F.);
#2923 = EDGE_CURVE('',#2465,#2924,#2926,.T.);
#2924 = VERTEX_POINT('',#2925);
#2925 = CARTESIAN_POINT('',(49.,-50.39,199.));
#2926 = LINE('',#2927,#2928);
#2927 = CARTESIAN_POINT('',(49.,-46.39,199.));
#2928 = VECTOR('',#2929,1.);
#2929 = DIRECTION('',(-0.,-1.,-0.));
#2930 = ORIENTED_EDGE('',*,*,#2472,.T.);
#2931 = ORIENTED_EDGE('',*,*,#2907,.T.);
#2932 = ORIENTED_EDGE('',*,*,#2933,.T.);
#2933 = EDGE_CURVE('',#2900,#2924,#2934,.T.);
#2934 = LINE('',#2935,#2936);
#2935 = CARTESIAN_POINT('',(49.,-50.39,91.));
#2936 = VECTOR('',#2937,1.);
#2937 = DIRECTION('',(0.,0.,1.));
#2938 = PLANE('',#2939);
#2939 = AXIS2_PLACEMENT_3D('',#2940,#2941,#2942);
#2940 = CARTESIAN_POINT('',(49.,-46.39,91.));
#2941 = DIRECTION('',(1.,0.,0.));
#2942 = DIRECTION('',(0.,0.,-1.));
#2943 = ADVANCED_FACE('',(#2944,#3026,#3060,#3071),#3082,.F.);
#2944 = FACE_BOUND('',#2945,.T.);
#2945 = EDGE_LOOP('',(#2946,#2954,#2955,#2956,#2964,#2972,#2980,#2988,
    #2996,#3004,#3012,#3020));
#2946 = ORIENTED_EDGE('',*,*,#2947,.F.);
#2947 = EDGE_CURVE('',#2457,#2948,#2950,.T.);
#2948 = VERTEX_POINT('',#2949);
#2949 = CARTESIAN_POINT('',(-49.,-50.39,199.));
#2950 = LINE('',#2951,#2952);
#2951 = CARTESIAN_POINT('',(-49.,-46.39,199.));
#2952 = VECTOR('',#2953,1.);
#2953 = DIRECTION('',(-0.,-1.,-0.));
#2954 = ORIENTED_EDGE('',*,*,#2464,.T.);
#2955 = ORIENTED_EDGE('',*,*,#2923,.T.);
#2956 = ORIENTED_EDGE('',*,*,#2957,.T.);
#2957 = EDGE_CURVE('',#2924,#2958,#2960,.T.);
#2958 = VERTEX_POINT('',#2959);
#2959 = CARTESIAN_POINT('',(48.99,-50.39,199.));
#2960 = LINE('',#2961,#2962);
#2961 = CARTESIAN_POINT('',(-4.999999999999E-03,-50.39,199.));
#2962 = VECTOR('',#2963,1.);
#2963 = DIRECTION('',(-1.,0.,0.));
#2964 = ORIENTED_EDGE('',*,*,#2965,.T.);
#2965 = EDGE_CURVE('',#2958,#2966,#2968,.T.);
#2966 = VERTEX_POINT('',#2967);
#2967 = CARTESIAN_POINT('',(48.99,-53.89,199.));
#2968 = LINE('',#2969,#2970);
#2969 = CARTESIAN_POINT('',(48.99,-48.39,199.));
#2970 = VECTOR('',#2971,1.);
#2971 = DIRECTION('',(-0.,-1.,-0.));
#2972 = ORIENTED_EDGE('',*,*,#2973,.F.);
#2973 = EDGE_CURVE('',#2974,#2966,#2976,.T.);
#2974 = VERTEX_POINT('',#2975);
#2975 = CARTESIAN_POINT('',(49.,-53.89,199.));
#2976 = LINE('',#2977,#2978);
#2977 = CARTESIAN_POINT('',(-4.999999999999E-03,-53.89,199.));
#2978 = VECTOR('',#2979,1.);
#2979 = DIRECTION('',(-1.,0.,0.));
#2980 = ORIENTED_EDGE('',*,*,#2981,.T.);
#2981 = EDGE_CURVE('',#2974,#2982,#2984,.T.);
#2982 = VERTEX_POINT('',#2983);
#2983 = CARTESIAN_POINT('',(49.,-102.39,199.));
#2984 = LINE('',#2985,#2986);
#2985 = CARTESIAN_POINT('',(49.,-46.39,199.));
#2986 = VECTOR('',#2987,1.);
#2987 = DIRECTION('',(-0.,-1.,-0.));
#2988 = ORIENTED_EDGE('',*,*,#2989,.F.);
#2989 = EDGE_CURVE('',#2990,#2982,#2992,.T.);
#2990 = VERTEX_POINT('',#2991);
#2991 = CARTESIAN_POINT('',(-49.,-102.39,199.));
#2992 = LINE('',#2993,#2994);
#2993 = CARTESIAN_POINT('',(-50.5,-102.39,199.));
#2994 = VECTOR('',#2995,1.);
#2995 = DIRECTION('',(1.,0.,0.));
#2996 = ORIENTED_EDGE('',*,*,#2997,.F.);
#2997 = EDGE_CURVE('',#2998,#2990,#3000,.T.);
#2998 = VERTEX_POINT('',#2999);
#2999 = CARTESIAN_POINT('',(-49.,-53.89,199.));
#3000 = LINE('',#3001,#3002);
#3001 = CARTESIAN_POINT('',(-49.,-46.39,199.));
#3002 = VECTOR('',#3003,1.);
#3003 = DIRECTION('',(-0.,-1.,-0.));
#3004 = ORIENTED_EDGE('',*,*,#3005,.F.);
#3005 = EDGE_CURVE('',#3006,#2998,#3008,.T.);
#3006 = VERTEX_POINT('',#3007);
#3007 = CARTESIAN_POINT('',(-48.99,-53.89,199.));
#3008 = LINE('',#3009,#3010);
#3009 = CARTESIAN_POINT('',(-49.8,-53.89,199.));
#3010 = VECTOR('',#3011,1.);
#3011 = DIRECTION('',(-1.,0.,0.));
#3012 = ORIENTED_EDGE('',*,*,#3013,.F.);
#3013 = EDGE_CURVE('',#3014,#3006,#3016,.T.);
#3014 = VERTEX_POINT('',#3015);
#3015 = CARTESIAN_POINT('',(-48.99,-50.39,199.));
#3016 = LINE('',#3017,#3018);
#3017 = CARTESIAN_POINT('',(-48.99,-48.39,199.));
#3018 = VECTOR('',#3019,1.);
#3019 = DIRECTION('',(-0.,-1.,-0.));
#3020 = ORIENTED_EDGE('',*,*,#3021,.T.);
#3021 = EDGE_CURVE('',#3014,#2948,#3022,.T.);
#3022 = LINE('',#3023,#3024);
#3023 = CARTESIAN_POINT('',(-49.8,-50.39,199.));
#3024 = VECTOR('',#3025,1.);
#3025 = DIRECTION('',(-1.,0.,0.));
#3026 = FACE_BOUND('',#3027,.T.);
#3027 = EDGE_LOOP('',(#3028,#3038,#3046,#3054));
#3028 = ORIENTED_EDGE('',*,*,#3029,.T.);
#3029 = EDGE_CURVE('',#3030,#3032,#3034,.T.);
#3030 = VERTEX_POINT('',#3031);
#3031 = CARTESIAN_POINT('',(10.,-54.89,199.));
#3032 = VERTEX_POINT('',#3033);
#3033 = CARTESIAN_POINT('',(-10.,-54.89,199.));
#3034 = LINE('',#3035,#3036);
#3035 = CARTESIAN_POINT('',(-29.5,-54.89,199.));
#3036 = VECTOR('',#3037,1.);
#3037 = DIRECTION('',(-1.,0.,0.));
#3038 = ORIENTED_EDGE('',*,*,#3039,.T.);
#3039 = EDGE_CURVE('',#3032,#3040,#3042,.T.);
#3040 = VERTEX_POINT('',#3041);
#3041 = CARTESIAN_POINT('',(-10.,-61.39,199.));
#3042 = LINE('',#3043,#3044);
#3043 = CARTESIAN_POINT('',(-10.,-50.64,199.));
#3044 = VECTOR('',#3045,1.);
#3045 = DIRECTION('',(-0.,-1.,-0.));
#3046 = ORIENTED_EDGE('',*,*,#3047,.F.);
#3047 = EDGE_CURVE('',#3048,#3040,#3050,.T.);
#3048 = VERTEX_POINT('',#3049);
#3049 = CARTESIAN_POINT('',(10.,-61.39,199.));
#3050 = LINE('',#3051,#3052);
#3051 = CARTESIAN_POINT('',(-29.5,-61.39,199.));
#3052 = VECTOR('',#3053,1.);
#3053 = DIRECTION('',(-1.,0.,0.));
#3054 = ORIENTED_EDGE('',*,*,#3055,.F.);
#3055 = EDGE_CURVE('',#3030,#3048,#3056,.T.);
#3056 = LINE('',#3057,#3058);
#3057 = CARTESIAN_POINT('',(10.,-50.64,199.));
#3058 = VECTOR('',#3059,1.);
#3059 = DIRECTION('',(-0.,-1.,-0.));
#3060 = FACE_BOUND('',#3061,.T.);
#3061 = EDGE_LOOP('',(#3062));
#3062 = ORIENTED_EDGE('',*,*,#3063,.F.);
#3063 = EDGE_CURVE('',#3064,#3064,#3066,.T.);
#3064 = VERTEX_POINT('',#3065);
#3065 = CARTESIAN_POINT('',(-38.9,-61.39,199.));
#3066 = CIRCLE('',#3067,3.1);
#3067 = AXIS2_PLACEMENT_3D('',#3068,#3069,#3070);
#3068 = CARTESIAN_POINT('',(-42.,-61.39,199.));
#3069 = DIRECTION('',(0.,0.,-1.));
#3070 = DIRECTION('',(1.,0.,0.));
#3071 = FACE_BOUND('',#3072,.T.);
#3072 = EDGE_LOOP('',(#3073));
#3073 = ORIENTED_EDGE('',*,*,#3074,.F.);
#3074 = EDGE_CURVE('',#3075,#3075,#3077,.T.);
#3075 = VERTEX_POINT('',#3076);
#3076 = CARTESIAN_POINT('',(45.1,-61.39,199.));
#3077 = CIRCLE('',#3078,3.1);
#3078 = AXIS2_PLACEMENT_3D('',#3079,#3080,#3081);
#3079 = CARTESIAN_POINT('',(42.,-61.39,199.));
#3080 = DIRECTION('',(0.,0.,-1.));
#3081 = DIRECTION('',(1.,0.,0.));
#3082 = PLANE('',#3083);
#3083 = AXIS2_PLACEMENT_3D('',#3084,#3085,#3086);
#3084 = CARTESIAN_POINT('',(-49.,-46.39,199.));
#3085 = DIRECTION('',(0.,0.,1.));
#3086 = DIRECTION('',(-1.,0.,0.));
#3087 = ADVANCED_FACE('',(#3088),#3106,.T.);
#3088 = FACE_BOUND('',#3089,.F.);
#3089 = EDGE_LOOP('',(#3090,#3091,#3092,#3100));
#3090 = ORIENTED_EDGE('',*,*,#2947,.F.);
#3091 = ORIENTED_EDGE('',*,*,#2456,.T.);
#3092 = ORIENTED_EDGE('',*,*,#3093,.T.);
#3093 = EDGE_CURVE('',#2449,#3094,#3096,.T.);
#3094 = VERTEX_POINT('',#3095);
#3095 = CARTESIAN_POINT('',(-49.,-50.39,92.));
#3096 = LINE('',#3097,#3098);
#3097 = CARTESIAN_POINT('',(-49.,-46.89,92.));
#3098 = VECTOR('',#3099,1.);
#3099 = DIRECTION('',(-0.,-1.,-0.));
#3100 = ORIENTED_EDGE('',*,*,#3101,.T.);
#3101 = EDGE_CURVE('',#3094,#2948,#3102,.T.);
#3102 = LINE('',#3103,#3104);
#3103 = CARTESIAN_POINT('',(-49.,-50.39,91.));
#3104 = VECTOR('',#3105,1.);
#3105 = DIRECTION('',(0.,0.,1.));
#3106 = PLANE('',#3107);
#3107 = AXIS2_PLACEMENT_3D('',#3108,#3109,#3110);
#3108 = CARTESIAN_POINT('',(-49.,-46.39,91.));
#3109 = DIRECTION('',(1.,0.,0.));
#3110 = DIRECTION('',(0.,0.,-1.));
#3111 = ADVANCED_FACE('',(#3112),#3155,.F.);
#3112 = FACE_BOUND('',#3113,.T.);
#3113 = EDGE_LOOP('',(#3114,#3122,#3123,#3124,#3125,#3133,#3141,#3149));
#3114 = ORIENTED_EDGE('',*,*,#3115,.F.);
#3115 = EDGE_CURVE('',#2722,#3116,#3118,.T.);
#3116 = VERTEX_POINT('',#3117);
#3117 = CARTESIAN_POINT('',(-49.,-102.39,92.));
#3118 = LINE('',#3119,#3120);
#3119 = CARTESIAN_POINT('',(-52.,-102.39,92.));
#3120 = VECTOR('',#3121,1.);
#3121 = DIRECTION('',(1.,0.,0.));
#3122 = ORIENTED_EDGE('',*,*,#2721,.F.);
#3123 = ORIENTED_EDGE('',*,*,#2448,.T.);
#3124 = ORIENTED_EDGE('',*,*,#3093,.T.);
#3125 = ORIENTED_EDGE('',*,*,#3126,.T.);
#3126 = EDGE_CURVE('',#3094,#3127,#3129,.T.);
#3127 = VERTEX_POINT('',#3128);
#3128 = CARTESIAN_POINT('',(-50.6,-50.39,92.));
#3129 = LINE('',#3130,#3131);
#3130 = CARTESIAN_POINT('',(-51.3,-50.39,92.));
#3131 = VECTOR('',#3132,1.);
#3132 = DIRECTION('',(-1.,0.,0.));
#3133 = ORIENTED_EDGE('',*,*,#3134,.T.);
#3134 = EDGE_CURVE('',#3127,#3135,#3137,.T.);
#3135 = VERTEX_POINT('',#3136);
#3136 = CARTESIAN_POINT('',(-50.6,-53.89,92.));
#3137 = LINE('',#3138,#3139);
#3138 = CARTESIAN_POINT('',(-50.6,-48.89,92.));
#3139 = VECTOR('',#3140,1.);
#3140 = DIRECTION('',(-0.,-1.,-0.));
#3141 = ORIENTED_EDGE('',*,*,#3142,.F.);
#3142 = EDGE_CURVE('',#3143,#3135,#3145,.T.);
#3143 = VERTEX_POINT('',#3144);
#3144 = CARTESIAN_POINT('',(-49.,-53.89,92.));
#3145 = LINE('',#3146,#3147);
#3146 = CARTESIAN_POINT('',(-51.3,-53.89,92.));
#3147 = VECTOR('',#3148,1.);
#3148 = DIRECTION('',(-1.,0.,0.));
#3149 = ORIENTED_EDGE('',*,*,#3150,.T.);
#3150 = EDGE_CURVE('',#3143,#3116,#3151,.T.);
#3151 = LINE('',#3152,#3153);
#3152 = CARTESIAN_POINT('',(-49.,-46.89,92.));
#3153 = VECTOR('',#3154,1.);
#3154 = DIRECTION('',(-0.,-1.,-0.));
#3155 = PLANE('',#3156);
#3156 = AXIS2_PLACEMENT_3D('',#3157,#3158,#3159);
#3157 = CARTESIAN_POINT('',(-52.,-47.39,92.));
#3158 = DIRECTION('',(0.,0.,1.));
#3159 = DIRECTION('',(-1.,0.,0.));
#3160 = ADVANCED_FACE('',(#3161),#3180,.F.);
#3161 = FACE_BOUND('',#3162,.F.);
#3162 = EDGE_LOOP('',(#3163,#3164,#3172,#3179));
#3163 = ORIENTED_EDGE('',*,*,#2528,.F.);
#3164 = ORIENTED_EDGE('',*,*,#3165,.F.);
#3165 = EDGE_CURVE('',#3166,#2529,#3168,.T.);
#3166 = VERTEX_POINT('',#3167);
#3167 = CARTESIAN_POINT('',(-20.4,-22.,207.4));
#3168 = LINE('',#3169,#3170);
#3169 = CARTESIAN_POINT('',(-20.4,-22.,206.41));
#3170 = VECTOR('',#3171,1.);
#3171 = DIRECTION('',(0.,0.,1.));
#3172 = ORIENTED_EDGE('',*,*,#3173,.T.);
#3173 = EDGE_CURVE('',#3166,#3166,#3174,.T.);
#3174 = CIRCLE('',#3175,1.6);
#3175 = AXIS2_PLACEMENT_3D('',#3176,#3177,#3178);
#3176 = CARTESIAN_POINT('',(-22.,-22.,207.4));
#3177 = DIRECTION('',(0.,0.,1.));
#3178 = DIRECTION('',(1.,0.,0.));
#3179 = ORIENTED_EDGE('',*,*,#3165,.T.);
#3180 = CYLINDRICAL_SURFACE('',#3181,1.6);
#3181 = AXIS2_PLACEMENT_3D('',#3182,#3183,#3184);
#3182 = CARTESIAN_POINT('',(-22.,-22.,206.41));
#3183 = DIRECTION('',(0.,0.,1.));
#3184 = DIRECTION('',(1.,0.,0.));
#3185 = ADVANCED_FACE('',(#3186),#3205,.T.);
#3186 = FACE_BOUND('',#3187,.T.);
#3187 = EDGE_LOOP('',(#3188,#3197,#3203,#3204));
#3188 = ORIENTED_EDGE('',*,*,#3189,.F.);
#3189 = EDGE_CURVE('',#3190,#3190,#3192,.T.);
#3190 = VERTEX_POINT('',#3191);
#3191 = CARTESIAN_POINT('',(-12.,-15.,218.4));
#3192 = CIRCLE('',#3193,3.);
#3193 = AXIS2_PLACEMENT_3D('',#3194,#3195,#3196);
#3194 = CARTESIAN_POINT('',(-15.,-15.,218.4));
#3195 = DIRECTION('',(0.,0.,1.));
#3196 = DIRECTION('',(1.,0.,0.));
#3197 = ORIENTED_EDGE('',*,*,#3198,.F.);
#3198 = EDGE_CURVE('',#2540,#3190,#3199,.T.);
#3199 = LINE('',#3200,#3201);
#3200 = CARTESIAN_POINT('',(-12.,-15.,210.4));
#3201 = VECTOR('',#3202,1.);
#3202 = DIRECTION('',(0.,0.,1.));
#3203 = ORIENTED_EDGE('',*,*,#2539,.T.);
#3204 = ORIENTED_EDGE('',*,*,#3198,.T.);
#3205 = CYLINDRICAL_SURFACE('',#3206,3.);
#3206 = AXIS2_PLACEMENT_3D('',#3207,#3208,#3209);
#3207 = CARTESIAN_POINT('',(-15.,-15.,210.4));
#3208 = DIRECTION('',(0.,0.,1.));
#3209 = DIRECTION('',(1.,0.,0.));
#3210 = ADVANCED_FACE('',(#3211),#3230,.F.);
#3211 = FACE_BOUND('',#3212,.F.);
#3212 = EDGE_LOOP('',(#3213,#3214,#3222,#3229));
#3213 = ORIENTED_EDGE('',*,*,#2550,.F.);
#3214 = ORIENTED_EDGE('',*,*,#3215,.F.);
#3215 = EDGE_CURVE('',#3216,#2551,#3218,.T.);
#3216 = VERTEX_POINT('',#3217);
#3217 = CARTESIAN_POINT('',(23.6,-22.,207.4));
#3218 = LINE('',#3219,#3220);
#3219 = CARTESIAN_POINT('',(23.6,-22.,206.41));
#3220 = VECTOR('',#3221,1.);
#3221 = DIRECTION('',(0.,0.,1.));
#3222 = ORIENTED_EDGE('',*,*,#3223,.T.);
#3223 = EDGE_CURVE('',#3216,#3216,#3224,.T.);
#3224 = CIRCLE('',#3225,1.6);
#3225 = AXIS2_PLACEMENT_3D('',#3226,#3227,#3228);
#3226 = CARTESIAN_POINT('',(22.,-22.,207.4));
#3227 = DIRECTION('',(0.,0.,1.));
#3228 = DIRECTION('',(1.,0.,0.));
#3229 = ORIENTED_EDGE('',*,*,#3215,.T.);
#3230 = CYLINDRICAL_SURFACE('',#3231,1.6);
#3231 = AXIS2_PLACEMENT_3D('',#3232,#3233,#3234);
#3232 = CARTESIAN_POINT('',(22.,-22.,206.41));
#3233 = DIRECTION('',(0.,0.,1.));
#3234 = DIRECTION('',(1.,0.,0.));
#3235 = ADVANCED_FACE('',(#3236),#3255,.T.);
#3236 = FACE_BOUND('',#3237,.T.);
#3237 = EDGE_LOOP('',(#3238,#3247,#3253,#3254));
#3238 = ORIENTED_EDGE('',*,*,#3239,.F.);
#3239 = EDGE_CURVE('',#3240,#3240,#3242,.T.);
#3240 = VERTEX_POINT('',#3241);
#3241 = CARTESIAN_POINT('',(18.,-15.,218.4));
#3242 = CIRCLE('',#3243,3.);
#3243 = AXIS2_PLACEMENT_3D('',#3244,#3245,#3246);
#3244 = CARTESIAN_POINT('',(15.,-15.,218.4));
#3245 = DIRECTION('',(0.,0.,1.));
#3246 = DIRECTION('',(1.,0.,0.));
#3247 = ORIENTED_EDGE('',*,*,#3248,.F.);
#3248 = EDGE_CURVE('',#2562,#3240,#3249,.T.);
#3249 = LINE('',#3250,#3251);
#3250 = CARTESIAN_POINT('',(18.,-15.,210.4));
#3251 = VECTOR('',#3252,1.);
#3252 = DIRECTION('',(0.,0.,1.));
#3253 = ORIENTED_EDGE('',*,*,#2561,.T.);
#3254 = ORIENTED_EDGE('',*,*,#3248,.T.);
#3255 = CYLINDRICAL_SURFACE('',#3256,3.);
#3256 = AXIS2_PLACEMENT_3D('',#3257,#3258,#3259);
#3257 = CARTESIAN_POINT('',(15.,-15.,210.4));
#3258 = DIRECTION('',(0.,0.,1.));
#3259 = DIRECTION('',(1.,0.,0.));
#3260 = ADVANCED_FACE('',(#3261),#3280,.T.);
#3261 = FACE_BOUND('',#3262,.T.);
#3262 = EDGE_LOOP('',(#3263,#3272,#3278,#3279));
#3263 = ORIENTED_EDGE('',*,*,#3264,.F.);
#3264 = EDGE_CURVE('',#3265,#3265,#3267,.T.);
#3265 = VERTEX_POINT('',#3266);
#3266 = CARTESIAN_POINT('',(-12.,15.,218.4));
#3267 = CIRCLE('',#3268,3.);
#3268 = AXIS2_PLACEMENT_3D('',#3269,#3270,#3271);
#3269 = CARTESIAN_POINT('',(-15.,15.,218.4));
#3270 = DIRECTION('',(0.,0.,1.));
#3271 = DIRECTION('',(1.,0.,0.));
#3272 = ORIENTED_EDGE('',*,*,#3273,.F.);
#3273 = EDGE_CURVE('',#2573,#3265,#3274,.T.);
#3274 = LINE('',#3275,#3276);
#3275 = CARTESIAN_POINT('',(-12.,15.,210.4));
#3276 = VECTOR('',#3277,1.);
#3277 = DIRECTION('',(0.,0.,1.));
#3278 = ORIENTED_EDGE('',*,*,#2572,.T.);
#3279 = ORIENTED_EDGE('',*,*,#3273,.T.);
#3280 = CYLINDRICAL_SURFACE('',#3281,3.);
#3281 = AXIS2_PLACEMENT_3D('',#3282,#3283,#3284);
#3282 = CARTESIAN_POINT('',(-15.,15.,210.4));
#3283 = DIRECTION('',(0.,0.,1.));
#3284 = DIRECTION('',(1.,0.,0.));
#3285 = ADVANCED_FACE('',(#3286),#3305,.F.);
#3286 = FACE_BOUND('',#3287,.F.);
#3287 = EDGE_LOOP('',(#3288,#3289,#3297,#3304));
#3288 = ORIENTED_EDGE('',*,*,#2583,.F.);
#3289 = ORIENTED_EDGE('',*,*,#3290,.F.);
#3290 = EDGE_CURVE('',#3291,#2584,#3293,.T.);
#3291 = VERTEX_POINT('',#3292);
#3292 = CARTESIAN_POINT('',(-20.4,22.,207.4));
#3293 = LINE('',#3294,#3295);
#3294 = CARTESIAN_POINT('',(-20.4,22.,206.41));
#3295 = VECTOR('',#3296,1.);
#3296 = DIRECTION('',(0.,0.,1.));
#3297 = ORIENTED_EDGE('',*,*,#3298,.T.);
#3298 = EDGE_CURVE('',#3291,#3291,#3299,.T.);
#3299 = CIRCLE('',#3300,1.6);
#3300 = AXIS2_PLACEMENT_3D('',#3301,#3302,#3303);
#3301 = CARTESIAN_POINT('',(-22.,22.,207.4));
#3302 = DIRECTION('',(0.,0.,1.));
#3303 = DIRECTION('',(1.,0.,0.));
#3304 = ORIENTED_EDGE('',*,*,#3290,.T.);
#3305 = CYLINDRICAL_SURFACE('',#3306,1.6);
#3306 = AXIS2_PLACEMENT_3D('',#3307,#3308,#3309);
#3307 = CARTESIAN_POINT('',(-22.,22.,206.41));
#3308 = DIRECTION('',(0.,0.,1.));
#3309 = DIRECTION('',(1.,0.,0.));
#3310 = ADVANCED_FACE('',(#3311),#3330,.F.);
#3311 = FACE_BOUND('',#3312,.F.);
#3312 = EDGE_LOOP('',(#3313,#3314,#3322,#3329));
#3313 = ORIENTED_EDGE('',*,*,#2594,.F.);
#3314 = ORIENTED_EDGE('',*,*,#3315,.F.);
#3315 = EDGE_CURVE('',#3316,#2595,#3318,.T.);
#3316 = VERTEX_POINT('',#3317);
#3317 = CARTESIAN_POINT('',(17.,-4.163799117101E-15,207.4));
#3318 = LINE('',#3319,#3320);
#3319 = CARTESIAN_POINT('',(17.,-4.163799117101E-15,206.4));
#3320 = VECTOR('',#3321,1.);
#3321 = DIRECTION('',(0.,0.,1.));
#3322 = ORIENTED_EDGE('',*,*,#3323,.T.);
#3323 = EDGE_CURVE('',#3316,#3316,#3324,.T.);
#3324 = CIRCLE('',#3325,17.);
#3325 = AXIS2_PLACEMENT_3D('',#3326,#3327,#3328);
#3326 = CARTESIAN_POINT('',(0.,0.,207.4));
#3327 = DIRECTION('',(0.,0.,1.));
#3328 = DIRECTION('',(1.,0.,0.));
#3329 = ORIENTED_EDGE('',*,*,#3315,.T.);
#3330 = CYLINDRICAL_SURFACE('',#3331,17.);
#3331 = AXIS2_PLACEMENT_3D('',#3332,#3333,#3334);
#3332 = CARTESIAN_POINT('',(0.,0.,206.4));
#3333 = DIRECTION('',(0.,0.,1.));
#3334 = DIRECTION('',(1.,0.,0.));
#3335 = ADVANCED_FACE('',(#3336),#3355,.T.);
#3336 = FACE_BOUND('',#3337,.T.);
#3337 = EDGE_LOOP('',(#3338,#3347,#3353,#3354));
#3338 = ORIENTED_EDGE('',*,*,#3339,.F.);
#3339 = EDGE_CURVE('',#3340,#3340,#3342,.T.);
#3340 = VERTEX_POINT('',#3341);
#3341 = CARTESIAN_POINT('',(18.,15.,218.4));
#3342 = CIRCLE('',#3343,3.);
#3343 = AXIS2_PLACEMENT_3D('',#3344,#3345,#3346);
#3344 = CARTESIAN_POINT('',(15.,15.,218.4));
#3345 = DIRECTION('',(0.,0.,1.));
#3346 = DIRECTION('',(1.,0.,0.));
#3347 = ORIENTED_EDGE('',*,*,#3348,.F.);
#3348 = EDGE_CURVE('',#2606,#3340,#3349,.T.);
#3349 = LINE('',#3350,#3351);
#3350 = CARTESIAN_POINT('',(18.,15.,210.4));
#3351 = VECTOR('',#3352,1.);
#3352 = DIRECTION('',(0.,0.,1.));
#3353 = ORIENTED_EDGE('',*,*,#2605,.T.);
#3354 = ORIENTED_EDGE('',*,*,#3348,.T.);
#3355 = CYLINDRICAL_SURFACE('',#3356,3.);
#3356 = AXIS2_PLACEMENT_3D('',#3357,#3358,#3359);
#3357 = CARTESIAN_POINT('',(15.,15.,210.4));
#3358 = DIRECTION('',(0.,0.,1.));
#3359 = DIRECTION('',(1.,0.,0.));
#3360 = ADVANCED_FACE('',(#3361),#3380,.F.);
#3361 = FACE_BOUND('',#3362,.F.);
#3362 = EDGE_LOOP('',(#3363,#3364,#3372,#3379));
#3363 = ORIENTED_EDGE('',*,*,#2616,.F.);
#3364 = ORIENTED_EDGE('',*,*,#3365,.F.);
#3365 = EDGE_CURVE('',#3366,#2617,#3368,.T.);
#3366 = VERTEX_POINT('',#3367);
#3367 = CARTESIAN_POINT('',(23.6,22.,207.4));
#3368 = LINE('',#3369,#3370);
#3369 = CARTESIAN_POINT('',(23.6,22.,206.41));
#3370 = VECTOR('',#3371,1.);
#3371 = DIRECTION('',(0.,0.,1.));
#3372 = ORIENTED_EDGE('',*,*,#3373,.T.);
#3373 = EDGE_CURVE('',#3366,#3366,#3374,.T.);
#3374 = CIRCLE('',#3375,1.6);
#3375 = AXIS2_PLACEMENT_3D('',#3376,#3377,#3378);
#3376 = CARTESIAN_POINT('',(22.,22.,207.4));
#3377 = DIRECTION('',(0.,0.,1.));
#3378 = DIRECTION('',(1.,0.,0.));
#3379 = ORIENTED_EDGE('',*,*,#3365,.T.);
#3380 = CYLINDRICAL_SURFACE('',#3381,1.6);
#3381 = AXIS2_PLACEMENT_3D('',#3382,#3383,#3384);
#3382 = CARTESIAN_POINT('',(22.,22.,206.41));
#3383 = DIRECTION('',(0.,0.,1.));
#3384 = DIRECTION('',(1.,0.,0.));
#3385 = ADVANCED_FACE('',(#3386),#3411,.T.);
#3386 = FACE_BOUND('',#3387,.T.);
#3387 = EDGE_LOOP('',(#3388,#3396,#3397,#3405));
#3388 = ORIENTED_EDGE('',*,*,#3389,.F.);
#3389 = EDGE_CURVE('',#2669,#3390,#3392,.T.);
#3390 = VERTEX_POINT('',#3391);
#3391 = CARTESIAN_POINT('',(85.,-44.39,207.4));
#3392 = LINE('',#3393,#3394);
#3393 = CARTESIAN_POINT('',(85.,-44.39,49.));
#3394 = VECTOR('',#3395,1.);
#3395 = DIRECTION('',(0.,0.,1.));
#3396 = ORIENTED_EDGE('',*,*,#2668,.T.);
#3397 = ORIENTED_EDGE('',*,*,#3398,.T.);
#3398 = EDGE_CURVE('',#2671,#3399,#3401,.T.);
#3399 = VERTEX_POINT('',#3400);
#3400 = CARTESIAN_POINT('',(-85.,-44.39,207.4));
#3401 = LINE('',#3402,#3403);
#3402 = CARTESIAN_POINT('',(-85.,-44.39,49.));
#3403 = VECTOR('',#3404,1.);
#3404 = DIRECTION('',(0.,0.,1.));
#3405 = ORIENTED_EDGE('',*,*,#3406,.T.);
#3406 = EDGE_CURVE('',#3399,#3390,#3407,.T.);
#3407 = LINE('',#3408,#3409);
#3408 = CARTESIAN_POINT('',(-85.,-44.39,207.4));
#3409 = VECTOR('',#3410,1.);
#3410 = DIRECTION('',(1.,0.,0.));
#3411 = PLANE('',#3412);
#3412 = AXIS2_PLACEMENT_3D('',#3413,#3414,#3415);
#3413 = CARTESIAN_POINT('',(-85.,-44.39,49.));
#3414 = DIRECTION('',(0.,1.,0.));
#3415 = DIRECTION('',(0.,0.,1.));
#3416 = ADVANCED_FACE('',(#3417),#3435,.F.);
#3417 = FACE_BOUND('',#3418,.F.);
#3418 = EDGE_LOOP('',(#3419,#3420,#3421,#3429));
#3419 = ORIENTED_EDGE('',*,*,#3389,.F.);
#3420 = ORIENTED_EDGE('',*,*,#2694,.T.);
#3421 = ORIENTED_EDGE('',*,*,#3422,.T.);
#3422 = EDGE_CURVE('',#2687,#3423,#3425,.T.);
#3423 = VERTEX_POINT('',#3424);
#3424 = CARTESIAN_POINT('',(85.,56.,207.4));
#3425 = LINE('',#3426,#3427);
#3426 = CARTESIAN_POINT('',(85.,56.,49.));
#3427 = VECTOR('',#3428,1.);
#3428 = DIRECTION('',(0.,0.,1.));
#3429 = ORIENTED_EDGE('',*,*,#3430,.F.);
#3430 = EDGE_CURVE('',#3390,#3423,#3431,.T.);
#3431 = LINE('',#3432,#3433);
#3432 = CARTESIAN_POINT('',(85.,-44.39,207.4));
#3433 = VECTOR('',#3434,1.);
#3434 = DIRECTION('',(0.,1.,0.));
#3435 = PLANE('',#3436);
#3436 = AXIS2_PLACEMENT_3D('',#3437,#3438,#3439);
#3437 = CARTESIAN_POINT('',(85.,-44.39,49.));
#3438 = DIRECTION('',(1.,0.,0.));
#3439 = DIRECTION('',(0.,0.,1.));
#3440 = ADVANCED_FACE('',(#3441),#3459,.F.);
#3441 = FACE_BOUND('',#3442,.F.);
#3442 = EDGE_LOOP('',(#3443,#3444,#3445,#3453));
#3443 = ORIENTED_EDGE('',*,*,#3422,.F.);
#3444 = ORIENTED_EDGE('',*,*,#2686,.T.);
#3445 = ORIENTED_EDGE('',*,*,#3446,.T.);
#3446 = EDGE_CURVE('',#2679,#3447,#3449,.T.);
#3447 = VERTEX_POINT('',#3448);
#3448 = CARTESIAN_POINT('',(-85.,56.,207.4));
#3449 = LINE('',#3450,#3451);
#3450 = CARTESIAN_POINT('',(-85.,56.,49.));
#3451 = VECTOR('',#3452,1.);
#3452 = DIRECTION('',(0.,0.,1.));
#3453 = ORIENTED_EDGE('',*,*,#3454,.T.);
#3454 = EDGE_CURVE('',#3447,#3423,#3455,.T.);
#3455 = LINE('',#3456,#3457);
#3456 = CARTESIAN_POINT('',(-85.,56.,207.4));
#3457 = VECTOR('',#3458,1.);
#3458 = DIRECTION('',(1.,0.,0.));
#3459 = PLANE('',#3460);
#3460 = AXIS2_PLACEMENT_3D('',#3461,#3462,#3463);
#3461 = CARTESIAN_POINT('',(-85.,56.,49.));
#3462 = DIRECTION('',(0.,1.,0.));
#3463 = DIRECTION('',(0.,0.,1.));
#3464 = ADVANCED_FACE('',(#3465),#3476,.T.);
#3465 = FACE_BOUND('',#3466,.T.);
#3466 = EDGE_LOOP('',(#3467,#3468,#3469,#3470));
#3467 = ORIENTED_EDGE('',*,*,#3398,.F.);
#3468 = ORIENTED_EDGE('',*,*,#2678,.T.);
#3469 = ORIENTED_EDGE('',*,*,#3446,.T.);
#3470 = ORIENTED_EDGE('',*,*,#3471,.F.);
#3471 = EDGE_CURVE('',#3399,#3447,#3472,.T.);
#3472 = LINE('',#3473,#3474);
#3473 = CARTESIAN_POINT('',(-85.,-44.39,207.4));
#3474 = VECTOR('',#3475,1.);
#3475 = DIRECTION('',(0.,1.,0.));
#3476 = PLANE('',#3477);
#3477 = AXIS2_PLACEMENT_3D('',#3478,#3479,#3480);
#3478 = CARTESIAN_POINT('',(-85.,-44.39,49.));
#3479 = DIRECTION('',(1.,0.,0.));
#3480 = DIRECTION('',(0.,0.,1.));
#3481 = ADVANCED_FACE('',(#3482),#3502,.T.);
#3482 = FACE_BOUND('',#3483,.F.);
#3483 = EDGE_LOOP('',(#3484,#3485,#3486,#3487,#3488,#3489,#3495,#3496));
#3484 = ORIENTED_EDGE('',*,*,#3115,.F.);
#3485 = ORIENTED_EDGE('',*,*,#2729,.T.);
#3486 = ORIENTED_EDGE('',*,*,#2761,.T.);
#3487 = ORIENTED_EDGE('',*,*,#2818,.F.);
#3488 = ORIENTED_EDGE('',*,*,#2867,.F.);
#3489 = ORIENTED_EDGE('',*,*,#3490,.F.);
#3490 = EDGE_CURVE('',#2982,#2868,#3491,.T.);
#3491 = LINE('',#3492,#3493);
#3492 = CARTESIAN_POINT('',(49.,-102.39,91.5));
#3493 = VECTOR('',#3494,1.);
#3494 = DIRECTION('',(-0.,-0.,-1.));
#3495 = ORIENTED_EDGE('',*,*,#2989,.F.);
#3496 = ORIENTED_EDGE('',*,*,#3497,.T.);
#3497 = EDGE_CURVE('',#2990,#3116,#3498,.T.);
#3498 = LINE('',#3499,#3500);
#3499 = CARTESIAN_POINT('',(-49.,-102.39,91.5));
#3500 = VECTOR('',#3501,1.);
#3501 = DIRECTION('',(-0.,-0.,-1.));
#3502 = PLANE('',#3503);
#3503 = AXIS2_PLACEMENT_3D('',#3504,#3505,#3506);
#3504 = CARTESIAN_POINT('',(-52.,-102.39,92.));
#3505 = DIRECTION('',(-0.,-1.,-0.));
#3506 = DIRECTION('',(0.,0.,-1.));
#3507 = ADVANCED_FACE('',(#3508),#3524,.T.);
#3508 = FACE_BOUND('',#3509,.F.);
#3509 = EDGE_LOOP('',(#3510,#3516,#3517,#3523));
#3510 = ORIENTED_EDGE('',*,*,#3511,.F.);
#3511 = EDGE_CURVE('',#3030,#2770,#3512,.T.);
#3512 = LINE('',#3513,#3514);
#3513 = CARTESIAN_POINT('',(10.,-54.89,198.));
#3514 = VECTOR('',#3515,1.);
#3515 = DIRECTION('',(0.,0.,1.));
#3516 = ORIENTED_EDGE('',*,*,#3029,.T.);
#3517 = ORIENTED_EDGE('',*,*,#3518,.T.);
#3518 = EDGE_CURVE('',#3032,#2772,#3519,.T.);
#3519 = LINE('',#3520,#3521);
#3520 = CARTESIAN_POINT('',(-10.,-54.89,198.));
#3521 = VECTOR('',#3522,1.);
#3522 = DIRECTION('',(0.,0.,1.));
#3523 = ORIENTED_EDGE('',*,*,#2769,.F.);
#3524 = PLANE('',#3525);
#3525 = AXIS2_PLACEMENT_3D('',#3526,#3527,#3528);
#3526 = CARTESIAN_POINT('',(-10.,-54.89,198.));
#3527 = DIRECTION('',(-0.,-1.,-0.));
#3528 = DIRECTION('',(0.,0.,-1.));
#3529 = ADVANCED_FACE('',(#3530),#3541,.F.);
#3530 = FACE_BOUND('',#3531,.T.);
#3531 = EDGE_LOOP('',(#3532,#3533,#3534,#3540));
#3532 = ORIENTED_EDGE('',*,*,#3511,.F.);
#3533 = ORIENTED_EDGE('',*,*,#3055,.T.);
#3534 = ORIENTED_EDGE('',*,*,#3535,.T.);
#3535 = EDGE_CURVE('',#3048,#2788,#3536,.T.);
#3536 = LINE('',#3537,#3538);
#3537 = CARTESIAN_POINT('',(10.,-61.39,198.));
#3538 = VECTOR('',#3539,1.);
#3539 = DIRECTION('',(0.,0.,1.));
#3540 = ORIENTED_EDGE('',*,*,#2795,.F.);
#3541 = PLANE('',#3542);
#3542 = AXIS2_PLACEMENT_3D('',#3543,#3544,#3545);
#3543 = CARTESIAN_POINT('',(10.,-54.89,198.));
#3544 = DIRECTION('',(1.,0.,0.));
#3545 = DIRECTION('',(0.,0.,-1.));
#3546 = ADVANCED_FACE('',(#3547),#3558,.F.);
#3547 = FACE_BOUND('',#3548,.T.);
#3548 = EDGE_LOOP('',(#3549,#3550,#3551,#3557));
#3549 = ORIENTED_EDGE('',*,*,#3535,.F.);
#3550 = ORIENTED_EDGE('',*,*,#3047,.T.);
#3551 = ORIENTED_EDGE('',*,*,#3552,.T.);
#3552 = EDGE_CURVE('',#3040,#2780,#3553,.T.);
#3553 = LINE('',#3554,#3555);
#3554 = CARTESIAN_POINT('',(-10.,-61.39,198.));
#3555 = VECTOR('',#3556,1.);
#3556 = DIRECTION('',(0.,0.,1.));
#3557 = ORIENTED_EDGE('',*,*,#2787,.F.);
#3558 = PLANE('',#3559);
#3559 = AXIS2_PLACEMENT_3D('',#3560,#3561,#3562);
#3560 = CARTESIAN_POINT('',(-10.,-61.39,198.));
#3561 = DIRECTION('',(-0.,-1.,-0.));
#3562 = DIRECTION('',(0.,0.,-1.));
#3563 = ADVANCED_FACE('',(#3564),#3570,.T.);
#3564 = FACE_BOUND('',#3565,.F.);
#3565 = EDGE_LOOP('',(#3566,#3567,#3568,#3569));
#3566 = ORIENTED_EDGE('',*,*,#3518,.F.);
#3567 = ORIENTED_EDGE('',*,*,#3039,.T.);
#3568 = ORIENTED_EDGE('',*,*,#3552,.T.);
#3569 = ORIENTED_EDGE('',*,*,#2779,.F.);
#3570 = PLANE('',#3571);
#3571 = AXIS2_PLACEMENT_3D('',#3572,#3573,#3574);
#3572 = CARTESIAN_POINT('',(-10.,-54.89,198.));
#3573 = DIRECTION('',(1.,0.,0.));
#3574 = DIRECTION('',(0.,0.,-1.));
#3575 = ADVANCED_FACE('',(#3576),#3601,.T.);
#3576 = FACE_BOUND('',#3577,.F.);
#3577 = EDGE_LOOP('',(#3578,#3586,#3594,#3600));
#3578 = ORIENTED_EDGE('',*,*,#3579,.F.);
#3579 = EDGE_CURVE('',#3580,#2828,#3582,.T.);
#3580 = VERTEX_POINT('',#3581);
#3581 = CARTESIAN_POINT('',(49.,-99.39,98.));
#3582 = LINE('',#3583,#3584);
#3583 = CARTESIAN_POINT('',(48.,-99.39,98.));
#3584 = VECTOR('',#3585,1.);
#3585 = DIRECTION('',(1.,0.,0.));
#3586 = ORIENTED_EDGE('',*,*,#3587,.T.);
#3587 = EDGE_CURVE('',#3580,#3588,#3590,.T.);
#3588 = VERTEX_POINT('',#3589);
#3589 = CARTESIAN_POINT('',(49.,-54.39,98.));
#3590 = LINE('',#3591,#3592);
#3591 = CARTESIAN_POINT('',(49.,-50.39,98.));
#3592 = VECTOR('',#3593,1.);
#3593 = DIRECTION('',(0.,1.,0.));
#3594 = ORIENTED_EDGE('',*,*,#3595,.T.);
#3595 = EDGE_CURVE('',#3588,#2830,#3596,.T.);
#3596 = LINE('',#3597,#3598);
#3597 = CARTESIAN_POINT('',(48.,-54.39,98.));
#3598 = VECTOR('',#3599,1.);
#3599 = DIRECTION('',(1.,0.,0.));
#3600 = ORIENTED_EDGE('',*,*,#2827,.F.);
#3601 = PLANE('',#3602);
#3602 = AXIS2_PLACEMENT_3D('',#3603,#3604,#3605);
#3603 = CARTESIAN_POINT('',(48.,-54.39,98.));
#3604 = DIRECTION('',(0.,0.,1.));
#3605 = DIRECTION('',(-1.,0.,0.));
#3606 = ADVANCED_FACE('',(#3607),#3625,.F.);
#3607 = FACE_BOUND('',#3608,.T.);
#3608 = EDGE_LOOP('',(#3609,#3610,#3618,#3624));
#3609 = ORIENTED_EDGE('',*,*,#3579,.F.);
#3610 = ORIENTED_EDGE('',*,*,#3611,.T.);
#3611 = EDGE_CURVE('',#3580,#3612,#3614,.T.);
#3612 = VERTEX_POINT('',#3613);
#3613 = CARTESIAN_POINT('',(49.,-99.39,158.));
#3614 = LINE('',#3615,#3616);
#3615 = CARTESIAN_POINT('',(49.,-99.39,94.5));
#3616 = VECTOR('',#3617,1.);
#3617 = DIRECTION('',(0.,0.,1.));
#3618 = ORIENTED_EDGE('',*,*,#3619,.T.);
#3619 = EDGE_CURVE('',#3612,#2846,#3620,.T.);
#3620 = LINE('',#3621,#3622);
#3621 = CARTESIAN_POINT('',(48.,-99.39,158.));
#3622 = VECTOR('',#3623,1.);
#3623 = DIRECTION('',(1.,0.,0.));
#3624 = ORIENTED_EDGE('',*,*,#2853,.F.);
#3625 = PLANE('',#3626);
#3626 = AXIS2_PLACEMENT_3D('',#3627,#3628,#3629);
#3627 = CARTESIAN_POINT('',(48.,-99.39,98.));
#3628 = DIRECTION('',(-0.,-1.,-0.));
#3629 = DIRECTION('',(0.,0.,-1.));
#3630 = ADVANCED_FACE('',(#3631),#3649,.F.);
#3631 = FACE_BOUND('',#3632,.T.);
#3632 = EDGE_LOOP('',(#3633,#3634,#3642,#3648));
#3633 = ORIENTED_EDGE('',*,*,#3619,.F.);
#3634 = ORIENTED_EDGE('',*,*,#3635,.T.);
#3635 = EDGE_CURVE('',#3612,#3636,#3638,.T.);
#3636 = VERTEX_POINT('',#3637);
#3637 = CARTESIAN_POINT('',(49.,-54.39,158.));
#3638 = LINE('',#3639,#3640);
#3639 = CARTESIAN_POINT('',(49.,-50.39,158.));
#3640 = VECTOR('',#3641,1.);
#3641 = DIRECTION('',(0.,1.,0.));
#3642 = ORIENTED_EDGE('',*,*,#3643,.T.);
#3643 = EDGE_CURVE('',#3636,#2838,#3644,.T.);
#3644 = LINE('',#3645,#3646);
#3645 = CARTESIAN_POINT('',(48.,-54.39,158.));
#3646 = VECTOR('',#3647,1.);
#3647 = DIRECTION('',(1.,0.,0.));
#3648 = ORIENTED_EDGE('',*,*,#2845,.F.);
#3649 = PLANE('',#3650);
#3650 = AXIS2_PLACEMENT_3D('',#3651,#3652,#3653);
#3651 = CARTESIAN_POINT('',(48.,-54.39,158.));
#3652 = DIRECTION('',(0.,0.,1.));
#3653 = DIRECTION('',(-1.,0.,0.));
#3654 = ADVANCED_FACE('',(#3655),#3666,.T.);
#3655 = FACE_BOUND('',#3656,.F.);
#3656 = EDGE_LOOP('',(#3657,#3658,#3664,#3665));
#3657 = ORIENTED_EDGE('',*,*,#3595,.F.);
#3658 = ORIENTED_EDGE('',*,*,#3659,.T.);
#3659 = EDGE_CURVE('',#3588,#3636,#3660,.T.);
#3660 = LINE('',#3661,#3662);
#3661 = CARTESIAN_POINT('',(49.,-54.39,94.5));
#3662 = VECTOR('',#3663,1.);
#3663 = DIRECTION('',(0.,0.,1.));
#3664 = ORIENTED_EDGE('',*,*,#3643,.T.);
#3665 = ORIENTED_EDGE('',*,*,#2837,.F.);
#3666 = PLANE('',#3667);
#3667 = AXIS2_PLACEMENT_3D('',#3668,#3669,#3670);
#3668 = CARTESIAN_POINT('',(48.,-54.39,98.));
#3669 = DIRECTION('',(-0.,-1.,-0.));
#3670 = DIRECTION('',(0.,0.,-1.));
#3671 = ADVANCED_FACE('',(#3672),#3699,.T.);
#3672 = FACE_BOUND('',#3673,.F.);
#3673 = EDGE_LOOP('',(#3674,#3682,#3683,#3684,#3685,#3693));
#3674 = ORIENTED_EDGE('',*,*,#3675,.F.);
#3675 = EDGE_CURVE('',#2892,#3676,#3678,.T.);
#3676 = VERTEX_POINT('',#3677);
#3677 = CARTESIAN_POINT('',(50.6,-50.39,199.01));
#3678 = LINE('',#3679,#3680);
#3679 = CARTESIAN_POINT('',(50.6,-50.39,91.));
#3680 = VECTOR('',#3681,1.);
#3681 = DIRECTION('',(0.,0.,1.));
#3682 = ORIENTED_EDGE('',*,*,#2899,.T.);
#3683 = ORIENTED_EDGE('',*,*,#2933,.T.);
#3684 = ORIENTED_EDGE('',*,*,#2957,.T.);
#3685 = ORIENTED_EDGE('',*,*,#3686,.T.);
#3686 = EDGE_CURVE('',#2958,#3687,#3689,.T.);
#3687 = VERTEX_POINT('',#3688);
#3688 = CARTESIAN_POINT('',(48.99,-50.39,199.01));
#3689 = LINE('',#3690,#3691);
#3690 = CARTESIAN_POINT('',(48.99,-50.39,91.));
#3691 = VECTOR('',#3692,1.);
#3692 = DIRECTION('',(0.,0.,1.));
#3693 = ORIENTED_EDGE('',*,*,#3694,.T.);
#3694 = EDGE_CURVE('',#3687,#3676,#3695,.T.);
#3695 = LINE('',#3696,#3697);
#3696 = CARTESIAN_POINT('',(48.99,-50.39,199.01));
#3697 = VECTOR('',#3698,1.);
#3698 = DIRECTION('',(1.,0.,0.));
#3699 = PLANE('',#3700);
#3700 = AXIS2_PLACEMENT_3D('',#3701,#3702,#3703);
#3701 = CARTESIAN_POINT('',(48.99,-50.39,91.));
#3702 = DIRECTION('',(-0.,-1.,-0.));
#3703 = DIRECTION('',(0.,0.,-1.));
#3704 = ADVANCED_FACE('',(#3705),#3723,.F.);
#3705 = FACE_BOUND('',#3706,.T.);
#3706 = EDGE_LOOP('',(#3707,#3708,#3709,#3717));
#3707 = ORIENTED_EDGE('',*,*,#3675,.F.);
#3708 = ORIENTED_EDGE('',*,*,#2891,.T.);
#3709 = ORIENTED_EDGE('',*,*,#3710,.T.);
#3710 = EDGE_CURVE('',#2884,#3711,#3713,.T.);
#3711 = VERTEX_POINT('',#3712);
#3712 = CARTESIAN_POINT('',(50.6,-53.89,199.01));
#3713 = LINE('',#3714,#3715);
#3714 = CARTESIAN_POINT('',(50.6,-53.89,91.));
#3715 = VECTOR('',#3716,1.);
#3716 = DIRECTION('',(0.,0.,1.));
#3717 = ORIENTED_EDGE('',*,*,#3718,.F.);
#3718 = EDGE_CURVE('',#3676,#3711,#3719,.T.);
#3719 = LINE('',#3720,#3721);
#3720 = CARTESIAN_POINT('',(50.6,-50.39,199.01));
#3721 = VECTOR('',#3722,1.);
#3722 = DIRECTION('',(-0.,-1.,-0.));
#3723 = PLANE('',#3724);
#3724 = AXIS2_PLACEMENT_3D('',#3725,#3726,#3727);
#3725 = CARTESIAN_POINT('',(50.6,-50.39,91.));
#3726 = DIRECTION('',(1.,0.,0.));
#3727 = DIRECTION('',(0.,0.,-1.));
#3728 = ADVANCED_FACE('',(#3729),#3754,.F.);
#3729 = FACE_BOUND('',#3730,.T.);
#3730 = EDGE_LOOP('',(#3731,#3732,#3733,#3739,#3740,#3748));
#3731 = ORIENTED_EDGE('',*,*,#3710,.F.);
#3732 = ORIENTED_EDGE('',*,*,#2883,.T.);
#3733 = ORIENTED_EDGE('',*,*,#3734,.T.);
#3734 = EDGE_CURVE('',#2876,#2974,#3735,.T.);
#3735 = LINE('',#3736,#3737);
#3736 = CARTESIAN_POINT('',(49.,-53.89,91.));
#3737 = VECTOR('',#3738,1.);
#3738 = DIRECTION('',(0.,0.,1.));
#3739 = ORIENTED_EDGE('',*,*,#2973,.T.);
#3740 = ORIENTED_EDGE('',*,*,#3741,.T.);
#3741 = EDGE_CURVE('',#2966,#3742,#3744,.T.);
#3742 = VERTEX_POINT('',#3743);
#3743 = CARTESIAN_POINT('',(48.99,-53.89,199.01));
#3744 = LINE('',#3745,#3746);
#3745 = CARTESIAN_POINT('',(48.99,-53.89,91.));
#3746 = VECTOR('',#3747,1.);
#3747 = DIRECTION('',(0.,0.,1.));
#3748 = ORIENTED_EDGE('',*,*,#3749,.T.);
#3749 = EDGE_CURVE('',#3742,#3711,#3750,.T.);
#3750 = LINE('',#3751,#3752);
#3751 = CARTESIAN_POINT('',(48.99,-53.89,199.01));
#3752 = VECTOR('',#3753,1.);
#3753 = DIRECTION('',(1.,0.,0.));
#3754 = PLANE('',#3755);
#3755 = AXIS2_PLACEMENT_3D('',#3756,#3757,#3758);
#3756 = CARTESIAN_POINT('',(48.99,-53.89,91.));
#3757 = DIRECTION('',(-0.,-1.,-0.));
#3758 = DIRECTION('',(0.,0.,-1.));
#3759 = ADVANCED_FACE('',(#3760,#3766),#3772,.F.);
#3760 = FACE_BOUND('',#3761,.T.);
#3761 = EDGE_LOOP('',(#3762,#3763,#3764,#3765));
#3762 = ORIENTED_EDGE('',*,*,#2981,.F.);
#3763 = ORIENTED_EDGE('',*,*,#3734,.F.);
#3764 = ORIENTED_EDGE('',*,*,#2875,.T.);
#3765 = ORIENTED_EDGE('',*,*,#3490,.F.);
#3766 = FACE_BOUND('',#3767,.T.);
#3767 = EDGE_LOOP('',(#3768,#3769,#3770,#3771));
#3768 = ORIENTED_EDGE('',*,*,#3587,.T.);
#3769 = ORIENTED_EDGE('',*,*,#3659,.T.);
#3770 = ORIENTED_EDGE('',*,*,#3635,.F.);
#3771 = ORIENTED_EDGE('',*,*,#3611,.F.);
#3772 = PLANE('',#3773);
#3773 = AXIS2_PLACEMENT_3D('',#3774,#3775,#3776);
#3774 = CARTESIAN_POINT('',(49.,-46.39,91.));
#3775 = DIRECTION('',(1.,0.,0.));
#3776 = DIRECTION('',(0.,0.,-1.));
#3777 = ADVANCED_FACE('',(#3778),#3805,.T.);
#3778 = FACE_BOUND('',#3779,.F.);
#3779 = EDGE_LOOP('',(#3780,#3788,#3789,#3790,#3791,#3799));
#3780 = ORIENTED_EDGE('',*,*,#3781,.F.);
#3781 = EDGE_CURVE('',#3014,#3782,#3784,.T.);
#3782 = VERTEX_POINT('',#3783);
#3783 = CARTESIAN_POINT('',(-48.99,-50.39,199.01));
#3784 = LINE('',#3785,#3786);
#3785 = CARTESIAN_POINT('',(-48.99,-50.39,91.));
#3786 = VECTOR('',#3787,1.);
#3787 = DIRECTION('',(0.,0.,1.));
#3788 = ORIENTED_EDGE('',*,*,#3021,.T.);
#3789 = ORIENTED_EDGE('',*,*,#3101,.F.);
#3790 = ORIENTED_EDGE('',*,*,#3126,.T.);
#3791 = ORIENTED_EDGE('',*,*,#3792,.T.);
#3792 = EDGE_CURVE('',#3127,#3793,#3795,.T.);
#3793 = VERTEX_POINT('',#3794);
#3794 = CARTESIAN_POINT('',(-50.6,-50.39,199.01));
#3795 = LINE('',#3796,#3797);
#3796 = CARTESIAN_POINT('',(-50.6,-50.39,91.));
#3797 = VECTOR('',#3798,1.);
#3798 = DIRECTION('',(0.,0.,1.));
#3799 = ORIENTED_EDGE('',*,*,#3800,.T.);
#3800 = EDGE_CURVE('',#3793,#3782,#3801,.T.);
#3801 = LINE('',#3802,#3803);
#3802 = CARTESIAN_POINT('',(-50.6,-50.39,199.01));
#3803 = VECTOR('',#3804,1.);
#3804 = DIRECTION('',(1.,0.,0.));
#3805 = PLANE('',#3806);
#3806 = AXIS2_PLACEMENT_3D('',#3807,#3808,#3809);
#3807 = CARTESIAN_POINT('',(-50.6,-50.39,91.));
#3808 = DIRECTION('',(-0.,-1.,-0.));
#3809 = DIRECTION('',(0.,0.,-1.));
#3810 = ADVANCED_FACE('',(#3811),#3829,.F.);
#3811 = FACE_BOUND('',#3812,.T.);
#3812 = EDGE_LOOP('',(#3813,#3814,#3815,#3823));
#3813 = ORIENTED_EDGE('',*,*,#3781,.F.);
#3814 = ORIENTED_EDGE('',*,*,#3013,.T.);
#3815 = ORIENTED_EDGE('',*,*,#3816,.T.);
#3816 = EDGE_CURVE('',#3006,#3817,#3819,.T.);
#3817 = VERTEX_POINT('',#3818);
#3818 = CARTESIAN_POINT('',(-48.99,-53.89,199.01));
#3819 = LINE('',#3820,#3821);
#3820 = CARTESIAN_POINT('',(-48.99,-53.89,91.));
#3821 = VECTOR('',#3822,1.);
#3822 = DIRECTION('',(0.,0.,1.));
#3823 = ORIENTED_EDGE('',*,*,#3824,.F.);
#3824 = EDGE_CURVE('',#3782,#3817,#3825,.T.);
#3825 = LINE('',#3826,#3827);
#3826 = CARTESIAN_POINT('',(-48.99,-50.39,199.01));
#3827 = VECTOR('',#3828,1.);
#3828 = DIRECTION('',(-0.,-1.,-0.));
#3829 = PLANE('',#3830);
#3830 = AXIS2_PLACEMENT_3D('',#3831,#3832,#3833);
#3831 = CARTESIAN_POINT('',(-48.99,-50.39,91.));
#3832 = DIRECTION('',(1.,0.,0.));
#3833 = DIRECTION('',(0.,0.,-1.));
#3834 = ADVANCED_FACE('',(#3835),#3860,.F.);
#3835 = FACE_BOUND('',#3836,.T.);
#3836 = EDGE_LOOP('',(#3837,#3838,#3839,#3845,#3846,#3854));
#3837 = ORIENTED_EDGE('',*,*,#3816,.F.);
#3838 = ORIENTED_EDGE('',*,*,#3005,.T.);
#3839 = ORIENTED_EDGE('',*,*,#3840,.F.);
#3840 = EDGE_CURVE('',#3143,#2998,#3841,.T.);
#3841 = LINE('',#3842,#3843);
#3842 = CARTESIAN_POINT('',(-49.,-53.89,91.));
#3843 = VECTOR('',#3844,1.);
#3844 = DIRECTION('',(0.,0.,1.));
#3845 = ORIENTED_EDGE('',*,*,#3142,.T.);
#3846 = ORIENTED_EDGE('',*,*,#3847,.T.);
#3847 = EDGE_CURVE('',#3135,#3848,#3850,.T.);
#3848 = VERTEX_POINT('',#3849);
#3849 = CARTESIAN_POINT('',(-50.6,-53.89,199.01));
#3850 = LINE('',#3851,#3852);
#3851 = CARTESIAN_POINT('',(-50.6,-53.89,91.));
#3852 = VECTOR('',#3853,1.);
#3853 = DIRECTION('',(0.,0.,1.));
#3854 = ORIENTED_EDGE('',*,*,#3855,.T.);
#3855 = EDGE_CURVE('',#3848,#3817,#3856,.T.);
#3856 = LINE('',#3857,#3858);
#3857 = CARTESIAN_POINT('',(-50.6,-53.89,199.01));
#3858 = VECTOR('',#3859,1.);
#3859 = DIRECTION('',(1.,0.,0.));
#3860 = PLANE('',#3861);
#3861 = AXIS2_PLACEMENT_3D('',#3862,#3863,#3864);
#3862 = CARTESIAN_POINT('',(-50.6,-53.89,91.));
#3863 = DIRECTION('',(-0.,-1.,-0.));
#3864 = DIRECTION('',(0.,0.,-1.));
#3865 = ADVANCED_FACE('',(#3866),#3877,.T.);
#3866 = FACE_BOUND('',#3867,.F.);
#3867 = EDGE_LOOP('',(#3868,#3869,#3870,#3871));
#3868 = ORIENTED_EDGE('',*,*,#3686,.F.);
#3869 = ORIENTED_EDGE('',*,*,#2965,.T.);
#3870 = ORIENTED_EDGE('',*,*,#3741,.T.);
#3871 = ORIENTED_EDGE('',*,*,#3872,.F.);
#3872 = EDGE_CURVE('',#3687,#3742,#3873,.T.);
#3873 = LINE('',#3874,#3875);
#3874 = CARTESIAN_POINT('',(48.99,-50.39,199.01));
#3875 = VECTOR('',#3876,1.);
#3876 = DIRECTION('',(-0.,-1.,-0.));
#3877 = PLANE('',#3878);
#3878 = AXIS2_PLACEMENT_3D('',#3879,#3880,#3881);
#3879 = CARTESIAN_POINT('',(48.99,-50.39,91.));
#3880 = DIRECTION('',(1.,0.,0.));
#3881 = DIRECTION('',(0.,0.,-1.));
#3882 = ADVANCED_FACE('',(#3883),#3889,.T.);
#3883 = FACE_BOUND('',#3884,.F.);
#3884 = EDGE_LOOP('',(#3885,#3886,#3887,#3888));
#3885 = ORIENTED_EDGE('',*,*,#2997,.F.);
#3886 = ORIENTED_EDGE('',*,*,#3840,.F.);
#3887 = ORIENTED_EDGE('',*,*,#3150,.T.);
#3888 = ORIENTED_EDGE('',*,*,#3497,.F.);
#3889 = PLANE('',#3890);
#3890 = AXIS2_PLACEMENT_3D('',#3891,#3892,#3893);
#3891 = CARTESIAN_POINT('',(-49.,-46.39,91.));
#3892 = DIRECTION('',(1.,0.,0.));
#3893 = DIRECTION('',(0.,0.,-1.));
#3894 = ADVANCED_FACE('',(#3895),#3914,.F.);
#3895 = FACE_BOUND('',#3896,.T.);
#3896 = EDGE_LOOP('',(#3897,#3905,#3912,#3913));
#3897 = ORIENTED_EDGE('',*,*,#3898,.T.);
#3898 = EDGE_CURVE('',#3064,#3899,#3901,.T.);
#3899 = VERTEX_POINT('',#3900);
#3900 = CARTESIAN_POINT('',(-38.9,-61.39,201.19));
#3901 = LINE('',#3902,#3903);
#3902 = CARTESIAN_POINT('',(-38.9,-61.39,198.99));
#3903 = VECTOR('',#3904,1.);
#3904 = DIRECTION('',(0.,0.,1.));
#3905 = ORIENTED_EDGE('',*,*,#3906,.F.);
#3906 = EDGE_CURVE('',#3899,#3899,#3907,.T.);
#3907 = CIRCLE('',#3908,3.1);
#3908 = AXIS2_PLACEMENT_3D('',#3909,#3910,#3911);
#3909 = CARTESIAN_POINT('',(-42.,-61.39,201.19));
#3910 = DIRECTION('',(0.,0.,-1.));
#3911 = DIRECTION('',(1.,0.,0.));
#3912 = ORIENTED_EDGE('',*,*,#3898,.F.);
#3913 = ORIENTED_EDGE('',*,*,#3063,.T.);
#3914 = CYLINDRICAL_SURFACE('',#3915,3.1);
#3915 = AXIS2_PLACEMENT_3D('',#3916,#3917,#3918);
#3916 = CARTESIAN_POINT('',(-42.,-61.39,198.99));
#3917 = DIRECTION('',(0.,0.,1.));
#3918 = DIRECTION('',(1.,0.,0.));
#3919 = ADVANCED_FACE('',(#3920),#3939,.F.);
#3920 = FACE_BOUND('',#3921,.T.);
#3921 = EDGE_LOOP('',(#3922,#3930,#3937,#3938));
#3922 = ORIENTED_EDGE('',*,*,#3923,.T.);
#3923 = EDGE_CURVE('',#3075,#3924,#3926,.T.);
#3924 = VERTEX_POINT('',#3925);
#3925 = CARTESIAN_POINT('',(45.1,-61.39,201.19));
#3926 = LINE('',#3927,#3928);
#3927 = CARTESIAN_POINT('',(45.1,-61.39,198.99));
#3928 = VECTOR('',#3929,1.);
#3929 = DIRECTION('',(0.,0.,1.));
#3930 = ORIENTED_EDGE('',*,*,#3931,.F.);
#3931 = EDGE_CURVE('',#3924,#3924,#3932,.T.);
#3932 = CIRCLE('',#3933,3.1);
#3933 = AXIS2_PLACEMENT_3D('',#3934,#3935,#3936);
#3934 = CARTESIAN_POINT('',(42.,-61.39,201.19));
#3935 = DIRECTION('',(0.,0.,-1.));
#3936 = DIRECTION('',(1.,0.,0.));
#3937 = ORIENTED_EDGE('',*,*,#3923,.F.);
#3938 = ORIENTED_EDGE('',*,*,#3074,.T.);
#3939 = CYLINDRICAL_SURFACE('',#3940,3.1);
#3940 = AXIS2_PLACEMENT_3D('',#3941,#3942,#3943);
#3941 = CARTESIAN_POINT('',(42.,-61.39,198.99));
#3942 = DIRECTION('',(0.,0.,1.));
#3943 = DIRECTION('',(1.,0.,0.));
#3944 = ADVANCED_FACE('',(#3945),#3956,.T.);
#3945 = FACE_BOUND('',#3946,.F.);
#3946 = EDGE_LOOP('',(#3947,#3948,#3949,#3950));
#3947 = ORIENTED_EDGE('',*,*,#3792,.F.);
#3948 = ORIENTED_EDGE('',*,*,#3134,.T.);
#3949 = ORIENTED_EDGE('',*,*,#3847,.T.);
#3950 = ORIENTED_EDGE('',*,*,#3951,.F.);
#3951 = EDGE_CURVE('',#3793,#3848,#3952,.T.);
#3952 = LINE('',#3953,#3954);
#3953 = CARTESIAN_POINT('',(-50.6,-50.39,199.01));
#3954 = VECTOR('',#3955,1.);
#3955 = DIRECTION('',(-0.,-1.,-0.));
#3956 = PLANE('',#3957);
#3957 = AXIS2_PLACEMENT_3D('',#3958,#3959,#3960);
#3958 = CARTESIAN_POINT('',(-50.6,-50.39,91.));
#3959 = DIRECTION('',(1.,0.,0.));
#3960 = DIRECTION('',(0.,0.,-1.));
#3961 = ADVANCED_FACE('',(#3962,#3968,#3971,#3974,#3977,#3980),#3983,.F.
  );
#3962 = FACE_BOUND('',#3963,.F.);
#3963 = EDGE_LOOP('',(#3964,#3965,#3966,#3967));
#3964 = ORIENTED_EDGE('',*,*,#3471,.F.);
#3965 = ORIENTED_EDGE('',*,*,#3406,.T.);
#3966 = ORIENTED_EDGE('',*,*,#3430,.T.);
#3967 = ORIENTED_EDGE('',*,*,#3454,.F.);
#3968 = FACE_BOUND('',#3969,.F.);
#3969 = EDGE_LOOP('',(#3970));
#3970 = ORIENTED_EDGE('',*,*,#3173,.F.);
#3971 = FACE_BOUND('',#3972,.F.);
#3972 = EDGE_LOOP('',(#3973));
#3973 = ORIENTED_EDGE('',*,*,#3223,.F.);
#3974 = FACE_BOUND('',#3975,.F.);
#3975 = EDGE_LOOP('',(#3976));
#3976 = ORIENTED_EDGE('',*,*,#3298,.F.);
#3977 = FACE_BOUND('',#3978,.F.);
#3978 = EDGE_LOOP('',(#3979));
#3979 = ORIENTED_EDGE('',*,*,#3323,.F.);
#3980 = FACE_BOUND('',#3981,.F.);
#3981 = EDGE_LOOP('',(#3982));
#3982 = ORIENTED_EDGE('',*,*,#3373,.F.);
#3983 = PLANE('',#3984);
#3984 = AXIS2_PLACEMENT_3D('',#3985,#3986,#3987);
#3985 = CARTESIAN_POINT('',(-85.,-44.39,207.4));
#3986 = DIRECTION('',(0.,0.,1.));
#3987 = DIRECTION('',(1.,0.,0.));
#3988 = ADVANCED_FACE('',(#3989,#3992),#4003,.T.);
#3989 = FACE_BOUND('',#3990,.T.);
#3990 = EDGE_LOOP('',(#3991));
#3991 = ORIENTED_EDGE('',*,*,#3189,.T.);
#3992 = FACE_BOUND('',#3993,.T.);
#3993 = EDGE_LOOP('',(#3994));
#3994 = ORIENTED_EDGE('',*,*,#3995,.F.);
#3995 = EDGE_CURVE('',#3996,#3996,#3998,.T.);
#3996 = VERTEX_POINT('',#3997);
#3997 = CARTESIAN_POINT('',(-13.9,-15.,218.4));
#3998 = CIRCLE('',#3999,1.1);
#3999 = AXIS2_PLACEMENT_3D('',#4000,#4001,#4002);
#4000 = CARTESIAN_POINT('',(-15.,-15.,218.4));
#4001 = DIRECTION('',(0.,0.,1.));
#4002 = DIRECTION('',(1.,0.,0.));
#4003 = PLANE('',#4004);
#4004 = AXIS2_PLACEMENT_3D('',#4005,#4006,#4007);
#4005 = CARTESIAN_POINT('',(-15.,-15.,218.4));
#4006 = DIRECTION('',(0.,0.,1.));
#4007 = DIRECTION('',(1.,0.,0.));
#4008 = ADVANCED_FACE('',(#4009,#4012),#4023,.T.);
#4009 = FACE_BOUND('',#4010,.T.);
#4010 = EDGE_LOOP('',(#4011));
#4011 = ORIENTED_EDGE('',*,*,#3239,.T.);
#4012 = FACE_BOUND('',#4013,.T.);
#4013 = EDGE_LOOP('',(#4014));
#4014 = ORIENTED_EDGE('',*,*,#4015,.F.);
#4015 = EDGE_CURVE('',#4016,#4016,#4018,.T.);
#4016 = VERTEX_POINT('',#4017);
#4017 = CARTESIAN_POINT('',(16.1,-15.,218.4));
#4018 = CIRCLE('',#4019,1.1);
#4019 = AXIS2_PLACEMENT_3D('',#4020,#4021,#4022);
#4020 = CARTESIAN_POINT('',(15.,-15.,218.4));
#4021 = DIRECTION('',(0.,0.,1.));
#4022 = DIRECTION('',(1.,0.,0.));
#4023 = PLANE('',#4024);
#4024 = AXIS2_PLACEMENT_3D('',#4025,#4026,#4027);
#4025 = CARTESIAN_POINT('',(15.,-15.,218.4));
#4026 = DIRECTION('',(0.,0.,1.));
#4027 = DIRECTION('',(1.,0.,0.));
#4028 = ADVANCED_FACE('',(#4029,#4032),#4043,.T.);
#4029 = FACE_BOUND('',#4030,.T.);
#4030 = EDGE_LOOP('',(#4031));
#4031 = ORIENTED_EDGE('',*,*,#3264,.T.);
#4032 = FACE_BOUND('',#4033,.T.);
#4033 = EDGE_LOOP('',(#4034));
#4034 = ORIENTED_EDGE('',*,*,#4035,.F.);
#4035 = EDGE_CURVE('',#4036,#4036,#4038,.T.);
#4036 = VERTEX_POINT('',#4037);
#4037 = CARTESIAN_POINT('',(-13.9,15.,218.4));
#4038 = CIRCLE('',#4039,1.1);
#4039 = AXIS2_PLACEMENT_3D('',#4040,#4041,#4042);
#4040 = CARTESIAN_POINT('',(-15.,15.,218.4));
#4041 = DIRECTION('',(0.,0.,1.));
#4042 = DIRECTION('',(1.,0.,0.));
#4043 = PLANE('',#4044);
#4044 = AXIS2_PLACEMENT_3D('',#4045,#4046,#4047);
#4045 = CARTESIAN_POINT('',(-15.,15.,218.4));
#4046 = DIRECTION('',(0.,0.,1.));
#4047 = DIRECTION('',(1.,0.,0.));
#4048 = ADVANCED_FACE('',(#4049,#4052),#4063,.T.);
#4049 = FACE_BOUND('',#4050,.T.);
#4050 = EDGE_LOOP('',(#4051));
#4051 = ORIENTED_EDGE('',*,*,#3339,.T.);
#4052 = FACE_BOUND('',#4053,.T.);
#4053 = EDGE_LOOP('',(#4054));
#4054 = ORIENTED_EDGE('',*,*,#4055,.F.);
#4055 = EDGE_CURVE('',#4056,#4056,#4058,.T.);
#4056 = VERTEX_POINT('',#4057);
#4057 = CARTESIAN_POINT('',(16.1,15.,218.4));
#4058 = CIRCLE('',#4059,1.1);
#4059 = AXIS2_PLACEMENT_3D('',#4060,#4061,#4062);
#4060 = CARTESIAN_POINT('',(15.,15.,218.4));
#4061 = DIRECTION('',(0.,0.,1.));
#4062 = DIRECTION('',(1.,0.,0.));
#4063 = PLANE('',#4064);
#4064 = AXIS2_PLACEMENT_3D('',#4065,#4066,#4067);
#4065 = CARTESIAN_POINT('',(15.,15.,218.4));
#4066 = DIRECTION('',(0.,0.,1.));
#4067 = DIRECTION('',(1.,0.,0.));
#4068 = ADVANCED_FACE('',(#4069),#4075,.F.);
#4069 = FACE_BOUND('',#4070,.T.);
#4070 = EDGE_LOOP('',(#4071,#4072,#4073,#4074));
#4071 = ORIENTED_EDGE('',*,*,#3872,.F.);
#4072 = ORIENTED_EDGE('',*,*,#3694,.T.);
#4073 = ORIENTED_EDGE('',*,*,#3718,.T.);
#4074 = ORIENTED_EDGE('',*,*,#3749,.F.);
#4075 = PLANE('',#4076);
#4076 = AXIS2_PLACEMENT_3D('',#4077,#4078,#4079);
#4077 = CARTESIAN_POINT('',(48.99,-50.39,199.01));
#4078 = DIRECTION('',(0.,0.,1.));
#4079 = DIRECTION('',(-1.,0.,0.));
#4080 = ADVANCED_FACE('',(#4081),#4087,.F.);
#4081 = FACE_BOUND('',#4082,.T.);
#4082 = EDGE_LOOP('',(#4083,#4084,#4085,#4086));
#4083 = ORIENTED_EDGE('',*,*,#3951,.F.);
#4084 = ORIENTED_EDGE('',*,*,#3800,.T.);
#4085 = ORIENTED_EDGE('',*,*,#3824,.T.);
#4086 = ORIENTED_EDGE('',*,*,#3855,.F.);
#4087 = PLANE('',#4088);
#4088 = AXIS2_PLACEMENT_3D('',#4089,#4090,#4091);
#4089 = CARTESIAN_POINT('',(-50.6,-50.39,199.01));
#4090 = DIRECTION('',(0.,0.,1.));
#4091 = DIRECTION('',(-1.,0.,0.));
#4092 = ADVANCED_FACE('',(#4093),#4096,.F.);
#4093 = FACE_BOUND('',#4094,.T.);
#4094 = EDGE_LOOP('',(#4095));
#4095 = ORIENTED_EDGE('',*,*,#3906,.T.);
#4096 = PLANE('',#4097);
#4097 = AXIS2_PLACEMENT_3D('',#4098,#4099,#4100);
#4098 = CARTESIAN_POINT('',(-42.,-61.39,201.19));
#4099 = DIRECTION('',(0.,0.,1.));
#4100 = DIRECTION('',(-1.,0.,0.));
#4101 = ADVANCED_FACE('',(#4102),#4105,.F.);
#4102 = FACE_BOUND('',#4103,.T.);
#4103 = EDGE_LOOP('',(#4104));
#4104 = ORIENTED_EDGE('',*,*,#3931,.T.);
#4105 = PLANE('',#4106);
#4106 = AXIS2_PLACEMENT_3D('',#4107,#4108,#4109);
#4107 = CARTESIAN_POINT('',(42.,-61.39,201.19));
#4108 = DIRECTION('',(0.,0.,1.));
#4109 = DIRECTION('',(-1.,0.,0.));
#4110 = ADVANCED_FACE('',(#4111),#4130,.F.);
#4111 = FACE_BOUND('',#4112,.F.);
#4112 = EDGE_LOOP('',(#4113,#4114,#4122,#4129));
#4113 = ORIENTED_EDGE('',*,*,#3995,.F.);
#4114 = ORIENTED_EDGE('',*,*,#4115,.F.);
#4115 = EDGE_CURVE('',#4116,#3996,#4118,.T.);
#4116 = VERTEX_POINT('',#4117);
#4117 = CARTESIAN_POINT('',(-13.9,-15.,211.4));
#4118 = LINE('',#4119,#4120);
#4119 = CARTESIAN_POINT('',(-13.9,-15.,211.4));
#4120 = VECTOR('',#4121,1.);
#4121 = DIRECTION('',(0.,0.,1.));
#4122 = ORIENTED_EDGE('',*,*,#4123,.T.);
#4123 = EDGE_CURVE('',#4116,#4116,#4124,.T.);
#4124 = CIRCLE('',#4125,1.1);
#4125 = AXIS2_PLACEMENT_3D('',#4126,#4127,#4128);
#4126 = CARTESIAN_POINT('',(-15.,-15.,211.4));
#4127 = DIRECTION('',(0.,0.,1.));
#4128 = DIRECTION('',(1.,0.,0.));
#4129 = ORIENTED_EDGE('',*,*,#4115,.T.);
#4130 = CYLINDRICAL_SURFACE('',#4131,1.1);
#4131 = AXIS2_PLACEMENT_3D('',#4132,#4133,#4134);
#4132 = CARTESIAN_POINT('',(-15.,-15.,211.4));
#4133 = DIRECTION('',(0.,0.,1.));
#4134 = DIRECTION('',(1.,0.,0.));
#4135 = ADVANCED_FACE('',(#4136),#4155,.F.);
#4136 = FACE_BOUND('',#4137,.F.);
#4137 = EDGE_LOOP('',(#4138,#4139,#4147,#4154));
#4138 = ORIENTED_EDGE('',*,*,#4015,.F.);
#4139 = ORIENTED_EDGE('',*,*,#4140,.F.);
#4140 = EDGE_CURVE('',#4141,#4016,#4143,.T.);
#4141 = VERTEX_POINT('',#4142);
#4142 = CARTESIAN_POINT('',(16.1,-15.,211.4));
#4143 = LINE('',#4144,#4145);
#4144 = CARTESIAN_POINT('',(16.1,-15.,211.4));
#4145 = VECTOR('',#4146,1.);
#4146 = DIRECTION('',(0.,0.,1.));
#4147 = ORIENTED_EDGE('',*,*,#4148,.T.);
#4148 = EDGE_CURVE('',#4141,#4141,#4149,.T.);
#4149 = CIRCLE('',#4150,1.1);
#4150 = AXIS2_PLACEMENT_3D('',#4151,#4152,#4153);
#4151 = CARTESIAN_POINT('',(15.,-15.,211.4));
#4152 = DIRECTION('',(0.,0.,1.));
#4153 = DIRECTION('',(1.,0.,0.));
#4154 = ORIENTED_EDGE('',*,*,#4140,.T.);
#4155 = CYLINDRICAL_SURFACE('',#4156,1.1);
#4156 = AXIS2_PLACEMENT_3D('',#4157,#4158,#4159);
#4157 = CARTESIAN_POINT('',(15.,-15.,211.4));
#4158 = DIRECTION('',(0.,0.,1.));
#4159 = DIRECTION('',(1.,0.,0.));
#4160 = ADVANCED_FACE('',(#4161),#4180,.F.);
#4161 = FACE_BOUND('',#4162,.F.);
#4162 = EDGE_LOOP('',(#4163,#4164,#4172,#4179));
#4163 = ORIENTED_EDGE('',*,*,#4035,.F.);
#4164 = ORIENTED_EDGE('',*,*,#4165,.F.);
#4165 = EDGE_CURVE('',#4166,#4036,#4168,.T.);
#4166 = VERTEX_POINT('',#4167);
#4167 = CARTESIAN_POINT('',(-13.9,15.,211.4));
#4168 = LINE('',#4169,#4170);
#4169 = CARTESIAN_POINT('',(-13.9,15.,211.4));
#4170 = VECTOR('',#4171,1.);
#4171 = DIRECTION('',(0.,0.,1.));
#4172 = ORIENTED_EDGE('',*,*,#4173,.T.);
#4173 = EDGE_CURVE('',#4166,#4166,#4174,.T.);
#4174 = CIRCLE('',#4175,1.1);
#4175 = AXIS2_PLACEMENT_3D('',#4176,#4177,#4178);
#4176 = CARTESIAN_POINT('',(-15.,15.,211.4));
#4177 = DIRECTION('',(0.,0.,1.));
#4178 = DIRECTION('',(1.,0.,0.));
#4179 = ORIENTED_EDGE('',*,*,#4165,.T.);
#4180 = CYLINDRICAL_SURFACE('',#4181,1.1);
#4181 = AXIS2_PLACEMENT_3D('',#4182,#4183,#4184);
#4182 = CARTESIAN_POINT('',(-15.,15.,211.4));
#4183 = DIRECTION('',(0.,0.,1.));
#4184 = DIRECTION('',(1.,0.,0.));
#4185 = ADVANCED_FACE('',(#4186),#4205,.F.);
#4186 = FACE_BOUND('',#4187,.F.);
#4187 = EDGE_LOOP('',(#4188,#4189,#4197,#4204));
#4188 = ORIENTED_EDGE('',*,*,#4055,.F.);
#4189 = ORIENTED_EDGE('',*,*,#4190,.F.);
#4190 = EDGE_CURVE('',#4191,#4056,#4193,.T.);
#4191 = VERTEX_POINT('',#4192);
#4192 = CARTESIAN_POINT('',(16.1,15.,211.4));
#4193 = LINE('',#4194,#4195);
#4194 = CARTESIAN_POINT('',(16.1,15.,211.4));
#4195 = VECTOR('',#4196,1.);
#4196 = DIRECTION('',(0.,0.,1.));
#4197 = ORIENTED_EDGE('',*,*,#4198,.T.);
#4198 = EDGE_CURVE('',#4191,#4191,#4199,.T.);
#4199 = CIRCLE('',#4200,1.1);
#4200 = AXIS2_PLACEMENT_3D('',#4201,#4202,#4203);
#4201 = CARTESIAN_POINT('',(15.,15.,211.4));
#4202 = DIRECTION('',(0.,0.,1.));
#4203 = DIRECTION('',(1.,0.,0.));
#4204 = ORIENTED_EDGE('',*,*,#4190,.T.);
#4205 = CYLINDRICAL_SURFACE('',#4206,1.1);
#4206 = AXIS2_PLACEMENT_3D('',#4207,#4208,#4209);
#4207 = CARTESIAN_POINT('',(15.,15.,211.4));
#4208 = DIRECTION('',(0.,0.,1.));
#4209 = DIRECTION('',(1.,0.,0.));
#4210 = ADVANCED_FACE('',(#4211),#4214,.T.);
#4211 = FACE_BOUND('',#4212,.F.);
#4212 = EDGE_LOOP('',(#4213));
#4213 = ORIENTED_EDGE('',*,*,#4123,.F.);
#4214 = PLANE('',#4215);
#4215 = AXIS2_PLACEMENT_3D('',#4216,#4217,#4218);
#4216 = CARTESIAN_POINT('',(-15.,-15.,211.4));
#4217 = DIRECTION('',(0.,0.,1.));
#4218 = DIRECTION('',(1.,0.,0.));
#4219 = ADVANCED_FACE('',(#4220),#4223,.T.);
#4220 = FACE_BOUND('',#4221,.F.);
#4221 = EDGE_LOOP('',(#4222));
#4222 = ORIENTED_EDGE('',*,*,#4148,.F.);
#4223 = PLANE('',#4224);
#4224 = AXIS2_PLACEMENT_3D('',#4225,#4226,#4227);
#4225 = CARTESIAN_POINT('',(15.,-15.,211.4));
#4226 = DIRECTION('',(0.,0.,1.));
#4227 = DIRECTION('',(1.,0.,0.));
#4228 = ADVANCED_FACE('',(#4229),#4232,.T.);
#4229 = FACE_BOUND('',#4230,.F.);
#4230 = EDGE_LOOP('',(#4231));
#4231 = ORIENTED_EDGE('',*,*,#4173,.F.);
#4232 = PLANE('',#4233);
#4233 = AXIS2_PLACEMENT_3D('',#4234,#4235,#4236);
#4234 = CARTESIAN_POINT('',(-15.,15.,211.4));
#4235 = DIRECTION('',(0.,0.,1.));
#4236 = DIRECTION('',(1.,0.,0.));
#4237 = ADVANCED_FACE('',(#4238),#4241,.T.);
#4238 = FACE_BOUND('',#4239,.F.);
#4239 = EDGE_LOOP('',(#4240));
#4240 = ORIENTED_EDGE('',*,*,#4198,.F.);
#4241 = PLANE('',#4242);
#4242 = AXIS2_PLACEMENT_3D('',#4243,#4244,#4245);
#4243 = CARTESIAN_POINT('',(15.,15.,211.4));
#4244 = DIRECTION('',(0.,0.,1.));
#4245 = DIRECTION('',(1.,0.,0.));
#4246 = MANIFOLD_SOLID_BREP('',#4247);
#4247 = CLOSED_SHELL('',(#4248,#4288,#4319,#4377,#4401,#4452,#4464,#4486
    ,#4503,#4520));
#4248 = ADVANCED_FACE('',(#4249),#4283,.F.);
#4249 = FACE_BOUND('',#4250,.F.);
#4250 = EDGE_LOOP('',(#4251,#4261,#4269,#4277));
#4251 = ORIENTED_EDGE('',*,*,#4252,.F.);
#4252 = EDGE_CURVE('',#4253,#4255,#4257,.T.);
#4253 = VERTEX_POINT('',#4254);
#4254 = CARTESIAN_POINT('',(-83.7,-43.09,48.4));
#4255 = VERTEX_POINT('',#4256);
#4256 = CARTESIAN_POINT('',(-83.7,-43.09,50.));
#4257 = LINE('',#4258,#4259);
#4258 = CARTESIAN_POINT('',(-83.7,-43.09,48.4));
#4259 = VECTOR('',#4260,1.);
#4260 = DIRECTION('',(0.,0.,1.));
#4261 = ORIENTED_EDGE('',*,*,#4262,.T.);
#4262 = EDGE_CURVE('',#4253,#4263,#4265,.T.);
#4263 = VERTEX_POINT('',#4264);
#4264 = CARTESIAN_POINT('',(-83.7,54.7,48.4));
#4265 = LINE('',#4266,#4267);
#4266 = CARTESIAN_POINT('',(-83.7,-43.09,48.4));
#4267 = VECTOR('',#4268,1.);
#4268 = DIRECTION('',(0.,1.,0.));
#4269 = ORIENTED_EDGE('',*,*,#4270,.T.);
#4270 = EDGE_CURVE('',#4263,#4271,#4273,.T.);
#4271 = VERTEX_POINT('',#4272);
#4272 = CARTESIAN_POINT('',(-83.7,54.7,50.));
#4273 = LINE('',#4274,#4275);
#4274 = CARTESIAN_POINT('',(-83.7,54.7,48.4));
#4275 = VECTOR('',#4276,1.);
#4276 = DIRECTION('',(0.,0.,1.));
#4277 = ORIENTED_EDGE('',*,*,#4278,.F.);
#4278 = EDGE_CURVE('',#4255,#4271,#4279,.T.);
#4279 = LINE('',#4280,#4281);
#4280 = CARTESIAN_POINT('',(-83.7,-43.09,50.));
#4281 = VECTOR('',#4282,1.);
#4282 = DIRECTION('',(0.,1.,0.));
#4283 = PLANE('',#4284);
#4284 = AXIS2_PLACEMENT_3D('',#4285,#4286,#4287);
#4285 = CARTESIAN_POINT('',(-83.7,-43.09,48.4));
#4286 = DIRECTION('',(1.,0.,0.));
#4287 = DIRECTION('',(0.,0.,1.));
#4288 = ADVANCED_FACE('',(#4289),#4314,.F.);
#4289 = FACE_BOUND('',#4290,.F.);
#4290 = EDGE_LOOP('',(#4291,#4299,#4300,#4308));
#4291 = ORIENTED_EDGE('',*,*,#4292,.F.);
#4292 = EDGE_CURVE('',#4253,#4293,#4295,.T.);
#4293 = VERTEX_POINT('',#4294);
#4294 = CARTESIAN_POINT('',(83.7,-43.09,48.4));
#4295 = LINE('',#4296,#4297);
#4296 = CARTESIAN_POINT('',(-83.7,-43.09,48.4));
#4297 = VECTOR('',#4298,1.);
#4298 = DIRECTION('',(1.,0.,0.));
#4299 = ORIENTED_EDGE('',*,*,#4252,.T.);
#4300 = ORIENTED_EDGE('',*,*,#4301,.T.);
#4301 = EDGE_CURVE('',#4255,#4302,#4304,.T.);
#4302 = VERTEX_POINT('',#4303);
#4303 = CARTESIAN_POINT('',(83.7,-43.09,50.));
#4304 = LINE('',#4305,#4306);
#4305 = CARTESIAN_POINT('',(-83.7,-43.09,50.));
#4306 = VECTOR('',#4307,1.);
#4307 = DIRECTION('',(1.,0.,0.));
#4308 = ORIENTED_EDGE('',*,*,#4309,.F.);
#4309 = EDGE_CURVE('',#4293,#4302,#4310,.T.);
#4310 = LINE('',#4311,#4312);
#4311 = CARTESIAN_POINT('',(83.7,-43.09,48.4));
#4312 = VECTOR('',#4313,1.);
#4313 = DIRECTION('',(0.,0.,1.));
#4314 = PLANE('',#4315);
#4315 = AXIS2_PLACEMENT_3D('',#4316,#4317,#4318);
#4316 = CARTESIAN_POINT('',(-83.7,-43.09,48.4));
#4317 = DIRECTION('',(0.,1.,0.));
#4318 = DIRECTION('',(0.,0.,1.));
#4319 = ADVANCED_FACE('',(#4320,#4338),#4372,.T.);
#4320 = FACE_BOUND('',#4321,.T.);
#4321 = EDGE_LOOP('',(#4322,#4323,#4324,#4332));
#4322 = ORIENTED_EDGE('',*,*,#4278,.F.);
#4323 = ORIENTED_EDGE('',*,*,#4301,.T.);
#4324 = ORIENTED_EDGE('',*,*,#4325,.T.);
#4325 = EDGE_CURVE('',#4302,#4326,#4328,.T.);
#4326 = VERTEX_POINT('',#4327);
#4327 = CARTESIAN_POINT('',(83.7,54.7,50.));
#4328 = LINE('',#4329,#4330);
#4329 = CARTESIAN_POINT('',(83.7,-43.09,50.));
#4330 = VECTOR('',#4331,1.);
#4331 = DIRECTION('',(0.,1.,0.));
#4332 = ORIENTED_EDGE('',*,*,#4333,.F.);
#4333 = EDGE_CURVE('',#4271,#4326,#4334,.T.);
#4334 = LINE('',#4335,#4336);
#4335 = CARTESIAN_POINT('',(-83.7,54.7,50.));
#4336 = VECTOR('',#4337,1.);
#4337 = DIRECTION('',(1.,0.,0.));
#4338 = FACE_BOUND('',#4339,.T.);
#4339 = EDGE_LOOP('',(#4340,#4350,#4358,#4366));
#4340 = ORIENTED_EDGE('',*,*,#4341,.T.);
#4341 = EDGE_CURVE('',#4342,#4344,#4346,.T.);
#4342 = VERTEX_POINT('',#4343);
#4343 = CARTESIAN_POINT('',(82.3,-41.69,50.));
#4344 = VERTEX_POINT('',#4345);
#4345 = CARTESIAN_POINT('',(-82.3,-41.69,50.));
#4346 = LINE('',#4347,#4348);
#4347 = CARTESIAN_POINT('',(-83.,-41.69,50.));
#4348 = VECTOR('',#4349,1.);
#4349 = DIRECTION('',(-1.,0.,0.));
#4350 = ORIENTED_EDGE('',*,*,#4351,.T.);
#4351 = EDGE_CURVE('',#4344,#4352,#4354,.T.);
#4352 = VERTEX_POINT('',#4353);
#4353 = CARTESIAN_POINT('',(-82.3,53.3,50.));
#4354 = LINE('',#4355,#4356);
#4355 = CARTESIAN_POINT('',(-82.3,-42.39,50.));
#4356 = VECTOR('',#4357,1.);
#4357 = DIRECTION('',(0.,1.,0.));
#4358 = ORIENTED_EDGE('',*,*,#4359,.F.);
#4359 = EDGE_CURVE('',#4360,#4352,#4362,.T.);
#4360 = VERTEX_POINT('',#4361);
#4361 = CARTESIAN_POINT('',(82.3,53.3,50.));
#4362 = LINE('',#4363,#4364);
#4363 = CARTESIAN_POINT('',(-83.,53.3,50.));
#4364 = VECTOR('',#4365,1.);
#4365 = DIRECTION('',(-1.,0.,0.));
#4366 = ORIENTED_EDGE('',*,*,#4367,.F.);
#4367 = EDGE_CURVE('',#4342,#4360,#4368,.T.);
#4368 = LINE('',#4369,#4370);
#4369 = CARTESIAN_POINT('',(82.3,-42.39,50.));
#4370 = VECTOR('',#4371,1.);
#4371 = DIRECTION('',(0.,1.,0.));
#4372 = PLANE('',#4373);
#4373 = AXIS2_PLACEMENT_3D('',#4374,#4375,#4376);
#4374 = CARTESIAN_POINT('',(-83.7,-43.09,50.));
#4375 = DIRECTION('',(0.,0.,1.));
#4376 = DIRECTION('',(1.,0.,0.));
#4377 = ADVANCED_FACE('',(#4378),#4396,.T.);
#4378 = FACE_BOUND('',#4379,.T.);
#4379 = EDGE_LOOP('',(#4380,#4388,#4389,#4390));
#4380 = ORIENTED_EDGE('',*,*,#4381,.F.);
#4381 = EDGE_CURVE('',#4263,#4382,#4384,.T.);
#4382 = VERTEX_POINT('',#4383);
#4383 = CARTESIAN_POINT('',(83.7,54.7,48.4));
#4384 = LINE('',#4385,#4386);
#4385 = CARTESIAN_POINT('',(-83.7,54.7,48.4));
#4386 = VECTOR('',#4387,1.);
#4387 = DIRECTION('',(1.,0.,0.));
#4388 = ORIENTED_EDGE('',*,*,#4270,.T.);
#4389 = ORIENTED_EDGE('',*,*,#4333,.T.);
#4390 = ORIENTED_EDGE('',*,*,#4391,.F.);
#4391 = EDGE_CURVE('',#4382,#4326,#4392,.T.);
#4392 = LINE('',#4393,#4394);
#4393 = CARTESIAN_POINT('',(83.7,54.7,48.4));
#4394 = VECTOR('',#4395,1.);
#4395 = DIRECTION('',(0.,0.,1.));
#4396 = PLANE('',#4397);
#4397 = AXIS2_PLACEMENT_3D('',#4398,#4399,#4400);
#4398 = CARTESIAN_POINT('',(-83.7,54.7,48.4));
#4399 = DIRECTION('',(0.,1.,0.));
#4400 = DIRECTION('',(0.,0.,1.));
#4401 = ADVANCED_FACE('',(#4402,#4413),#4447,.F.);
#4402 = FACE_BOUND('',#4403,.F.);
#4403 = EDGE_LOOP('',(#4404,#4405,#4406,#4412));
#4404 = ORIENTED_EDGE('',*,*,#4262,.F.);
#4405 = ORIENTED_EDGE('',*,*,#4292,.T.);
#4406 = ORIENTED_EDGE('',*,*,#4407,.T.);
#4407 = EDGE_CURVE('',#4293,#4382,#4408,.T.);
#4408 = LINE('',#4409,#4410);
#4409 = CARTESIAN_POINT('',(83.7,-43.09,48.4));
#4410 = VECTOR('',#4411,1.);
#4411 = DIRECTION('',(0.,1.,0.));
#4412 = ORIENTED_EDGE('',*,*,#4381,.F.);
#4413 = FACE_BOUND('',#4414,.F.);
#4414 = EDGE_LOOP('',(#4415,#4425,#4433,#4441));
#4415 = ORIENTED_EDGE('',*,*,#4416,.T.);
#4416 = EDGE_CURVE('',#4417,#4419,#4421,.T.);
#4417 = VERTEX_POINT('',#4418);
#4418 = CARTESIAN_POINT('',(82.3,-41.69,48.4));
#4419 = VERTEX_POINT('',#4420);
#4420 = CARTESIAN_POINT('',(-82.3,-41.69,48.4));
#4421 = LINE('',#4422,#4423);
#4422 = CARTESIAN_POINT('',(-83.,-41.69,48.4));
#4423 = VECTOR('',#4424,1.);
#4424 = DIRECTION('',(-1.,0.,0.));
#4425 = ORIENTED_EDGE('',*,*,#4426,.T.);
#4426 = EDGE_CURVE('',#4419,#4427,#4429,.T.);
#4427 = VERTEX_POINT('',#4428);
#4428 = CARTESIAN_POINT('',(-82.3,53.3,48.4));
#4429 = LINE('',#4430,#4431);
#4430 = CARTESIAN_POINT('',(-82.3,-42.39,48.4));
#4431 = VECTOR('',#4432,1.);
#4432 = DIRECTION('',(0.,1.,0.));
#4433 = ORIENTED_EDGE('',*,*,#4434,.F.);
#4434 = EDGE_CURVE('',#4435,#4427,#4437,.T.);
#4435 = VERTEX_POINT('',#4436);
#4436 = CARTESIAN_POINT('',(82.3,53.3,48.4));
#4437 = LINE('',#4438,#4439);
#4438 = CARTESIAN_POINT('',(-83.,53.3,48.4));
#4439 = VECTOR('',#4440,1.);
#4440 = DIRECTION('',(-1.,0.,0.));
#4441 = ORIENTED_EDGE('',*,*,#4442,.F.);
#4442 = EDGE_CURVE('',#4417,#4435,#4443,.T.);
#4443 = LINE('',#4444,#4445);
#4444 = CARTESIAN_POINT('',(82.3,-42.39,48.4));
#4445 = VECTOR('',#4446,1.);
#4446 = DIRECTION('',(0.,1.,0.));
#4447 = PLANE('',#4448);
#4448 = AXIS2_PLACEMENT_3D('',#4449,#4450,#4451);
#4449 = CARTESIAN_POINT('',(-83.7,-43.09,48.4));
#4450 = DIRECTION('',(0.,0.,1.));
#4451 = DIRECTION('',(1.,0.,0.));
#4452 = ADVANCED_FACE('',(#4453),#4459,.T.);
#4453 = FACE_BOUND('',#4454,.T.);
#4454 = EDGE_LOOP('',(#4455,#4456,#4457,#4458));
#4455 = ORIENTED_EDGE('',*,*,#4309,.F.);
#4456 = ORIENTED_EDGE('',*,*,#4407,.T.);
#4457 = ORIENTED_EDGE('',*,*,#4391,.T.);
#4458 = ORIENTED_EDGE('',*,*,#4325,.F.);
#4459 = PLANE('',#4460);
#4460 = AXIS2_PLACEMENT_3D('',#4461,#4462,#4463);
#4461 = CARTESIAN_POINT('',(83.7,-43.09,48.4));
#4462 = DIRECTION('',(1.,0.,0.));
#4463 = DIRECTION('',(0.,0.,1.));
#4464 = ADVANCED_FACE('',(#4465),#4481,.T.);
#4465 = FACE_BOUND('',#4466,.T.);
#4466 = EDGE_LOOP('',(#4467,#4473,#4474,#4480));
#4467 = ORIENTED_EDGE('',*,*,#4468,.F.);
#4468 = EDGE_CURVE('',#4417,#4342,#4469,.T.);
#4469 = LINE('',#4470,#4471);
#4470 = CARTESIAN_POINT('',(82.3,-41.69,47.));
#4471 = VECTOR('',#4472,1.);
#4472 = DIRECTION('',(0.,0.,1.));
#4473 = ORIENTED_EDGE('',*,*,#4416,.T.);
#4474 = ORIENTED_EDGE('',*,*,#4475,.T.);
#4475 = EDGE_CURVE('',#4419,#4344,#4476,.T.);
#4476 = LINE('',#4477,#4478);
#4477 = CARTESIAN_POINT('',(-82.3,-41.69,47.));
#4478 = VECTOR('',#4479,1.);
#4479 = DIRECTION('',(0.,0.,1.));
#4480 = ORIENTED_EDGE('',*,*,#4341,.F.);
#4481 = PLANE('',#4482);
#4482 = AXIS2_PLACEMENT_3D('',#4483,#4484,#4485);
#4483 = CARTESIAN_POINT('',(-82.3,-41.69,47.));
#4484 = DIRECTION('',(0.,1.,0.));
#4485 = DIRECTION('',(0.,0.,1.));
#4486 = ADVANCED_FACE('',(#4487),#4498,.F.);
#4487 = FACE_BOUND('',#4488,.F.);
#4488 = EDGE_LOOP('',(#4489,#4490,#4491,#4497));
#4489 = ORIENTED_EDGE('',*,*,#4468,.F.);
#4490 = ORIENTED_EDGE('',*,*,#4442,.T.);
#4491 = ORIENTED_EDGE('',*,*,#4492,.T.);
#4492 = EDGE_CURVE('',#4435,#4360,#4493,.T.);
#4493 = LINE('',#4494,#4495);
#4494 = CARTESIAN_POINT('',(82.3,53.3,47.));
#4495 = VECTOR('',#4496,1.);
#4496 = DIRECTION('',(0.,0.,1.));
#4497 = ORIENTED_EDGE('',*,*,#4367,.F.);
#4498 = PLANE('',#4499);
#4499 = AXIS2_PLACEMENT_3D('',#4500,#4501,#4502);
#4500 = CARTESIAN_POINT('',(82.3,-41.69,47.));
#4501 = DIRECTION('',(1.,0.,0.));
#4502 = DIRECTION('',(0.,0.,1.));
#4503 = ADVANCED_FACE('',(#4504),#4515,.F.);
#4504 = FACE_BOUND('',#4505,.F.);
#4505 = EDGE_LOOP('',(#4506,#4507,#4508,#4514));
#4506 = ORIENTED_EDGE('',*,*,#4492,.F.);
#4507 = ORIENTED_EDGE('',*,*,#4434,.T.);
#4508 = ORIENTED_EDGE('',*,*,#4509,.T.);
#4509 = EDGE_CURVE('',#4427,#4352,#4510,.T.);
#4510 = LINE('',#4511,#4512);
#4511 = CARTESIAN_POINT('',(-82.3,53.3,47.));
#4512 = VECTOR('',#4513,1.);
#4513 = DIRECTION('',(0.,0.,1.));
#4514 = ORIENTED_EDGE('',*,*,#4359,.F.);
#4515 = PLANE('',#4516);
#4516 = AXIS2_PLACEMENT_3D('',#4517,#4518,#4519);
#4517 = CARTESIAN_POINT('',(-82.3,53.3,47.));
#4518 = DIRECTION('',(0.,1.,0.));
#4519 = DIRECTION('',(0.,0.,1.));
#4520 = ADVANCED_FACE('',(#4521),#4527,.T.);
#4521 = FACE_BOUND('',#4522,.T.);
#4522 = EDGE_LOOP('',(#4523,#4524,#4525,#4526));
#4523 = ORIENTED_EDGE('',*,*,#4475,.F.);
#4524 = ORIENTED_EDGE('',*,*,#4426,.T.);
#4525 = ORIENTED_EDGE('',*,*,#4509,.T.);
#4526 = ORIENTED_EDGE('',*,*,#4351,.F.);
#4527 = PLANE('',#4528);
#4528 = AXIS2_PLACEMENT_3D('',#4529,#4530,#4531);
#4529 = CARTESIAN_POINT('',(-82.3,-41.69,47.));
#4530 = DIRECTION('',(1.,0.,0.));
#4531 = DIRECTION('',(0.,0.,1.));
#4532 = MANIFOLD_SOLID_BREP('',#4533);
#4533 = CLOSED_SHELL('',(#4534,#4574,#4788,#4819,#4844,#4875,#4899,#4923
    ,#4954,#4978,#5032,#5056,#5080,#5104,#5129,#5154,#5179,#5204,#5221,
    #5238,#5255,#5658,#5678,#5698,#5718,#5738,#5769,#5802,#5835,#5859,
    #5890,#5914,#5938,#5955,#5986,#6010,#6034,#6051,#6082,#6106,#6130,
    #6147,#6178,#6202,#6226,#6243,#6274,#6298,#6322,#6339,#6370,#6394,
    #6418,#6435,#6466,#6490,#6514,#6531,#6562,#6586,#6610,#6627,#6652,
    #6677,#6702,#6727,#6752,#6777,#6809,#6866,#6882,#6914,#6971,#6987,
    #6999,#7011,#7031,#7051,#7060,#7069,#7078,#7087,#7112,#7137,#7146,
    #7155,#7180,#7222,#7247,#7256,#7281,#7290,#7363,#7394,#7418,#7442,
    #7459,#7485,#7516,#7597));
#4534 = ADVANCED_FACE('',(#4535),#4569,.F.);
#4535 = FACE_BOUND('',#4536,.T.);
#4536 = EDGE_LOOP('',(#4537,#4547,#4555,#4563));
#4537 = ORIENTED_EDGE('',*,*,#4538,.F.);
#4538 = EDGE_CURVE('',#4539,#4541,#4543,.T.);
#4539 = VERTEX_POINT('',#4540);
#4540 = CARTESIAN_POINT('',(-48.7,-50.89,92.5));
#4541 = VERTEX_POINT('',#4542);
#4542 = CARTESIAN_POINT('',(-48.7,-50.89,198.7));
#4543 = LINE('',#4544,#4545);
#4544 = CARTESIAN_POINT('',(-48.7,-50.89,92.5));
#4545 = VECTOR('',#4546,1.);
#4546 = DIRECTION('',(0.,0.,1.));
#4547 = ORIENTED_EDGE('',*,*,#4548,.T.);
#4548 = EDGE_CURVE('',#4539,#4549,#4551,.T.);
#4549 = VERTEX_POINT('',#4550);
#4550 = CARTESIAN_POINT('',(-48.7,-53.39,92.5));
#4551 = LINE('',#4552,#4553);
#4552 = CARTESIAN_POINT('',(-48.7,-50.89,92.5));
#4553 = VECTOR('',#4554,1.);
#4554 = DIRECTION('',(-0.,-1.,-0.));
#4555 = ORIENTED_EDGE('',*,*,#4556,.T.);
#4556 = EDGE_CURVE('',#4549,#4557,#4559,.T.);
#4557 = VERTEX_POINT('',#4558);
#4558 = CARTESIAN_POINT('',(-48.7,-53.39,198.7));
#4559 = LINE('',#4560,#4561);
#4560 = CARTESIAN_POINT('',(-48.7,-53.39,92.5));
#4561 = VECTOR('',#4562,1.);
#4562 = DIRECTION('',(0.,0.,1.));
#4563 = ORIENTED_EDGE('',*,*,#4564,.F.);
#4564 = EDGE_CURVE('',#4541,#4557,#4565,.T.);
#4565 = LINE('',#4566,#4567);
#4566 = CARTESIAN_POINT('',(-48.7,-50.89,198.7));
#4567 = VECTOR('',#4568,1.);
#4568 = DIRECTION('',(-0.,-1.,-0.));
#4569 = PLANE('',#4570);
#4570 = AXIS2_PLACEMENT_3D('',#4571,#4572,#4573);
#4571 = CARTESIAN_POINT('',(-48.7,-50.89,92.5));
#4572 = DIRECTION('',(1.,0.,0.));
#4573 = DIRECTION('',(0.,0.,-1.));
#4574 = ADVANCED_FACE('',(#4575,#4728,#4739,#4750,#4761,#4772),#4783,.T.
  );
#4575 = FACE_BOUND('',#4576,.F.);
#4576 = EDGE_LOOP('',(#4577,#4587,#4595,#4603,#4611,#4619,#4627,#4635,
    #4643,#4651,#4659,#4667,#4673,#4674,#4682,#4690,#4698,#4706,#4714,
    #4722));
#4577 = ORIENTED_EDGE('',*,*,#4578,.T.);
#4578 = EDGE_CURVE('',#4579,#4581,#4583,.T.);
#4579 = VERTEX_POINT('',#4580);
#4580 = CARTESIAN_POINT('',(46.5,-53.39,195.));
#4581 = VERTEX_POINT('',#4582);
#4582 = CARTESIAN_POINT('',(46.5,-53.39,198.7));
#4583 = LINE('',#4584,#4585);
#4584 = CARTESIAN_POINT('',(46.5,-53.39,195.));
#4585 = VECTOR('',#4586,1.);
#4586 = DIRECTION('',(0.,0.,1.));
#4587 = ORIENTED_EDGE('',*,*,#4588,.T.);
#4588 = EDGE_CURVE('',#4581,#4589,#4591,.T.);
#4589 = VERTEX_POINT('',#4590);
#4590 = CARTESIAN_POINT('',(48.7,-53.39,198.7));
#4591 = LINE('',#4592,#4593);
#4592 = CARTESIAN_POINT('',(-48.7,-53.39,198.7));
#4593 = VECTOR('',#4594,1.);
#4594 = DIRECTION('',(1.,0.,0.));
#4595 = ORIENTED_EDGE('',*,*,#4596,.F.);
#4596 = EDGE_CURVE('',#4597,#4589,#4599,.T.);
#4597 = VERTEX_POINT('',#4598);
#4598 = CARTESIAN_POINT('',(48.7,-53.39,92.5));
#4599 = LINE('',#4600,#4601);
#4600 = CARTESIAN_POINT('',(48.7,-53.39,92.5));
#4601 = VECTOR('',#4602,1.);
#4602 = DIRECTION('',(0.,0.,1.));
#4603 = ORIENTED_EDGE('',*,*,#4604,.F.);
#4604 = EDGE_CURVE('',#4605,#4597,#4607,.T.);
#4605 = VERTEX_POINT('',#4606);
#4606 = CARTESIAN_POINT('',(45.5,-53.39,92.5));
#4607 = LINE('',#4608,#4609);
#4608 = CARTESIAN_POINT('',(-48.7,-53.39,92.5));
#4609 = VECTOR('',#4610,1.);
#4610 = DIRECTION('',(1.,0.,0.));
#4611 = ORIENTED_EDGE('',*,*,#4612,.F.);
#4612 = EDGE_CURVE('',#4613,#4605,#4615,.T.);
#4613 = VERTEX_POINT('',#4614);
#4614 = CARTESIAN_POINT('',(45.5,-53.39,95.));
#4615 = LINE('',#4616,#4617);
#4616 = CARTESIAN_POINT('',(45.5,-53.39,92.5));
#4617 = VECTOR('',#4618,1.);
#4618 = DIRECTION('',(-0.,-0.,-1.));
#4619 = ORIENTED_EDGE('',*,*,#4620,.F.);
#4620 = EDGE_CURVE('',#4621,#4613,#4623,.T.);
#4621 = VERTEX_POINT('',#4622);
#4622 = CARTESIAN_POINT('',(-0.5,-53.39,95.));
#4623 = LINE('',#4624,#4625);
#4624 = CARTESIAN_POINT('',(-47.1,-53.39,95.));
#4625 = VECTOR('',#4626,1.);
#4626 = DIRECTION('',(1.,0.,0.));
#4627 = ORIENTED_EDGE('',*,*,#4628,.T.);
#4628 = EDGE_CURVE('',#4621,#4629,#4631,.T.);
#4629 = VERTEX_POINT('',#4630);
#4630 = CARTESIAN_POINT('',(-0.5,-53.39,92.5));
#4631 = LINE('',#4632,#4633);
#4632 = CARTESIAN_POINT('',(-0.5,-53.39,92.));
#4633 = VECTOR('',#4634,1.);
#4634 = DIRECTION('',(-0.,-0.,-1.));
#4635 = ORIENTED_EDGE('',*,*,#4636,.F.);
#4636 = EDGE_CURVE('',#4637,#4629,#4639,.T.);
#4637 = VERTEX_POINT('',#4638);
#4638 = CARTESIAN_POINT('',(-40.5,-53.39,92.5));
#4639 = LINE('',#4640,#4641);
#4640 = CARTESIAN_POINT('',(-48.7,-53.39,92.5));
#4641 = VECTOR('',#4642,1.);
#4642 = DIRECTION('',(1.,0.,0.));
#4643 = ORIENTED_EDGE('',*,*,#4644,.F.);
#4644 = EDGE_CURVE('',#4645,#4637,#4647,.T.);
#4645 = VERTEX_POINT('',#4646);
#4646 = CARTESIAN_POINT('',(-40.5,-53.39,95.));
#4647 = LINE('',#4648,#4649);
#4648 = CARTESIAN_POINT('',(-40.5,-53.39,92.));
#4649 = VECTOR('',#4650,1.);
#4650 = DIRECTION('',(-0.,-0.,-1.));
#4651 = ORIENTED_EDGE('',*,*,#4652,.F.);
#4652 = EDGE_CURVE('',#4653,#4645,#4655,.T.);
#4653 = VERTEX_POINT('',#4654);
#4654 = CARTESIAN_POINT('',(-45.5,-53.39,95.));
#4655 = LINE('',#4656,#4657);
#4656 = CARTESIAN_POINT('',(-47.1,-53.39,95.));
#4657 = VECTOR('',#4658,1.);
#4658 = DIRECTION('',(1.,0.,0.));
#4659 = ORIENTED_EDGE('',*,*,#4660,.T.);
#4660 = EDGE_CURVE('',#4653,#4661,#4663,.T.);
#4661 = VERTEX_POINT('',#4662);
#4662 = CARTESIAN_POINT('',(-45.5,-53.39,92.5));
#4663 = LINE('',#4664,#4665);
#4664 = CARTESIAN_POINT('',(-45.5,-53.39,92.5));
#4665 = VECTOR('',#4666,1.);
#4666 = DIRECTION('',(-0.,-0.,-1.));
#4667 = ORIENTED_EDGE('',*,*,#4668,.F.);
#4668 = EDGE_CURVE('',#4549,#4661,#4669,.T.);
#4669 = LINE('',#4670,#4671);
#4670 = CARTESIAN_POINT('',(-48.7,-53.39,92.5));
#4671 = VECTOR('',#4672,1.);
#4672 = DIRECTION('',(1.,0.,0.));
#4673 = ORIENTED_EDGE('',*,*,#4556,.T.);
#4674 = ORIENTED_EDGE('',*,*,#4675,.T.);
#4675 = EDGE_CURVE('',#4557,#4676,#4678,.T.);
#4676 = VERTEX_POINT('',#4677);
#4677 = CARTESIAN_POINT('',(-46.5,-53.39,198.7));
#4678 = LINE('',#4679,#4680);
#4679 = CARTESIAN_POINT('',(-48.7,-53.39,198.7));
#4680 = VECTOR('',#4681,1.);
#4681 = DIRECTION('',(1.,0.,0.));
#4682 = ORIENTED_EDGE('',*,*,#4683,.F.);
#4683 = EDGE_CURVE('',#4684,#4676,#4686,.T.);
#4684 = VERTEX_POINT('',#4685);
#4685 = CARTESIAN_POINT('',(-46.5,-53.39,195.));
#4686 = LINE('',#4687,#4688);
#4687 = CARTESIAN_POINT('',(-46.5,-53.39,195.));
#4688 = VECTOR('',#4689,1.);
#4689 = DIRECTION('',(0.,0.,1.));
#4690 = ORIENTED_EDGE('',*,*,#4691,.T.);
#4691 = EDGE_CURVE('',#4684,#4692,#4694,.T.);
#4692 = VERTEX_POINT('',#4693);
#4693 = CARTESIAN_POINT('',(-37.5,-53.39,195.));
#4694 = LINE('',#4695,#4696);
#4695 = CARTESIAN_POINT('',(-46.5,-53.39,195.));
#4696 = VECTOR('',#4697,1.);
#4697 = DIRECTION('',(1.,0.,0.));
#4698 = ORIENTED_EDGE('',*,*,#4699,.T.);
#4699 = EDGE_CURVE('',#4692,#4700,#4702,.T.);
#4700 = VERTEX_POINT('',#4701);
#4701 = CARTESIAN_POINT('',(-37.5,-53.39,198.7));
#4702 = LINE('',#4703,#4704);
#4703 = CARTESIAN_POINT('',(-37.5,-53.39,195.));
#4704 = VECTOR('',#4705,1.);
#4705 = DIRECTION('',(0.,0.,1.));
#4706 = ORIENTED_EDGE('',*,*,#4707,.T.);
#4707 = EDGE_CURVE('',#4700,#4708,#4710,.T.);
#4708 = VERTEX_POINT('',#4709);
#4709 = CARTESIAN_POINT('',(37.5,-53.39,198.7));
#4710 = LINE('',#4711,#4712);
#4711 = CARTESIAN_POINT('',(-48.7,-53.39,198.7));
#4712 = VECTOR('',#4713,1.);
#4713 = DIRECTION('',(1.,0.,0.));
#4714 = ORIENTED_EDGE('',*,*,#4715,.F.);
#4715 = EDGE_CURVE('',#4716,#4708,#4718,.T.);
#4716 = VERTEX_POINT('',#4717);
#4717 = CARTESIAN_POINT('',(37.5,-53.39,195.));
#4718 = LINE('',#4719,#4720);
#4719 = CARTESIAN_POINT('',(37.5,-53.39,195.));
#4720 = VECTOR('',#4721,1.);
#4721 = DIRECTION('',(0.,0.,1.));
#4722 = ORIENTED_EDGE('',*,*,#4723,.T.);
#4723 = EDGE_CURVE('',#4716,#4579,#4724,.T.);
#4724 = LINE('',#4725,#4726);
#4725 = CARTESIAN_POINT('',(37.5,-53.39,195.));
#4726 = VECTOR('',#4727,1.);
#4727 = DIRECTION('',(1.,0.,0.));
#4728 = FACE_BOUND('',#4729,.F.);
#4729 = EDGE_LOOP('',(#4730));
#4730 = ORIENTED_EDGE('',*,*,#4731,.F.);
#4731 = EDGE_CURVE('',#4732,#4732,#4734,.T.);
#4732 = VERTEX_POINT('',#4733);
#4733 = CARTESIAN_POINT('',(-39.,-53.39,106.5));
#4734 = CIRCLE('',#4735,3.);
#4735 = AXIS2_PLACEMENT_3D('',#4736,#4737,#4738);
#4736 = CARTESIAN_POINT('',(-39.,-53.39,103.5));
#4737 = DIRECTION('',(0.,1.,0.));
#4738 = DIRECTION('',(0.,0.,1.));
#4739 = FACE_BOUND('',#4740,.F.);
#4740 = EDGE_LOOP('',(#4741));
#4741 = ORIENTED_EDGE('',*,*,#4742,.F.);
#4742 = EDGE_CURVE('',#4743,#4743,#4745,.T.);
#4743 = VERTEX_POINT('',#4744);
#4744 = CARTESIAN_POINT('',(-39.,-53.39,155.5));
#4745 = CIRCLE('',#4746,3.);
#4746 = AXIS2_PLACEMENT_3D('',#4747,#4748,#4749);
#4747 = CARTESIAN_POINT('',(-39.,-53.39,152.5));
#4748 = DIRECTION('',(0.,1.,0.));
#4749 = DIRECTION('',(0.,0.,1.));
#4750 = FACE_BOUND('',#4751,.F.);
#4751 = EDGE_LOOP('',(#4752));
#4752 = ORIENTED_EDGE('',*,*,#4753,.F.);
#4753 = EDGE_CURVE('',#4754,#4754,#4756,.T.);
#4754 = VERTEX_POINT('',#4755);
#4755 = CARTESIAN_POINT('',(19.,-53.39,106.5));
#4756 = CIRCLE('',#4757,3.);
#4757 = AXIS2_PLACEMENT_3D('',#4758,#4759,#4760);
#4758 = CARTESIAN_POINT('',(19.,-53.39,103.5));
#4759 = DIRECTION('',(0.,1.,0.));
#4760 = DIRECTION('',(0.,0.,1.));
#4761 = FACE_BOUND('',#4762,.F.);
#4762 = EDGE_LOOP('',(#4763));
#4763 = ORIENTED_EDGE('',*,*,#4764,.F.);
#4764 = EDGE_CURVE('',#4765,#4765,#4767,.T.);
#4765 = VERTEX_POINT('',#4766);
#4766 = CARTESIAN_POINT('',(19.,-53.39,155.5));
#4767 = CIRCLE('',#4768,3.);
#4768 = AXIS2_PLACEMENT_3D('',#4769,#4770,#4771);
#4769 = CARTESIAN_POINT('',(19.,-53.39,152.5));
#4770 = DIRECTION('',(0.,1.,0.));
#4771 = DIRECTION('',(0.,0.,1.));
#4772 = FACE_BOUND('',#4773,.F.);
#4773 = EDGE_LOOP('',(#4774));
#4774 = ORIENTED_EDGE('',*,*,#4775,.F.);
#4775 = EDGE_CURVE('',#4776,#4776,#4778,.T.);
#4776 = VERTEX_POINT('',#4777);
#4777 = CARTESIAN_POINT('',(37.,-53.39,187.));
#4778 = CIRCLE('',#4779,11.);
#4779 = AXIS2_PLACEMENT_3D('',#4780,#4781,#4782);
#4780 = CARTESIAN_POINT('',(37.,-53.39,176.));
#4781 = DIRECTION('',(0.,1.,0.));
#4782 = DIRECTION('',(0.,0.,1.));
#4783 = PLANE('',#4784);
#4784 = AXIS2_PLACEMENT_3D('',#4785,#4786,#4787);
#4785 = CARTESIAN_POINT('',(-48.7,-53.39,92.5));
#4786 = DIRECTION('',(-0.,-1.,-0.));
#4787 = DIRECTION('',(0.,0.,-1.));
#4788 = ADVANCED_FACE('',(#4789),#4814,.T.);
#4789 = FACE_BOUND('',#4790,.F.);
#4790 = EDGE_LOOP('',(#4791,#4801,#4807,#4808));
#4791 = ORIENTED_EDGE('',*,*,#4792,.F.);
#4792 = EDGE_CURVE('',#4793,#4795,#4797,.T.);
#4793 = VERTEX_POINT('',#4794);
#4794 = CARTESIAN_POINT('',(48.7,-50.89,92.5));
#4795 = VERTEX_POINT('',#4796);
#4796 = CARTESIAN_POINT('',(48.7,-50.89,198.7));
#4797 = LINE('',#4798,#4799);
#4798 = CARTESIAN_POINT('',(48.7,-50.89,92.5));
#4799 = VECTOR('',#4800,1.);
#4800 = DIRECTION('',(0.,0.,1.));
#4801 = ORIENTED_EDGE('',*,*,#4802,.T.);
#4802 = EDGE_CURVE('',#4793,#4597,#4803,.T.);
#4803 = LINE('',#4804,#4805);
#4804 = CARTESIAN_POINT('',(48.7,-50.89,92.5));
#4805 = VECTOR('',#4806,1.);
#4806 = DIRECTION('',(-0.,-1.,-0.));
#4807 = ORIENTED_EDGE('',*,*,#4596,.T.);
#4808 = ORIENTED_EDGE('',*,*,#4809,.F.);
#4809 = EDGE_CURVE('',#4795,#4589,#4810,.T.);
#4810 = LINE('',#4811,#4812);
#4811 = CARTESIAN_POINT('',(48.7,-50.89,198.7));
#4812 = VECTOR('',#4813,1.);
#4813 = DIRECTION('',(-0.,-1.,-0.));
#4814 = PLANE('',#4815);
#4815 = AXIS2_PLACEMENT_3D('',#4816,#4817,#4818);
#4816 = CARTESIAN_POINT('',(48.7,-50.89,92.5));
#4817 = DIRECTION('',(1.,0.,0.));
#4818 = DIRECTION('',(0.,0.,-1.));
#4819 = ADVANCED_FACE('',(#4820),#4839,.F.);
#4820 = FACE_BOUND('',#4821,.T.);
#4821 = EDGE_LOOP('',(#4822,#4823,#4831,#4838));
#4822 = ORIENTED_EDGE('',*,*,#4775,.F.);
#4823 = ORIENTED_EDGE('',*,*,#4824,.F.);
#4824 = EDGE_CURVE('',#4825,#4776,#4827,.T.);
#4825 = VERTEX_POINT('',#4826);
#4826 = CARTESIAN_POINT('',(37.,-50.89,187.));
#4827 = LINE('',#4828,#4829);
#4828 = CARTESIAN_POINT('',(37.,-49.89,187.));
#4829 = VECTOR('',#4830,1.);
#4830 = DIRECTION('',(-0.,-1.,-0.));
#4831 = ORIENTED_EDGE('',*,*,#4832,.T.);
#4832 = EDGE_CURVE('',#4825,#4825,#4833,.T.);
#4833 = CIRCLE('',#4834,11.);
#4834 = AXIS2_PLACEMENT_3D('',#4835,#4836,#4837);
#4835 = CARTESIAN_POINT('',(37.,-50.89,176.));
#4836 = DIRECTION('',(0.,1.,0.));
#4837 = DIRECTION('',(0.,0.,1.));
#4838 = ORIENTED_EDGE('',*,*,#4824,.T.);
#4839 = CYLINDRICAL_SURFACE('',#4840,11.);
#4840 = AXIS2_PLACEMENT_3D('',#4841,#4842,#4843);
#4841 = CARTESIAN_POINT('',(37.,-49.89,176.));
#4842 = DIRECTION('',(-0.,-1.,-0.));
#4843 = DIRECTION('',(0.,0.,1.));
#4844 = ADVANCED_FACE('',(#4845),#4870,.T.);
#4845 = FACE_BOUND('',#4846,.F.);
#4846 = EDGE_LOOP('',(#4847,#4848,#4856,#4864));
#4847 = ORIENTED_EDGE('',*,*,#4578,.F.);
#4848 = ORIENTED_EDGE('',*,*,#4849,.T.);
#4849 = EDGE_CURVE('',#4579,#4850,#4852,.T.);
#4850 = VERTEX_POINT('',#4851);
#4851 = CARTESIAN_POINT('',(46.5,-65.89,195.));
#4852 = LINE('',#4853,#4854);
#4853 = CARTESIAN_POINT('',(46.5,-53.39,195.));
#4854 = VECTOR('',#4855,1.);
#4855 = DIRECTION('',(-0.,-1.,-0.));
#4856 = ORIENTED_EDGE('',*,*,#4857,.T.);
#4857 = EDGE_CURVE('',#4850,#4858,#4860,.T.);
#4858 = VERTEX_POINT('',#4859);
#4859 = CARTESIAN_POINT('',(46.5,-65.89,198.7));
#4860 = LINE('',#4861,#4862);
#4861 = CARTESIAN_POINT('',(46.5,-65.89,195.));
#4862 = VECTOR('',#4863,1.);
#4863 = DIRECTION('',(0.,0.,1.));
#4864 = ORIENTED_EDGE('',*,*,#4865,.F.);
#4865 = EDGE_CURVE('',#4581,#4858,#4866,.T.);
#4866 = LINE('',#4867,#4868);
#4867 = CARTESIAN_POINT('',(46.5,-53.39,198.7));
#4868 = VECTOR('',#4869,1.);
#4869 = DIRECTION('',(-0.,-1.,-0.));
#4870 = PLANE('',#4871);
#4871 = AXIS2_PLACEMENT_3D('',#4872,#4873,#4874);
#4872 = CARTESIAN_POINT('',(46.5,-53.39,195.));
#4873 = DIRECTION('',(1.,0.,0.));
#4874 = DIRECTION('',(0.,0.,-1.));
#4875 = ADVANCED_FACE('',(#4876),#4894,.F.);
#4876 = FACE_BOUND('',#4877,.T.);
#4877 = EDGE_LOOP('',(#4878,#4886,#4887,#4888));
#4878 = ORIENTED_EDGE('',*,*,#4879,.F.);
#4879 = EDGE_CURVE('',#4716,#4880,#4882,.T.);
#4880 = VERTEX_POINT('',#4881);
#4881 = CARTESIAN_POINT('',(37.5,-65.89,195.));
#4882 = LINE('',#4883,#4884);
#4883 = CARTESIAN_POINT('',(37.5,-53.39,195.));
#4884 = VECTOR('',#4885,1.);
#4885 = DIRECTION('',(-0.,-1.,-0.));
#4886 = ORIENTED_EDGE('',*,*,#4723,.T.);
#4887 = ORIENTED_EDGE('',*,*,#4849,.T.);
#4888 = ORIENTED_EDGE('',*,*,#4889,.F.);
#4889 = EDGE_CURVE('',#4880,#4850,#4890,.T.);
#4890 = LINE('',#4891,#4892);
#4891 = CARTESIAN_POINT('',(37.5,-65.89,195.));
#4892 = VECTOR('',#4893,1.);
#4893 = DIRECTION('',(1.,0.,0.));
#4894 = PLANE('',#4895);
#4895 = AXIS2_PLACEMENT_3D('',#4896,#4897,#4898);
#4896 = CARTESIAN_POINT('',(37.5,-53.39,195.));
#4897 = DIRECTION('',(0.,0.,1.));
#4898 = DIRECTION('',(-1.,0.,0.));
#4899 = ADVANCED_FACE('',(#4900),#4918,.F.);
#4900 = FACE_BOUND('',#4901,.T.);
#4901 = EDGE_LOOP('',(#4902,#4903,#4904,#4912));
#4902 = ORIENTED_EDGE('',*,*,#4715,.F.);
#4903 = ORIENTED_EDGE('',*,*,#4879,.T.);
#4904 = ORIENTED_EDGE('',*,*,#4905,.T.);
#4905 = EDGE_CURVE('',#4880,#4906,#4908,.T.);
#4906 = VERTEX_POINT('',#4907);
#4907 = CARTESIAN_POINT('',(37.5,-65.89,198.7));
#4908 = LINE('',#4909,#4910);
#4909 = CARTESIAN_POINT('',(37.5,-65.89,195.));
#4910 = VECTOR('',#4911,1.);
#4911 = DIRECTION('',(0.,0.,1.));
#4912 = ORIENTED_EDGE('',*,*,#4913,.F.);
#4913 = EDGE_CURVE('',#4708,#4906,#4914,.T.);
#4914 = LINE('',#4915,#4916);
#4915 = CARTESIAN_POINT('',(37.5,-53.39,198.7));
#4916 = VECTOR('',#4917,1.);
#4917 = DIRECTION('',(-0.,-1.,-0.));
#4918 = PLANE('',#4919);
#4919 = AXIS2_PLACEMENT_3D('',#4920,#4921,#4922);
#4920 = CARTESIAN_POINT('',(37.5,-53.39,195.));
#4921 = DIRECTION('',(1.,0.,0.));
#4922 = DIRECTION('',(0.,0.,-1.));
#4923 = ADVANCED_FACE('',(#4924),#4949,.T.);
#4924 = FACE_BOUND('',#4925,.F.);
#4925 = EDGE_LOOP('',(#4926,#4927,#4935,#4943));
#4926 = ORIENTED_EDGE('',*,*,#4699,.F.);
#4927 = ORIENTED_EDGE('',*,*,#4928,.T.);
#4928 = EDGE_CURVE('',#4692,#4929,#4931,.T.);
#4929 = VERTEX_POINT('',#4930);
#4930 = CARTESIAN_POINT('',(-37.5,-65.89,195.));
#4931 = LINE('',#4932,#4933);
#4932 = CARTESIAN_POINT('',(-37.5,-53.39,195.));
#4933 = VECTOR('',#4934,1.);
#4934 = DIRECTION('',(-0.,-1.,-0.));
#4935 = ORIENTED_EDGE('',*,*,#4936,.T.);
#4936 = EDGE_CURVE('',#4929,#4937,#4939,.T.);
#4937 = VERTEX_POINT('',#4938);
#4938 = CARTESIAN_POINT('',(-37.5,-65.89,198.7));
#4939 = LINE('',#4940,#4941);
#4940 = CARTESIAN_POINT('',(-37.5,-65.89,195.));
#4941 = VECTOR('',#4942,1.);
#4942 = DIRECTION('',(0.,0.,1.));
#4943 = ORIENTED_EDGE('',*,*,#4944,.F.);
#4944 = EDGE_CURVE('',#4700,#4937,#4945,.T.);
#4945 = LINE('',#4946,#4947);
#4946 = CARTESIAN_POINT('',(-37.5,-53.39,198.7));
#4947 = VECTOR('',#4948,1.);
#4948 = DIRECTION('',(-0.,-1.,-0.));
#4949 = PLANE('',#4950);
#4950 = AXIS2_PLACEMENT_3D('',#4951,#4952,#4953);
#4951 = CARTESIAN_POINT('',(-37.5,-53.39,195.));
#4952 = DIRECTION('',(1.,0.,0.));
#4953 = DIRECTION('',(0.,0.,-1.));
#4954 = ADVANCED_FACE('',(#4955),#4973,.F.);
#4955 = FACE_BOUND('',#4956,.T.);
#4956 = EDGE_LOOP('',(#4957,#4965,#4966,#4967));
#4957 = ORIENTED_EDGE('',*,*,#4958,.F.);
#4958 = EDGE_CURVE('',#4684,#4959,#4961,.T.);
#4959 = VERTEX_POINT('',#4960);
#4960 = CARTESIAN_POINT('',(-46.5,-65.89,195.));
#4961 = LINE('',#4962,#4963);
#4962 = CARTESIAN_POINT('',(-46.5,-53.39,195.));
#4963 = VECTOR('',#4964,1.);
#4964 = DIRECTION('',(-0.,-1.,-0.));
#4965 = ORIENTED_EDGE('',*,*,#4691,.T.);
#4966 = ORIENTED_EDGE('',*,*,#4928,.T.);
#4967 = ORIENTED_EDGE('',*,*,#4968,.F.);
#4968 = EDGE_CURVE('',#4959,#4929,#4969,.T.);
#4969 = LINE('',#4970,#4971);
#4970 = CARTESIAN_POINT('',(-46.5,-65.89,195.));
#4971 = VECTOR('',#4972,1.);
#4972 = DIRECTION('',(1.,0.,0.));
#4973 = PLANE('',#4974);
#4974 = AXIS2_PLACEMENT_3D('',#4975,#4976,#4977);
#4975 = CARTESIAN_POINT('',(-46.5,-53.39,195.));
#4976 = DIRECTION('',(0.,0.,1.));
#4977 = DIRECTION('',(-1.,0.,0.));
#4978 = ADVANCED_FACE('',(#4979),#5027,.T.);
#4979 = FACE_BOUND('',#4980,.F.);
#4980 = EDGE_LOOP('',(#4981,#4982,#4990,#4998,#5004,#5005,#5013,#5021));
#4981 = ORIENTED_EDGE('',*,*,#4620,.T.);
#4982 = ORIENTED_EDGE('',*,*,#4983,.T.);
#4983 = EDGE_CURVE('',#4613,#4984,#4986,.T.);
#4984 = VERTEX_POINT('',#4985);
#4985 = CARTESIAN_POINT('',(45.5,-99.39,95.));
#4986 = LINE('',#4987,#4988);
#4987 = CARTESIAN_POINT('',(45.5,-50.89,95.));
#4988 = VECTOR('',#4989,1.);
#4989 = DIRECTION('',(-0.,-1.,-0.));
#4990 = ORIENTED_EDGE('',*,*,#4991,.T.);
#4991 = EDGE_CURVE('',#4984,#4992,#4994,.T.);
#4992 = VERTEX_POINT('',#4993);
#4993 = CARTESIAN_POINT('',(-45.5,-99.39,95.));
#4994 = LINE('',#4995,#4996);
#4995 = CARTESIAN_POINT('',(-45.5,-99.39,95.));
#4996 = VECTOR('',#4997,1.);
#4997 = DIRECTION('',(-1.,0.,0.));
#4998 = ORIENTED_EDGE('',*,*,#4999,.F.);
#4999 = EDGE_CURVE('',#4653,#4992,#5000,.T.);
#5000 = LINE('',#5001,#5002);
#5001 = CARTESIAN_POINT('',(-45.5,-50.89,95.));
#5002 = VECTOR('',#5003,1.);
#5003 = DIRECTION('',(-0.,-1.,-0.));
#5004 = ORIENTED_EDGE('',*,*,#4652,.T.);
#5005 = ORIENTED_EDGE('',*,*,#5006,.T.);
#5006 = EDGE_CURVE('',#4645,#5007,#5009,.T.);
#5007 = VERTEX_POINT('',#5008);
#5008 = CARTESIAN_POINT('',(-40.5,-98.89,95.));
#5009 = LINE('',#5010,#5011);
#5010 = CARTESIAN_POINT('',(-40.5,-50.39,95.));
#5011 = VECTOR('',#5012,1.);
#5012 = DIRECTION('',(-0.,-1.,-0.));
#5013 = ORIENTED_EDGE('',*,*,#5014,.F.);
#5014 = EDGE_CURVE('',#5015,#5007,#5017,.T.);
#5015 = VERTEX_POINT('',#5016);
#5016 = CARTESIAN_POINT('',(-0.5,-98.89,95.));
#5017 = LINE('',#5018,#5019);
#5018 = CARTESIAN_POINT('',(-43.,-98.89,95.));
#5019 = VECTOR('',#5020,1.);
#5020 = DIRECTION('',(-1.,0.,0.));
#5021 = ORIENTED_EDGE('',*,*,#5022,.F.);
#5022 = EDGE_CURVE('',#4621,#5015,#5023,.T.);
#5023 = LINE('',#5024,#5025);
#5024 = CARTESIAN_POINT('',(-0.5,-50.39,95.));
#5025 = VECTOR('',#5026,1.);
#5026 = DIRECTION('',(-0.,-1.,-0.));
#5027 = PLANE('',#5028);
#5028 = AXIS2_PLACEMENT_3D('',#5029,#5030,#5031);
#5029 = CARTESIAN_POINT('',(-45.5,-50.89,95.));
#5030 = DIRECTION('',(0.,0.,1.));
#5031 = DIRECTION('',(-1.,0.,0.));
#5032 = ADVANCED_FACE('',(#5033),#5051,.F.);
#5033 = FACE_BOUND('',#5034,.T.);
#5034 = EDGE_LOOP('',(#5035,#5036,#5037,#5045));
#5035 = ORIENTED_EDGE('',*,*,#4683,.F.);
#5036 = ORIENTED_EDGE('',*,*,#4958,.T.);
#5037 = ORIENTED_EDGE('',*,*,#5038,.T.);
#5038 = EDGE_CURVE('',#4959,#5039,#5041,.T.);
#5039 = VERTEX_POINT('',#5040);
#5040 = CARTESIAN_POINT('',(-46.5,-65.89,198.7));
#5041 = LINE('',#5042,#5043);
#5042 = CARTESIAN_POINT('',(-46.5,-65.89,195.));
#5043 = VECTOR('',#5044,1.);
#5044 = DIRECTION('',(0.,0.,1.));
#5045 = ORIENTED_EDGE('',*,*,#5046,.F.);
#5046 = EDGE_CURVE('',#4676,#5039,#5047,.T.);
#5047 = LINE('',#5048,#5049);
#5048 = CARTESIAN_POINT('',(-46.5,-53.39,198.7));
#5049 = VECTOR('',#5050,1.);
#5050 = DIRECTION('',(-0.,-1.,-0.));
#5051 = PLANE('',#5052);
#5052 = AXIS2_PLACEMENT_3D('',#5053,#5054,#5055);
#5053 = CARTESIAN_POINT('',(-46.5,-53.39,195.));
#5054 = DIRECTION('',(1.,0.,0.));
#5055 = DIRECTION('',(0.,0.,-1.));
#5056 = ADVANCED_FACE('',(#5057),#5075,.F.);
#5057 = FACE_BOUND('',#5058,.T.);
#5058 = EDGE_LOOP('',(#5059,#5067,#5073,#5074));
#5059 = ORIENTED_EDGE('',*,*,#5060,.T.);
#5060 = EDGE_CURVE('',#4629,#5061,#5063,.T.);
#5061 = VERTEX_POINT('',#5062);
#5062 = CARTESIAN_POINT('',(-0.5,-98.89,92.5));
#5063 = LINE('',#5064,#5065);
#5064 = CARTESIAN_POINT('',(-0.5,-50.39,92.5));
#5065 = VECTOR('',#5066,1.);
#5066 = DIRECTION('',(-0.,-1.,-0.));
#5067 = ORIENTED_EDGE('',*,*,#5068,.T.);
#5068 = EDGE_CURVE('',#5061,#5015,#5069,.T.);
#5069 = LINE('',#5070,#5071);
#5070 = CARTESIAN_POINT('',(-0.5,-98.89,91.5));
#5071 = VECTOR('',#5072,1.);
#5072 = DIRECTION('',(0.,0.,1.));
#5073 = ORIENTED_EDGE('',*,*,#5022,.F.);
#5074 = ORIENTED_EDGE('',*,*,#4628,.T.);
#5075 = PLANE('',#5076);
#5076 = AXIS2_PLACEMENT_3D('',#5077,#5078,#5079);
#5077 = CARTESIAN_POINT('',(-0.5,-49.89,91.5));
#5078 = DIRECTION('',(1.,0.,0.));
#5079 = DIRECTION('',(0.,0.,-1.));
#5080 = ADVANCED_FACE('',(#5081),#5099,.T.);
#5081 = FACE_BOUND('',#5082,.F.);
#5082 = EDGE_LOOP('',(#5083,#5091,#5097,#5098));
#5083 = ORIENTED_EDGE('',*,*,#5084,.T.);
#5084 = EDGE_CURVE('',#4637,#5085,#5087,.T.);
#5085 = VERTEX_POINT('',#5086);
#5086 = CARTESIAN_POINT('',(-40.5,-98.89,92.5));
#5087 = LINE('',#5088,#5089);
#5088 = CARTESIAN_POINT('',(-40.5,-50.39,92.5));
#5089 = VECTOR('',#5090,1.);
#5090 = DIRECTION('',(-0.,-1.,-0.));
#5091 = ORIENTED_EDGE('',*,*,#5092,.T.);
#5092 = EDGE_CURVE('',#5085,#5007,#5093,.T.);
#5093 = LINE('',#5094,#5095);
#5094 = CARTESIAN_POINT('',(-40.5,-98.89,91.5));
#5095 = VECTOR('',#5096,1.);
#5096 = DIRECTION('',(0.,0.,1.));
#5097 = ORIENTED_EDGE('',*,*,#5006,.F.);
#5098 = ORIENTED_EDGE('',*,*,#4644,.T.);
#5099 = PLANE('',#5100);
#5100 = AXIS2_PLACEMENT_3D('',#5101,#5102,#5103);
#5101 = CARTESIAN_POINT('',(-40.5,-49.89,91.5));
#5102 = DIRECTION('',(1.,0.,0.));
#5103 = DIRECTION('',(0.,0.,-1.));
#5104 = ADVANCED_FACE('',(#5105),#5124,.T.);
#5105 = FACE_BOUND('',#5106,.F.);
#5106 = EDGE_LOOP('',(#5107,#5116,#5122,#5123));
#5107 = ORIENTED_EDGE('',*,*,#5108,.F.);
#5108 = EDGE_CURVE('',#5109,#5109,#5111,.T.);
#5109 = VERTEX_POINT('',#5110);
#5110 = CARTESIAN_POINT('',(-39.,-59.39,106.5));
#5111 = CIRCLE('',#5112,3.);
#5112 = AXIS2_PLACEMENT_3D('',#5113,#5114,#5115);
#5113 = CARTESIAN_POINT('',(-39.,-59.39,103.5));
#5114 = DIRECTION('',(0.,1.,0.));
#5115 = DIRECTION('',(0.,0.,1.));
#5116 = ORIENTED_EDGE('',*,*,#5117,.F.);
#5117 = EDGE_CURVE('',#4732,#5109,#5118,.T.);
#5118 = LINE('',#5119,#5120);
#5119 = CARTESIAN_POINT('',(-39.,-53.39,106.5));
#5120 = VECTOR('',#5121,1.);
#5121 = DIRECTION('',(-0.,-1.,-0.));
#5122 = ORIENTED_EDGE('',*,*,#4731,.T.);
#5123 = ORIENTED_EDGE('',*,*,#5117,.T.);
#5124 = CYLINDRICAL_SURFACE('',#5125,3.);
#5125 = AXIS2_PLACEMENT_3D('',#5126,#5127,#5128);
#5126 = CARTESIAN_POINT('',(-39.,-53.39,103.5));
#5127 = DIRECTION('',(-0.,-1.,-0.));
#5128 = DIRECTION('',(0.,0.,1.));
#5129 = ADVANCED_FACE('',(#5130),#5149,.T.);
#5130 = FACE_BOUND('',#5131,.F.);
#5131 = EDGE_LOOP('',(#5132,#5141,#5147,#5148));
#5132 = ORIENTED_EDGE('',*,*,#5133,.F.);
#5133 = EDGE_CURVE('',#5134,#5134,#5136,.T.);
#5134 = VERTEX_POINT('',#5135);
#5135 = CARTESIAN_POINT('',(-39.,-59.39,155.5));
#5136 = CIRCLE('',#5137,3.);
#5137 = AXIS2_PLACEMENT_3D('',#5138,#5139,#5140);
#5138 = CARTESIAN_POINT('',(-39.,-59.39,152.5));
#5139 = DIRECTION('',(0.,1.,0.));
#5140 = DIRECTION('',(0.,0.,1.));
#5141 = ORIENTED_EDGE('',*,*,#5142,.F.);
#5142 = EDGE_CURVE('',#4743,#5134,#5143,.T.);
#5143 = LINE('',#5144,#5145);
#5144 = CARTESIAN_POINT('',(-39.,-53.39,155.5));
#5145 = VECTOR('',#5146,1.);
#5146 = DIRECTION('',(-0.,-1.,-0.));
#5147 = ORIENTED_EDGE('',*,*,#4742,.T.);
#5148 = ORIENTED_EDGE('',*,*,#5142,.T.);
#5149 = CYLINDRICAL_SURFACE('',#5150,3.);
#5150 = AXIS2_PLACEMENT_3D('',#5151,#5152,#5153);
#5151 = CARTESIAN_POINT('',(-39.,-53.39,152.5));
#5152 = DIRECTION('',(-0.,-1.,-0.));
#5153 = DIRECTION('',(0.,0.,1.));
#5154 = ADVANCED_FACE('',(#5155),#5174,.T.);
#5155 = FACE_BOUND('',#5156,.F.);
#5156 = EDGE_LOOP('',(#5157,#5166,#5172,#5173));
#5157 = ORIENTED_EDGE('',*,*,#5158,.F.);
#5158 = EDGE_CURVE('',#5159,#5159,#5161,.T.);
#5159 = VERTEX_POINT('',#5160);
#5160 = CARTESIAN_POINT('',(19.,-59.39,106.5));
#5161 = CIRCLE('',#5162,3.);
#5162 = AXIS2_PLACEMENT_3D('',#5163,#5164,#5165);
#5163 = CARTESIAN_POINT('',(19.,-59.39,103.5));
#5164 = DIRECTION('',(0.,1.,0.));
#5165 = DIRECTION('',(0.,0.,1.));
#5166 = ORIENTED_EDGE('',*,*,#5167,.F.);
#5167 = EDGE_CURVE('',#4754,#5159,#5168,.T.);
#5168 = LINE('',#5169,#5170);
#5169 = CARTESIAN_POINT('',(19.,-53.39,106.5));
#5170 = VECTOR('',#5171,1.);
#5171 = DIRECTION('',(-0.,-1.,-0.));
#5172 = ORIENTED_EDGE('',*,*,#4753,.T.);
#5173 = ORIENTED_EDGE('',*,*,#5167,.T.);
#5174 = CYLINDRICAL_SURFACE('',#5175,3.);
#5175 = AXIS2_PLACEMENT_3D('',#5176,#5177,#5178);
#5176 = CARTESIAN_POINT('',(19.,-53.39,103.5));
#5177 = DIRECTION('',(-0.,-1.,-0.));
#5178 = DIRECTION('',(0.,0.,1.));
#5179 = ADVANCED_FACE('',(#5180),#5199,.T.);
#5180 = FACE_BOUND('',#5181,.F.);
#5181 = EDGE_LOOP('',(#5182,#5191,#5197,#5198));
#5182 = ORIENTED_EDGE('',*,*,#5183,.F.);
#5183 = EDGE_CURVE('',#5184,#5184,#5186,.T.);
#5184 = VERTEX_POINT('',#5185);
#5185 = CARTESIAN_POINT('',(19.,-59.39,155.5));
#5186 = CIRCLE('',#5187,3.);
#5187 = AXIS2_PLACEMENT_3D('',#5188,#5189,#5190);
#5188 = CARTESIAN_POINT('',(19.,-59.39,152.5));
#5189 = DIRECTION('',(0.,1.,0.));
#5190 = DIRECTION('',(0.,0.,1.));
#5191 = ORIENTED_EDGE('',*,*,#5192,.F.);
#5192 = EDGE_CURVE('',#4765,#5184,#5193,.T.);
#5193 = LINE('',#5194,#5195);
#5194 = CARTESIAN_POINT('',(19.,-53.39,155.5));
#5195 = VECTOR('',#5196,1.);
#5196 = DIRECTION('',(-0.,-1.,-0.));
#5197 = ORIENTED_EDGE('',*,*,#4764,.T.);
#5198 = ORIENTED_EDGE('',*,*,#5192,.T.);
#5199 = CYLINDRICAL_SURFACE('',#5200,3.);
#5200 = AXIS2_PLACEMENT_3D('',#5201,#5202,#5203);
#5201 = CARTESIAN_POINT('',(19.,-53.39,152.5));
#5202 = DIRECTION('',(-0.,-1.,-0.));
#5203 = DIRECTION('',(0.,0.,1.));
#5204 = ADVANCED_FACE('',(#5205),#5216,.T.);
#5205 = FACE_BOUND('',#5206,.F.);
#5206 = EDGE_LOOP('',(#5207,#5208,#5209,#5215));
#5207 = ORIENTED_EDGE('',*,*,#4968,.F.);
#5208 = ORIENTED_EDGE('',*,*,#5038,.T.);
#5209 = ORIENTED_EDGE('',*,*,#5210,.T.);
#5210 = EDGE_CURVE('',#5039,#4937,#5211,.T.);
#5211 = LINE('',#5212,#5213);
#5212 = CARTESIAN_POINT('',(-46.5,-65.89,198.7));
#5213 = VECTOR('',#5214,1.);
#5214 = DIRECTION('',(1.,0.,0.));
#5215 = ORIENTED_EDGE('',*,*,#4936,.F.);
#5216 = PLANE('',#5217);
#5217 = AXIS2_PLACEMENT_3D('',#5218,#5219,#5220);
#5218 = CARTESIAN_POINT('',(-46.5,-65.89,195.));
#5219 = DIRECTION('',(-0.,-1.,-0.));
#5220 = DIRECTION('',(0.,0.,-1.));
#5221 = ADVANCED_FACE('',(#5222),#5233,.T.);
#5222 = FACE_BOUND('',#5223,.F.);
#5223 = EDGE_LOOP('',(#5224,#5225,#5226,#5232));
#5224 = ORIENTED_EDGE('',*,*,#4889,.F.);
#5225 = ORIENTED_EDGE('',*,*,#4905,.T.);
#5226 = ORIENTED_EDGE('',*,*,#5227,.T.);
#5227 = EDGE_CURVE('',#4906,#4858,#5228,.T.);
#5228 = LINE('',#5229,#5230);
#5229 = CARTESIAN_POINT('',(37.5,-65.89,198.7));
#5230 = VECTOR('',#5231,1.);
#5231 = DIRECTION('',(1.,0.,0.));
#5232 = ORIENTED_EDGE('',*,*,#4857,.F.);
#5233 = PLANE('',#5234);
#5234 = AXIS2_PLACEMENT_3D('',#5235,#5236,#5237);
#5235 = CARTESIAN_POINT('',(37.5,-65.89,195.));
#5236 = DIRECTION('',(-0.,-1.,-0.));
#5237 = DIRECTION('',(0.,0.,-1.));
#5238 = ADVANCED_FACE('',(#5239),#5250,.F.);
#5239 = FACE_BOUND('',#5240,.T.);
#5240 = EDGE_LOOP('',(#5241,#5242,#5248,#5249));
#5241 = ORIENTED_EDGE('',*,*,#5068,.F.);
#5242 = ORIENTED_EDGE('',*,*,#5243,.T.);
#5243 = EDGE_CURVE('',#5061,#5085,#5244,.T.);
#5244 = LINE('',#5245,#5246);
#5245 = CARTESIAN_POINT('',(-43.,-98.89,92.5));
#5246 = VECTOR('',#5247,1.);
#5247 = DIRECTION('',(-1.,0.,0.));
#5248 = ORIENTED_EDGE('',*,*,#5092,.T.);
#5249 = ORIENTED_EDGE('',*,*,#5014,.F.);
#5250 = PLANE('',#5251);
#5251 = AXIS2_PLACEMENT_3D('',#5252,#5253,#5254);
#5252 = CARTESIAN_POINT('',(-40.5,-98.89,91.5));
#5253 = DIRECTION('',(-0.,-1.,-0.));
#5254 = DIRECTION('',(0.,0.,-1.));
#5255 = ADVANCED_FACE('',(#5256,#5359,#5393,#5427,#5461,#5495,#5529,
    #5563,#5597,#5631,#5642),#5653,.F.);
#5256 = FACE_BOUND('',#5257,.T.);
#5257 = EDGE_LOOP('',(#5258,#5268,#5276,#5285,#5294,#5300,#5301,#5309,
    #5318,#5327,#5335,#5344,#5353));
#5258 = ORIENTED_EDGE('',*,*,#5259,.T.);
#5259 = EDGE_CURVE('',#5260,#5262,#5264,.T.);
#5260 = VERTEX_POINT('',#5261);
#5261 = CARTESIAN_POINT('',(-45.5,-99.39,198.7));
#5262 = VERTEX_POINT('',#5263);
#5263 = CARTESIAN_POINT('',(45.5,-99.39,198.7));
#5264 = LINE('',#5265,#5266);
#5265 = CARTESIAN_POINT('',(-45.5,-99.39,198.7));
#5266 = VECTOR('',#5267,1.);
#5267 = DIRECTION('',(1.,0.,0.));
#5268 = ORIENTED_EDGE('',*,*,#5269,.F.);
#5269 = EDGE_CURVE('',#5270,#5262,#5272,.T.);
#5270 = VERTEX_POINT('',#5271);
#5271 = CARTESIAN_POINT('',(45.5,-99.39,180.67332857821));
#5272 = LINE('',#5273,#5274);
#5273 = CARTESIAN_POINT('',(45.5,-99.39,92.5));
#5274 = VECTOR('',#5275,1.);
#5275 = DIRECTION('',(0.,0.,1.));
#5276 = ORIENTED_EDGE('',*,*,#5277,.F.);
#5277 = EDGE_CURVE('',#5278,#5270,#5280,.T.);
#5278 = VERTEX_POINT('',#5279);
#5279 = CARTESIAN_POINT('',(37.,-99.39,185.7));
#5280 = CIRCLE('',#5281,9.7);
#5281 = AXIS2_PLACEMENT_3D('',#5282,#5283,#5284);
#5282 = CARTESIAN_POINT('',(37.,-99.39,176.));
#5283 = DIRECTION('',(0.,1.,0.));
#5284 = DIRECTION('',(0.,0.,1.));
#5285 = ORIENTED_EDGE('',*,*,#5286,.F.);
#5286 = EDGE_CURVE('',#5287,#5278,#5289,.T.);
#5287 = VERTEX_POINT('',#5288);
#5288 = CARTESIAN_POINT('',(45.5,-99.39,171.32667142178));
#5289 = CIRCLE('',#5290,9.7);
#5290 = AXIS2_PLACEMENT_3D('',#5291,#5292,#5293);
#5291 = CARTESIAN_POINT('',(37.,-99.39,176.));
#5292 = DIRECTION('',(0.,1.,0.));
#5293 = DIRECTION('',(0.,0.,1.));
#5294 = ORIENTED_EDGE('',*,*,#5295,.F.);
#5295 = EDGE_CURVE('',#4984,#5287,#5296,.T.);
#5296 = LINE('',#5297,#5298);
#5297 = CARTESIAN_POINT('',(45.5,-99.39,92.5));
#5298 = VECTOR('',#5299,1.);
#5299 = DIRECTION('',(0.,0.,1.));
#5300 = ORIENTED_EDGE('',*,*,#4991,.T.);
#5301 = ORIENTED_EDGE('',*,*,#5302,.T.);
#5302 = EDGE_CURVE('',#4992,#5303,#5305,.T.);
#5303 = VERTEX_POINT('',#5304);
#5304 = CARTESIAN_POINT('',(-45.5,-99.39,158.85757147143));
#5305 = LINE('',#5306,#5307);
#5306 = CARTESIAN_POINT('',(-45.5,-99.39,92.5));
#5307 = VECTOR('',#5308,1.);
#5308 = DIRECTION('',(0.,0.,1.));
#5309 = ORIENTED_EDGE('',*,*,#5310,.F.);
#5310 = EDGE_CURVE('',#5311,#5303,#5313,.T.);
#5311 = VERTEX_POINT('',#5312);
#5312 = CARTESIAN_POINT('',(-45.,-99.39,163.2));
#5313 = CIRCLE('',#5314,2.2);
#5314 = AXIS2_PLACEMENT_3D('',#5315,#5316,#5317);
#5315 = CARTESIAN_POINT('',(-45.,-99.39,161.));
#5316 = DIRECTION('',(0.,1.,0.));
#5317 = DIRECTION('',(0.,0.,1.));
#5318 = ORIENTED_EDGE('',*,*,#5319,.F.);
#5319 = EDGE_CURVE('',#5320,#5311,#5322,.T.);
#5320 = VERTEX_POINT('',#5321);
#5321 = CARTESIAN_POINT('',(-45.5,-99.39,163.14242852856));
#5322 = CIRCLE('',#5323,2.2);
#5323 = AXIS2_PLACEMENT_3D('',#5324,#5325,#5326);
#5324 = CARTESIAN_POINT('',(-45.,-99.39,161.));
#5325 = DIRECTION('',(0.,1.,0.));
#5326 = DIRECTION('',(0.,0.,1.));
#5327 = ORIENTED_EDGE('',*,*,#5328,.T.);
#5328 = EDGE_CURVE('',#5320,#5329,#5331,.T.);
#5329 = VERTEX_POINT('',#5330);
#5330 = CARTESIAN_POINT('',(-45.5,-99.39,188.85757147143));
#5331 = LINE('',#5332,#5333);
#5332 = CARTESIAN_POINT('',(-45.5,-99.39,92.5));
#5333 = VECTOR('',#5334,1.);
#5334 = DIRECTION('',(0.,0.,1.));
#5335 = ORIENTED_EDGE('',*,*,#5336,.F.);
#5336 = EDGE_CURVE('',#5337,#5329,#5339,.T.);
#5337 = VERTEX_POINT('',#5338);
#5338 = CARTESIAN_POINT('',(-45.,-99.39,193.2));
#5339 = CIRCLE('',#5340,2.2);
#5340 = AXIS2_PLACEMENT_3D('',#5341,#5342,#5343);
#5341 = CARTESIAN_POINT('',(-45.,-99.39,191.));
#5342 = DIRECTION('',(0.,1.,0.));
#5343 = DIRECTION('',(0.,0.,1.));
#5344 = ORIENTED_EDGE('',*,*,#5345,.F.);
#5345 = EDGE_CURVE('',#5346,#5337,#5348,.T.);
#5346 = VERTEX_POINT('',#5347);
#5347 = CARTESIAN_POINT('',(-45.5,-99.39,193.14242852856));
#5348 = CIRCLE('',#5349,2.2);
#5349 = AXIS2_PLACEMENT_3D('',#5350,#5351,#5352);
#5350 = CARTESIAN_POINT('',(-45.,-99.39,191.));
#5351 = DIRECTION('',(0.,1.,0.));
#5352 = DIRECTION('',(0.,0.,1.));
#5353 = ORIENTED_EDGE('',*,*,#5354,.T.);
#5354 = EDGE_CURVE('',#5346,#5260,#5355,.T.);
#5355 = LINE('',#5356,#5357);
#5356 = CARTESIAN_POINT('',(-45.5,-99.39,92.5));
#5357 = VECTOR('',#5358,1.);
#5358 = DIRECTION('',(0.,0.,1.));
#5359 = FACE_BOUND('',#5360,.T.);
#5360 = EDGE_LOOP('',(#5361,#5371,#5379,#5387));
#5361 = ORIENTED_EDGE('',*,*,#5362,.F.);
#5362 = EDGE_CURVE('',#5363,#5365,#5367,.T.);
#5363 = VERTEX_POINT('',#5364);
#5364 = CARTESIAN_POINT('',(-40.,-99.39,192.));
#5365 = VERTEX_POINT('',#5366);
#5366 = CARTESIAN_POINT('',(2.,-99.39,192.));
#5367 = LINE('',#5368,#5369);
#5368 = CARTESIAN_POINT('',(-42.75,-99.39,192.));
#5369 = VECTOR('',#5370,1.);
#5370 = DIRECTION('',(1.,0.,0.));
#5371 = ORIENTED_EDGE('',*,*,#5372,.T.);
#5372 = EDGE_CURVE('',#5363,#5373,#5375,.T.);
#5373 = VERTEX_POINT('',#5374);
#5374 = CARTESIAN_POINT('',(-40.,-99.39,160.));
#5375 = LINE('',#5376,#5377);
#5376 = CARTESIAN_POINT('',(-40.,-99.39,126.25));
#5377 = VECTOR('',#5378,1.);
#5378 = DIRECTION('',(-0.,-0.,-1.));
#5379 = ORIENTED_EDGE('',*,*,#5380,.T.);
#5380 = EDGE_CURVE('',#5373,#5381,#5383,.T.);
#5381 = VERTEX_POINT('',#5382);
#5382 = CARTESIAN_POINT('',(2.,-99.39,160.));
#5383 = LINE('',#5384,#5385);
#5384 = CARTESIAN_POINT('',(-42.75,-99.39,160.));
#5385 = VECTOR('',#5386,1.);
#5386 = DIRECTION('',(1.,0.,0.));
#5387 = ORIENTED_EDGE('',*,*,#5388,.F.);
#5388 = EDGE_CURVE('',#5365,#5381,#5389,.T.);
#5389 = LINE('',#5390,#5391);
#5390 = CARTESIAN_POINT('',(2.,-99.39,126.25));
#5391 = VECTOR('',#5392,1.);
#5392 = DIRECTION('',(-0.,-0.,-1.));
#5393 = FACE_BOUND('',#5394,.T.);
#5394 = EDGE_LOOP('',(#5395,#5405,#5413,#5421));
#5395 = ORIENTED_EDGE('',*,*,#5396,.F.);
#5396 = EDGE_CURVE('',#5397,#5399,#5401,.T.);
#5397 = VERTEX_POINT('',#5398);
#5398 = CARTESIAN_POINT('',(-32.,-99.39,104.9));
#5399 = VERTEX_POINT('',#5400);
#5400 = CARTESIAN_POINT('',(32.,-99.39,104.9));
#5401 = LINE('',#5402,#5403);
#5402 = CARTESIAN_POINT('',(-38.75,-99.39,104.9));
#5403 = VECTOR('',#5404,1.);
#5404 = DIRECTION('',(1.,0.,0.));
#5405 = ORIENTED_EDGE('',*,*,#5406,.T.);
#5406 = EDGE_CURVE('',#5397,#5407,#5409,.T.);
#5407 = VERTEX_POINT('',#5408);
#5408 = CARTESIAN_POINT('',(-32.,-99.39,102.5));
#5409 = LINE('',#5410,#5411);
#5410 = CARTESIAN_POINT('',(-32.,-99.39,97.5));
#5411 = VECTOR('',#5412,1.);
#5412 = DIRECTION('',(-0.,-0.,-1.));
#5413 = ORIENTED_EDGE('',*,*,#5414,.T.);
#5414 = EDGE_CURVE('',#5407,#5415,#5417,.T.);
#5415 = VERTEX_POINT('',#5416);
#5416 = CARTESIAN_POINT('',(32.,-99.39,102.5));
#5417 = LINE('',#5418,#5419);
#5418 = CARTESIAN_POINT('',(-38.75,-99.39,102.5));
#5419 = VECTOR('',#5420,1.);
#5420 = DIRECTION('',(1.,0.,0.));
#5421 = ORIENTED_EDGE('',*,*,#5422,.F.);
#5422 = EDGE_CURVE('',#5399,#5415,#5423,.T.);
#5423 = LINE('',#5424,#5425);
#5424 = CARTESIAN_POINT('',(32.,-99.39,97.5));
#5425 = VECTOR('',#5426,1.);
#5426 = DIRECTION('',(-0.,-0.,-1.));
#5427 = FACE_BOUND('',#5428,.T.);
#5428 = EDGE_LOOP('',(#5429,#5439,#5447,#5455));
#5429 = ORIENTED_EDGE('',*,*,#5430,.F.);
#5430 = EDGE_CURVE('',#5431,#5433,#5435,.T.);
#5431 = VERTEX_POINT('',#5432);
#5432 = CARTESIAN_POINT('',(-32.,-99.39,110.4));
#5433 = VERTEX_POINT('',#5434);
#5434 = CARTESIAN_POINT('',(32.,-99.39,110.4));
#5435 = LINE('',#5436,#5437);
#5436 = CARTESIAN_POINT('',(-38.75,-99.39,110.4));
#5437 = VECTOR('',#5438,1.);
#5438 = DIRECTION('',(1.,0.,0.));
#5439 = ORIENTED_EDGE('',*,*,#5440,.T.);
#5440 = EDGE_CURVE('',#5431,#5441,#5443,.T.);
#5441 = VERTEX_POINT('',#5442);
#5442 = CARTESIAN_POINT('',(-32.,-99.39,108.));
#5443 = LINE('',#5444,#5445);
#5444 = CARTESIAN_POINT('',(-32.,-99.39,100.25));
#5445 = VECTOR('',#5446,1.);
#5446 = DIRECTION('',(-0.,-0.,-1.));
#5447 = ORIENTED_EDGE('',*,*,#5448,.T.);
#5448 = EDGE_CURVE('',#5441,#5449,#5451,.T.);
#5449 = VERTEX_POINT('',#5450);
#5450 = CARTESIAN_POINT('',(32.,-99.39,108.));
#5451 = LINE('',#5452,#5453);
#5452 = CARTESIAN_POINT('',(-38.75,-99.39,108.));
#5453 = VECTOR('',#5454,1.);
#5454 = DIRECTION('',(1.,0.,0.));
#5455 = ORIENTED_EDGE('',*,*,#5456,.F.);
#5456 = EDGE_CURVE('',#5433,#5449,#5457,.T.);
#5457 = LINE('',#5458,#5459);
#5458 = CARTESIAN_POINT('',(32.,-99.39,100.25));
#5459 = VECTOR('',#5460,1.);
#5460 = DIRECTION('',(-0.,-0.,-1.));
#5461 = FACE_BOUND('',#5462,.T.);
#5462 = EDGE_LOOP('',(#5463,#5473,#5481,#5489));
#5463 = ORIENTED_EDGE('',*,*,#5464,.F.);
#5464 = EDGE_CURVE('',#5465,#5467,#5469,.T.);
#5465 = VERTEX_POINT('',#5466);
#5466 = CARTESIAN_POINT('',(-32.,-99.39,115.9));
#5467 = VERTEX_POINT('',#5468);
#5468 = CARTESIAN_POINT('',(32.,-99.39,115.9));
#5469 = LINE('',#5470,#5471);
#5470 = CARTESIAN_POINT('',(-38.75,-99.39,115.9));
#5471 = VECTOR('',#5472,1.);
#5472 = DIRECTION('',(1.,0.,0.));
#5473 = ORIENTED_EDGE('',*,*,#5474,.T.);
#5474 = EDGE_CURVE('',#5465,#5475,#5477,.T.);
#5475 = VERTEX_POINT('',#5476);
#5476 = CARTESIAN_POINT('',(-32.,-99.39,113.5));
#5477 = LINE('',#5478,#5479);
#5478 = CARTESIAN_POINT('',(-32.,-99.39,103.));
#5479 = VECTOR('',#5480,1.);
#5480 = DIRECTION('',(-0.,-0.,-1.));
#5481 = ORIENTED_EDGE('',*,*,#5482,.T.);
#5482 = EDGE_CURVE('',#5475,#5483,#5485,.T.);
#5483 = VERTEX_POINT('',#5484);
#5484 = CARTESIAN_POINT('',(32.,-99.39,113.5));
#5485 = LINE('',#5486,#5487);
#5486 = CARTESIAN_POINT('',(-38.75,-99.39,113.5));
#5487 = VECTOR('',#5488,1.);
#5488 = DIRECTION('',(1.,0.,0.));
#5489 = ORIENTED_EDGE('',*,*,#5490,.F.);
#5490 = EDGE_CURVE('',#5467,#5483,#5491,.T.);
#5491 = LINE('',#5492,#5493);
#5492 = CARTESIAN_POINT('',(32.,-99.39,103.));
#5493 = VECTOR('',#5494,1.);
#5494 = DIRECTION('',(-0.,-0.,-1.));
#5495 = FACE_BOUND('',#5496,.T.);
#5496 = EDGE_LOOP('',(#5497,#5507,#5515,#5523));
#5497 = ORIENTED_EDGE('',*,*,#5498,.F.);
#5498 = EDGE_CURVE('',#5499,#5501,#5503,.T.);
#5499 = VERTEX_POINT('',#5500);
#5500 = CARTESIAN_POINT('',(-32.,-99.39,121.4));
#5501 = VERTEX_POINT('',#5502);
#5502 = CARTESIAN_POINT('',(32.,-99.39,121.4));
#5503 = LINE('',#5504,#5505);
#5504 = CARTESIAN_POINT('',(-38.75,-99.39,121.4));
#5505 = VECTOR('',#5506,1.);
#5506 = DIRECTION('',(1.,0.,0.));
#5507 = ORIENTED_EDGE('',*,*,#5508,.T.);
#5508 = EDGE_CURVE('',#5499,#5509,#5511,.T.);
#5509 = VERTEX_POINT('',#5510);
#5510 = CARTESIAN_POINT('',(-32.,-99.39,119.));
#5511 = LINE('',#5512,#5513);
#5512 = CARTESIAN_POINT('',(-32.,-99.39,105.75));
#5513 = VECTOR('',#5514,1.);
#5514 = DIRECTION('',(-0.,-0.,-1.));
#5515 = ORIENTED_EDGE('',*,*,#5516,.T.);
#5516 = EDGE_CURVE('',#5509,#5517,#5519,.T.);
#5517 = VERTEX_POINT('',#5518);
#5518 = CARTESIAN_POINT('',(32.,-99.39,119.));
#5519 = LINE('',#5520,#5521);
#5520 = CARTESIAN_POINT('',(-38.75,-99.39,119.));
#5521 = VECTOR('',#5522,1.);
#5522 = DIRECTION('',(1.,0.,0.));
#5523 = ORIENTED_EDGE('',*,*,#5524,.F.);
#5524 = EDGE_CURVE('',#5501,#5517,#5525,.T.);
#5525 = LINE('',#5526,#5527);
#5526 = CARTESIAN_POINT('',(32.,-99.39,105.75));
#5527 = VECTOR('',#5528,1.);
#5528 = DIRECTION('',(-0.,-0.,-1.));
#5529 = FACE_BOUND('',#5530,.T.);
#5530 = EDGE_LOOP('',(#5531,#5541,#5549,#5557));
#5531 = ORIENTED_EDGE('',*,*,#5532,.F.);
#5532 = EDGE_CURVE('',#5533,#5535,#5537,.T.);
#5533 = VERTEX_POINT('',#5534);
#5534 = CARTESIAN_POINT('',(-32.,-99.39,126.9));
#5535 = VERTEX_POINT('',#5536);
#5536 = CARTESIAN_POINT('',(32.,-99.39,126.9));
#5537 = LINE('',#5538,#5539);
#5538 = CARTESIAN_POINT('',(-38.75,-99.39,126.9));
#5539 = VECTOR('',#5540,1.);
#5540 = DIRECTION('',(1.,0.,0.));
#5541 = ORIENTED_EDGE('',*,*,#5542,.T.);
#5542 = EDGE_CURVE('',#5533,#5543,#5545,.T.);
#5543 = VERTEX_POINT('',#5544);
#5544 = CARTESIAN_POINT('',(-32.,-99.39,124.5));
#5545 = LINE('',#5546,#5547);
#5546 = CARTESIAN_POINT('',(-32.,-99.39,108.5));
#5547 = VECTOR('',#5548,1.);
#5548 = DIRECTION('',(-0.,-0.,-1.));
#5549 = ORIENTED_EDGE('',*,*,#5550,.T.);
#5550 = EDGE_CURVE('',#5543,#5551,#5553,.T.);
#5551 = VERTEX_POINT('',#5552);
#5552 = CARTESIAN_POINT('',(32.,-99.39,124.5));
#5553 = LINE('',#5554,#5555);
#5554 = CARTESIAN_POINT('',(-38.75,-99.39,124.5));
#5555 = VECTOR('',#5556,1.);
#5556 = DIRECTION('',(1.,0.,0.));
#5557 = ORIENTED_EDGE('',*,*,#5558,.F.);
#5558 = EDGE_CURVE('',#5535,#5551,#5559,.T.);
#5559 = LINE('',#5560,#5561);
#5560 = CARTESIAN_POINT('',(32.,-99.39,108.5));
#5561 = VECTOR('',#5562,1.);
#5562 = DIRECTION('',(-0.,-0.,-1.));
#5563 = FACE_BOUND('',#5564,.T.);
#5564 = EDGE_LOOP('',(#5565,#5575,#5583,#5591));
#5565 = ORIENTED_EDGE('',*,*,#5566,.F.);
#5566 = EDGE_CURVE('',#5567,#5569,#5571,.T.);
#5567 = VERTEX_POINT('',#5568);
#5568 = CARTESIAN_POINT('',(-32.,-99.39,132.4));
#5569 = VERTEX_POINT('',#5570);
#5570 = CARTESIAN_POINT('',(32.,-99.39,132.4));
#5571 = LINE('',#5572,#5573);
#5572 = CARTESIAN_POINT('',(-38.75,-99.39,132.4));
#5573 = VECTOR('',#5574,1.);
#5574 = DIRECTION('',(1.,0.,0.));
#5575 = ORIENTED_EDGE('',*,*,#5576,.T.);
#5576 = EDGE_CURVE('',#5567,#5577,#5579,.T.);
#5577 = VERTEX_POINT('',#5578);
#5578 = CARTESIAN_POINT('',(-32.,-99.39,130.));
#5579 = LINE('',#5580,#5581);
#5580 = CARTESIAN_POINT('',(-32.,-99.39,111.25));
#5581 = VECTOR('',#5582,1.);
#5582 = DIRECTION('',(-0.,-0.,-1.));
#5583 = ORIENTED_EDGE('',*,*,#5584,.T.);
#5584 = EDGE_CURVE('',#5577,#5585,#5587,.T.);
#5585 = VERTEX_POINT('',#5586);
#5586 = CARTESIAN_POINT('',(32.,-99.39,130.));
#5587 = LINE('',#5588,#5589);
#5588 = CARTESIAN_POINT('',(-38.75,-99.39,130.));
#5589 = VECTOR('',#5590,1.);
#5590 = DIRECTION('',(1.,0.,0.));
#5591 = ORIENTED_EDGE('',*,*,#5592,.F.);
#5592 = EDGE_CURVE('',#5569,#5585,#5593,.T.);
#5593 = LINE('',#5594,#5595);
#5594 = CARTESIAN_POINT('',(32.,-99.39,111.25));
#5595 = VECTOR('',#5596,1.);
#5596 = DIRECTION('',(-0.,-0.,-1.));
#5597 = FACE_BOUND('',#5598,.T.);
#5598 = EDGE_LOOP('',(#5599,#5609,#5617,#5625));
#5599 = ORIENTED_EDGE('',*,*,#5600,.F.);
#5600 = EDGE_CURVE('',#5601,#5603,#5605,.T.);
#5601 = VERTEX_POINT('',#5602);
#5602 = CARTESIAN_POINT('',(-32.,-99.39,137.9));
#5603 = VERTEX_POINT('',#5604);
#5604 = CARTESIAN_POINT('',(32.,-99.39,137.9));
#5605 = LINE('',#5606,#5607);
#5606 = CARTESIAN_POINT('',(-38.75,-99.39,137.9));
#5607 = VECTOR('',#5608,1.);
#5608 = DIRECTION('',(1.,0.,0.));
#5609 = ORIENTED_EDGE('',*,*,#5610,.T.);
#5610 = EDGE_CURVE('',#5601,#5611,#5613,.T.);
#5611 = VERTEX_POINT('',#5612);
#5612 = CARTESIAN_POINT('',(-32.,-99.39,135.5));
#5613 = LINE('',#5614,#5615);
#5614 = CARTESIAN_POINT('',(-32.,-99.39,114.));
#5615 = VECTOR('',#5616,1.);
#5616 = DIRECTION('',(-0.,-0.,-1.));
#5617 = ORIENTED_EDGE('',*,*,#5618,.T.);
#5618 = EDGE_CURVE('',#5611,#5619,#5621,.T.);
#5619 = VERTEX_POINT('',#5620);
#5620 = CARTESIAN_POINT('',(32.,-99.39,135.5));
#5621 = LINE('',#5622,#5623);
#5622 = CARTESIAN_POINT('',(-38.75,-99.39,135.5));
#5623 = VECTOR('',#5624,1.);
#5624 = DIRECTION('',(1.,0.,0.));
#5625 = ORIENTED_EDGE('',*,*,#5626,.F.);
#5626 = EDGE_CURVE('',#5603,#5619,#5627,.T.);
#5627 = LINE('',#5628,#5629);
#5628 = CARTESIAN_POINT('',(32.,-99.39,114.));
#5629 = VECTOR('',#5630,1.);
#5630 = DIRECTION('',(-0.,-0.,-1.));
#5631 = FACE_BOUND('',#5632,.T.);
#5632 = EDGE_LOOP('',(#5633));
#5633 = ORIENTED_EDGE('',*,*,#5634,.F.);
#5634 = EDGE_CURVE('',#5635,#5635,#5637,.T.);
#5635 = VERTEX_POINT('',#5636);
#5636 = CARTESIAN_POINT('',(7.,-99.39,163.2));
#5637 = CIRCLE('',#5638,2.2);
#5638 = AXIS2_PLACEMENT_3D('',#5639,#5640,#5641);
#5639 = CARTESIAN_POINT('',(7.,-99.39,161.));
#5640 = DIRECTION('',(0.,1.,0.));
#5641 = DIRECTION('',(0.,0.,1.));
#5642 = FACE_BOUND('',#5643,.T.);
#5643 = EDGE_LOOP('',(#5644));
#5644 = ORIENTED_EDGE('',*,*,#5645,.F.);
#5645 = EDGE_CURVE('',#5646,#5646,#5648,.T.);
#5646 = VERTEX_POINT('',#5647);
#5647 = CARTESIAN_POINT('',(7.,-99.39,193.2));
#5648 = CIRCLE('',#5649,2.2);
#5649 = AXIS2_PLACEMENT_3D('',#5650,#5651,#5652);
#5650 = CARTESIAN_POINT('',(7.,-99.39,191.));
#5651 = DIRECTION('',(0.,1.,0.));
#5652 = DIRECTION('',(0.,0.,1.));
#5653 = PLANE('',#5654);
#5654 = AXIS2_PLACEMENT_3D('',#5655,#5656,#5657);
#5655 = CARTESIAN_POINT('',(-45.5,-99.39,92.5));
#5656 = DIRECTION('',(-0.,-1.,-0.));
#5657 = DIRECTION('',(0.,0.,-1.));
#5658 = ADVANCED_FACE('',(#5659,#5662),#5673,.T.);
#5659 = FACE_BOUND('',#5660,.F.);
#5660 = EDGE_LOOP('',(#5661));
#5661 = ORIENTED_EDGE('',*,*,#5108,.T.);
#5662 = FACE_BOUND('',#5663,.F.);
#5663 = EDGE_LOOP('',(#5664));
#5664 = ORIENTED_EDGE('',*,*,#5665,.F.);
#5665 = EDGE_CURVE('',#5666,#5666,#5668,.T.);
#5666 = VERTEX_POINT('',#5667);
#5667 = CARTESIAN_POINT('',(-39.,-59.39,104.6));
#5668 = CIRCLE('',#5669,1.1);
#5669 = AXIS2_PLACEMENT_3D('',#5670,#5671,#5672);
#5670 = CARTESIAN_POINT('',(-39.,-59.39,103.5));
#5671 = DIRECTION('',(0.,1.,0.));
#5672 = DIRECTION('',(0.,0.,1.));
#5673 = PLANE('',#5674);
#5674 = AXIS2_PLACEMENT_3D('',#5675,#5676,#5677);
#5675 = CARTESIAN_POINT('',(-39.,-59.39,103.5));
#5676 = DIRECTION('',(-0.,-1.,-0.));
#5677 = DIRECTION('',(0.,0.,-1.));
#5678 = ADVANCED_FACE('',(#5679,#5682),#5693,.T.);
#5679 = FACE_BOUND('',#5680,.F.);
#5680 = EDGE_LOOP('',(#5681));
#5681 = ORIENTED_EDGE('',*,*,#5133,.T.);
#5682 = FACE_BOUND('',#5683,.F.);
#5683 = EDGE_LOOP('',(#5684));
#5684 = ORIENTED_EDGE('',*,*,#5685,.F.);
#5685 = EDGE_CURVE('',#5686,#5686,#5688,.T.);
#5686 = VERTEX_POINT('',#5687);
#5687 = CARTESIAN_POINT('',(-39.,-59.39,153.6));
#5688 = CIRCLE('',#5689,1.1);
#5689 = AXIS2_PLACEMENT_3D('',#5690,#5691,#5692);
#5690 = CARTESIAN_POINT('',(-39.,-59.39,152.5));
#5691 = DIRECTION('',(0.,1.,0.));
#5692 = DIRECTION('',(0.,0.,1.));
#5693 = PLANE('',#5694);
#5694 = AXIS2_PLACEMENT_3D('',#5695,#5696,#5697);
#5695 = CARTESIAN_POINT('',(-39.,-59.39,152.5));
#5696 = DIRECTION('',(-0.,-1.,-0.));
#5697 = DIRECTION('',(0.,0.,-1.));
#5698 = ADVANCED_FACE('',(#5699,#5702),#5713,.T.);
#5699 = FACE_BOUND('',#5700,.F.);
#5700 = EDGE_LOOP('',(#5701));
#5701 = ORIENTED_EDGE('',*,*,#5158,.T.);
#5702 = FACE_BOUND('',#5703,.F.);
#5703 = EDGE_LOOP('',(#5704));
#5704 = ORIENTED_EDGE('',*,*,#5705,.F.);
#5705 = EDGE_CURVE('',#5706,#5706,#5708,.T.);
#5706 = VERTEX_POINT('',#5707);
#5707 = CARTESIAN_POINT('',(19.,-59.39,104.6));
#5708 = CIRCLE('',#5709,1.1);
#5709 = AXIS2_PLACEMENT_3D('',#5710,#5711,#5712);
#5710 = CARTESIAN_POINT('',(19.,-59.39,103.5));
#5711 = DIRECTION('',(0.,1.,0.));
#5712 = DIRECTION('',(0.,0.,1.));
#5713 = PLANE('',#5714);
#5714 = AXIS2_PLACEMENT_3D('',#5715,#5716,#5717);
#5715 = CARTESIAN_POINT('',(19.,-59.39,103.5));
#5716 = DIRECTION('',(-0.,-1.,-0.));
#5717 = DIRECTION('',(0.,0.,-1.));
#5718 = ADVANCED_FACE('',(#5719,#5722),#5733,.T.);
#5719 = FACE_BOUND('',#5720,.F.);
#5720 = EDGE_LOOP('',(#5721));
#5721 = ORIENTED_EDGE('',*,*,#5183,.T.);
#5722 = FACE_BOUND('',#5723,.F.);
#5723 = EDGE_LOOP('',(#5724));
#5724 = ORIENTED_EDGE('',*,*,#5725,.F.);
#5725 = EDGE_CURVE('',#5726,#5726,#5728,.T.);
#5726 = VERTEX_POINT('',#5727);
#5727 = CARTESIAN_POINT('',(19.,-59.39,153.6));
#5728 = CIRCLE('',#5729,1.1);
#5729 = AXIS2_PLACEMENT_3D('',#5730,#5731,#5732);
#5730 = CARTESIAN_POINT('',(19.,-59.39,152.5));
#5731 = DIRECTION('',(0.,1.,0.));
#5732 = DIRECTION('',(0.,0.,1.));
#5733 = PLANE('',#5734);
#5734 = AXIS2_PLACEMENT_3D('',#5735,#5736,#5737);
#5735 = CARTESIAN_POINT('',(19.,-59.39,152.5));
#5736 = DIRECTION('',(-0.,-1.,-0.));
#5737 = DIRECTION('',(0.,0.,-1.));
#5738 = ADVANCED_FACE('',(#5739),#5764,.T.);
#5739 = FACE_BOUND('',#5740,.F.);
#5740 = EDGE_LOOP('',(#5741,#5749,#5750,#5758));
#5741 = ORIENTED_EDGE('',*,*,#5742,.F.);
#5742 = EDGE_CURVE('',#5260,#5743,#5745,.T.);
#5743 = VERTEX_POINT('',#5744);
#5744 = CARTESIAN_POINT('',(-45.5,-101.89,198.7));
#5745 = LINE('',#5746,#5747);
#5746 = CARTESIAN_POINT('',(-45.5,-99.39,198.7));
#5747 = VECTOR('',#5748,1.);
#5748 = DIRECTION('',(-0.,-1.,-0.));
#5749 = ORIENTED_EDGE('',*,*,#5259,.T.);
#5750 = ORIENTED_EDGE('',*,*,#5751,.T.);
#5751 = EDGE_CURVE('',#5262,#5752,#5754,.T.);
#5752 = VERTEX_POINT('',#5753);
#5753 = CARTESIAN_POINT('',(45.5,-101.89,198.7));
#5754 = LINE('',#5755,#5756);
#5755 = CARTESIAN_POINT('',(45.5,-99.39,198.7));
#5756 = VECTOR('',#5757,1.);
#5757 = DIRECTION('',(-0.,-1.,-0.));
#5758 = ORIENTED_EDGE('',*,*,#5759,.F.);
#5759 = EDGE_CURVE('',#5743,#5752,#5760,.T.);
#5760 = LINE('',#5761,#5762);
#5761 = CARTESIAN_POINT('',(-45.5,-101.89,198.7));
#5762 = VECTOR('',#5763,1.);
#5763 = DIRECTION('',(1.,0.,0.));
#5764 = PLANE('',#5765);
#5765 = AXIS2_PLACEMENT_3D('',#5766,#5767,#5768);
#5766 = CARTESIAN_POINT('',(-45.5,-99.39,198.7));
#5767 = DIRECTION('',(0.,0.,1.));
#5768 = DIRECTION('',(-1.,0.,0.));
#5769 = ADVANCED_FACE('',(#5770),#5797,.T.);
#5770 = FACE_BOUND('',#5771,.F.);
#5771 = EDGE_LOOP('',(#5772,#5780,#5781,#5788,#5789,#5790));
#5772 = ORIENTED_EDGE('',*,*,#5773,.T.);
#5773 = EDGE_CURVE('',#5774,#5337,#5776,.T.);
#5774 = VERTEX_POINT('',#5775);
#5775 = CARTESIAN_POINT('',(-45.,-94.39,193.2));
#5776 = LINE('',#5777,#5778);
#5777 = CARTESIAN_POINT('',(-45.,-94.39,193.2));
#5778 = VECTOR('',#5779,1.);
#5779 = DIRECTION('',(-0.,-1.,-0.));
#5780 = ORIENTED_EDGE('',*,*,#5345,.F.);
#5781 = ORIENTED_EDGE('',*,*,#5782,.F.);
#5782 = EDGE_CURVE('',#5329,#5346,#5783,.T.);
#5783 = CIRCLE('',#5784,2.2);
#5784 = AXIS2_PLACEMENT_3D('',#5785,#5786,#5787);
#5785 = CARTESIAN_POINT('',(-45.,-99.39,191.));
#5786 = DIRECTION('',(0.,1.,0.));
#5787 = DIRECTION('',(0.,0.,1.));
#5788 = ORIENTED_EDGE('',*,*,#5336,.F.);
#5789 = ORIENTED_EDGE('',*,*,#5773,.F.);
#5790 = ORIENTED_EDGE('',*,*,#5791,.T.);
#5791 = EDGE_CURVE('',#5774,#5774,#5792,.T.);
#5792 = CIRCLE('',#5793,2.2);
#5793 = AXIS2_PLACEMENT_3D('',#5794,#5795,#5796);
#5794 = CARTESIAN_POINT('',(-45.,-94.39,191.));
#5795 = DIRECTION('',(0.,1.,0.));
#5796 = DIRECTION('',(0.,0.,1.));
#5797 = CYLINDRICAL_SURFACE('',#5798,2.2);
#5798 = AXIS2_PLACEMENT_3D('',#5799,#5800,#5801);
#5799 = CARTESIAN_POINT('',(-45.,-94.39,191.));
#5800 = DIRECTION('',(-0.,-1.,-0.));
#5801 = DIRECTION('',(0.,0.,1.));
#5802 = ADVANCED_FACE('',(#5803),#5830,.T.);
#5803 = FACE_BOUND('',#5804,.F.);
#5804 = EDGE_LOOP('',(#5805,#5813,#5814,#5821,#5822,#5823));
#5805 = ORIENTED_EDGE('',*,*,#5806,.T.);
#5806 = EDGE_CURVE('',#5807,#5311,#5809,.T.);
#5807 = VERTEX_POINT('',#5808);
#5808 = CARTESIAN_POINT('',(-45.,-94.39,163.2));
#5809 = LINE('',#5810,#5811);
#5810 = CARTESIAN_POINT('',(-45.,-94.39,163.2));
#5811 = VECTOR('',#5812,1.);
#5812 = DIRECTION('',(-0.,-1.,-0.));
#5813 = ORIENTED_EDGE('',*,*,#5319,.F.);
#5814 = ORIENTED_EDGE('',*,*,#5815,.F.);
#5815 = EDGE_CURVE('',#5303,#5320,#5816,.T.);
#5816 = CIRCLE('',#5817,2.2);
#5817 = AXIS2_PLACEMENT_3D('',#5818,#5819,#5820);
#5818 = CARTESIAN_POINT('',(-45.,-99.39,161.));
#5819 = DIRECTION('',(0.,1.,0.));
#5820 = DIRECTION('',(0.,0.,1.));
#5821 = ORIENTED_EDGE('',*,*,#5310,.F.);
#5822 = ORIENTED_EDGE('',*,*,#5806,.F.);
#5823 = ORIENTED_EDGE('',*,*,#5824,.T.);
#5824 = EDGE_CURVE('',#5807,#5807,#5825,.T.);
#5825 = CIRCLE('',#5826,2.2);
#5826 = AXIS2_PLACEMENT_3D('',#5827,#5828,#5829);
#5827 = CARTESIAN_POINT('',(-45.,-94.39,161.));
#5828 = DIRECTION('',(0.,1.,0.));
#5829 = DIRECTION('',(0.,0.,1.));
#5830 = CYLINDRICAL_SURFACE('',#5831,2.2);
#5831 = AXIS2_PLACEMENT_3D('',#5832,#5833,#5834);
#5832 = CARTESIAN_POINT('',(-45.,-94.39,161.));
#5833 = DIRECTION('',(-0.,-1.,-0.));
#5834 = DIRECTION('',(0.,0.,1.));
#5835 = ADVANCED_FACE('',(#5836),#5854,.T.);
#5836 = FACE_BOUND('',#5837,.F.);
#5837 = EDGE_LOOP('',(#5838,#5839,#5847,#5853));
#5838 = ORIENTED_EDGE('',*,*,#5269,.F.);
#5839 = ORIENTED_EDGE('',*,*,#5840,.T.);
#5840 = EDGE_CURVE('',#5270,#5841,#5843,.T.);
#5841 = VERTEX_POINT('',#5842);
#5842 = CARTESIAN_POINT('',(45.5,-101.89,180.67332857821));
#5843 = LINE('',#5844,#5845);
#5844 = CARTESIAN_POINT('',(45.5,-98.39,180.67332857821));
#5845 = VECTOR('',#5846,1.);
#5846 = DIRECTION('',(-0.,-1.,-0.));
#5847 = ORIENTED_EDGE('',*,*,#5848,.T.);
#5848 = EDGE_CURVE('',#5841,#5752,#5849,.T.);
#5849 = LINE('',#5850,#5851);
#5850 = CARTESIAN_POINT('',(45.5,-101.89,92.5));
#5851 = VECTOR('',#5852,1.);
#5852 = DIRECTION('',(0.,0.,1.));
#5853 = ORIENTED_EDGE('',*,*,#5751,.F.);
#5854 = PLANE('',#5855);
#5855 = AXIS2_PLACEMENT_3D('',#5856,#5857,#5858);
#5856 = CARTESIAN_POINT('',(45.5,-99.39,92.5));
#5857 = DIRECTION('',(1.,0.,0.));
#5858 = DIRECTION('',(0.,0.,-1.));
#5859 = ADVANCED_FACE('',(#5860),#5885,.F.);
#5860 = FACE_BOUND('',#5861,.T.);
#5861 = EDGE_LOOP('',(#5862,#5870,#5871,#5879));
#5862 = ORIENTED_EDGE('',*,*,#5863,.F.);
#5863 = EDGE_CURVE('',#5363,#5864,#5866,.T.);
#5864 = VERTEX_POINT('',#5865);
#5865 = CARTESIAN_POINT('',(-40.,-101.89,192.));
#5866 = LINE('',#5867,#5868);
#5867 = CARTESIAN_POINT('',(-40.,-98.39,192.));
#5868 = VECTOR('',#5869,1.);
#5869 = DIRECTION('',(-0.,-1.,-0.));
#5870 = ORIENTED_EDGE('',*,*,#5362,.T.);
#5871 = ORIENTED_EDGE('',*,*,#5872,.T.);
#5872 = EDGE_CURVE('',#5365,#5873,#5875,.T.);
#5873 = VERTEX_POINT('',#5874);
#5874 = CARTESIAN_POINT('',(2.,-101.89,192.));
#5875 = LINE('',#5876,#5877);
#5876 = CARTESIAN_POINT('',(2.,-98.39,192.));
#5877 = VECTOR('',#5878,1.);
#5878 = DIRECTION('',(-0.,-1.,-0.));
#5879 = ORIENTED_EDGE('',*,*,#5880,.F.);
#5880 = EDGE_CURVE('',#5864,#5873,#5881,.T.);
#5881 = LINE('',#5882,#5883);
#5882 = CARTESIAN_POINT('',(-42.75,-101.89,192.));
#5883 = VECTOR('',#5884,1.);
#5884 = DIRECTION('',(1.,0.,0.));
#5885 = PLANE('',#5886);
#5886 = AXIS2_PLACEMENT_3D('',#5887,#5888,#5889);
#5887 = CARTESIAN_POINT('',(-40.,-98.39,192.));
#5888 = DIRECTION('',(0.,0.,1.));
#5889 = DIRECTION('',(-1.,0.,0.));
#5890 = ADVANCED_FACE('',(#5891),#5909,.T.);
#5891 = FACE_BOUND('',#5892,.F.);
#5892 = EDGE_LOOP('',(#5893,#5894,#5895,#5903));
#5893 = ORIENTED_EDGE('',*,*,#5863,.F.);
#5894 = ORIENTED_EDGE('',*,*,#5372,.T.);
#5895 = ORIENTED_EDGE('',*,*,#5896,.T.);
#5896 = EDGE_CURVE('',#5373,#5897,#5899,.T.);
#5897 = VERTEX_POINT('',#5898);
#5898 = CARTESIAN_POINT('',(-40.,-101.89,160.));
#5899 = LINE('',#5900,#5901);
#5900 = CARTESIAN_POINT('',(-40.,-98.39,160.));
#5901 = VECTOR('',#5902,1.);
#5902 = DIRECTION('',(-0.,-1.,-0.));
#5903 = ORIENTED_EDGE('',*,*,#5904,.F.);
#5904 = EDGE_CURVE('',#5864,#5897,#5905,.T.);
#5905 = LINE('',#5906,#5907);
#5906 = CARTESIAN_POINT('',(-40.,-101.89,126.25));
#5907 = VECTOR('',#5908,1.);
#5908 = DIRECTION('',(-0.,-0.,-1.));
#5909 = PLANE('',#5910);
#5910 = AXIS2_PLACEMENT_3D('',#5911,#5912,#5913);
#5911 = CARTESIAN_POINT('',(-40.,-98.39,160.));
#5912 = DIRECTION('',(1.,0.,0.));
#5913 = DIRECTION('',(0.,0.,-1.));
#5914 = ADVANCED_FACE('',(#5915),#5933,.F.);
#5915 = FACE_BOUND('',#5916,.T.);
#5916 = EDGE_LOOP('',(#5917,#5918,#5919,#5927));
#5917 = ORIENTED_EDGE('',*,*,#5872,.F.);
#5918 = ORIENTED_EDGE('',*,*,#5388,.T.);
#5919 = ORIENTED_EDGE('',*,*,#5920,.T.);
#5920 = EDGE_CURVE('',#5381,#5921,#5923,.T.);
#5921 = VERTEX_POINT('',#5922);
#5922 = CARTESIAN_POINT('',(2.,-101.89,160.));
#5923 = LINE('',#5924,#5925);
#5924 = CARTESIAN_POINT('',(2.,-98.39,160.));
#5925 = VECTOR('',#5926,1.);
#5926 = DIRECTION('',(-0.,-1.,-0.));
#5927 = ORIENTED_EDGE('',*,*,#5928,.F.);
#5928 = EDGE_CURVE('',#5873,#5921,#5929,.T.);
#5929 = LINE('',#5930,#5931);
#5930 = CARTESIAN_POINT('',(2.,-101.89,126.25));
#5931 = VECTOR('',#5932,1.);
#5932 = DIRECTION('',(-0.,-0.,-1.));
#5933 = PLANE('',#5934);
#5934 = AXIS2_PLACEMENT_3D('',#5935,#5936,#5937);
#5935 = CARTESIAN_POINT('',(2.,-98.39,160.));
#5936 = DIRECTION('',(1.,0.,0.));
#5937 = DIRECTION('',(0.,0.,-1.));
#5938 = ADVANCED_FACE('',(#5939),#5950,.T.);
#5939 = FACE_BOUND('',#5940,.F.);
#5940 = EDGE_LOOP('',(#5941,#5942,#5943,#5944));
#5941 = ORIENTED_EDGE('',*,*,#5896,.F.);
#5942 = ORIENTED_EDGE('',*,*,#5380,.T.);
#5943 = ORIENTED_EDGE('',*,*,#5920,.T.);
#5944 = ORIENTED_EDGE('',*,*,#5945,.F.);
#5945 = EDGE_CURVE('',#5897,#5921,#5946,.T.);
#5946 = LINE('',#5947,#5948);
#5947 = CARTESIAN_POINT('',(-42.75,-101.89,160.));
#5948 = VECTOR('',#5949,1.);
#5949 = DIRECTION('',(1.,0.,0.));
#5950 = PLANE('',#5951);
#5951 = AXIS2_PLACEMENT_3D('',#5952,#5953,#5954);
#5952 = CARTESIAN_POINT('',(-40.,-98.39,160.));
#5953 = DIRECTION('',(0.,0.,1.));
#5954 = DIRECTION('',(-1.,0.,0.));
#5955 = ADVANCED_FACE('',(#5956),#5981,.F.);
#5956 = FACE_BOUND('',#5957,.T.);
#5957 = EDGE_LOOP('',(#5958,#5966,#5967,#5975));
#5958 = ORIENTED_EDGE('',*,*,#5959,.F.);
#5959 = EDGE_CURVE('',#5397,#5960,#5962,.T.);
#5960 = VERTEX_POINT('',#5961);
#5961 = CARTESIAN_POINT('',(-32.,-101.89,104.9));
#5962 = LINE('',#5963,#5964);
#5963 = CARTESIAN_POINT('',(-32.,-98.39,104.9));
#5964 = VECTOR('',#5965,1.);
#5965 = DIRECTION('',(-0.,-1.,-0.));
#5966 = ORIENTED_EDGE('',*,*,#5396,.T.);
#5967 = ORIENTED_EDGE('',*,*,#5968,.T.);
#5968 = EDGE_CURVE('',#5399,#5969,#5971,.T.);
#5969 = VERTEX_POINT('',#5970);
#5970 = CARTESIAN_POINT('',(32.,-101.89,104.9));
#5971 = LINE('',#5972,#5973);
#5972 = CARTESIAN_POINT('',(32.,-98.39,104.9));
#5973 = VECTOR('',#5974,1.);
#5974 = DIRECTION('',(-0.,-1.,-0.));
#5975 = ORIENTED_EDGE('',*,*,#5976,.F.);
#5976 = EDGE_CURVE('',#5960,#5969,#5977,.T.);
#5977 = LINE('',#5978,#5979);
#5978 = CARTESIAN_POINT('',(-38.75,-101.89,104.9));
#5979 = VECTOR('',#5980,1.);
#5980 = DIRECTION('',(1.,0.,0.));
#5981 = PLANE('',#5982);
#5982 = AXIS2_PLACEMENT_3D('',#5983,#5984,#5985);
#5983 = CARTESIAN_POINT('',(-32.,-98.39,104.9));
#5984 = DIRECTION('',(0.,0.,1.));
#5985 = DIRECTION('',(-1.,0.,0.));
#5986 = ADVANCED_FACE('',(#5987),#6005,.T.);
#5987 = FACE_BOUND('',#5988,.F.);
#5988 = EDGE_LOOP('',(#5989,#5990,#5991,#5999));
#5989 = ORIENTED_EDGE('',*,*,#5959,.F.);
#5990 = ORIENTED_EDGE('',*,*,#5406,.T.);
#5991 = ORIENTED_EDGE('',*,*,#5992,.T.);
#5992 = EDGE_CURVE('',#5407,#5993,#5995,.T.);
#5993 = VERTEX_POINT('',#5994);
#5994 = CARTESIAN_POINT('',(-32.,-101.89,102.5));
#5995 = LINE('',#5996,#5997);
#5996 = CARTESIAN_POINT('',(-32.,-98.39,102.5));
#5997 = VECTOR('',#5998,1.);
#5998 = DIRECTION('',(-0.,-1.,-0.));
#5999 = ORIENTED_EDGE('',*,*,#6000,.F.);
#6000 = EDGE_CURVE('',#5960,#5993,#6001,.T.);
#6001 = LINE('',#6002,#6003);
#6002 = CARTESIAN_POINT('',(-32.,-101.89,97.5));
#6003 = VECTOR('',#6004,1.);
#6004 = DIRECTION('',(-0.,-0.,-1.));
#6005 = PLANE('',#6006);
#6006 = AXIS2_PLACEMENT_3D('',#6007,#6008,#6009);
#6007 = CARTESIAN_POINT('',(-32.,-98.39,102.5));
#6008 = DIRECTION('',(1.,0.,0.));
#6009 = DIRECTION('',(0.,0.,-1.));
#6010 = ADVANCED_FACE('',(#6011),#6029,.F.);
#6011 = FACE_BOUND('',#6012,.T.);
#6012 = EDGE_LOOP('',(#6013,#6014,#6015,#6023));
#6013 = ORIENTED_EDGE('',*,*,#5968,.F.);
#6014 = ORIENTED_EDGE('',*,*,#5422,.T.);
#6015 = ORIENTED_EDGE('',*,*,#6016,.T.);
#6016 = EDGE_CURVE('',#5415,#6017,#6019,.T.);
#6017 = VERTEX_POINT('',#6018);
#6018 = CARTESIAN_POINT('',(32.,-101.89,102.5));
#6019 = LINE('',#6020,#6021);
#6020 = CARTESIAN_POINT('',(32.,-98.39,102.5));
#6021 = VECTOR('',#6022,1.);
#6022 = DIRECTION('',(-0.,-1.,-0.));
#6023 = ORIENTED_EDGE('',*,*,#6024,.F.);
#6024 = EDGE_CURVE('',#5969,#6017,#6025,.T.);
#6025 = LINE('',#6026,#6027);
#6026 = CARTESIAN_POINT('',(32.,-101.89,97.5));
#6027 = VECTOR('',#6028,1.);
#6028 = DIRECTION('',(-0.,-0.,-1.));
#6029 = PLANE('',#6030);
#6030 = AXIS2_PLACEMENT_3D('',#6031,#6032,#6033);
#6031 = CARTESIAN_POINT('',(32.,-98.39,102.5));
#6032 = DIRECTION('',(1.,0.,0.));
#6033 = DIRECTION('',(0.,0.,-1.));
#6034 = ADVANCED_FACE('',(#6035),#6046,.T.);
#6035 = FACE_BOUND('',#6036,.F.);
#6036 = EDGE_LOOP('',(#6037,#6038,#6039,#6040));
#6037 = ORIENTED_EDGE('',*,*,#5992,.F.);
#6038 = ORIENTED_EDGE('',*,*,#5414,.T.);
#6039 = ORIENTED_EDGE('',*,*,#6016,.T.);
#6040 = ORIENTED_EDGE('',*,*,#6041,.F.);
#6041 = EDGE_CURVE('',#5993,#6017,#6042,.T.);
#6042 = LINE('',#6043,#6044);
#6043 = CARTESIAN_POINT('',(-38.75,-101.89,102.5));
#6044 = VECTOR('',#6045,1.);
#6045 = DIRECTION('',(1.,0.,0.));
#6046 = PLANE('',#6047);
#6047 = AXIS2_PLACEMENT_3D('',#6048,#6049,#6050);
#6048 = CARTESIAN_POINT('',(-32.,-98.39,102.5));
#6049 = DIRECTION('',(0.,0.,1.));
#6050 = DIRECTION('',(-1.,0.,0.));
#6051 = ADVANCED_FACE('',(#6052),#6077,.F.);
#6052 = FACE_BOUND('',#6053,.T.);
#6053 = EDGE_LOOP('',(#6054,#6062,#6063,#6071));
#6054 = ORIENTED_EDGE('',*,*,#6055,.F.);
#6055 = EDGE_CURVE('',#5431,#6056,#6058,.T.);
#6056 = VERTEX_POINT('',#6057);
#6057 = CARTESIAN_POINT('',(-32.,-101.89,110.4));
#6058 = LINE('',#6059,#6060);
#6059 = CARTESIAN_POINT('',(-32.,-98.39,110.4));
#6060 = VECTOR('',#6061,1.);
#6061 = DIRECTION('',(-0.,-1.,-0.));
#6062 = ORIENTED_EDGE('',*,*,#5430,.T.);
#6063 = ORIENTED_EDGE('',*,*,#6064,.T.);
#6064 = EDGE_CURVE('',#5433,#6065,#6067,.T.);
#6065 = VERTEX_POINT('',#6066);
#6066 = CARTESIAN_POINT('',(32.,-101.89,110.4));
#6067 = LINE('',#6068,#6069);
#6068 = CARTESIAN_POINT('',(32.,-98.39,110.4));
#6069 = VECTOR('',#6070,1.);
#6070 = DIRECTION('',(-0.,-1.,-0.));
#6071 = ORIENTED_EDGE('',*,*,#6072,.F.);
#6072 = EDGE_CURVE('',#6056,#6065,#6073,.T.);
#6073 = LINE('',#6074,#6075);
#6074 = CARTESIAN_POINT('',(-38.75,-101.89,110.4));
#6075 = VECTOR('',#6076,1.);
#6076 = DIRECTION('',(1.,0.,0.));
#6077 = PLANE('',#6078);
#6078 = AXIS2_PLACEMENT_3D('',#6079,#6080,#6081);
#6079 = CARTESIAN_POINT('',(-32.,-98.39,110.4));
#6080 = DIRECTION('',(0.,0.,1.));
#6081 = DIRECTION('',(-1.,0.,0.));
#6082 = ADVANCED_FACE('',(#6083),#6101,.T.);
#6083 = FACE_BOUND('',#6084,.F.);
#6084 = EDGE_LOOP('',(#6085,#6086,#6087,#6095));
#6085 = ORIENTED_EDGE('',*,*,#6055,.F.);
#6086 = ORIENTED_EDGE('',*,*,#5440,.T.);
#6087 = ORIENTED_EDGE('',*,*,#6088,.T.);
#6088 = EDGE_CURVE('',#5441,#6089,#6091,.T.);
#6089 = VERTEX_POINT('',#6090);
#6090 = CARTESIAN_POINT('',(-32.,-101.89,108.));
#6091 = LINE('',#6092,#6093);
#6092 = CARTESIAN_POINT('',(-32.,-98.39,108.));
#6093 = VECTOR('',#6094,1.);
#6094 = DIRECTION('',(-0.,-1.,-0.));
#6095 = ORIENTED_EDGE('',*,*,#6096,.F.);
#6096 = EDGE_CURVE('',#6056,#6089,#6097,.T.);
#6097 = LINE('',#6098,#6099);
#6098 = CARTESIAN_POINT('',(-32.,-101.89,100.25));
#6099 = VECTOR('',#6100,1.);
#6100 = DIRECTION('',(-0.,-0.,-1.));
#6101 = PLANE('',#6102);
#6102 = AXIS2_PLACEMENT_3D('',#6103,#6104,#6105);
#6103 = CARTESIAN_POINT('',(-32.,-98.39,108.));
#6104 = DIRECTION('',(1.,0.,0.));
#6105 = DIRECTION('',(0.,0.,-1.));
#6106 = ADVANCED_FACE('',(#6107),#6125,.F.);
#6107 = FACE_BOUND('',#6108,.T.);
#6108 = EDGE_LOOP('',(#6109,#6110,#6111,#6119));
#6109 = ORIENTED_EDGE('',*,*,#6064,.F.);
#6110 = ORIENTED_EDGE('',*,*,#5456,.T.);
#6111 = ORIENTED_EDGE('',*,*,#6112,.T.);
#6112 = EDGE_CURVE('',#5449,#6113,#6115,.T.);
#6113 = VERTEX_POINT('',#6114);
#6114 = CARTESIAN_POINT('',(32.,-101.89,108.));
#6115 = LINE('',#6116,#6117);
#6116 = CARTESIAN_POINT('',(32.,-98.39,108.));
#6117 = VECTOR('',#6118,1.);
#6118 = DIRECTION('',(-0.,-1.,-0.));
#6119 = ORIENTED_EDGE('',*,*,#6120,.F.);
#6120 = EDGE_CURVE('',#6065,#6113,#6121,.T.);
#6121 = LINE('',#6122,#6123);
#6122 = CARTESIAN_POINT('',(32.,-101.89,100.25));
#6123 = VECTOR('',#6124,1.);
#6124 = DIRECTION('',(-0.,-0.,-1.));
#6125 = PLANE('',#6126);
#6126 = AXIS2_PLACEMENT_3D('',#6127,#6128,#6129);
#6127 = CARTESIAN_POINT('',(32.,-98.39,108.));
#6128 = DIRECTION('',(1.,0.,0.));
#6129 = DIRECTION('',(0.,0.,-1.));
#6130 = ADVANCED_FACE('',(#6131),#6142,.T.);
#6131 = FACE_BOUND('',#6132,.F.);
#6132 = EDGE_LOOP('',(#6133,#6134,#6135,#6136));
#6133 = ORIENTED_EDGE('',*,*,#6088,.F.);
#6134 = ORIENTED_EDGE('',*,*,#5448,.T.);
#6135 = ORIENTED_EDGE('',*,*,#6112,.T.);
#6136 = ORIENTED_EDGE('',*,*,#6137,.F.);
#6137 = EDGE_CURVE('',#6089,#6113,#6138,.T.);
#6138 = LINE('',#6139,#6140);
#6139 = CARTESIAN_POINT('',(-38.75,-101.89,108.));
#6140 = VECTOR('',#6141,1.);
#6141 = DIRECTION('',(1.,0.,0.));
#6142 = PLANE('',#6143);
#6143 = AXIS2_PLACEMENT_3D('',#6144,#6145,#6146);
#6144 = CARTESIAN_POINT('',(-32.,-98.39,108.));
#6145 = DIRECTION('',(0.,0.,1.));
#6146 = DIRECTION('',(-1.,0.,0.));
#6147 = ADVANCED_FACE('',(#6148),#6173,.F.);
#6148 = FACE_BOUND('',#6149,.T.);
#6149 = EDGE_LOOP('',(#6150,#6158,#6159,#6167));
#6150 = ORIENTED_EDGE('',*,*,#6151,.F.);
#6151 = EDGE_CURVE('',#5465,#6152,#6154,.T.);
#6152 = VERTEX_POINT('',#6153);
#6153 = CARTESIAN_POINT('',(-32.,-101.89,115.9));
#6154 = LINE('',#6155,#6156);
#6155 = CARTESIAN_POINT('',(-32.,-98.39,115.9));
#6156 = VECTOR('',#6157,1.);
#6157 = DIRECTION('',(-0.,-1.,-0.));
#6158 = ORIENTED_EDGE('',*,*,#5464,.T.);
#6159 = ORIENTED_EDGE('',*,*,#6160,.T.);
#6160 = EDGE_CURVE('',#5467,#6161,#6163,.T.);
#6161 = VERTEX_POINT('',#6162);
#6162 = CARTESIAN_POINT('',(32.,-101.89,115.9));
#6163 = LINE('',#6164,#6165);
#6164 = CARTESIAN_POINT('',(32.,-98.39,115.9));
#6165 = VECTOR('',#6166,1.);
#6166 = DIRECTION('',(-0.,-1.,-0.));
#6167 = ORIENTED_EDGE('',*,*,#6168,.F.);
#6168 = EDGE_CURVE('',#6152,#6161,#6169,.T.);
#6169 = LINE('',#6170,#6171);
#6170 = CARTESIAN_POINT('',(-38.75,-101.89,115.9));
#6171 = VECTOR('',#6172,1.);
#6172 = DIRECTION('',(1.,0.,0.));
#6173 = PLANE('',#6174);
#6174 = AXIS2_PLACEMENT_3D('',#6175,#6176,#6177);
#6175 = CARTESIAN_POINT('',(-32.,-98.39,115.9));
#6176 = DIRECTION('',(0.,0.,1.));
#6177 = DIRECTION('',(-1.,0.,0.));
#6178 = ADVANCED_FACE('',(#6179),#6197,.T.);
#6179 = FACE_BOUND('',#6180,.F.);
#6180 = EDGE_LOOP('',(#6181,#6182,#6183,#6191));
#6181 = ORIENTED_EDGE('',*,*,#6151,.F.);
#6182 = ORIENTED_EDGE('',*,*,#5474,.T.);
#6183 = ORIENTED_EDGE('',*,*,#6184,.T.);
#6184 = EDGE_CURVE('',#5475,#6185,#6187,.T.);
#6185 = VERTEX_POINT('',#6186);
#6186 = CARTESIAN_POINT('',(-32.,-101.89,113.5));
#6187 = LINE('',#6188,#6189);
#6188 = CARTESIAN_POINT('',(-32.,-98.39,113.5));
#6189 = VECTOR('',#6190,1.);
#6190 = DIRECTION('',(-0.,-1.,-0.));
#6191 = ORIENTED_EDGE('',*,*,#6192,.F.);
#6192 = EDGE_CURVE('',#6152,#6185,#6193,.T.);
#6193 = LINE('',#6194,#6195);
#6194 = CARTESIAN_POINT('',(-32.,-101.89,103.));
#6195 = VECTOR('',#6196,1.);
#6196 = DIRECTION('',(-0.,-0.,-1.));
#6197 = PLANE('',#6198);
#6198 = AXIS2_PLACEMENT_3D('',#6199,#6200,#6201);
#6199 = CARTESIAN_POINT('',(-32.,-98.39,113.5));
#6200 = DIRECTION('',(1.,0.,0.));
#6201 = DIRECTION('',(0.,0.,-1.));
#6202 = ADVANCED_FACE('',(#6203),#6221,.F.);
#6203 = FACE_BOUND('',#6204,.T.);
#6204 = EDGE_LOOP('',(#6205,#6206,#6207,#6215));
#6205 = ORIENTED_EDGE('',*,*,#6160,.F.);
#6206 = ORIENTED_EDGE('',*,*,#5490,.T.);
#6207 = ORIENTED_EDGE('',*,*,#6208,.T.);
#6208 = EDGE_CURVE('',#5483,#6209,#6211,.T.);
#6209 = VERTEX_POINT('',#6210);
#6210 = CARTESIAN_POINT('',(32.,-101.89,113.5));
#6211 = LINE('',#6212,#6213);
#6212 = CARTESIAN_POINT('',(32.,-98.39,113.5));
#6213 = VECTOR('',#6214,1.);
#6214 = DIRECTION('',(-0.,-1.,-0.));
#6215 = ORIENTED_EDGE('',*,*,#6216,.F.);
#6216 = EDGE_CURVE('',#6161,#6209,#6217,.T.);
#6217 = LINE('',#6218,#6219);
#6218 = CARTESIAN_POINT('',(32.,-101.89,103.));
#6219 = VECTOR('',#6220,1.);
#6220 = DIRECTION('',(-0.,-0.,-1.));
#6221 = PLANE('',#6222);
#6222 = AXIS2_PLACEMENT_3D('',#6223,#6224,#6225);
#6223 = CARTESIAN_POINT('',(32.,-98.39,113.5));
#6224 = DIRECTION('',(1.,0.,0.));
#6225 = DIRECTION('',(0.,0.,-1.));
#6226 = ADVANCED_FACE('',(#6227),#6238,.T.);
#6227 = FACE_BOUND('',#6228,.F.);
#6228 = EDGE_LOOP('',(#6229,#6230,#6231,#6232));
#6229 = ORIENTED_EDGE('',*,*,#6184,.F.);
#6230 = ORIENTED_EDGE('',*,*,#5482,.T.);
#6231 = ORIENTED_EDGE('',*,*,#6208,.T.);
#6232 = ORIENTED_EDGE('',*,*,#6233,.F.);
#6233 = EDGE_CURVE('',#6185,#6209,#6234,.T.);
#6234 = LINE('',#6235,#6236);
#6235 = CARTESIAN_POINT('',(-38.75,-101.89,113.5));
#6236 = VECTOR('',#6237,1.);
#6237 = DIRECTION('',(1.,0.,0.));
#6238 = PLANE('',#6239);
#6239 = AXIS2_PLACEMENT_3D('',#6240,#6241,#6242);
#6240 = CARTESIAN_POINT('',(-32.,-98.39,113.5));
#6241 = DIRECTION('',(0.,0.,1.));
#6242 = DIRECTION('',(-1.,0.,0.));
#6243 = ADVANCED_FACE('',(#6244),#6269,.F.);
#6244 = FACE_BOUND('',#6245,.T.);
#6245 = EDGE_LOOP('',(#6246,#6254,#6255,#6263));
#6246 = ORIENTED_EDGE('',*,*,#6247,.F.);
#6247 = EDGE_CURVE('',#5499,#6248,#6250,.T.);
#6248 = VERTEX_POINT('',#6249);
#6249 = CARTESIAN_POINT('',(-32.,-101.89,121.4));
#6250 = LINE('',#6251,#6252);
#6251 = CARTESIAN_POINT('',(-32.,-98.39,121.4));
#6252 = VECTOR('',#6253,1.);
#6253 = DIRECTION('',(-0.,-1.,-0.));
#6254 = ORIENTED_EDGE('',*,*,#5498,.T.);
#6255 = ORIENTED_EDGE('',*,*,#6256,.T.);
#6256 = EDGE_CURVE('',#5501,#6257,#6259,.T.);
#6257 = VERTEX_POINT('',#6258);
#6258 = CARTESIAN_POINT('',(32.,-101.89,121.4));
#6259 = LINE('',#6260,#6261);
#6260 = CARTESIAN_POINT('',(32.,-98.39,121.4));
#6261 = VECTOR('',#6262,1.);
#6262 = DIRECTION('',(-0.,-1.,-0.));
#6263 = ORIENTED_EDGE('',*,*,#6264,.F.);
#6264 = EDGE_CURVE('',#6248,#6257,#6265,.T.);
#6265 = LINE('',#6266,#6267);
#6266 = CARTESIAN_POINT('',(-38.75,-101.89,121.4));
#6267 = VECTOR('',#6268,1.);
#6268 = DIRECTION('',(1.,0.,0.));
#6269 = PLANE('',#6270);
#6270 = AXIS2_PLACEMENT_3D('',#6271,#6272,#6273);
#6271 = CARTESIAN_POINT('',(-32.,-98.39,121.4));
#6272 = DIRECTION('',(0.,0.,1.));
#6273 = DIRECTION('',(-1.,0.,0.));
#6274 = ADVANCED_FACE('',(#6275),#6293,.T.);
#6275 = FACE_BOUND('',#6276,.F.);
#6276 = EDGE_LOOP('',(#6277,#6278,#6279,#6287));
#6277 = ORIENTED_EDGE('',*,*,#6247,.F.);
#6278 = ORIENTED_EDGE('',*,*,#5508,.T.);
#6279 = ORIENTED_EDGE('',*,*,#6280,.T.);
#6280 = EDGE_CURVE('',#5509,#6281,#6283,.T.);
#6281 = VERTEX_POINT('',#6282);
#6282 = CARTESIAN_POINT('',(-32.,-101.89,119.));
#6283 = LINE('',#6284,#6285);
#6284 = CARTESIAN_POINT('',(-32.,-98.39,119.));
#6285 = VECTOR('',#6286,1.);
#6286 = DIRECTION('',(-0.,-1.,-0.));
#6287 = ORIENTED_EDGE('',*,*,#6288,.F.);
#6288 = EDGE_CURVE('',#6248,#6281,#6289,.T.);
#6289 = LINE('',#6290,#6291);
#6290 = CARTESIAN_POINT('',(-32.,-101.89,105.75));
#6291 = VECTOR('',#6292,1.);
#6292 = DIRECTION('',(-0.,-0.,-1.));
#6293 = PLANE('',#6294);
#6294 = AXIS2_PLACEMENT_3D('',#6295,#6296,#6297);
#6295 = CARTESIAN_POINT('',(-32.,-98.39,119.));
#6296 = DIRECTION('',(1.,0.,0.));
#6297 = DIRECTION('',(0.,0.,-1.));
#6298 = ADVANCED_FACE('',(#6299),#6317,.F.);
#6299 = FACE_BOUND('',#6300,.T.);
#6300 = EDGE_LOOP('',(#6301,#6302,#6303,#6311));
#6301 = ORIENTED_EDGE('',*,*,#6256,.F.);
#6302 = ORIENTED_EDGE('',*,*,#5524,.T.);
#6303 = ORIENTED_EDGE('',*,*,#6304,.T.);
#6304 = EDGE_CURVE('',#5517,#6305,#6307,.T.);
#6305 = VERTEX_POINT('',#6306);
#6306 = CARTESIAN_POINT('',(32.,-101.89,119.));
#6307 = LINE('',#6308,#6309);
#6308 = CARTESIAN_POINT('',(32.,-98.39,119.));
#6309 = VECTOR('',#6310,1.);
#6310 = DIRECTION('',(-0.,-1.,-0.));
#6311 = ORIENTED_EDGE('',*,*,#6312,.F.);
#6312 = EDGE_CURVE('',#6257,#6305,#6313,.T.);
#6313 = LINE('',#6314,#6315);
#6314 = CARTESIAN_POINT('',(32.,-101.89,105.75));
#6315 = VECTOR('',#6316,1.);
#6316 = DIRECTION('',(-0.,-0.,-1.));
#6317 = PLANE('',#6318);
#6318 = AXIS2_PLACEMENT_3D('',#6319,#6320,#6321);
#6319 = CARTESIAN_POINT('',(32.,-98.39,119.));
#6320 = DIRECTION('',(1.,0.,0.));
#6321 = DIRECTION('',(0.,0.,-1.));
#6322 = ADVANCED_FACE('',(#6323),#6334,.T.);
#6323 = FACE_BOUND('',#6324,.F.);
#6324 = EDGE_LOOP('',(#6325,#6326,#6327,#6328));
#6325 = ORIENTED_EDGE('',*,*,#6280,.F.);
#6326 = ORIENTED_EDGE('',*,*,#5516,.T.);
#6327 = ORIENTED_EDGE('',*,*,#6304,.T.);
#6328 = ORIENTED_EDGE('',*,*,#6329,.F.);
#6329 = EDGE_CURVE('',#6281,#6305,#6330,.T.);
#6330 = LINE('',#6331,#6332);
#6331 = CARTESIAN_POINT('',(-38.75,-101.89,119.));
#6332 = VECTOR('',#6333,1.);
#6333 = DIRECTION('',(1.,0.,0.));
#6334 = PLANE('',#6335);
#6335 = AXIS2_PLACEMENT_3D('',#6336,#6337,#6338);
#6336 = CARTESIAN_POINT('',(-32.,-98.39,119.));
#6337 = DIRECTION('',(0.,0.,1.));
#6338 = DIRECTION('',(-1.,0.,0.));
#6339 = ADVANCED_FACE('',(#6340),#6365,.F.);
#6340 = FACE_BOUND('',#6341,.T.);
#6341 = EDGE_LOOP('',(#6342,#6350,#6351,#6359));
#6342 = ORIENTED_EDGE('',*,*,#6343,.F.);
#6343 = EDGE_CURVE('',#5533,#6344,#6346,.T.);
#6344 = VERTEX_POINT('',#6345);
#6345 = CARTESIAN_POINT('',(-32.,-101.89,126.9));
#6346 = LINE('',#6347,#6348);
#6347 = CARTESIAN_POINT('',(-32.,-98.39,126.9));
#6348 = VECTOR('',#6349,1.);
#6349 = DIRECTION('',(-0.,-1.,-0.));
#6350 = ORIENTED_EDGE('',*,*,#5532,.T.);
#6351 = ORIENTED_EDGE('',*,*,#6352,.T.);
#6352 = EDGE_CURVE('',#5535,#6353,#6355,.T.);
#6353 = VERTEX_POINT('',#6354);
#6354 = CARTESIAN_POINT('',(32.,-101.89,126.9));
#6355 = LINE('',#6356,#6357);
#6356 = CARTESIAN_POINT('',(32.,-98.39,126.9));
#6357 = VECTOR('',#6358,1.);
#6358 = DIRECTION('',(-0.,-1.,-0.));
#6359 = ORIENTED_EDGE('',*,*,#6360,.F.);
#6360 = EDGE_CURVE('',#6344,#6353,#6361,.T.);
#6361 = LINE('',#6362,#6363);
#6362 = CARTESIAN_POINT('',(-38.75,-101.89,126.9));
#6363 = VECTOR('',#6364,1.);
#6364 = DIRECTION('',(1.,0.,0.));
#6365 = PLANE('',#6366);
#6366 = AXIS2_PLACEMENT_3D('',#6367,#6368,#6369);
#6367 = CARTESIAN_POINT('',(-32.,-98.39,126.9));
#6368 = DIRECTION('',(0.,0.,1.));
#6369 = DIRECTION('',(-1.,0.,0.));
#6370 = ADVANCED_FACE('',(#6371),#6389,.T.);
#6371 = FACE_BOUND('',#6372,.F.);
#6372 = EDGE_LOOP('',(#6373,#6374,#6375,#6383));
#6373 = ORIENTED_EDGE('',*,*,#6343,.F.);
#6374 = ORIENTED_EDGE('',*,*,#5542,.T.);
#6375 = ORIENTED_EDGE('',*,*,#6376,.T.);
#6376 = EDGE_CURVE('',#5543,#6377,#6379,.T.);
#6377 = VERTEX_POINT('',#6378);
#6378 = CARTESIAN_POINT('',(-32.,-101.89,124.5));
#6379 = LINE('',#6380,#6381);
#6380 = CARTESIAN_POINT('',(-32.,-98.39,124.5));
#6381 = VECTOR('',#6382,1.);
#6382 = DIRECTION('',(-0.,-1.,-0.));
#6383 = ORIENTED_EDGE('',*,*,#6384,.F.);
#6384 = EDGE_CURVE('',#6344,#6377,#6385,.T.);
#6385 = LINE('',#6386,#6387);
#6386 = CARTESIAN_POINT('',(-32.,-101.89,108.5));
#6387 = VECTOR('',#6388,1.);
#6388 = DIRECTION('',(-0.,-0.,-1.));
#6389 = PLANE('',#6390);
#6390 = AXIS2_PLACEMENT_3D('',#6391,#6392,#6393);
#6391 = CARTESIAN_POINT('',(-32.,-98.39,124.5));
#6392 = DIRECTION('',(1.,0.,0.));
#6393 = DIRECTION('',(0.,0.,-1.));
#6394 = ADVANCED_FACE('',(#6395),#6413,.F.);
#6395 = FACE_BOUND('',#6396,.T.);
#6396 = EDGE_LOOP('',(#6397,#6398,#6399,#6407));
#6397 = ORIENTED_EDGE('',*,*,#6352,.F.);
#6398 = ORIENTED_EDGE('',*,*,#5558,.T.);
#6399 = ORIENTED_EDGE('',*,*,#6400,.T.);
#6400 = EDGE_CURVE('',#5551,#6401,#6403,.T.);
#6401 = VERTEX_POINT('',#6402);
#6402 = CARTESIAN_POINT('',(32.,-101.89,124.5));
#6403 = LINE('',#6404,#6405);
#6404 = CARTESIAN_POINT('',(32.,-98.39,124.5));
#6405 = VECTOR('',#6406,1.);
#6406 = DIRECTION('',(-0.,-1.,-0.));
#6407 = ORIENTED_EDGE('',*,*,#6408,.F.);
#6408 = EDGE_CURVE('',#6353,#6401,#6409,.T.);
#6409 = LINE('',#6410,#6411);
#6410 = CARTESIAN_POINT('',(32.,-101.89,108.5));
#6411 = VECTOR('',#6412,1.);
#6412 = DIRECTION('',(-0.,-0.,-1.));
#6413 = PLANE('',#6414);
#6414 = AXIS2_PLACEMENT_3D('',#6415,#6416,#6417);
#6415 = CARTESIAN_POINT('',(32.,-98.39,124.5));
#6416 = DIRECTION('',(1.,0.,0.));
#6417 = DIRECTION('',(0.,0.,-1.));
#6418 = ADVANCED_FACE('',(#6419),#6430,.T.);
#6419 = FACE_BOUND('',#6420,.F.);
#6420 = EDGE_LOOP('',(#6421,#6422,#6423,#6424));
#6421 = ORIENTED_EDGE('',*,*,#6376,.F.);
#6422 = ORIENTED_EDGE('',*,*,#5550,.T.);
#6423 = ORIENTED_EDGE('',*,*,#6400,.T.);
#6424 = ORIENTED_EDGE('',*,*,#6425,.F.);
#6425 = EDGE_CURVE('',#6377,#6401,#6426,.T.);
#6426 = LINE('',#6427,#6428);
#6427 = CARTESIAN_POINT('',(-38.75,-101.89,124.5));
#6428 = VECTOR('',#6429,1.);
#6429 = DIRECTION('',(1.,0.,0.));
#6430 = PLANE('',#6431);
#6431 = AXIS2_PLACEMENT_3D('',#6432,#6433,#6434);
#6432 = CARTESIAN_POINT('',(-32.,-98.39,124.5));
#6433 = DIRECTION('',(0.,0.,1.));
#6434 = DIRECTION('',(-1.,0.,0.));
#6435 = ADVANCED_FACE('',(#6436),#6461,.F.);
#6436 = FACE_BOUND('',#6437,.T.);
#6437 = EDGE_LOOP('',(#6438,#6446,#6447,#6455));
#6438 = ORIENTED_EDGE('',*,*,#6439,.F.);
#6439 = EDGE_CURVE('',#5567,#6440,#6442,.T.);
#6440 = VERTEX_POINT('',#6441);
#6441 = CARTESIAN_POINT('',(-32.,-101.89,132.4));
#6442 = LINE('',#6443,#6444);
#6443 = CARTESIAN_POINT('',(-32.,-98.39,132.4));
#6444 = VECTOR('',#6445,1.);
#6445 = DIRECTION('',(-0.,-1.,-0.));
#6446 = ORIENTED_EDGE('',*,*,#5566,.T.);
#6447 = ORIENTED_EDGE('',*,*,#6448,.T.);
#6448 = EDGE_CURVE('',#5569,#6449,#6451,.T.);
#6449 = VERTEX_POINT('',#6450);
#6450 = CARTESIAN_POINT('',(32.,-101.89,132.4));
#6451 = LINE('',#6452,#6453);
#6452 = CARTESIAN_POINT('',(32.,-98.39,132.4));
#6453 = VECTOR('',#6454,1.);
#6454 = DIRECTION('',(-0.,-1.,-0.));
#6455 = ORIENTED_EDGE('',*,*,#6456,.F.);
#6456 = EDGE_CURVE('',#6440,#6449,#6457,.T.);
#6457 = LINE('',#6458,#6459);
#6458 = CARTESIAN_POINT('',(-38.75,-101.89,132.4));
#6459 = VECTOR('',#6460,1.);
#6460 = DIRECTION('',(1.,0.,0.));
#6461 = PLANE('',#6462);
#6462 = AXIS2_PLACEMENT_3D('',#6463,#6464,#6465);
#6463 = CARTESIAN_POINT('',(-32.,-98.39,132.4));
#6464 = DIRECTION('',(0.,0.,1.));
#6465 = DIRECTION('',(-1.,0.,0.));
#6466 = ADVANCED_FACE('',(#6467),#6485,.T.);
#6467 = FACE_BOUND('',#6468,.F.);
#6468 = EDGE_LOOP('',(#6469,#6470,#6471,#6479));
#6469 = ORIENTED_EDGE('',*,*,#6439,.F.);
#6470 = ORIENTED_EDGE('',*,*,#5576,.T.);
#6471 = ORIENTED_EDGE('',*,*,#6472,.T.);
#6472 = EDGE_CURVE('',#5577,#6473,#6475,.T.);
#6473 = VERTEX_POINT('',#6474);
#6474 = CARTESIAN_POINT('',(-32.,-101.89,130.));
#6475 = LINE('',#6476,#6477);
#6476 = CARTESIAN_POINT('',(-32.,-98.39,130.));
#6477 = VECTOR('',#6478,1.);
#6478 = DIRECTION('',(-0.,-1.,-0.));
#6479 = ORIENTED_EDGE('',*,*,#6480,.F.);
#6480 = EDGE_CURVE('',#6440,#6473,#6481,.T.);
#6481 = LINE('',#6482,#6483);
#6482 = CARTESIAN_POINT('',(-32.,-101.89,111.25));
#6483 = VECTOR('',#6484,1.);
#6484 = DIRECTION('',(-0.,-0.,-1.));
#6485 = PLANE('',#6486);
#6486 = AXIS2_PLACEMENT_3D('',#6487,#6488,#6489);
#6487 = CARTESIAN_POINT('',(-32.,-98.39,130.));
#6488 = DIRECTION('',(1.,0.,0.));
#6489 = DIRECTION('',(0.,0.,-1.));
#6490 = ADVANCED_FACE('',(#6491),#6509,.F.);
#6491 = FACE_BOUND('',#6492,.T.);
#6492 = EDGE_LOOP('',(#6493,#6494,#6495,#6503));
#6493 = ORIENTED_EDGE('',*,*,#6448,.F.);
#6494 = ORIENTED_EDGE('',*,*,#5592,.T.);
#6495 = ORIENTED_EDGE('',*,*,#6496,.T.);
#6496 = EDGE_CURVE('',#5585,#6497,#6499,.T.);
#6497 = VERTEX_POINT('',#6498);
#6498 = CARTESIAN_POINT('',(32.,-101.89,130.));
#6499 = LINE('',#6500,#6501);
#6500 = CARTESIAN_POINT('',(32.,-98.39,130.));
#6501 = VECTOR('',#6502,1.);
#6502 = DIRECTION('',(-0.,-1.,-0.));
#6503 = ORIENTED_EDGE('',*,*,#6504,.F.);
#6504 = EDGE_CURVE('',#6449,#6497,#6505,.T.);
#6505 = LINE('',#6506,#6507);
#6506 = CARTESIAN_POINT('',(32.,-101.89,111.25));
#6507 = VECTOR('',#6508,1.);
#6508 = DIRECTION('',(-0.,-0.,-1.));
#6509 = PLANE('',#6510);
#6510 = AXIS2_PLACEMENT_3D('',#6511,#6512,#6513);
#6511 = CARTESIAN_POINT('',(32.,-98.39,130.));
#6512 = DIRECTION('',(1.,0.,0.));
#6513 = DIRECTION('',(0.,0.,-1.));
#6514 = ADVANCED_FACE('',(#6515),#6526,.T.);
#6515 = FACE_BOUND('',#6516,.F.);
#6516 = EDGE_LOOP('',(#6517,#6518,#6519,#6520));
#6517 = ORIENTED_EDGE('',*,*,#6472,.F.);
#6518 = ORIENTED_EDGE('',*,*,#5584,.T.);
#6519 = ORIENTED_EDGE('',*,*,#6496,.T.);
#6520 = ORIENTED_EDGE('',*,*,#6521,.F.);
#6521 = EDGE_CURVE('',#6473,#6497,#6522,.T.);
#6522 = LINE('',#6523,#6524);
#6523 = CARTESIAN_POINT('',(-38.75,-101.89,130.));
#6524 = VECTOR('',#6525,1.);
#6525 = DIRECTION('',(1.,0.,0.));
#6526 = PLANE('',#6527);
#6527 = AXIS2_PLACEMENT_3D('',#6528,#6529,#6530);
#6528 = CARTESIAN_POINT('',(-32.,-98.39,130.));
#6529 = DIRECTION('',(0.,0.,1.));
#6530 = DIRECTION('',(-1.,0.,0.));
#6531 = ADVANCED_FACE('',(#6532),#6557,.F.);
#6532 = FACE_BOUND('',#6533,.T.);
#6533 = EDGE_LOOP('',(#6534,#6542,#6543,#6551));
#6534 = ORIENTED_EDGE('',*,*,#6535,.F.);
#6535 = EDGE_CURVE('',#5601,#6536,#6538,.T.);
#6536 = VERTEX_POINT('',#6537);
#6537 = CARTESIAN_POINT('',(-32.,-101.89,137.9));
#6538 = LINE('',#6539,#6540);
#6539 = CARTESIAN_POINT('',(-32.,-98.39,137.9));
#6540 = VECTOR('',#6541,1.);
#6541 = DIRECTION('',(-0.,-1.,-0.));
#6542 = ORIENTED_EDGE('',*,*,#5600,.T.);
#6543 = ORIENTED_EDGE('',*,*,#6544,.T.);
#6544 = EDGE_CURVE('',#5603,#6545,#6547,.T.);
#6545 = VERTEX_POINT('',#6546);
#6546 = CARTESIAN_POINT('',(32.,-101.89,137.9));
#6547 = LINE('',#6548,#6549);
#6548 = CARTESIAN_POINT('',(32.,-98.39,137.9));
#6549 = VECTOR('',#6550,1.);
#6550 = DIRECTION('',(-0.,-1.,-0.));
#6551 = ORIENTED_EDGE('',*,*,#6552,.F.);
#6552 = EDGE_CURVE('',#6536,#6545,#6553,.T.);
#6553 = LINE('',#6554,#6555);
#6554 = CARTESIAN_POINT('',(-38.75,-101.89,137.9));
#6555 = VECTOR('',#6556,1.);
#6556 = DIRECTION('',(1.,0.,0.));
#6557 = PLANE('',#6558);
#6558 = AXIS2_PLACEMENT_3D('',#6559,#6560,#6561);
#6559 = CARTESIAN_POINT('',(-32.,-98.39,137.9));
#6560 = DIRECTION('',(0.,0.,1.));
#6561 = DIRECTION('',(-1.,0.,0.));
#6562 = ADVANCED_FACE('',(#6563),#6581,.T.);
#6563 = FACE_BOUND('',#6564,.F.);
#6564 = EDGE_LOOP('',(#6565,#6566,#6567,#6575));
#6565 = ORIENTED_EDGE('',*,*,#6535,.F.);
#6566 = ORIENTED_EDGE('',*,*,#5610,.T.);
#6567 = ORIENTED_EDGE('',*,*,#6568,.T.);
#6568 = EDGE_CURVE('',#5611,#6569,#6571,.T.);
#6569 = VERTEX_POINT('',#6570);
#6570 = CARTESIAN_POINT('',(-32.,-101.89,135.5));
#6571 = LINE('',#6572,#6573);
#6572 = CARTESIAN_POINT('',(-32.,-98.39,135.5));
#6573 = VECTOR('',#6574,1.);
#6574 = DIRECTION('',(-0.,-1.,-0.));
#6575 = ORIENTED_EDGE('',*,*,#6576,.F.);
#6576 = EDGE_CURVE('',#6536,#6569,#6577,.T.);
#6577 = LINE('',#6578,#6579);
#6578 = CARTESIAN_POINT('',(-32.,-101.89,114.));
#6579 = VECTOR('',#6580,1.);
#6580 = DIRECTION('',(-0.,-0.,-1.));
#6581 = PLANE('',#6582);
#6582 = AXIS2_PLACEMENT_3D('',#6583,#6584,#6585);
#6583 = CARTESIAN_POINT('',(-32.,-98.39,135.5));
#6584 = DIRECTION('',(1.,0.,0.));
#6585 = DIRECTION('',(0.,0.,-1.));
#6586 = ADVANCED_FACE('',(#6587),#6605,.F.);
#6587 = FACE_BOUND('',#6588,.T.);
#6588 = EDGE_LOOP('',(#6589,#6590,#6591,#6599));
#6589 = ORIENTED_EDGE('',*,*,#6544,.F.);
#6590 = ORIENTED_EDGE('',*,*,#5626,.T.);
#6591 = ORIENTED_EDGE('',*,*,#6592,.T.);
#6592 = EDGE_CURVE('',#5619,#6593,#6595,.T.);
#6593 = VERTEX_POINT('',#6594);
#6594 = CARTESIAN_POINT('',(32.,-101.89,135.5));
#6595 = LINE('',#6596,#6597);
#6596 = CARTESIAN_POINT('',(32.,-98.39,135.5));
#6597 = VECTOR('',#6598,1.);
#6598 = DIRECTION('',(-0.,-1.,-0.));
#6599 = ORIENTED_EDGE('',*,*,#6600,.F.);
#6600 = EDGE_CURVE('',#6545,#6593,#6601,.T.);
#6601 = LINE('',#6602,#6603);
#6602 = CARTESIAN_POINT('',(32.,-101.89,114.));
#6603 = VECTOR('',#6604,1.);
#6604 = DIRECTION('',(-0.,-0.,-1.));
#6605 = PLANE('',#6606);
#6606 = AXIS2_PLACEMENT_3D('',#6607,#6608,#6609);
#6607 = CARTESIAN_POINT('',(32.,-98.39,135.5));
#6608 = DIRECTION('',(1.,0.,0.));
#6609 = DIRECTION('',(0.,0.,-1.));
#6610 = ADVANCED_FACE('',(#6611),#6622,.T.);
#6611 = FACE_BOUND('',#6612,.F.);
#6612 = EDGE_LOOP('',(#6613,#6614,#6615,#6616));
#6613 = ORIENTED_EDGE('',*,*,#6568,.F.);
#6614 = ORIENTED_EDGE('',*,*,#5618,.T.);
#6615 = ORIENTED_EDGE('',*,*,#6592,.T.);
#6616 = ORIENTED_EDGE('',*,*,#6617,.F.);
#6617 = EDGE_CURVE('',#6569,#6593,#6618,.T.);
#6618 = LINE('',#6619,#6620);
#6619 = CARTESIAN_POINT('',(-38.75,-101.89,135.5));
#6620 = VECTOR('',#6621,1.);
#6621 = DIRECTION('',(1.,0.,0.));
#6622 = PLANE('',#6623);
#6623 = AXIS2_PLACEMENT_3D('',#6624,#6625,#6626);
#6624 = CARTESIAN_POINT('',(-32.,-98.39,135.5));
#6625 = DIRECTION('',(0.,0.,1.));
#6626 = DIRECTION('',(-1.,0.,0.));
#6627 = ADVANCED_FACE('',(#6628),#6647,.T.);
#6628 = FACE_BOUND('',#6629,.F.);
#6629 = EDGE_LOOP('',(#6630,#6631,#6639,#6646));
#6630 = ORIENTED_EDGE('',*,*,#5634,.F.);
#6631 = ORIENTED_EDGE('',*,*,#6632,.F.);
#6632 = EDGE_CURVE('',#6633,#5635,#6635,.T.);
#6633 = VERTEX_POINT('',#6634);
#6634 = CARTESIAN_POINT('',(7.,-94.39,163.2));
#6635 = LINE('',#6636,#6637);
#6636 = CARTESIAN_POINT('',(7.,-94.39,163.2));
#6637 = VECTOR('',#6638,1.);
#6638 = DIRECTION('',(-0.,-1.,-0.));
#6639 = ORIENTED_EDGE('',*,*,#6640,.T.);
#6640 = EDGE_CURVE('',#6633,#6633,#6641,.T.);
#6641 = CIRCLE('',#6642,2.2);
#6642 = AXIS2_PLACEMENT_3D('',#6643,#6644,#6645);
#6643 = CARTESIAN_POINT('',(7.,-94.39,161.));
#6644 = DIRECTION('',(0.,1.,0.));
#6645 = DIRECTION('',(0.,0.,1.));
#6646 = ORIENTED_EDGE('',*,*,#6632,.T.);
#6647 = CYLINDRICAL_SURFACE('',#6648,2.2);
#6648 = AXIS2_PLACEMENT_3D('',#6649,#6650,#6651);
#6649 = CARTESIAN_POINT('',(7.,-94.39,161.));
#6650 = DIRECTION('',(-0.,-1.,-0.));
#6651 = DIRECTION('',(0.,0.,1.));
#6652 = ADVANCED_FACE('',(#6653),#6672,.T.);
#6653 = FACE_BOUND('',#6654,.F.);
#6654 = EDGE_LOOP('',(#6655,#6656,#6664,#6671));
#6655 = ORIENTED_EDGE('',*,*,#5645,.F.);
#6656 = ORIENTED_EDGE('',*,*,#6657,.F.);
#6657 = EDGE_CURVE('',#6658,#5646,#6660,.T.);
#6658 = VERTEX_POINT('',#6659);
#6659 = CARTESIAN_POINT('',(7.,-94.39,193.2));
#6660 = LINE('',#6661,#6662);
#6661 = CARTESIAN_POINT('',(7.,-94.39,193.2));
#6662 = VECTOR('',#6663,1.);
#6663 = DIRECTION('',(-0.,-1.,-0.));
#6664 = ORIENTED_EDGE('',*,*,#6665,.T.);
#6665 = EDGE_CURVE('',#6658,#6658,#6666,.T.);
#6666 = CIRCLE('',#6667,2.2);
#6667 = AXIS2_PLACEMENT_3D('',#6668,#6669,#6670);
#6668 = CARTESIAN_POINT('',(7.,-94.39,191.));
#6669 = DIRECTION('',(0.,1.,0.));
#6670 = DIRECTION('',(0.,0.,1.));
#6671 = ORIENTED_EDGE('',*,*,#6657,.T.);
#6672 = CYLINDRICAL_SURFACE('',#6673,2.2);
#6673 = AXIS2_PLACEMENT_3D('',#6674,#6675,#6676);
#6674 = CARTESIAN_POINT('',(7.,-94.39,191.));
#6675 = DIRECTION('',(-0.,-1.,-0.));
#6676 = DIRECTION('',(0.,0.,1.));
#6677 = ADVANCED_FACE('',(#6678),#6697,.F.);
#6678 = FACE_BOUND('',#6679,.T.);
#6679 = EDGE_LOOP('',(#6680,#6681,#6689,#6696));
#6680 = ORIENTED_EDGE('',*,*,#5665,.F.);
#6681 = ORIENTED_EDGE('',*,*,#6682,.F.);
#6682 = EDGE_CURVE('',#6683,#5666,#6685,.T.);
#6683 = VERTEX_POINT('',#6684);
#6684 = CARTESIAN_POINT('',(-39.,-54.39,104.6));
#6685 = LINE('',#6686,#6687);
#6686 = CARTESIAN_POINT('',(-39.,-54.39,104.6));
#6687 = VECTOR('',#6688,1.);
#6688 = DIRECTION('',(-0.,-1.,-0.));
#6689 = ORIENTED_EDGE('',*,*,#6690,.T.);
#6690 = EDGE_CURVE('',#6683,#6683,#6691,.T.);
#6691 = CIRCLE('',#6692,1.1);
#6692 = AXIS2_PLACEMENT_3D('',#6693,#6694,#6695);
#6693 = CARTESIAN_POINT('',(-39.,-54.39,103.5));
#6694 = DIRECTION('',(0.,1.,0.));
#6695 = DIRECTION('',(0.,0.,1.));
#6696 = ORIENTED_EDGE('',*,*,#6682,.T.);
#6697 = CYLINDRICAL_SURFACE('',#6698,1.1);
#6698 = AXIS2_PLACEMENT_3D('',#6699,#6700,#6701);
#6699 = CARTESIAN_POINT('',(-39.,-54.39,103.5));
#6700 = DIRECTION('',(-0.,-1.,-0.));
#6701 = DIRECTION('',(0.,0.,1.));
#6702 = ADVANCED_FACE('',(#6703),#6722,.F.);
#6703 = FACE_BOUND('',#6704,.T.);
#6704 = EDGE_LOOP('',(#6705,#6706,#6714,#6721));
#6705 = ORIENTED_EDGE('',*,*,#5685,.F.);
#6706 = ORIENTED_EDGE('',*,*,#6707,.F.);
#6707 = EDGE_CURVE('',#6708,#5686,#6710,.T.);
#6708 = VERTEX_POINT('',#6709);
#6709 = CARTESIAN_POINT('',(-39.,-54.39,153.6));
#6710 = LINE('',#6711,#6712);
#6711 = CARTESIAN_POINT('',(-39.,-54.39,153.6));
#6712 = VECTOR('',#6713,1.);
#6713 = DIRECTION('',(-0.,-1.,-0.));
#6714 = ORIENTED_EDGE('',*,*,#6715,.T.);
#6715 = EDGE_CURVE('',#6708,#6708,#6716,.T.);
#6716 = CIRCLE('',#6717,1.1);
#6717 = AXIS2_PLACEMENT_3D('',#6718,#6719,#6720);
#6718 = CARTESIAN_POINT('',(-39.,-54.39,152.5));
#6719 = DIRECTION('',(0.,1.,0.));
#6720 = DIRECTION('',(0.,0.,1.));
#6721 = ORIENTED_EDGE('',*,*,#6707,.T.);
#6722 = CYLINDRICAL_SURFACE('',#6723,1.1);
#6723 = AXIS2_PLACEMENT_3D('',#6724,#6725,#6726);
#6724 = CARTESIAN_POINT('',(-39.,-54.39,152.5));
#6725 = DIRECTION('',(-0.,-1.,-0.));
#6726 = DIRECTION('',(0.,0.,1.));
#6727 = ADVANCED_FACE('',(#6728),#6747,.F.);
#6728 = FACE_BOUND('',#6729,.T.);
#6729 = EDGE_LOOP('',(#6730,#6731,#6739,#6746));
#6730 = ORIENTED_EDGE('',*,*,#5705,.F.);
#6731 = ORIENTED_EDGE('',*,*,#6732,.F.);
#6732 = EDGE_CURVE('',#6733,#5706,#6735,.T.);
#6733 = VERTEX_POINT('',#6734);
#6734 = CARTESIAN_POINT('',(19.,-54.39,104.6));
#6735 = LINE('',#6736,#6737);
#6736 = CARTESIAN_POINT('',(19.,-54.39,104.6));
#6737 = VECTOR('',#6738,1.);
#6738 = DIRECTION('',(-0.,-1.,-0.));
#6739 = ORIENTED_EDGE('',*,*,#6740,.T.);
#6740 = EDGE_CURVE('',#6733,#6733,#6741,.T.);
#6741 = CIRCLE('',#6742,1.1);
#6742 = AXIS2_PLACEMENT_3D('',#6743,#6744,#6745);
#6743 = CARTESIAN_POINT('',(19.,-54.39,103.5));
#6744 = DIRECTION('',(0.,1.,0.));
#6745 = DIRECTION('',(0.,0.,1.));
#6746 = ORIENTED_EDGE('',*,*,#6732,.T.);
#6747 = CYLINDRICAL_SURFACE('',#6748,1.1);
#6748 = AXIS2_PLACEMENT_3D('',#6749,#6750,#6751);
#6749 = CARTESIAN_POINT('',(19.,-54.39,103.5));
#6750 = DIRECTION('',(-0.,-1.,-0.));
#6751 = DIRECTION('',(0.,0.,1.));
#6752 = ADVANCED_FACE('',(#6753),#6772,.F.);
#6753 = FACE_BOUND('',#6754,.T.);
#6754 = EDGE_LOOP('',(#6755,#6756,#6764,#6771));
#6755 = ORIENTED_EDGE('',*,*,#5725,.F.);
#6756 = ORIENTED_EDGE('',*,*,#6757,.F.);
#6757 = EDGE_CURVE('',#6758,#5726,#6760,.T.);
#6758 = VERTEX_POINT('',#6759);
#6759 = CARTESIAN_POINT('',(19.,-54.39,153.6));
#6760 = LINE('',#6761,#6762);
#6761 = CARTESIAN_POINT('',(19.,-54.39,153.6));
#6762 = VECTOR('',#6763,1.);
#6763 = DIRECTION('',(-0.,-1.,-0.));
#6764 = ORIENTED_EDGE('',*,*,#6765,.T.);
#6765 = EDGE_CURVE('',#6758,#6758,#6766,.T.);
#6766 = CIRCLE('',#6767,1.1);
#6767 = AXIS2_PLACEMENT_3D('',#6768,#6769,#6770);
#6768 = CARTESIAN_POINT('',(19.,-54.39,152.5));
#6769 = DIRECTION('',(0.,1.,0.));
#6770 = DIRECTION('',(0.,0.,1.));
#6771 = ORIENTED_EDGE('',*,*,#6757,.T.);
#6772 = CYLINDRICAL_SURFACE('',#6773,1.1);
#6773 = AXIS2_PLACEMENT_3D('',#6774,#6775,#6776);
#6774 = CARTESIAN_POINT('',(19.,-54.39,152.5));
#6775 = DIRECTION('',(-0.,-1.,-0.));
#6776 = DIRECTION('',(0.,0.,1.));
#6777 = ADVANCED_FACE('',(#6778),#6804,.T.);
#6778 = FACE_BOUND('',#6779,.F.);
#6779 = EDGE_LOOP('',(#6780,#6788,#6789,#6797));
#6780 = ORIENTED_EDGE('',*,*,#6781,.F.);
#6781 = EDGE_CURVE('',#5303,#6782,#6784,.T.);
#6782 = VERTEX_POINT('',#6783);
#6783 = CARTESIAN_POINT('',(-45.5,-99.39,160.25166852264));
#6784 = LINE('',#6785,#6786);
#6785 = CARTESIAN_POINT('',(-45.5,-99.39,92.5));
#6786 = VECTOR('',#6787,1.);
#6787 = DIRECTION('',(0.,0.,1.));
#6788 = ORIENTED_EDGE('',*,*,#5815,.T.);
#6789 = ORIENTED_EDGE('',*,*,#6790,.F.);
#6790 = EDGE_CURVE('',#6791,#5320,#6793,.T.);
#6791 = VERTEX_POINT('',#6792);
#6792 = CARTESIAN_POINT('',(-45.5,-99.39,161.74833147735));
#6793 = LINE('',#6794,#6795);
#6794 = CARTESIAN_POINT('',(-45.5,-99.39,92.5));
#6795 = VECTOR('',#6796,1.);
#6796 = DIRECTION('',(0.,0.,1.));
#6797 = ORIENTED_EDGE('',*,*,#6798,.F.);
#6798 = EDGE_CURVE('',#6782,#6791,#6799,.T.);
#6799 = CIRCLE('',#6800,0.9);
#6800 = AXIS2_PLACEMENT_3D('',#6801,#6802,#6803);
#6801 = CARTESIAN_POINT('',(-45.,-99.39,161.));
#6802 = DIRECTION('',(0.,1.,0.));
#6803 = DIRECTION('',(0.,0.,1.));
#6804 = PLANE('',#6805);
#6805 = AXIS2_PLACEMENT_3D('',#6806,#6807,#6808);
#6806 = CARTESIAN_POINT('',(-45.,-99.39,161.));
#6807 = DIRECTION('',(-0.,-1.,-0.));
#6808 = DIRECTION('',(0.,0.,-1.));
#6809 = ADVANCED_FACE('',(#6810),#6861,.F.);
#6810 = FACE_BOUND('',#6811,.T.);
#6811 = EDGE_LOOP('',(#6812,#6822,#6831,#6837,#6838,#6846,#6853,#6854));
#6812 = ORIENTED_EDGE('',*,*,#6813,.T.);
#6813 = EDGE_CURVE('',#6814,#6816,#6818,.T.);
#6814 = VERTEX_POINT('',#6815);
#6815 = CARTESIAN_POINT('',(-45.,-94.39,161.9));
#6816 = VERTEX_POINT('',#6817);
#6817 = CARTESIAN_POINT('',(-45.,-99.69,161.9));
#6818 = LINE('',#6819,#6820);
#6819 = CARTESIAN_POINT('',(-45.,-94.19,161.9));
#6820 = VECTOR('',#6821,1.);
#6821 = DIRECTION('',(-0.,-1.,-0.));
#6822 = ORIENTED_EDGE('',*,*,#6823,.F.);
#6823 = EDGE_CURVE('',#6824,#6816,#6826,.T.);
#6824 = VERTEX_POINT('',#6825);
#6825 = CARTESIAN_POINT('',(-45.5,-99.69,161.74833147735));
#6826 = CIRCLE('',#6827,0.9);
#6827 = AXIS2_PLACEMENT_3D('',#6828,#6829,#6830);
#6828 = CARTESIAN_POINT('',(-45.,-99.69,161.));
#6829 = DIRECTION('',(0.,1.,0.));
#6830 = DIRECTION('',(0.,0.,1.));
#6831 = ORIENTED_EDGE('',*,*,#6832,.F.);
#6832 = EDGE_CURVE('',#6791,#6824,#6833,.T.);
#6833 = LINE('',#6834,#6835);
#6834 = CARTESIAN_POINT('',(-45.5,-94.19,161.74833147735));
#6835 = VECTOR('',#6836,1.);
#6836 = DIRECTION('',(-0.,-1.,-0.));
#6837 = ORIENTED_EDGE('',*,*,#6798,.F.);
#6838 = ORIENTED_EDGE('',*,*,#6839,.T.);
#6839 = EDGE_CURVE('',#6782,#6840,#6842,.T.);
#6840 = VERTEX_POINT('',#6841);
#6841 = CARTESIAN_POINT('',(-45.5,-99.69,160.25166852264));
#6842 = LINE('',#6843,#6844);
#6843 = CARTESIAN_POINT('',(-45.5,-94.19,160.25166852264));
#6844 = VECTOR('',#6845,1.);
#6845 = DIRECTION('',(-0.,-1.,-0.));
#6846 = ORIENTED_EDGE('',*,*,#6847,.F.);
#6847 = EDGE_CURVE('',#6816,#6840,#6848,.T.);
#6848 = CIRCLE('',#6849,0.9);
#6849 = AXIS2_PLACEMENT_3D('',#6850,#6851,#6852);
#6850 = CARTESIAN_POINT('',(-45.,-99.69,161.));
#6851 = DIRECTION('',(0.,1.,0.));
#6852 = DIRECTION('',(0.,0.,1.));
#6853 = ORIENTED_EDGE('',*,*,#6813,.F.);
#6854 = ORIENTED_EDGE('',*,*,#6855,.T.);
#6855 = EDGE_CURVE('',#6814,#6814,#6856,.T.);
#6856 = CIRCLE('',#6857,0.9);
#6857 = AXIS2_PLACEMENT_3D('',#6858,#6859,#6860);
#6858 = CARTESIAN_POINT('',(-45.,-94.39,161.));
#6859 = DIRECTION('',(0.,1.,0.));
#6860 = DIRECTION('',(0.,0.,1.));
#6861 = CYLINDRICAL_SURFACE('',#6862,0.9);
#6862 = AXIS2_PLACEMENT_3D('',#6863,#6864,#6865);
#6863 = CARTESIAN_POINT('',(-45.,-94.19,161.));
#6864 = DIRECTION('',(-0.,-1.,-0.));
#6865 = DIRECTION('',(0.,0.,1.));
#6866 = ADVANCED_FACE('',(#6867),#6877,.F.);
#6867 = FACE_BOUND('',#6868,.T.);
#6868 = EDGE_LOOP('',(#6869,#6870,#6871));
#6869 = ORIENTED_EDGE('',*,*,#6823,.T.);
#6870 = ORIENTED_EDGE('',*,*,#6847,.T.);
#6871 = ORIENTED_EDGE('',*,*,#6872,.T.);
#6872 = EDGE_CURVE('',#6840,#6824,#6873,.T.);
#6873 = LINE('',#6874,#6875);
#6874 = CARTESIAN_POINT('',(-45.5,-99.69,126.75));
#6875 = VECTOR('',#6876,1.);
#6876 = DIRECTION('',(0.,0.,1.));
#6877 = PLANE('',#6878);
#6878 = AXIS2_PLACEMENT_3D('',#6879,#6880,#6881);
#6879 = CARTESIAN_POINT('',(-45.,-99.69,161.));
#6880 = DIRECTION('',(-0.,-1.,-0.));
#6881 = DIRECTION('',(0.,0.,-1.));
#6882 = ADVANCED_FACE('',(#6883),#6909,.T.);
#6883 = FACE_BOUND('',#6884,.F.);
#6884 = EDGE_LOOP('',(#6885,#6893,#6894,#6902));
#6885 = ORIENTED_EDGE('',*,*,#6886,.F.);
#6886 = EDGE_CURVE('',#5329,#6887,#6889,.T.);
#6887 = VERTEX_POINT('',#6888);
#6888 = CARTESIAN_POINT('',(-45.5,-99.39,190.25166852264));
#6889 = LINE('',#6890,#6891);
#6890 = CARTESIAN_POINT('',(-45.5,-99.39,92.5));
#6891 = VECTOR('',#6892,1.);
#6892 = DIRECTION('',(0.,0.,1.));
#6893 = ORIENTED_EDGE('',*,*,#5782,.T.);
#6894 = ORIENTED_EDGE('',*,*,#6895,.F.);
#6895 = EDGE_CURVE('',#6896,#5346,#6898,.T.);
#6896 = VERTEX_POINT('',#6897);
#6897 = CARTESIAN_POINT('',(-45.5,-99.39,191.74833147735));
#6898 = LINE('',#6899,#6900);
#6899 = CARTESIAN_POINT('',(-45.5,-99.39,92.5));
#6900 = VECTOR('',#6901,1.);
#6901 = DIRECTION('',(0.,0.,1.));
#6902 = ORIENTED_EDGE('',*,*,#6903,.F.);
#6903 = EDGE_CURVE('',#6887,#6896,#6904,.T.);
#6904 = CIRCLE('',#6905,0.9);
#6905 = AXIS2_PLACEMENT_3D('',#6906,#6907,#6908);
#6906 = CARTESIAN_POINT('',(-45.,-99.39,191.));
#6907 = DIRECTION('',(0.,1.,0.));
#6908 = DIRECTION('',(0.,0.,1.));
#6909 = PLANE('',#6910);
#6910 = AXIS2_PLACEMENT_3D('',#6911,#6912,#6913);
#6911 = CARTESIAN_POINT('',(-45.,-99.39,191.));
#6912 = DIRECTION('',(-0.,-1.,-0.));
#6913 = DIRECTION('',(0.,0.,-1.));
#6914 = ADVANCED_FACE('',(#6915),#6966,.F.);
#6915 = FACE_BOUND('',#6916,.T.);
#6916 = EDGE_LOOP('',(#6917,#6927,#6936,#6942,#6943,#6951,#6958,#6959));
#6917 = ORIENTED_EDGE('',*,*,#6918,.T.);
#6918 = EDGE_CURVE('',#6919,#6921,#6923,.T.);
#6919 = VERTEX_POINT('',#6920);
#6920 = CARTESIAN_POINT('',(-45.,-94.39,191.9));
#6921 = VERTEX_POINT('',#6922);
#6922 = CARTESIAN_POINT('',(-45.,-99.69,191.9));
#6923 = LINE('',#6924,#6925);
#6924 = CARTESIAN_POINT('',(-45.,-94.19,191.9));
#6925 = VECTOR('',#6926,1.);
#6926 = DIRECTION('',(-0.,-1.,-0.));
#6927 = ORIENTED_EDGE('',*,*,#6928,.F.);
#6928 = EDGE_CURVE('',#6929,#6921,#6931,.T.);
#6929 = VERTEX_POINT('',#6930);
#6930 = CARTESIAN_POINT('',(-45.5,-99.69,191.74833147735));
#6931 = CIRCLE('',#6932,0.9);
#6932 = AXIS2_PLACEMENT_3D('',#6933,#6934,#6935);
#6933 = CARTESIAN_POINT('',(-45.,-99.69,191.));
#6934 = DIRECTION('',(0.,1.,0.));
#6935 = DIRECTION('',(0.,0.,1.));
#6936 = ORIENTED_EDGE('',*,*,#6937,.F.);
#6937 = EDGE_CURVE('',#6896,#6929,#6938,.T.);
#6938 = LINE('',#6939,#6940);
#6939 = CARTESIAN_POINT('',(-45.5,-94.19,191.74833147735));
#6940 = VECTOR('',#6941,1.);
#6941 = DIRECTION('',(-0.,-1.,-0.));
#6942 = ORIENTED_EDGE('',*,*,#6903,.F.);
#6943 = ORIENTED_EDGE('',*,*,#6944,.T.);
#6944 = EDGE_CURVE('',#6887,#6945,#6947,.T.);
#6945 = VERTEX_POINT('',#6946);
#6946 = CARTESIAN_POINT('',(-45.5,-99.69,190.25166852264));
#6947 = LINE('',#6948,#6949);
#6948 = CARTESIAN_POINT('',(-45.5,-94.19,190.25166852264));
#6949 = VECTOR('',#6950,1.);
#6950 = DIRECTION('',(-0.,-1.,-0.));
#6951 = ORIENTED_EDGE('',*,*,#6952,.F.);
#6952 = EDGE_CURVE('',#6921,#6945,#6953,.T.);
#6953 = CIRCLE('',#6954,0.9);
#6954 = AXIS2_PLACEMENT_3D('',#6955,#6956,#6957);
#6955 = CARTESIAN_POINT('',(-45.,-99.69,191.));
#6956 = DIRECTION('',(0.,1.,0.));
#6957 = DIRECTION('',(0.,0.,1.));
#6958 = ORIENTED_EDGE('',*,*,#6918,.F.);
#6959 = ORIENTED_EDGE('',*,*,#6960,.T.);
#6960 = EDGE_CURVE('',#6919,#6919,#6961,.T.);
#6961 = CIRCLE('',#6962,0.9);
#6962 = AXIS2_PLACEMENT_3D('',#6963,#6964,#6965);
#6963 = CARTESIAN_POINT('',(-45.,-94.39,191.));
#6964 = DIRECTION('',(0.,1.,0.));
#6965 = DIRECTION('',(0.,0.,1.));
#6966 = CYLINDRICAL_SURFACE('',#6967,0.9);
#6967 = AXIS2_PLACEMENT_3D('',#6968,#6969,#6970);
#6968 = CARTESIAN_POINT('',(-45.,-94.19,191.));
#6969 = DIRECTION('',(-0.,-1.,-0.));
#6970 = DIRECTION('',(0.,0.,1.));
#6971 = ADVANCED_FACE('',(#6972),#6982,.F.);
#6972 = FACE_BOUND('',#6973,.T.);
#6973 = EDGE_LOOP('',(#6974,#6975,#6976));
#6974 = ORIENTED_EDGE('',*,*,#6928,.T.);
#6975 = ORIENTED_EDGE('',*,*,#6952,.T.);
#6976 = ORIENTED_EDGE('',*,*,#6977,.T.);
#6977 = EDGE_CURVE('',#6945,#6929,#6978,.T.);
#6978 = LINE('',#6979,#6980);
#6979 = CARTESIAN_POINT('',(-45.5,-99.69,141.75));
#6980 = VECTOR('',#6981,1.);
#6981 = DIRECTION('',(0.,0.,1.));
#6982 = PLANE('',#6983);
#6983 = AXIS2_PLACEMENT_3D('',#6984,#6985,#6986);
#6984 = CARTESIAN_POINT('',(-45.,-99.69,191.));
#6985 = DIRECTION('',(-0.,-1.,-0.));
#6986 = DIRECTION('',(0.,0.,-1.));
#6987 = ADVANCED_FACE('',(#6988,#6991),#6994,.F.);
#6988 = FACE_BOUND('',#6989,.T.);
#6989 = EDGE_LOOP('',(#6990));
#6990 = ORIENTED_EDGE('',*,*,#5791,.T.);
#6991 = FACE_BOUND('',#6992,.T.);
#6992 = EDGE_LOOP('',(#6993));
#6993 = ORIENTED_EDGE('',*,*,#6960,.F.);
#6994 = PLANE('',#6995);
#6995 = AXIS2_PLACEMENT_3D('',#6996,#6997,#6998);
#6996 = CARTESIAN_POINT('',(-45.,-94.39,191.));
#6997 = DIRECTION('',(-0.,-1.,-0.));
#6998 = DIRECTION('',(0.,0.,-1.));
#6999 = ADVANCED_FACE('',(#7000,#7003),#7006,.F.);
#7000 = FACE_BOUND('',#7001,.T.);
#7001 = EDGE_LOOP('',(#7002));
#7002 = ORIENTED_EDGE('',*,*,#5824,.T.);
#7003 = FACE_BOUND('',#7004,.T.);
#7004 = EDGE_LOOP('',(#7005));
#7005 = ORIENTED_EDGE('',*,*,#6855,.F.);
#7006 = PLANE('',#7007);
#7007 = AXIS2_PLACEMENT_3D('',#7008,#7009,#7010);
#7008 = CARTESIAN_POINT('',(-45.,-94.39,161.));
#7009 = DIRECTION('',(-0.,-1.,-0.));
#7010 = DIRECTION('',(0.,0.,-1.));
#7011 = ADVANCED_FACE('',(#7012,#7015),#7026,.F.);
#7012 = FACE_BOUND('',#7013,.T.);
#7013 = EDGE_LOOP('',(#7014));
#7014 = ORIENTED_EDGE('',*,*,#6640,.T.);
#7015 = FACE_BOUND('',#7016,.T.);
#7016 = EDGE_LOOP('',(#7017));
#7017 = ORIENTED_EDGE('',*,*,#7018,.F.);
#7018 = EDGE_CURVE('',#7019,#7019,#7021,.T.);
#7019 = VERTEX_POINT('',#7020);
#7020 = CARTESIAN_POINT('',(7.,-94.39,161.9));
#7021 = CIRCLE('',#7022,0.9);
#7022 = AXIS2_PLACEMENT_3D('',#7023,#7024,#7025);
#7023 = CARTESIAN_POINT('',(7.,-94.39,161.));
#7024 = DIRECTION('',(0.,1.,0.));
#7025 = DIRECTION('',(0.,0.,1.));
#7026 = PLANE('',#7027);
#7027 = AXIS2_PLACEMENT_3D('',#7028,#7029,#7030);
#7028 = CARTESIAN_POINT('',(7.,-94.39,161.));
#7029 = DIRECTION('',(-0.,-1.,-0.));
#7030 = DIRECTION('',(0.,0.,-1.));
#7031 = ADVANCED_FACE('',(#7032,#7035),#7046,.F.);
#7032 = FACE_BOUND('',#7033,.T.);
#7033 = EDGE_LOOP('',(#7034));
#7034 = ORIENTED_EDGE('',*,*,#6665,.T.);
#7035 = FACE_BOUND('',#7036,.T.);
#7036 = EDGE_LOOP('',(#7037));
#7037 = ORIENTED_EDGE('',*,*,#7038,.F.);
#7038 = EDGE_CURVE('',#7039,#7039,#7041,.T.);
#7039 = VERTEX_POINT('',#7040);
#7040 = CARTESIAN_POINT('',(7.,-94.39,191.9));
#7041 = CIRCLE('',#7042,0.9);
#7042 = AXIS2_PLACEMENT_3D('',#7043,#7044,#7045);
#7043 = CARTESIAN_POINT('',(7.,-94.39,191.));
#7044 = DIRECTION('',(0.,1.,0.));
#7045 = DIRECTION('',(0.,0.,1.));
#7046 = PLANE('',#7047);
#7047 = AXIS2_PLACEMENT_3D('',#7048,#7049,#7050);
#7048 = CARTESIAN_POINT('',(7.,-94.39,191.));
#7049 = DIRECTION('',(-0.,-1.,-0.));
#7050 = DIRECTION('',(0.,0.,-1.));
#7051 = ADVANCED_FACE('',(#7052),#7055,.T.);
#7052 = FACE_BOUND('',#7053,.T.);
#7053 = EDGE_LOOP('',(#7054));
#7054 = ORIENTED_EDGE('',*,*,#6690,.F.);
#7055 = PLANE('',#7056);
#7056 = AXIS2_PLACEMENT_3D('',#7057,#7058,#7059);
#7057 = CARTESIAN_POINT('',(-39.,-54.39,103.5));
#7058 = DIRECTION('',(-0.,-1.,-0.));
#7059 = DIRECTION('',(0.,0.,-1.));
#7060 = ADVANCED_FACE('',(#7061),#7064,.T.);
#7061 = FACE_BOUND('',#7062,.T.);
#7062 = EDGE_LOOP('',(#7063));
#7063 = ORIENTED_EDGE('',*,*,#6715,.F.);
#7064 = PLANE('',#7065);
#7065 = AXIS2_PLACEMENT_3D('',#7066,#7067,#7068);
#7066 = CARTESIAN_POINT('',(-39.,-54.39,152.5));
#7067 = DIRECTION('',(-0.,-1.,-0.));
#7068 = DIRECTION('',(0.,0.,-1.));
#7069 = ADVANCED_FACE('',(#7070),#7073,.T.);
#7070 = FACE_BOUND('',#7071,.T.);
#7071 = EDGE_LOOP('',(#7072));
#7072 = ORIENTED_EDGE('',*,*,#6740,.F.);
#7073 = PLANE('',#7074);
#7074 = AXIS2_PLACEMENT_3D('',#7075,#7076,#7077);
#7075 = CARTESIAN_POINT('',(19.,-54.39,103.5));
#7076 = DIRECTION('',(-0.,-1.,-0.));
#7077 = DIRECTION('',(0.,0.,-1.));
#7078 = ADVANCED_FACE('',(#7079),#7082,.T.);
#7079 = FACE_BOUND('',#7080,.T.);
#7080 = EDGE_LOOP('',(#7081));
#7081 = ORIENTED_EDGE('',*,*,#6765,.F.);
#7082 = PLANE('',#7083);
#7083 = AXIS2_PLACEMENT_3D('',#7084,#7085,#7086);
#7084 = CARTESIAN_POINT('',(19.,-54.39,152.5));
#7085 = DIRECTION('',(-0.,-1.,-0.));
#7086 = DIRECTION('',(0.,0.,-1.));
#7087 = ADVANCED_FACE('',(#7088),#7107,.F.);
#7088 = FACE_BOUND('',#7089,.T.);
#7089 = EDGE_LOOP('',(#7090,#7098,#7105,#7106));
#7090 = ORIENTED_EDGE('',*,*,#7091,.T.);
#7091 = EDGE_CURVE('',#7019,#7092,#7094,.T.);
#7092 = VERTEX_POINT('',#7093);
#7093 = CARTESIAN_POINT('',(7.,-99.69,161.9));
#7094 = LINE('',#7095,#7096);
#7095 = CARTESIAN_POINT('',(7.,-94.19,161.9));
#7096 = VECTOR('',#7097,1.);
#7097 = DIRECTION('',(-0.,-1.,-0.));
#7098 = ORIENTED_EDGE('',*,*,#7099,.F.);
#7099 = EDGE_CURVE('',#7092,#7092,#7100,.T.);
#7100 = CIRCLE('',#7101,0.9);
#7101 = AXIS2_PLACEMENT_3D('',#7102,#7103,#7104);
#7102 = CARTESIAN_POINT('',(7.,-99.69,161.));
#7103 = DIRECTION('',(0.,1.,0.));
#7104 = DIRECTION('',(0.,0.,1.));
#7105 = ORIENTED_EDGE('',*,*,#7091,.F.);
#7106 = ORIENTED_EDGE('',*,*,#7018,.T.);
#7107 = CYLINDRICAL_SURFACE('',#7108,0.9);
#7108 = AXIS2_PLACEMENT_3D('',#7109,#7110,#7111);
#7109 = CARTESIAN_POINT('',(7.,-94.19,161.));
#7110 = DIRECTION('',(-0.,-1.,-0.));
#7111 = DIRECTION('',(0.,0.,1.));
#7112 = ADVANCED_FACE('',(#7113),#7132,.F.);
#7113 = FACE_BOUND('',#7114,.T.);
#7114 = EDGE_LOOP('',(#7115,#7123,#7130,#7131));
#7115 = ORIENTED_EDGE('',*,*,#7116,.T.);
#7116 = EDGE_CURVE('',#7039,#7117,#7119,.T.);
#7117 = VERTEX_POINT('',#7118);
#7118 = CARTESIAN_POINT('',(7.,-99.69,191.9));
#7119 = LINE('',#7120,#7121);
#7120 = CARTESIAN_POINT('',(7.,-94.19,191.9));
#7121 = VECTOR('',#7122,1.);
#7122 = DIRECTION('',(-0.,-1.,-0.));
#7123 = ORIENTED_EDGE('',*,*,#7124,.F.);
#7124 = EDGE_CURVE('',#7117,#7117,#7125,.T.);
#7125 = CIRCLE('',#7126,0.9);
#7126 = AXIS2_PLACEMENT_3D('',#7127,#7128,#7129);
#7127 = CARTESIAN_POINT('',(7.,-99.69,191.));
#7128 = DIRECTION('',(0.,1.,0.));
#7129 = DIRECTION('',(0.,0.,1.));
#7130 = ORIENTED_EDGE('',*,*,#7116,.F.);
#7131 = ORIENTED_EDGE('',*,*,#7038,.T.);
#7132 = CYLINDRICAL_SURFACE('',#7133,0.9);
#7133 = AXIS2_PLACEMENT_3D('',#7134,#7135,#7136);
#7134 = CARTESIAN_POINT('',(7.,-94.19,191.));
#7135 = DIRECTION('',(-0.,-1.,-0.));
#7136 = DIRECTION('',(0.,0.,1.));
#7137 = ADVANCED_FACE('',(#7138),#7141,.F.);
#7138 = FACE_BOUND('',#7139,.T.);
#7139 = EDGE_LOOP('',(#7140));
#7140 = ORIENTED_EDGE('',*,*,#7099,.T.);
#7141 = PLANE('',#7142);
#7142 = AXIS2_PLACEMENT_3D('',#7143,#7144,#7145);
#7143 = CARTESIAN_POINT('',(7.,-99.69,161.));
#7144 = DIRECTION('',(-0.,-1.,-0.));
#7145 = DIRECTION('',(0.,0.,-1.));
#7146 = ADVANCED_FACE('',(#7147),#7150,.F.);
#7147 = FACE_BOUND('',#7148,.T.);
#7148 = EDGE_LOOP('',(#7149));
#7149 = ORIENTED_EDGE('',*,*,#7124,.T.);
#7150 = PLANE('',#7151);
#7151 = AXIS2_PLACEMENT_3D('',#7152,#7153,#7154);
#7152 = CARTESIAN_POINT('',(7.,-99.69,191.));
#7153 = DIRECTION('',(-0.,-1.,-0.));
#7154 = DIRECTION('',(0.,0.,-1.));
#7155 = ADVANCED_FACE('',(#7156,#7172),#7175,.F.);
#7156 = FACE_BOUND('',#7157,.F.);
#7157 = EDGE_LOOP('',(#7158,#7164,#7165,#7171));
#7158 = ORIENTED_EDGE('',*,*,#7159,.T.);
#7159 = EDGE_CURVE('',#4539,#4793,#7160,.T.);
#7160 = LINE('',#7161,#7162);
#7161 = CARTESIAN_POINT('',(-48.7,-50.89,92.5));
#7162 = VECTOR('',#7163,1.);
#7163 = DIRECTION('',(1.,0.,0.));
#7164 = ORIENTED_EDGE('',*,*,#4792,.T.);
#7165 = ORIENTED_EDGE('',*,*,#7166,.F.);
#7166 = EDGE_CURVE('',#4541,#4795,#7167,.T.);
#7167 = LINE('',#7168,#7169);
#7168 = CARTESIAN_POINT('',(-48.7,-50.89,198.7));
#7169 = VECTOR('',#7170,1.);
#7170 = DIRECTION('',(1.,0.,0.));
#7171 = ORIENTED_EDGE('',*,*,#4538,.F.);
#7172 = FACE_BOUND('',#7173,.T.);
#7173 = EDGE_LOOP('',(#7174));
#7174 = ORIENTED_EDGE('',*,*,#4832,.F.);
#7175 = PLANE('',#7176);
#7176 = AXIS2_PLACEMENT_3D('',#7177,#7178,#7179);
#7177 = CARTESIAN_POINT('',(-48.7,-50.89,92.5));
#7178 = DIRECTION('',(-0.,-1.,-0.));
#7179 = DIRECTION('',(0.,0.,-1.));
#7180 = ADVANCED_FACE('',(#7181,#7195,#7206),#7217,.T.);
#7181 = FACE_BOUND('',#7182,.F.);
#7182 = EDGE_LOOP('',(#7183,#7184,#7185,#7186,#7187,#7188,#7189,#7190,
    #7191,#7192,#7193,#7194));
#7183 = ORIENTED_EDGE('',*,*,#4564,.F.);
#7184 = ORIENTED_EDGE('',*,*,#7166,.T.);
#7185 = ORIENTED_EDGE('',*,*,#4809,.T.);
#7186 = ORIENTED_EDGE('',*,*,#4588,.F.);
#7187 = ORIENTED_EDGE('',*,*,#4865,.T.);
#7188 = ORIENTED_EDGE('',*,*,#5227,.F.);
#7189 = ORIENTED_EDGE('',*,*,#4913,.F.);
#7190 = ORIENTED_EDGE('',*,*,#4707,.F.);
#7191 = ORIENTED_EDGE('',*,*,#4944,.T.);
#7192 = ORIENTED_EDGE('',*,*,#5210,.F.);
#7193 = ORIENTED_EDGE('',*,*,#5046,.F.);
#7194 = ORIENTED_EDGE('',*,*,#4675,.F.);
#7195 = FACE_BOUND('',#7196,.F.);
#7196 = EDGE_LOOP('',(#7197));
#7197 = ORIENTED_EDGE('',*,*,#7198,.F.);
#7198 = EDGE_CURVE('',#7199,#7199,#7201,.T.);
#7199 = VERTEX_POINT('',#7200);
#7200 = CARTESIAN_POINT('',(-38.9,-61.39,198.7));
#7201 = CIRCLE('',#7202,3.1);
#7202 = AXIS2_PLACEMENT_3D('',#7203,#7204,#7205);
#7203 = CARTESIAN_POINT('',(-42.,-61.39,198.7));
#7204 = DIRECTION('',(0.,0.,-1.));
#7205 = DIRECTION('',(1.,0.,0.));
#7206 = FACE_BOUND('',#7207,.F.);
#7207 = EDGE_LOOP('',(#7208));
#7208 = ORIENTED_EDGE('',*,*,#7209,.F.);
#7209 = EDGE_CURVE('',#7210,#7210,#7212,.T.);
#7210 = VERTEX_POINT('',#7211);
#7211 = CARTESIAN_POINT('',(45.1,-61.39,198.7));
#7212 = CIRCLE('',#7213,3.1);
#7213 = AXIS2_PLACEMENT_3D('',#7214,#7215,#7216);
#7214 = CARTESIAN_POINT('',(42.,-61.39,198.7));
#7215 = DIRECTION('',(0.,0.,-1.));
#7216 = DIRECTION('',(1.,0.,0.));
#7217 = PLANE('',#7218);
#7218 = AXIS2_PLACEMENT_3D('',#7219,#7220,#7221);
#7219 = CARTESIAN_POINT('',(4.835559050409E-16,-54.54192153723,198.7));
#7220 = DIRECTION('',(0.,0.,1.));
#7221 = DIRECTION('',(-1.,0.,0.));
#7222 = ADVANCED_FACE('',(#7223),#7242,.F.);
#7223 = FACE_BOUND('',#7224,.T.);
#7224 = EDGE_LOOP('',(#7225,#7226,#7234,#7241));
#7225 = ORIENTED_EDGE('',*,*,#7198,.F.);
#7226 = ORIENTED_EDGE('',*,*,#7227,.F.);
#7227 = EDGE_CURVE('',#7228,#7199,#7230,.T.);
#7228 = VERTEX_POINT('',#7229);
#7229 = CARTESIAN_POINT('',(-38.9,-61.39,196.51));
#7230 = LINE('',#7231,#7232);
#7231 = CARTESIAN_POINT('',(-38.9,-61.39,196.51));
#7232 = VECTOR('',#7233,1.);
#7233 = DIRECTION('',(0.,0.,1.));
#7234 = ORIENTED_EDGE('',*,*,#7235,.T.);
#7235 = EDGE_CURVE('',#7228,#7228,#7236,.T.);
#7236 = CIRCLE('',#7237,3.1);
#7237 = AXIS2_PLACEMENT_3D('',#7238,#7239,#7240);
#7238 = CARTESIAN_POINT('',(-42.,-61.39,196.51));
#7239 = DIRECTION('',(0.,0.,-1.));
#7240 = DIRECTION('',(1.,0.,0.));
#7241 = ORIENTED_EDGE('',*,*,#7227,.T.);
#7242 = CYLINDRICAL_SURFACE('',#7243,3.1);
#7243 = AXIS2_PLACEMENT_3D('',#7244,#7245,#7246);
#7244 = CARTESIAN_POINT('',(-42.,-61.39,196.51));
#7245 = DIRECTION('',(0.,0.,1.));
#7246 = DIRECTION('',(1.,0.,0.));
#7247 = ADVANCED_FACE('',(#7248),#7251,.T.);
#7248 = FACE_BOUND('',#7249,.T.);
#7249 = EDGE_LOOP('',(#7250));
#7250 = ORIENTED_EDGE('',*,*,#7235,.F.);
#7251 = PLANE('',#7252);
#7252 = AXIS2_PLACEMENT_3D('',#7253,#7254,#7255);
#7253 = CARTESIAN_POINT('',(-42.,-61.39,196.51));
#7254 = DIRECTION('',(0.,0.,1.));
#7255 = DIRECTION('',(-1.,0.,0.));
#7256 = ADVANCED_FACE('',(#7257),#7276,.F.);
#7257 = FACE_BOUND('',#7258,.T.);
#7258 = EDGE_LOOP('',(#7259,#7260,#7268,#7275));
#7259 = ORIENTED_EDGE('',*,*,#7209,.F.);
#7260 = ORIENTED_EDGE('',*,*,#7261,.F.);
#7261 = EDGE_CURVE('',#7262,#7210,#7264,.T.);
#7262 = VERTEX_POINT('',#7263);
#7263 = CARTESIAN_POINT('',(45.1,-61.39,196.51));
#7264 = LINE('',#7265,#7266);
#7265 = CARTESIAN_POINT('',(45.1,-61.39,196.51));
#7266 = VECTOR('',#7267,1.);
#7267 = DIRECTION('',(0.,0.,1.));
#7268 = ORIENTED_EDGE('',*,*,#7269,.T.);
#7269 = EDGE_CURVE('',#7262,#7262,#7270,.T.);
#7270 = CIRCLE('',#7271,3.1);
#7271 = AXIS2_PLACEMENT_3D('',#7272,#7273,#7274);
#7272 = CARTESIAN_POINT('',(42.,-61.39,196.51));
#7273 = DIRECTION('',(0.,0.,-1.));
#7274 = DIRECTION('',(1.,0.,0.));
#7275 = ORIENTED_EDGE('',*,*,#7261,.T.);
#7276 = CYLINDRICAL_SURFACE('',#7277,3.1);
#7277 = AXIS2_PLACEMENT_3D('',#7278,#7279,#7280);
#7278 = CARTESIAN_POINT('',(42.,-61.39,196.51));
#7279 = DIRECTION('',(0.,0.,1.));
#7280 = DIRECTION('',(1.,0.,0.));
#7281 = ADVANCED_FACE('',(#7282),#7285,.T.);
#7282 = FACE_BOUND('',#7283,.T.);
#7283 = EDGE_LOOP('',(#7284));
#7284 = ORIENTED_EDGE('',*,*,#7269,.F.);
#7285 = PLANE('',#7286);
#7286 = AXIS2_PLACEMENT_3D('',#7287,#7288,#7289);
#7287 = CARTESIAN_POINT('',(42.,-61.39,196.51));
#7288 = DIRECTION('',(0.,0.,1.));
#7289 = DIRECTION('',(-1.,0.,0.));
#7290 = ADVANCED_FACE('',(#7291,#7352),#7358,.T.);
#7291 = FACE_BOUND('',#7292,.F.);
#7292 = EDGE_LOOP('',(#7293,#7294,#7302,#7310,#7318,#7326,#7334,#7342,
    #7348,#7349,#7350,#7351));
#7293 = ORIENTED_EDGE('',*,*,#4668,.T.);
#7294 = ORIENTED_EDGE('',*,*,#7295,.T.);
#7295 = EDGE_CURVE('',#4661,#7296,#7298,.T.);
#7296 = VERTEX_POINT('',#7297);
#7297 = CARTESIAN_POINT('',(-45.5,-101.89,92.5));
#7298 = LINE('',#7299,#7300);
#7299 = CARTESIAN_POINT('',(-45.5,-50.89,92.5));
#7300 = VECTOR('',#7301,1.);
#7301 = DIRECTION('',(-0.,-1.,-0.));
#7302 = ORIENTED_EDGE('',*,*,#7303,.T.);
#7303 = EDGE_CURVE('',#7296,#7304,#7306,.T.);
#7304 = VERTEX_POINT('',#7305);
#7305 = CARTESIAN_POINT('',(-18.,-101.89,92.5));
#7306 = LINE('',#7307,#7308);
#7307 = CARTESIAN_POINT('',(-45.5,-101.89,92.5));
#7308 = VECTOR('',#7309,1.);
#7309 = DIRECTION('',(1.,0.,0.));
#7310 = ORIENTED_EDGE('',*,*,#7311,.F.);
#7311 = EDGE_CURVE('',#7312,#7304,#7314,.T.);
#7312 = VERTEX_POINT('',#7313);
#7313 = CARTESIAN_POINT('',(-18.,-99.39,92.5));
#7314 = LINE('',#7315,#7316);
#7315 = CARTESIAN_POINT('',(-18.,-75.14,92.5));
#7316 = VECTOR('',#7317,1.);
#7317 = DIRECTION('',(-0.,-1.,-0.));
#7318 = ORIENTED_EDGE('',*,*,#7319,.T.);
#7319 = EDGE_CURVE('',#7312,#7320,#7322,.T.);
#7320 = VERTEX_POINT('',#7321);
#7321 = CARTESIAN_POINT('',(18.,-99.39,92.5));
#7322 = LINE('',#7323,#7324);
#7323 = CARTESIAN_POINT('',(-45.5,-99.39,92.5));
#7324 = VECTOR('',#7325,1.);
#7325 = DIRECTION('',(1.,0.,0.));
#7326 = ORIENTED_EDGE('',*,*,#7327,.T.);
#7327 = EDGE_CURVE('',#7320,#7328,#7330,.T.);
#7328 = VERTEX_POINT('',#7329);
#7329 = CARTESIAN_POINT('',(18.,-101.89,92.5));
#7330 = LINE('',#7331,#7332);
#7331 = CARTESIAN_POINT('',(18.,-75.14,92.5));
#7332 = VECTOR('',#7333,1.);
#7333 = DIRECTION('',(-0.,-1.,-0.));
#7334 = ORIENTED_EDGE('',*,*,#7335,.T.);
#7335 = EDGE_CURVE('',#7328,#7336,#7338,.T.);
#7336 = VERTEX_POINT('',#7337);
#7337 = CARTESIAN_POINT('',(45.5,-101.89,92.5));
#7338 = LINE('',#7339,#7340);
#7339 = CARTESIAN_POINT('',(-45.5,-101.89,92.5));
#7340 = VECTOR('',#7341,1.);
#7341 = DIRECTION('',(1.,0.,0.));
#7342 = ORIENTED_EDGE('',*,*,#7343,.F.);
#7343 = EDGE_CURVE('',#4605,#7336,#7344,.T.);
#7344 = LINE('',#7345,#7346);
#7345 = CARTESIAN_POINT('',(45.5,-50.89,92.5));
#7346 = VECTOR('',#7347,1.);
#7347 = DIRECTION('',(-0.,-1.,-0.));
#7348 = ORIENTED_EDGE('',*,*,#4604,.T.);
#7349 = ORIENTED_EDGE('',*,*,#4802,.F.);
#7350 = ORIENTED_EDGE('',*,*,#7159,.F.);
#7351 = ORIENTED_EDGE('',*,*,#4548,.T.);
#7352 = FACE_BOUND('',#7353,.F.);
#7353 = EDGE_LOOP('',(#7354,#7355,#7356,#7357));
#7354 = ORIENTED_EDGE('',*,*,#5060,.T.);
#7355 = ORIENTED_EDGE('',*,*,#5243,.T.);
#7356 = ORIENTED_EDGE('',*,*,#5084,.F.);
#7357 = ORIENTED_EDGE('',*,*,#4636,.T.);
#7358 = PLANE('',#7359);
#7359 = AXIS2_PLACEMENT_3D('',#7360,#7361,#7362);
#7360 = CARTESIAN_POINT('',(-3.766959500385E-16,-75.46504970178,92.5));
#7361 = DIRECTION('',(0.,0.,-1.));
#7362 = DIRECTION('',(1.,0.,0.));
#7363 = ADVANCED_FACE('',(#7364),#7389,.F.);
#7364 = FACE_BOUND('',#7365,.T.);
#7365 = EDGE_LOOP('',(#7366,#7374,#7382,#7388));
#7366 = ORIENTED_EDGE('',*,*,#7367,.F.);
#7367 = EDGE_CURVE('',#7368,#7320,#7370,.T.);
#7368 = VERTEX_POINT('',#7369);
#7369 = CARTESIAN_POINT('',(18.,-99.39,85.5));
#7370 = LINE('',#7371,#7372);
#7371 = CARTESIAN_POINT('',(18.,-99.39,85.5));
#7372 = VECTOR('',#7373,1.);
#7373 = DIRECTION('',(0.,0.,1.));
#7374 = ORIENTED_EDGE('',*,*,#7375,.F.);
#7375 = EDGE_CURVE('',#7376,#7368,#7378,.T.);
#7376 = VERTEX_POINT('',#7377);
#7377 = CARTESIAN_POINT('',(-18.,-99.39,85.5));
#7378 = LINE('',#7379,#7380);
#7379 = CARTESIAN_POINT('',(-18.,-99.39,85.5));
#7380 = VECTOR('',#7381,1.);
#7381 = DIRECTION('',(1.,0.,0.));
#7382 = ORIENTED_EDGE('',*,*,#7383,.T.);
#7383 = EDGE_CURVE('',#7376,#7312,#7384,.T.);
#7384 = LINE('',#7385,#7386);
#7385 = CARTESIAN_POINT('',(-18.,-99.39,85.5));
#7386 = VECTOR('',#7387,1.);
#7387 = DIRECTION('',(0.,0.,1.));
#7388 = ORIENTED_EDGE('',*,*,#7319,.T.);
#7389 = PLANE('',#7390);
#7390 = AXIS2_PLACEMENT_3D('',#7391,#7392,#7393);
#7391 = CARTESIAN_POINT('',(-18.,-99.39,85.5));
#7392 = DIRECTION('',(-0.,-1.,-0.));
#7393 = DIRECTION('',(0.,0.,-1.));
#7394 = ADVANCED_FACE('',(#7395),#7413,.T.);
#7395 = FACE_BOUND('',#7396,.F.);
#7396 = EDGE_LOOP('',(#7397,#7398,#7406,#7412));
#7397 = ORIENTED_EDGE('',*,*,#7367,.F.);
#7398 = ORIENTED_EDGE('',*,*,#7399,.T.);
#7399 = EDGE_CURVE('',#7368,#7400,#7402,.T.);
#7400 = VERTEX_POINT('',#7401);
#7401 = CARTESIAN_POINT('',(18.,-101.89,85.5));
#7402 = LINE('',#7403,#7404);
#7403 = CARTESIAN_POINT('',(18.,-99.39,85.5));
#7404 = VECTOR('',#7405,1.);
#7405 = DIRECTION('',(-0.,-1.,-0.));
#7406 = ORIENTED_EDGE('',*,*,#7407,.T.);
#7407 = EDGE_CURVE('',#7400,#7328,#7408,.T.);
#7408 = LINE('',#7409,#7410);
#7409 = CARTESIAN_POINT('',(18.,-101.89,85.5));
#7410 = VECTOR('',#7411,1.);
#7411 = DIRECTION('',(0.,0.,1.));
#7412 = ORIENTED_EDGE('',*,*,#7327,.F.);
#7413 = PLANE('',#7414);
#7414 = AXIS2_PLACEMENT_3D('',#7415,#7416,#7417);
#7415 = CARTESIAN_POINT('',(18.,-99.39,85.5));
#7416 = DIRECTION('',(1.,0.,0.));
#7417 = DIRECTION('',(0.,0.,-1.));
#7418 = ADVANCED_FACE('',(#7419),#7437,.F.);
#7419 = FACE_BOUND('',#7420,.T.);
#7420 = EDGE_LOOP('',(#7421,#7422,#7430,#7436));
#7421 = ORIENTED_EDGE('',*,*,#7383,.F.);
#7422 = ORIENTED_EDGE('',*,*,#7423,.T.);
#7423 = EDGE_CURVE('',#7376,#7424,#7426,.T.);
#7424 = VERTEX_POINT('',#7425);
#7425 = CARTESIAN_POINT('',(-18.,-101.89,85.5));
#7426 = LINE('',#7427,#7428);
#7427 = CARTESIAN_POINT('',(-18.,-99.39,85.5));
#7428 = VECTOR('',#7429,1.);
#7429 = DIRECTION('',(-0.,-1.,-0.));
#7430 = ORIENTED_EDGE('',*,*,#7431,.T.);
#7431 = EDGE_CURVE('',#7424,#7304,#7432,.T.);
#7432 = LINE('',#7433,#7434);
#7433 = CARTESIAN_POINT('',(-18.,-101.89,85.5));
#7434 = VECTOR('',#7435,1.);
#7435 = DIRECTION('',(0.,0.,1.));
#7436 = ORIENTED_EDGE('',*,*,#7311,.F.);
#7437 = PLANE('',#7438);
#7438 = AXIS2_PLACEMENT_3D('',#7439,#7440,#7441);
#7439 = CARTESIAN_POINT('',(-18.,-99.39,85.5));
#7440 = DIRECTION('',(1.,0.,0.));
#7441 = DIRECTION('',(0.,0.,-1.));
#7442 = ADVANCED_FACE('',(#7443),#7454,.F.);
#7443 = FACE_BOUND('',#7444,.T.);
#7444 = EDGE_LOOP('',(#7445,#7446,#7447,#7448));
#7445 = ORIENTED_EDGE('',*,*,#7423,.F.);
#7446 = ORIENTED_EDGE('',*,*,#7375,.T.);
#7447 = ORIENTED_EDGE('',*,*,#7399,.T.);
#7448 = ORIENTED_EDGE('',*,*,#7449,.F.);
#7449 = EDGE_CURVE('',#7424,#7400,#7450,.T.);
#7450 = LINE('',#7451,#7452);
#7451 = CARTESIAN_POINT('',(-18.,-101.89,85.5));
#7452 = VECTOR('',#7453,1.);
#7453 = DIRECTION('',(1.,0.,0.));
#7454 = PLANE('',#7455);
#7455 = AXIS2_PLACEMENT_3D('',#7456,#7457,#7458);
#7456 = CARTESIAN_POINT('',(-18.,-99.39,85.5));
#7457 = DIRECTION('',(0.,0.,1.));
#7458 = DIRECTION('',(-1.,0.,0.));
#7459 = ADVANCED_FACE('',(#7460),#7480,.T.);
#7460 = FACE_BOUND('',#7461,.F.);
#7461 = EDGE_LOOP('',(#7462,#7463,#7464,#7465,#7473,#7479));
#7462 = ORIENTED_EDGE('',*,*,#4983,.F.);
#7463 = ORIENTED_EDGE('',*,*,#4612,.T.);
#7464 = ORIENTED_EDGE('',*,*,#7343,.T.);
#7465 = ORIENTED_EDGE('',*,*,#7466,.T.);
#7466 = EDGE_CURVE('',#7336,#7467,#7469,.T.);
#7467 = VERTEX_POINT('',#7468);
#7468 = CARTESIAN_POINT('',(45.5,-101.89,171.32667142178));
#7469 = LINE('',#7470,#7471);
#7470 = CARTESIAN_POINT('',(45.5,-101.89,92.5));
#7471 = VECTOR('',#7472,1.);
#7472 = DIRECTION('',(0.,0.,1.));
#7473 = ORIENTED_EDGE('',*,*,#7474,.F.);
#7474 = EDGE_CURVE('',#5287,#7467,#7475,.T.);
#7475 = LINE('',#7476,#7477);
#7476 = CARTESIAN_POINT('',(45.5,-98.39,171.32667142178));
#7477 = VECTOR('',#7478,1.);
#7478 = DIRECTION('',(-0.,-1.,-0.));
#7479 = ORIENTED_EDGE('',*,*,#5295,.F.);
#7480 = PLANE('',#7481);
#7481 = AXIS2_PLACEMENT_3D('',#7482,#7483,#7484);
#7482 = CARTESIAN_POINT('',(45.5,-91.42747612812,118.12585958276));
#7483 = DIRECTION('',(1.,0.,0.));
#7484 = DIRECTION('',(0.,0.,-1.));
#7485 = ADVANCED_FACE('',(#7486),#7511,.T.);
#7486 = FACE_BOUND('',#7487,.F.);
#7487 = EDGE_LOOP('',(#7488,#7489,#7490,#7491,#7492,#7493,#7494,#7495,
    #7496,#7497,#7498,#7499,#7500,#7501,#7502,#7503,#7509,#7510));
#7488 = ORIENTED_EDGE('',*,*,#4999,.T.);
#7489 = ORIENTED_EDGE('',*,*,#5302,.T.);
#7490 = ORIENTED_EDGE('',*,*,#6781,.T.);
#7491 = ORIENTED_EDGE('',*,*,#6839,.T.);
#7492 = ORIENTED_EDGE('',*,*,#6872,.T.);
#7493 = ORIENTED_EDGE('',*,*,#6832,.F.);
#7494 = ORIENTED_EDGE('',*,*,#6790,.T.);
#7495 = ORIENTED_EDGE('',*,*,#5328,.T.);
#7496 = ORIENTED_EDGE('',*,*,#6886,.T.);
#7497 = ORIENTED_EDGE('',*,*,#6944,.T.);
#7498 = ORIENTED_EDGE('',*,*,#6977,.T.);
#7499 = ORIENTED_EDGE('',*,*,#6937,.F.);
#7500 = ORIENTED_EDGE('',*,*,#6895,.T.);
#7501 = ORIENTED_EDGE('',*,*,#5354,.T.);
#7502 = ORIENTED_EDGE('',*,*,#5742,.T.);
#7503 = ORIENTED_EDGE('',*,*,#7504,.F.);
#7504 = EDGE_CURVE('',#7296,#5743,#7505,.T.);
#7505 = LINE('',#7506,#7507);
#7506 = CARTESIAN_POINT('',(-45.5,-101.89,92.5));
#7507 = VECTOR('',#7508,1.);
#7508 = DIRECTION('',(0.,0.,1.));
#7509 = ORIENTED_EDGE('',*,*,#7295,.F.);
#7510 = ORIENTED_EDGE('',*,*,#4660,.F.);
#7511 = PLANE('',#7512);
#7512 = AXIS2_PLACEMENT_3D('',#7513,#7514,#7515);
#7513 = CARTESIAN_POINT('',(-45.5,-93.0855183444,130.35943335479));
#7514 = DIRECTION('',(-1.,0.,0.));
#7515 = DIRECTION('',(0.,0.,1.));
#7516 = ADVANCED_FACE('',(#7517,#7544,#7550,#7556,#7562,#7568,#7574,
    #7580,#7586),#7592,.T.);
#7517 = FACE_BOUND('',#7518,.F.);
#7518 = EDGE_LOOP('',(#7519,#7520,#7521,#7522,#7523,#7532,#7539,#7540,
    #7541,#7542,#7543));
#7519 = ORIENTED_EDGE('',*,*,#7303,.F.);
#7520 = ORIENTED_EDGE('',*,*,#7504,.T.);
#7521 = ORIENTED_EDGE('',*,*,#5759,.T.);
#7522 = ORIENTED_EDGE('',*,*,#5848,.F.);
#7523 = ORIENTED_EDGE('',*,*,#7524,.F.);
#7524 = EDGE_CURVE('',#7525,#5841,#7527,.T.);
#7525 = VERTEX_POINT('',#7526);
#7526 = CARTESIAN_POINT('',(37.,-101.89,185.7));
#7527 = CIRCLE('',#7528,9.7);
#7528 = AXIS2_PLACEMENT_3D('',#7529,#7530,#7531);
#7529 = CARTESIAN_POINT('',(37.,-101.89,176.));
#7530 = DIRECTION('',(0.,1.,0.));
#7531 = DIRECTION('',(0.,0.,1.));
#7532 = ORIENTED_EDGE('',*,*,#7533,.F.);
#7533 = EDGE_CURVE('',#7467,#7525,#7534,.T.);
#7534 = CIRCLE('',#7535,9.7);
#7535 = AXIS2_PLACEMENT_3D('',#7536,#7537,#7538);
#7536 = CARTESIAN_POINT('',(37.,-101.89,176.));
#7537 = DIRECTION('',(0.,1.,0.));
#7538 = DIRECTION('',(0.,0.,1.));
#7539 = ORIENTED_EDGE('',*,*,#7466,.F.);
#7540 = ORIENTED_EDGE('',*,*,#7335,.F.);
#7541 = ORIENTED_EDGE('',*,*,#7407,.F.);
#7542 = ORIENTED_EDGE('',*,*,#7449,.F.);
#7543 = ORIENTED_EDGE('',*,*,#7431,.T.);
#7544 = FACE_BOUND('',#7545,.F.);
#7545 = EDGE_LOOP('',(#7546,#7547,#7548,#7549));
#7546 = ORIENTED_EDGE('',*,*,#5976,.F.);
#7547 = ORIENTED_EDGE('',*,*,#6000,.T.);
#7548 = ORIENTED_EDGE('',*,*,#6041,.T.);
#7549 = ORIENTED_EDGE('',*,*,#6024,.F.);
#7550 = FACE_BOUND('',#7551,.F.);
#7551 = EDGE_LOOP('',(#7552,#7553,#7554,#7555));
#7552 = ORIENTED_EDGE('',*,*,#6072,.F.);
#7553 = ORIENTED_EDGE('',*,*,#6096,.T.);
#7554 = ORIENTED_EDGE('',*,*,#6137,.T.);
#7555 = ORIENTED_EDGE('',*,*,#6120,.F.);
#7556 = FACE_BOUND('',#7557,.F.);
#7557 = EDGE_LOOP('',(#7558,#7559,#7560,#7561));
#7558 = ORIENTED_EDGE('',*,*,#6168,.F.);
#7559 = ORIENTED_EDGE('',*,*,#6192,.T.);
#7560 = ORIENTED_EDGE('',*,*,#6233,.T.);
#7561 = ORIENTED_EDGE('',*,*,#6216,.F.);
#7562 = FACE_BOUND('',#7563,.F.);
#7563 = EDGE_LOOP('',(#7564,#7565,#7566,#7567));
#7564 = ORIENTED_EDGE('',*,*,#6264,.F.);
#7565 = ORIENTED_EDGE('',*,*,#6288,.T.);
#7566 = ORIENTED_EDGE('',*,*,#6329,.T.);
#7567 = ORIENTED_EDGE('',*,*,#6312,.F.);
#7568 = FACE_BOUND('',#7569,.F.);
#7569 = EDGE_LOOP('',(#7570,#7571,#7572,#7573));
#7570 = ORIENTED_EDGE('',*,*,#6360,.F.);
#7571 = ORIENTED_EDGE('',*,*,#6384,.T.);
#7572 = ORIENTED_EDGE('',*,*,#6425,.T.);
#7573 = ORIENTED_EDGE('',*,*,#6408,.F.);
#7574 = FACE_BOUND('',#7575,.F.);
#7575 = EDGE_LOOP('',(#7576,#7577,#7578,#7579));
#7576 = ORIENTED_EDGE('',*,*,#6456,.F.);
#7577 = ORIENTED_EDGE('',*,*,#6480,.T.);
#7578 = ORIENTED_EDGE('',*,*,#6521,.T.);
#7579 = ORIENTED_EDGE('',*,*,#6504,.F.);
#7580 = FACE_BOUND('',#7581,.F.);
#7581 = EDGE_LOOP('',(#7582,#7583,#7584,#7585));
#7582 = ORIENTED_EDGE('',*,*,#6552,.F.);
#7583 = ORIENTED_EDGE('',*,*,#6576,.T.);
#7584 = ORIENTED_EDGE('',*,*,#6617,.T.);
#7585 = ORIENTED_EDGE('',*,*,#6600,.F.);
#7586 = FACE_BOUND('',#7587,.F.);
#7587 = EDGE_LOOP('',(#7588,#7589,#7590,#7591));
#7588 = ORIENTED_EDGE('',*,*,#5880,.F.);
#7589 = ORIENTED_EDGE('',*,*,#5904,.T.);
#7590 = ORIENTED_EDGE('',*,*,#5945,.T.);
#7591 = ORIENTED_EDGE('',*,*,#5928,.F.);
#7592 = PLANE('',#7593);
#7593 = AXIS2_PLACEMENT_3D('',#7594,#7595,#7596);
#7594 = CARTESIAN_POINT('',(2.880719593339,-101.89,145.9242647392));
#7595 = DIRECTION('',(-0.,-1.,-0.));
#7596 = DIRECTION('',(0.,0.,-1.));
#7597 = ADVANCED_FACE('',(#7598),#7606,.F.);
#7598 = FACE_BOUND('',#7599,.T.);
#7599 = EDGE_LOOP('',(#7600,#7601,#7602,#7603,#7604,#7605));
#7600 = ORIENTED_EDGE('',*,*,#5840,.T.);
#7601 = ORIENTED_EDGE('',*,*,#7524,.F.);
#7602 = ORIENTED_EDGE('',*,*,#7533,.F.);
#7603 = ORIENTED_EDGE('',*,*,#7474,.F.);
#7604 = ORIENTED_EDGE('',*,*,#5286,.T.);
#7605 = ORIENTED_EDGE('',*,*,#5277,.T.);
#7606 = CYLINDRICAL_SURFACE('',#7607,9.7);
#7607 = AXIS2_PLACEMENT_3D('',#7608,#7609,#7610);
#7608 = CARTESIAN_POINT('',(37.,-98.39,176.));
#7609 = DIRECTION('',(-0.,-1.,-0.));
#7610 = DIRECTION('',(0.,0.,1.));
#7611 = MANIFOLD_SOLID_BREP('',#7612);
#7612 = CLOSED_SHELL('',(#7613,#7653,#7716,#7740,#7796,#7845,#7869,#7893
    ,#7917,#7964,#7976,#8000,#8024,#8041,#8076,#8100,#8128,#8145));
#7613 = ADVANCED_FACE('',(#7614),#7648,.F.);
#7614 = FACE_BOUND('',#7615,.F.);
#7615 = EDGE_LOOP('',(#7616,#7626,#7634,#7642));
#7616 = ORIENTED_EDGE('',*,*,#7617,.F.);
#7617 = EDGE_CURVE('',#7618,#7620,#7622,.T.);
#7618 = VERTEX_POINT('',#7619);
#7619 = CARTESIAN_POINT('',(-28.5,-28.5,210.4));
#7620 = VERTEX_POINT('',#7621);
#7621 = CARTESIAN_POINT('',(-28.5,-28.5,235.4));
#7622 = LINE('',#7623,#7624);
#7623 = CARTESIAN_POINT('',(-28.5,-28.5,210.4));
#7624 = VECTOR('',#7625,1.);
#7625 = DIRECTION('',(0.,0.,1.));
#7626 = ORIENTED_EDGE('',*,*,#7627,.T.);
#7627 = EDGE_CURVE('',#7618,#7628,#7630,.T.);
#7628 = VERTEX_POINT('',#7629);
#7629 = CARTESIAN_POINT('',(-28.5,28.5,210.4));
#7630 = LINE('',#7631,#7632);
#7631 = CARTESIAN_POINT('',(-28.5,-28.5,210.4));
#7632 = VECTOR('',#7633,1.);
#7633 = DIRECTION('',(0.,1.,0.));
#7634 = ORIENTED_EDGE('',*,*,#7635,.T.);
#7635 = EDGE_CURVE('',#7628,#7636,#7638,.T.);
#7636 = VERTEX_POINT('',#7637);
#7637 = CARTESIAN_POINT('',(-28.5,28.5,235.4));
#7638 = LINE('',#7639,#7640);
#7639 = CARTESIAN_POINT('',(-28.5,28.5,210.4));
#7640 = VECTOR('',#7641,1.);
#7641 = DIRECTION('',(0.,0.,1.));
#7642 = ORIENTED_EDGE('',*,*,#7643,.F.);
#7643 = EDGE_CURVE('',#7620,#7636,#7644,.T.);
#7644 = LINE('',#7645,#7646);
#7645 = CARTESIAN_POINT('',(-28.5,-28.5,235.4));
#7646 = VECTOR('',#7647,1.);
#7647 = DIRECTION('',(0.,1.,0.));
#7648 = PLANE('',#7649);
#7649 = AXIS2_PLACEMENT_3D('',#7650,#7651,#7652);
#7650 = CARTESIAN_POINT('',(-28.5,-28.5,210.4));
#7651 = DIRECTION('',(1.,0.,0.));
#7652 = DIRECTION('',(0.,0.,1.));
#7653 = ADVANCED_FACE('',(#7654),#7711,.F.);
#7654 = FACE_BOUND('',#7655,.F.);
#7655 = EDGE_LOOP('',(#7656,#7664,#7665,#7673,#7681,#7689,#7697,#7705));
#7656 = ORIENTED_EDGE('',*,*,#7657,.F.);
#7657 = EDGE_CURVE('',#7618,#7658,#7660,.T.);
#7658 = VERTEX_POINT('',#7659);
#7659 = CARTESIAN_POINT('',(-9.,-28.5,210.4));
#7660 = LINE('',#7661,#7662);
#7661 = CARTESIAN_POINT('',(-28.5,-28.5,210.4));
#7662 = VECTOR('',#7663,1.);
#7663 = DIRECTION('',(1.,0.,0.));
#7664 = ORIENTED_EDGE('',*,*,#7617,.T.);
#7665 = ORIENTED_EDGE('',*,*,#7666,.T.);
#7666 = EDGE_CURVE('',#7620,#7667,#7669,.T.);
#7667 = VERTEX_POINT('',#7668);
#7668 = CARTESIAN_POINT('',(28.5,-28.5,235.4));
#7669 = LINE('',#7670,#7671);
#7670 = CARTESIAN_POINT('',(-28.5,-28.5,235.4));
#7671 = VECTOR('',#7672,1.);
#7672 = DIRECTION('',(1.,0.,0.));
#7673 = ORIENTED_EDGE('',*,*,#7674,.F.);
#7674 = EDGE_CURVE('',#7675,#7667,#7677,.T.);
#7675 = VERTEX_POINT('',#7676);
#7676 = CARTESIAN_POINT('',(28.5,-28.5,210.4));
#7677 = LINE('',#7678,#7679);
#7678 = CARTESIAN_POINT('',(28.5,-28.5,210.4));
#7679 = VECTOR('',#7680,1.);
#7680 = DIRECTION('',(0.,0.,1.));
#7681 = ORIENTED_EDGE('',*,*,#7682,.F.);
#7682 = EDGE_CURVE('',#7683,#7675,#7685,.T.);
#7683 = VERTEX_POINT('',#7684);
#7684 = CARTESIAN_POINT('',(9.,-28.5,210.4));
#7685 = LINE('',#7686,#7687);
#7686 = CARTESIAN_POINT('',(-28.5,-28.5,210.4));
#7687 = VECTOR('',#7688,1.);
#7688 = DIRECTION('',(1.,0.,0.));
#7689 = ORIENTED_EDGE('',*,*,#7690,.F.);
#7690 = EDGE_CURVE('',#7691,#7683,#7693,.T.);
#7691 = VERTEX_POINT('',#7692);
#7692 = CARTESIAN_POINT('',(9.,-28.5,222.4));
#7693 = LINE('',#7694,#7695);
#7694 = CARTESIAN_POINT('',(9.,-28.5,209.9));
#7695 = VECTOR('',#7696,1.);
#7696 = DIRECTION('',(0.,0.,-1.));
#7697 = ORIENTED_EDGE('',*,*,#7698,.F.);
#7698 = EDGE_CURVE('',#7699,#7691,#7701,.T.);
#7699 = VERTEX_POINT('',#7700);
#7700 = CARTESIAN_POINT('',(-9.,-28.5,222.4));
#7701 = LINE('',#7702,#7703);
#7702 = CARTESIAN_POINT('',(-18.75,-28.5,222.4));
#7703 = VECTOR('',#7704,1.);
#7704 = DIRECTION('',(1.,0.,0.));
#7705 = ORIENTED_EDGE('',*,*,#7706,.T.);
#7706 = EDGE_CURVE('',#7699,#7658,#7707,.T.);
#7707 = LINE('',#7708,#7709);
#7708 = CARTESIAN_POINT('',(-9.,-28.5,209.9));
#7709 = VECTOR('',#7710,1.);
#7710 = DIRECTION('',(0.,0.,-1.));
#7711 = PLANE('',#7712);
#7712 = AXIS2_PLACEMENT_3D('',#7713,#7714,#7715);
#7713 = CARTESIAN_POINT('',(-28.5,-28.5,210.4));
#7714 = DIRECTION('',(0.,1.,0.));
#7715 = DIRECTION('',(0.,0.,1.));
#7716 = ADVANCED_FACE('',(#7717),#7735,.T.);
#7717 = FACE_BOUND('',#7718,.T.);
#7718 = EDGE_LOOP('',(#7719,#7720,#7721,#7729));
#7719 = ORIENTED_EDGE('',*,*,#7643,.F.);
#7720 = ORIENTED_EDGE('',*,*,#7666,.T.);
#7721 = ORIENTED_EDGE('',*,*,#7722,.T.);
#7722 = EDGE_CURVE('',#7667,#7723,#7725,.T.);
#7723 = VERTEX_POINT('',#7724);
#7724 = CARTESIAN_POINT('',(28.5,28.5,235.4));
#7725 = LINE('',#7726,#7727);
#7726 = CARTESIAN_POINT('',(28.5,-28.5,235.4));
#7727 = VECTOR('',#7728,1.);
#7728 = DIRECTION('',(0.,1.,0.));
#7729 = ORIENTED_EDGE('',*,*,#7730,.F.);
#7730 = EDGE_CURVE('',#7636,#7723,#7731,.T.);
#7731 = LINE('',#7732,#7733);
#7732 = CARTESIAN_POINT('',(-28.5,28.5,235.4));
#7733 = VECTOR('',#7734,1.);
#7734 = DIRECTION('',(1.,0.,0.));
#7735 = PLANE('',#7736);
#7736 = AXIS2_PLACEMENT_3D('',#7737,#7738,#7739);
#7737 = CARTESIAN_POINT('',(-28.5,-28.5,235.4));
#7738 = DIRECTION('',(0.,0.,1.));
#7739 = DIRECTION('',(1.,0.,0.));
#7740 = ADVANCED_FACE('',(#7741),#7791,.T.);
#7741 = FACE_BOUND('',#7742,.T.);
#7742 = EDGE_LOOP('',(#7743,#7751,#7752,#7753,#7761,#7769,#7777,#7785));
#7743 = ORIENTED_EDGE('',*,*,#7744,.F.);
#7744 = EDGE_CURVE('',#7628,#7745,#7747,.T.);
#7745 = VERTEX_POINT('',#7746);
#7746 = CARTESIAN_POINT('',(-9.,28.5,210.4));
#7747 = LINE('',#7748,#7749);
#7748 = CARTESIAN_POINT('',(-28.5,28.5,210.4));
#7749 = VECTOR('',#7750,1.);
#7750 = DIRECTION('',(1.,0.,0.));
#7751 = ORIENTED_EDGE('',*,*,#7635,.T.);
#7752 = ORIENTED_EDGE('',*,*,#7730,.T.);
#7753 = ORIENTED_EDGE('',*,*,#7754,.F.);
#7754 = EDGE_CURVE('',#7755,#7723,#7757,.T.);
#7755 = VERTEX_POINT('',#7756);
#7756 = CARTESIAN_POINT('',(28.5,28.5,210.4));
#7757 = LINE('',#7758,#7759);
#7758 = CARTESIAN_POINT('',(28.5,28.5,210.4));
#7759 = VECTOR('',#7760,1.);
#7760 = DIRECTION('',(0.,0.,1.));
#7761 = ORIENTED_EDGE('',*,*,#7762,.F.);
#7762 = EDGE_CURVE('',#7763,#7755,#7765,.T.);
#7763 = VERTEX_POINT('',#7764);
#7764 = CARTESIAN_POINT('',(9.,28.5,210.4));
#7765 = LINE('',#7766,#7767);
#7766 = CARTESIAN_POINT('',(-28.5,28.5,210.4));
#7767 = VECTOR('',#7768,1.);
#7768 = DIRECTION('',(1.,0.,0.));
#7769 = ORIENTED_EDGE('',*,*,#7770,.F.);
#7770 = EDGE_CURVE('',#7771,#7763,#7773,.T.);
#7771 = VERTEX_POINT('',#7772);
#7772 = CARTESIAN_POINT('',(9.,28.5,218.4));
#7773 = LINE('',#7774,#7775);
#7774 = CARTESIAN_POINT('',(9.,28.5,209.9));
#7775 = VECTOR('',#7776,1.);
#7776 = DIRECTION('',(0.,0.,-1.));
#7777 = ORIENTED_EDGE('',*,*,#7778,.F.);
#7778 = EDGE_CURVE('',#7779,#7771,#7781,.T.);
#7779 = VERTEX_POINT('',#7780);
#7780 = CARTESIAN_POINT('',(-9.,28.5,218.4));
#7781 = LINE('',#7782,#7783);
#7782 = CARTESIAN_POINT('',(-18.75,28.5,218.4));
#7783 = VECTOR('',#7784,1.);
#7784 = DIRECTION('',(1.,0.,0.));
#7785 = ORIENTED_EDGE('',*,*,#7786,.T.);
#7786 = EDGE_CURVE('',#7779,#7745,#7787,.T.);
#7787 = LINE('',#7788,#7789);
#7788 = CARTESIAN_POINT('',(-9.,28.5,209.9));
#7789 = VECTOR('',#7790,1.);
#7790 = DIRECTION('',(0.,0.,-1.));
#7791 = PLANE('',#7792);
#7792 = AXIS2_PLACEMENT_3D('',#7793,#7794,#7795);
#7793 = CARTESIAN_POINT('',(-28.5,28.5,210.4));
#7794 = DIRECTION('',(0.,1.,0.));
#7795 = DIRECTION('',(0.,0.,1.));
#7796 = ADVANCED_FACE('',(#7797),#7840,.F.);
#7797 = FACE_BOUND('',#7798,.F.);
#7798 = EDGE_LOOP('',(#7799,#7800,#7801,#7802,#7810,#7818,#7826,#7834));
#7799 = ORIENTED_EDGE('',*,*,#7744,.F.);
#7800 = ORIENTED_EDGE('',*,*,#7627,.F.);
#7801 = ORIENTED_EDGE('',*,*,#7657,.T.);
#7802 = ORIENTED_EDGE('',*,*,#7803,.T.);
#7803 = EDGE_CURVE('',#7658,#7804,#7806,.T.);
#7804 = VERTEX_POINT('',#7805);
#7805 = CARTESIAN_POINT('',(-9.,-26.5,210.4));
#7806 = LINE('',#7807,#7808);
#7807 = CARTESIAN_POINT('',(-9.,-29.,210.4));
#7808 = VECTOR('',#7809,1.);
#7809 = DIRECTION('',(0.,1.,0.));
#7810 = ORIENTED_EDGE('',*,*,#7811,.T.);
#7811 = EDGE_CURVE('',#7804,#7812,#7814,.T.);
#7812 = VERTEX_POINT('',#7813);
#7813 = CARTESIAN_POINT('',(-26.5,-26.5,210.4));
#7814 = LINE('',#7815,#7816);
#7815 = CARTESIAN_POINT('',(-27.5,-26.5,210.4));
#7816 = VECTOR('',#7817,1.);
#7817 = DIRECTION('',(-1.,0.,0.));
#7818 = ORIENTED_EDGE('',*,*,#7819,.T.);
#7819 = EDGE_CURVE('',#7812,#7820,#7822,.T.);
#7820 = VERTEX_POINT('',#7821);
#7821 = CARTESIAN_POINT('',(-26.5,26.5,210.4));
#7822 = LINE('',#7823,#7824);
#7823 = CARTESIAN_POINT('',(-26.5,-27.5,210.4));
#7824 = VECTOR('',#7825,1.);
#7825 = DIRECTION('',(0.,1.,0.));
#7826 = ORIENTED_EDGE('',*,*,#7827,.F.);
#7827 = EDGE_CURVE('',#7828,#7820,#7830,.T.);
#7828 = VERTEX_POINT('',#7829);
#7829 = CARTESIAN_POINT('',(-9.,26.5,210.4));
#7830 = LINE('',#7831,#7832);
#7831 = CARTESIAN_POINT('',(-27.5,26.5,210.4));
#7832 = VECTOR('',#7833,1.);
#7833 = DIRECTION('',(-1.,0.,0.));
#7834 = ORIENTED_EDGE('',*,*,#7835,.T.);
#7835 = EDGE_CURVE('',#7828,#7745,#7836,.T.);
#7836 = LINE('',#7837,#7838);
#7837 = CARTESIAN_POINT('',(-9.,-1.5,210.4));
#7838 = VECTOR('',#7839,1.);
#7839 = DIRECTION('',(0.,1.,0.));
#7840 = PLANE('',#7841);
#7841 = AXIS2_PLACEMENT_3D('',#7842,#7843,#7844);
#7842 = CARTESIAN_POINT('',(-28.5,-28.5,210.4));
#7843 = DIRECTION('',(0.,0.,1.));
#7844 = DIRECTION('',(1.,0.,0.));
#7845 = ADVANCED_FACE('',(#7846),#7864,.T.);
#7846 = FACE_BOUND('',#7847,.T.);
#7847 = EDGE_LOOP('',(#7848,#7856,#7857,#7858));
#7848 = ORIENTED_EDGE('',*,*,#7849,.F.);
#7849 = EDGE_CURVE('',#7699,#7850,#7852,.T.);
#7850 = VERTEX_POINT('',#7851);
#7851 = CARTESIAN_POINT('',(-9.,-26.5,222.4));
#7852 = LINE('',#7853,#7854);
#7853 = CARTESIAN_POINT('',(-9.,-29.5,222.4));
#7854 = VECTOR('',#7855,1.);
#7855 = DIRECTION('',(0.,1.,0.));
#7856 = ORIENTED_EDGE('',*,*,#7706,.T.);
#7857 = ORIENTED_EDGE('',*,*,#7803,.T.);
#7858 = ORIENTED_EDGE('',*,*,#7859,.F.);
#7859 = EDGE_CURVE('',#7850,#7804,#7860,.T.);
#7860 = LINE('',#7861,#7862);
#7861 = CARTESIAN_POINT('',(-9.,-26.5,209.4));
#7862 = VECTOR('',#7863,1.);
#7863 = DIRECTION('',(0.,0.,-1.));
#7864 = PLANE('',#7865);
#7865 = AXIS2_PLACEMENT_3D('',#7866,#7867,#7868);
#7866 = CARTESIAN_POINT('',(-9.,-29.5,209.4));
#7867 = DIRECTION('',(1.,0.,0.));
#7868 = DIRECTION('',(0.,0.,1.));
#7869 = ADVANCED_FACE('',(#7870),#7888,.F.);
#7870 = FACE_BOUND('',#7871,.F.);
#7871 = EDGE_LOOP('',(#7872,#7873,#7874,#7882));
#7872 = ORIENTED_EDGE('',*,*,#7849,.F.);
#7873 = ORIENTED_EDGE('',*,*,#7698,.T.);
#7874 = ORIENTED_EDGE('',*,*,#7875,.T.);
#7875 = EDGE_CURVE('',#7691,#7876,#7878,.T.);
#7876 = VERTEX_POINT('',#7877);
#7877 = CARTESIAN_POINT('',(9.,-26.5,222.4));
#7878 = LINE('',#7879,#7880);
#7879 = CARTESIAN_POINT('',(9.,-29.5,222.4));
#7880 = VECTOR('',#7881,1.);
#7881 = DIRECTION('',(0.,1.,0.));
#7882 = ORIENTED_EDGE('',*,*,#7883,.F.);
#7883 = EDGE_CURVE('',#7850,#7876,#7884,.T.);
#7884 = LINE('',#7885,#7886);
#7885 = CARTESIAN_POINT('',(-17.75,-26.5,222.4));
#7886 = VECTOR('',#7887,1.);
#7887 = DIRECTION('',(1.,0.,0.));
#7888 = PLANE('',#7889);
#7889 = AXIS2_PLACEMENT_3D('',#7890,#7891,#7892);
#7890 = CARTESIAN_POINT('',(-9.,-29.5,222.4));
#7891 = DIRECTION('',(0.,0.,1.));
#7892 = DIRECTION('',(1.,0.,0.));
#7893 = ADVANCED_FACE('',(#7894),#7912,.F.);
#7894 = FACE_BOUND('',#7895,.F.);
#7895 = EDGE_LOOP('',(#7896,#7897,#7898,#7906));
#7896 = ORIENTED_EDGE('',*,*,#7875,.F.);
#7897 = ORIENTED_EDGE('',*,*,#7690,.T.);
#7898 = ORIENTED_EDGE('',*,*,#7899,.T.);
#7899 = EDGE_CURVE('',#7683,#7900,#7902,.T.);
#7900 = VERTEX_POINT('',#7901);
#7901 = CARTESIAN_POINT('',(9.,-26.5,210.4));
#7902 = LINE('',#7903,#7904);
#7903 = CARTESIAN_POINT('',(9.,-29.,210.4));
#7904 = VECTOR('',#7905,1.);
#7905 = DIRECTION('',(0.,1.,0.));
#7906 = ORIENTED_EDGE('',*,*,#7907,.F.);
#7907 = EDGE_CURVE('',#7876,#7900,#7908,.T.);
#7908 = LINE('',#7909,#7910);
#7909 = CARTESIAN_POINT('',(9.,-26.5,209.4));
#7910 = VECTOR('',#7911,1.);
#7911 = DIRECTION('',(0.,0.,-1.));
#7912 = PLANE('',#7913);
#7913 = AXIS2_PLACEMENT_3D('',#7914,#7915,#7916);
#7914 = CARTESIAN_POINT('',(9.,-29.5,209.4));
#7915 = DIRECTION('',(1.,0.,0.));
#7916 = DIRECTION('',(0.,0.,1.));
#7917 = ADVANCED_FACE('',(#7918),#7959,.F.);
#7918 = FACE_BOUND('',#7919,.F.);
#7919 = EDGE_LOOP('',(#7920,#7921,#7929,#7937,#7945,#7951,#7952,#7953));
#7920 = ORIENTED_EDGE('',*,*,#7762,.F.);
#7921 = ORIENTED_EDGE('',*,*,#7922,.F.);
#7922 = EDGE_CURVE('',#7923,#7763,#7925,.T.);
#7923 = VERTEX_POINT('',#7924);
#7924 = CARTESIAN_POINT('',(9.,26.5,210.4));
#7925 = LINE('',#7926,#7927);
#7926 = CARTESIAN_POINT('',(9.,-1.5,210.4));
#7927 = VECTOR('',#7928,1.);
#7928 = DIRECTION('',(0.,1.,0.));
#7929 = ORIENTED_EDGE('',*,*,#7930,.F.);
#7930 = EDGE_CURVE('',#7931,#7923,#7933,.T.);
#7931 = VERTEX_POINT('',#7932);
#7932 = CARTESIAN_POINT('',(26.5,26.5,210.4));
#7933 = LINE('',#7934,#7935);
#7934 = CARTESIAN_POINT('',(-27.5,26.5,210.4));
#7935 = VECTOR('',#7936,1.);
#7936 = DIRECTION('',(-1.,0.,0.));
#7937 = ORIENTED_EDGE('',*,*,#7938,.F.);
#7938 = EDGE_CURVE('',#7939,#7931,#7941,.T.);
#7939 = VERTEX_POINT('',#7940);
#7940 = CARTESIAN_POINT('',(26.5,-26.5,210.4));
#7941 = LINE('',#7942,#7943);
#7942 = CARTESIAN_POINT('',(26.5,-27.5,210.4));
#7943 = VECTOR('',#7944,1.);
#7944 = DIRECTION('',(0.,1.,0.));
#7945 = ORIENTED_EDGE('',*,*,#7946,.T.);
#7946 = EDGE_CURVE('',#7939,#7900,#7947,.T.);
#7947 = LINE('',#7948,#7949);
#7948 = CARTESIAN_POINT('',(-27.5,-26.5,210.4));
#7949 = VECTOR('',#7950,1.);
#7950 = DIRECTION('',(-1.,0.,0.));
#7951 = ORIENTED_EDGE('',*,*,#7899,.F.);
#7952 = ORIENTED_EDGE('',*,*,#7682,.T.);
#7953 = ORIENTED_EDGE('',*,*,#7954,.T.);
#7954 = EDGE_CURVE('',#7675,#7755,#7955,.T.);
#7955 = LINE('',#7956,#7957);
#7956 = CARTESIAN_POINT('',(28.5,-28.5,210.4));
#7957 = VECTOR('',#7958,1.);
#7958 = DIRECTION('',(0.,1.,0.));
#7959 = PLANE('',#7960);
#7960 = AXIS2_PLACEMENT_3D('',#7961,#7962,#7963);
#7961 = CARTESIAN_POINT('',(-28.5,-28.5,210.4));
#7962 = DIRECTION('',(0.,0.,1.));
#7963 = DIRECTION('',(1.,0.,0.));
#7964 = ADVANCED_FACE('',(#7965),#7971,.T.);
#7965 = FACE_BOUND('',#7966,.T.);
#7966 = EDGE_LOOP('',(#7967,#7968,#7969,#7970));
#7967 = ORIENTED_EDGE('',*,*,#7674,.F.);
#7968 = ORIENTED_EDGE('',*,*,#7954,.T.);
#7969 = ORIENTED_EDGE('',*,*,#7754,.T.);
#7970 = ORIENTED_EDGE('',*,*,#7722,.F.);
#7971 = PLANE('',#7972);
#7972 = AXIS2_PLACEMENT_3D('',#7973,#7974,#7975);
#7973 = CARTESIAN_POINT('',(28.5,-28.5,210.4));
#7974 = DIRECTION('',(1.,0.,0.));
#7975 = DIRECTION('',(0.,0.,1.));
#7976 = ADVANCED_FACE('',(#7977),#7995,.T.);
#7977 = FACE_BOUND('',#7978,.T.);
#7978 = EDGE_LOOP('',(#7979,#7987,#7993,#7994));
#7979 = ORIENTED_EDGE('',*,*,#7980,.F.);
#7980 = EDGE_CURVE('',#7981,#7779,#7983,.T.);
#7981 = VERTEX_POINT('',#7982);
#7982 = CARTESIAN_POINT('',(-9.,26.5,218.4));
#7983 = LINE('',#7984,#7985);
#7984 = CARTESIAN_POINT('',(-9.,25.5,218.4));
#7985 = VECTOR('',#7986,1.);
#7986 = DIRECTION('',(0.,1.,0.));
#7987 = ORIENTED_EDGE('',*,*,#7988,.T.);
#7988 = EDGE_CURVE('',#7981,#7828,#7989,.T.);
#7989 = LINE('',#7990,#7991);
#7990 = CARTESIAN_POINT('',(-9.,26.5,209.4));
#7991 = VECTOR('',#7992,1.);
#7992 = DIRECTION('',(0.,0.,-1.));
#7993 = ORIENTED_EDGE('',*,*,#7835,.T.);
#7994 = ORIENTED_EDGE('',*,*,#7786,.F.);
#7995 = PLANE('',#7996);
#7996 = AXIS2_PLACEMENT_3D('',#7997,#7998,#7999);
#7997 = CARTESIAN_POINT('',(-9.,25.5,209.4));
#7998 = DIRECTION('',(1.,0.,0.));
#7999 = DIRECTION('',(0.,0.,1.));
#8000 = ADVANCED_FACE('',(#8001),#8019,.F.);
#8001 = FACE_BOUND('',#8002,.F.);
#8002 = EDGE_LOOP('',(#8003,#8004,#8012,#8018));
#8003 = ORIENTED_EDGE('',*,*,#7980,.F.);
#8004 = ORIENTED_EDGE('',*,*,#8005,.T.);
#8005 = EDGE_CURVE('',#7981,#8006,#8008,.T.);
#8006 = VERTEX_POINT('',#8007);
#8007 = CARTESIAN_POINT('',(9.,26.5,218.4));
#8008 = LINE('',#8009,#8010);
#8009 = CARTESIAN_POINT('',(-17.75,26.5,218.4));
#8010 = VECTOR('',#8011,1.);
#8011 = DIRECTION('',(1.,0.,0.));
#8012 = ORIENTED_EDGE('',*,*,#8013,.T.);
#8013 = EDGE_CURVE('',#8006,#7771,#8014,.T.);
#8014 = LINE('',#8015,#8016);
#8015 = CARTESIAN_POINT('',(9.,25.5,218.4));
#8016 = VECTOR('',#8017,1.);
#8017 = DIRECTION('',(0.,1.,0.));
#8018 = ORIENTED_EDGE('',*,*,#7778,.F.);
#8019 = PLANE('',#8020);
#8020 = AXIS2_PLACEMENT_3D('',#8021,#8022,#8023);
#8021 = CARTESIAN_POINT('',(-9.,25.5,218.4));
#8022 = DIRECTION('',(0.,0.,1.));
#8023 = DIRECTION('',(1.,0.,0.));
#8024 = ADVANCED_FACE('',(#8025),#8036,.F.);
#8025 = FACE_BOUND('',#8026,.F.);
#8026 = EDGE_LOOP('',(#8027,#8028,#8034,#8035));
#8027 = ORIENTED_EDGE('',*,*,#8013,.F.);
#8028 = ORIENTED_EDGE('',*,*,#8029,.T.);
#8029 = EDGE_CURVE('',#8006,#7923,#8030,.T.);
#8030 = LINE('',#8031,#8032);
#8031 = CARTESIAN_POINT('',(9.,26.5,209.4));
#8032 = VECTOR('',#8033,1.);
#8033 = DIRECTION('',(0.,0.,-1.));
#8034 = ORIENTED_EDGE('',*,*,#7922,.T.);
#8035 = ORIENTED_EDGE('',*,*,#7770,.F.);
#8036 = PLANE('',#8037);
#8037 = AXIS2_PLACEMENT_3D('',#8038,#8039,#8040);
#8038 = CARTESIAN_POINT('',(9.,25.5,209.4));
#8039 = DIRECTION('',(1.,0.,0.));
#8040 = DIRECTION('',(0.,0.,1.));
#8041 = ADVANCED_FACE('',(#8042),#8071,.F.);
#8042 = FACE_BOUND('',#8043,.F.);
#8043 = EDGE_LOOP('',(#8044,#8052,#8053,#8054,#8055,#8056,#8057,#8065));
#8044 = ORIENTED_EDGE('',*,*,#8045,.F.);
#8045 = EDGE_CURVE('',#7931,#8046,#8048,.T.);
#8046 = VERTEX_POINT('',#8047);
#8047 = CARTESIAN_POINT('',(26.5,26.5,233.4));
#8048 = LINE('',#8049,#8050);
#8049 = CARTESIAN_POINT('',(26.5,26.5,209.4));
#8050 = VECTOR('',#8051,1.);
#8051 = DIRECTION('',(0.,0.,1.));
#8052 = ORIENTED_EDGE('',*,*,#7930,.T.);
#8053 = ORIENTED_EDGE('',*,*,#8029,.F.);
#8054 = ORIENTED_EDGE('',*,*,#8005,.F.);
#8055 = ORIENTED_EDGE('',*,*,#7988,.T.);
#8056 = ORIENTED_EDGE('',*,*,#7827,.T.);
#8057 = ORIENTED_EDGE('',*,*,#8058,.T.);
#8058 = EDGE_CURVE('',#7820,#8059,#8061,.T.);
#8059 = VERTEX_POINT('',#8060);
#8060 = CARTESIAN_POINT('',(-26.5,26.5,233.4));
#8061 = LINE('',#8062,#8063);
#8062 = CARTESIAN_POINT('',(-26.5,26.5,209.4));
#8063 = VECTOR('',#8064,1.);
#8064 = DIRECTION('',(0.,0.,1.));
#8065 = ORIENTED_EDGE('',*,*,#8066,.T.);
#8066 = EDGE_CURVE('',#8059,#8046,#8067,.T.);
#8067 = LINE('',#8068,#8069);
#8068 = CARTESIAN_POINT('',(-26.5,26.5,233.4));
#8069 = VECTOR('',#8070,1.);
#8070 = DIRECTION('',(1.,0.,0.));
#8071 = PLANE('',#8072);
#8072 = AXIS2_PLACEMENT_3D('',#8073,#8074,#8075);
#8073 = CARTESIAN_POINT('',(-26.5,26.5,209.4));
#8074 = DIRECTION('',(0.,1.,0.));
#8075 = DIRECTION('',(0.,0.,1.));
#8076 = ADVANCED_FACE('',(#8077),#8095,.T.);
#8077 = FACE_BOUND('',#8078,.T.);
#8078 = EDGE_LOOP('',(#8079,#8087,#8088,#8089));
#8079 = ORIENTED_EDGE('',*,*,#8080,.F.);
#8080 = EDGE_CURVE('',#7812,#8081,#8083,.T.);
#8081 = VERTEX_POINT('',#8082);
#8082 = CARTESIAN_POINT('',(-26.5,-26.5,233.4));
#8083 = LINE('',#8084,#8085);
#8084 = CARTESIAN_POINT('',(-26.5,-26.5,209.4));
#8085 = VECTOR('',#8086,1.);
#8086 = DIRECTION('',(0.,0.,1.));
#8087 = ORIENTED_EDGE('',*,*,#7819,.T.);
#8088 = ORIENTED_EDGE('',*,*,#8058,.T.);
#8089 = ORIENTED_EDGE('',*,*,#8090,.F.);
#8090 = EDGE_CURVE('',#8081,#8059,#8091,.T.);
#8091 = LINE('',#8092,#8093);
#8092 = CARTESIAN_POINT('',(-26.5,-26.5,233.4));
#8093 = VECTOR('',#8094,1.);
#8094 = DIRECTION('',(0.,1.,0.));
#8095 = PLANE('',#8096);
#8096 = AXIS2_PLACEMENT_3D('',#8097,#8098,#8099);
#8097 = CARTESIAN_POINT('',(-26.5,-26.5,209.4));
#8098 = DIRECTION('',(1.,0.,0.));
#8099 = DIRECTION('',(0.,0.,1.));
#8100 = ADVANCED_FACE('',(#8101),#8123,.T.);
#8101 = FACE_BOUND('',#8102,.T.);
#8102 = EDGE_LOOP('',(#8103,#8111,#8112,#8113,#8114,#8115,#8116,#8117));
#8103 = ORIENTED_EDGE('',*,*,#8104,.F.);
#8104 = EDGE_CURVE('',#7939,#8105,#8107,.T.);
#8105 = VERTEX_POINT('',#8106);
#8106 = CARTESIAN_POINT('',(26.5,-26.5,233.4));
#8107 = LINE('',#8108,#8109);
#8108 = CARTESIAN_POINT('',(26.5,-26.5,209.4));
#8109 = VECTOR('',#8110,1.);
#8110 = DIRECTION('',(0.,0.,1.));
#8111 = ORIENTED_EDGE('',*,*,#7946,.T.);
#8112 = ORIENTED_EDGE('',*,*,#7907,.F.);
#8113 = ORIENTED_EDGE('',*,*,#7883,.F.);
#8114 = ORIENTED_EDGE('',*,*,#7859,.T.);
#8115 = ORIENTED_EDGE('',*,*,#7811,.T.);
#8116 = ORIENTED_EDGE('',*,*,#8080,.T.);
#8117 = ORIENTED_EDGE('',*,*,#8118,.T.);
#8118 = EDGE_CURVE('',#8081,#8105,#8119,.T.);
#8119 = LINE('',#8120,#8121);
#8120 = CARTESIAN_POINT('',(-26.5,-26.5,233.4));
#8121 = VECTOR('',#8122,1.);
#8122 = DIRECTION('',(1.,0.,0.));
#8123 = PLANE('',#8124);
#8124 = AXIS2_PLACEMENT_3D('',#8125,#8126,#8127);
#8125 = CARTESIAN_POINT('',(-26.5,-26.5,209.4));
#8126 = DIRECTION('',(0.,1.,0.));
#8127 = DIRECTION('',(0.,0.,1.));
#8128 = ADVANCED_FACE('',(#8129),#8140,.F.);
#8129 = FACE_BOUND('',#8130,.F.);
#8130 = EDGE_LOOP('',(#8131,#8132,#8133,#8134));
#8131 = ORIENTED_EDGE('',*,*,#8104,.F.);
#8132 = ORIENTED_EDGE('',*,*,#7938,.T.);
#8133 = ORIENTED_EDGE('',*,*,#8045,.T.);
#8134 = ORIENTED_EDGE('',*,*,#8135,.F.);
#8135 = EDGE_CURVE('',#8105,#8046,#8136,.T.);
#8136 = LINE('',#8137,#8138);
#8137 = CARTESIAN_POINT('',(26.5,-26.5,233.4));
#8138 = VECTOR('',#8139,1.);
#8139 = DIRECTION('',(0.,1.,0.));
#8140 = PLANE('',#8141);
#8141 = AXIS2_PLACEMENT_3D('',#8142,#8143,#8144);
#8142 = CARTESIAN_POINT('',(26.5,-26.5,209.4));
#8143 = DIRECTION('',(1.,0.,0.));
#8144 = DIRECTION('',(0.,0.,1.));
#8145 = ADVANCED_FACE('',(#8146),#8152,.F.);
#8146 = FACE_BOUND('',#8147,.F.);
#8147 = EDGE_LOOP('',(#8148,#8149,#8150,#8151));
#8148 = ORIENTED_EDGE('',*,*,#8090,.F.);
#8149 = ORIENTED_EDGE('',*,*,#8118,.T.);
#8150 = ORIENTED_EDGE('',*,*,#8135,.T.);
#8151 = ORIENTED_EDGE('',*,*,#8066,.F.);
#8152 = PLANE('',#8153);
#8153 = AXIS2_PLACEMENT_3D('',#8154,#8155,#8156);
#8154 = CARTESIAN_POINT('',(-26.5,-26.5,233.4));
#8155 = DIRECTION('',(0.,0.,1.));
#8156 = DIRECTION('',(1.,0.,0.));
#8157 = MANIFOLD_SOLID_BREP('',#8158);
#8158 = CLOSED_SHELL('',(#8159,#8192,#8201));
#8159 = ADVANCED_FACE('',(#8160),#8187,.T.);
#8160 = FACE_BOUND('',#8161,.T.);
#8161 = EDGE_LOOP('',(#8162,#8171,#8179,#8186));
#8162 = ORIENTED_EDGE('',*,*,#8163,.F.);
#8163 = EDGE_CURVE('',#8164,#8164,#8166,.T.);
#8164 = VERTEX_POINT('',#8165);
#8165 = CARTESIAN_POINT('',(-20.6,-22.,210.4));
#8166 = CIRCLE('',#8167,1.4);
#8167 = AXIS2_PLACEMENT_3D('',#8168,#8169,#8170);
#8168 = CARTESIAN_POINT('',(-22.,-22.,210.4));
#8169 = DIRECTION('',(0.,0.,1.));
#8170 = DIRECTION('',(1.,0.,0.));
#8171 = ORIENTED_EDGE('',*,*,#8172,.F.);
#8172 = EDGE_CURVE('',#8173,#8164,#8175,.T.);
#8173 = VERTEX_POINT('',#8174);
#8174 = CARTESIAN_POINT('',(-20.6,-22.,206.9));
#8175 = LINE('',#8176,#8177);
#8176 = CARTESIAN_POINT('',(-20.6,-22.,206.9));
#8177 = VECTOR('',#8178,1.);
#8178 = DIRECTION('',(0.,0.,1.));
#8179 = ORIENTED_EDGE('',*,*,#8180,.T.);
#8180 = EDGE_CURVE('',#8173,#8173,#8181,.T.);
#8181 = CIRCLE('',#8182,1.4);
#8182 = AXIS2_PLACEMENT_3D('',#8183,#8184,#8185);
#8183 = CARTESIAN_POINT('',(-22.,-22.,206.9));
#8184 = DIRECTION('',(0.,0.,1.));
#8185 = DIRECTION('',(1.,0.,0.));
#8186 = ORIENTED_EDGE('',*,*,#8172,.T.);
#8187 = CYLINDRICAL_SURFACE('',#8188,1.4);
#8188 = AXIS2_PLACEMENT_3D('',#8189,#8190,#8191);
#8189 = CARTESIAN_POINT('',(-22.,-22.,206.9));
#8190 = DIRECTION('',(0.,0.,1.));
#8191 = DIRECTION('',(1.,0.,0.));
#8192 = ADVANCED_FACE('',(#8193),#8196,.T.);
#8193 = FACE_BOUND('',#8194,.T.);
#8194 = EDGE_LOOP('',(#8195));
#8195 = ORIENTED_EDGE('',*,*,#8163,.T.);
#8196 = PLANE('',#8197);
#8197 = AXIS2_PLACEMENT_3D('',#8198,#8199,#8200);
#8198 = CARTESIAN_POINT('',(-22.,-22.,210.4));
#8199 = DIRECTION('',(0.,0.,1.));
#8200 = DIRECTION('',(1.,0.,0.));
#8201 = ADVANCED_FACE('',(#8202),#8205,.F.);
#8202 = FACE_BOUND('',#8203,.T.);
#8203 = EDGE_LOOP('',(#8204));
#8204 = ORIENTED_EDGE('',*,*,#8180,.F.);
#8205 = PLANE('',#8206);
#8206 = AXIS2_PLACEMENT_3D('',#8207,#8208,#8209);
#8207 = CARTESIAN_POINT('',(-22.,-22.,206.9));
#8208 = DIRECTION('',(0.,0.,1.));
#8209 = DIRECTION('',(1.,0.,0.));
#8210 = MANIFOLD_SOLID_BREP('',#8211);
#8211 = CLOSED_SHELL('',(#8212,#8245,#8254));
#8212 = ADVANCED_FACE('',(#8213),#8240,.T.);
#8213 = FACE_BOUND('',#8214,.T.);
#8214 = EDGE_LOOP('',(#8215,#8224,#8232,#8239));
#8215 = ORIENTED_EDGE('',*,*,#8216,.F.);
#8216 = EDGE_CURVE('',#8217,#8217,#8219,.T.);
#8217 = VERTEX_POINT('',#8218);
#8218 = CARTESIAN_POINT('',(-20.6,22.,210.4));
#8219 = CIRCLE('',#8220,1.4);
#8220 = AXIS2_PLACEMENT_3D('',#8221,#8222,#8223);
#8221 = CARTESIAN_POINT('',(-22.,22.,210.4));
#8222 = DIRECTION('',(0.,0.,1.));
#8223 = DIRECTION('',(1.,0.,0.));
#8224 = ORIENTED_EDGE('',*,*,#8225,.F.);
#8225 = EDGE_CURVE('',#8226,#8217,#8228,.T.);
#8226 = VERTEX_POINT('',#8227);
#8227 = CARTESIAN_POINT('',(-20.6,22.,206.9));
#8228 = LINE('',#8229,#8230);
#8229 = CARTESIAN_POINT('',(-20.6,22.,206.9));
#8230 = VECTOR('',#8231,1.);
#8231 = DIRECTION('',(0.,0.,1.));
#8232 = ORIENTED_EDGE('',*,*,#8233,.T.);
#8233 = EDGE_CURVE('',#8226,#8226,#8234,.T.);
#8234 = CIRCLE('',#8235,1.4);
#8235 = AXIS2_PLACEMENT_3D('',#8236,#8237,#8238);
#8236 = CARTESIAN_POINT('',(-22.,22.,206.9));
#8237 = DIRECTION('',(0.,0.,1.));
#8238 = DIRECTION('',(1.,0.,0.));
#8239 = ORIENTED_EDGE('',*,*,#8225,.T.);
#8240 = CYLINDRICAL_SURFACE('',#8241,1.4);
#8241 = AXIS2_PLACEMENT_3D('',#8242,#8243,#8244);
#8242 = CARTESIAN_POINT('',(-22.,22.,206.9));
#8243 = DIRECTION('',(0.,0.,1.));
#8244 = DIRECTION('',(1.,0.,0.));
#8245 = ADVANCED_FACE('',(#8246),#8249,.T.);
#8246 = FACE_BOUND('',#8247,.T.);
#8247 = EDGE_LOOP('',(#8248));
#8248 = ORIENTED_EDGE('',*,*,#8216,.T.);
#8249 = PLANE('',#8250);
#8250 = AXIS2_PLACEMENT_3D('',#8251,#8252,#8253);
#8251 = CARTESIAN_POINT('',(-22.,22.,210.4));
#8252 = DIRECTION('',(0.,0.,1.));
#8253 = DIRECTION('',(1.,0.,0.));
#8254 = ADVANCED_FACE('',(#8255),#8258,.F.);
#8255 = FACE_BOUND('',#8256,.T.);
#8256 = EDGE_LOOP('',(#8257));
#8257 = ORIENTED_EDGE('',*,*,#8233,.F.);
#8258 = PLANE('',#8259);
#8259 = AXIS2_PLACEMENT_3D('',#8260,#8261,#8262);
#8260 = CARTESIAN_POINT('',(-22.,22.,206.9));
#8261 = DIRECTION('',(0.,0.,1.));
#8262 = DIRECTION('',(1.,0.,0.));
#8263 = MANIFOLD_SOLID_BREP('',#8264);
#8264 = CLOSED_SHELL('',(#8265,#8298,#8307));
#8265 = ADVANCED_FACE('',(#8266),#8293,.T.);
#8266 = FACE_BOUND('',#8267,.T.);
#8267 = EDGE_LOOP('',(#8268,#8277,#8285,#8292));
#8268 = ORIENTED_EDGE('',*,*,#8269,.F.);
#8269 = EDGE_CURVE('',#8270,#8270,#8272,.T.);
#8270 = VERTEX_POINT('',#8271);
#8271 = CARTESIAN_POINT('',(23.4,-22.,210.4));
#8272 = CIRCLE('',#8273,1.4);
#8273 = AXIS2_PLACEMENT_3D('',#8274,#8275,#8276);
#8274 = CARTESIAN_POINT('',(22.,-22.,210.4));
#8275 = DIRECTION('',(0.,0.,1.));
#8276 = DIRECTION('',(1.,0.,0.));
#8277 = ORIENTED_EDGE('',*,*,#8278,.F.);
#8278 = EDGE_CURVE('',#8279,#8270,#8281,.T.);
#8279 = VERTEX_POINT('',#8280);
#8280 = CARTESIAN_POINT('',(23.4,-22.,206.9));
#8281 = LINE('',#8282,#8283);
#8282 = CARTESIAN_POINT('',(23.4,-22.,206.9));
#8283 = VECTOR('',#8284,1.);
#8284 = DIRECTION('',(0.,0.,1.));
#8285 = ORIENTED_EDGE('',*,*,#8286,.T.);
#8286 = EDGE_CURVE('',#8279,#8279,#8287,.T.);
#8287 = CIRCLE('',#8288,1.4);
#8288 = AXIS2_PLACEMENT_3D('',#8289,#8290,#8291);
#8289 = CARTESIAN_POINT('',(22.,-22.,206.9));
#8290 = DIRECTION('',(0.,0.,1.));
#8291 = DIRECTION('',(1.,0.,0.));
#8292 = ORIENTED_EDGE('',*,*,#8278,.T.);
#8293 = CYLINDRICAL_SURFACE('',#8294,1.4);
#8294 = AXIS2_PLACEMENT_3D('',#8295,#8296,#8297);
#8295 = CARTESIAN_POINT('',(22.,-22.,206.9));
#8296 = DIRECTION('',(0.,0.,1.));
#8297 = DIRECTION('',(1.,0.,0.));
#8298 = ADVANCED_FACE('',(#8299),#8302,.T.);
#8299 = FACE_BOUND('',#8300,.T.);
#8300 = EDGE_LOOP('',(#8301));
#8301 = ORIENTED_EDGE('',*,*,#8269,.T.);
#8302 = PLANE('',#8303);
#8303 = AXIS2_PLACEMENT_3D('',#8304,#8305,#8306);
#8304 = CARTESIAN_POINT('',(22.,-22.,210.4));
#8305 = DIRECTION('',(0.,0.,1.));
#8306 = DIRECTION('',(1.,0.,0.));
#8307 = ADVANCED_FACE('',(#8308),#8311,.F.);
#8308 = FACE_BOUND('',#8309,.T.);
#8309 = EDGE_LOOP('',(#8310));
#8310 = ORIENTED_EDGE('',*,*,#8286,.F.);
#8311 = PLANE('',#8312);
#8312 = AXIS2_PLACEMENT_3D('',#8313,#8314,#8315);
#8313 = CARTESIAN_POINT('',(22.,-22.,206.9));
#8314 = DIRECTION('',(0.,0.,1.));
#8315 = DIRECTION('',(1.,0.,0.));
#8316 = MANIFOLD_SOLID_BREP('',#8317);
#8317 = CLOSED_SHELL('',(#8318,#8351,#8360));
#8318 = ADVANCED_FACE('',(#8319),#8346,.T.);
#8319 = FACE_BOUND('',#8320,.T.);
#8320 = EDGE_LOOP('',(#8321,#8330,#8338,#8345));
#8321 = ORIENTED_EDGE('',*,*,#8322,.F.);
#8322 = EDGE_CURVE('',#8323,#8323,#8325,.T.);
#8323 = VERTEX_POINT('',#8324);
#8324 = CARTESIAN_POINT('',(23.4,22.,210.4));
#8325 = CIRCLE('',#8326,1.4);
#8326 = AXIS2_PLACEMENT_3D('',#8327,#8328,#8329);
#8327 = CARTESIAN_POINT('',(22.,22.,210.4));
#8328 = DIRECTION('',(0.,0.,1.));
#8329 = DIRECTION('',(1.,0.,0.));
#8330 = ORIENTED_EDGE('',*,*,#8331,.F.);
#8331 = EDGE_CURVE('',#8332,#8323,#8334,.T.);
#8332 = VERTEX_POINT('',#8333);
#8333 = CARTESIAN_POINT('',(23.4,22.,206.9));
#8334 = LINE('',#8335,#8336);
#8335 = CARTESIAN_POINT('',(23.4,22.,206.9));
#8336 = VECTOR('',#8337,1.);
#8337 = DIRECTION('',(0.,0.,1.));
#8338 = ORIENTED_EDGE('',*,*,#8339,.T.);
#8339 = EDGE_CURVE('',#8332,#8332,#8340,.T.);
#8340 = CIRCLE('',#8341,1.4);
#8341 = AXIS2_PLACEMENT_3D('',#8342,#8343,#8344);
#8342 = CARTESIAN_POINT('',(22.,22.,206.9));
#8343 = DIRECTION('',(0.,0.,1.));
#8344 = DIRECTION('',(1.,0.,0.));
#8345 = ORIENTED_EDGE('',*,*,#8331,.T.);
#8346 = CYLINDRICAL_SURFACE('',#8347,1.4);
#8347 = AXIS2_PLACEMENT_3D('',#8348,#8349,#8350);
#8348 = CARTESIAN_POINT('',(22.,22.,206.9));
#8349 = DIRECTION('',(0.,0.,1.));
#8350 = DIRECTION('',(1.,0.,0.));
#8351 = ADVANCED_FACE('',(#8352),#8355,.T.);
#8352 = FACE_BOUND('',#8353,.T.);
#8353 = EDGE_LOOP('',(#8354));
#8354 = ORIENTED_EDGE('',*,*,#8322,.T.);
#8355 = PLANE('',#8356);
#8356 = AXIS2_PLACEMENT_3D('',#8357,#8358,#8359);
#8357 = CARTESIAN_POINT('',(22.,22.,210.4));
#8358 = DIRECTION('',(0.,0.,1.));
#8359 = DIRECTION('',(1.,0.,0.));
#8360 = ADVANCED_FACE('',(#8361),#8364,.F.);
#8361 = FACE_BOUND('',#8362,.T.);
#8362 = EDGE_LOOP('',(#8363));
#8363 = ORIENTED_EDGE('',*,*,#8339,.F.);
#8364 = PLANE('',#8365);
#8365 = AXIS2_PLACEMENT_3D('',#8366,#8367,#8368);
#8366 = CARTESIAN_POINT('',(22.,22.,206.9));
#8367 = DIRECTION('',(0.,0.,1.));
#8368 = DIRECTION('',(1.,0.,0.));
#8369 = MANIFOLD_SOLID_BREP('',#8370);
#8370 = CLOSED_SHELL('',(#8371,#8411,#8442,#8473,#8504,#8545,#8576,#8617
    ,#8650,#8659,#8692,#8701,#8764,#8789,#8851,#8882,#8906,#8930,#8947,
    #9020,#9041,#9076,#9101,#9115));
#8371 = ADVANCED_FACE('',(#8372),#8406,.T.);
#8372 = FACE_BOUND('',#8373,.T.);
#8373 = EDGE_LOOP('',(#8374,#8384,#8392,#8400));
#8374 = ORIENTED_EDGE('',*,*,#8375,.F.);
#8375 = EDGE_CURVE('',#8376,#8378,#8380,.T.);
#8376 = VERTEX_POINT('',#8377);
#8377 = CARTESIAN_POINT('',(-75.5,-47.89,40.));
#8378 = VERTEX_POINT('',#8379);
#8379 = CARTESIAN_POINT('',(75.5,-47.89,40.));
#8380 = LINE('',#8381,#8382);
#8381 = CARTESIAN_POINT('',(-80.,-47.89,40.));
#8382 = VECTOR('',#8383,1.);
#8383 = DIRECTION('',(1.,0.,0.));
#8384 = ORIENTED_EDGE('',*,*,#8385,.F.);
#8385 = EDGE_CURVE('',#8386,#8376,#8388,.T.);
#8386 = VERTEX_POINT('',#8387);
#8387 = CARTESIAN_POINT('',(-75.5,-50.89,40.));
#8388 = LINE('',#8389,#8390);
#8389 = CARTESIAN_POINT('',(-75.5,-50.89,40.));
#8390 = VECTOR('',#8391,1.);
#8391 = DIRECTION('',(0.,1.,0.));
#8392 = ORIENTED_EDGE('',*,*,#8393,.T.);
#8393 = EDGE_CURVE('',#8386,#8394,#8396,.T.);
#8394 = VERTEX_POINT('',#8395);
#8395 = CARTESIAN_POINT('',(75.5,-50.89,40.));
#8396 = LINE('',#8397,#8398);
#8397 = CARTESIAN_POINT('',(-80.,-50.89,40.));
#8398 = VECTOR('',#8399,1.);
#8399 = DIRECTION('',(1.,0.,0.));
#8400 = ORIENTED_EDGE('',*,*,#8401,.T.);
#8401 = EDGE_CURVE('',#8394,#8378,#8402,.T.);
#8402 = LINE('',#8403,#8404);
#8403 = CARTESIAN_POINT('',(75.5,-50.89,40.));
#8404 = VECTOR('',#8405,1.);
#8405 = DIRECTION('',(0.,1.,0.));
#8406 = PLANE('',#8407);
#8407 = AXIS2_PLACEMENT_3D('',#8408,#8409,#8410);
#8408 = CARTESIAN_POINT('',(-80.,-50.89,40.));
#8409 = DIRECTION('',(0.,0.,1.));
#8410 = DIRECTION('',(1.,0.,0.));
#8411 = ADVANCED_FACE('',(#8412),#8437,.F.);
#8412 = FACE_BOUND('',#8413,.F.);
#8413 = EDGE_LOOP('',(#8414,#8422,#8423,#8431));
#8414 = ORIENTED_EDGE('',*,*,#8415,.F.);
#8415 = EDGE_CURVE('',#8394,#8416,#8418,.T.);
#8416 = VERTEX_POINT('',#8417);
#8417 = CARTESIAN_POINT('',(75.5,-50.89,48.));
#8418 = LINE('',#8419,#8420);
#8419 = CARTESIAN_POINT('',(75.5,-50.89,38.));
#8420 = VECTOR('',#8421,1.);
#8421 = DIRECTION('',(0.,0.,1.));
#8422 = ORIENTED_EDGE('',*,*,#8401,.T.);
#8423 = ORIENTED_EDGE('',*,*,#8424,.T.);
#8424 = EDGE_CURVE('',#8378,#8425,#8427,.T.);
#8425 = VERTEX_POINT('',#8426);
#8426 = CARTESIAN_POINT('',(75.5,-47.89,48.));
#8427 = LINE('',#8428,#8429);
#8428 = CARTESIAN_POINT('',(75.5,-47.89,38.));
#8429 = VECTOR('',#8430,1.);
#8430 = DIRECTION('',(0.,0.,1.));
#8431 = ORIENTED_EDGE('',*,*,#8432,.F.);
#8432 = EDGE_CURVE('',#8416,#8425,#8433,.T.);
#8433 = LINE('',#8434,#8435);
#8434 = CARTESIAN_POINT('',(75.5,-50.89,48.));
#8435 = VECTOR('',#8436,1.);
#8436 = DIRECTION('',(0.,1.,0.));
#8437 = PLANE('',#8438);
#8438 = AXIS2_PLACEMENT_3D('',#8439,#8440,#8441);
#8439 = CARTESIAN_POINT('',(75.5,-50.89,38.));
#8440 = DIRECTION('',(1.,0.,0.));
#8441 = DIRECTION('',(0.,0.,1.));
#8442 = ADVANCED_FACE('',(#8443),#8468,.T.);
#8443 = FACE_BOUND('',#8444,.T.);
#8444 = EDGE_LOOP('',(#8445,#8453,#8454,#8462));
#8445 = ORIENTED_EDGE('',*,*,#8446,.F.);
#8446 = EDGE_CURVE('',#8386,#8447,#8449,.T.);
#8447 = VERTEX_POINT('',#8448);
#8448 = CARTESIAN_POINT('',(-75.5,-50.89,48.));
#8449 = LINE('',#8450,#8451);
#8450 = CARTESIAN_POINT('',(-75.5,-50.89,38.));
#8451 = VECTOR('',#8452,1.);
#8452 = DIRECTION('',(0.,0.,1.));
#8453 = ORIENTED_EDGE('',*,*,#8385,.T.);
#8454 = ORIENTED_EDGE('',*,*,#8455,.T.);
#8455 = EDGE_CURVE('',#8376,#8456,#8458,.T.);
#8456 = VERTEX_POINT('',#8457);
#8457 = CARTESIAN_POINT('',(-75.5,-47.89,48.));
#8458 = LINE('',#8459,#8460);
#8459 = CARTESIAN_POINT('',(-75.5,-47.89,38.));
#8460 = VECTOR('',#8461,1.);
#8461 = DIRECTION('',(0.,0.,1.));
#8462 = ORIENTED_EDGE('',*,*,#8463,.F.);
#8463 = EDGE_CURVE('',#8447,#8456,#8464,.T.);
#8464 = LINE('',#8465,#8466);
#8465 = CARTESIAN_POINT('',(-75.5,-50.89,48.));
#8466 = VECTOR('',#8467,1.);
#8467 = DIRECTION('',(0.,1.,0.));
#8468 = PLANE('',#8469);
#8469 = AXIS2_PLACEMENT_3D('',#8470,#8471,#8472);
#8470 = CARTESIAN_POINT('',(-75.5,-50.89,38.));
#8471 = DIRECTION('',(1.,0.,0.));
#8472 = DIRECTION('',(0.,0.,1.));
#8473 = ADVANCED_FACE('',(#8474),#8499,.T.);
#8474 = FACE_BOUND('',#8475,.T.);
#8475 = EDGE_LOOP('',(#8476,#8477,#8485,#8493));
#8476 = ORIENTED_EDGE('',*,*,#8432,.F.);
#8477 = ORIENTED_EDGE('',*,*,#8478,.T.);
#8478 = EDGE_CURVE('',#8416,#8479,#8481,.T.);
#8479 = VERTEX_POINT('',#8480);
#8480 = CARTESIAN_POINT('',(80.,-50.89,48.));
#8481 = LINE('',#8482,#8483);
#8482 = CARTESIAN_POINT('',(75.5,-50.89,48.));
#8483 = VECTOR('',#8484,1.);
#8484 = DIRECTION('',(1.,0.,0.));
#8485 = ORIENTED_EDGE('',*,*,#8486,.T.);
#8486 = EDGE_CURVE('',#8479,#8487,#8489,.T.);
#8487 = VERTEX_POINT('',#8488);
#8488 = CARTESIAN_POINT('',(80.,-47.89,48.));
#8489 = LINE('',#8490,#8491);
#8490 = CARTESIAN_POINT('',(80.,-50.89,48.));
#8491 = VECTOR('',#8492,1.);
#8492 = DIRECTION('',(0.,1.,0.));
#8493 = ORIENTED_EDGE('',*,*,#8494,.F.);
#8494 = EDGE_CURVE('',#8425,#8487,#8495,.T.);
#8495 = LINE('',#8496,#8497);
#8496 = CARTESIAN_POINT('',(75.5,-47.89,48.));
#8497 = VECTOR('',#8498,1.);
#8498 = DIRECTION('',(1.,0.,0.));
#8499 = PLANE('',#8500);
#8500 = AXIS2_PLACEMENT_3D('',#8501,#8502,#8503);
#8501 = CARTESIAN_POINT('',(75.5,-50.89,48.));
#8502 = DIRECTION('',(0.,0.,1.));
#8503 = DIRECTION('',(1.,0.,0.));
#8504 = ADVANCED_FACE('',(#8505),#8540,.T.);
#8505 = FACE_BOUND('',#8506,.T.);
#8506 = EDGE_LOOP('',(#8507,#8515,#8524,#8533,#8539));
#8507 = ORIENTED_EDGE('',*,*,#8508,.F.);
#8508 = EDGE_CURVE('',#8509,#8479,#8511,.T.);
#8509 = VERTEX_POINT('',#8510);
#8510 = CARTESIAN_POINT('',(80.,-50.89,44.));
#8511 = LINE('',#8512,#8513);
#8512 = CARTESIAN_POINT('',(80.,-50.89,38.));
#8513 = VECTOR('',#8514,1.);
#8514 = DIRECTION('',(0.,0.,1.));
#8515 = ORIENTED_EDGE('',*,*,#8516,.F.);
#8516 = EDGE_CURVE('',#8517,#8509,#8519,.T.);
#8517 = VERTEX_POINT('',#8518);
#8518 = CARTESIAN_POINT('',(80.,-49.39,45.5));
#8519 = CIRCLE('',#8520,1.5);
#8520 = AXIS2_PLACEMENT_3D('',#8521,#8522,#8523);
#8521 = CARTESIAN_POINT('',(80.,-49.39,44.));
#8522 = DIRECTION('',(1.,0.,-0.));
#8523 = DIRECTION('',(0.,0.,1.));
#8524 = ORIENTED_EDGE('',*,*,#8525,.F.);
#8525 = EDGE_CURVE('',#8526,#8517,#8528,.T.);
#8526 = VERTEX_POINT('',#8527);
#8527 = CARTESIAN_POINT('',(80.,-47.89,44.));
#8528 = CIRCLE('',#8529,1.5);
#8529 = AXIS2_PLACEMENT_3D('',#8530,#8531,#8532);
#8530 = CARTESIAN_POINT('',(80.,-49.39,44.));
#8531 = DIRECTION('',(1.,0.,-0.));
#8532 = DIRECTION('',(0.,0.,1.));
#8533 = ORIENTED_EDGE('',*,*,#8534,.T.);
#8534 = EDGE_CURVE('',#8526,#8487,#8535,.T.);
#8535 = LINE('',#8536,#8537);
#8536 = CARTESIAN_POINT('',(80.,-47.89,38.));
#8537 = VECTOR('',#8538,1.);
#8538 = DIRECTION('',(0.,0.,1.));
#8539 = ORIENTED_EDGE('',*,*,#8486,.F.);
#8540 = PLANE('',#8541);
#8541 = AXIS2_PLACEMENT_3D('',#8542,#8543,#8544);
#8542 = CARTESIAN_POINT('',(80.,-50.89,38.));
#8543 = DIRECTION('',(1.,0.,0.));
#8544 = DIRECTION('',(0.,0.,1.));
#8545 = ADVANCED_FACE('',(#8546),#8571,.T.);
#8546 = FACE_BOUND('',#8547,.T.);
#8547 = EDGE_LOOP('',(#8548,#8558,#8564,#8565));
#8548 = ORIENTED_EDGE('',*,*,#8549,.F.);
#8549 = EDGE_CURVE('',#8550,#8552,#8554,.T.);
#8550 = VERTEX_POINT('',#8551);
#8551 = CARTESIAN_POINT('',(-80.,-50.89,48.));
#8552 = VERTEX_POINT('',#8553);
#8553 = CARTESIAN_POINT('',(-80.,-47.89,48.));
#8554 = LINE('',#8555,#8556);
#8555 = CARTESIAN_POINT('',(-80.,-50.89,48.));
#8556 = VECTOR('',#8557,1.);
#8557 = DIRECTION('',(0.,1.,0.));
#8558 = ORIENTED_EDGE('',*,*,#8559,.T.);
#8559 = EDGE_CURVE('',#8550,#8447,#8560,.T.);
#8560 = LINE('',#8561,#8562);
#8561 = CARTESIAN_POINT('',(-80.,-50.89,48.));
#8562 = VECTOR('',#8563,1.);
#8563 = DIRECTION('',(1.,0.,0.));
#8564 = ORIENTED_EDGE('',*,*,#8463,.T.);
#8565 = ORIENTED_EDGE('',*,*,#8566,.F.);
#8566 = EDGE_CURVE('',#8552,#8456,#8567,.T.);
#8567 = LINE('',#8568,#8569);
#8568 = CARTESIAN_POINT('',(-80.,-47.89,48.));
#8569 = VECTOR('',#8570,1.);
#8570 = DIRECTION('',(1.,0.,0.));
#8571 = PLANE('',#8572);
#8572 = AXIS2_PLACEMENT_3D('',#8573,#8574,#8575);
#8573 = CARTESIAN_POINT('',(-80.,-50.89,48.));
#8574 = DIRECTION('',(0.,0.,1.));
#8575 = DIRECTION('',(1.,0.,0.));
#8576 = ADVANCED_FACE('',(#8577),#8612,.F.);
#8577 = FACE_BOUND('',#8578,.F.);
#8578 = EDGE_LOOP('',(#8579,#8587,#8596,#8605,#8611));
#8579 = ORIENTED_EDGE('',*,*,#8580,.F.);
#8580 = EDGE_CURVE('',#8581,#8550,#8583,.T.);
#8581 = VERTEX_POINT('',#8582);
#8582 = CARTESIAN_POINT('',(-80.,-50.89,44.));
#8583 = LINE('',#8584,#8585);
#8584 = CARTESIAN_POINT('',(-80.,-50.89,38.));
#8585 = VECTOR('',#8586,1.);
#8586 = DIRECTION('',(0.,0.,1.));
#8587 = ORIENTED_EDGE('',*,*,#8588,.F.);
#8588 = EDGE_CURVE('',#8589,#8581,#8591,.T.);
#8589 = VERTEX_POINT('',#8590);
#8590 = CARTESIAN_POINT('',(-80.,-49.39,45.5));
#8591 = CIRCLE('',#8592,1.5);
#8592 = AXIS2_PLACEMENT_3D('',#8593,#8594,#8595);
#8593 = CARTESIAN_POINT('',(-80.,-49.39,44.));
#8594 = DIRECTION('',(1.,0.,-0.));
#8595 = DIRECTION('',(0.,0.,1.));
#8596 = ORIENTED_EDGE('',*,*,#8597,.F.);
#8597 = EDGE_CURVE('',#8598,#8589,#8600,.T.);
#8598 = VERTEX_POINT('',#8599);
#8599 = CARTESIAN_POINT('',(-80.,-47.89,44.));
#8600 = CIRCLE('',#8601,1.5);
#8601 = AXIS2_PLACEMENT_3D('',#8602,#8603,#8604);
#8602 = CARTESIAN_POINT('',(-80.,-49.39,44.));
#8603 = DIRECTION('',(1.,0.,-0.));
#8604 = DIRECTION('',(0.,0.,1.));
#8605 = ORIENTED_EDGE('',*,*,#8606,.T.);
#8606 = EDGE_CURVE('',#8598,#8552,#8607,.T.);
#8607 = LINE('',#8608,#8609);
#8608 = CARTESIAN_POINT('',(-80.,-47.89,38.));
#8609 = VECTOR('',#8610,1.);
#8610 = DIRECTION('',(0.,0.,1.));
#8611 = ORIENTED_EDGE('',*,*,#8549,.F.);
#8612 = PLANE('',#8613);
#8613 = AXIS2_PLACEMENT_3D('',#8614,#8615,#8616);
#8614 = CARTESIAN_POINT('',(-80.,-50.89,38.));
#8615 = DIRECTION('',(1.,0.,0.));
#8616 = DIRECTION('',(0.,0.,1.));
#8617 = ADVANCED_FACE('',(#8618),#8645,.T.);
#8618 = FACE_BOUND('',#8619,.T.);
#8619 = EDGE_LOOP('',(#8620,#8628,#8629,#8636,#8637,#8638));
#8620 = ORIENTED_EDGE('',*,*,#8621,.T.);
#8621 = EDGE_CURVE('',#8622,#8589,#8624,.T.);
#8622 = VERTEX_POINT('',#8623);
#8623 = CARTESIAN_POINT('',(-83.5,-49.39,45.5));
#8624 = LINE('',#8625,#8626);
#8625 = CARTESIAN_POINT('',(-83.5,-49.39,45.5));
#8626 = VECTOR('',#8627,1.);
#8627 = DIRECTION('',(1.,0.,0.));
#8628 = ORIENTED_EDGE('',*,*,#8597,.F.);
#8629 = ORIENTED_EDGE('',*,*,#8630,.F.);
#8630 = EDGE_CURVE('',#8581,#8598,#8631,.T.);
#8631 = CIRCLE('',#8632,1.5);
#8632 = AXIS2_PLACEMENT_3D('',#8633,#8634,#8635);
#8633 = CARTESIAN_POINT('',(-80.,-49.39,44.));
#8634 = DIRECTION('',(1.,0.,-0.));
#8635 = DIRECTION('',(0.,0.,1.));
#8636 = ORIENTED_EDGE('',*,*,#8588,.F.);
#8637 = ORIENTED_EDGE('',*,*,#8621,.F.);
#8638 = ORIENTED_EDGE('',*,*,#8639,.T.);
#8639 = EDGE_CURVE('',#8622,#8622,#8640,.T.);
#8640 = CIRCLE('',#8641,1.5);
#8641 = AXIS2_PLACEMENT_3D('',#8642,#8643,#8644);
#8642 = CARTESIAN_POINT('',(-83.5,-49.39,44.));
#8643 = DIRECTION('',(1.,0.,-0.));
#8644 = DIRECTION('',(0.,0.,1.));
#8645 = CYLINDRICAL_SURFACE('',#8646,1.5);
#8646 = AXIS2_PLACEMENT_3D('',#8647,#8648,#8649);
#8647 = CARTESIAN_POINT('',(-83.5,-49.39,44.));
#8648 = DIRECTION('',(1.,0.,0.));
#8649 = DIRECTION('',(0.,0.,1.));
#8650 = ADVANCED_FACE('',(#8651),#8654,.F.);
#8651 = FACE_BOUND('',#8652,.T.);
#8652 = EDGE_LOOP('',(#8653));
#8653 = ORIENTED_EDGE('',*,*,#8639,.F.);
#8654 = PLANE('',#8655);
#8655 = AXIS2_PLACEMENT_3D('',#8656,#8657,#8658);
#8656 = CARTESIAN_POINT('',(-83.5,-49.39,44.));
#8657 = DIRECTION('',(1.,0.,0.));
#8658 = DIRECTION('',(0.,0.,1.));
#8659 = ADVANCED_FACE('',(#8660),#8687,.T.);
#8660 = FACE_BOUND('',#8661,.T.);
#8661 = EDGE_LOOP('',(#8662,#8670,#8677,#8678,#8679,#8686));
#8662 = ORIENTED_EDGE('',*,*,#8663,.T.);
#8663 = EDGE_CURVE('',#8517,#8664,#8666,.T.);
#8664 = VERTEX_POINT('',#8665);
#8665 = CARTESIAN_POINT('',(83.5,-49.39,45.5));
#8666 = LINE('',#8667,#8668);
#8667 = CARTESIAN_POINT('',(80.,-49.39,45.5));
#8668 = VECTOR('',#8669,1.);
#8669 = DIRECTION('',(1.,0.,0.));
#8670 = ORIENTED_EDGE('',*,*,#8671,.F.);
#8671 = EDGE_CURVE('',#8664,#8664,#8672,.T.);
#8672 = CIRCLE('',#8673,1.5);
#8673 = AXIS2_PLACEMENT_3D('',#8674,#8675,#8676);
#8674 = CARTESIAN_POINT('',(83.5,-49.39,44.));
#8675 = DIRECTION('',(1.,0.,-0.));
#8676 = DIRECTION('',(0.,0.,1.));
#8677 = ORIENTED_EDGE('',*,*,#8663,.F.);
#8678 = ORIENTED_EDGE('',*,*,#8516,.T.);
#8679 = ORIENTED_EDGE('',*,*,#8680,.T.);
#8680 = EDGE_CURVE('',#8509,#8526,#8681,.T.);
#8681 = CIRCLE('',#8682,1.5);
#8682 = AXIS2_PLACEMENT_3D('',#8683,#8684,#8685);
#8683 = CARTESIAN_POINT('',(80.,-49.39,44.));
#8684 = DIRECTION('',(1.,0.,-0.));
#8685 = DIRECTION('',(0.,0.,1.));
#8686 = ORIENTED_EDGE('',*,*,#8525,.T.);
#8687 = CYLINDRICAL_SURFACE('',#8688,1.5);
#8688 = AXIS2_PLACEMENT_3D('',#8689,#8690,#8691);
#8689 = CARTESIAN_POINT('',(80.,-49.39,44.));
#8690 = DIRECTION('',(1.,0.,0.));
#8691 = DIRECTION('',(0.,0.,1.));
#8692 = ADVANCED_FACE('',(#8693),#8696,.T.);
#8693 = FACE_BOUND('',#8694,.T.);
#8694 = EDGE_LOOP('',(#8695));
#8695 = ORIENTED_EDGE('',*,*,#8671,.T.);
#8696 = PLANE('',#8697);
#8697 = AXIS2_PLACEMENT_3D('',#8698,#8699,#8700);
#8698 = CARTESIAN_POINT('',(83.5,-49.39,44.));
#8699 = DIRECTION('',(1.,0.,0.));
#8700 = DIRECTION('',(0.,0.,1.));
#8701 = ADVANCED_FACE('',(#8702),#8759,.T.);
#8702 = FACE_BOUND('',#8703,.T.);
#8703 = EDGE_LOOP('',(#8704,#8712,#8713,#8721,#8729,#8737,#8745,#8753));
#8704 = ORIENTED_EDGE('',*,*,#8705,.T.);
#8705 = EDGE_CURVE('',#8706,#8581,#8708,.T.);
#8706 = VERTEX_POINT('',#8707);
#8707 = CARTESIAN_POINT('',(-80.,-50.89,0.3));
#8708 = LINE('',#8709,#8710);
#8709 = CARTESIAN_POINT('',(-80.,-50.89,0.3));
#8710 = VECTOR('',#8711,1.);
#8711 = DIRECTION('',(0.,0.,1.));
#8712 = ORIENTED_EDGE('',*,*,#8630,.T.);
#8713 = ORIENTED_EDGE('',*,*,#8714,.F.);
#8714 = EDGE_CURVE('',#8715,#8598,#8717,.T.);
#8715 = VERTEX_POINT('',#8716);
#8716 = CARTESIAN_POINT('',(-80.,-47.89,21.833030277982));
#8717 = LINE('',#8718,#8719);
#8718 = CARTESIAN_POINT('',(-80.,-47.89,38.));
#8719 = VECTOR('',#8720,1.);
#8720 = DIRECTION('',(0.,0.,1.));
#8721 = ORIENTED_EDGE('',*,*,#8722,.F.);
#8722 = EDGE_CURVE('',#8723,#8715,#8725,.T.);
#8723 = VERTEX_POINT('',#8724);
#8724 = CARTESIAN_POINT('',(-80.,-49.88,21.833030277982));
#8725 = LINE('',#8726,#8727);
#8726 = CARTESIAN_POINT('',(-80.,-49.88,21.833030277982));
#8727 = VECTOR('',#8728,1.);
#8728 = DIRECTION('',(0.,1.,0.));
#8729 = ORIENTED_EDGE('',*,*,#8730,.F.);
#8730 = EDGE_CURVE('',#8731,#8723,#8733,.T.);
#8731 = VERTEX_POINT('',#8732);
#8732 = CARTESIAN_POINT('',(-80.,-49.88,18.166969722018));
#8733 = LINE('',#8734,#8735);
#8734 = CARTESIAN_POINT('',(-80.,-49.88,10.15));
#8735 = VECTOR('',#8736,1.);
#8736 = DIRECTION('',(0.,0.,1.));
#8737 = ORIENTED_EDGE('',*,*,#8738,.T.);
#8738 = EDGE_CURVE('',#8731,#8739,#8741,.T.);
#8739 = VERTEX_POINT('',#8740);
#8740 = CARTESIAN_POINT('',(-80.,-47.89,18.166969722018));
#8741 = LINE('',#8742,#8743);
#8742 = CARTESIAN_POINT('',(-80.,-49.88,18.166969722018));
#8743 = VECTOR('',#8744,1.);
#8744 = DIRECTION('',(0.,1.,0.));
#8745 = ORIENTED_EDGE('',*,*,#8746,.F.);
#8746 = EDGE_CURVE('',#8747,#8739,#8749,.T.);
#8747 = VERTEX_POINT('',#8748);
#8748 = CARTESIAN_POINT('',(-80.,-47.89,0.3));
#8749 = LINE('',#8750,#8751);
#8750 = CARTESIAN_POINT('',(-80.,-47.89,0.3));
#8751 = VECTOR('',#8752,1.);
#8752 = DIRECTION('',(0.,0.,1.));
#8753 = ORIENTED_EDGE('',*,*,#8754,.F.);
#8754 = EDGE_CURVE('',#8706,#8747,#8755,.T.);
#8755 = LINE('',#8756,#8757);
#8756 = CARTESIAN_POINT('',(-80.,-50.89,0.3));
#8757 = VECTOR('',#8758,1.);
#8758 = DIRECTION('',(0.,1.,0.));
#8759 = PLANE('',#8760);
#8760 = AXIS2_PLACEMENT_3D('',#8761,#8762,#8763);
#8761 = CARTESIAN_POINT('',(-80.,-49.44345429314,22.355510575273));
#8762 = DIRECTION('',(-1.,-0.,-0.));
#8763 = DIRECTION('',(0.,0.,-1.));
#8764 = ADVANCED_FACE('',(#8765),#8784,.T.);
#8765 = FACE_BOUND('',#8766,.T.);
#8766 = EDGE_LOOP('',(#8767,#8776,#8783));
#8767 = ORIENTED_EDGE('',*,*,#8768,.T.);
#8768 = EDGE_CURVE('',#8723,#8769,#8771,.T.);
#8769 = VERTEX_POINT('',#8770);
#8770 = CARTESIAN_POINT('',(-77.5,-49.88,23.1));
#8771 = CIRCLE('',#8772,3.1);
#8772 = AXIS2_PLACEMENT_3D('',#8773,#8774,#8775);
#8773 = CARTESIAN_POINT('',(-77.5,-49.88,20.));
#8774 = DIRECTION('',(0.,1.,0.));
#8775 = DIRECTION('',(0.,0.,1.));
#8776 = ORIENTED_EDGE('',*,*,#8777,.T.);
#8777 = EDGE_CURVE('',#8769,#8731,#8778,.T.);
#8778 = CIRCLE('',#8779,3.1);
#8779 = AXIS2_PLACEMENT_3D('',#8780,#8781,#8782);
#8780 = CARTESIAN_POINT('',(-77.5,-49.88,20.));
#8781 = DIRECTION('',(0.,1.,0.));
#8782 = DIRECTION('',(0.,0.,1.));
#8783 = ORIENTED_EDGE('',*,*,#8730,.T.);
#8784 = PLANE('',#8785);
#8785 = AXIS2_PLACEMENT_3D('',#8786,#8787,#8788);
#8786 = CARTESIAN_POINT('',(-77.5,-49.88,20.));
#8787 = DIRECTION('',(0.,1.,0.));
#8788 = DIRECTION('',(0.,0.,1.));
#8789 = ADVANCED_FACE('',(#8790),#8846,.T.);
#8790 = FACE_BOUND('',#8791,.T.);
#8791 = EDGE_LOOP('',(#8792,#8800,#8801,#8802,#8803,#8804,#8805,#8806,
    #8807,#8808,#8816,#8824,#8832,#8840));
#8792 = ORIENTED_EDGE('',*,*,#8793,.T.);
#8793 = EDGE_CURVE('',#8794,#8509,#8796,.T.);
#8794 = VERTEX_POINT('',#8795);
#8795 = CARTESIAN_POINT('',(80.,-50.89,0.3));
#8796 = LINE('',#8797,#8798);
#8797 = CARTESIAN_POINT('',(80.,-50.89,0.3));
#8798 = VECTOR('',#8799,1.);
#8799 = DIRECTION('',(0.,0.,1.));
#8800 = ORIENTED_EDGE('',*,*,#8508,.T.);
#8801 = ORIENTED_EDGE('',*,*,#8478,.F.);
#8802 = ORIENTED_EDGE('',*,*,#8415,.F.);
#8803 = ORIENTED_EDGE('',*,*,#8393,.F.);
#8804 = ORIENTED_EDGE('',*,*,#8446,.T.);
#8805 = ORIENTED_EDGE('',*,*,#8559,.F.);
#8806 = ORIENTED_EDGE('',*,*,#8580,.F.);
#8807 = ORIENTED_EDGE('',*,*,#8705,.F.);
#8808 = ORIENTED_EDGE('',*,*,#8809,.T.);
#8809 = EDGE_CURVE('',#8706,#8810,#8812,.T.);
#8810 = VERTEX_POINT('',#8811);
#8811 = CARTESIAN_POINT('',(-60.,-50.89,0.3));
#8812 = LINE('',#8813,#8814);
#8813 = CARTESIAN_POINT('',(-80.,-50.89,0.3));
#8814 = VECTOR('',#8815,1.);
#8815 = DIRECTION('',(1.,0.,0.));
#8816 = ORIENTED_EDGE('',*,*,#8817,.F.);
#8817 = EDGE_CURVE('',#8818,#8810,#8820,.T.);
#8818 = VERTEX_POINT('',#8819);
#8819 = CARTESIAN_POINT('',(-60.,-50.89,5.5));
#8820 = LINE('',#8821,#8822);
#8821 = CARTESIAN_POINT('',(-60.,-50.89,0.3));
#8822 = VECTOR('',#8823,1.);
#8823 = DIRECTION('',(0.,0.,-1.));
#8824 = ORIENTED_EDGE('',*,*,#8825,.T.);
#8825 = EDGE_CURVE('',#8818,#8826,#8828,.T.);
#8826 = VERTEX_POINT('',#8827);
#8827 = CARTESIAN_POINT('',(60.,-50.89,5.5));
#8828 = LINE('',#8829,#8830);
#8829 = CARTESIAN_POINT('',(-70.,-50.89,5.5));
#8830 = VECTOR('',#8831,1.);
#8831 = DIRECTION('',(1.,0.,0.));
#8832 = ORIENTED_EDGE('',*,*,#8833,.T.);
#8833 = EDGE_CURVE('',#8826,#8834,#8836,.T.);
#8834 = VERTEX_POINT('',#8835);
#8835 = CARTESIAN_POINT('',(60.,-50.89,0.3));
#8836 = LINE('',#8837,#8838);
#8837 = CARTESIAN_POINT('',(60.,-50.89,0.3));
#8838 = VECTOR('',#8839,1.);
#8839 = DIRECTION('',(0.,0.,-1.));
#8840 = ORIENTED_EDGE('',*,*,#8841,.T.);
#8841 = EDGE_CURVE('',#8834,#8794,#8842,.T.);
#8842 = LINE('',#8843,#8844);
#8843 = CARTESIAN_POINT('',(-80.,-50.89,0.3));
#8844 = VECTOR('',#8845,1.);
#8845 = DIRECTION('',(1.,0.,0.));
#8846 = PLANE('',#8847);
#8847 = AXIS2_PLACEMENT_3D('',#8848,#8849,#8850);
#8848 = CARTESIAN_POINT('',(0.,-50.89,23.046785875962));
#8849 = DIRECTION('',(-0.,-1.,-0.));
#8850 = DIRECTION('',(0.,0.,-1.));
#8851 = ADVANCED_FACE('',(#8852),#8877,.F.);
#8852 = FACE_BOUND('',#8853,.F.);
#8853 = EDGE_LOOP('',(#8854,#8862,#8870,#8876));
#8854 = ORIENTED_EDGE('',*,*,#8855,.F.);
#8855 = EDGE_CURVE('',#8856,#8818,#8858,.T.);
#8856 = VERTEX_POINT('',#8857);
#8857 = CARTESIAN_POINT('',(-60.,-55.89,5.5));
#8858 = LINE('',#8859,#8860);
#8859 = CARTESIAN_POINT('',(-60.,-55.89,5.5));
#8860 = VECTOR('',#8861,1.);
#8861 = DIRECTION('',(0.,1.,0.));
#8862 = ORIENTED_EDGE('',*,*,#8863,.F.);
#8863 = EDGE_CURVE('',#8864,#8856,#8866,.T.);
#8864 = VERTEX_POINT('',#8865);
#8865 = CARTESIAN_POINT('',(-60.,-55.89,0.3));
#8866 = LINE('',#8867,#8868);
#8867 = CARTESIAN_POINT('',(-60.,-55.89,0.3));
#8868 = VECTOR('',#8869,1.);
#8869 = DIRECTION('',(0.,0.,1.));
#8870 = ORIENTED_EDGE('',*,*,#8871,.T.);
#8871 = EDGE_CURVE('',#8864,#8810,#8872,.T.);
#8872 = LINE('',#8873,#8874);
#8873 = CARTESIAN_POINT('',(-60.,-55.89,0.3));
#8874 = VECTOR('',#8875,1.);
#8875 = DIRECTION('',(0.,1.,0.));
#8876 = ORIENTED_EDGE('',*,*,#8817,.F.);
#8877 = PLANE('',#8878);
#8878 = AXIS2_PLACEMENT_3D('',#8879,#8880,#8881);
#8879 = CARTESIAN_POINT('',(-60.,-55.89,0.3));
#8880 = DIRECTION('',(1.,0.,0.));
#8881 = DIRECTION('',(0.,0.,1.));
#8882 = ADVANCED_FACE('',(#8883),#8901,.T.);
#8883 = FACE_BOUND('',#8884,.T.);
#8884 = EDGE_LOOP('',(#8885,#8886,#8894,#8900));
#8885 = ORIENTED_EDGE('',*,*,#8855,.F.);
#8886 = ORIENTED_EDGE('',*,*,#8887,.T.);
#8887 = EDGE_CURVE('',#8856,#8888,#8890,.T.);
#8888 = VERTEX_POINT('',#8889);
#8889 = CARTESIAN_POINT('',(60.,-55.89,5.5));
#8890 = LINE('',#8891,#8892);
#8891 = CARTESIAN_POINT('',(-60.,-55.89,5.5));
#8892 = VECTOR('',#8893,1.);
#8893 = DIRECTION('',(1.,0.,0.));
#8894 = ORIENTED_EDGE('',*,*,#8895,.T.);
#8895 = EDGE_CURVE('',#8888,#8826,#8896,.T.);
#8896 = LINE('',#8897,#8898);
#8897 = CARTESIAN_POINT('',(60.,-55.89,5.5));
#8898 = VECTOR('',#8899,1.);
#8899 = DIRECTION('',(0.,1.,0.));
#8900 = ORIENTED_EDGE('',*,*,#8825,.F.);
#8901 = PLANE('',#8902);
#8902 = AXIS2_PLACEMENT_3D('',#8903,#8904,#8905);
#8903 = CARTESIAN_POINT('',(-60.,-55.89,5.5));
#8904 = DIRECTION('',(0.,0.,1.));
#8905 = DIRECTION('',(1.,0.,0.));
#8906 = ADVANCED_FACE('',(#8907),#8925,.T.);
#8907 = FACE_BOUND('',#8908,.T.);
#8908 = EDGE_LOOP('',(#8909,#8910,#8918,#8924));
#8909 = ORIENTED_EDGE('',*,*,#8895,.F.);
#8910 = ORIENTED_EDGE('',*,*,#8911,.F.);
#8911 = EDGE_CURVE('',#8912,#8888,#8914,.T.);
#8912 = VERTEX_POINT('',#8913);
#8913 = CARTESIAN_POINT('',(60.,-55.89,0.3));
#8914 = LINE('',#8915,#8916);
#8915 = CARTESIAN_POINT('',(60.,-55.89,0.3));
#8916 = VECTOR('',#8917,1.);
#8917 = DIRECTION('',(0.,0.,1.));
#8918 = ORIENTED_EDGE('',*,*,#8919,.T.);
#8919 = EDGE_CURVE('',#8912,#8834,#8920,.T.);
#8920 = LINE('',#8921,#8922);
#8921 = CARTESIAN_POINT('',(60.,-55.89,0.3));
#8922 = VECTOR('',#8923,1.);
#8923 = DIRECTION('',(0.,1.,0.));
#8924 = ORIENTED_EDGE('',*,*,#8833,.F.);
#8925 = PLANE('',#8926);
#8926 = AXIS2_PLACEMENT_3D('',#8927,#8928,#8929);
#8927 = CARTESIAN_POINT('',(60.,-55.89,0.3));
#8928 = DIRECTION('',(1.,0.,0.));
#8929 = DIRECTION('',(0.,0.,1.));
#8930 = ADVANCED_FACE('',(#8931),#8942,.F.);
#8931 = FACE_BOUND('',#8932,.F.);
#8932 = EDGE_LOOP('',(#8933,#8939,#8940,#8941));
#8933 = ORIENTED_EDGE('',*,*,#8934,.F.);
#8934 = EDGE_CURVE('',#8864,#8912,#8935,.T.);
#8935 = LINE('',#8936,#8937);
#8936 = CARTESIAN_POINT('',(-60.,-55.89,0.3));
#8937 = VECTOR('',#8938,1.);
#8938 = DIRECTION('',(1.,0.,0.));
#8939 = ORIENTED_EDGE('',*,*,#8863,.T.);
#8940 = ORIENTED_EDGE('',*,*,#8887,.T.);
#8941 = ORIENTED_EDGE('',*,*,#8911,.F.);
#8942 = PLANE('',#8943);
#8943 = AXIS2_PLACEMENT_3D('',#8944,#8945,#8946);
#8944 = CARTESIAN_POINT('',(-60.,-55.89,0.3));
#8945 = DIRECTION('',(0.,1.,0.));
#8946 = DIRECTION('',(0.,0.,1.));
#8947 = ADVANCED_FACE('',(#8948),#9015,.T.);
#8948 = FACE_BOUND('',#8949,.T.);
#8949 = EDGE_LOOP('',(#8950,#8960,#8966,#8967,#8976,#8983,#8984,#8985,
    #8986,#8987,#8988,#8989,#8990,#8991,#8999,#9008));
#8950 = ORIENTED_EDGE('',*,*,#8951,.F.);
#8951 = EDGE_CURVE('',#8952,#8954,#8956,.T.);
#8952 = VERTEX_POINT('',#8953);
#8953 = CARTESIAN_POINT('',(80.,-47.89,0.3));
#8954 = VERTEX_POINT('',#8955);
#8955 = CARTESIAN_POINT('',(80.,-47.89,18.166969722018));
#8956 = LINE('',#8957,#8958);
#8957 = CARTESIAN_POINT('',(80.,-47.89,0.3));
#8958 = VECTOR('',#8959,1.);
#8959 = DIRECTION('',(0.,0.,1.));
#8960 = ORIENTED_EDGE('',*,*,#8961,.F.);
#8961 = EDGE_CURVE('',#8747,#8952,#8962,.T.);
#8962 = LINE('',#8963,#8964);
#8963 = CARTESIAN_POINT('',(-80.,-47.89,0.3));
#8964 = VECTOR('',#8965,1.);
#8965 = DIRECTION('',(1.,0.,0.));
#8966 = ORIENTED_EDGE('',*,*,#8746,.T.);
#8967 = ORIENTED_EDGE('',*,*,#8968,.F.);
#8968 = EDGE_CURVE('',#8969,#8739,#8971,.T.);
#8969 = VERTEX_POINT('',#8970);
#8970 = CARTESIAN_POINT('',(-77.5,-47.89,23.1));
#8971 = CIRCLE('',#8972,3.1);
#8972 = AXIS2_PLACEMENT_3D('',#8973,#8974,#8975);
#8973 = CARTESIAN_POINT('',(-77.5,-47.89,20.));
#8974 = DIRECTION('',(0.,1.,0.));
#8975 = DIRECTION('',(0.,0.,1.));
#8976 = ORIENTED_EDGE('',*,*,#8977,.F.);
#8977 = EDGE_CURVE('',#8715,#8969,#8978,.T.);
#8978 = CIRCLE('',#8979,3.1);
#8979 = AXIS2_PLACEMENT_3D('',#8980,#8981,#8982);
#8980 = CARTESIAN_POINT('',(-77.5,-47.89,20.));
#8981 = DIRECTION('',(0.,1.,0.));
#8982 = DIRECTION('',(0.,0.,1.));
#8983 = ORIENTED_EDGE('',*,*,#8714,.T.);
#8984 = ORIENTED_EDGE('',*,*,#8606,.T.);
#8985 = ORIENTED_EDGE('',*,*,#8566,.T.);
#8986 = ORIENTED_EDGE('',*,*,#8455,.F.);
#8987 = ORIENTED_EDGE('',*,*,#8375,.T.);
#8988 = ORIENTED_EDGE('',*,*,#8424,.T.);
#8989 = ORIENTED_EDGE('',*,*,#8494,.T.);
#8990 = ORIENTED_EDGE('',*,*,#8534,.F.);
#8991 = ORIENTED_EDGE('',*,*,#8992,.F.);
#8992 = EDGE_CURVE('',#8993,#8526,#8995,.T.);
#8993 = VERTEX_POINT('',#8994);
#8994 = CARTESIAN_POINT('',(80.,-47.89,21.833030277982));
#8995 = LINE('',#8996,#8997);
#8996 = CARTESIAN_POINT('',(80.,-47.89,38.));
#8997 = VECTOR('',#8998,1.);
#8998 = DIRECTION('',(0.,0.,1.));
#8999 = ORIENTED_EDGE('',*,*,#9000,.F.);
#9000 = EDGE_CURVE('',#9001,#8993,#9003,.T.);
#9001 = VERTEX_POINT('',#9002);
#9002 = CARTESIAN_POINT('',(77.5,-47.89,23.1));
#9003 = CIRCLE('',#9004,3.1);
#9004 = AXIS2_PLACEMENT_3D('',#9005,#9006,#9007);
#9005 = CARTESIAN_POINT('',(77.5,-47.89,20.));
#9006 = DIRECTION('',(0.,1.,0.));
#9007 = DIRECTION('',(0.,0.,1.));
#9008 = ORIENTED_EDGE('',*,*,#9009,.F.);
#9009 = EDGE_CURVE('',#8954,#9001,#9010,.T.);
#9010 = CIRCLE('',#9011,3.1);
#9011 = AXIS2_PLACEMENT_3D('',#9012,#9013,#9014);
#9012 = CARTESIAN_POINT('',(77.5,-47.89,20.));
#9013 = DIRECTION('',(0.,1.,0.));
#9014 = DIRECTION('',(0.,0.,1.));
#9015 = PLANE('',#9016);
#9016 = AXIS2_PLACEMENT_3D('',#9017,#9018,#9019);
#9017 = CARTESIAN_POINT('',(1.254128548227E-16,-47.89,21.992647360814));
#9018 = DIRECTION('',(0.,1.,0.));
#9019 = DIRECTION('',(0.,0.,1.));
#9020 = ADVANCED_FACE('',(#9021),#9036,.T.);
#9021 = FACE_BOUND('',#9022,.T.);
#9022 = EDGE_LOOP('',(#9023,#9024,#9030,#9031,#9032,#9033,#9034,#9035));
#9023 = ORIENTED_EDGE('',*,*,#8961,.T.);
#9024 = ORIENTED_EDGE('',*,*,#9025,.F.);
#9025 = EDGE_CURVE('',#8794,#8952,#9026,.T.);
#9026 = LINE('',#9027,#9028);
#9027 = CARTESIAN_POINT('',(80.,-50.89,0.3));
#9028 = VECTOR('',#9029,1.);
#9029 = DIRECTION('',(0.,1.,0.));
#9030 = ORIENTED_EDGE('',*,*,#8841,.F.);
#9031 = ORIENTED_EDGE('',*,*,#8919,.F.);
#9032 = ORIENTED_EDGE('',*,*,#8934,.F.);
#9033 = ORIENTED_EDGE('',*,*,#8871,.T.);
#9034 = ORIENTED_EDGE('',*,*,#8809,.F.);
#9035 = ORIENTED_EDGE('',*,*,#8754,.T.);
#9036 = PLANE('',#9037);
#9037 = AXIS2_PLACEMENT_3D('',#9038,#9039,#9040);
#9038 = CARTESIAN_POINT('',(0.,-51.29476190476,0.3));
#9039 = DIRECTION('',(-0.,-0.,-1.));
#9040 = DIRECTION('',(-1.,0.,0.));
#9041 = ADVANCED_FACE('',(#9042),#9071,.T.);
#9042 = FACE_BOUND('',#9043,.T.);
#9043 = EDGE_LOOP('',(#9044,#9045,#9046,#9047,#9055,#9063,#9069,#9070));
#9044 = ORIENTED_EDGE('',*,*,#8793,.F.);
#9045 = ORIENTED_EDGE('',*,*,#9025,.T.);
#9046 = ORIENTED_EDGE('',*,*,#8951,.T.);
#9047 = ORIENTED_EDGE('',*,*,#9048,.F.);
#9048 = EDGE_CURVE('',#9049,#8954,#9051,.T.);
#9049 = VERTEX_POINT('',#9050);
#9050 = CARTESIAN_POINT('',(80.,-49.88,18.166969722018));
#9051 = LINE('',#9052,#9053);
#9052 = CARTESIAN_POINT('',(80.,-49.88,18.166969722018));
#9053 = VECTOR('',#9054,1.);
#9054 = DIRECTION('',(0.,1.,0.));
#9055 = ORIENTED_EDGE('',*,*,#9056,.T.);
#9056 = EDGE_CURVE('',#9049,#9057,#9059,.T.);
#9057 = VERTEX_POINT('',#9058);
#9058 = CARTESIAN_POINT('',(80.,-49.88,21.833030277982));
#9059 = LINE('',#9060,#9061);
#9060 = CARTESIAN_POINT('',(80.,-49.88,10.15));
#9061 = VECTOR('',#9062,1.);
#9062 = DIRECTION('',(0.,0.,1.));
#9063 = ORIENTED_EDGE('',*,*,#9064,.T.);
#9064 = EDGE_CURVE('',#9057,#8993,#9065,.T.);
#9065 = LINE('',#9066,#9067);
#9066 = CARTESIAN_POINT('',(80.,-49.88,21.833030277982));
#9067 = VECTOR('',#9068,1.);
#9068 = DIRECTION('',(0.,1.,0.));
#9069 = ORIENTED_EDGE('',*,*,#8992,.T.);
#9070 = ORIENTED_EDGE('',*,*,#8680,.F.);
#9071 = PLANE('',#9072);
#9072 = AXIS2_PLACEMENT_3D('',#9073,#9074,#9075);
#9073 = CARTESIAN_POINT('',(80.,-49.44345429314,22.355510575273));
#9074 = DIRECTION('',(1.,0.,0.));
#9075 = DIRECTION('',(0.,0.,1.));
#9076 = ADVANCED_FACE('',(#9077),#9096,.T.);
#9077 = FACE_BOUND('',#9078,.T.);
#9078 = EDGE_LOOP('',(#9079,#9088,#9095));
#9079 = ORIENTED_EDGE('',*,*,#9080,.T.);
#9080 = EDGE_CURVE('',#9049,#9081,#9083,.T.);
#9081 = VERTEX_POINT('',#9082);
#9082 = CARTESIAN_POINT('',(77.5,-49.88,23.1));
#9083 = CIRCLE('',#9084,3.1);
#9084 = AXIS2_PLACEMENT_3D('',#9085,#9086,#9087);
#9085 = CARTESIAN_POINT('',(77.5,-49.88,20.));
#9086 = DIRECTION('',(0.,1.,0.));
#9087 = DIRECTION('',(0.,0.,1.));
#9088 = ORIENTED_EDGE('',*,*,#9089,.T.);
#9089 = EDGE_CURVE('',#9081,#9057,#9090,.T.);
#9090 = CIRCLE('',#9091,3.1);
#9091 = AXIS2_PLACEMENT_3D('',#9092,#9093,#9094);
#9092 = CARTESIAN_POINT('',(77.5,-49.88,20.));
#9093 = DIRECTION('',(0.,1.,0.));
#9094 = DIRECTION('',(0.,0.,1.));
#9095 = ORIENTED_EDGE('',*,*,#9056,.F.);
#9096 = PLANE('',#9097);
#9097 = AXIS2_PLACEMENT_3D('',#9098,#9099,#9100);
#9098 = CARTESIAN_POINT('',(77.5,-49.88,20.));
#9099 = DIRECTION('',(0.,1.,0.));
#9100 = DIRECTION('',(0.,0.,1.));
#9101 = ADVANCED_FACE('',(#9102),#9110,.F.);
#9102 = FACE_BOUND('',#9103,.F.);
#9103 = EDGE_LOOP('',(#9104,#9105,#9106,#9107,#9108,#9109));
#9104 = ORIENTED_EDGE('',*,*,#8738,.T.);
#9105 = ORIENTED_EDGE('',*,*,#8968,.F.);
#9106 = ORIENTED_EDGE('',*,*,#8977,.F.);
#9107 = ORIENTED_EDGE('',*,*,#8722,.F.);
#9108 = ORIENTED_EDGE('',*,*,#8768,.T.);
#9109 = ORIENTED_EDGE('',*,*,#8777,.T.);
#9110 = CYLINDRICAL_SURFACE('',#9111,3.1);
#9111 = AXIS2_PLACEMENT_3D('',#9112,#9113,#9114);
#9112 = CARTESIAN_POINT('',(-77.5,-49.88,20.));
#9113 = DIRECTION('',(0.,1.,0.));
#9114 = DIRECTION('',(0.,0.,1.));
#9115 = ADVANCED_FACE('',(#9116),#9124,.F.);
#9116 = FACE_BOUND('',#9117,.F.);
#9117 = EDGE_LOOP('',(#9118,#9119,#9120,#9121,#9122,#9123));
#9118 = ORIENTED_EDGE('',*,*,#9064,.T.);
#9119 = ORIENTED_EDGE('',*,*,#9000,.F.);
#9120 = ORIENTED_EDGE('',*,*,#9009,.F.);
#9121 = ORIENTED_EDGE('',*,*,#9048,.F.);
#9122 = ORIENTED_EDGE('',*,*,#9080,.T.);
#9123 = ORIENTED_EDGE('',*,*,#9089,.T.);
#9124 = CYLINDRICAL_SURFACE('',#9125,3.1);
#9125 = AXIS2_PLACEMENT_3D('',#9126,#9127,#9128);
#9126 = CARTESIAN_POINT('',(77.5,-49.88,20.));
#9127 = DIRECTION('',(0.,1.,0.));
#9128 = DIRECTION('',(0.,0.,1.));
#9129 = ( GEOMETRIC_REPRESENTATION_CONTEXT(3) 
GLOBAL_UNCERTAINTY_ASSIGNED_CONTEXT((#9133)) 
GLOBAL_UNIT_ASSIGNED_CONTEXT((#9130,#9131,#9132)) REPRESENTATION_CONTEXT
('Context #1','3D Context with UNIT and UNCERTAINTY') );
#9130 = ( LENGTH_UNIT() NAMED_UNIT(*) SI_UNIT(.MILLI.,.METRE.) );
#9131 = ( NAMED_UNIT(*) PLANE_ANGLE_UNIT() SI_UNIT($,.RADIAN.) );
#9132 = ( NAMED_UNIT(*) SI_UNIT($,.STERADIAN.) SOLID_ANGLE_UNIT() );
#9133 = UNCERTAINTY_MEASURE_WITH_UNIT(LENGTH_MEASURE(5.E-07),#9130,
  'distance_accuracy_value','confusion accuracy');
#9134 = PRODUCT_RELATED_PRODUCT_CATEGORY('part',$,(#7));
ENDSEC;
END-ISO-10303-21;
