ISO-10303-21;
HEADER;
FILE_DESCRIPTION(('FreeCAD Model'),'2;1');
FILE_NAME('Open CASCADE Shape Model','2026-09-10T01:47:37',('FreeCAD'),(
    'FreeCAD'),'Open CASCADE STEP processor 7.8','FreeCAD','Unknown');
FILE_SCHEMA(('AUTOMOTIVE_DESIGN { 1 0 10303 214 1 1 1 1 }'));
ENDSEC;
DATA;
#1 = APPLICATION_PROTOCOL_DEFINITION('international standard',
  'automotive_design',2000,#2);
#2 = APPLICATION_CONTEXT(
  'core data for automotive mechanical design processes');
#3 = SHAPE_DEFINITION_REPRESENTATION(#4,#10);
#4 = PRODUCT_DEFINITION_SHAPE('','',#5);
#5 = PRODUCT_DEFINITION('design','',#6,#9);
#6 = PRODUCT_DEFINITION_FORMATION('','',#7);
#7 = PRODUCT('Open CASCADE STEP translator 7.8 31',
  'Open CASCADE STEP translator 7.8 31','',(#8));
#8 = PRODUCT_CONTEXT('',#2,'mechanical');
#9 = PRODUCT_DEFINITION_CONTEXT('part definition',#2,'design');
#10 = SHAPE_REPRESENTATION('',(#11,#15,#2129,#4362,#4648,#5408,#5744,
    #5894,#7740,#8334,#8484,#8762,#10841,#11403,#11658,#12390,#12540,
    #14028,#14840,#15228,#15565,#15831,#16158,#16448,#16940,#17458,
    #17608,#17661,#17714,#17767,#17820,#17873,#17926,#17979,#18032,
    #18085,#18138,#18191,#18244,#18297,#18350,#18403),#18456);
#11 = AXIS2_PLACEMENT_3D('',#12,#13,#14);
#12 = CARTESIAN_POINT('',(0.,0.,0.));
#13 = DIRECTION('',(0.,0.,1.));
#14 = DIRECTION('',(1.,0.,-0.));
#15 = MANIFOLD_SOLID_BREP('',#16);
#16 = CLOSED_SHELL('',(#17,#57,#88,#128,#159,#742,#772,#826,#849,#926,
    #949,#1019,#1050,#1072,#1103,#1125,#1142,#1180,#1203,#1226,#1243,
    #1290,#1337,#1376,#1401,#1426,#1457,#1488,#1519,#1550,#1581,#1676,
    #1693,#1717,#1734,#1753,#1792,#1816,#1839,#1850,#1861,#1902,#1933,
    #1964,#1995,#2026,#2048,#2060,#2072,#2086,#2101,#2115));
#17 = ADVANCED_FACE('',(#18),#52,.F.);
#18 = FACE_BOUND('',#19,.F.);
#19 = EDGE_LOOP('',(#20,#30,#38,#46));
#20 = ORIENTED_EDGE('',*,*,#21,.F.);
#21 = EDGE_CURVE('',#22,#24,#26,.T.);
#22 = VERTEX_POINT('',#23);
#23 = CARTESIAN_POINT('',(85.,-50.52247516529,45.2));
#24 = VERTEX_POINT('',#25);
#25 = CARTESIAN_POINT('',(85.,-52.89,45.2));
#26 = LINE('',#27,#28);
#27 = CARTESIAN_POINT('',(85.,-53.64,45.2));
#28 = VECTOR('',#29,1.);
#29 = DIRECTION('',(0.,-1.,0.));
#30 = ORIENTED_EDGE('',*,*,#31,.F.);
#31 = EDGE_CURVE('',#32,#22,#34,.T.);
#32 = VERTEX_POINT('',#33);
#33 = CARTESIAN_POINT('',(80.5,-50.52247516529,45.2));
#34 = LINE('',#35,#36);
#35 = CARTESIAN_POINT('',(80.3,-50.52247516529,45.2));
#36 = VECTOR('',#37,1.);
#37 = DIRECTION('',(1.,0.,0.));
#38 = ORIENTED_EDGE('',*,*,#39,.T.);
#39 = EDGE_CURVE('',#32,#40,#42,.T.);
#40 = VERTEX_POINT('',#41);
#41 = CARTESIAN_POINT('',(80.5,-52.89,45.2));
#42 = LINE('',#43,#44);
#43 = CARTESIAN_POINT('',(80.5,-53.64,45.2));
#44 = VECTOR('',#45,1.);
#45 = DIRECTION('',(0.,-1.,0.));
#46 = ORIENTED_EDGE('',*,*,#47,.T.);
#47 = EDGE_CURVE('',#40,#24,#48,.T.);
#48 = LINE('',#49,#50);
#49 = CARTESIAN_POINT('',(80.4,-52.89,45.2));
#50 = VECTOR('',#51,1.);
#51 = DIRECTION('',(1.,0.,0.));
#52 = PLANE('',#53);
#53 = AXIS2_PLACEMENT_3D('',#54,#55,#56);
#54 = CARTESIAN_POINT('',(80.3,-54.39,45.2));
#55 = DIRECTION('',(0.,0.,1.));
#56 = DIRECTION('',(1.,0.,0.));
#57 = ADVANCED_FACE('',(#58),#83,.F.);
#58 = FACE_BOUND('',#59,.F.);
#59 = EDGE_LOOP('',(#60,#61,#69,#77));
#60 = ORIENTED_EDGE('',*,*,#47,.F.);
#61 = ORIENTED_EDGE('',*,*,#62,.T.);
#62 = EDGE_CURVE('',#40,#63,#65,.T.);
#63 = VERTEX_POINT('',#64);
#64 = CARTESIAN_POINT('',(80.5,-52.89,48.));
#65 = LINE('',#66,#67);
#66 = CARTESIAN_POINT('',(80.5,-52.89,40.));
#67 = VECTOR('',#68,1.);
#68 = DIRECTION('',(0.,0.,1.));
#69 = ORIENTED_EDGE('',*,*,#70,.T.);
#70 = EDGE_CURVE('',#63,#71,#73,.T.);
#71 = VERTEX_POINT('',#72);
#72 = CARTESIAN_POINT('',(85.,-52.89,48.));
#73 = LINE('',#74,#75);
#74 = CARTESIAN_POINT('',(80.5,-52.89,48.));
#75 = VECTOR('',#76,1.);
#76 = DIRECTION('',(1.,0.,0.));
#77 = ORIENTED_EDGE('',*,*,#78,.F.);
#78 = EDGE_CURVE('',#24,#71,#79,.T.);
#79 = LINE('',#80,#81);
#80 = CARTESIAN_POINT('',(85.,-52.89,40.));
#81 = VECTOR('',#82,1.);
#82 = DIRECTION('',(0.,0.,1.));
#83 = PLANE('',#84);
#84 = AXIS2_PLACEMENT_3D('',#85,#86,#87);
#85 = CARTESIAN_POINT('',(80.5,-52.89,40.));
#86 = DIRECTION('',(0.,1.,0.));
#87 = DIRECTION('',(0.,0.,1.));
#88 = ADVANCED_FACE('',(#89),#123,.F.);
#89 = FACE_BOUND('',#90,.F.);
#90 = EDGE_LOOP('',(#91,#101,#109,#117));
#91 = ORIENTED_EDGE('',*,*,#92,.F.);
#92 = EDGE_CURVE('',#93,#95,#97,.T.);
#93 = VERTEX_POINT('',#94);
#94 = CARTESIAN_POINT('',(-80.5,-50.52247516529,45.2));
#95 = VERTEX_POINT('',#96);
#96 = CARTESIAN_POINT('',(-80.5,-52.89,45.2));
#97 = LINE('',#98,#99);
#98 = CARTESIAN_POINT('',(-80.5,-53.64,45.2));
#99 = VECTOR('',#100,1.);
#100 = DIRECTION('',(0.,-1.,0.));
#101 = ORIENTED_EDGE('',*,*,#102,.F.);
#102 = EDGE_CURVE('',#103,#93,#105,.T.);
#103 = VERTEX_POINT('',#104);
#104 = CARTESIAN_POINT('',(-85.,-50.52247516529,45.2));
#105 = LINE('',#106,#107);
#106 = CARTESIAN_POINT('',(-85.2,-50.52247516529,45.2));
#107 = VECTOR('',#108,1.);
#108 = DIRECTION('',(1.,0.,0.));
#109 = ORIENTED_EDGE('',*,*,#110,.T.);
#110 = EDGE_CURVE('',#103,#111,#113,.T.);
#111 = VERTEX_POINT('',#112);
#112 = CARTESIAN_POINT('',(-85.,-52.89,45.2));
#113 = LINE('',#114,#115);
#114 = CARTESIAN_POINT('',(-85.,-53.64,45.2));
#115 = VECTOR('',#116,1.);
#116 = DIRECTION('',(0.,-1.,0.));
#117 = ORIENTED_EDGE('',*,*,#118,.T.);
#118 = EDGE_CURVE('',#111,#95,#119,.T.);
#119 = LINE('',#120,#121);
#120 = CARTESIAN_POINT('',(-85.1,-52.89,45.2));
#121 = VECTOR('',#122,1.);
#122 = DIRECTION('',(1.,0.,0.));
#123 = PLANE('',#124);
#124 = AXIS2_PLACEMENT_3D('',#125,#126,#127);
#125 = CARTESIAN_POINT('',(-85.2,-54.39,45.2));
#126 = DIRECTION('',(0.,0.,1.));
#127 = DIRECTION('',(1.,0.,0.));
#128 = ADVANCED_FACE('',(#129),#154,.F.);
#129 = FACE_BOUND('',#130,.F.);
#130 = EDGE_LOOP('',(#131,#132,#140,#148));
#131 = ORIENTED_EDGE('',*,*,#118,.F.);
#132 = ORIENTED_EDGE('',*,*,#133,.T.);
#133 = EDGE_CURVE('',#111,#134,#136,.T.);
#134 = VERTEX_POINT('',#135);
#135 = CARTESIAN_POINT('',(-85.,-52.89,48.));
#136 = LINE('',#137,#138);
#137 = CARTESIAN_POINT('',(-85.,-52.89,40.));
#138 = VECTOR('',#139,1.);
#139 = DIRECTION('',(0.,0.,1.));
#140 = ORIENTED_EDGE('',*,*,#141,.T.);
#141 = EDGE_CURVE('',#134,#142,#144,.T.);
#142 = VERTEX_POINT('',#143);
#143 = CARTESIAN_POINT('',(-80.5,-52.89,48.));
#144 = LINE('',#145,#146);
#145 = CARTESIAN_POINT('',(-85.,-52.89,48.));
#146 = VECTOR('',#147,1.);
#147 = DIRECTION('',(1.,0.,0.));
#148 = ORIENTED_EDGE('',*,*,#149,.F.);
#149 = EDGE_CURVE('',#95,#142,#150,.T.);
#150 = LINE('',#151,#152);
#151 = CARTESIAN_POINT('',(-80.5,-52.89,40.));
#152 = VECTOR('',#153,1.);
#153 = DIRECTION('',(0.,0.,1.));
#154 = PLANE('',#155);
#155 = AXIS2_PLACEMENT_3D('',#156,#157,#158);
#156 = CARTESIAN_POINT('',(-85.,-52.89,40.));
#157 = DIRECTION('',(0.,1.,0.));
#158 = DIRECTION('',(0.,0.,1.));
#159 = ADVANCED_FACE('',(#160,#669,#703),#737,.T.);
#160 = FACE_BOUND('',#161,.T.);
#161 = EDGE_LOOP('',(#162,#171,#179,#228,#284,#326,#382,#431,#438,#487,
    #522,#599,#648,#656,#663));
#162 = ORIENTED_EDGE('',*,*,#163,.F.);
#163 = EDGE_CURVE('',#164,#166,#168,.T.);
#164 = VERTEX_POINT('',#165);
#165 = CARTESIAN_POINT('',(-103.,-47.39,0.));
#166 = VERTEX_POINT('',#167);
#167 = CARTESIAN_POINT('',(-88.,-47.39,50.));
#168 = B_SPLINE_CURVE_WITH_KNOTS('',1,(#169,#170),.UNSPECIFIED.,.F.,.F.,
  (2,2),(0.,1.),.PIECEWISE_BEZIER_KNOTS.);
#169 = CARTESIAN_POINT('',(-103.,-47.39,0.));
#170 = CARTESIAN_POINT('',(-88.,-47.39,50.));
#171 = ORIENTED_EDGE('',*,*,#172,.T.);
#172 = EDGE_CURVE('',#164,#173,#175,.T.);
#173 = VERTEX_POINT('',#174);
#174 = CARTESIAN_POINT('',(-75.,-47.39,0.));
#175 = LINE('',#176,#177);
#176 = CARTESIAN_POINT('',(-103.,-47.39,0.));
#177 = VECTOR('',#178,1.);
#178 = DIRECTION('',(1.,0.,0.));
#179 = ORIENTED_EDGE('',*,*,#180,.T.);
#180 = EDGE_CURVE('',#173,#181,#183,.T.);
#181 = VERTEX_POINT('',#182);
#182 = CARTESIAN_POINT('',(-75.,-47.39,18.166969722018));
#183 = B_SPLINE_CURVE_WITH_KNOTS('',7,(#184,#185,#186,#187,#188,#189,
    #190,#191,#192,#193,#194,#195,#196,#197,#198,#199,#200,#201,#202,
    #203,#204,#205,#206,#207,#208,#209,#210,#211,#212,#213,#214,#215,
    #216,#217,#218,#219,#220,#221,#222,#223,#224,#225,#226,#227),
  .UNSPECIFIED.,.F.,.F.,(8,6,6,6,6,6,6,8),(0.,0.496560712948,
    0.745872754473,0.870827508573,0.934121744185,0.965053648122,
    0.981259702952,1.),.UNSPECIFIED.);
#184 = CARTESIAN_POINT('',(-75.,-47.39,0.));
#185 = CARTESIAN_POINT('',(-75.,-47.39,2.434162441658));
#186 = CARTESIAN_POINT('',(-75.,-47.39,4.866491200055));
#187 = CARTESIAN_POINT('',(-75.,-47.39,7.296902520584));
#188 = CARTESIAN_POINT('',(-75.,-47.39,9.725306489044));
#189 = CARTESIAN_POINT('',(-75.,-47.39,12.151606927671));
#190 = CARTESIAN_POINT('',(-75.,-47.39,14.57570129118));
#191 = CARTESIAN_POINT('',(-75.,-47.39,18.213401836045));
#192 = CARTESIAN_POINT('',(-75.,-47.39,19.428739409381));
#193 = CARTESIAN_POINT('',(-75.,-47.39,20.643479432817));
#194 = CARTESIAN_POINT('',(-75.,-47.39,21.857607563578));
#195 = CARTESIAN_POINT('',(-75.,-47.39,23.071108966113));
#196 = CARTESIAN_POINT('',(-75.,-47.39,24.283968312092));
#197 = CARTESIAN_POINT('',(-75.,-47.39,26.103723011557));
#198 = CARTESIAN_POINT('',(-75.,-47.39,26.711110979513));
#199 = CARTESIAN_POINT('',(-75.,-47.39,27.318331689726));
#200 = CARTESIAN_POINT('',(-75.,-47.39,27.925383113221));
#201 = CARTESIAN_POINT('',(-75.,-47.39,28.532263186603));
#202 = CARTESIAN_POINT('',(-75.,-47.39,29.138969812053));
#203 = CARTESIAN_POINT('',(-75.,-47.39,30.052731415805));
#204 = CARTESIAN_POINT('',(-75.,-47.39,30.359916923762));
#205 = CARTESIAN_POINT('',(-75.,-47.39,30.667057103985));
#206 = CARTESIAN_POINT('',(-75.,-47.39,30.974151676872));
#207 = CARTESIAN_POINT('',(-75.,-47.39,31.281200360439));
#208 = CARTESIAN_POINT('',(-75.,-47.39,31.588202870316));
#209 = CARTESIAN_POINT('',(-75.,-47.39,32.04516839442));
#210 = CARTESIAN_POINT('',(-75.,-47.39,32.195166773038));
#211 = CARTESIAN_POINT('',(-75.,-47.39,32.345154022131));
#212 = CARTESIAN_POINT('',(-75.,-47.39,32.495130108088));
#213 = CARTESIAN_POINT('',(-75.,-47.39,32.645094997158));
#214 = CARTESIAN_POINT('',(-75.,-47.39,32.795048655452));
#215 = CARTESIAN_POINT('',(-75.,-47.39,33.023549894049));
#216 = CARTESIAN_POINT('',(-75.,-47.39,33.10210873536));
#217 = CARTESIAN_POINT('',(-75.,-47.39,33.18066757287));
#218 = CARTESIAN_POINT('',(-75.,-47.39,33.259226406578));
#219 = CARTESIAN_POINT('',(-75.,-47.39,33.337785236481));
#220 = CARTESIAN_POINT('',(-75.,-47.39,33.416344062575));
#221 = CARTESIAN_POINT('',(-75.,-47.39,33.585746441834));
#222 = CARTESIAN_POINT('',(-75.,-47.39,33.648864761116));
#223 = CARTESIAN_POINT('',(-75.,-47.39,33.714971825351));
#224 = CARTESIAN_POINT('',(-75.,-47.39,33.80121407145));
#225 = CARTESIAN_POINT('',(-75.,-47.39,33.90481697556));
#226 = CARTESIAN_POINT('',(-75.,-47.39,33.994561292604));
#227 = CARTESIAN_POINT('',(-75.,-47.39,34.));
#228 = ORIENTED_EDGE('',*,*,#229,.T.);
#229 = EDGE_CURVE('',#181,#230,#232,.T.);
#230 = VERTEX_POINT('',#231);
#231 = CARTESIAN_POINT('',(-79.85684808232,-47.39,17.986230619752));
#232 = B_SPLINE_CURVE_WITH_KNOTS('',8,(#233,#234,#235,#236,#237,#238,
    #239,#240,#241,#242,#243,#244,#245,#246,#247,#248,#249,#250,#251,
    #252,#253,#254,#255,#256,#257,#258,#259,#260,#261,#262,#263,#264,
    #265,#266,#267,#268,#269,#270,#271,#272,#273,#274,#275,#276,#277,
    #278,#279,#280,#281,#282,#283),.UNSPECIFIED.,.F.,.F.,(9,7,7,7,7,7,7,
    9),(0.,0.21825578067,0.328586975326,0.410256260016,0.492571508486,
    0.623700072181,0.822102639545,1.),.UNSPECIFIED.);
#233 = CARTESIAN_POINT('',(-77.5,-47.39,23.1));
#234 = CARTESIAN_POINT('',(-77.19902298089,-47.39,23.1));
#235 = CARTESIAN_POINT('',(-76.9027625412,-47.39,23.066603336172));
#236 = CARTESIAN_POINT('',(-76.61226116793,-47.39,23.001644661657));
#237 = CARTESIAN_POINT('',(-76.32917994953,-47.39,22.905542706697));
#238 = CARTESIAN_POINT('',(-76.05552096282,-47.39,22.778412198768));
#239 = CARTESIAN_POINT('',(-75.79381210761,-47.39,22.619693632958));
#240 = CARTESIAN_POINT('',(-75.54692728378,-47.39,22.428690235386));
#241 = CARTESIAN_POINT('',(-75.20353726902,-47.39,22.088680782083));
#242 = CARTESIAN_POINT('',(-75.0932200625,-47.39,21.965789770973));
#243 = CARTESIAN_POINT('',(-74.98837923849,-47.39,21.833897885579));
#244 = CARTESIAN_POINT('',(-74.88972450776,-47.39,21.692757454594));
#245 = CARTESIAN_POINT('',(-74.79815402727,-47.39,21.542191556691));
#246 = CARTESIAN_POINT('',(-74.71473607987,-47.39,21.382123942327));
#247 = CARTESIAN_POINT('',(-74.64070178999,-47.39,21.212596893057));
#248 = CARTESIAN_POINT('',(-74.53062784423,-47.39,20.901411087742));
#249 = CARTESIAN_POINT('',(-74.48972841572,-47.39,20.76399264001));
#250 = CARTESIAN_POINT('',(-74.45534706041,-47.39,20.621694611947));
#251 = CARTESIAN_POINT('',(-74.42813930784,-47.39,20.474837519017));
#252 = CARTESIAN_POINT('',(-74.40877159102,-47.39,20.323912555723));
#253 = CARTESIAN_POINT('',(-74.39787801924,-47.39,20.169603549956));
#254 = CARTESIAN_POINT('',(-74.39598981346,-47.39,20.012818409449));
#255 = CARTESIAN_POINT('',(-74.41087911541,-47.39,19.695412670679));
#256 = CARTESIAN_POINT('',(-74.42781296857,-47.39,19.534588536661));
#257 = CARTESIAN_POINT('',(-74.45453322554,-47.39,19.37380828078));
#258 = CARTESIAN_POINT('',(-74.49103633333,-47.39,19.214507620922));
#259 = CARTESIAN_POINT('',(-74.53703924731,-47.39,19.058021126088));
#260 = CARTESIAN_POINT('',(-74.59200880408,-47.39,18.905580684387));
#261 = CARTESIAN_POINT('',(-74.6551698786,-47.39,18.758309321394));
#262 = CARTESIAN_POINT('',(-74.83751630187,-47.39,18.39243909834));
#263 = CARTESIAN_POINT('',(-74.9676829672,-47.39,18.183393754641));
#264 = CARTESIAN_POINT('',(-75.11269414395,-47.39,17.992340310027));
#265 = CARTESIAN_POINT('',(-75.26917579515,-47.39,17.819995026483));
#266 = CARTESIAN_POINT('',(-75.43419481796,-47.39,17.666324938935));
#267 = CARTESIAN_POINT('',(-75.60531447631,-47.39,17.530703538777));
#268 = CARTESIAN_POINT('',(-75.78077030705,-47.39,17.412203072423));
#269 = CARTESIAN_POINT('',(-76.23005734955,-47.39,17.154932099656));
#270 = CARTESIAN_POINT('',(-76.507431147,-47.39,17.037379261287));
#271 = CARTESIAN_POINT('',(-76.78819063754,-47.39,16.953340014039));
#272 = CARTESIAN_POINT('',(-77.06953150763,-47.39,16.90069474164));
#273 = CARTESIAN_POINT('',(-77.34915919327,-47.39,16.87740925993));
#274 = CARTESIAN_POINT('',(-77.62532134789,-47.39,16.882036749853));
#275 = CARTESIAN_POINT('',(-77.89672161435,-47.39,16.91347829369));
#276 = CARTESIAN_POINT('',(-78.4007615471,-47.39,17.023739512861));
#277 = CARTESIAN_POINT('',(-78.63381098879,-47.39,17.097173852819));
#278 = CARTESIAN_POINT('',(-78.86090142187,-47.39,17.191575196869));
#279 = CARTESIAN_POINT('',(-79.08091900294,-47.39,17.307013146397));
#280 = CARTESIAN_POINT('',(-79.2924568105,-47.39,17.443698466671));
#281 = CARTESIAN_POINT('',(-79.49375805007,-47.39,17.602033861888));
#282 = CARTESIAN_POINT('',(-79.68277489237,-47.39,17.782501201695));
#283 = CARTESIAN_POINT('',(-79.85684808232,-47.39,17.986230619752));
#284 = ORIENTED_EDGE('',*,*,#285,.T.);
#285 = EDGE_CURVE('',#230,#286,#288,.T.);
#286 = VERTEX_POINT('',#287);
#287 = CARTESIAN_POINT('',(-77.5,-47.39,23.1));
#288 = B_SPLINE_CURVE_WITH_KNOTS('',8,(#289,#290,#291,#292,#293,#294,
    #295,#296,#297,#298,#299,#300,#301,#302,#303,#304,#305,#306,#307,
    #308,#309,#310,#311,#312,#313,#314,#315,#316,#317,#318,#319,#320,
    #321,#322,#323,#324,#325),.UNSPECIFIED.,.F.,.F.,(9,7,7,7,7,9),(0.,
    0.211553620783,0.324854461309,0.490974995965,0.63717484065,1.),
  .UNSPECIFIED.);
#289 = CARTESIAN_POINT('',(-79.85684808232,-47.39,17.986230619752));
#290 = CARTESIAN_POINT('',(-79.96522344699,-47.39,18.113069508498));
#291 = CARTESIAN_POINT('',(-80.06766919332,-47.39,18.248764454089));
#292 = CARTESIAN_POINT('',(-80.16359505936,-47.39,18.393580073213));
#293 = CARTESIAN_POINT('',(-80.25216274862,-47.39,18.547707635554));
#294 = CARTESIAN_POINT('',(-80.33232469645,-47.39,18.711218105028));
#295 = CARTESIAN_POINT('',(-80.40285768994,-47.39,18.884021523166));
#296 = CARTESIAN_POINT('',(-80.46239134132,-47.39,19.065832734646));
#297 = CARTESIAN_POINT('',(-80.53462445969,-47.39,19.358067328904));
#298 = CARTESIAN_POINT('',(-80.55622280971,-47.39,19.462383594176));
#299 = CARTESIAN_POINT('',(-80.57399075443,-47.39,19.568964806855));
#300 = CARTESIAN_POINT('',(-80.58768726414,-47.39,19.677634525997));
#301 = CARTESIAN_POINT('',(-80.59707468345,-47.39,19.788163167319));
#302 = CARTESIAN_POINT('',(-80.60193207493,-47.39,19.900262574582));
#303 = CARTESIAN_POINT('',(-80.60207321258,-47.39,20.013579308681));
#304 = CARTESIAN_POINT('',(-80.59047228738,-47.39,20.294989678829));
#305 = CARTESIAN_POINT('',(-80.57314758691,-47.39,20.464290877779));
#306 = CARTESIAN_POINT('',(-80.54494419332,-47.39,20.633810252037));
#307 = CARTESIAN_POINT('',(-80.5058114738,-47.39,20.801867595865));
#308 = CARTESIAN_POINT('',(-80.45604466383,-47.39,20.966881520692));
#309 = CARTESIAN_POINT('',(-80.39625875034,-47.39,21.127375432294));
#310 = CARTESIAN_POINT('',(-80.32739066744,-47.39,21.281990461495));
#311 = CARTESIAN_POINT('',(-80.18326188916,-47.39,21.559330680329));
#312 = CARTESIAN_POINT('',(-80.10966276805,-47.39,21.68383884684));
#313 = CARTESIAN_POINT('',(-80.03063271188,-47.39,21.802461765062));
#314 = CARTESIAN_POINT('',(-79.94689026233,-47.39,21.914864919857));
#315 = CARTESIAN_POINT('',(-79.85912644358,-47.39,22.020888055011));
#316 = CARTESIAN_POINT('',(-79.76797087429,-47.39,22.12049859022));
#317 = CARTESIAN_POINT('',(-79.6739697803,-47.39,22.213757763853));
#318 = CARTESIAN_POINT('',(-79.33835457289,-47.39,22.516811580075));
#319 = CARTESIAN_POINT('',(-79.08529097548,-47.39,22.693721930961));
#320 = CARTESIAN_POINT('',(-78.82386146514,-47.39,22.835491235065));
#321 = CARTESIAN_POINT('',(-78.55815359165,-47.39,22.944531454873));
#322 = CARTESIAN_POINT('',(-78.2913152722,-47.39,23.02357120957));
#323 = CARTESIAN_POINT('',(-78.02541149928,-47.39,23.074771375354));
#324 = CARTESIAN_POINT('',(-77.7615877874,-47.39,23.1));
#325 = CARTESIAN_POINT('',(-77.5,-47.39,23.1));
#326 = ORIENTED_EDGE('',*,*,#327,.T.);
#327 = EDGE_CURVE('',#286,#328,#330,.T.);
#328 = VERTEX_POINT('',#329);
#329 = CARTESIAN_POINT('',(-75.,-47.39,21.833030277982));
#330 = B_SPLINE_CURVE_WITH_KNOTS('',8,(#331,#332,#333,#334,#335,#336,
    #337,#338,#339,#340,#341,#342,#343,#344,#345,#346,#347,#348,#349,
    #350,#351,#352,#353,#354,#355,#356,#357,#358,#359,#360,#361,#362,
    #363,#364,#365,#366,#367,#368,#369,#370,#371,#372,#373,#374,#375,
    #376,#377,#378,#379,#380,#381),.UNSPECIFIED.,.F.,.F.,(9,7,7,7,7,7,7,
    9),(0.,0.21825578067,0.328586975326,0.410256260016,0.492571508486,
    0.623700072181,0.822102639545,1.),.UNSPECIFIED.);
#331 = CARTESIAN_POINT('',(-77.5,-47.39,23.1));
#332 = CARTESIAN_POINT('',(-77.19902298089,-47.39,23.1));
#333 = CARTESIAN_POINT('',(-76.9027625412,-47.39,23.066603336172));
#334 = CARTESIAN_POINT('',(-76.61226116793,-47.39,23.001644661657));
#335 = CARTESIAN_POINT('',(-76.32917994953,-47.39,22.905542706697));
#336 = CARTESIAN_POINT('',(-76.05552096282,-47.39,22.778412198768));
#337 = CARTESIAN_POINT('',(-75.79381210761,-47.39,22.619693632958));
#338 = CARTESIAN_POINT('',(-75.54692728378,-47.39,22.428690235386));
#339 = CARTESIAN_POINT('',(-75.20353726902,-47.39,22.088680782083));
#340 = CARTESIAN_POINT('',(-75.0932200625,-47.39,21.965789770973));
#341 = CARTESIAN_POINT('',(-74.98837923849,-47.39,21.833897885579));
#342 = CARTESIAN_POINT('',(-74.88972450776,-47.39,21.692757454594));
#343 = CARTESIAN_POINT('',(-74.79815402727,-47.39,21.542191556691));
#344 = CARTESIAN_POINT('',(-74.71473607987,-47.39,21.382123942327));
#345 = CARTESIAN_POINT('',(-74.64070178999,-47.39,21.212596893057));
#346 = CARTESIAN_POINT('',(-74.53062784423,-47.39,20.901411087742));
#347 = CARTESIAN_POINT('',(-74.48972841572,-47.39,20.76399264001));
#348 = CARTESIAN_POINT('',(-74.45534706041,-47.39,20.621694611947));
#349 = CARTESIAN_POINT('',(-74.42813930784,-47.39,20.474837519017));
#350 = CARTESIAN_POINT('',(-74.40877159102,-47.39,20.323912555723));
#351 = CARTESIAN_POINT('',(-74.39787801924,-47.39,20.169603549956));
#352 = CARTESIAN_POINT('',(-74.39598981346,-47.39,20.012818409449));
#353 = CARTESIAN_POINT('',(-74.41087911541,-47.39,19.695412670679));
#354 = CARTESIAN_POINT('',(-74.42781296857,-47.39,19.534588536661));
#355 = CARTESIAN_POINT('',(-74.45453322554,-47.39,19.37380828078));
#356 = CARTESIAN_POINT('',(-74.49103633333,-47.39,19.214507620922));
#357 = CARTESIAN_POINT('',(-74.53703924731,-47.39,19.058021126088));
#358 = CARTESIAN_POINT('',(-74.59200880408,-47.39,18.905580684387));
#359 = CARTESIAN_POINT('',(-74.6551698786,-47.39,18.758309321394));
#360 = CARTESIAN_POINT('',(-74.83751630187,-47.39,18.39243909834));
#361 = CARTESIAN_POINT('',(-74.9676829672,-47.39,18.183393754641));
#362 = CARTESIAN_POINT('',(-75.11269414395,-47.39,17.992340310027));
#363 = CARTESIAN_POINT('',(-75.26917579515,-47.39,17.819995026483));
#364 = CARTESIAN_POINT('',(-75.43419481796,-47.39,17.666324938935));
#365 = CARTESIAN_POINT('',(-75.60531447631,-47.39,17.530703538777));
#366 = CARTESIAN_POINT('',(-75.78077030705,-47.39,17.412203072423));
#367 = CARTESIAN_POINT('',(-76.23005734955,-47.39,17.154932099656));
#368 = CARTESIAN_POINT('',(-76.507431147,-47.39,17.037379261287));
#369 = CARTESIAN_POINT('',(-76.78819063754,-47.39,16.953340014039));
#370 = CARTESIAN_POINT('',(-77.06953150763,-47.39,16.90069474164));
#371 = CARTESIAN_POINT('',(-77.34915919327,-47.39,16.87740925993));
#372 = CARTESIAN_POINT('',(-77.62532134789,-47.39,16.882036749853));
#373 = CARTESIAN_POINT('',(-77.89672161435,-47.39,16.91347829369));
#374 = CARTESIAN_POINT('',(-78.4007615471,-47.39,17.023739512861));
#375 = CARTESIAN_POINT('',(-78.63381098879,-47.39,17.097173852819));
#376 = CARTESIAN_POINT('',(-78.86090142187,-47.39,17.191575196869));
#377 = CARTESIAN_POINT('',(-79.08091900294,-47.39,17.307013146397));
#378 = CARTESIAN_POINT('',(-79.2924568105,-47.39,17.443698466671));
#379 = CARTESIAN_POINT('',(-79.49375805007,-47.39,17.602033861888));
#380 = CARTESIAN_POINT('',(-79.68277489237,-47.39,17.782501201695));
#381 = CARTESIAN_POINT('',(-79.85684808232,-47.39,17.986230619752));
#382 = ORIENTED_EDGE('',*,*,#383,.T.);
#383 = EDGE_CURVE('',#328,#384,#386,.T.);
#384 = VERTEX_POINT('',#385);
#385 = CARTESIAN_POINT('',(-75.,-47.39,34.));
#386 = B_SPLINE_CURVE_WITH_KNOTS('',7,(#387,#388,#389,#390,#391,#392,
    #393,#394,#395,#396,#397,#398,#399,#400,#401,#402,#403,#404,#405,
    #406,#407,#408,#409,#410,#411,#412,#413,#414,#415,#416,#417,#418,
    #419,#420,#421,#422,#423,#424,#425,#426,#427,#428,#429,#430),
  .UNSPECIFIED.,.F.,.F.,(8,6,6,6,6,6,6,8),(0.,0.496560712948,
    0.745872754473,0.870827508573,0.934121744185,0.965053648122,
    0.981259702952,1.),.UNSPECIFIED.);
#387 = CARTESIAN_POINT('',(-75.,-47.39,0.));
#388 = CARTESIAN_POINT('',(-75.,-47.39,2.434162441658));
#389 = CARTESIAN_POINT('',(-75.,-47.39,4.866491200055));
#390 = CARTESIAN_POINT('',(-75.,-47.39,7.296902520584));
#391 = CARTESIAN_POINT('',(-75.,-47.39,9.725306489044));
#392 = CARTESIAN_POINT('',(-75.,-47.39,12.151606927671));
#393 = CARTESIAN_POINT('',(-75.,-47.39,14.57570129118));
#394 = CARTESIAN_POINT('',(-75.,-47.39,18.213401836045));
#395 = CARTESIAN_POINT('',(-75.,-47.39,19.428739409381));
#396 = CARTESIAN_POINT('',(-75.,-47.39,20.643479432817));
#397 = CARTESIAN_POINT('',(-75.,-47.39,21.857607563578));
#398 = CARTESIAN_POINT('',(-75.,-47.39,23.071108966113));
#399 = CARTESIAN_POINT('',(-75.,-47.39,24.283968312092));
#400 = CARTESIAN_POINT('',(-75.,-47.39,26.103723011557));
#401 = CARTESIAN_POINT('',(-75.,-47.39,26.711110979513));
#402 = CARTESIAN_POINT('',(-75.,-47.39,27.318331689726));
#403 = CARTESIAN_POINT('',(-75.,-47.39,27.925383113221));
#404 = CARTESIAN_POINT('',(-75.,-47.39,28.532263186603));
#405 = CARTESIAN_POINT('',(-75.,-47.39,29.138969812053));
#406 = CARTESIAN_POINT('',(-75.,-47.39,30.052731415805));
#407 = CARTESIAN_POINT('',(-75.,-47.39,30.359916923762));
#408 = CARTESIAN_POINT('',(-75.,-47.39,30.667057103985));
#409 = CARTESIAN_POINT('',(-75.,-47.39,30.974151676872));
#410 = CARTESIAN_POINT('',(-75.,-47.39,31.281200360439));
#411 = CARTESIAN_POINT('',(-75.,-47.39,31.588202870316));
#412 = CARTESIAN_POINT('',(-75.,-47.39,32.04516839442));
#413 = CARTESIAN_POINT('',(-75.,-47.39,32.195166773038));
#414 = CARTESIAN_POINT('',(-75.,-47.39,32.345154022131));
#415 = CARTESIAN_POINT('',(-75.,-47.39,32.495130108088));
#416 = CARTESIAN_POINT('',(-75.,-47.39,32.645094997158));
#417 = CARTESIAN_POINT('',(-75.,-47.39,32.795048655452));
#418 = CARTESIAN_POINT('',(-75.,-47.39,33.023549894049));
#419 = CARTESIAN_POINT('',(-75.,-47.39,33.10210873536));
#420 = CARTESIAN_POINT('',(-75.,-47.39,33.18066757287));
#421 = CARTESIAN_POINT('',(-75.,-47.39,33.259226406578));
#422 = CARTESIAN_POINT('',(-75.,-47.39,33.337785236481));
#423 = CARTESIAN_POINT('',(-75.,-47.39,33.416344062575));
#424 = CARTESIAN_POINT('',(-75.,-47.39,33.585746441834));
#425 = CARTESIAN_POINT('',(-75.,-47.39,33.648864761116));
#426 = CARTESIAN_POINT('',(-75.,-47.39,33.714971825351));
#427 = CARTESIAN_POINT('',(-75.,-47.39,33.80121407145));
#428 = CARTESIAN_POINT('',(-75.,-47.39,33.90481697556));
#429 = CARTESIAN_POINT('',(-75.,-47.39,33.994561292604));
#430 = CARTESIAN_POINT('',(-75.,-47.39,34.));
#431 = ORIENTED_EDGE('',*,*,#432,.F.);
#432 = EDGE_CURVE('',#433,#384,#435,.T.);
#433 = VERTEX_POINT('',#434);
#434 = CARTESIAN_POINT('',(75.,-47.39,34.));
#435 = B_SPLINE_CURVE_WITH_KNOTS('',1,(#436,#437),.UNSPECIFIED.,.F.,.F.,
  (2,2),(0.,1.),.PIECEWISE_BEZIER_KNOTS.);
#436 = CARTESIAN_POINT('',(75.,-47.39,34.));
#437 = CARTESIAN_POINT('',(-75.,-47.39,34.));
#438 = ORIENTED_EDGE('',*,*,#439,.F.);
#439 = EDGE_CURVE('',#440,#433,#442,.T.);
#440 = VERTEX_POINT('',#441);
#441 = CARTESIAN_POINT('',(75.,-47.39,21.833030277982));
#442 = B_SPLINE_CURVE_WITH_KNOTS('',7,(#443,#444,#445,#446,#447,#448,
    #449,#450,#451,#452,#453,#454,#455,#456,#457,#458,#459,#460,#461,
    #462,#463,#464,#465,#466,#467,#468,#469,#470,#471,#472,#473,#474,
    #475,#476,#477,#478,#479,#480,#481,#482,#483,#484,#485,#486),
  .UNSPECIFIED.,.F.,.F.,(8,6,6,6,6,6,6,8),(0.,0.496560712948,
    0.745872754473,0.870827508573,0.934121744185,0.965053648122,
    0.981259702952,1.),.UNSPECIFIED.);
#443 = CARTESIAN_POINT('',(75.,-47.39,0.));
#444 = CARTESIAN_POINT('',(75.,-47.39,2.434162441658));
#445 = CARTESIAN_POINT('',(75.,-47.39,4.866491200055));
#446 = CARTESIAN_POINT('',(75.,-47.39,7.296902520584));
#447 = CARTESIAN_POINT('',(75.,-47.39,9.725306489044));
#448 = CARTESIAN_POINT('',(75.,-47.39,12.15160692767));
#449 = CARTESIAN_POINT('',(75.,-47.39,14.575701291179));
#450 = CARTESIAN_POINT('',(75.,-47.39,18.213401836044));
#451 = CARTESIAN_POINT('',(75.,-47.39,19.428739409381));
#452 = CARTESIAN_POINT('',(75.,-47.39,20.643479432816));
#453 = CARTESIAN_POINT('',(75.,-47.39,21.857607563577));
#454 = CARTESIAN_POINT('',(75.,-47.39,23.071108966112));
#455 = CARTESIAN_POINT('',(75.,-47.39,24.283968312091));
#456 = CARTESIAN_POINT('',(75.,-47.39,26.103723011556));
#457 = CARTESIAN_POINT('',(75.,-47.39,26.711110979513));
#458 = CARTESIAN_POINT('',(75.,-47.39,27.318331689725));
#459 = CARTESIAN_POINT('',(75.,-47.39,27.92538311322));
#460 = CARTESIAN_POINT('',(75.,-47.39,28.532263186602));
#461 = CARTESIAN_POINT('',(75.,-47.39,29.138969812052));
#462 = CARTESIAN_POINT('',(75.,-47.39,30.052731415804));
#463 = CARTESIAN_POINT('',(75.,-47.39,30.359916923761));
#464 = CARTESIAN_POINT('',(75.,-47.39,30.667057103984));
#465 = CARTESIAN_POINT('',(75.,-47.39,30.974151676872));
#466 = CARTESIAN_POINT('',(75.,-47.39,31.281200360438));
#467 = CARTESIAN_POINT('',(75.,-47.39,31.588202870315));
#468 = CARTESIAN_POINT('',(75.,-47.39,32.04516839442));
#469 = CARTESIAN_POINT('',(75.,-47.39,32.195166773038));
#470 = CARTESIAN_POINT('',(75.,-47.39,32.345154022131));
#471 = CARTESIAN_POINT('',(75.,-47.39,32.495130108088));
#472 = CARTESIAN_POINT('',(75.,-47.39,32.645094997158));
#473 = CARTESIAN_POINT('',(75.,-47.39,32.795048655452));
#474 = CARTESIAN_POINT('',(75.,-47.39,33.023549894048));
#475 = CARTESIAN_POINT('',(75.,-47.39,33.102108735359));
#476 = CARTESIAN_POINT('',(75.,-47.39,33.18066757287));
#477 = CARTESIAN_POINT('',(75.,-47.39,33.259226406578));
#478 = CARTESIAN_POINT('',(75.,-47.39,33.33778523648));
#479 = CARTESIAN_POINT('',(75.,-47.39,33.416344062575));
#480 = CARTESIAN_POINT('',(75.,-47.39,33.585746441832));
#481 = CARTESIAN_POINT('',(75.,-47.39,33.648864761118));
#482 = CARTESIAN_POINT('',(75.,-47.39,33.714971825348));
#483 = CARTESIAN_POINT('',(75.,-47.39,33.801214071451));
#484 = CARTESIAN_POINT('',(75.,-47.39,33.904816975559));
#485 = CARTESIAN_POINT('',(75.,-47.39,33.994561292603));
#486 = CARTESIAN_POINT('',(75.,-47.39,34.));
#487 = ORIENTED_EDGE('',*,*,#488,.T.);
#488 = EDGE_CURVE('',#440,#489,#491,.T.);
#489 = VERTEX_POINT('',#490);
#490 = CARTESIAN_POINT('',(77.5,-47.39,23.1));
#491 = B_SPLINE_CURVE_WITH_KNOTS('',8,(#492,#493,#494,#495,#496,#497,
    #498,#499,#500,#501,#502,#503,#504,#505,#506,#507,#508,#509,#510,
    #511,#512,#513,#514,#515,#516,#517,#518,#519,#520,#521),
  .UNSPECIFIED.,.F.,.F.,(9,7,7,7,9),(0.,0.186500709764,0.425674332211,
    0.617141522578,1.),.UNSPECIFIED.);
#492 = CARTESIAN_POINT('',(74.536293921623,-47.39,19.090909090909));
#493 = CARTESIAN_POINT('',(74.48686646721,-47.39,19.252046382701));
#494 = CARTESIAN_POINT('',(74.447170044118,-47.39,19.417173192553));
#495 = CARTESIAN_POINT('',(74.417951546436,-47.39,19.584566054993));
#496 = CARTESIAN_POINT('',(74.399450766978,-47.39,19.752623874742));
#497 = CARTESIAN_POINT('',(74.391550184458,-47.39,19.919877157521));
#498 = CARTESIAN_POINT('',(74.39385919318,-47.39,20.084993221688));
#499 = CARTESIAN_POINT('',(74.405762516918,-47.39,20.246779557365));
#500 = CARTESIAN_POINT('',(74.453008836695,-47.39,20.606051759885));
#501 = CARTESIAN_POINT('',(74.494046714219,-47.39,20.800898852672));
#502 = CARTESIAN_POINT('',(74.548064142941,-47.39,20.987455495802));
#503 = CARTESIAN_POINT('',(74.61347626096,-47.39,21.164954969342));
#504 = CARTESIAN_POINT('',(74.688793615957,-47.39,21.333000642117));
#505 = CARTESIAN_POINT('',(74.772704714447,-47.39,21.491488500738));
#506 = CARTESIAN_POINT('',(74.86412947583,-47.39,21.64054939856));
#507 = CARTESIAN_POINT('',(75.040889401946,-47.39,21.892484670628));
#508 = CARTESIAN_POINT('',(75.123757553651,-47.39,21.99857845739));
#509 = CARTESIAN_POINT('',(75.210470402694,-47.39,22.098867170216));
#510 = CARTESIAN_POINT('',(75.300647411292,-47.39,22.193453499794));
#511 = CARTESIAN_POINT('',(75.393955644707,-47.39,22.282436494461));
#512 = CARTESIAN_POINT('',(75.490106776892,-47.39,22.365914593699));
#513 = CARTESIAN_POINT('',(75.58885719336,-47.39,22.443983960094));
#514 = CARTESIAN_POINT('',(75.892279086586,-47.39,22.662199569511));
#515 = CARTESIAN_POINT('',(76.103955317438,-47.39,22.786245841193));
#516 = CARTESIAN_POINT('',(76.32352108855,-47.39,22.889705603349));
#517 = CARTESIAN_POINT('',(76.549715094554,-47.39,22.97285921835));
#518 = CARTESIAN_POINT('',(76.781403455722,-47.39,23.035782162875));
#519 = CARTESIAN_POINT('',(77.017582726599,-47.39,23.078294943827));
#520 = CARTESIAN_POINT('',(77.257358511856,-47.39,23.1));
#521 = CARTESIAN_POINT('',(77.5,-47.39,23.1));
#522 = ORIENTED_EDGE('',*,*,#523,.T.);
#523 = EDGE_CURVE('',#489,#524,#526,.T.);
#524 = VERTEX_POINT('',#525);
#525 = CARTESIAN_POINT('',(75.,-47.39,18.166969722018));
#526 = B_SPLINE_CURVE_WITH_KNOTS('',8,(#527,#528,#529,#530,#531,#532,
    #533,#534,#535,#536,#537,#538,#539,#540,#541,#542,#543,#544,#545,
    #546,#547,#548,#549,#550,#551,#552,#553,#554,#555,#556,#557,#558,
    #559,#560,#561,#562,#563,#564,#565,#566,#567,#568,#569,#570,#571,
    #572,#573,#574,#575,#576,#577,#578,#579,#580,#581,#582,#583,#584,
    #585,#586,#587,#588,#589,#590,#591,#592,#593,#594,#595,#596,#597,
    #598),.UNSPECIFIED.,.F.,.F.,(9,7,7,7,7,7,7,7,7,7,9),(0.,
    0.118400788633,0.189157664468,0.293592173924,0.338391715883,
    0.402458835024,0.509989103217,0.601603857773,0.79005668342,
    0.944696627757,1.),.UNSPECIFIED.);
#527 = CARTESIAN_POINT('',(77.5,-47.39,23.1));
#528 = CARTESIAN_POINT('',(77.673166909415,-47.39,23.1));
#529 = CARTESIAN_POINT('',(77.84762556526,-47.39,23.08894416539));
#530 = CARTESIAN_POINT('',(78.023111862783,-47.39,23.066547378018));
#531 = CARTESIAN_POINT('',(78.199250992673,-47.39,23.032386701388));
#532 = CARTESIAN_POINT('',(78.375556270159,-47.39,22.985950530006));
#533 = CARTESIAN_POINT('',(78.551425500855,-47.39,22.926647736079));
#534 = CARTESIAN_POINT('',(78.726134883365,-47.39,22.853776813583));
#535 = CARTESIAN_POINT('',(79.00203414187,-47.39,22.714271099301));
#536 = CARTESIAN_POINT('',(79.104476406637,-47.39,22.656947224507));
#537 = CARTESIAN_POINT('',(79.205973455542,-47.39,22.594301862707));
#538 = CARTESIAN_POINT('',(79.306283031492,-47.39,22.526150937603));
#539 = CARTESIAN_POINT('',(79.405106159385,-47.39,22.452316459106));
#540 = CARTESIAN_POINT('',(79.502088897812,-47.39,22.372635153244));
#541 = CARTESIAN_POINT('',(79.596824090754,-47.39,22.286967092069));
#542 = CARTESIAN_POINT('',(79.824684532644,-47.39,22.059765900072));
#543 = CARTESIAN_POINT('',(79.954947037424,-47.39,21.910723899868));
#544 = CARTESIAN_POINT('',(80.077733698033,-47.39,21.748006658221));
#545 = CARTESIAN_POINT('',(80.190870232711,-47.39,21.571964455179));
#546 = CARTESIAN_POINT('',(80.292096133429,-47.39,21.383519546541));
#547 = CARTESIAN_POINT('',(80.379183311178,-47.39,21.184284922645));
#548 = CARTESIAN_POINT('',(80.450202937442,-47.39,20.976783882583));
#549 = CARTESIAN_POINT('',(80.527293458235,-47.39,20.674011210984));
#550 = CARTESIAN_POINT('',(80.547299454969,-47.39,20.582293390514));
#551 = CARTESIAN_POINT('',(80.564094718345,-47.39,20.490031063698));
#552 = CARTESIAN_POINT('',(80.577644727835,-47.39,20.397495738343));
#553 = CARTESIAN_POINT('',(80.587950577192,-47.39,20.304947701845));
#554 = CARTESIAN_POINT('',(80.595044684753,-47.39,20.212635306645));
#555 = CARTESIAN_POINT('',(80.598986503742,-47.39,20.120794255677));
#556 = CARTESIAN_POINT('',(80.601104878237,-47.39,19.899298473083));
#557 = CARTESIAN_POINT('',(80.596073118348,-47.39,19.770355272784));
#558 = CARTESIAN_POINT('',(80.585005018649,-47.39,19.643400181701));
#559 = CARTESIAN_POINT('',(80.568221983496,-47.39,19.518893432793));
#560 = CARTESIAN_POINT('',(80.546085826,-47.39,19.397189421964));
#561 = CARTESIAN_POINT('',(80.518968495057,-47.39,19.278550557206));
#562 = CARTESIAN_POINT('',(80.487230459273,-47.39,19.163158132135));
#563 = CARTESIAN_POINT('',(80.390747220131,-47.39,18.863075771794));
#564 = CARTESIAN_POINT('',(80.318264607728,-47.39,18.684630437213));
#565 = CARTESIAN_POINT('',(80.235297115754,-47.39,18.516029915352));
#566 = CARTESIAN_POINT('',(80.143200234713,-47.39,18.35738330951));
#567 = CARTESIAN_POINT('',(80.043154382194,-47.39,18.208663614251));
#568 = CARTESIAN_POINT('',(79.936156437516,-47.39,18.069724598195));
#569 = CARTESIAN_POINT('',(79.822996169249,-47.39,17.940334086461));
#570 = CARTESIAN_POINT('',(79.603019318889,-47.39,17.71789069965));
#571 = CARTESIAN_POINT('',(79.497811035984,-47.39,17.622362436974));
#572 = CARTESIAN_POINT('',(79.388989148781,-47.39,17.533507579622));
#573 = CARTESIAN_POINT('',(79.276903397136,-47.39,17.451226664576));
#574 = CARTESIAN_POINT('',(79.161863609065,-47.39,17.375440173498));
#575 = CARTESIAN_POINT('',(79.044143280014,-47.39,17.306082928538));
#576 = CARTESIAN_POINT('',(78.923979941219,-47.39,17.243104751352));
#577 = CARTESIAN_POINT('',(78.549778130175,-47.39,17.069994105025));
#578 = CARTESIAN_POINT('',(78.288847166119,-47.39,16.980549067668));
#579 = CARTESIAN_POINT('',(78.020290920588,-47.39,16.917632928826));
#580 = CARTESIAN_POINT('',(77.745588357218,-47.39,16.881617883237));
#581 = CARTESIAN_POINT('',(77.466328058576,-47.39,16.873201744148));
#582 = CARTESIAN_POINT('',(77.184219056589,-47.39,16.893576777449));
#583 = CARTESIAN_POINT('',(76.901126062314,-47.39,16.944196497706));
#584 = CARTESIAN_POINT('',(76.387504055506,-47.39,17.096441074726));
#585 = CARTESIAN_POINT('',(76.157563084019,-47.39,17.187016389434));
#586 = CARTESIAN_POINT('',(75.929662240325,-47.39,17.300948526836));
#587 = CARTESIAN_POINT('',(75.705567240288,-47.39,17.440128451851));
#588 = CARTESIAN_POINT('',(75.488221884999,-47.39,17.606411555454));
#589 = CARTESIAN_POINT('',(75.281659570236,-47.39,17.801260093584));
#590 = CARTESIAN_POINT('',(75.090912032829,-47.39,18.02542727799));
#591 = CARTESIAN_POINT('',(74.861447371478,-47.39,18.369083484333));
#592 = CARTESIAN_POINT('',(74.803869498171,-47.39,18.463180705269));
#593 = CARTESIAN_POINT('',(74.74948443387,-47.39,18.560711433294));
#594 = CARTESIAN_POINT('',(74.698617465606,-47.39,18.661484666699));
#595 = CARTESIAN_POINT('',(74.651586441358,-47.39,18.765249955842));
#596 = CARTESIAN_POINT('',(74.608689763866,-47.39,18.871688997523));
#597 = CARTESIAN_POINT('',(74.570190116562,-47.39,18.980404896037));
#598 = CARTESIAN_POINT('',(74.536293921623,-47.39,19.090909090909));
#599 = ORIENTED_EDGE('',*,*,#600,.F.);
#600 = EDGE_CURVE('',#601,#524,#603,.T.);
#601 = VERTEX_POINT('',#602);
#602 = CARTESIAN_POINT('',(75.,-47.39,0.));
#603 = B_SPLINE_CURVE_WITH_KNOTS('',7,(#604,#605,#606,#607,#608,#609,
    #610,#611,#612,#613,#614,#615,#616,#617,#618,#619,#620,#621,#622,
    #623,#624,#625,#626,#627,#628,#629,#630,#631,#632,#633,#634,#635,
    #636,#637,#638,#639,#640,#641,#642,#643,#644,#645,#646,#647),
  .UNSPECIFIED.,.F.,.F.,(8,6,6,6,6,6,6,8),(0.,0.496560712948,
    0.745872754473,0.870827508573,0.934121744185,0.965053648122,
    0.981259702952,1.),.UNSPECIFIED.);
#604 = CARTESIAN_POINT('',(75.,-47.39,0.));
#605 = CARTESIAN_POINT('',(75.,-47.39,2.434162441658));
#606 = CARTESIAN_POINT('',(75.,-47.39,4.866491200055));
#607 = CARTESIAN_POINT('',(75.,-47.39,7.296902520584));
#608 = CARTESIAN_POINT('',(75.,-47.39,9.725306489044));
#609 = CARTESIAN_POINT('',(75.,-47.39,12.15160692767));
#610 = CARTESIAN_POINT('',(75.,-47.39,14.575701291179));
#611 = CARTESIAN_POINT('',(75.,-47.39,18.213401836044));
#612 = CARTESIAN_POINT('',(75.,-47.39,19.428739409381));
#613 = CARTESIAN_POINT('',(75.,-47.39,20.643479432816));
#614 = CARTESIAN_POINT('',(75.,-47.39,21.857607563577));
#615 = CARTESIAN_POINT('',(75.,-47.39,23.071108966112));
#616 = CARTESIAN_POINT('',(75.,-47.39,24.283968312091));
#617 = CARTESIAN_POINT('',(75.,-47.39,26.103723011556));
#618 = CARTESIAN_POINT('',(75.,-47.39,26.711110979513));
#619 = CARTESIAN_POINT('',(75.,-47.39,27.318331689725));
#620 = CARTESIAN_POINT('',(75.,-47.39,27.92538311322));
#621 = CARTESIAN_POINT('',(75.,-47.39,28.532263186602));
#622 = CARTESIAN_POINT('',(75.,-47.39,29.138969812052));
#623 = CARTESIAN_POINT('',(75.,-47.39,30.052731415804));
#624 = CARTESIAN_POINT('',(75.,-47.39,30.359916923761));
#625 = CARTESIAN_POINT('',(75.,-47.39,30.667057103984));
#626 = CARTESIAN_POINT('',(75.,-47.39,30.974151676872));
#627 = CARTESIAN_POINT('',(75.,-47.39,31.281200360438));
#628 = CARTESIAN_POINT('',(75.,-47.39,31.588202870315));
#629 = CARTESIAN_POINT('',(75.,-47.39,32.04516839442));
#630 = CARTESIAN_POINT('',(75.,-47.39,32.195166773038));
#631 = CARTESIAN_POINT('',(75.,-47.39,32.345154022131));
#632 = CARTESIAN_POINT('',(75.,-47.39,32.495130108088));
#633 = CARTESIAN_POINT('',(75.,-47.39,32.645094997158));
#634 = CARTESIAN_POINT('',(75.,-47.39,32.795048655452));
#635 = CARTESIAN_POINT('',(75.,-47.39,33.023549894048));
#636 = CARTESIAN_POINT('',(75.,-47.39,33.102108735359));
#637 = CARTESIAN_POINT('',(75.,-47.39,33.18066757287));
#638 = CARTESIAN_POINT('',(75.,-47.39,33.259226406578));
#639 = CARTESIAN_POINT('',(75.,-47.39,33.33778523648));
#640 = CARTESIAN_POINT('',(75.,-47.39,33.416344062575));
#641 = CARTESIAN_POINT('',(75.,-47.39,33.585746441832));
#642 = CARTESIAN_POINT('',(75.,-47.39,33.648864761118));
#643 = CARTESIAN_POINT('',(75.,-47.39,33.714971825348));
#644 = CARTESIAN_POINT('',(75.,-47.39,33.801214071451));
#645 = CARTESIAN_POINT('',(75.,-47.39,33.904816975559));
#646 = CARTESIAN_POINT('',(75.,-47.39,33.994561292603));
#647 = CARTESIAN_POINT('',(75.,-47.39,34.));
#648 = ORIENTED_EDGE('',*,*,#649,.T.);
#649 = EDGE_CURVE('',#601,#650,#652,.T.);
#650 = VERTEX_POINT('',#651);
#651 = CARTESIAN_POINT('',(103.,-47.39,0.));
#652 = LINE('',#653,#654);
#653 = CARTESIAN_POINT('',(-103.,-47.39,0.));
#654 = VECTOR('',#655,1.);
#655 = DIRECTION('',(1.,0.,0.));
#656 = ORIENTED_EDGE('',*,*,#657,.T.);
#657 = EDGE_CURVE('',#650,#658,#660,.T.);
#658 = VERTEX_POINT('',#659);
#659 = CARTESIAN_POINT('',(88.,-47.39,50.));
#660 = B_SPLINE_CURVE_WITH_KNOTS('',1,(#661,#662),.UNSPECIFIED.,.F.,.F.,
  (2,2),(0.,1.),.PIECEWISE_BEZIER_KNOTS.);
#661 = CARTESIAN_POINT('',(103.,-47.39,0.));
#662 = CARTESIAN_POINT('',(88.,-47.39,50.));
#663 = ORIENTED_EDGE('',*,*,#664,.F.);
#664 = EDGE_CURVE('',#166,#658,#665,.T.);
#665 = LINE('',#666,#667);
#666 = CARTESIAN_POINT('',(-88.,-47.39,50.));
#667 = VECTOR('',#668,1.);
#668 = DIRECTION('',(1.,0.,0.));
#669 = FACE_BOUND('',#670,.T.);
#670 = EDGE_LOOP('',(#671,#681,#689,#697));
#671 = ORIENTED_EDGE('',*,*,#672,.F.);
#672 = EDGE_CURVE('',#673,#675,#677,.T.);
#673 = VERTEX_POINT('',#674);
#674 = CARTESIAN_POINT('',(-85.,-47.39,48.));
#675 = VERTEX_POINT('',#676);
#676 = CARTESIAN_POINT('',(-85.,-47.39,34.5));
#677 = LINE('',#678,#679);
#678 = CARTESIAN_POINT('',(-85.,-47.39,40.));
#679 = VECTOR('',#680,1.);
#680 = DIRECTION('',(0.,0.,-1.));
#681 = ORIENTED_EDGE('',*,*,#682,.T.);
#682 = EDGE_CURVE('',#673,#683,#685,.T.);
#683 = VERTEX_POINT('',#684);
#684 = CARTESIAN_POINT('',(-80.5,-47.39,48.));
#685 = LINE('',#686,#687);
#686 = CARTESIAN_POINT('',(-85.,-47.39,48.));
#687 = VECTOR('',#688,1.);
#688 = DIRECTION('',(1.,0.,0.));
#689 = ORIENTED_EDGE('',*,*,#690,.F.);
#690 = EDGE_CURVE('',#691,#683,#693,.T.);
#691 = VERTEX_POINT('',#692);
#692 = CARTESIAN_POINT('',(-80.5,-47.39,34.5));
#693 = LINE('',#694,#695);
#694 = CARTESIAN_POINT('',(-80.5,-47.39,40.));
#695 = VECTOR('',#696,1.);
#696 = DIRECTION('',(0.,0.,1.));
#697 = ORIENTED_EDGE('',*,*,#698,.F.);
#698 = EDGE_CURVE('',#675,#691,#699,.T.);
#699 = LINE('',#700,#701);
#700 = CARTESIAN_POINT('',(-85.,-47.39,34.5));
#701 = VECTOR('',#702,1.);
#702 = DIRECTION('',(1.,0.,0.));
#703 = FACE_BOUND('',#704,.T.);
#704 = EDGE_LOOP('',(#705,#715,#723,#731));
#705 = ORIENTED_EDGE('',*,*,#706,.F.);
#706 = EDGE_CURVE('',#707,#709,#711,.T.);
#707 = VERTEX_POINT('',#708);
#708 = CARTESIAN_POINT('',(80.5,-47.39,48.));
#709 = VERTEX_POINT('',#710);
#710 = CARTESIAN_POINT('',(80.5,-47.39,34.5));
#711 = LINE('',#712,#713);
#712 = CARTESIAN_POINT('',(80.5,-47.39,40.));
#713 = VECTOR('',#714,1.);
#714 = DIRECTION('',(0.,0.,-1.));
#715 = ORIENTED_EDGE('',*,*,#716,.T.);
#716 = EDGE_CURVE('',#707,#717,#719,.T.);
#717 = VERTEX_POINT('',#718);
#718 = CARTESIAN_POINT('',(85.,-47.39,48.));
#719 = LINE('',#720,#721);
#720 = CARTESIAN_POINT('',(80.5,-47.39,48.));
#721 = VECTOR('',#722,1.);
#722 = DIRECTION('',(1.,0.,0.));
#723 = ORIENTED_EDGE('',*,*,#724,.F.);
#724 = EDGE_CURVE('',#725,#717,#727,.T.);
#725 = VERTEX_POINT('',#726);
#726 = CARTESIAN_POINT('',(85.,-47.39,34.5));
#727 = LINE('',#728,#729);
#728 = CARTESIAN_POINT('',(85.,-47.39,40.));
#729 = VECTOR('',#730,1.);
#730 = DIRECTION('',(0.,0.,1.));
#731 = ORIENTED_EDGE('',*,*,#732,.F.);
#732 = EDGE_CURVE('',#709,#725,#733,.T.);
#733 = LINE('',#734,#735);
#734 = CARTESIAN_POINT('',(80.5,-47.39,34.5));
#735 = VECTOR('',#736,1.);
#736 = DIRECTION('',(1.,0.,0.));
#737 = B_SPLINE_SURFACE_WITH_KNOTS('',1,1,(
    (#738,#739)
    ,(#740,#741
    )),.UNSPECIFIED.,.F.,.F.,.F.,(2,2),(2,2),(0.,206.),(0.,1.),
  .PIECEWISE_BEZIER_KNOTS.);
#738 = CARTESIAN_POINT('',(-103.,-47.39,0.));
#739 = CARTESIAN_POINT('',(-88.,-47.39,50.));
#740 = CARTESIAN_POINT('',(103.,-47.39,0.));
#741 = CARTESIAN_POINT('',(88.,-47.39,50.));
#742 = ADVANCED_FACE('',(#743),#767,.T.);
#743 = FACE_BOUND('',#744,.T.);
#744 = EDGE_LOOP('',(#745,#753,#754,#762));
#745 = ORIENTED_EDGE('',*,*,#746,.T.);
#746 = EDGE_CURVE('',#747,#164,#749,.T.);
#747 = VERTEX_POINT('',#748);
#748 = CARTESIAN_POINT('',(-103.,84.,0.));
#749 = LINE('',#750,#751);
#750 = CARTESIAN_POINT('',(-103.,84.,0.));
#751 = VECTOR('',#752,1.);
#752 = DIRECTION('',(0.,-1.,0.));
#753 = ORIENTED_EDGE('',*,*,#163,.T.);
#754 = ORIENTED_EDGE('',*,*,#755,.F.);
#755 = EDGE_CURVE('',#756,#166,#758,.T.);
#756 = VERTEX_POINT('',#757);
#757 = CARTESIAN_POINT('',(-88.,59.,50.));
#758 = LINE('',#759,#760);
#759 = CARTESIAN_POINT('',(-88.,59.,50.));
#760 = VECTOR('',#761,1.);
#761 = DIRECTION('',(0.,-1.,0.));
#762 = ORIENTED_EDGE('',*,*,#763,.F.);
#763 = EDGE_CURVE('',#747,#756,#764,.T.);
#764 = B_SPLINE_CURVE_WITH_KNOTS('',1,(#765,#766),.UNSPECIFIED.,.F.,.F.,
  (2,2),(0.,1.),.PIECEWISE_BEZIER_KNOTS.);
#765 = CARTESIAN_POINT('',(-103.,84.,0.));
#766 = CARTESIAN_POINT('',(-88.,59.,50.));
#767 = B_SPLINE_SURFACE_WITH_KNOTS('',1,1,(
    (#768,#769)
    ,(#770,#771
    )),.UNSPECIFIED.,.F.,.F.,.F.,(2,2),(2,2),(0.,131.39),(0.,1.),
  .PIECEWISE_BEZIER_KNOTS.);
#768 = CARTESIAN_POINT('',(-103.,84.,0.));
#769 = CARTESIAN_POINT('',(-88.,59.,50.));
#770 = CARTESIAN_POINT('',(-103.,-47.39,0.));
#771 = CARTESIAN_POINT('',(-88.,-47.39,50.));
#772 = ADVANCED_FACE('',(#773,#791),#821,.F.);
#773 = FACE_BOUND('',#774,.F.);
#774 = EDGE_LOOP('',(#775,#776,#777,#785));
#775 = ORIENTED_EDGE('',*,*,#664,.F.);
#776 = ORIENTED_EDGE('',*,*,#755,.F.);
#777 = ORIENTED_EDGE('',*,*,#778,.F.);
#778 = EDGE_CURVE('',#779,#756,#781,.T.);
#779 = VERTEX_POINT('',#780);
#780 = CARTESIAN_POINT('',(88.,59.,50.));
#781 = LINE('',#782,#783);
#782 = CARTESIAN_POINT('',(88.,59.,50.));
#783 = VECTOR('',#784,1.);
#784 = DIRECTION('',(-1.,0.,0.));
#785 = ORIENTED_EDGE('',*,*,#786,.F.);
#786 = EDGE_CURVE('',#658,#779,#787,.T.);
#787 = LINE('',#788,#789);
#788 = CARTESIAN_POINT('',(88.,-47.39,50.));
#789 = VECTOR('',#790,1.);
#790 = DIRECTION('',(0.,1.,0.));
#791 = FACE_BOUND('',#792,.F.);
#792 = EDGE_LOOP('',(#793,#802,#809,#816));
#793 = ORIENTED_EDGE('',*,*,#794,.F.);
#794 = EDGE_CURVE('',#795,#797,#799,.T.);
#795 = VERTEX_POINT('',#796);
#796 = CARTESIAN_POINT('',(85.30612244898,-44.39,50.));
#797 = VERTEX_POINT('',#798);
#798 = CARTESIAN_POINT('',(-85.30612244898,-44.39,50.));
#799 = B_SPLINE_CURVE_WITH_KNOTS('',1,(#800,#801),.UNSPECIFIED.,.F.,.F.,
  (2,2),(0.,1.),.PIECEWISE_BEZIER_KNOTS.);
#800 = CARTESIAN_POINT('',(85.30612244898,-44.39,50.));
#801 = CARTESIAN_POINT('',(-85.30612244898,-44.39,50.));
#802 = ORIENTED_EDGE('',*,*,#803,.F.);
#803 = EDGE_CURVE('',#804,#795,#806,.T.);
#804 = VERTEX_POINT('',#805);
#805 = CARTESIAN_POINT('',(85.30612244898,56.510204081633,50.));
#806 = B_SPLINE_CURVE_WITH_KNOTS('',1,(#807,#808),.UNSPECIFIED.,.F.,.F.,
  (2,2),(0.,1.),.PIECEWISE_BEZIER_KNOTS.);
#807 = CARTESIAN_POINT('',(85.30612244898,56.510204081633,50.));
#808 = CARTESIAN_POINT('',(85.30612244898,-44.39,50.));
#809 = ORIENTED_EDGE('',*,*,#810,.F.);
#810 = EDGE_CURVE('',#811,#804,#813,.T.);
#811 = VERTEX_POINT('',#812);
#812 = CARTESIAN_POINT('',(-85.30612244898,56.510204081633,50.));
#813 = B_SPLINE_CURVE_WITH_KNOTS('',1,(#814,#815),.UNSPECIFIED.,.F.,.F.,
  (2,2),(0.,1.),.PIECEWISE_BEZIER_KNOTS.);
#814 = CARTESIAN_POINT('',(-85.30612244898,56.510204081633,50.));
#815 = CARTESIAN_POINT('',(85.30612244898,56.510204081633,50.));
#816 = ORIENTED_EDGE('',*,*,#817,.F.);
#817 = EDGE_CURVE('',#797,#811,#818,.T.);
#818 = B_SPLINE_CURVE_WITH_KNOTS('',1,(#819,#820),.UNSPECIFIED.,.F.,.F.,
  (2,2),(0.,1.),.PIECEWISE_BEZIER_KNOTS.);
#819 = CARTESIAN_POINT('',(-85.30612244898,-44.39,50.));
#820 = CARTESIAN_POINT('',(-85.30612244898,56.510204081633,50.));
#821 = PLANE('',#822);
#822 = AXIS2_PLACEMENT_3D('',#823,#824,#825);
#823 = CARTESIAN_POINT('',(-88.,-47.39,50.));
#824 = DIRECTION('',(0.,0.,-1.));
#825 = DIRECTION('',(0.855793562303,0.517317483486,0.));
#826 = ADVANCED_FACE('',(#827),#844,.T.);
#827 = FACE_BOUND('',#828,.T.);
#828 = EDGE_LOOP('',(#829,#837,#842,#843));
#829 = ORIENTED_EDGE('',*,*,#830,.T.);
#830 = EDGE_CURVE('',#650,#831,#833,.T.);
#831 = VERTEX_POINT('',#832);
#832 = CARTESIAN_POINT('',(103.,84.,0.));
#833 = LINE('',#834,#835);
#834 = CARTESIAN_POINT('',(103.,-47.39,0.));
#835 = VECTOR('',#836,1.);
#836 = DIRECTION('',(0.,1.,0.));
#837 = ORIENTED_EDGE('',*,*,#838,.T.);
#838 = EDGE_CURVE('',#831,#779,#839,.T.);
#839 = B_SPLINE_CURVE_WITH_KNOTS('',1,(#840,#841),.UNSPECIFIED.,.F.,.F.,
  (2,2),(0.,1.),.PIECEWISE_BEZIER_KNOTS.);
#840 = CARTESIAN_POINT('',(103.,84.,0.));
#841 = CARTESIAN_POINT('',(88.,59.,50.));
#842 = ORIENTED_EDGE('',*,*,#786,.F.);
#843 = ORIENTED_EDGE('',*,*,#657,.F.);
#844 = B_SPLINE_SURFACE_WITH_KNOTS('',1,1,(
    (#845,#846)
    ,(#847,#848
    )),.UNSPECIFIED.,.F.,.F.,.F.,(2,2),(2,2),(0.,131.39),(0.,1.),
  .PIECEWISE_BEZIER_KNOTS.);
#845 = CARTESIAN_POINT('',(103.,-47.39,0.));
#846 = CARTESIAN_POINT('',(88.,-47.39,50.));
#847 = CARTESIAN_POINT('',(103.,84.,0.));
#848 = CARTESIAN_POINT('',(88.,59.,50.));
#849 = ADVANCED_FACE('',(#850),#921,.F.);
#850 = FACE_BOUND('',#851,.F.);
#851 = EDGE_LOOP('',(#852,#860,#861,#869,#877,#883,#884,#892,#900,#908)
  );
#852 = ORIENTED_EDGE('',*,*,#853,.F.);
#853 = EDGE_CURVE('',#433,#854,#856,.T.);
#854 = VERTEX_POINT('',#855);
#855 = CARTESIAN_POINT('',(75.,-44.39,34.));
#856 = LINE('',#857,#858);
#857 = CARTESIAN_POINT('',(75.,-48.39,34.));
#858 = VECTOR('',#859,1.);
#859 = DIRECTION('',(0.,1.,0.));
#860 = ORIENTED_EDGE('',*,*,#439,.F.);
#861 = ORIENTED_EDGE('',*,*,#862,.T.);
#862 = EDGE_CURVE('',#440,#863,#865,.T.);
#863 = VERTEX_POINT('',#864);
#864 = CARTESIAN_POINT('',(75.,-45.4,21.833030277982));
#865 = LINE('',#866,#867);
#866 = CARTESIAN_POINT('',(75.,-47.4,21.833030277982));
#867 = VECTOR('',#868,1.);
#868 = DIRECTION('',(0.,1.,0.));
#869 = ORIENTED_EDGE('',*,*,#870,.F.);
#870 = EDGE_CURVE('',#871,#863,#873,.T.);
#871 = VERTEX_POINT('',#872);
#872 = CARTESIAN_POINT('',(75.,-45.4,18.166969722018));
#873 = LINE('',#874,#875);
#874 = CARTESIAN_POINT('',(75.,-45.4,9.5));
#875 = VECTOR('',#876,1.);
#876 = DIRECTION('',(0.,0.,1.));
#877 = ORIENTED_EDGE('',*,*,#878,.F.);
#878 = EDGE_CURVE('',#524,#871,#879,.T.);
#879 = LINE('',#880,#881);
#880 = CARTESIAN_POINT('',(75.,-47.4,18.166969722018));
#881 = VECTOR('',#882,1.);
#882 = DIRECTION('',(0.,1.,0.));
#883 = ORIENTED_EDGE('',*,*,#600,.F.);
#884 = ORIENTED_EDGE('',*,*,#885,.F.);
#885 = EDGE_CURVE('',#886,#601,#888,.T.);
#886 = VERTEX_POINT('',#887);
#887 = CARTESIAN_POINT('',(75.,-43.39,0.));
#888 = LINE('',#889,#890);
#889 = CARTESIAN_POINT('',(75.,-47.89,0.));
#890 = VECTOR('',#891,1.);
#891 = DIRECTION('',(0.,-1.,0.));
#892 = ORIENTED_EDGE('',*,*,#893,.T.);
#893 = EDGE_CURVE('',#886,#894,#896,.T.);
#894 = VERTEX_POINT('',#895);
#895 = CARTESIAN_POINT('',(75.,-43.39,2.));
#896 = LINE('',#897,#898);
#897 = CARTESIAN_POINT('',(75.,-43.39,-1.));
#898 = VECTOR('',#899,1.);
#899 = DIRECTION('',(0.,0.,1.));
#900 = ORIENTED_EDGE('',*,*,#901,.T.);
#901 = EDGE_CURVE('',#894,#902,#904,.T.);
#902 = VERTEX_POINT('',#903);
#903 = CARTESIAN_POINT('',(75.,-44.39,2.));
#904 = LINE('',#905,#906);
#905 = CARTESIAN_POINT('',(75.,-46.39,2.));
#906 = VECTOR('',#907,1.);
#907 = DIRECTION('',(0.,-1.,0.));
#908 = ORIENTED_EDGE('',*,*,#909,.T.);
#909 = EDGE_CURVE('',#902,#854,#910,.T.);
#910 = B_SPLINE_CURVE_WITH_KNOTS('',5,(#911,#912,#913,#914,#915,#916,
    #917,#918,#919,#920),.UNSPECIFIED.,.F.,.F.,(6,4,6),(0.,
    0.499357454441,1.),.UNSPECIFIED.);
#911 = CARTESIAN_POINT('',(75.,-44.39,2.));
#912 = CARTESIAN_POINT('',(75.,-44.39,5.214476018584));
#913 = CARTESIAN_POINT('',(75.,-44.39,8.424993216406));
#914 = CARTESIAN_POINT('',(75.,-44.39,11.631255049404));
#915 = CARTESIAN_POINT('',(75.,-44.39,14.832922469268));
#916 = CARTESIAN_POINT('',(75.,-44.39,21.234528245382));
#917 = CARTESIAN_POINT('',(75.,-44.39,24.43443914983));
#918 = CARTESIAN_POINT('',(75.,-44.39,27.62895928461));
#919 = CARTESIAN_POINT('',(75.,-44.39,30.81764610815));
#920 = CARTESIAN_POINT('',(75.,-44.39,34.));
#921 = PLANE('',#922);
#922 = AXIS2_PLACEMENT_3D('',#923,#924,#925);
#923 = CARTESIAN_POINT('',(75.,-48.39,-1.));
#924 = DIRECTION('',(1.,0.,0.));
#925 = DIRECTION('',(0.,0.,1.));
#926 = ADVANCED_FACE('',(#927),#944,.F.);
#927 = FACE_BOUND('',#928,.F.);
#928 = EDGE_LOOP('',(#929,#937,#938,#939));
#929 = ORIENTED_EDGE('',*,*,#930,.F.);
#930 = EDGE_CURVE('',#384,#931,#933,.T.);
#931 = VERTEX_POINT('',#932);
#932 = CARTESIAN_POINT('',(-75.,-44.39,34.));
#933 = LINE('',#934,#935);
#934 = CARTESIAN_POINT('',(-75.,-48.39,34.));
#935 = VECTOR('',#936,1.);
#936 = DIRECTION('',(0.,1.,0.));
#937 = ORIENTED_EDGE('',*,*,#432,.F.);
#938 = ORIENTED_EDGE('',*,*,#853,.T.);
#939 = ORIENTED_EDGE('',*,*,#940,.T.);
#940 = EDGE_CURVE('',#854,#931,#941,.T.);
#941 = B_SPLINE_CURVE_WITH_KNOTS('',1,(#942,#943),.UNSPECIFIED.,.F.,.F.,
  (2,2),(0.,1.),.PIECEWISE_BEZIER_KNOTS.);
#942 = CARTESIAN_POINT('',(75.,-44.39,34.));
#943 = CARTESIAN_POINT('',(-75.,-44.39,34.));
#944 = PLANE('',#945);
#945 = AXIS2_PLACEMENT_3D('',#946,#947,#948);
#946 = CARTESIAN_POINT('',(-75.,-48.39,34.));
#947 = DIRECTION('',(0.,0.,1.));
#948 = DIRECTION('',(1.,0.,0.));
#949 = ADVANCED_FACE('',(#950),#1014,.T.);
#950 = FACE_BOUND('',#951,.T.);
#951 = EDGE_LOOP('',(#952,#953,#954,#962,#970,#976,#977,#985,#993,#1001)
  );
#952 = ORIENTED_EDGE('',*,*,#930,.F.);
#953 = ORIENTED_EDGE('',*,*,#383,.F.);
#954 = ORIENTED_EDGE('',*,*,#955,.T.);
#955 = EDGE_CURVE('',#328,#956,#958,.T.);
#956 = VERTEX_POINT('',#957);
#957 = CARTESIAN_POINT('',(-75.,-45.4,21.833030277982));
#958 = LINE('',#959,#960);
#959 = CARTESIAN_POINT('',(-75.,-47.4,21.833030277982));
#960 = VECTOR('',#961,1.);
#961 = DIRECTION('',(0.,1.,0.));
#962 = ORIENTED_EDGE('',*,*,#963,.F.);
#963 = EDGE_CURVE('',#964,#956,#966,.T.);
#964 = VERTEX_POINT('',#965);
#965 = CARTESIAN_POINT('',(-75.,-45.4,18.166969722018));
#966 = LINE('',#967,#968);
#967 = CARTESIAN_POINT('',(-75.,-45.4,9.5));
#968 = VECTOR('',#969,1.);
#969 = DIRECTION('',(0.,0.,1.));
#970 = ORIENTED_EDGE('',*,*,#971,.F.);
#971 = EDGE_CURVE('',#181,#964,#972,.T.);
#972 = LINE('',#973,#974);
#973 = CARTESIAN_POINT('',(-75.,-47.4,18.166969722018));
#974 = VECTOR('',#975,1.);
#975 = DIRECTION('',(0.,1.,0.));
#976 = ORIENTED_EDGE('',*,*,#180,.F.);
#977 = ORIENTED_EDGE('',*,*,#978,.F.);
#978 = EDGE_CURVE('',#979,#173,#981,.T.);
#979 = VERTEX_POINT('',#980);
#980 = CARTESIAN_POINT('',(-75.,-43.39,0.));
#981 = LINE('',#982,#983);
#982 = CARTESIAN_POINT('',(-75.,-47.89,0.));
#983 = VECTOR('',#984,1.);
#984 = DIRECTION('',(0.,-1.,0.));
#985 = ORIENTED_EDGE('',*,*,#986,.T.);
#986 = EDGE_CURVE('',#979,#987,#989,.T.);
#987 = VERTEX_POINT('',#988);
#988 = CARTESIAN_POINT('',(-75.,-43.39,2.));
#989 = LINE('',#990,#991);
#990 = CARTESIAN_POINT('',(-75.,-43.39,-1.));
#991 = VECTOR('',#992,1.);
#992 = DIRECTION('',(0.,0.,1.));
#993 = ORIENTED_EDGE('',*,*,#994,.T.);
#994 = EDGE_CURVE('',#987,#995,#997,.T.);
#995 = VERTEX_POINT('',#996);
#996 = CARTESIAN_POINT('',(-75.,-44.39,2.));
#997 = LINE('',#998,#999);
#998 = CARTESIAN_POINT('',(-75.,-46.39,2.));
#999 = VECTOR('',#1000,1.);
#1000 = DIRECTION('',(0.,-1.,0.));
#1001 = ORIENTED_EDGE('',*,*,#1002,.T.);
#1002 = EDGE_CURVE('',#995,#931,#1003,.T.);
#1003 = B_SPLINE_CURVE_WITH_KNOTS('',5,(#1004,#1005,#1006,#1007,#1008,
    #1009,#1010,#1011,#1012,#1013),.UNSPECIFIED.,.F.,.F.,(6,4,6),(0.,
    0.499357454441,1.),.UNSPECIFIED.);
#1004 = CARTESIAN_POINT('',(-75.,-44.39,2.));
#1005 = CARTESIAN_POINT('',(-75.,-44.39,5.214476018584));
#1006 = CARTESIAN_POINT('',(-75.,-44.39,8.424993216406));
#1007 = CARTESIAN_POINT('',(-75.,-44.39,11.631255049403));
#1008 = CARTESIAN_POINT('',(-75.,-44.39,14.832922469266));
#1009 = CARTESIAN_POINT('',(-75.,-44.39,21.234528245381));
#1010 = CARTESIAN_POINT('',(-75.,-44.39,24.434439149829));
#1011 = CARTESIAN_POINT('',(-75.,-44.39,27.628959284609));
#1012 = CARTESIAN_POINT('',(-75.,-44.39,30.81764610815));
#1013 = CARTESIAN_POINT('',(-75.,-44.39,34.));
#1014 = PLANE('',#1015);
#1015 = AXIS2_PLACEMENT_3D('',#1016,#1017,#1018);
#1016 = CARTESIAN_POINT('',(-75.,-48.39,-1.));
#1017 = DIRECTION('',(1.,0.,0.));
#1018 = DIRECTION('',(0.,0.,1.));
#1019 = ADVANCED_FACE('',(#1020),#1045,.T.);
#1020 = FACE_BOUND('',#1021,.T.);
#1021 = EDGE_LOOP('',(#1022,#1023,#1031,#1039));
#1022 = ORIENTED_EDGE('',*,*,#698,.T.);
#1023 = ORIENTED_EDGE('',*,*,#1024,.T.);
#1024 = EDGE_CURVE('',#691,#1025,#1027,.T.);
#1025 = VERTEX_POINT('',#1026);
#1026 = CARTESIAN_POINT('',(-80.5,-52.89,40.));
#1027 = LINE('',#1028,#1029);
#1028 = CARTESIAN_POINT('',(-80.5,-47.39,34.5));
#1029 = VECTOR('',#1030,1.);
#1030 = DIRECTION('',(0.,-0.707106781187,0.707106781187));
#1031 = ORIENTED_EDGE('',*,*,#1032,.F.);
#1032 = EDGE_CURVE('',#1033,#1025,#1035,.T.);
#1033 = VERTEX_POINT('',#1034);
#1034 = CARTESIAN_POINT('',(-85.,-52.89,40.));
#1035 = LINE('',#1036,#1037);
#1036 = CARTESIAN_POINT('',(-85.,-52.89,40.));
#1037 = VECTOR('',#1038,1.);
#1038 = DIRECTION('',(1.,0.,0.));
#1039 = ORIENTED_EDGE('',*,*,#1040,.F.);
#1040 = EDGE_CURVE('',#675,#1033,#1041,.T.);
#1041 = LINE('',#1042,#1043);
#1042 = CARTESIAN_POINT('',(-85.,-47.39,34.5));
#1043 = VECTOR('',#1044,1.);
#1044 = DIRECTION('',(0.,-0.707106781187,0.707106781187));
#1045 = PLANE('',#1046);
#1046 = AXIS2_PLACEMENT_3D('',#1047,#1048,#1049);
#1047 = CARTESIAN_POINT('',(-85.,-47.39,34.5));
#1048 = DIRECTION('',(0.,-0.707106781187,-0.707106781187));
#1049 = DIRECTION('',(0.,-0.707106781187,0.707106781187));
#1050 = ADVANCED_FACE('',(#1051),#1067,.T.);
#1051 = FACE_BOUND('',#1052,.T.);
#1052 = EDGE_LOOP('',(#1053,#1059,#1060,#1066));
#1053 = ORIENTED_EDGE('',*,*,#1054,.F.);
#1054 = EDGE_CURVE('',#134,#673,#1055,.T.);
#1055 = LINE('',#1056,#1057);
#1056 = CARTESIAN_POINT('',(-85.,-52.89,48.));
#1057 = VECTOR('',#1058,1.);
#1058 = DIRECTION('',(0.,1.,0.));
#1059 = ORIENTED_EDGE('',*,*,#141,.T.);
#1060 = ORIENTED_EDGE('',*,*,#1061,.T.);
#1061 = EDGE_CURVE('',#142,#683,#1062,.T.);
#1062 = LINE('',#1063,#1064);
#1063 = CARTESIAN_POINT('',(-80.5,-52.89,48.));
#1064 = VECTOR('',#1065,1.);
#1065 = DIRECTION('',(0.,1.,0.));
#1066 = ORIENTED_EDGE('',*,*,#682,.F.);
#1067 = PLANE('',#1068);
#1068 = AXIS2_PLACEMENT_3D('',#1069,#1070,#1071);
#1069 = CARTESIAN_POINT('',(-85.,-52.89,48.));
#1070 = DIRECTION('',(0.,0.,1.));
#1071 = DIRECTION('',(1.,0.,0.));
#1072 = ADVANCED_FACE('',(#1073),#1098,.T.);
#1073 = FACE_BOUND('',#1074,.T.);
#1074 = EDGE_LOOP('',(#1075,#1076,#1084,#1092));
#1075 = ORIENTED_EDGE('',*,*,#732,.T.);
#1076 = ORIENTED_EDGE('',*,*,#1077,.T.);
#1077 = EDGE_CURVE('',#725,#1078,#1080,.T.);
#1078 = VERTEX_POINT('',#1079);
#1079 = CARTESIAN_POINT('',(85.,-52.89,40.));
#1080 = LINE('',#1081,#1082);
#1081 = CARTESIAN_POINT('',(85.,-47.39,34.5));
#1082 = VECTOR('',#1083,1.);
#1083 = DIRECTION('',(0.,-0.707106781187,0.707106781187));
#1084 = ORIENTED_EDGE('',*,*,#1085,.F.);
#1085 = EDGE_CURVE('',#1086,#1078,#1088,.T.);
#1086 = VERTEX_POINT('',#1087);
#1087 = CARTESIAN_POINT('',(80.5,-52.89,40.));
#1088 = LINE('',#1089,#1090);
#1089 = CARTESIAN_POINT('',(80.5,-52.89,40.));
#1090 = VECTOR('',#1091,1.);
#1091 = DIRECTION('',(1.,0.,0.));
#1092 = ORIENTED_EDGE('',*,*,#1093,.F.);
#1093 = EDGE_CURVE('',#709,#1086,#1094,.T.);
#1094 = LINE('',#1095,#1096);
#1095 = CARTESIAN_POINT('',(80.5,-47.39,34.5));
#1096 = VECTOR('',#1097,1.);
#1097 = DIRECTION('',(0.,-0.707106781187,0.707106781187));
#1098 = PLANE('',#1099);
#1099 = AXIS2_PLACEMENT_3D('',#1100,#1101,#1102);
#1100 = CARTESIAN_POINT('',(80.5,-47.39,34.5));
#1101 = DIRECTION('',(0.,-0.707106781187,-0.707106781187));
#1102 = DIRECTION('',(0.,-0.707106781187,0.707106781187));
#1103 = ADVANCED_FACE('',(#1104),#1120,.T.);
#1104 = FACE_BOUND('',#1105,.T.);
#1105 = EDGE_LOOP('',(#1106,#1112,#1113,#1119));
#1106 = ORIENTED_EDGE('',*,*,#1107,.F.);
#1107 = EDGE_CURVE('',#63,#707,#1108,.T.);
#1108 = LINE('',#1109,#1110);
#1109 = CARTESIAN_POINT('',(80.5,-52.89,48.));
#1110 = VECTOR('',#1111,1.);
#1111 = DIRECTION('',(0.,1.,0.));
#1112 = ORIENTED_EDGE('',*,*,#70,.T.);
#1113 = ORIENTED_EDGE('',*,*,#1114,.T.);
#1114 = EDGE_CURVE('',#71,#717,#1115,.T.);
#1115 = LINE('',#1116,#1117);
#1116 = CARTESIAN_POINT('',(85.,-52.89,48.));
#1117 = VECTOR('',#1118,1.);
#1118 = DIRECTION('',(0.,1.,0.));
#1119 = ORIENTED_EDGE('',*,*,#716,.F.);
#1120 = PLANE('',#1121);
#1121 = AXIS2_PLACEMENT_3D('',#1122,#1123,#1124);
#1122 = CARTESIAN_POINT('',(80.5,-52.89,48.));
#1123 = DIRECTION('',(0.,0.,1.));
#1124 = DIRECTION('',(1.,0.,0.));
#1125 = ADVANCED_FACE('',(#1126),#1137,.T.);
#1126 = FACE_BOUND('',#1127,.T.);
#1127 = EDGE_LOOP('',(#1128,#1134,#1135,#1136));
#1128 = ORIENTED_EDGE('',*,*,#1129,.T.);
#1129 = EDGE_CURVE('',#831,#747,#1130,.T.);
#1130 = LINE('',#1131,#1132);
#1131 = CARTESIAN_POINT('',(103.,84.,0.));
#1132 = VECTOR('',#1133,1.);
#1133 = DIRECTION('',(-1.,0.,0.));
#1134 = ORIENTED_EDGE('',*,*,#763,.T.);
#1135 = ORIENTED_EDGE('',*,*,#778,.F.);
#1136 = ORIENTED_EDGE('',*,*,#838,.F.);
#1137 = B_SPLINE_SURFACE_WITH_KNOTS('',1,1,(
    (#1138,#1139)
    ,(#1140,#1141
    )),.UNSPECIFIED.,.F.,.F.,.F.,(2,2),(2,2),(0.,206.),(0.,1.),
  .PIECEWISE_BEZIER_KNOTS.);
#1138 = CARTESIAN_POINT('',(103.,84.,0.));
#1139 = CARTESIAN_POINT('',(88.,59.,50.));
#1140 = CARTESIAN_POINT('',(-103.,84.,0.));
#1141 = CARTESIAN_POINT('',(-88.,59.,50.));
#1142 = ADVANCED_FACE('',(#1143),#1175,.F.);
#1143 = FACE_BOUND('',#1144,.F.);
#1144 = EDGE_LOOP('',(#1145,#1152,#1158,#1159,#1160,#1161,#1169,#1174));
#1145 = ORIENTED_EDGE('',*,*,#1146,.F.);
#1146 = EDGE_CURVE('',#1147,#797,#1149,.T.);
#1147 = VERTEX_POINT('',#1148);
#1148 = CARTESIAN_POINT('',(-100.,-44.39,2.));
#1149 = B_SPLINE_CURVE_WITH_KNOTS('',1,(#1150,#1151),.UNSPECIFIED.,.F.,
  .F.,(2,2),(0.,1.),.PIECEWISE_BEZIER_KNOTS.);
#1150 = CARTESIAN_POINT('',(-100.,-44.39,2.));
#1151 = CARTESIAN_POINT('',(-85.,-44.39,51.));
#1152 = ORIENTED_EDGE('',*,*,#1153,.T.);
#1153 = EDGE_CURVE('',#1147,#995,#1154,.T.);
#1154 = LINE('',#1155,#1156);
#1155 = CARTESIAN_POINT('',(-100.,-44.39,2.));
#1156 = VECTOR('',#1157,1.);
#1157 = DIRECTION('',(1.,0.,0.));
#1158 = ORIENTED_EDGE('',*,*,#1002,.T.);
#1159 = ORIENTED_EDGE('',*,*,#940,.F.);
#1160 = ORIENTED_EDGE('',*,*,#909,.F.);
#1161 = ORIENTED_EDGE('',*,*,#1162,.T.);
#1162 = EDGE_CURVE('',#902,#1163,#1165,.T.);
#1163 = VERTEX_POINT('',#1164);
#1164 = CARTESIAN_POINT('',(100.,-44.39,2.));
#1165 = LINE('',#1166,#1167);
#1166 = CARTESIAN_POINT('',(-100.,-44.39,2.));
#1167 = VECTOR('',#1168,1.);
#1168 = DIRECTION('',(1.,0.,0.));
#1169 = ORIENTED_EDGE('',*,*,#1170,.T.);
#1170 = EDGE_CURVE('',#1163,#795,#1171,.T.);
#1171 = B_SPLINE_CURVE_WITH_KNOTS('',1,(#1172,#1173),.UNSPECIFIED.,.F.,
  .F.,(2,2),(0.,1.),.PIECEWISE_BEZIER_KNOTS.);
#1172 = CARTESIAN_POINT('',(100.,-44.39,2.));
#1173 = CARTESIAN_POINT('',(85.,-44.39,51.));
#1174 = ORIENTED_EDGE('',*,*,#794,.T.);
#1175 = B_SPLINE_SURFACE_WITH_KNOTS('',1,1,(
    (#1176,#1177)
    ,(#1178,#1179
    )),.UNSPECIFIED.,.F.,.F.,.F.,(2,2),(2,2),(0.,200.),(0.,1.),
  .PIECEWISE_BEZIER_KNOTS.);
#1176 = CARTESIAN_POINT('',(-100.,-44.39,2.));
#1177 = CARTESIAN_POINT('',(-85.,-44.39,51.));
#1178 = CARTESIAN_POINT('',(100.,-44.39,2.));
#1179 = CARTESIAN_POINT('',(85.,-44.39,51.));
#1180 = ADVANCED_FACE('',(#1181),#1198,.F.);
#1181 = FACE_BOUND('',#1182,.F.);
#1182 = EDGE_LOOP('',(#1183,#1190,#1196,#1197));
#1183 = ORIENTED_EDGE('',*,*,#1184,.F.);
#1184 = EDGE_CURVE('',#1185,#811,#1187,.T.);
#1185 = VERTEX_POINT('',#1186);
#1186 = CARTESIAN_POINT('',(-100.,81.,2.));
#1187 = B_SPLINE_CURVE_WITH_KNOTS('',1,(#1188,#1189),.UNSPECIFIED.,.F.,
  .F.,(2,2),(0.,1.),.PIECEWISE_BEZIER_KNOTS.);
#1188 = CARTESIAN_POINT('',(-100.,81.,2.));
#1189 = CARTESIAN_POINT('',(-85.,56.,51.));
#1190 = ORIENTED_EDGE('',*,*,#1191,.T.);
#1191 = EDGE_CURVE('',#1185,#1147,#1192,.T.);
#1192 = LINE('',#1193,#1194);
#1193 = CARTESIAN_POINT('',(-100.,81.,2.));
#1194 = VECTOR('',#1195,1.);
#1195 = DIRECTION('',(0.,-1.,0.));
#1196 = ORIENTED_EDGE('',*,*,#1146,.T.);
#1197 = ORIENTED_EDGE('',*,*,#817,.T.);
#1198 = B_SPLINE_SURFACE_WITH_KNOTS('',1,1,(
    (#1199,#1200)
    ,(#1201,#1202
    )),.UNSPECIFIED.,.F.,.F.,.F.,(2,2),(2,2),(0.,125.39),(0.,1.),
  .PIECEWISE_BEZIER_KNOTS.);
#1199 = CARTESIAN_POINT('',(-100.,81.,2.));
#1200 = CARTESIAN_POINT('',(-85.,56.,51.));
#1201 = CARTESIAN_POINT('',(-100.,-44.39,2.));
#1202 = CARTESIAN_POINT('',(-85.,-44.39,51.));
#1203 = ADVANCED_FACE('',(#1204),#1221,.F.);
#1204 = FACE_BOUND('',#1205,.F.);
#1205 = EDGE_LOOP('',(#1206,#1213,#1219,#1220));
#1206 = ORIENTED_EDGE('',*,*,#1207,.F.);
#1207 = EDGE_CURVE('',#1208,#804,#1210,.T.);
#1208 = VERTEX_POINT('',#1209);
#1209 = CARTESIAN_POINT('',(100.,81.,2.));
#1210 = B_SPLINE_CURVE_WITH_KNOTS('',1,(#1211,#1212),.UNSPECIFIED.,.F.,
  .F.,(2,2),(0.,1.),.PIECEWISE_BEZIER_KNOTS.);
#1211 = CARTESIAN_POINT('',(100.,81.,2.));
#1212 = CARTESIAN_POINT('',(85.,56.,51.));
#1213 = ORIENTED_EDGE('',*,*,#1214,.T.);
#1214 = EDGE_CURVE('',#1208,#1185,#1215,.T.);
#1215 = LINE('',#1216,#1217);
#1216 = CARTESIAN_POINT('',(100.,81.,2.));
#1217 = VECTOR('',#1218,1.);
#1218 = DIRECTION('',(-1.,0.,0.));
#1219 = ORIENTED_EDGE('',*,*,#1184,.T.);
#1220 = ORIENTED_EDGE('',*,*,#810,.T.);
#1221 = B_SPLINE_SURFACE_WITH_KNOTS('',1,1,(
    (#1222,#1223)
    ,(#1224,#1225
    )),.UNSPECIFIED.,.F.,.F.,.F.,(2,2),(2,2),(0.,200.),(0.,1.),
  .PIECEWISE_BEZIER_KNOTS.);
#1222 = CARTESIAN_POINT('',(100.,81.,2.));
#1223 = CARTESIAN_POINT('',(85.,56.,51.));
#1224 = CARTESIAN_POINT('',(-100.,81.,2.));
#1225 = CARTESIAN_POINT('',(-85.,56.,51.));
#1226 = ADVANCED_FACE('',(#1227),#1238,.F.);
#1227 = FACE_BOUND('',#1228,.F.);
#1228 = EDGE_LOOP('',(#1229,#1230,#1236,#1237));
#1229 = ORIENTED_EDGE('',*,*,#1170,.F.);
#1230 = ORIENTED_EDGE('',*,*,#1231,.T.);
#1231 = EDGE_CURVE('',#1163,#1208,#1232,.T.);
#1232 = LINE('',#1233,#1234);
#1233 = CARTESIAN_POINT('',(100.,-44.39,2.));
#1234 = VECTOR('',#1235,1.);
#1235 = DIRECTION('',(0.,1.,0.));
#1236 = ORIENTED_EDGE('',*,*,#1207,.T.);
#1237 = ORIENTED_EDGE('',*,*,#803,.T.);
#1238 = B_SPLINE_SURFACE_WITH_KNOTS('',1,1,(
    (#1239,#1240)
    ,(#1241,#1242
    )),.UNSPECIFIED.,.F.,.F.,.F.,(2,2),(2,2),(0.,125.39),(0.,1.),
  .PIECEWISE_BEZIER_KNOTS.);
#1239 = CARTESIAN_POINT('',(100.,-44.39,2.));
#1240 = CARTESIAN_POINT('',(85.,-44.39,51.));
#1241 = CARTESIAN_POINT('',(100.,81.,2.));
#1242 = CARTESIAN_POINT('',(85.,56.,51.));
#1243 = ADVANCED_FACE('',(#1244),#1285,.F.);
#1244 = FACE_BOUND('',#1245,.F.);
#1245 = EDGE_LOOP('',(#1246,#1254,#1255,#1263,#1271,#1279));
#1246 = ORIENTED_EDGE('',*,*,#1247,.F.);
#1247 = EDGE_CURVE('',#979,#1248,#1250,.T.);
#1248 = VERTEX_POINT('',#1249);
#1249 = CARTESIAN_POINT('',(-66.3,-43.39,0.));
#1250 = LINE('',#1251,#1252);
#1251 = CARTESIAN_POINT('',(-89.,-43.39,0.));
#1252 = VECTOR('',#1253,1.);
#1253 = DIRECTION('',(1.,0.,0.));
#1254 = ORIENTED_EDGE('',*,*,#986,.T.);
#1255 = ORIENTED_EDGE('',*,*,#1256,.T.);
#1256 = EDGE_CURVE('',#987,#1257,#1259,.T.);
#1257 = VERTEX_POINT('',#1258);
#1258 = CARTESIAN_POINT('',(-66.8,-43.39,2.));
#1259 = LINE('',#1260,#1261);
#1260 = CARTESIAN_POINT('',(-87.5,-43.39,2.));
#1261 = VECTOR('',#1262,1.);
#1262 = DIRECTION('',(1.,0.,0.));
#1263 = ORIENTED_EDGE('',*,*,#1264,.T.);
#1264 = EDGE_CURVE('',#1257,#1265,#1267,.T.);
#1265 = VERTEX_POINT('',#1266);
#1266 = CARTESIAN_POINT('',(-66.8,-43.39,6.));
#1267 = LINE('',#1268,#1269);
#1268 = CARTESIAN_POINT('',(-66.8,-43.39,-0.5));
#1269 = VECTOR('',#1270,1.);
#1270 = DIRECTION('',(0.,0.,1.));
#1271 = ORIENTED_EDGE('',*,*,#1272,.F.);
#1272 = EDGE_CURVE('',#1273,#1265,#1275,.T.);
#1273 = VERTEX_POINT('',#1274);
#1274 = CARTESIAN_POINT('',(-66.3,-43.39,6.));
#1275 = LINE('',#1276,#1277);
#1276 = CARTESIAN_POINT('',(-70.9,-43.39,6.));
#1277 = VECTOR('',#1278,1.);
#1278 = DIRECTION('',(-1.,0.,0.));
#1279 = ORIENTED_EDGE('',*,*,#1280,.F.);
#1280 = EDGE_CURVE('',#1248,#1273,#1281,.T.);
#1281 = LINE('',#1282,#1283);
#1282 = CARTESIAN_POINT('',(-66.3,-43.39,-1.));
#1283 = VECTOR('',#1284,1.);
#1284 = DIRECTION('',(0.,0.,1.));
#1285 = PLANE('',#1286);
#1286 = AXIS2_PLACEMENT_3D('',#1287,#1288,#1289);
#1287 = CARTESIAN_POINT('',(-75.,-43.39,-1.));
#1288 = DIRECTION('',(0.,1.,0.));
#1289 = DIRECTION('',(0.,0.,1.));
#1290 = ADVANCED_FACE('',(#1291),#1332,.F.);
#1291 = FACE_BOUND('',#1292,.F.);
#1292 = EDGE_LOOP('',(#1293,#1294,#1302,#1310,#1318,#1326));
#1293 = ORIENTED_EDGE('',*,*,#893,.F.);
#1294 = ORIENTED_EDGE('',*,*,#1295,.F.);
#1295 = EDGE_CURVE('',#1296,#886,#1298,.T.);
#1296 = VERTEX_POINT('',#1297);
#1297 = CARTESIAN_POINT('',(66.3,-43.39,0.));
#1298 = LINE('',#1299,#1300);
#1299 = CARTESIAN_POINT('',(-89.,-43.39,0.));
#1300 = VECTOR('',#1301,1.);
#1301 = DIRECTION('',(1.,0.,0.));
#1302 = ORIENTED_EDGE('',*,*,#1303,.T.);
#1303 = EDGE_CURVE('',#1296,#1304,#1306,.T.);
#1304 = VERTEX_POINT('',#1305);
#1305 = CARTESIAN_POINT('',(66.3,-43.39,6.));
#1306 = LINE('',#1307,#1308);
#1307 = CARTESIAN_POINT('',(66.3,-43.39,-1.));
#1308 = VECTOR('',#1309,1.);
#1309 = DIRECTION('',(0.,0.,1.));
#1310 = ORIENTED_EDGE('',*,*,#1311,.F.);
#1311 = EDGE_CURVE('',#1312,#1304,#1314,.T.);
#1312 = VERTEX_POINT('',#1313);
#1313 = CARTESIAN_POINT('',(66.8,-43.39,6.));
#1314 = LINE('',#1315,#1316);
#1315 = CARTESIAN_POINT('',(-70.9,-43.39,6.));
#1316 = VECTOR('',#1317,1.);
#1317 = DIRECTION('',(-1.,0.,0.));
#1318 = ORIENTED_EDGE('',*,*,#1319,.F.);
#1319 = EDGE_CURVE('',#1320,#1312,#1322,.T.);
#1320 = VERTEX_POINT('',#1321);
#1321 = CARTESIAN_POINT('',(66.8,-43.39,2.));
#1322 = LINE('',#1323,#1324);
#1323 = CARTESIAN_POINT('',(66.8,-43.39,-0.5));
#1324 = VECTOR('',#1325,1.);
#1325 = DIRECTION('',(0.,0.,1.));
#1326 = ORIENTED_EDGE('',*,*,#1327,.T.);
#1327 = EDGE_CURVE('',#1320,#894,#1328,.T.);
#1328 = LINE('',#1329,#1330);
#1329 = CARTESIAN_POINT('',(-87.5,-43.39,2.));
#1330 = VECTOR('',#1331,1.);
#1331 = DIRECTION('',(1.,0.,0.));
#1332 = PLANE('',#1333);
#1333 = AXIS2_PLACEMENT_3D('',#1334,#1335,#1336);
#1334 = CARTESIAN_POINT('',(-75.,-43.39,-1.));
#1335 = DIRECTION('',(0.,1.,0.));
#1336 = DIRECTION('',(0.,0.,1.));
#1337 = ADVANCED_FACE('',(#1338),#1371,.F.);
#1338 = FACE_BOUND('',#1339,.F.);
#1339 = EDGE_LOOP('',(#1340,#1341,#1342,#1343,#1344,#1345,#1346,#1347,
    #1355,#1363,#1369,#1370));
#1340 = ORIENTED_EDGE('',*,*,#1153,.F.);
#1341 = ORIENTED_EDGE('',*,*,#1191,.F.);
#1342 = ORIENTED_EDGE('',*,*,#1214,.F.);
#1343 = ORIENTED_EDGE('',*,*,#1231,.F.);
#1344 = ORIENTED_EDGE('',*,*,#1162,.F.);
#1345 = ORIENTED_EDGE('',*,*,#901,.F.);
#1346 = ORIENTED_EDGE('',*,*,#1327,.F.);
#1347 = ORIENTED_EDGE('',*,*,#1348,.F.);
#1348 = EDGE_CURVE('',#1349,#1320,#1351,.T.);
#1349 = VERTEX_POINT('',#1350);
#1350 = CARTESIAN_POINT('',(66.8,45.59,2.));
#1351 = LINE('',#1352,#1353);
#1352 = CARTESIAN_POINT('',(66.8,-44.39,2.));
#1353 = VECTOR('',#1354,1.);
#1354 = DIRECTION('',(0.,-1.,0.));
#1355 = ORIENTED_EDGE('',*,*,#1356,.F.);
#1356 = EDGE_CURVE('',#1357,#1349,#1359,.T.);
#1357 = VERTEX_POINT('',#1358);
#1358 = CARTESIAN_POINT('',(-66.8,45.59,2.));
#1359 = LINE('',#1360,#1361);
#1360 = CARTESIAN_POINT('',(-83.4,45.59,2.));
#1361 = VECTOR('',#1362,1.);
#1362 = DIRECTION('',(1.,0.,0.));
#1363 = ORIENTED_EDGE('',*,*,#1364,.T.);
#1364 = EDGE_CURVE('',#1357,#1257,#1365,.T.);
#1365 = LINE('',#1366,#1367);
#1366 = CARTESIAN_POINT('',(-66.8,-44.39,2.));
#1367 = VECTOR('',#1368,1.);
#1368 = DIRECTION('',(0.,-1.,0.));
#1369 = ORIENTED_EDGE('',*,*,#1256,.F.);
#1370 = ORIENTED_EDGE('',*,*,#994,.T.);
#1371 = PLANE('',#1372);
#1372 = AXIS2_PLACEMENT_3D('',#1373,#1374,#1375);
#1373 = CARTESIAN_POINT('',(-100.,-44.39,2.));
#1374 = DIRECTION('',(0.,0.,-1.));
#1375 = DIRECTION('',(0.847254933726,0.531186480699,0.));
#1376 = ADVANCED_FACE('',(#1377),#1396,.F.);
#1377 = FACE_BOUND('',#1378,.F.);
#1378 = EDGE_LOOP('',(#1379,#1388,#1395));
#1379 = ORIENTED_EDGE('',*,*,#1380,.T.);
#1380 = EDGE_CURVE('',#863,#1381,#1383,.T.);
#1381 = VERTEX_POINT('',#1382);
#1382 = CARTESIAN_POINT('',(77.5,-45.4,23.1));
#1383 = CIRCLE('',#1384,3.1);
#1384 = AXIS2_PLACEMENT_3D('',#1385,#1386,#1387);
#1385 = CARTESIAN_POINT('',(77.5,-45.4,20.));
#1386 = DIRECTION('',(0.,1.,0.));
#1387 = DIRECTION('',(0.,0.,1.));
#1388 = ORIENTED_EDGE('',*,*,#1389,.T.);
#1389 = EDGE_CURVE('',#1381,#871,#1390,.T.);
#1390 = CIRCLE('',#1391,3.1);
#1391 = AXIS2_PLACEMENT_3D('',#1392,#1393,#1394);
#1392 = CARTESIAN_POINT('',(77.5,-45.4,20.));
#1393 = DIRECTION('',(0.,1.,0.));
#1394 = DIRECTION('',(0.,0.,1.));
#1395 = ORIENTED_EDGE('',*,*,#870,.T.);
#1396 = PLANE('',#1397);
#1397 = AXIS2_PLACEMENT_3D('',#1398,#1399,#1400);
#1398 = CARTESIAN_POINT('',(77.5,-45.4,20.));
#1399 = DIRECTION('',(0.,1.,0.));
#1400 = DIRECTION('',(0.,0.,1.));
#1401 = ADVANCED_FACE('',(#1402),#1421,.F.);
#1402 = FACE_BOUND('',#1403,.F.);
#1403 = EDGE_LOOP('',(#1404,#1413,#1420));
#1404 = ORIENTED_EDGE('',*,*,#1405,.T.);
#1405 = EDGE_CURVE('',#964,#1406,#1408,.T.);
#1406 = VERTEX_POINT('',#1407);
#1407 = CARTESIAN_POINT('',(-77.5,-45.4,23.1));
#1408 = CIRCLE('',#1409,3.1);
#1409 = AXIS2_PLACEMENT_3D('',#1410,#1411,#1412);
#1410 = CARTESIAN_POINT('',(-77.5,-45.4,20.));
#1411 = DIRECTION('',(0.,1.,0.));
#1412 = DIRECTION('',(0.,0.,1.));
#1413 = ORIENTED_EDGE('',*,*,#1414,.T.);
#1414 = EDGE_CURVE('',#1406,#956,#1415,.T.);
#1415 = CIRCLE('',#1416,3.1);
#1416 = AXIS2_PLACEMENT_3D('',#1417,#1418,#1419);
#1417 = CARTESIAN_POINT('',(-77.5,-45.4,20.));
#1418 = DIRECTION('',(0.,1.,0.));
#1419 = DIRECTION('',(0.,0.,1.));
#1420 = ORIENTED_EDGE('',*,*,#963,.F.);
#1421 = PLANE('',#1422);
#1422 = AXIS2_PLACEMENT_3D('',#1423,#1424,#1425);
#1423 = CARTESIAN_POINT('',(-77.5,-45.4,20.));
#1424 = DIRECTION('',(0.,1.,0.));
#1425 = DIRECTION('',(0.,0.,1.));
#1426 = ADVANCED_FACE('',(#1427),#1452,.F.);
#1427 = FACE_BOUND('',#1428,.F.);
#1428 = EDGE_LOOP('',(#1429,#1430,#1438,#1446));
#1429 = ORIENTED_EDGE('',*,*,#1032,.F.);
#1430 = ORIENTED_EDGE('',*,*,#1431,.T.);
#1431 = EDGE_CURVE('',#1033,#1432,#1434,.T.);
#1432 = VERTEX_POINT('',#1433);
#1433 = CARTESIAN_POINT('',(-85.,-52.89,42.8));
#1434 = LINE('',#1435,#1436);
#1435 = CARTESIAN_POINT('',(-85.,-52.89,40.));
#1436 = VECTOR('',#1437,1.);
#1437 = DIRECTION('',(0.,0.,1.));
#1438 = ORIENTED_EDGE('',*,*,#1439,.T.);
#1439 = EDGE_CURVE('',#1432,#1440,#1442,.T.);
#1440 = VERTEX_POINT('',#1441);
#1441 = CARTESIAN_POINT('',(-80.5,-52.89,42.8));
#1442 = LINE('',#1443,#1444);
#1443 = CARTESIAN_POINT('',(-85.1,-52.89,42.8));
#1444 = VECTOR('',#1445,1.);
#1445 = DIRECTION('',(1.,0.,0.));
#1446 = ORIENTED_EDGE('',*,*,#1447,.F.);
#1447 = EDGE_CURVE('',#1025,#1440,#1448,.T.);
#1448 = LINE('',#1449,#1450);
#1449 = CARTESIAN_POINT('',(-80.5,-52.89,40.));
#1450 = VECTOR('',#1451,1.);
#1451 = DIRECTION('',(0.,0.,1.));
#1452 = PLANE('',#1453);
#1453 = AXIS2_PLACEMENT_3D('',#1454,#1455,#1456);
#1454 = CARTESIAN_POINT('',(-85.,-52.89,40.));
#1455 = DIRECTION('',(0.,1.,0.));
#1456 = DIRECTION('',(0.,0.,1.));
#1457 = ADVANCED_FACE('',(#1458),#1483,.T.);
#1458 = FACE_BOUND('',#1459,.T.);
#1459 = EDGE_LOOP('',(#1460,#1468,#1476,#1482));
#1460 = ORIENTED_EDGE('',*,*,#1461,.F.);
#1461 = EDGE_CURVE('',#1462,#1440,#1464,.T.);
#1462 = VERTEX_POINT('',#1463);
#1463 = CARTESIAN_POINT('',(-80.5,-50.52247516529,42.8));
#1464 = LINE('',#1465,#1466);
#1465 = CARTESIAN_POINT('',(-80.5,-53.64,42.8));
#1466 = VECTOR('',#1467,1.);
#1467 = DIRECTION('',(0.,-1.,0.));
#1468 = ORIENTED_EDGE('',*,*,#1469,.F.);
#1469 = EDGE_CURVE('',#1470,#1462,#1472,.T.);
#1470 = VERTEX_POINT('',#1471);
#1471 = CARTESIAN_POINT('',(-85.,-50.52247516529,42.8));
#1472 = LINE('',#1473,#1474);
#1473 = CARTESIAN_POINT('',(-85.2,-50.52247516529,42.8));
#1474 = VECTOR('',#1475,1.);
#1475 = DIRECTION('',(1.,0.,0.));
#1476 = ORIENTED_EDGE('',*,*,#1477,.T.);
#1477 = EDGE_CURVE('',#1470,#1432,#1478,.T.);
#1478 = LINE('',#1479,#1480);
#1479 = CARTESIAN_POINT('',(-85.,-53.64,42.8));
#1480 = VECTOR('',#1481,1.);
#1481 = DIRECTION('',(0.,-1.,0.));
#1482 = ORIENTED_EDGE('',*,*,#1439,.T.);
#1483 = PLANE('',#1484);
#1484 = AXIS2_PLACEMENT_3D('',#1485,#1486,#1487);
#1485 = CARTESIAN_POINT('',(-85.2,-54.39,42.8));
#1486 = DIRECTION('',(0.,0.,1.));
#1487 = DIRECTION('',(1.,0.,0.));
#1488 = ADVANCED_FACE('',(#1489),#1514,.F.);
#1489 = FACE_BOUND('',#1490,.F.);
#1490 = EDGE_LOOP('',(#1491,#1492,#1500,#1508));
#1491 = ORIENTED_EDGE('',*,*,#1085,.F.);
#1492 = ORIENTED_EDGE('',*,*,#1493,.T.);
#1493 = EDGE_CURVE('',#1086,#1494,#1496,.T.);
#1494 = VERTEX_POINT('',#1495);
#1495 = CARTESIAN_POINT('',(80.5,-52.89,42.8));
#1496 = LINE('',#1497,#1498);
#1497 = CARTESIAN_POINT('',(80.5,-52.89,40.));
#1498 = VECTOR('',#1499,1.);
#1499 = DIRECTION('',(0.,0.,1.));
#1500 = ORIENTED_EDGE('',*,*,#1501,.T.);
#1501 = EDGE_CURVE('',#1494,#1502,#1504,.T.);
#1502 = VERTEX_POINT('',#1503);
#1503 = CARTESIAN_POINT('',(85.,-52.89,42.8));
#1504 = LINE('',#1505,#1506);
#1505 = CARTESIAN_POINT('',(80.4,-52.89,42.8));
#1506 = VECTOR('',#1507,1.);
#1507 = DIRECTION('',(1.,0.,0.));
#1508 = ORIENTED_EDGE('',*,*,#1509,.F.);
#1509 = EDGE_CURVE('',#1078,#1502,#1510,.T.);
#1510 = LINE('',#1511,#1512);
#1511 = CARTESIAN_POINT('',(85.,-52.89,40.));
#1512 = VECTOR('',#1513,1.);
#1513 = DIRECTION('',(0.,0.,1.));
#1514 = PLANE('',#1515);
#1515 = AXIS2_PLACEMENT_3D('',#1516,#1517,#1518);
#1516 = CARTESIAN_POINT('',(80.5,-52.89,40.));
#1517 = DIRECTION('',(0.,1.,0.));
#1518 = DIRECTION('',(0.,0.,1.));
#1519 = ADVANCED_FACE('',(#1520),#1545,.T.);
#1520 = FACE_BOUND('',#1521,.T.);
#1521 = EDGE_LOOP('',(#1522,#1530,#1538,#1544));
#1522 = ORIENTED_EDGE('',*,*,#1523,.F.);
#1523 = EDGE_CURVE('',#1524,#1502,#1526,.T.);
#1524 = VERTEX_POINT('',#1525);
#1525 = CARTESIAN_POINT('',(85.,-50.52247516529,42.8));
#1526 = LINE('',#1527,#1528);
#1527 = CARTESIAN_POINT('',(85.,-53.64,42.8));
#1528 = VECTOR('',#1529,1.);
#1529 = DIRECTION('',(0.,-1.,0.));
#1530 = ORIENTED_EDGE('',*,*,#1531,.F.);
#1531 = EDGE_CURVE('',#1532,#1524,#1534,.T.);
#1532 = VERTEX_POINT('',#1533);
#1533 = CARTESIAN_POINT('',(80.5,-50.52247516529,42.8));
#1534 = LINE('',#1535,#1536);
#1535 = CARTESIAN_POINT('',(80.3,-50.52247516529,42.8));
#1536 = VECTOR('',#1537,1.);
#1537 = DIRECTION('',(1.,0.,0.));
#1538 = ORIENTED_EDGE('',*,*,#1539,.T.);
#1539 = EDGE_CURVE('',#1532,#1494,#1540,.T.);
#1540 = LINE('',#1541,#1542);
#1541 = CARTESIAN_POINT('',(80.5,-53.64,42.8));
#1542 = VECTOR('',#1543,1.);
#1543 = DIRECTION('',(0.,-1.,0.));
#1544 = ORIENTED_EDGE('',*,*,#1501,.T.);
#1545 = PLANE('',#1546);
#1546 = AXIS2_PLACEMENT_3D('',#1547,#1548,#1549);
#1547 = CARTESIAN_POINT('',(80.3,-54.39,42.8));
#1548 = DIRECTION('',(0.,0.,1.));
#1549 = DIRECTION('',(1.,0.,0.));
#1550 = ADVANCED_FACE('',(#1551),#1576,.F.);
#1551 = FACE_BOUND('',#1552,.F.);
#1552 = EDGE_LOOP('',(#1553,#1563,#1569,#1570));
#1553 = ORIENTED_EDGE('',*,*,#1554,.F.);
#1554 = EDGE_CURVE('',#1555,#1557,#1559,.T.);
#1555 = VERTEX_POINT('',#1556);
#1556 = CARTESIAN_POINT('',(-64.3,-41.39,0.));
#1557 = VERTEX_POINT('',#1558);
#1558 = CARTESIAN_POINT('',(-64.3,-41.39,6.));
#1559 = LINE('',#1560,#1561);
#1560 = CARTESIAN_POINT('',(-64.3,-41.39,-1.));
#1561 = VECTOR('',#1562,1.);
#1562 = DIRECTION('',(0.,0.,1.));
#1563 = ORIENTED_EDGE('',*,*,#1564,.F.);
#1564 = EDGE_CURVE('',#1248,#1555,#1565,.T.);
#1565 = LINE('',#1566,#1567);
#1566 = CARTESIAN_POINT('',(-76.975,-54.065,1.110223024625E-16));
#1567 = VECTOR('',#1568,1.);
#1568 = DIRECTION('',(0.707106781187,0.707106781187,0.));
#1569 = ORIENTED_EDGE('',*,*,#1280,.T.);
#1570 = ORIENTED_EDGE('',*,*,#1571,.F.);
#1571 = EDGE_CURVE('',#1557,#1273,#1572,.T.);
#1572 = LINE('',#1573,#1574);
#1573 = CARTESIAN_POINT('',(-67.175,-44.265,6.));
#1574 = VECTOR('',#1575,1.);
#1575 = DIRECTION('',(-0.707106781187,-0.707106781187,0.));
#1576 = PLANE('',#1577);
#1577 = AXIS2_PLACEMENT_3D('',#1578,#1579,#1580);
#1578 = CARTESIAN_POINT('',(-67.3,-44.39,-1.));
#1579 = DIRECTION('',(-0.707106781187,0.707106781187,0.));
#1580 = DIRECTION('',(0.707106781187,0.707106781187,0.));
#1581 = ADVANCED_FACE('',(#1582),#1671,.T.);
#1582 = FACE_BOUND('',#1583,.T.);
#1583 = EDGE_LOOP('',(#1584,#1585,#1593,#1601,#1609,#1617,#1625,#1633,
    #1639,#1640,#1641,#1649,#1657,#1665));
#1584 = ORIENTED_EDGE('',*,*,#1311,.F.);
#1585 = ORIENTED_EDGE('',*,*,#1586,.T.);
#1586 = EDGE_CURVE('',#1312,#1587,#1589,.T.);
#1587 = VERTEX_POINT('',#1588);
#1588 = CARTESIAN_POINT('',(66.8,45.59,6.));
#1589 = LINE('',#1590,#1591);
#1590 = CARTESIAN_POINT('',(66.8,-44.39,6.));
#1591 = VECTOR('',#1592,1.);
#1592 = DIRECTION('',(0.,1.,0.));
#1593 = ORIENTED_EDGE('',*,*,#1594,.F.);
#1594 = EDGE_CURVE('',#1595,#1587,#1597,.T.);
#1595 = VERTEX_POINT('',#1596);
#1596 = CARTESIAN_POINT('',(-51.59,45.59,6.));
#1597 = LINE('',#1598,#1599);
#1598 = CARTESIAN_POINT('',(-66.8,45.59,6.));
#1599 = VECTOR('',#1600,1.);
#1600 = DIRECTION('',(1.,0.,0.));
#1601 = ORIENTED_EDGE('',*,*,#1602,.F.);
#1602 = EDGE_CURVE('',#1603,#1595,#1605,.T.);
#1603 = VERTEX_POINT('',#1604);
#1604 = CARTESIAN_POINT('',(-50.,44.,6.));
#1605 = LINE('',#1606,#1607);
#1606 = CARTESIAN_POINT('',(-50.,44.,6.));
#1607 = VECTOR('',#1608,1.);
#1608 = DIRECTION('',(-0.707106781187,0.707106781187,0.));
#1609 = ORIENTED_EDGE('',*,*,#1610,.F.);
#1610 = EDGE_CURVE('',#1611,#1603,#1613,.T.);
#1611 = VERTEX_POINT('',#1612);
#1612 = CARTESIAN_POINT('',(-58.,44.,6.));
#1613 = LINE('',#1614,#1615);
#1614 = CARTESIAN_POINT('',(-58.,44.,6.));
#1615 = VECTOR('',#1616,1.);
#1616 = DIRECTION('',(1.,0.,0.));
#1617 = ORIENTED_EDGE('',*,*,#1618,.F.);
#1618 = EDGE_CURVE('',#1619,#1611,#1621,.T.);
#1619 = VERTEX_POINT('',#1620);
#1620 = CARTESIAN_POINT('',(-56.41,45.59,6.));
#1621 = LINE('',#1622,#1623);
#1622 = CARTESIAN_POINT('',(-54.,48.,6.));
#1623 = VECTOR('',#1624,1.);
#1624 = DIRECTION('',(-0.707106781187,-0.707106781187,0.));
#1625 = ORIENTED_EDGE('',*,*,#1626,.F.);
#1626 = EDGE_CURVE('',#1627,#1619,#1629,.T.);
#1627 = VERTEX_POINT('',#1628);
#1628 = CARTESIAN_POINT('',(-66.8,45.59,6.));
#1629 = LINE('',#1630,#1631);
#1630 = CARTESIAN_POINT('',(-66.8,45.59,6.));
#1631 = VECTOR('',#1632,1.);
#1632 = DIRECTION('',(1.,0.,0.));
#1633 = ORIENTED_EDGE('',*,*,#1634,.F.);
#1634 = EDGE_CURVE('',#1265,#1627,#1635,.T.);
#1635 = LINE('',#1636,#1637);
#1636 = CARTESIAN_POINT('',(-66.8,-44.39,6.));
#1637 = VECTOR('',#1638,1.);
#1638 = DIRECTION('',(0.,1.,0.));
#1639 = ORIENTED_EDGE('',*,*,#1272,.F.);
#1640 = ORIENTED_EDGE('',*,*,#1571,.F.);
#1641 = ORIENTED_EDGE('',*,*,#1642,.T.);
#1642 = EDGE_CURVE('',#1557,#1643,#1645,.T.);
#1643 = VERTEX_POINT('',#1644);
#1644 = CARTESIAN_POINT('',(-64.3,43.09,6.));
#1645 = LINE('',#1646,#1647);
#1646 = CARTESIAN_POINT('',(-64.3,-46.39,6.));
#1647 = VECTOR('',#1648,1.);
#1648 = DIRECTION('',(0.,1.,0.));
#1649 = ORIENTED_EDGE('',*,*,#1650,.F.);
#1650 = EDGE_CURVE('',#1651,#1643,#1653,.T.);
#1651 = VERTEX_POINT('',#1652);
#1652 = CARTESIAN_POINT('',(64.3,43.09,6.));
#1653 = LINE('',#1654,#1655);
#1654 = CARTESIAN_POINT('',(-65.55,43.09,6.));
#1655 = VECTOR('',#1656,1.);
#1656 = DIRECTION('',(-1.,0.,0.));
#1657 = ORIENTED_EDGE('',*,*,#1658,.F.);
#1658 = EDGE_CURVE('',#1659,#1651,#1661,.T.);
#1659 = VERTEX_POINT('',#1660);
#1660 = CARTESIAN_POINT('',(64.3,-41.39,6.));
#1661 = LINE('',#1662,#1663);
#1662 = CARTESIAN_POINT('',(64.3,-46.39,6.));
#1663 = VECTOR('',#1664,1.);
#1664 = DIRECTION('',(0.,1.,0.));
#1665 = ORIENTED_EDGE('',*,*,#1666,.T.);
#1666 = EDGE_CURVE('',#1659,#1304,#1667,.T.);
#1667 = LINE('',#1668,#1669);
#1668 = CARTESIAN_POINT('',(33.775,-10.865,6.));
#1669 = VECTOR('',#1670,1.);
#1670 = DIRECTION('',(0.707106781187,-0.707106781187,0.));
#1671 = PLANE('',#1672);
#1672 = AXIS2_PLACEMENT_3D('',#1673,#1674,#1675);
#1673 = CARTESIAN_POINT('',(-66.8,-44.39,6.));
#1674 = DIRECTION('',(0.,0.,1.));
#1675 = DIRECTION('',(1.,0.,0.));
#1676 = ADVANCED_FACE('',(#1677),#1688,.F.);
#1677 = FACE_BOUND('',#1678,.F.);
#1678 = EDGE_LOOP('',(#1679,#1680,#1681,#1687));
#1679 = ORIENTED_EDGE('',*,*,#1264,.F.);
#1680 = ORIENTED_EDGE('',*,*,#1364,.F.);
#1681 = ORIENTED_EDGE('',*,*,#1682,.T.);
#1682 = EDGE_CURVE('',#1357,#1627,#1683,.T.);
#1683 = LINE('',#1684,#1685);
#1684 = CARTESIAN_POINT('',(-66.8,45.59,0.));
#1685 = VECTOR('',#1686,1.);
#1686 = DIRECTION('',(0.,0.,1.));
#1687 = ORIENTED_EDGE('',*,*,#1634,.F.);
#1688 = PLANE('',#1689);
#1689 = AXIS2_PLACEMENT_3D('',#1690,#1691,#1692);
#1690 = CARTESIAN_POINT('',(-66.8,-44.39,0.));
#1691 = DIRECTION('',(1.,0.,0.));
#1692 = DIRECTION('',(0.,0.,1.));
#1693 = ADVANCED_FACE('',(#1694),#1712,.T.);
#1694 = FACE_BOUND('',#1695,.T.);
#1695 = EDGE_LOOP('',(#1696,#1704,#1710,#1711));
#1696 = ORIENTED_EDGE('',*,*,#1697,.F.);
#1697 = EDGE_CURVE('',#1698,#1659,#1700,.T.);
#1698 = VERTEX_POINT('',#1699);
#1699 = CARTESIAN_POINT('',(64.3,-41.39,0.));
#1700 = LINE('',#1701,#1702);
#1701 = CARTESIAN_POINT('',(64.3,-41.39,-1.));
#1702 = VECTOR('',#1703,1.);
#1703 = DIRECTION('',(0.,0.,1.));
#1704 = ORIENTED_EDGE('',*,*,#1705,.F.);
#1705 = EDGE_CURVE('',#1296,#1698,#1706,.T.);
#1706 = LINE('',#1707,#1708);
#1707 = CARTESIAN_POINT('',(25.475,-2.565,1.110223024625E-16));
#1708 = VECTOR('',#1709,1.);
#1709 = DIRECTION('',(-0.707106781187,0.707106781187,0.));
#1710 = ORIENTED_EDGE('',*,*,#1303,.T.);
#1711 = ORIENTED_EDGE('',*,*,#1666,.F.);
#1712 = PLANE('',#1713);
#1713 = AXIS2_PLACEMENT_3D('',#1714,#1715,#1716);
#1714 = CARTESIAN_POINT('',(67.3,-44.39,-1.));
#1715 = DIRECTION('',(-0.707106781187,-0.707106781187,0.));
#1716 = DIRECTION('',(-0.707106781187,0.707106781187,0.));
#1717 = ADVANCED_FACE('',(#1718),#1729,.T.);
#1718 = FACE_BOUND('',#1719,.T.);
#1719 = EDGE_LOOP('',(#1720,#1721,#1722,#1728));
#1720 = ORIENTED_EDGE('',*,*,#1319,.F.);
#1721 = ORIENTED_EDGE('',*,*,#1348,.F.);
#1722 = ORIENTED_EDGE('',*,*,#1723,.T.);
#1723 = EDGE_CURVE('',#1349,#1587,#1724,.T.);
#1724 = LINE('',#1725,#1726);
#1725 = CARTESIAN_POINT('',(66.8,45.59,0.));
#1726 = VECTOR('',#1727,1.);
#1727 = DIRECTION('',(0.,0.,1.));
#1728 = ORIENTED_EDGE('',*,*,#1586,.F.);
#1729 = PLANE('',#1730);
#1730 = AXIS2_PLACEMENT_3D('',#1731,#1732,#1733);
#1731 = CARTESIAN_POINT('',(66.8,-44.39,0.));
#1732 = DIRECTION('',(1.,0.,0.));
#1733 = DIRECTION('',(0.,0.,1.));
#1734 = ADVANCED_FACE('',(#1735),#1748,.T.);
#1735 = FACE_BOUND('',#1736,.T.);
#1736 = EDGE_LOOP('',(#1737,#1738,#1739,#1740,#1746,#1747));
#1737 = ORIENTED_EDGE('',*,*,#1356,.F.);
#1738 = ORIENTED_EDGE('',*,*,#1682,.T.);
#1739 = ORIENTED_EDGE('',*,*,#1626,.T.);
#1740 = ORIENTED_EDGE('',*,*,#1741,.T.);
#1741 = EDGE_CURVE('',#1619,#1595,#1742,.T.);
#1742 = LINE('',#1743,#1744);
#1743 = CARTESIAN_POINT('',(-66.8,45.59,6.));
#1744 = VECTOR('',#1745,1.);
#1745 = DIRECTION('',(1.,0.,0.));
#1746 = ORIENTED_EDGE('',*,*,#1594,.T.);
#1747 = ORIENTED_EDGE('',*,*,#1723,.F.);
#1748 = PLANE('',#1749);
#1749 = AXIS2_PLACEMENT_3D('',#1750,#1751,#1752);
#1750 = CARTESIAN_POINT('',(-66.8,45.59,0.));
#1751 = DIRECTION('',(0.,1.,0.));
#1752 = DIRECTION('',(0.,0.,1.));
#1753 = ADVANCED_FACE('',(#1754),#1787,.F.);
#1754 = FACE_BOUND('',#1755,.F.);
#1755 = EDGE_LOOP('',(#1756,#1766,#1774,#1780,#1781));
#1756 = ORIENTED_EDGE('',*,*,#1757,.T.);
#1757 = EDGE_CURVE('',#1758,#1760,#1762,.T.);
#1758 = VERTEX_POINT('',#1759);
#1759 = CARTESIAN_POINT('',(-54.,48.,6.));
#1760 = VERTEX_POINT('',#1761);
#1761 = CARTESIAN_POINT('',(-54.,48.,7.));
#1762 = LINE('',#1763,#1764);
#1763 = CARTESIAN_POINT('',(-54.,48.,6.));
#1764 = VECTOR('',#1765,1.);
#1765 = DIRECTION('',(0.,0.,1.));
#1766 = ORIENTED_EDGE('',*,*,#1767,.T.);
#1767 = EDGE_CURVE('',#1760,#1768,#1770,.T.);
#1768 = VERTEX_POINT('',#1769);
#1769 = CARTESIAN_POINT('',(-58.,44.,7.));
#1770 = LINE('',#1771,#1772);
#1771 = CARTESIAN_POINT('',(-54.,48.,7.));
#1772 = VECTOR('',#1773,1.);
#1773 = DIRECTION('',(-0.707106781187,-0.707106781187,0.));
#1774 = ORIENTED_EDGE('',*,*,#1775,.F.);
#1775 = EDGE_CURVE('',#1611,#1768,#1776,.T.);
#1776 = LINE('',#1777,#1778);
#1777 = CARTESIAN_POINT('',(-58.,44.,6.));
#1778 = VECTOR('',#1779,1.);
#1779 = DIRECTION('',(0.,0.,1.));
#1780 = ORIENTED_EDGE('',*,*,#1618,.F.);
#1781 = ORIENTED_EDGE('',*,*,#1782,.F.);
#1782 = EDGE_CURVE('',#1758,#1619,#1783,.T.);
#1783 = LINE('',#1784,#1785);
#1784 = CARTESIAN_POINT('',(-54.,48.,6.));
#1785 = VECTOR('',#1786,1.);
#1786 = DIRECTION('',(-0.707106781187,-0.707106781187,0.));
#1787 = PLANE('',#1788);
#1788 = AXIS2_PLACEMENT_3D('',#1789,#1790,#1791);
#1789 = CARTESIAN_POINT('',(-54.,48.,6.));
#1790 = DIRECTION('',(0.707106781187,-0.707106781187,0.));
#1791 = DIRECTION('',(-0.707106781187,-0.707106781187,0.));
#1792 = ADVANCED_FACE('',(#1793),#1811,.F.);
#1793 = FACE_BOUND('',#1794,.F.);
#1794 = EDGE_LOOP('',(#1795,#1796,#1804,#1810));
#1795 = ORIENTED_EDGE('',*,*,#1775,.T.);
#1796 = ORIENTED_EDGE('',*,*,#1797,.T.);
#1797 = EDGE_CURVE('',#1768,#1798,#1800,.T.);
#1798 = VERTEX_POINT('',#1799);
#1799 = CARTESIAN_POINT('',(-50.,44.,7.));
#1800 = LINE('',#1801,#1802);
#1801 = CARTESIAN_POINT('',(-58.,44.,7.));
#1802 = VECTOR('',#1803,1.);
#1803 = DIRECTION('',(1.,0.,0.));
#1804 = ORIENTED_EDGE('',*,*,#1805,.F.);
#1805 = EDGE_CURVE('',#1603,#1798,#1806,.T.);
#1806 = LINE('',#1807,#1808);
#1807 = CARTESIAN_POINT('',(-50.,44.,6.));
#1808 = VECTOR('',#1809,1.);
#1809 = DIRECTION('',(0.,0.,1.));
#1810 = ORIENTED_EDGE('',*,*,#1610,.F.);
#1811 = PLANE('',#1812);
#1812 = AXIS2_PLACEMENT_3D('',#1813,#1814,#1815);
#1813 = CARTESIAN_POINT('',(-58.,44.,6.));
#1814 = DIRECTION('',(0.,1.,0.));
#1815 = DIRECTION('',(1.,0.,0.));
#1816 = ADVANCED_FACE('',(#1817),#1834,.F.);
#1817 = FACE_BOUND('',#1818,.F.);
#1818 = EDGE_LOOP('',(#1819,#1820,#1826,#1827,#1833));
#1819 = ORIENTED_EDGE('',*,*,#1805,.T.);
#1820 = ORIENTED_EDGE('',*,*,#1821,.T.);
#1821 = EDGE_CURVE('',#1798,#1760,#1822,.T.);
#1822 = LINE('',#1823,#1824);
#1823 = CARTESIAN_POINT('',(-50.,44.,7.));
#1824 = VECTOR('',#1825,1.);
#1825 = DIRECTION('',(-0.707106781187,0.707106781187,0.));
#1826 = ORIENTED_EDGE('',*,*,#1757,.F.);
#1827 = ORIENTED_EDGE('',*,*,#1828,.F.);
#1828 = EDGE_CURVE('',#1595,#1758,#1829,.T.);
#1829 = LINE('',#1830,#1831);
#1830 = CARTESIAN_POINT('',(-50.,44.,6.));
#1831 = VECTOR('',#1832,1.);
#1832 = DIRECTION('',(-0.707106781187,0.707106781187,0.));
#1833 = ORIENTED_EDGE('',*,*,#1602,.F.);
#1834 = PLANE('',#1835);
#1835 = AXIS2_PLACEMENT_3D('',#1836,#1837,#1838);
#1836 = CARTESIAN_POINT('',(-50.,44.,6.));
#1837 = DIRECTION('',(-0.707106781187,-0.707106781187,0.));
#1838 = DIRECTION('',(-0.707106781187,0.707106781187,0.));
#1839 = ADVANCED_FACE('',(#1840),#1845,.F.);
#1840 = FACE_BOUND('',#1841,.F.);
#1841 = EDGE_LOOP('',(#1842,#1843,#1844));
#1842 = ORIENTED_EDGE('',*,*,#1782,.T.);
#1843 = ORIENTED_EDGE('',*,*,#1741,.T.);
#1844 = ORIENTED_EDGE('',*,*,#1828,.T.);
#1845 = PLANE('',#1846);
#1846 = AXIS2_PLACEMENT_3D('',#1847,#1848,#1849);
#1847 = CARTESIAN_POINT('',(-54.,45.171572875254,6.));
#1848 = DIRECTION('',(0.,0.,1.));
#1849 = DIRECTION('',(1.,0.,0.));
#1850 = ADVANCED_FACE('',(#1851),#1856,.T.);
#1851 = FACE_BOUND('',#1852,.T.);
#1852 = EDGE_LOOP('',(#1853,#1854,#1855));
#1853 = ORIENTED_EDGE('',*,*,#1797,.T.);
#1854 = ORIENTED_EDGE('',*,*,#1821,.T.);
#1855 = ORIENTED_EDGE('',*,*,#1767,.T.);
#1856 = PLANE('',#1857);
#1857 = AXIS2_PLACEMENT_3D('',#1858,#1859,#1860);
#1858 = CARTESIAN_POINT('',(-54.,45.171572875254,7.));
#1859 = DIRECTION('',(0.,0.,1.));
#1860 = DIRECTION('',(1.,0.,0.));
#1861 = ADVANCED_FACE('',(#1862),#1897,.T.);
#1862 = FACE_BOUND('',#1863,.T.);
#1863 = EDGE_LOOP('',(#1864,#1865,#1866,#1867,#1868,#1869,#1870,#1871,
    #1872,#1880,#1888,#1894,#1895,#1896));
#1864 = ORIENTED_EDGE('',*,*,#172,.F.);
#1865 = ORIENTED_EDGE('',*,*,#746,.F.);
#1866 = ORIENTED_EDGE('',*,*,#1129,.F.);
#1867 = ORIENTED_EDGE('',*,*,#830,.F.);
#1868 = ORIENTED_EDGE('',*,*,#649,.F.);
#1869 = ORIENTED_EDGE('',*,*,#885,.F.);
#1870 = ORIENTED_EDGE('',*,*,#1295,.F.);
#1871 = ORIENTED_EDGE('',*,*,#1705,.T.);
#1872 = ORIENTED_EDGE('',*,*,#1873,.F.);
#1873 = EDGE_CURVE('',#1874,#1698,#1876,.T.);
#1874 = VERTEX_POINT('',#1875);
#1875 = CARTESIAN_POINT('',(64.3,43.09,0.));
#1876 = LINE('',#1877,#1878);
#1877 = CARTESIAN_POINT('',(64.3,-47.89,0.));
#1878 = VECTOR('',#1879,1.);
#1879 = DIRECTION('',(0.,-1.,0.));
#1880 = ORIENTED_EDGE('',*,*,#1881,.F.);
#1881 = EDGE_CURVE('',#1882,#1874,#1884,.T.);
#1882 = VERTEX_POINT('',#1883);
#1883 = CARTESIAN_POINT('',(-64.3,43.09,0.));
#1884 = LINE('',#1885,#1886);
#1885 = CARTESIAN_POINT('',(-83.65,43.09,0.));
#1886 = VECTOR('',#1887,1.);
#1887 = DIRECTION('',(1.,0.,0.));
#1888 = ORIENTED_EDGE('',*,*,#1889,.T.);
#1889 = EDGE_CURVE('',#1882,#1555,#1890,.T.);
#1890 = LINE('',#1891,#1892);
#1891 = CARTESIAN_POINT('',(-64.3,-47.89,0.));
#1892 = VECTOR('',#1893,1.);
#1893 = DIRECTION('',(0.,-1.,0.));
#1894 = ORIENTED_EDGE('',*,*,#1564,.F.);
#1895 = ORIENTED_EDGE('',*,*,#1247,.F.);
#1896 = ORIENTED_EDGE('',*,*,#978,.T.);
#1897 = PLANE('',#1898);
#1898 = AXIS2_PLACEMENT_3D('',#1899,#1900,#1901);
#1899 = CARTESIAN_POINT('',(-1.198951618347E-15,27.873828840491,
    7.359260587219E-19));
#1900 = DIRECTION('',(-0.,-0.,-1.));
#1901 = DIRECTION('',(-1.,0.,0.));
#1902 = ADVANCED_FACE('',(#1903),#1928,.T.);
#1903 = FACE_BOUND('',#1904,.T.);
#1904 = EDGE_LOOP('',(#1905,#1906,#1907,#1908,#1917,#1924,#1925,#1926,
    #1927));
#1905 = ORIENTED_EDGE('',*,*,#1040,.T.);
#1906 = ORIENTED_EDGE('',*,*,#1431,.T.);
#1907 = ORIENTED_EDGE('',*,*,#1477,.F.);
#1908 = ORIENTED_EDGE('',*,*,#1909,.T.);
#1909 = EDGE_CURVE('',#1470,#1910,#1912,.T.);
#1910 = VERTEX_POINT('',#1911);
#1911 = CARTESIAN_POINT('',(-85.,-49.39,45.65));
#1912 = CIRCLE('',#1913,1.65);
#1913 = AXIS2_PLACEMENT_3D('',#1914,#1915,#1916);
#1914 = CARTESIAN_POINT('',(-85.,-49.39,44.));
#1915 = DIRECTION('',(1.,0.,-0.));
#1916 = DIRECTION('',(0.,0.,1.));
#1917 = ORIENTED_EDGE('',*,*,#1918,.T.);
#1918 = EDGE_CURVE('',#1910,#103,#1919,.T.);
#1919 = CIRCLE('',#1920,1.65);
#1920 = AXIS2_PLACEMENT_3D('',#1921,#1922,#1923);
#1921 = CARTESIAN_POINT('',(-85.,-49.39,44.));
#1922 = DIRECTION('',(1.,0.,-0.));
#1923 = DIRECTION('',(0.,0.,1.));
#1924 = ORIENTED_EDGE('',*,*,#110,.T.);
#1925 = ORIENTED_EDGE('',*,*,#133,.T.);
#1926 = ORIENTED_EDGE('',*,*,#1054,.T.);
#1927 = ORIENTED_EDGE('',*,*,#672,.T.);
#1928 = PLANE('',#1929);
#1929 = AXIS2_PLACEMENT_3D('',#1930,#1931,#1932);
#1930 = CARTESIAN_POINT('',(-85.,-49.62718092881,42.483278205542));
#1931 = DIRECTION('',(-1.,-0.,-0.));
#1932 = DIRECTION('',(0.,0.,-1.));
#1933 = ADVANCED_FACE('',(#1934),#1959,.T.);
#1934 = FACE_BOUND('',#1935,.T.);
#1935 = EDGE_LOOP('',(#1936,#1937,#1938,#1939,#1940,#1941,#1950,#1957,
    #1958));
#1936 = ORIENTED_EDGE('',*,*,#1024,.F.);
#1937 = ORIENTED_EDGE('',*,*,#690,.T.);
#1938 = ORIENTED_EDGE('',*,*,#1061,.F.);
#1939 = ORIENTED_EDGE('',*,*,#149,.F.);
#1940 = ORIENTED_EDGE('',*,*,#92,.F.);
#1941 = ORIENTED_EDGE('',*,*,#1942,.F.);
#1942 = EDGE_CURVE('',#1943,#93,#1945,.T.);
#1943 = VERTEX_POINT('',#1944);
#1944 = CARTESIAN_POINT('',(-80.5,-49.39,45.65));
#1945 = CIRCLE('',#1946,1.65);
#1946 = AXIS2_PLACEMENT_3D('',#1947,#1948,#1949);
#1947 = CARTESIAN_POINT('',(-80.5,-49.39,44.));
#1948 = DIRECTION('',(1.,0.,-0.));
#1949 = DIRECTION('',(0.,0.,1.));
#1950 = ORIENTED_EDGE('',*,*,#1951,.F.);
#1951 = EDGE_CURVE('',#1462,#1943,#1952,.T.);
#1952 = CIRCLE('',#1953,1.65);
#1953 = AXIS2_PLACEMENT_3D('',#1954,#1955,#1956);
#1954 = CARTESIAN_POINT('',(-80.5,-49.39,44.));
#1955 = DIRECTION('',(1.,0.,-0.));
#1956 = DIRECTION('',(0.,0.,1.));
#1957 = ORIENTED_EDGE('',*,*,#1461,.T.);
#1958 = ORIENTED_EDGE('',*,*,#1447,.F.);
#1959 = PLANE('',#1960);
#1960 = AXIS2_PLACEMENT_3D('',#1961,#1962,#1963);
#1961 = CARTESIAN_POINT('',(-80.5,-49.62718092881,42.483278205542));
#1962 = DIRECTION('',(1.,0.,0.));
#1963 = DIRECTION('',(0.,0.,1.));
#1964 = ADVANCED_FACE('',(#1965),#1990,.T.);
#1965 = FACE_BOUND('',#1966,.T.);
#1966 = EDGE_LOOP('',(#1967,#1968,#1969,#1970,#1979,#1986,#1987,#1988,
    #1989));
#1967 = ORIENTED_EDGE('',*,*,#1093,.T.);
#1968 = ORIENTED_EDGE('',*,*,#1493,.T.);
#1969 = ORIENTED_EDGE('',*,*,#1539,.F.);
#1970 = ORIENTED_EDGE('',*,*,#1971,.T.);
#1971 = EDGE_CURVE('',#1532,#1972,#1974,.T.);
#1972 = VERTEX_POINT('',#1973);
#1973 = CARTESIAN_POINT('',(80.5,-49.39,45.65));
#1974 = CIRCLE('',#1975,1.65);
#1975 = AXIS2_PLACEMENT_3D('',#1976,#1977,#1978);
#1976 = CARTESIAN_POINT('',(80.5,-49.39,44.));
#1977 = DIRECTION('',(1.,0.,-0.));
#1978 = DIRECTION('',(0.,0.,1.));
#1979 = ORIENTED_EDGE('',*,*,#1980,.T.);
#1980 = EDGE_CURVE('',#1972,#32,#1981,.T.);
#1981 = CIRCLE('',#1982,1.65);
#1982 = AXIS2_PLACEMENT_3D('',#1983,#1984,#1985);
#1983 = CARTESIAN_POINT('',(80.5,-49.39,44.));
#1984 = DIRECTION('',(1.,0.,-0.));
#1985 = DIRECTION('',(0.,0.,1.));
#1986 = ORIENTED_EDGE('',*,*,#39,.T.);
#1987 = ORIENTED_EDGE('',*,*,#62,.T.);
#1988 = ORIENTED_EDGE('',*,*,#1107,.T.);
#1989 = ORIENTED_EDGE('',*,*,#706,.T.);
#1990 = PLANE('',#1991);
#1991 = AXIS2_PLACEMENT_3D('',#1992,#1993,#1994);
#1992 = CARTESIAN_POINT('',(80.5,-49.62718092881,42.483278205542));
#1993 = DIRECTION('',(-1.,-0.,-0.));
#1994 = DIRECTION('',(0.,0.,-1.));
#1995 = ADVANCED_FACE('',(#1996),#2021,.T.);
#1996 = FACE_BOUND('',#1997,.T.);
#1997 = EDGE_LOOP('',(#1998,#1999,#2000,#2001,#2002,#2003,#2012,#2019,
    #2020));
#1998 = ORIENTED_EDGE('',*,*,#1077,.F.);
#1999 = ORIENTED_EDGE('',*,*,#724,.T.);
#2000 = ORIENTED_EDGE('',*,*,#1114,.F.);
#2001 = ORIENTED_EDGE('',*,*,#78,.F.);
#2002 = ORIENTED_EDGE('',*,*,#21,.F.);
#2003 = ORIENTED_EDGE('',*,*,#2004,.F.);
#2004 = EDGE_CURVE('',#2005,#22,#2007,.T.);
#2005 = VERTEX_POINT('',#2006);
#2006 = CARTESIAN_POINT('',(85.,-49.39,45.65));
#2007 = CIRCLE('',#2008,1.65);
#2008 = AXIS2_PLACEMENT_3D('',#2009,#2010,#2011);
#2009 = CARTESIAN_POINT('',(85.,-49.39,44.));
#2010 = DIRECTION('',(1.,0.,-0.));
#2011 = DIRECTION('',(0.,0.,1.));
#2012 = ORIENTED_EDGE('',*,*,#2013,.F.);
#2013 = EDGE_CURVE('',#1524,#2005,#2014,.T.);
#2014 = CIRCLE('',#2015,1.65);
#2015 = AXIS2_PLACEMENT_3D('',#2016,#2017,#2018);
#2016 = CARTESIAN_POINT('',(85.,-49.39,44.));
#2017 = DIRECTION('',(1.,0.,-0.));
#2018 = DIRECTION('',(0.,0.,1.));
#2019 = ORIENTED_EDGE('',*,*,#1523,.T.);
#2020 = ORIENTED_EDGE('',*,*,#1509,.F.);
#2021 = PLANE('',#2022);
#2022 = AXIS2_PLACEMENT_3D('',#2023,#2024,#2025);
#2023 = CARTESIAN_POINT('',(85.,-49.62718092881,42.483278205542));
#2024 = DIRECTION('',(1.,0.,0.));
#2025 = DIRECTION('',(0.,0.,1.));
#2026 = ADVANCED_FACE('',(#2027),#2043,.T.);
#2027 = FACE_BOUND('',#2028,.T.);
#2028 = EDGE_LOOP('',(#2029,#2035,#2036,#2042));
#2029 = ORIENTED_EDGE('',*,*,#2030,.T.);
#2030 = EDGE_CURVE('',#1874,#1651,#2031,.T.);
#2031 = LINE('',#2032,#2033);
#2032 = CARTESIAN_POINT('',(64.3,43.09,-1.));
#2033 = VECTOR('',#2034,1.);
#2034 = DIRECTION('',(0.,0.,1.));
#2035 = ORIENTED_EDGE('',*,*,#1650,.T.);
#2036 = ORIENTED_EDGE('',*,*,#2037,.F.);
#2037 = EDGE_CURVE('',#1882,#1643,#2038,.T.);
#2038 = LINE('',#2039,#2040);
#2039 = CARTESIAN_POINT('',(-64.3,43.09,-1.));
#2040 = VECTOR('',#2041,1.);
#2041 = DIRECTION('',(0.,0.,1.));
#2042 = ORIENTED_EDGE('',*,*,#1881,.T.);
#2043 = PLANE('',#2044);
#2044 = AXIS2_PLACEMENT_3D('',#2045,#2046,#2047);
#2045 = CARTESIAN_POINT('',(-3.378509293362E-15,43.09,3.));
#2046 = DIRECTION('',(-0.,-1.,-0.));
#2047 = DIRECTION('',(0.,0.,-1.));
#2048 = ADVANCED_FACE('',(#2049),#2055,.T.);
#2049 = FACE_BOUND('',#2050,.T.);
#2050 = EDGE_LOOP('',(#2051,#2052,#2053,#2054));
#2051 = ORIENTED_EDGE('',*,*,#1873,.T.);
#2052 = ORIENTED_EDGE('',*,*,#1697,.T.);
#2053 = ORIENTED_EDGE('',*,*,#1658,.T.);
#2054 = ORIENTED_EDGE('',*,*,#2030,.F.);
#2055 = PLANE('',#2056);
#2056 = AXIS2_PLACEMENT_3D('',#2057,#2058,#2059);
#2057 = CARTESIAN_POINT('',(64.3,0.85,3.));
#2058 = DIRECTION('',(-1.,-0.,-2.278570084915E-15));
#2059 = DIRECTION('',(2.278570084915E-15,0.,-1.));
#2060 = ADVANCED_FACE('',(#2061),#2067,.T.);
#2061 = FACE_BOUND('',#2062,.T.);
#2062 = EDGE_LOOP('',(#2063,#2064,#2065,#2066));
#2063 = ORIENTED_EDGE('',*,*,#1889,.F.);
#2064 = ORIENTED_EDGE('',*,*,#2037,.T.);
#2065 = ORIENTED_EDGE('',*,*,#1642,.F.);
#2066 = ORIENTED_EDGE('',*,*,#1554,.F.);
#2067 = PLANE('',#2068);
#2068 = AXIS2_PLACEMENT_3D('',#2069,#2070,#2071);
#2069 = CARTESIAN_POINT('',(-64.3,0.85,3.));
#2070 = DIRECTION('',(1.,0.,0.));
#2071 = DIRECTION('',(0.,0.,1.));
#2072 = ADVANCED_FACE('',(#2073),#2081,.F.);
#2073 = FACE_BOUND('',#2074,.F.);
#2074 = EDGE_LOOP('',(#2075,#2076,#2077,#2078,#2079,#2080));
#2075 = ORIENTED_EDGE('',*,*,#862,.F.);
#2076 = ORIENTED_EDGE('',*,*,#488,.T.);
#2077 = ORIENTED_EDGE('',*,*,#523,.T.);
#2078 = ORIENTED_EDGE('',*,*,#878,.T.);
#2079 = ORIENTED_EDGE('',*,*,#1389,.F.);
#2080 = ORIENTED_EDGE('',*,*,#1380,.F.);
#2081 = CYLINDRICAL_SURFACE('',#2082,3.1);
#2082 = AXIS2_PLACEMENT_3D('',#2083,#2084,#2085);
#2083 = CARTESIAN_POINT('',(77.5,-47.4,20.));
#2084 = DIRECTION('',(0.,1.,0.));
#2085 = DIRECTION('',(0.,0.,1.));
#2086 = ADVANCED_FACE('',(#2087),#2096,.F.);
#2087 = FACE_BOUND('',#2088,.F.);
#2088 = EDGE_LOOP('',(#2089,#2090,#2091,#2092,#2093,#2094,#2095));
#2089 = ORIENTED_EDGE('',*,*,#971,.F.);
#2090 = ORIENTED_EDGE('',*,*,#229,.T.);
#2091 = ORIENTED_EDGE('',*,*,#285,.T.);
#2092 = ORIENTED_EDGE('',*,*,#327,.T.);
#2093 = ORIENTED_EDGE('',*,*,#955,.T.);
#2094 = ORIENTED_EDGE('',*,*,#1414,.F.);
#2095 = ORIENTED_EDGE('',*,*,#1405,.F.);
#2096 = CYLINDRICAL_SURFACE('',#2097,3.1);
#2097 = AXIS2_PLACEMENT_3D('',#2098,#2099,#2100);
#2098 = CARTESIAN_POINT('',(-77.5,-47.4,20.));
#2099 = DIRECTION('',(0.,1.,0.));
#2100 = DIRECTION('',(0.,0.,1.));
#2101 = ADVANCED_FACE('',(#2102),#2110,.F.);
#2102 = FACE_BOUND('',#2103,.F.);
#2103 = EDGE_LOOP('',(#2104,#2105,#2106,#2107,#2108,#2109));
#2104 = ORIENTED_EDGE('',*,*,#102,.T.);
#2105 = ORIENTED_EDGE('',*,*,#1942,.F.);
#2106 = ORIENTED_EDGE('',*,*,#1951,.F.);
#2107 = ORIENTED_EDGE('',*,*,#1469,.F.);
#2108 = ORIENTED_EDGE('',*,*,#1909,.T.);
#2109 = ORIENTED_EDGE('',*,*,#1918,.T.);
#2110 = CYLINDRICAL_SURFACE('',#2111,1.65);
#2111 = AXIS2_PLACEMENT_3D('',#2112,#2113,#2114);
#2112 = CARTESIAN_POINT('',(-85.2,-49.39,44.));
#2113 = DIRECTION('',(1.,0.,0.));
#2114 = DIRECTION('',(0.,0.,1.));
#2115 = ADVANCED_FACE('',(#2116),#2124,.F.);
#2116 = FACE_BOUND('',#2117,.F.);
#2117 = EDGE_LOOP('',(#2118,#2119,#2120,#2121,#2122,#2123));
#2118 = ORIENTED_EDGE('',*,*,#31,.T.);
#2119 = ORIENTED_EDGE('',*,*,#2004,.F.);
#2120 = ORIENTED_EDGE('',*,*,#2013,.F.);
#2121 = ORIENTED_EDGE('',*,*,#1531,.F.);
#2122 = ORIENTED_EDGE('',*,*,#1971,.T.);
#2123 = ORIENTED_EDGE('',*,*,#1980,.T.);
#2124 = CYLINDRICAL_SURFACE('',#2125,1.65);
#2125 = AXIS2_PLACEMENT_3D('',#2126,#2127,#2128);
#2126 = CARTESIAN_POINT('',(80.3,-49.39,44.));
#2127 = DIRECTION('',(1.,0.,0.));
#2128 = DIRECTION('',(0.,0.,1.));
#2129 = MANIFOLD_SOLID_BREP('',#2130);
#2130 = CLOSED_SHELL('',(#2131,#2171,#2236,#2271,#2397,#2448,#2494,#2525
    ,#2549,#2573,#2590,#2615,#2646,#2670,#2694,#2711,#2742,#2766,#2790,
    #2807,#2838,#2862,#2886,#2903,#2934,#2958,#2982,#2999,#3030,#3054,
    #3078,#3095,#3185,#3307,#3356,#3384,#3402,#3414,#3439,#3464,#3489,
    #3514,#3539,#3564,#3589,#3614,#3639,#3664,#3689,#3714,#3734,#3754,
    #3774,#3794,#3814,#3834,#3854,#3874,#3894,#3914,#3934,#3954,#3979,
    #4004,#4029,#4054,#4079,#4104,#4129,#4154,#4179,#4204,#4229,#4254,
    #4263,#4272,#4281,#4290,#4299,#4308,#4317,#4326,#4335,#4344,#4353));
#2131 = ADVANCED_FACE('',(#2132),#2166,.F.);
#2132 = FACE_BOUND('',#2133,.F.);
#2133 = EDGE_LOOP('',(#2134,#2144,#2152,#2160));
#2134 = ORIENTED_EDGE('',*,*,#2135,.F.);
#2135 = EDGE_CURVE('',#2136,#2138,#2140,.T.);
#2136 = VERTEX_POINT('',#2137);
#2137 = CARTESIAN_POINT('',(-88.,-47.39,50.));
#2138 = VERTEX_POINT('',#2139);
#2139 = CARTESIAN_POINT('',(-88.,-47.39,231.));
#2140 = LINE('',#2141,#2142);
#2141 = CARTESIAN_POINT('',(-88.,-47.39,50.));
#2142 = VECTOR('',#2143,1.);
#2143 = DIRECTION('',(0.,0.,1.));
#2144 = ORIENTED_EDGE('',*,*,#2145,.T.);
#2145 = EDGE_CURVE('',#2136,#2146,#2148,.T.);
#2146 = VERTEX_POINT('',#2147);
#2147 = CARTESIAN_POINT('',(-88.,59.,50.));
#2148 = LINE('',#2149,#2150);
#2149 = CARTESIAN_POINT('',(-88.,-47.39,50.));
#2150 = VECTOR('',#2151,1.);
#2151 = DIRECTION('',(0.,1.,0.));
#2152 = ORIENTED_EDGE('',*,*,#2153,.T.);
#2153 = EDGE_CURVE('',#2146,#2154,#2156,.T.);
#2154 = VERTEX_POINT('',#2155);
#2155 = CARTESIAN_POINT('',(-88.,59.,231.));
#2156 = LINE('',#2157,#2158);
#2157 = CARTESIAN_POINT('',(-88.,59.,50.));
#2158 = VECTOR('',#2159,1.);
#2159 = DIRECTION('',(0.,0.,1.));
#2160 = ORIENTED_EDGE('',*,*,#2161,.F.);
#2161 = EDGE_CURVE('',#2138,#2154,#2162,.T.);
#2162 = LINE('',#2163,#2164);
#2163 = CARTESIAN_POINT('',(-88.,-47.39,231.));
#2164 = VECTOR('',#2165,1.);
#2165 = DIRECTION('',(0.,1.,0.));
#2166 = PLANE('',#2167);
#2167 = AXIS2_PLACEMENT_3D('',#2168,#2169,#2170);
#2168 = CARTESIAN_POINT('',(-88.,-47.39,50.));
#2169 = DIRECTION('',(1.,0.,0.));
#2170 = DIRECTION('',(0.,0.,1.));
#2171 = ADVANCED_FACE('',(#2172,#2197),#2231,.F.);
#2172 = FACE_BOUND('',#2173,.F.);
#2173 = EDGE_LOOP('',(#2174,#2182,#2183,#2191));
#2174 = ORIENTED_EDGE('',*,*,#2175,.F.);
#2175 = EDGE_CURVE('',#2136,#2176,#2178,.T.);
#2176 = VERTEX_POINT('',#2177);
#2177 = CARTESIAN_POINT('',(88.,-47.39,50.));
#2178 = LINE('',#2179,#2180);
#2179 = CARTESIAN_POINT('',(-88.,-47.39,50.));
#2180 = VECTOR('',#2181,1.);
#2181 = DIRECTION('',(1.,0.,0.));
#2182 = ORIENTED_EDGE('',*,*,#2135,.T.);
#2183 = ORIENTED_EDGE('',*,*,#2184,.T.);
#2184 = EDGE_CURVE('',#2138,#2185,#2187,.T.);
#2185 = VERTEX_POINT('',#2186);
#2186 = CARTESIAN_POINT('',(88.,-47.39,231.));
#2187 = LINE('',#2188,#2189);
#2188 = CARTESIAN_POINT('',(-88.,-47.39,231.));
#2189 = VECTOR('',#2190,1.);
#2190 = DIRECTION('',(1.,0.,0.));
#2191 = ORIENTED_EDGE('',*,*,#2192,.F.);
#2192 = EDGE_CURVE('',#2176,#2185,#2193,.T.);
#2193 = LINE('',#2194,#2195);
#2194 = CARTESIAN_POINT('',(88.,-47.39,50.));
#2195 = VECTOR('',#2196,1.);
#2196 = DIRECTION('',(0.,0.,1.));
#2197 = FACE_BOUND('',#2198,.F.);
#2198 = EDGE_LOOP('',(#2199,#2209,#2217,#2225));
#2199 = ORIENTED_EDGE('',*,*,#2200,.F.);
#2200 = EDGE_CURVE('',#2201,#2203,#2205,.T.);
#2201 = VERTEX_POINT('',#2202);
#2202 = CARTESIAN_POINT('',(-40.,-47.39,207.));
#2203 = VERTEX_POINT('',#2204);
#2204 = CARTESIAN_POINT('',(2.,-47.39,207.));
#2205 = LINE('',#2206,#2207);
#2206 = CARTESIAN_POINT('',(-64.,-47.39,207.));
#2207 = VECTOR('',#2208,1.);
#2208 = DIRECTION('',(1.,0.,0.));
#2209 = ORIENTED_EDGE('',*,*,#2210,.T.);
#2210 = EDGE_CURVE('',#2201,#2211,#2213,.T.);
#2211 = VERTEX_POINT('',#2212);
#2212 = CARTESIAN_POINT('',(-40.,-47.39,175.));
#2213 = LINE('',#2214,#2215);
#2214 = CARTESIAN_POINT('',(-40.,-47.39,112.5));
#2215 = VECTOR('',#2216,1.);
#2216 = DIRECTION('',(0.,0.,-1.));
#2217 = ORIENTED_EDGE('',*,*,#2218,.T.);
#2218 = EDGE_CURVE('',#2211,#2219,#2221,.T.);
#2219 = VERTEX_POINT('',#2220);
#2220 = CARTESIAN_POINT('',(2.,-47.39,175.));
#2221 = LINE('',#2222,#2223);
#2222 = CARTESIAN_POINT('',(-64.,-47.39,175.));
#2223 = VECTOR('',#2224,1.);
#2224 = DIRECTION('',(1.,0.,0.));
#2225 = ORIENTED_EDGE('',*,*,#2226,.F.);
#2226 = EDGE_CURVE('',#2203,#2219,#2227,.T.);
#2227 = LINE('',#2228,#2229);
#2228 = CARTESIAN_POINT('',(2.,-47.39,112.5));
#2229 = VECTOR('',#2230,1.);
#2230 = DIRECTION('',(0.,0.,-1.));
#2231 = PLANE('',#2232);
#2232 = AXIS2_PLACEMENT_3D('',#2233,#2234,#2235);
#2233 = CARTESIAN_POINT('',(-88.,-47.39,50.));
#2234 = DIRECTION('',(0.,1.,0.));
#2235 = DIRECTION('',(0.,0.,1.));
#2236 = ADVANCED_FACE('',(#2237,#2255),#2266,.T.);
#2237 = FACE_BOUND('',#2238,.T.);
#2238 = EDGE_LOOP('',(#2239,#2240,#2241,#2249));
#2239 = ORIENTED_EDGE('',*,*,#2161,.F.);
#2240 = ORIENTED_EDGE('',*,*,#2184,.T.);
#2241 = ORIENTED_EDGE('',*,*,#2242,.T.);
#2242 = EDGE_CURVE('',#2185,#2243,#2245,.T.);
#2243 = VERTEX_POINT('',#2244);
#2244 = CARTESIAN_POINT('',(88.,59.,231.));
#2245 = LINE('',#2246,#2247);
#2246 = CARTESIAN_POINT('',(88.,-47.39,231.));
#2247 = VECTOR('',#2248,1.);
#2248 = DIRECTION('',(0.,1.,0.));
#2249 = ORIENTED_EDGE('',*,*,#2250,.F.);
#2250 = EDGE_CURVE('',#2154,#2243,#2251,.T.);
#2251 = LINE('',#2252,#2253);
#2252 = CARTESIAN_POINT('',(-88.,59.,231.));
#2253 = VECTOR('',#2254,1.);
#2254 = DIRECTION('',(1.,0.,0.));
#2255 = FACE_BOUND('',#2256,.T.);
#2256 = EDGE_LOOP('',(#2257));
#2257 = ORIENTED_EDGE('',*,*,#2258,.F.);
#2258 = EDGE_CURVE('',#2259,#2259,#2261,.T.);
#2259 = VERTEX_POINT('',#2260);
#2260 = CARTESIAN_POINT('',(-51.9,-22.,231.));
#2261 = CIRCLE('',#2262,8.1);
#2262 = AXIS2_PLACEMENT_3D('',#2263,#2264,#2265);
#2263 = CARTESIAN_POINT('',(-60.,-22.,231.));
#2264 = DIRECTION('',(0.,0.,1.));
#2265 = DIRECTION('',(1.,0.,0.));
#2266 = PLANE('',#2267);
#2267 = AXIS2_PLACEMENT_3D('',#2268,#2269,#2270);
#2268 = CARTESIAN_POINT('',(-88.,-47.39,231.));
#2269 = DIRECTION('',(0.,0.,1.));
#2270 = DIRECTION('',(1.,0.,0.));
#2271 = ADVANCED_FACE('',(#2272,#2290,#2324,#2358),#2392,.T.);
#2272 = FACE_BOUND('',#2273,.T.);
#2273 = EDGE_LOOP('',(#2274,#2282,#2283,#2284));
#2274 = ORIENTED_EDGE('',*,*,#2275,.F.);
#2275 = EDGE_CURVE('',#2146,#2276,#2278,.T.);
#2276 = VERTEX_POINT('',#2277);
#2277 = CARTESIAN_POINT('',(88.,59.,50.));
#2278 = LINE('',#2279,#2280);
#2279 = CARTESIAN_POINT('',(-88.,59.,50.));
#2280 = VECTOR('',#2281,1.);
#2281 = DIRECTION('',(1.,0.,0.));
#2282 = ORIENTED_EDGE('',*,*,#2153,.T.);
#2283 = ORIENTED_EDGE('',*,*,#2250,.T.);
#2284 = ORIENTED_EDGE('',*,*,#2285,.F.);
#2285 = EDGE_CURVE('',#2276,#2243,#2286,.T.);
#2286 = LINE('',#2287,#2288);
#2287 = CARTESIAN_POINT('',(88.,59.,50.));
#2288 = VECTOR('',#2289,1.);
#2289 = DIRECTION('',(0.,0.,1.));
#2290 = FACE_BOUND('',#2291,.T.);
#2291 = EDGE_LOOP('',(#2292,#2302,#2310,#2318));
#2292 = ORIENTED_EDGE('',*,*,#2293,.F.);
#2293 = EDGE_CURVE('',#2294,#2296,#2298,.T.);
#2294 = VERTEX_POINT('',#2295);
#2295 = CARTESIAN_POINT('',(22.,59.,219.));
#2296 = VERTEX_POINT('',#2297);
#2297 = CARTESIAN_POINT('',(76.,59.,219.));
#2298 = LINE('',#2299,#2300);
#2299 = CARTESIAN_POINT('',(-33.,59.,219.));
#2300 = VECTOR('',#2301,1.);
#2301 = DIRECTION('',(1.,0.,0.));
#2302 = ORIENTED_EDGE('',*,*,#2303,.T.);
#2303 = EDGE_CURVE('',#2294,#2304,#2306,.T.);
#2304 = VERTEX_POINT('',#2305);
#2305 = CARTESIAN_POINT('',(22.,59.,201.9));
#2306 = LINE('',#2307,#2308);
#2307 = CARTESIAN_POINT('',(22.,59.,125.95));
#2308 = VECTOR('',#2309,1.);
#2309 = DIRECTION('',(0.,0.,-1.));
#2310 = ORIENTED_EDGE('',*,*,#2311,.T.);
#2311 = EDGE_CURVE('',#2304,#2312,#2314,.T.);
#2312 = VERTEX_POINT('',#2313);
#2313 = CARTESIAN_POINT('',(76.,59.,201.9));
#2314 = LINE('',#2315,#2316);
#2315 = CARTESIAN_POINT('',(-33.,59.,201.9));
#2316 = VECTOR('',#2317,1.);
#2317 = DIRECTION('',(1.,0.,0.));
#2318 = ORIENTED_EDGE('',*,*,#2319,.F.);
#2319 = EDGE_CURVE('',#2296,#2312,#2320,.T.);
#2320 = LINE('',#2321,#2322);
#2321 = CARTESIAN_POINT('',(76.,59.,125.95));
#2322 = VECTOR('',#2323,1.);
#2323 = DIRECTION('',(0.,0.,-1.));
#2324 = FACE_BOUND('',#2325,.T.);
#2325 = EDGE_LOOP('',(#2326,#2336,#2344,#2352));
#2326 = ORIENTED_EDGE('',*,*,#2327,.F.);
#2327 = EDGE_CURVE('',#2328,#2330,#2332,.T.);
#2328 = VERTEX_POINT('',#2329);
#2329 = CARTESIAN_POINT('',(24.,59.,223.8));
#2330 = VERTEX_POINT('',#2331);
#2331 = CARTESIAN_POINT('',(74.,59.,223.8));
#2332 = LINE('',#2333,#2334);
#2333 = CARTESIAN_POINT('',(-32.,59.,223.8));
#2334 = VECTOR('',#2335,1.);
#2335 = DIRECTION('',(1.,0.,0.));
#2336 = ORIENTED_EDGE('',*,*,#2337,.T.);
#2337 = EDGE_CURVE('',#2328,#2338,#2340,.T.);
#2338 = VERTEX_POINT('',#2339);
#2339 = CARTESIAN_POINT('',(24.,59.,221.4));
#2340 = LINE('',#2341,#2342);
#2341 = CARTESIAN_POINT('',(24.,59.,135.7));
#2342 = VECTOR('',#2343,1.);
#2343 = DIRECTION('',(0.,0.,-1.));
#2344 = ORIENTED_EDGE('',*,*,#2345,.T.);
#2345 = EDGE_CURVE('',#2338,#2346,#2348,.T.);
#2346 = VERTEX_POINT('',#2347);
#2347 = CARTESIAN_POINT('',(74.,59.,221.4));
#2348 = LINE('',#2349,#2350);
#2349 = CARTESIAN_POINT('',(-32.,59.,221.4));
#2350 = VECTOR('',#2351,1.);
#2351 = DIRECTION('',(1.,0.,0.));
#2352 = ORIENTED_EDGE('',*,*,#2353,.F.);
#2353 = EDGE_CURVE('',#2330,#2346,#2354,.T.);
#2354 = LINE('',#2355,#2356);
#2355 = CARTESIAN_POINT('',(74.,59.,135.7));
#2356 = VECTOR('',#2357,1.);
#2357 = DIRECTION('',(0.,0.,-1.));
#2358 = FACE_BOUND('',#2359,.T.);
#2359 = EDGE_LOOP('',(#2360,#2370,#2378,#2386));
#2360 = ORIENTED_EDGE('',*,*,#2361,.F.);
#2361 = EDGE_CURVE('',#2362,#2364,#2366,.T.);
#2362 = VERTEX_POINT('',#2363);
#2363 = CARTESIAN_POINT('',(24.,59.,227.4));
#2364 = VERTEX_POINT('',#2365);
#2365 = CARTESIAN_POINT('',(74.,59.,227.4));
#2366 = LINE('',#2367,#2368);
#2367 = CARTESIAN_POINT('',(-32.,59.,227.4));
#2368 = VECTOR('',#2369,1.);
#2369 = DIRECTION('',(1.,0.,0.));
#2370 = ORIENTED_EDGE('',*,*,#2371,.T.);
#2371 = EDGE_CURVE('',#2362,#2372,#2374,.T.);
#2372 = VERTEX_POINT('',#2373);
#2373 = CARTESIAN_POINT('',(24.,59.,225.));
#2374 = LINE('',#2375,#2376);
#2375 = CARTESIAN_POINT('',(24.,59.,137.5));
#2376 = VECTOR('',#2377,1.);
#2377 = DIRECTION('',(0.,0.,-1.));
#2378 = ORIENTED_EDGE('',*,*,#2379,.T.);
#2379 = EDGE_CURVE('',#2372,#2380,#2382,.T.);
#2380 = VERTEX_POINT('',#2381);
#2381 = CARTESIAN_POINT('',(74.,59.,225.));
#2382 = LINE('',#2383,#2384);
#2383 = CARTESIAN_POINT('',(-32.,59.,225.));
#2384 = VECTOR('',#2385,1.);
#2385 = DIRECTION('',(1.,0.,0.));
#2386 = ORIENTED_EDGE('',*,*,#2387,.F.);
#2387 = EDGE_CURVE('',#2364,#2380,#2388,.T.);
#2388 = LINE('',#2389,#2390);
#2389 = CARTESIAN_POINT('',(74.,59.,137.5));
#2390 = VECTOR('',#2391,1.);
#2391 = DIRECTION('',(0.,0.,-1.));
#2392 = PLANE('',#2393);
#2393 = AXIS2_PLACEMENT_3D('',#2394,#2395,#2396);
#2394 = CARTESIAN_POINT('',(-88.,59.,50.));
#2395 = DIRECTION('',(0.,1.,0.));
#2396 = DIRECTION('',(0.,0.,1.));
#2397 = ADVANCED_FACE('',(#2398,#2409),#2443,.F.);
#2398 = FACE_BOUND('',#2399,.F.);
#2399 = EDGE_LOOP('',(#2400,#2401,#2402,#2408));
#2400 = ORIENTED_EDGE('',*,*,#2145,.F.);
#2401 = ORIENTED_EDGE('',*,*,#2175,.T.);
#2402 = ORIENTED_EDGE('',*,*,#2403,.T.);
#2403 = EDGE_CURVE('',#2176,#2276,#2404,.T.);
#2404 = LINE('',#2405,#2406);
#2405 = CARTESIAN_POINT('',(88.,-47.39,50.));
#2406 = VECTOR('',#2407,1.);
#2407 = DIRECTION('',(0.,1.,0.));
#2408 = ORIENTED_EDGE('',*,*,#2275,.F.);
#2409 = FACE_BOUND('',#2410,.F.);
#2410 = EDGE_LOOP('',(#2411,#2421,#2429,#2437));
#2411 = ORIENTED_EDGE('',*,*,#2412,.T.);
#2412 = EDGE_CURVE('',#2413,#2415,#2417,.T.);
#2413 = VERTEX_POINT('',#2414);
#2414 = CARTESIAN_POINT('',(85.,-44.39,50.));
#2415 = VERTEX_POINT('',#2416);
#2416 = CARTESIAN_POINT('',(-85.,-44.39,50.));
#2417 = LINE('',#2418,#2419);
#2418 = CARTESIAN_POINT('',(-86.5,-44.39,50.));
#2419 = VECTOR('',#2420,1.);
#2420 = DIRECTION('',(-1.,0.,0.));
#2421 = ORIENTED_EDGE('',*,*,#2422,.T.);
#2422 = EDGE_CURVE('',#2415,#2423,#2425,.T.);
#2423 = VERTEX_POINT('',#2424);
#2424 = CARTESIAN_POINT('',(-85.,56.,50.));
#2425 = LINE('',#2426,#2427);
#2426 = CARTESIAN_POINT('',(-85.,-45.89,50.));
#2427 = VECTOR('',#2428,1.);
#2428 = DIRECTION('',(0.,1.,0.));
#2429 = ORIENTED_EDGE('',*,*,#2430,.F.);
#2430 = EDGE_CURVE('',#2431,#2423,#2433,.T.);
#2431 = VERTEX_POINT('',#2432);
#2432 = CARTESIAN_POINT('',(85.,56.,50.));
#2433 = LINE('',#2434,#2435);
#2434 = CARTESIAN_POINT('',(-86.5,56.,50.));
#2435 = VECTOR('',#2436,1.);
#2436 = DIRECTION('',(-1.,0.,0.));
#2437 = ORIENTED_EDGE('',*,*,#2438,.F.);
#2438 = EDGE_CURVE('',#2413,#2431,#2439,.T.);
#2439 = LINE('',#2440,#2441);
#2440 = CARTESIAN_POINT('',(85.,-45.89,50.));
#2441 = VECTOR('',#2442,1.);
#2442 = DIRECTION('',(0.,1.,0.));
#2443 = PLANE('',#2444);
#2444 = AXIS2_PLACEMENT_3D('',#2445,#2446,#2447);
#2445 = CARTESIAN_POINT('',(-88.,-47.39,50.));
#2446 = DIRECTION('',(0.,0.,1.));
#2447 = DIRECTION('',(1.,0.,0.));
#2448 = ADVANCED_FACE('',(#2449,#2455),#2489,.T.);
#2449 = FACE_BOUND('',#2450,.T.);
#2450 = EDGE_LOOP('',(#2451,#2452,#2453,#2454));
#2451 = ORIENTED_EDGE('',*,*,#2192,.F.);
#2452 = ORIENTED_EDGE('',*,*,#2403,.T.);
#2453 = ORIENTED_EDGE('',*,*,#2285,.T.);
#2454 = ORIENTED_EDGE('',*,*,#2242,.F.);
#2455 = FACE_BOUND('',#2456,.T.);
#2456 = EDGE_LOOP('',(#2457,#2467,#2475,#2483));
#2457 = ORIENTED_EDGE('',*,*,#2458,.T.);
#2458 = EDGE_CURVE('',#2459,#2461,#2463,.T.);
#2459 = VERTEX_POINT('',#2460);
#2460 = CARTESIAN_POINT('',(88.,6.,214.));
#2461 = VERTEX_POINT('',#2462);
#2462 = CARTESIAN_POINT('',(88.,-26.,214.));
#2463 = LINE('',#2464,#2465);
#2464 = CARTESIAN_POINT('',(88.,-36.695,214.));
#2465 = VECTOR('',#2466,1.);
#2466 = DIRECTION('',(0.,-1.,0.));
#2467 = ORIENTED_EDGE('',*,*,#2468,.T.);
#2468 = EDGE_CURVE('',#2461,#2469,#2471,.T.);
#2469 = VERTEX_POINT('',#2470);
#2470 = CARTESIAN_POINT('',(88.,-26.,223.));
#2471 = LINE('',#2472,#2473);
#2472 = CARTESIAN_POINT('',(88.,-26.,132.));
#2473 = VECTOR('',#2474,1.);
#2474 = DIRECTION('',(0.,0.,1.));
#2475 = ORIENTED_EDGE('',*,*,#2476,.F.);
#2476 = EDGE_CURVE('',#2477,#2469,#2479,.T.);
#2477 = VERTEX_POINT('',#2478);
#2478 = CARTESIAN_POINT('',(88.,6.,223.));
#2479 = LINE('',#2480,#2481);
#2480 = CARTESIAN_POINT('',(88.,-36.695,223.));
#2481 = VECTOR('',#2482,1.);
#2482 = DIRECTION('',(0.,-1.,0.));
#2483 = ORIENTED_EDGE('',*,*,#2484,.F.);
#2484 = EDGE_CURVE('',#2459,#2477,#2485,.T.);
#2485 = LINE('',#2486,#2487);
#2486 = CARTESIAN_POINT('',(88.,6.,132.));
#2487 = VECTOR('',#2488,1.);
#2488 = DIRECTION('',(0.,0.,1.));
#2489 = PLANE('',#2490);
#2490 = AXIS2_PLACEMENT_3D('',#2491,#2492,#2493);
#2491 = CARTESIAN_POINT('',(88.,-47.39,50.));
#2492 = DIRECTION('',(1.,0.,0.));
#2493 = DIRECTION('',(0.,0.,1.));
#2494 = ADVANCED_FACE('',(#2495),#2520,.F.);
#2495 = FACE_BOUND('',#2496,.F.);
#2496 = EDGE_LOOP('',(#2497,#2505,#2506,#2514));
#2497 = ORIENTED_EDGE('',*,*,#2498,.F.);
#2498 = EDGE_CURVE('',#2201,#2499,#2501,.T.);
#2499 = VERTEX_POINT('',#2500);
#2500 = CARTESIAN_POINT('',(-40.,-44.99,207.));
#2501 = LINE('',#2502,#2503);
#2502 = CARTESIAN_POINT('',(-40.,-48.39,207.));
#2503 = VECTOR('',#2504,1.);
#2504 = DIRECTION('',(0.,1.,0.));
#2505 = ORIENTED_EDGE('',*,*,#2200,.T.);
#2506 = ORIENTED_EDGE('',*,*,#2507,.T.);
#2507 = EDGE_CURVE('',#2203,#2508,#2510,.T.);
#2508 = VERTEX_POINT('',#2509);
#2509 = CARTESIAN_POINT('',(2.,-44.99,207.));
#2510 = LINE('',#2511,#2512);
#2511 = CARTESIAN_POINT('',(2.,-48.39,207.));
#2512 = VECTOR('',#2513,1.);
#2513 = DIRECTION('',(0.,1.,0.));
#2514 = ORIENTED_EDGE('',*,*,#2515,.F.);
#2515 = EDGE_CURVE('',#2499,#2508,#2516,.T.);
#2516 = LINE('',#2517,#2518);
#2517 = CARTESIAN_POINT('',(-62.8,-44.99,207.));
#2518 = VECTOR('',#2519,1.);
#2519 = DIRECTION('',(1.,0.,0.));
#2520 = PLANE('',#2521);
#2521 = AXIS2_PLACEMENT_3D('',#2522,#2523,#2524);
#2522 = CARTESIAN_POINT('',(-40.,-48.39,207.));
#2523 = DIRECTION('',(0.,0.,1.));
#2524 = DIRECTION('',(1.,0.,0.));
#2525 = ADVANCED_FACE('',(#2526),#2544,.F.);
#2526 = FACE_BOUND('',#2527,.F.);
#2527 = EDGE_LOOP('',(#2528,#2529,#2530,#2538));
#2528 = ORIENTED_EDGE('',*,*,#2507,.F.);
#2529 = ORIENTED_EDGE('',*,*,#2226,.T.);
#2530 = ORIENTED_EDGE('',*,*,#2531,.T.);
#2531 = EDGE_CURVE('',#2219,#2532,#2534,.T.);
#2532 = VERTEX_POINT('',#2533);
#2533 = CARTESIAN_POINT('',(2.,-44.99,175.));
#2534 = LINE('',#2535,#2536);
#2535 = CARTESIAN_POINT('',(2.,-48.39,175.));
#2536 = VECTOR('',#2537,1.);
#2537 = DIRECTION('',(0.,1.,0.));
#2538 = ORIENTED_EDGE('',*,*,#2539,.F.);
#2539 = EDGE_CURVE('',#2508,#2532,#2540,.T.);
#2540 = LINE('',#2541,#2542);
#2541 = CARTESIAN_POINT('',(2.,-44.99,116.5));
#2542 = VECTOR('',#2543,1.);
#2543 = DIRECTION('',(0.,0.,-1.));
#2544 = PLANE('',#2545);
#2545 = AXIS2_PLACEMENT_3D('',#2546,#2547,#2548);
#2546 = CARTESIAN_POINT('',(2.,-48.39,175.));
#2547 = DIRECTION('',(1.,0.,0.));
#2548 = DIRECTION('',(0.,0.,1.));
#2549 = ADVANCED_FACE('',(#2550),#2568,.T.);
#2550 = FACE_BOUND('',#2551,.T.);
#2551 = EDGE_LOOP('',(#2552,#2560,#2561,#2562));
#2552 = ORIENTED_EDGE('',*,*,#2553,.F.);
#2553 = EDGE_CURVE('',#2211,#2554,#2556,.T.);
#2554 = VERTEX_POINT('',#2555);
#2555 = CARTESIAN_POINT('',(-40.,-44.99,175.));
#2556 = LINE('',#2557,#2558);
#2557 = CARTESIAN_POINT('',(-40.,-48.39,175.));
#2558 = VECTOR('',#2559,1.);
#2559 = DIRECTION('',(0.,1.,0.));
#2560 = ORIENTED_EDGE('',*,*,#2218,.T.);
#2561 = ORIENTED_EDGE('',*,*,#2531,.T.);
#2562 = ORIENTED_EDGE('',*,*,#2563,.F.);
#2563 = EDGE_CURVE('',#2554,#2532,#2564,.T.);
#2564 = LINE('',#2565,#2566);
#2565 = CARTESIAN_POINT('',(-62.8,-44.99,175.));
#2566 = VECTOR('',#2567,1.);
#2567 = DIRECTION('',(1.,0.,0.));
#2568 = PLANE('',#2569);
#2569 = AXIS2_PLACEMENT_3D('',#2570,#2571,#2572);
#2570 = CARTESIAN_POINT('',(-40.,-48.39,175.));
#2571 = DIRECTION('',(0.,0.,1.));
#2572 = DIRECTION('',(1.,0.,0.));
#2573 = ADVANCED_FACE('',(#2574),#2585,.T.);
#2574 = FACE_BOUND('',#2575,.T.);
#2575 = EDGE_LOOP('',(#2576,#2577,#2578,#2579));
#2576 = ORIENTED_EDGE('',*,*,#2498,.F.);
#2577 = ORIENTED_EDGE('',*,*,#2210,.T.);
#2578 = ORIENTED_EDGE('',*,*,#2553,.T.);
#2579 = ORIENTED_EDGE('',*,*,#2580,.F.);
#2580 = EDGE_CURVE('',#2499,#2554,#2581,.T.);
#2581 = LINE('',#2582,#2583);
#2582 = CARTESIAN_POINT('',(-40.,-44.99,116.5));
#2583 = VECTOR('',#2584,1.);
#2584 = DIRECTION('',(0.,0.,-1.));
#2585 = PLANE('',#2586);
#2586 = AXIS2_PLACEMENT_3D('',#2587,#2588,#2589);
#2587 = CARTESIAN_POINT('',(-40.,-48.39,175.));
#2588 = DIRECTION('',(1.,0.,0.));
#2589 = DIRECTION('',(0.,0.,1.));
#2590 = ADVANCED_FACE('',(#2591),#2610,.F.);
#2591 = FACE_BOUND('',#2592,.F.);
#2592 = EDGE_LOOP('',(#2593,#2594,#2602,#2609));
#2593 = ORIENTED_EDGE('',*,*,#2258,.F.);
#2594 = ORIENTED_EDGE('',*,*,#2595,.F.);
#2595 = EDGE_CURVE('',#2596,#2259,#2598,.T.);
#2596 = VERTEX_POINT('',#2597);
#2597 = CARTESIAN_POINT('',(-51.9,-22.,228.));
#2598 = LINE('',#2599,#2600);
#2599 = CARTESIAN_POINT('',(-51.9,-22.,227.));
#2600 = VECTOR('',#2601,1.);
#2601 = DIRECTION('',(0.,0.,1.));
#2602 = ORIENTED_EDGE('',*,*,#2603,.T.);
#2603 = EDGE_CURVE('',#2596,#2596,#2604,.T.);
#2604 = CIRCLE('',#2605,8.1);
#2605 = AXIS2_PLACEMENT_3D('',#2606,#2607,#2608);
#2606 = CARTESIAN_POINT('',(-60.,-22.,228.));
#2607 = DIRECTION('',(0.,0.,1.));
#2608 = DIRECTION('',(1.,0.,0.));
#2609 = ORIENTED_EDGE('',*,*,#2595,.T.);
#2610 = CYLINDRICAL_SURFACE('',#2611,8.1);
#2611 = AXIS2_PLACEMENT_3D('',#2612,#2613,#2614);
#2612 = CARTESIAN_POINT('',(-60.,-22.,227.));
#2613 = DIRECTION('',(0.,0.,1.));
#2614 = DIRECTION('',(1.,0.,0.));
#2615 = ADVANCED_FACE('',(#2616),#2641,.F.);
#2616 = FACE_BOUND('',#2617,.F.);
#2617 = EDGE_LOOP('',(#2618,#2626,#2634,#2640));
#2618 = ORIENTED_EDGE('',*,*,#2619,.F.);
#2619 = EDGE_CURVE('',#2620,#2294,#2622,.T.);
#2620 = VERTEX_POINT('',#2621);
#2621 = CARTESIAN_POINT('',(22.,56.6,219.));
#2622 = LINE('',#2623,#2624);
#2623 = CARTESIAN_POINT('',(22.,55.6,219.));
#2624 = VECTOR('',#2625,1.);
#2625 = DIRECTION('',(0.,1.,0.));
#2626 = ORIENTED_EDGE('',*,*,#2627,.T.);
#2627 = EDGE_CURVE('',#2620,#2628,#2630,.T.);
#2628 = VERTEX_POINT('',#2629);
#2629 = CARTESIAN_POINT('',(76.,56.6,219.));
#2630 = LINE('',#2631,#2632);
#2631 = CARTESIAN_POINT('',(-31.8,56.6,219.));
#2632 = VECTOR('',#2633,1.);
#2633 = DIRECTION('',(1.,0.,0.));
#2634 = ORIENTED_EDGE('',*,*,#2635,.T.);
#2635 = EDGE_CURVE('',#2628,#2296,#2636,.T.);
#2636 = LINE('',#2637,#2638);
#2637 = CARTESIAN_POINT('',(76.,55.6,219.));
#2638 = VECTOR('',#2639,1.);
#2639 = DIRECTION('',(0.,1.,0.));
#2640 = ORIENTED_EDGE('',*,*,#2293,.F.);
#2641 = PLANE('',#2642);
#2642 = AXIS2_PLACEMENT_3D('',#2643,#2644,#2645);
#2643 = CARTESIAN_POINT('',(22.,55.6,219.));
#2644 = DIRECTION('',(0.,0.,1.));
#2645 = DIRECTION('',(1.,0.,0.));
#2646 = ADVANCED_FACE('',(#2647),#2665,.T.);
#2647 = FACE_BOUND('',#2648,.T.);
#2648 = EDGE_LOOP('',(#2649,#2650,#2658,#2664));
#2649 = ORIENTED_EDGE('',*,*,#2619,.F.);
#2650 = ORIENTED_EDGE('',*,*,#2651,.T.);
#2651 = EDGE_CURVE('',#2620,#2652,#2654,.T.);
#2652 = VERTEX_POINT('',#2653);
#2653 = CARTESIAN_POINT('',(22.,56.6,201.9));
#2654 = LINE('',#2655,#2656);
#2655 = CARTESIAN_POINT('',(22.,56.6,129.95));
#2656 = VECTOR('',#2657,1.);
#2657 = DIRECTION('',(0.,0.,-1.));
#2658 = ORIENTED_EDGE('',*,*,#2659,.T.);
#2659 = EDGE_CURVE('',#2652,#2304,#2660,.T.);
#2660 = LINE('',#2661,#2662);
#2661 = CARTESIAN_POINT('',(22.,55.6,201.9));
#2662 = VECTOR('',#2663,1.);
#2663 = DIRECTION('',(0.,1.,0.));
#2664 = ORIENTED_EDGE('',*,*,#2303,.F.);
#2665 = PLANE('',#2666);
#2666 = AXIS2_PLACEMENT_3D('',#2667,#2668,#2669);
#2667 = CARTESIAN_POINT('',(22.,55.6,201.9));
#2668 = DIRECTION('',(1.,0.,0.));
#2669 = DIRECTION('',(0.,0.,1.));
#2670 = ADVANCED_FACE('',(#2671),#2689,.F.);
#2671 = FACE_BOUND('',#2672,.F.);
#2672 = EDGE_LOOP('',(#2673,#2674,#2682,#2688));
#2673 = ORIENTED_EDGE('',*,*,#2635,.F.);
#2674 = ORIENTED_EDGE('',*,*,#2675,.T.);
#2675 = EDGE_CURVE('',#2628,#2676,#2678,.T.);
#2676 = VERTEX_POINT('',#2677);
#2677 = CARTESIAN_POINT('',(76.,56.6,201.9));
#2678 = LINE('',#2679,#2680);
#2679 = CARTESIAN_POINT('',(76.,56.6,129.95));
#2680 = VECTOR('',#2681,1.);
#2681 = DIRECTION('',(0.,0.,-1.));
#2682 = ORIENTED_EDGE('',*,*,#2683,.T.);
#2683 = EDGE_CURVE('',#2676,#2312,#2684,.T.);
#2684 = LINE('',#2685,#2686);
#2685 = CARTESIAN_POINT('',(76.,55.6,201.9));
#2686 = VECTOR('',#2687,1.);
#2687 = DIRECTION('',(0.,1.,0.));
#2688 = ORIENTED_EDGE('',*,*,#2319,.F.);
#2689 = PLANE('',#2690);
#2690 = AXIS2_PLACEMENT_3D('',#2691,#2692,#2693);
#2691 = CARTESIAN_POINT('',(76.,55.6,201.9));
#2692 = DIRECTION('',(1.,0.,0.));
#2693 = DIRECTION('',(0.,0.,1.));
#2694 = ADVANCED_FACE('',(#2695),#2706,.T.);
#2695 = FACE_BOUND('',#2696,.T.);
#2696 = EDGE_LOOP('',(#2697,#2698,#2704,#2705));
#2697 = ORIENTED_EDGE('',*,*,#2659,.F.);
#2698 = ORIENTED_EDGE('',*,*,#2699,.T.);
#2699 = EDGE_CURVE('',#2652,#2676,#2700,.T.);
#2700 = LINE('',#2701,#2702);
#2701 = CARTESIAN_POINT('',(-31.8,56.6,201.9));
#2702 = VECTOR('',#2703,1.);
#2703 = DIRECTION('',(1.,0.,0.));
#2704 = ORIENTED_EDGE('',*,*,#2683,.T.);
#2705 = ORIENTED_EDGE('',*,*,#2311,.F.);
#2706 = PLANE('',#2707);
#2707 = AXIS2_PLACEMENT_3D('',#2708,#2709,#2710);
#2708 = CARTESIAN_POINT('',(22.,55.6,201.9));
#2709 = DIRECTION('',(0.,0.,1.));
#2710 = DIRECTION('',(1.,0.,0.));
#2711 = ADVANCED_FACE('',(#2712),#2737,.F.);
#2712 = FACE_BOUND('',#2713,.F.);
#2713 = EDGE_LOOP('',(#2714,#2722,#2730,#2736));
#2714 = ORIENTED_EDGE('',*,*,#2715,.F.);
#2715 = EDGE_CURVE('',#2716,#2328,#2718,.T.);
#2716 = VERTEX_POINT('',#2717);
#2717 = CARTESIAN_POINT('',(24.,56.6,223.8));
#2718 = LINE('',#2719,#2720);
#2719 = CARTESIAN_POINT('',(24.,55.6,223.8));
#2720 = VECTOR('',#2721,1.);
#2721 = DIRECTION('',(0.,1.,0.));
#2722 = ORIENTED_EDGE('',*,*,#2723,.T.);
#2723 = EDGE_CURVE('',#2716,#2724,#2726,.T.);
#2724 = VERTEX_POINT('',#2725);
#2725 = CARTESIAN_POINT('',(74.,56.6,223.8));
#2726 = LINE('',#2727,#2728);
#2727 = CARTESIAN_POINT('',(-30.8,56.6,223.8));
#2728 = VECTOR('',#2729,1.);
#2729 = DIRECTION('',(1.,0.,0.));
#2730 = ORIENTED_EDGE('',*,*,#2731,.T.);
#2731 = EDGE_CURVE('',#2724,#2330,#2732,.T.);
#2732 = LINE('',#2733,#2734);
#2733 = CARTESIAN_POINT('',(74.,55.6,223.8));
#2734 = VECTOR('',#2735,1.);
#2735 = DIRECTION('',(0.,1.,0.));
#2736 = ORIENTED_EDGE('',*,*,#2327,.F.);
#2737 = PLANE('',#2738);
#2738 = AXIS2_PLACEMENT_3D('',#2739,#2740,#2741);
#2739 = CARTESIAN_POINT('',(24.,55.6,223.8));
#2740 = DIRECTION('',(0.,0.,1.));
#2741 = DIRECTION('',(1.,0.,0.));
#2742 = ADVANCED_FACE('',(#2743),#2761,.T.);
#2743 = FACE_BOUND('',#2744,.T.);
#2744 = EDGE_LOOP('',(#2745,#2746,#2754,#2760));
#2745 = ORIENTED_EDGE('',*,*,#2715,.F.);
#2746 = ORIENTED_EDGE('',*,*,#2747,.T.);
#2747 = EDGE_CURVE('',#2716,#2748,#2750,.T.);
#2748 = VERTEX_POINT('',#2749);
#2749 = CARTESIAN_POINT('',(24.,56.6,221.4));
#2750 = LINE('',#2751,#2752);
#2751 = CARTESIAN_POINT('',(24.,56.6,139.7));
#2752 = VECTOR('',#2753,1.);
#2753 = DIRECTION('',(0.,0.,-1.));
#2754 = ORIENTED_EDGE('',*,*,#2755,.T.);
#2755 = EDGE_CURVE('',#2748,#2338,#2756,.T.);
#2756 = LINE('',#2757,#2758);
#2757 = CARTESIAN_POINT('',(24.,55.6,221.4));
#2758 = VECTOR('',#2759,1.);
#2759 = DIRECTION('',(0.,1.,0.));
#2760 = ORIENTED_EDGE('',*,*,#2337,.F.);
#2761 = PLANE('',#2762);
#2762 = AXIS2_PLACEMENT_3D('',#2763,#2764,#2765);
#2763 = CARTESIAN_POINT('',(24.,55.6,221.4));
#2764 = DIRECTION('',(1.,0.,0.));
#2765 = DIRECTION('',(0.,0.,1.));
#2766 = ADVANCED_FACE('',(#2767),#2785,.F.);
#2767 = FACE_BOUND('',#2768,.F.);
#2768 = EDGE_LOOP('',(#2769,#2770,#2778,#2784));
#2769 = ORIENTED_EDGE('',*,*,#2731,.F.);
#2770 = ORIENTED_EDGE('',*,*,#2771,.T.);
#2771 = EDGE_CURVE('',#2724,#2772,#2774,.T.);
#2772 = VERTEX_POINT('',#2773);
#2773 = CARTESIAN_POINT('',(74.,56.6,221.4));
#2774 = LINE('',#2775,#2776);
#2775 = CARTESIAN_POINT('',(74.,56.6,139.7));
#2776 = VECTOR('',#2777,1.);
#2777 = DIRECTION('',(0.,0.,-1.));
#2778 = ORIENTED_EDGE('',*,*,#2779,.T.);
#2779 = EDGE_CURVE('',#2772,#2346,#2780,.T.);
#2780 = LINE('',#2781,#2782);
#2781 = CARTESIAN_POINT('',(74.,55.6,221.4));
#2782 = VECTOR('',#2783,1.);
#2783 = DIRECTION('',(0.,1.,0.));
#2784 = ORIENTED_EDGE('',*,*,#2353,.F.);
#2785 = PLANE('',#2786);
#2786 = AXIS2_PLACEMENT_3D('',#2787,#2788,#2789);
#2787 = CARTESIAN_POINT('',(74.,55.6,221.4));
#2788 = DIRECTION('',(1.,0.,0.));
#2789 = DIRECTION('',(0.,0.,1.));
#2790 = ADVANCED_FACE('',(#2791),#2802,.T.);
#2791 = FACE_BOUND('',#2792,.T.);
#2792 = EDGE_LOOP('',(#2793,#2794,#2800,#2801));
#2793 = ORIENTED_EDGE('',*,*,#2755,.F.);
#2794 = ORIENTED_EDGE('',*,*,#2795,.T.);
#2795 = EDGE_CURVE('',#2748,#2772,#2796,.T.);
#2796 = LINE('',#2797,#2798);
#2797 = CARTESIAN_POINT('',(-30.8,56.6,221.4));
#2798 = VECTOR('',#2799,1.);
#2799 = DIRECTION('',(1.,0.,0.));
#2800 = ORIENTED_EDGE('',*,*,#2779,.T.);
#2801 = ORIENTED_EDGE('',*,*,#2345,.F.);
#2802 = PLANE('',#2803);
#2803 = AXIS2_PLACEMENT_3D('',#2804,#2805,#2806);
#2804 = CARTESIAN_POINT('',(24.,55.6,221.4));
#2805 = DIRECTION('',(0.,0.,1.));
#2806 = DIRECTION('',(1.,0.,0.));
#2807 = ADVANCED_FACE('',(#2808),#2833,.F.);
#2808 = FACE_BOUND('',#2809,.F.);
#2809 = EDGE_LOOP('',(#2810,#2818,#2826,#2832));
#2810 = ORIENTED_EDGE('',*,*,#2811,.F.);
#2811 = EDGE_CURVE('',#2812,#2362,#2814,.T.);
#2812 = VERTEX_POINT('',#2813);
#2813 = CARTESIAN_POINT('',(24.,56.6,227.4));
#2814 = LINE('',#2815,#2816);
#2815 = CARTESIAN_POINT('',(24.,55.6,227.4));
#2816 = VECTOR('',#2817,1.);
#2817 = DIRECTION('',(0.,1.,0.));
#2818 = ORIENTED_EDGE('',*,*,#2819,.T.);
#2819 = EDGE_CURVE('',#2812,#2820,#2822,.T.);
#2820 = VERTEX_POINT('',#2821);
#2821 = CARTESIAN_POINT('',(74.,56.6,227.4));
#2822 = LINE('',#2823,#2824);
#2823 = CARTESIAN_POINT('',(-30.8,56.6,227.4));
#2824 = VECTOR('',#2825,1.);
#2825 = DIRECTION('',(1.,0.,0.));
#2826 = ORIENTED_EDGE('',*,*,#2827,.T.);
#2827 = EDGE_CURVE('',#2820,#2364,#2828,.T.);
#2828 = LINE('',#2829,#2830);
#2829 = CARTESIAN_POINT('',(74.,55.6,227.4));
#2830 = VECTOR('',#2831,1.);
#2831 = DIRECTION('',(0.,1.,0.));
#2832 = ORIENTED_EDGE('',*,*,#2361,.F.);
#2833 = PLANE('',#2834);
#2834 = AXIS2_PLACEMENT_3D('',#2835,#2836,#2837);
#2835 = CARTESIAN_POINT('',(24.,55.6,227.4));
#2836 = DIRECTION('',(0.,0.,1.));
#2837 = DIRECTION('',(1.,0.,0.));
#2838 = ADVANCED_FACE('',(#2839),#2857,.F.);
#2839 = FACE_BOUND('',#2840,.F.);
#2840 = EDGE_LOOP('',(#2841,#2842,#2850,#2856));
#2841 = ORIENTED_EDGE('',*,*,#2827,.F.);
#2842 = ORIENTED_EDGE('',*,*,#2843,.T.);
#2843 = EDGE_CURVE('',#2820,#2844,#2846,.T.);
#2844 = VERTEX_POINT('',#2845);
#2845 = CARTESIAN_POINT('',(74.,56.6,225.));
#2846 = LINE('',#2847,#2848);
#2847 = CARTESIAN_POINT('',(74.,56.6,141.5));
#2848 = VECTOR('',#2849,1.);
#2849 = DIRECTION('',(0.,0.,-1.));
#2850 = ORIENTED_EDGE('',*,*,#2851,.T.);
#2851 = EDGE_CURVE('',#2844,#2380,#2852,.T.);
#2852 = LINE('',#2853,#2854);
#2853 = CARTESIAN_POINT('',(74.,55.6,225.));
#2854 = VECTOR('',#2855,1.);
#2855 = DIRECTION('',(0.,1.,0.));
#2856 = ORIENTED_EDGE('',*,*,#2387,.F.);
#2857 = PLANE('',#2858);
#2858 = AXIS2_PLACEMENT_3D('',#2859,#2860,#2861);
#2859 = CARTESIAN_POINT('',(74.,55.6,225.));
#2860 = DIRECTION('',(1.,0.,0.));
#2861 = DIRECTION('',(0.,0.,1.));
#2862 = ADVANCED_FACE('',(#2863),#2881,.T.);
#2863 = FACE_BOUND('',#2864,.T.);
#2864 = EDGE_LOOP('',(#2865,#2873,#2879,#2880));
#2865 = ORIENTED_EDGE('',*,*,#2866,.F.);
#2866 = EDGE_CURVE('',#2867,#2372,#2869,.T.);
#2867 = VERTEX_POINT('',#2868);
#2868 = CARTESIAN_POINT('',(24.,56.6,225.));
#2869 = LINE('',#2870,#2871);
#2870 = CARTESIAN_POINT('',(24.,55.6,225.));
#2871 = VECTOR('',#2872,1.);
#2872 = DIRECTION('',(0.,1.,0.));
#2873 = ORIENTED_EDGE('',*,*,#2874,.T.);
#2874 = EDGE_CURVE('',#2867,#2844,#2875,.T.);
#2875 = LINE('',#2876,#2877);
#2876 = CARTESIAN_POINT('',(-30.8,56.6,225.));
#2877 = VECTOR('',#2878,1.);
#2878 = DIRECTION('',(1.,0.,0.));
#2879 = ORIENTED_EDGE('',*,*,#2851,.T.);
#2880 = ORIENTED_EDGE('',*,*,#2379,.F.);
#2881 = PLANE('',#2882);
#2882 = AXIS2_PLACEMENT_3D('',#2883,#2884,#2885);
#2883 = CARTESIAN_POINT('',(24.,55.6,225.));
#2884 = DIRECTION('',(0.,0.,1.));
#2885 = DIRECTION('',(1.,0.,0.));
#2886 = ADVANCED_FACE('',(#2887),#2898,.T.);
#2887 = FACE_BOUND('',#2888,.T.);
#2888 = EDGE_LOOP('',(#2889,#2890,#2896,#2897));
#2889 = ORIENTED_EDGE('',*,*,#2811,.F.);
#2890 = ORIENTED_EDGE('',*,*,#2891,.T.);
#2891 = EDGE_CURVE('',#2812,#2867,#2892,.T.);
#2892 = LINE('',#2893,#2894);
#2893 = CARTESIAN_POINT('',(24.,56.6,141.5));
#2894 = VECTOR('',#2895,1.);
#2895 = DIRECTION('',(0.,0.,-1.));
#2896 = ORIENTED_EDGE('',*,*,#2866,.T.);
#2897 = ORIENTED_EDGE('',*,*,#2371,.F.);
#2898 = PLANE('',#2899);
#2899 = AXIS2_PLACEMENT_3D('',#2900,#2901,#2902);
#2900 = CARTESIAN_POINT('',(24.,55.6,225.));
#2901 = DIRECTION('',(1.,0.,0.));
#2902 = DIRECTION('',(0.,0.,1.));
#2903 = ADVANCED_FACE('',(#2904),#2929,.T.);
#2904 = FACE_BOUND('',#2905,.T.);
#2905 = EDGE_LOOP('',(#2906,#2914,#2915,#2923));
#2906 = ORIENTED_EDGE('',*,*,#2907,.F.);
#2907 = EDGE_CURVE('',#2413,#2908,#2910,.T.);
#2908 = VERTEX_POINT('',#2909);
#2909 = CARTESIAN_POINT('',(85.,-44.39,58.));
#2910 = LINE('',#2911,#2912);
#2911 = CARTESIAN_POINT('',(85.,-44.39,49.));
#2912 = VECTOR('',#2913,1.);
#2913 = DIRECTION('',(0.,0.,1.));
#2914 = ORIENTED_EDGE('',*,*,#2412,.T.);
#2915 = ORIENTED_EDGE('',*,*,#2916,.T.);
#2916 = EDGE_CURVE('',#2415,#2917,#2919,.T.);
#2917 = VERTEX_POINT('',#2918);
#2918 = CARTESIAN_POINT('',(-85.,-44.39,58.));
#2919 = LINE('',#2920,#2921);
#2920 = CARTESIAN_POINT('',(-85.,-44.39,49.));
#2921 = VECTOR('',#2922,1.);
#2922 = DIRECTION('',(0.,0.,1.));
#2923 = ORIENTED_EDGE('',*,*,#2924,.F.);
#2924 = EDGE_CURVE('',#2908,#2917,#2925,.T.);
#2925 = LINE('',#2926,#2927);
#2926 = CARTESIAN_POINT('',(-85.3,-44.39,58.));
#2927 = VECTOR('',#2928,1.);
#2928 = DIRECTION('',(-1.,0.,0.));
#2929 = PLANE('',#2930);
#2930 = AXIS2_PLACEMENT_3D('',#2931,#2932,#2933);
#2931 = CARTESIAN_POINT('',(-85.,-44.39,49.));
#2932 = DIRECTION('',(0.,1.,0.));
#2933 = DIRECTION('',(0.,0.,1.));
#2934 = ADVANCED_FACE('',(#2935),#2953,.F.);
#2935 = FACE_BOUND('',#2936,.F.);
#2936 = EDGE_LOOP('',(#2937,#2938,#2939,#2947));
#2937 = ORIENTED_EDGE('',*,*,#2907,.F.);
#2938 = ORIENTED_EDGE('',*,*,#2438,.T.);
#2939 = ORIENTED_EDGE('',*,*,#2940,.T.);
#2940 = EDGE_CURVE('',#2431,#2941,#2943,.T.);
#2941 = VERTEX_POINT('',#2942);
#2942 = CARTESIAN_POINT('',(85.,56.,58.));
#2943 = LINE('',#2944,#2945);
#2944 = CARTESIAN_POINT('',(85.,56.,49.));
#2945 = VECTOR('',#2946,1.);
#2946 = DIRECTION('',(0.,0.,1.));
#2947 = ORIENTED_EDGE('',*,*,#2948,.F.);
#2948 = EDGE_CURVE('',#2908,#2941,#2949,.T.);
#2949 = LINE('',#2950,#2951);
#2950 = CARTESIAN_POINT('',(85.,-44.69,58.));
#2951 = VECTOR('',#2952,1.);
#2952 = DIRECTION('',(0.,1.,0.));
#2953 = PLANE('',#2954);
#2954 = AXIS2_PLACEMENT_3D('',#2955,#2956,#2957);
#2955 = CARTESIAN_POINT('',(85.,-44.39,49.));
#2956 = DIRECTION('',(1.,0.,0.));
#2957 = DIRECTION('',(0.,0.,1.));
#2958 = ADVANCED_FACE('',(#2959),#2977,.F.);
#2959 = FACE_BOUND('',#2960,.F.);
#2960 = EDGE_LOOP('',(#2961,#2962,#2963,#2971));
#2961 = ORIENTED_EDGE('',*,*,#2940,.F.);
#2962 = ORIENTED_EDGE('',*,*,#2430,.T.);
#2963 = ORIENTED_EDGE('',*,*,#2964,.T.);
#2964 = EDGE_CURVE('',#2423,#2965,#2967,.T.);
#2965 = VERTEX_POINT('',#2966);
#2966 = CARTESIAN_POINT('',(-85.,56.,58.));
#2967 = LINE('',#2968,#2969);
#2968 = CARTESIAN_POINT('',(-85.,56.,49.));
#2969 = VECTOR('',#2970,1.);
#2970 = DIRECTION('',(0.,0.,1.));
#2971 = ORIENTED_EDGE('',*,*,#2972,.F.);
#2972 = EDGE_CURVE('',#2941,#2965,#2973,.T.);
#2973 = LINE('',#2974,#2975);
#2974 = CARTESIAN_POINT('',(-85.3,56.,58.));
#2975 = VECTOR('',#2976,1.);
#2976 = DIRECTION('',(-1.,0.,0.));
#2977 = PLANE('',#2978);
#2978 = AXIS2_PLACEMENT_3D('',#2979,#2980,#2981);
#2979 = CARTESIAN_POINT('',(-85.,56.,49.));
#2980 = DIRECTION('',(0.,1.,0.));
#2981 = DIRECTION('',(0.,0.,1.));
#2982 = ADVANCED_FACE('',(#2983),#2994,.T.);
#2983 = FACE_BOUND('',#2984,.T.);
#2984 = EDGE_LOOP('',(#2985,#2986,#2987,#2988));
#2985 = ORIENTED_EDGE('',*,*,#2916,.F.);
#2986 = ORIENTED_EDGE('',*,*,#2422,.T.);
#2987 = ORIENTED_EDGE('',*,*,#2964,.T.);
#2988 = ORIENTED_EDGE('',*,*,#2989,.F.);
#2989 = EDGE_CURVE('',#2917,#2965,#2990,.T.);
#2990 = LINE('',#2991,#2992);
#2991 = CARTESIAN_POINT('',(-85.,-44.69,58.));
#2992 = VECTOR('',#2993,1.);
#2993 = DIRECTION('',(0.,1.,0.));
#2994 = PLANE('',#2995);
#2995 = AXIS2_PLACEMENT_3D('',#2996,#2997,#2998);
#2996 = CARTESIAN_POINT('',(-85.,-44.39,49.));
#2997 = DIRECTION('',(1.,0.,0.));
#2998 = DIRECTION('',(0.,0.,1.));
#2999 = ADVANCED_FACE('',(#3000),#3025,.T.);
#3000 = FACE_BOUND('',#3001,.T.);
#3001 = EDGE_LOOP('',(#3002,#3010,#3018,#3024));
#3002 = ORIENTED_EDGE('',*,*,#3003,.F.);
#3003 = EDGE_CURVE('',#3004,#2459,#3006,.T.);
#3004 = VERTEX_POINT('',#3005);
#3005 = CARTESIAN_POINT('',(85.6,6.,214.));
#3006 = LINE('',#3007,#3008);
#3007 = CARTESIAN_POINT('',(84.6,6.,214.));
#3008 = VECTOR('',#3009,1.);
#3009 = DIRECTION('',(1.,0.,0.));
#3010 = ORIENTED_EDGE('',*,*,#3011,.T.);
#3011 = EDGE_CURVE('',#3004,#3012,#3014,.T.);
#3012 = VERTEX_POINT('',#3013);
#3013 = CARTESIAN_POINT('',(85.6,-26.,214.));
#3014 = LINE('',#3015,#3016);
#3015 = CARTESIAN_POINT('',(85.6,-35.495,214.));
#3016 = VECTOR('',#3017,1.);
#3017 = DIRECTION('',(0.,-1.,0.));
#3018 = ORIENTED_EDGE('',*,*,#3019,.T.);
#3019 = EDGE_CURVE('',#3012,#2461,#3020,.T.);
#3020 = LINE('',#3021,#3022);
#3021 = CARTESIAN_POINT('',(84.6,-26.,214.));
#3022 = VECTOR('',#3023,1.);
#3023 = DIRECTION('',(1.,0.,0.));
#3024 = ORIENTED_EDGE('',*,*,#2458,.F.);
#3025 = PLANE('',#3026);
#3026 = AXIS2_PLACEMENT_3D('',#3027,#3028,#3029);
#3027 = CARTESIAN_POINT('',(84.6,-26.,214.));
#3028 = DIRECTION('',(0.,0.,1.));
#3029 = DIRECTION('',(1.,0.,0.));
#3030 = ADVANCED_FACE('',(#3031),#3049,.F.);
#3031 = FACE_BOUND('',#3032,.F.);
#3032 = EDGE_LOOP('',(#3033,#3034,#3042,#3048));
#3033 = ORIENTED_EDGE('',*,*,#3003,.F.);
#3034 = ORIENTED_EDGE('',*,*,#3035,.T.);
#3035 = EDGE_CURVE('',#3004,#3036,#3038,.T.);
#3036 = VERTEX_POINT('',#3037);
#3037 = CARTESIAN_POINT('',(85.6,6.,223.));
#3038 = LINE('',#3039,#3040);
#3039 = CARTESIAN_POINT('',(85.6,6.,136.));
#3040 = VECTOR('',#3041,1.);
#3041 = DIRECTION('',(0.,0.,1.));
#3042 = ORIENTED_EDGE('',*,*,#3043,.T.);
#3043 = EDGE_CURVE('',#3036,#2477,#3044,.T.);
#3044 = LINE('',#3045,#3046);
#3045 = CARTESIAN_POINT('',(84.6,6.,223.));
#3046 = VECTOR('',#3047,1.);
#3047 = DIRECTION('',(1.,0.,0.));
#3048 = ORIENTED_EDGE('',*,*,#2484,.F.);
#3049 = PLANE('',#3050);
#3050 = AXIS2_PLACEMENT_3D('',#3051,#3052,#3053);
#3051 = CARTESIAN_POINT('',(84.6,6.,214.));
#3052 = DIRECTION('',(0.,1.,0.));
#3053 = DIRECTION('',(0.,0.,1.));
#3054 = ADVANCED_FACE('',(#3055),#3073,.F.);
#3055 = FACE_BOUND('',#3056,.F.);
#3056 = EDGE_LOOP('',(#3057,#3058,#3066,#3072));
#3057 = ORIENTED_EDGE('',*,*,#3043,.F.);
#3058 = ORIENTED_EDGE('',*,*,#3059,.T.);
#3059 = EDGE_CURVE('',#3036,#3060,#3062,.T.);
#3060 = VERTEX_POINT('',#3061);
#3061 = CARTESIAN_POINT('',(85.6,-26.,223.));
#3062 = LINE('',#3063,#3064);
#3063 = CARTESIAN_POINT('',(85.6,-35.495,223.));
#3064 = VECTOR('',#3065,1.);
#3065 = DIRECTION('',(0.,-1.,0.));
#3066 = ORIENTED_EDGE('',*,*,#3067,.T.);
#3067 = EDGE_CURVE('',#3060,#2469,#3068,.T.);
#3068 = LINE('',#3069,#3070);
#3069 = CARTESIAN_POINT('',(84.6,-26.,223.));
#3070 = VECTOR('',#3071,1.);
#3071 = DIRECTION('',(1.,0.,0.));
#3072 = ORIENTED_EDGE('',*,*,#2476,.F.);
#3073 = PLANE('',#3074);
#3074 = AXIS2_PLACEMENT_3D('',#3075,#3076,#3077);
#3075 = CARTESIAN_POINT('',(84.6,-26.,223.));
#3076 = DIRECTION('',(0.,0.,1.));
#3077 = DIRECTION('',(1.,0.,0.));
#3078 = ADVANCED_FACE('',(#3079),#3090,.T.);
#3079 = FACE_BOUND('',#3080,.T.);
#3080 = EDGE_LOOP('',(#3081,#3082,#3088,#3089));
#3081 = ORIENTED_EDGE('',*,*,#3019,.F.);
#3082 = ORIENTED_EDGE('',*,*,#3083,.T.);
#3083 = EDGE_CURVE('',#3012,#3060,#3084,.T.);
#3084 = LINE('',#3085,#3086);
#3085 = CARTESIAN_POINT('',(85.6,-26.,136.));
#3086 = VECTOR('',#3087,1.);
#3087 = DIRECTION('',(0.,0.,1.));
#3088 = ORIENTED_EDGE('',*,*,#3067,.T.);
#3089 = ORIENTED_EDGE('',*,*,#2468,.F.);
#3090 = PLANE('',#3091);
#3091 = AXIS2_PLACEMENT_3D('',#3092,#3093,#3094);
#3092 = CARTESIAN_POINT('',(84.6,-26.,214.));
#3093 = DIRECTION('',(0.,1.,0.));
#3094 = DIRECTION('',(0.,0.,1.));
#3095 = ADVANCED_FACE('',(#3096,#3130,#3141,#3152,#3163,#3169),#3180,.T.
  );
#3096 = FACE_BOUND('',#3097,.T.);
#3097 = EDGE_LOOP('',(#3098,#3108,#3116,#3124));
#3098 = ORIENTED_EDGE('',*,*,#3099,.F.);
#3099 = EDGE_CURVE('',#3100,#3102,#3104,.T.);
#3100 = VERTEX_POINT('',#3101);
#3101 = CARTESIAN_POINT('',(-85.6,-44.99,58.));
#3102 = VERTEX_POINT('',#3103);
#3103 = CARTESIAN_POINT('',(85.6,-44.99,58.));
#3104 = LINE('',#3105,#3106);
#3105 = CARTESIAN_POINT('',(-85.6,-44.99,58.));
#3106 = VECTOR('',#3107,1.);
#3107 = DIRECTION('',(1.,0.,0.));
#3108 = ORIENTED_EDGE('',*,*,#3109,.T.);
#3109 = EDGE_CURVE('',#3100,#3110,#3112,.T.);
#3110 = VERTEX_POINT('',#3111);
#3111 = CARTESIAN_POINT('',(-85.6,-44.99,228.));
#3112 = LINE('',#3113,#3114);
#3113 = CARTESIAN_POINT('',(-85.6,-44.99,58.));
#3114 = VECTOR('',#3115,1.);
#3115 = DIRECTION('',(0.,0.,1.));
#3116 = ORIENTED_EDGE('',*,*,#3117,.T.);
#3117 = EDGE_CURVE('',#3110,#3118,#3120,.T.);
#3118 = VERTEX_POINT('',#3119);
#3119 = CARTESIAN_POINT('',(85.6,-44.99,228.));
#3120 = LINE('',#3121,#3122);
#3121 = CARTESIAN_POINT('',(-85.6,-44.99,228.));
#3122 = VECTOR('',#3123,1.);
#3123 = DIRECTION('',(1.,0.,0.));
#3124 = ORIENTED_EDGE('',*,*,#3125,.F.);
#3125 = EDGE_CURVE('',#3102,#3118,#3126,.T.);
#3126 = LINE('',#3127,#3128);
#3127 = CARTESIAN_POINT('',(85.6,-44.99,58.));
#3128 = VECTOR('',#3129,1.);
#3129 = DIRECTION('',(0.,0.,1.));
#3130 = FACE_BOUND('',#3131,.T.);
#3131 = EDGE_LOOP('',(#3132));
#3132 = ORIENTED_EDGE('',*,*,#3133,.F.);
#3133 = EDGE_CURVE('',#3134,#3134,#3136,.T.);
#3134 = VERTEX_POINT('',#3135);
#3135 = CARTESIAN_POINT('',(-45.,-44.99,178.2));
#3136 = CIRCLE('',#3137,2.2);
#3137 = AXIS2_PLACEMENT_3D('',#3138,#3139,#3140);
#3138 = CARTESIAN_POINT('',(-45.,-44.99,176.));
#3139 = DIRECTION('',(0.,1.,0.));
#3140 = DIRECTION('',(0.,0.,1.));
#3141 = FACE_BOUND('',#3142,.T.);
#3142 = EDGE_LOOP('',(#3143));
#3143 = ORIENTED_EDGE('',*,*,#3144,.F.);
#3144 = EDGE_CURVE('',#3145,#3145,#3147,.T.);
#3145 = VERTEX_POINT('',#3146);
#3146 = CARTESIAN_POINT('',(-45.,-44.99,208.2));
#3147 = CIRCLE('',#3148,2.2);
#3148 = AXIS2_PLACEMENT_3D('',#3149,#3150,#3151);
#3149 = CARTESIAN_POINT('',(-45.,-44.99,206.));
#3150 = DIRECTION('',(0.,1.,0.));
#3151 = DIRECTION('',(0.,0.,1.));
#3152 = FACE_BOUND('',#3153,.T.);
#3153 = EDGE_LOOP('',(#3154));
#3154 = ORIENTED_EDGE('',*,*,#3155,.F.);
#3155 = EDGE_CURVE('',#3156,#3156,#3158,.T.);
#3156 = VERTEX_POINT('',#3157);
#3157 = CARTESIAN_POINT('',(7.,-44.99,178.2));
#3158 = CIRCLE('',#3159,2.2);
#3159 = AXIS2_PLACEMENT_3D('',#3160,#3161,#3162);
#3160 = CARTESIAN_POINT('',(7.,-44.99,176.));
#3161 = DIRECTION('',(0.,1.,0.));
#3162 = DIRECTION('',(0.,0.,1.));
#3163 = FACE_BOUND('',#3164,.T.);
#3164 = EDGE_LOOP('',(#3165,#3166,#3167,#3168));
#3165 = ORIENTED_EDGE('',*,*,#2515,.F.);
#3166 = ORIENTED_EDGE('',*,*,#2580,.T.);
#3167 = ORIENTED_EDGE('',*,*,#2563,.T.);
#3168 = ORIENTED_EDGE('',*,*,#2539,.F.);
#3169 = FACE_BOUND('',#3170,.T.);
#3170 = EDGE_LOOP('',(#3171));
#3171 = ORIENTED_EDGE('',*,*,#3172,.F.);
#3172 = EDGE_CURVE('',#3173,#3173,#3175,.T.);
#3173 = VERTEX_POINT('',#3174);
#3174 = CARTESIAN_POINT('',(7.,-44.99,208.2));
#3175 = CIRCLE('',#3176,2.2);
#3176 = AXIS2_PLACEMENT_3D('',#3177,#3178,#3179);
#3177 = CARTESIAN_POINT('',(7.,-44.99,206.));
#3178 = DIRECTION('',(0.,1.,0.));
#3179 = DIRECTION('',(0.,0.,1.));
#3180 = PLANE('',#3181);
#3181 = AXIS2_PLACEMENT_3D('',#3182,#3183,#3184);
#3182 = CARTESIAN_POINT('',(-85.6,-44.99,58.));
#3183 = DIRECTION('',(0.,1.,0.));
#3184 = DIRECTION('',(0.,0.,1.));
#3185 = ADVANCED_FACE('',(#3186,#3211,#3214,#3225,#3236,#3247,#3258,
    #3269,#3280,#3291),#3302,.F.);
#3186 = FACE_BOUND('',#3187,.F.);
#3187 = EDGE_LOOP('',(#3188,#3196,#3197,#3205));
#3188 = ORIENTED_EDGE('',*,*,#3189,.F.);
#3189 = EDGE_CURVE('',#3110,#3190,#3192,.T.);
#3190 = VERTEX_POINT('',#3191);
#3191 = CARTESIAN_POINT('',(-85.6,56.6,228.));
#3192 = LINE('',#3193,#3194);
#3193 = CARTESIAN_POINT('',(-85.6,-44.99,228.));
#3194 = VECTOR('',#3195,1.);
#3195 = DIRECTION('',(0.,1.,0.));
#3196 = ORIENTED_EDGE('',*,*,#3117,.T.);
#3197 = ORIENTED_EDGE('',*,*,#3198,.T.);
#3198 = EDGE_CURVE('',#3118,#3199,#3201,.T.);
#3199 = VERTEX_POINT('',#3200);
#3200 = CARTESIAN_POINT('',(85.6,56.6,228.));
#3201 = LINE('',#3202,#3203);
#3202 = CARTESIAN_POINT('',(85.6,-44.99,228.));
#3203 = VECTOR('',#3204,1.);
#3204 = DIRECTION('',(0.,1.,0.));
#3205 = ORIENTED_EDGE('',*,*,#3206,.F.);
#3206 = EDGE_CURVE('',#3190,#3199,#3207,.T.);
#3207 = LINE('',#3208,#3209);
#3208 = CARTESIAN_POINT('',(-85.6,56.6,228.));
#3209 = VECTOR('',#3210,1.);
#3210 = DIRECTION('',(1.,0.,0.));
#3211 = FACE_BOUND('',#3212,.F.);
#3212 = EDGE_LOOP('',(#3213));
#3213 = ORIENTED_EDGE('',*,*,#2603,.F.);
#3214 = FACE_BOUND('',#3215,.F.);
#3215 = EDGE_LOOP('',(#3216));
#3216 = ORIENTED_EDGE('',*,*,#3217,.F.);
#3217 = EDGE_CURVE('',#3218,#3218,#3220,.T.);
#3218 = VERTEX_POINT('',#3219);
#3219 = CARTESIAN_POINT('',(-12.,-15.,228.));
#3220 = CIRCLE('',#3221,3.);
#3221 = AXIS2_PLACEMENT_3D('',#3222,#3223,#3224);
#3222 = CARTESIAN_POINT('',(-15.,-15.,228.));
#3223 = DIRECTION('',(0.,0.,1.));
#3224 = DIRECTION('',(1.,0.,0.));
#3225 = FACE_BOUND('',#3226,.F.);
#3226 = EDGE_LOOP('',(#3227));
#3227 = ORIENTED_EDGE('',*,*,#3228,.F.);
#3228 = EDGE_CURVE('',#3229,#3229,#3231,.T.);
#3229 = VERTEX_POINT('',#3230);
#3230 = CARTESIAN_POINT('',(26.5,-26.5,228.));
#3231 = CIRCLE('',#3232,3.);
#3232 = AXIS2_PLACEMENT_3D('',#3233,#3234,#3235);
#3233 = CARTESIAN_POINT('',(23.5,-26.5,228.));
#3234 = DIRECTION('',(0.,0.,1.));
#3235 = DIRECTION('',(1.,0.,0.));
#3236 = FACE_BOUND('',#3237,.F.);
#3237 = EDGE_LOOP('',(#3238));
#3238 = ORIENTED_EDGE('',*,*,#3239,.F.);
#3239 = EDGE_CURVE('',#3240,#3240,#3242,.T.);
#3240 = VERTEX_POINT('',#3241);
#3241 = CARTESIAN_POINT('',(18.,-15.,228.));
#3242 = CIRCLE('',#3243,3.);
#3243 = AXIS2_PLACEMENT_3D('',#3244,#3245,#3246);
#3244 = CARTESIAN_POINT('',(15.,-15.,228.));
#3245 = DIRECTION('',(0.,0.,1.));
#3246 = DIRECTION('',(1.,0.,0.));
#3247 = FACE_BOUND('',#3248,.F.);
#3248 = EDGE_LOOP('',(#3249));
#3249 = ORIENTED_EDGE('',*,*,#3250,.F.);
#3250 = EDGE_CURVE('',#3251,#3251,#3253,.T.);
#3251 = VERTEX_POINT('',#3252);
#3252 = CARTESIAN_POINT('',(75.5,-26.5,228.));
#3253 = CIRCLE('',#3254,3.);
#3254 = AXIS2_PLACEMENT_3D('',#3255,#3256,#3257);
#3255 = CARTESIAN_POINT('',(72.5,-26.5,228.));
#3256 = DIRECTION('',(0.,0.,1.));
#3257 = DIRECTION('',(1.,0.,0.));
#3258 = FACE_BOUND('',#3259,.F.);
#3259 = EDGE_LOOP('',(#3260));
#3260 = ORIENTED_EDGE('',*,*,#3261,.F.);
#3261 = EDGE_CURVE('',#3262,#3262,#3264,.T.);
#3262 = VERTEX_POINT('',#3263);
#3263 = CARTESIAN_POINT('',(-12.,15.,228.));
#3264 = CIRCLE('',#3265,3.);
#3265 = AXIS2_PLACEMENT_3D('',#3266,#3267,#3268);
#3266 = CARTESIAN_POINT('',(-15.,15.,228.));
#3267 = DIRECTION('',(0.,0.,1.));
#3268 = DIRECTION('',(1.,0.,0.));
#3269 = FACE_BOUND('',#3270,.F.);
#3270 = EDGE_LOOP('',(#3271));
#3271 = ORIENTED_EDGE('',*,*,#3272,.F.);
#3272 = EDGE_CURVE('',#3273,#3273,#3275,.T.);
#3273 = VERTEX_POINT('',#3274);
#3274 = CARTESIAN_POINT('',(18.,15.,228.));
#3275 = CIRCLE('',#3276,3.);
#3276 = AXIS2_PLACEMENT_3D('',#3277,#3278,#3279);
#3277 = CARTESIAN_POINT('',(15.,15.,228.));
#3278 = DIRECTION('',(0.,0.,1.));
#3279 = DIRECTION('',(1.,0.,0.));
#3280 = FACE_BOUND('',#3281,.F.);
#3281 = EDGE_LOOP('',(#3282));
#3282 = ORIENTED_EDGE('',*,*,#3283,.F.);
#3283 = EDGE_CURVE('',#3284,#3284,#3286,.T.);
#3284 = VERTEX_POINT('',#3285);
#3285 = CARTESIAN_POINT('',(26.5,31.5,228.));
#3286 = CIRCLE('',#3287,3.);
#3287 = AXIS2_PLACEMENT_3D('',#3288,#3289,#3290);
#3288 = CARTESIAN_POINT('',(23.5,31.5,228.));
#3289 = DIRECTION('',(0.,0.,1.));
#3290 = DIRECTION('',(1.,0.,0.));
#3291 = FACE_BOUND('',#3292,.F.);
#3292 = EDGE_LOOP('',(#3293));
#3293 = ORIENTED_EDGE('',*,*,#3294,.F.);
#3294 = EDGE_CURVE('',#3295,#3295,#3297,.T.);
#3295 = VERTEX_POINT('',#3296);
#3296 = CARTESIAN_POINT('',(75.5,31.5,228.));
#3297 = CIRCLE('',#3298,3.);
#3298 = AXIS2_PLACEMENT_3D('',#3299,#3300,#3301);
#3299 = CARTESIAN_POINT('',(72.5,31.5,228.));
#3300 = DIRECTION('',(0.,0.,1.));
#3301 = DIRECTION('',(1.,0.,0.));
#3302 = PLANE('',#3303);
#3303 = AXIS2_PLACEMENT_3D('',#3304,#3305,#3306);
#3304 = CARTESIAN_POINT('',(-85.6,-44.99,228.));
#3305 = DIRECTION('',(0.,0.,1.));
#3306 = DIRECTION('',(1.,0.,0.));
#3307 = ADVANCED_FACE('',(#3308,#3333,#3339,#3345),#3351,.F.);
#3308 = FACE_BOUND('',#3309,.F.);
#3309 = EDGE_LOOP('',(#3310,#3320,#3326,#3327));
#3310 = ORIENTED_EDGE('',*,*,#3311,.F.);
#3311 = EDGE_CURVE('',#3312,#3314,#3316,.T.);
#3312 = VERTEX_POINT('',#3313);
#3313 = CARTESIAN_POINT('',(-85.6,56.6,58.));
#3314 = VERTEX_POINT('',#3315);
#3315 = CARTESIAN_POINT('',(85.6,56.6,58.));
#3316 = LINE('',#3317,#3318);
#3317 = CARTESIAN_POINT('',(-85.6,56.6,58.));
#3318 = VECTOR('',#3319,1.);
#3319 = DIRECTION('',(1.,0.,0.));
#3320 = ORIENTED_EDGE('',*,*,#3321,.T.);
#3321 = EDGE_CURVE('',#3312,#3190,#3322,.T.);
#3322 = LINE('',#3323,#3324);
#3323 = CARTESIAN_POINT('',(-85.6,56.6,58.));
#3324 = VECTOR('',#3325,1.);
#3325 = DIRECTION('',(0.,0.,1.));
#3326 = ORIENTED_EDGE('',*,*,#3206,.T.);
#3327 = ORIENTED_EDGE('',*,*,#3328,.F.);
#3328 = EDGE_CURVE('',#3314,#3199,#3329,.T.);
#3329 = LINE('',#3330,#3331);
#3330 = CARTESIAN_POINT('',(85.6,56.6,58.));
#3331 = VECTOR('',#3332,1.);
#3332 = DIRECTION('',(0.,0.,1.));
#3333 = FACE_BOUND('',#3334,.F.);
#3334 = EDGE_LOOP('',(#3335,#3336,#3337,#3338));
#3335 = ORIENTED_EDGE('',*,*,#2627,.F.);
#3336 = ORIENTED_EDGE('',*,*,#2651,.T.);
#3337 = ORIENTED_EDGE('',*,*,#2699,.T.);
#3338 = ORIENTED_EDGE('',*,*,#2675,.F.);
#3339 = FACE_BOUND('',#3340,.F.);
#3340 = EDGE_LOOP('',(#3341,#3342,#3343,#3344));
#3341 = ORIENTED_EDGE('',*,*,#2723,.F.);
#3342 = ORIENTED_EDGE('',*,*,#2747,.T.);
#3343 = ORIENTED_EDGE('',*,*,#2795,.T.);
#3344 = ORIENTED_EDGE('',*,*,#2771,.F.);
#3345 = FACE_BOUND('',#3346,.F.);
#3346 = EDGE_LOOP('',(#3347,#3348,#3349,#3350));
#3347 = ORIENTED_EDGE('',*,*,#2819,.F.);
#3348 = ORIENTED_EDGE('',*,*,#2891,.T.);
#3349 = ORIENTED_EDGE('',*,*,#2874,.T.);
#3350 = ORIENTED_EDGE('',*,*,#2843,.F.);
#3351 = PLANE('',#3352);
#3352 = AXIS2_PLACEMENT_3D('',#3353,#3354,#3355);
#3353 = CARTESIAN_POINT('',(-85.6,56.6,58.));
#3354 = DIRECTION('',(0.,1.,0.));
#3355 = DIRECTION('',(0.,0.,1.));
#3356 = ADVANCED_FACE('',(#3357,#3373),#3379,.T.);
#3357 = FACE_BOUND('',#3358,.T.);
#3358 = EDGE_LOOP('',(#3359,#3365,#3366,#3372));
#3359 = ORIENTED_EDGE('',*,*,#3360,.F.);
#3360 = EDGE_CURVE('',#3100,#3312,#3361,.T.);
#3361 = LINE('',#3362,#3363);
#3362 = CARTESIAN_POINT('',(-85.6,-44.99,58.));
#3363 = VECTOR('',#3364,1.);
#3364 = DIRECTION('',(0.,1.,0.));
#3365 = ORIENTED_EDGE('',*,*,#3099,.T.);
#3366 = ORIENTED_EDGE('',*,*,#3367,.T.);
#3367 = EDGE_CURVE('',#3102,#3314,#3368,.T.);
#3368 = LINE('',#3369,#3370);
#3369 = CARTESIAN_POINT('',(85.6,-44.99,58.));
#3370 = VECTOR('',#3371,1.);
#3371 = DIRECTION('',(0.,1.,0.));
#3372 = ORIENTED_EDGE('',*,*,#3311,.F.);
#3373 = FACE_BOUND('',#3374,.T.);
#3374 = EDGE_LOOP('',(#3375,#3376,#3377,#3378));
#3375 = ORIENTED_EDGE('',*,*,#2924,.T.);
#3376 = ORIENTED_EDGE('',*,*,#2989,.T.);
#3377 = ORIENTED_EDGE('',*,*,#2972,.F.);
#3378 = ORIENTED_EDGE('',*,*,#2948,.F.);
#3379 = PLANE('',#3380);
#3380 = AXIS2_PLACEMENT_3D('',#3381,#3382,#3383);
#3381 = CARTESIAN_POINT('',(-85.6,-44.99,58.));
#3382 = DIRECTION('',(0.,0.,1.));
#3383 = DIRECTION('',(1.,0.,0.));
#3384 = ADVANCED_FACE('',(#3385,#3391),#3397,.F.);
#3385 = FACE_BOUND('',#3386,.F.);
#3386 = EDGE_LOOP('',(#3387,#3388,#3389,#3390));
#3387 = ORIENTED_EDGE('',*,*,#3125,.F.);
#3388 = ORIENTED_EDGE('',*,*,#3367,.T.);
#3389 = ORIENTED_EDGE('',*,*,#3328,.T.);
#3390 = ORIENTED_EDGE('',*,*,#3198,.F.);
#3391 = FACE_BOUND('',#3392,.F.);
#3392 = EDGE_LOOP('',(#3393,#3394,#3395,#3396));
#3393 = ORIENTED_EDGE('',*,*,#3011,.T.);
#3394 = ORIENTED_EDGE('',*,*,#3083,.T.);
#3395 = ORIENTED_EDGE('',*,*,#3059,.F.);
#3396 = ORIENTED_EDGE('',*,*,#3035,.F.);
#3397 = PLANE('',#3398);
#3398 = AXIS2_PLACEMENT_3D('',#3399,#3400,#3401);
#3399 = CARTESIAN_POINT('',(85.6,-44.99,58.));
#3400 = DIRECTION('',(1.,0.,0.));
#3401 = DIRECTION('',(0.,0.,1.));
#3402 = ADVANCED_FACE('',(#3403),#3409,.T.);
#3403 = FACE_BOUND('',#3404,.T.);
#3404 = EDGE_LOOP('',(#3405,#3406,#3407,#3408));
#3405 = ORIENTED_EDGE('',*,*,#3109,.F.);
#3406 = ORIENTED_EDGE('',*,*,#3360,.T.);
#3407 = ORIENTED_EDGE('',*,*,#3321,.T.);
#3408 = ORIENTED_EDGE('',*,*,#3189,.F.);
#3409 = PLANE('',#3410);
#3410 = AXIS2_PLACEMENT_3D('',#3411,#3412,#3413);
#3411 = CARTESIAN_POINT('',(-85.6,-44.99,58.));
#3412 = DIRECTION('',(1.,0.,0.));
#3413 = DIRECTION('',(0.,0.,1.));
#3414 = ADVANCED_FACE('',(#3415),#3434,.T.);
#3415 = FACE_BOUND('',#3416,.T.);
#3416 = EDGE_LOOP('',(#3417,#3426,#3432,#3433));
#3417 = ORIENTED_EDGE('',*,*,#3418,.F.);
#3418 = EDGE_CURVE('',#3419,#3419,#3421,.T.);
#3419 = VERTEX_POINT('',#3420);
#3420 = CARTESIAN_POINT('',(-45.,-39.99,178.2));
#3421 = CIRCLE('',#3422,2.2);
#3422 = AXIS2_PLACEMENT_3D('',#3423,#3424,#3425);
#3423 = CARTESIAN_POINT('',(-45.,-39.99,176.));
#3424 = DIRECTION('',(0.,1.,0.));
#3425 = DIRECTION('',(0.,0.,1.));
#3426 = ORIENTED_EDGE('',*,*,#3427,.F.);
#3427 = EDGE_CURVE('',#3134,#3419,#3428,.T.);
#3428 = LINE('',#3429,#3430);
#3429 = CARTESIAN_POINT('',(-45.,-44.99,178.2));
#3430 = VECTOR('',#3431,1.);
#3431 = DIRECTION('',(0.,1.,0.));
#3432 = ORIENTED_EDGE('',*,*,#3133,.T.);
#3433 = ORIENTED_EDGE('',*,*,#3427,.T.);
#3434 = CYLINDRICAL_SURFACE('',#3435,2.2);
#3435 = AXIS2_PLACEMENT_3D('',#3436,#3437,#3438);
#3436 = CARTESIAN_POINT('',(-45.,-44.99,176.));
#3437 = DIRECTION('',(0.,1.,0.));
#3438 = DIRECTION('',(0.,0.,1.));
#3439 = ADVANCED_FACE('',(#3440),#3459,.T.);
#3440 = FACE_BOUND('',#3441,.T.);
#3441 = EDGE_LOOP('',(#3442,#3451,#3457,#3458));
#3442 = ORIENTED_EDGE('',*,*,#3443,.F.);
#3443 = EDGE_CURVE('',#3444,#3444,#3446,.T.);
#3444 = VERTEX_POINT('',#3445);
#3445 = CARTESIAN_POINT('',(-45.,-39.99,208.2));
#3446 = CIRCLE('',#3447,2.2);
#3447 = AXIS2_PLACEMENT_3D('',#3448,#3449,#3450);
#3448 = CARTESIAN_POINT('',(-45.,-39.99,206.));
#3449 = DIRECTION('',(0.,1.,0.));
#3450 = DIRECTION('',(0.,0.,1.));
#3451 = ORIENTED_EDGE('',*,*,#3452,.F.);
#3452 = EDGE_CURVE('',#3145,#3444,#3453,.T.);
#3453 = LINE('',#3454,#3455);
#3454 = CARTESIAN_POINT('',(-45.,-44.99,208.2));
#3455 = VECTOR('',#3456,1.);
#3456 = DIRECTION('',(0.,1.,0.));
#3457 = ORIENTED_EDGE('',*,*,#3144,.T.);
#3458 = ORIENTED_EDGE('',*,*,#3452,.T.);
#3459 = CYLINDRICAL_SURFACE('',#3460,2.2);
#3460 = AXIS2_PLACEMENT_3D('',#3461,#3462,#3463);
#3461 = CARTESIAN_POINT('',(-45.,-44.99,206.));
#3462 = DIRECTION('',(0.,1.,0.));
#3463 = DIRECTION('',(0.,0.,1.));
#3464 = ADVANCED_FACE('',(#3465),#3484,.T.);
#3465 = FACE_BOUND('',#3466,.T.);
#3466 = EDGE_LOOP('',(#3467,#3476,#3482,#3483));
#3467 = ORIENTED_EDGE('',*,*,#3468,.F.);
#3468 = EDGE_CURVE('',#3469,#3469,#3471,.T.);
#3469 = VERTEX_POINT('',#3470);
#3470 = CARTESIAN_POINT('',(7.,-39.99,178.2));
#3471 = CIRCLE('',#3472,2.2);
#3472 = AXIS2_PLACEMENT_3D('',#3473,#3474,#3475);
#3473 = CARTESIAN_POINT('',(7.,-39.99,176.));
#3474 = DIRECTION('',(0.,1.,0.));
#3475 = DIRECTION('',(0.,0.,1.));
#3476 = ORIENTED_EDGE('',*,*,#3477,.F.);
#3477 = EDGE_CURVE('',#3156,#3469,#3478,.T.);
#3478 = LINE('',#3479,#3480);
#3479 = CARTESIAN_POINT('',(7.,-44.99,178.2));
#3480 = VECTOR('',#3481,1.);
#3481 = DIRECTION('',(0.,1.,0.));
#3482 = ORIENTED_EDGE('',*,*,#3155,.T.);
#3483 = ORIENTED_EDGE('',*,*,#3477,.T.);
#3484 = CYLINDRICAL_SURFACE('',#3485,2.2);
#3485 = AXIS2_PLACEMENT_3D('',#3486,#3487,#3488);
#3486 = CARTESIAN_POINT('',(7.,-44.99,176.));
#3487 = DIRECTION('',(0.,1.,0.));
#3488 = DIRECTION('',(0.,0.,1.));
#3489 = ADVANCED_FACE('',(#3490),#3509,.T.);
#3490 = FACE_BOUND('',#3491,.T.);
#3491 = EDGE_LOOP('',(#3492,#3501,#3507,#3508));
#3492 = ORIENTED_EDGE('',*,*,#3493,.F.);
#3493 = EDGE_CURVE('',#3494,#3494,#3496,.T.);
#3494 = VERTEX_POINT('',#3495);
#3495 = CARTESIAN_POINT('',(7.,-39.99,208.2));
#3496 = CIRCLE('',#3497,2.2);
#3497 = AXIS2_PLACEMENT_3D('',#3498,#3499,#3500);
#3498 = CARTESIAN_POINT('',(7.,-39.99,206.));
#3499 = DIRECTION('',(0.,1.,0.));
#3500 = DIRECTION('',(0.,0.,1.));
#3501 = ORIENTED_EDGE('',*,*,#3502,.F.);
#3502 = EDGE_CURVE('',#3173,#3494,#3503,.T.);
#3503 = LINE('',#3504,#3505);
#3504 = CARTESIAN_POINT('',(7.,-44.99,208.2));
#3505 = VECTOR('',#3506,1.);
#3506 = DIRECTION('',(0.,1.,0.));
#3507 = ORIENTED_EDGE('',*,*,#3172,.T.);
#3508 = ORIENTED_EDGE('',*,*,#3502,.T.);
#3509 = CYLINDRICAL_SURFACE('',#3510,2.2);
#3510 = AXIS2_PLACEMENT_3D('',#3511,#3512,#3513);
#3511 = CARTESIAN_POINT('',(7.,-44.99,206.));
#3512 = DIRECTION('',(0.,1.,0.));
#3513 = DIRECTION('',(0.,0.,1.));
#3514 = ADVANCED_FACE('',(#3515),#3534,.T.);
#3515 = FACE_BOUND('',#3516,.T.);
#3516 = EDGE_LOOP('',(#3517,#3518,#3526,#3533));
#3517 = ORIENTED_EDGE('',*,*,#3217,.F.);
#3518 = ORIENTED_EDGE('',*,*,#3519,.F.);
#3519 = EDGE_CURVE('',#3520,#3218,#3522,.T.);
#3520 = VERTEX_POINT('',#3521);
#3521 = CARTESIAN_POINT('',(-12.,-15.,220.));
#3522 = LINE('',#3523,#3524);
#3523 = CARTESIAN_POINT('',(-12.,-15.,220.));
#3524 = VECTOR('',#3525,1.);
#3525 = DIRECTION('',(0.,0.,1.));
#3526 = ORIENTED_EDGE('',*,*,#3527,.T.);
#3527 = EDGE_CURVE('',#3520,#3520,#3528,.T.);
#3528 = CIRCLE('',#3529,3.);
#3529 = AXIS2_PLACEMENT_3D('',#3530,#3531,#3532);
#3530 = CARTESIAN_POINT('',(-15.,-15.,220.));
#3531 = DIRECTION('',(0.,0.,1.));
#3532 = DIRECTION('',(1.,0.,0.));
#3533 = ORIENTED_EDGE('',*,*,#3519,.T.);
#3534 = CYLINDRICAL_SURFACE('',#3535,3.);
#3535 = AXIS2_PLACEMENT_3D('',#3536,#3537,#3538);
#3536 = CARTESIAN_POINT('',(-15.,-15.,220.));
#3537 = DIRECTION('',(0.,0.,1.));
#3538 = DIRECTION('',(1.,0.,0.));
#3539 = ADVANCED_FACE('',(#3540),#3559,.T.);
#3540 = FACE_BOUND('',#3541,.T.);
#3541 = EDGE_LOOP('',(#3542,#3543,#3551,#3558));
#3542 = ORIENTED_EDGE('',*,*,#3228,.F.);
#3543 = ORIENTED_EDGE('',*,*,#3544,.F.);
#3544 = EDGE_CURVE('',#3545,#3229,#3547,.T.);
#3545 = VERTEX_POINT('',#3546);
#3546 = CARTESIAN_POINT('',(26.5,-26.5,220.));
#3547 = LINE('',#3548,#3549);
#3548 = CARTESIAN_POINT('',(26.5,-26.5,220.));
#3549 = VECTOR('',#3550,1.);
#3550 = DIRECTION('',(0.,0.,1.));
#3551 = ORIENTED_EDGE('',*,*,#3552,.T.);
#3552 = EDGE_CURVE('',#3545,#3545,#3553,.T.);
#3553 = CIRCLE('',#3554,3.);
#3554 = AXIS2_PLACEMENT_3D('',#3555,#3556,#3557);
#3555 = CARTESIAN_POINT('',(23.5,-26.5,220.));
#3556 = DIRECTION('',(0.,0.,1.));
#3557 = DIRECTION('',(1.,0.,0.));
#3558 = ORIENTED_EDGE('',*,*,#3544,.T.);
#3559 = CYLINDRICAL_SURFACE('',#3560,3.);
#3560 = AXIS2_PLACEMENT_3D('',#3561,#3562,#3563);
#3561 = CARTESIAN_POINT('',(23.5,-26.5,220.));
#3562 = DIRECTION('',(0.,0.,1.));
#3563 = DIRECTION('',(1.,0.,0.));
#3564 = ADVANCED_FACE('',(#3565),#3584,.T.);
#3565 = FACE_BOUND('',#3566,.T.);
#3566 = EDGE_LOOP('',(#3567,#3568,#3576,#3583));
#3567 = ORIENTED_EDGE('',*,*,#3239,.F.);
#3568 = ORIENTED_EDGE('',*,*,#3569,.F.);
#3569 = EDGE_CURVE('',#3570,#3240,#3572,.T.);
#3570 = VERTEX_POINT('',#3571);
#3571 = CARTESIAN_POINT('',(18.,-15.,220.));
#3572 = LINE('',#3573,#3574);
#3573 = CARTESIAN_POINT('',(18.,-15.,220.));
#3574 = VECTOR('',#3575,1.);
#3575 = DIRECTION('',(0.,0.,1.));
#3576 = ORIENTED_EDGE('',*,*,#3577,.T.);
#3577 = EDGE_CURVE('',#3570,#3570,#3578,.T.);
#3578 = CIRCLE('',#3579,3.);
#3579 = AXIS2_PLACEMENT_3D('',#3580,#3581,#3582);
#3580 = CARTESIAN_POINT('',(15.,-15.,220.));
#3581 = DIRECTION('',(0.,0.,1.));
#3582 = DIRECTION('',(1.,0.,0.));
#3583 = ORIENTED_EDGE('',*,*,#3569,.T.);
#3584 = CYLINDRICAL_SURFACE('',#3585,3.);
#3585 = AXIS2_PLACEMENT_3D('',#3586,#3587,#3588);
#3586 = CARTESIAN_POINT('',(15.,-15.,220.));
#3587 = DIRECTION('',(0.,0.,1.));
#3588 = DIRECTION('',(1.,0.,0.));
#3589 = ADVANCED_FACE('',(#3590),#3609,.T.);
#3590 = FACE_BOUND('',#3591,.T.);
#3591 = EDGE_LOOP('',(#3592,#3593,#3601,#3608));
#3592 = ORIENTED_EDGE('',*,*,#3250,.F.);
#3593 = ORIENTED_EDGE('',*,*,#3594,.F.);
#3594 = EDGE_CURVE('',#3595,#3251,#3597,.T.);
#3595 = VERTEX_POINT('',#3596);
#3596 = CARTESIAN_POINT('',(75.5,-26.5,220.));
#3597 = LINE('',#3598,#3599);
#3598 = CARTESIAN_POINT('',(75.5,-26.5,220.));
#3599 = VECTOR('',#3600,1.);
#3600 = DIRECTION('',(0.,0.,1.));
#3601 = ORIENTED_EDGE('',*,*,#3602,.T.);
#3602 = EDGE_CURVE('',#3595,#3595,#3603,.T.);
#3603 = CIRCLE('',#3604,3.);
#3604 = AXIS2_PLACEMENT_3D('',#3605,#3606,#3607);
#3605 = CARTESIAN_POINT('',(72.5,-26.5,220.));
#3606 = DIRECTION('',(0.,0.,1.));
#3607 = DIRECTION('',(1.,0.,0.));
#3608 = ORIENTED_EDGE('',*,*,#3594,.T.);
#3609 = CYLINDRICAL_SURFACE('',#3610,3.);
#3610 = AXIS2_PLACEMENT_3D('',#3611,#3612,#3613);
#3611 = CARTESIAN_POINT('',(72.5,-26.5,220.));
#3612 = DIRECTION('',(0.,0.,1.));
#3613 = DIRECTION('',(1.,0.,0.));
#3614 = ADVANCED_FACE('',(#3615),#3634,.T.);
#3615 = FACE_BOUND('',#3616,.T.);
#3616 = EDGE_LOOP('',(#3617,#3618,#3626,#3633));
#3617 = ORIENTED_EDGE('',*,*,#3261,.F.);
#3618 = ORIENTED_EDGE('',*,*,#3619,.F.);
#3619 = EDGE_CURVE('',#3620,#3262,#3622,.T.);
#3620 = VERTEX_POINT('',#3621);
#3621 = CARTESIAN_POINT('',(-12.,15.,220.));
#3622 = LINE('',#3623,#3624);
#3623 = CARTESIAN_POINT('',(-12.,15.,220.));
#3624 = VECTOR('',#3625,1.);
#3625 = DIRECTION('',(0.,0.,1.));
#3626 = ORIENTED_EDGE('',*,*,#3627,.T.);
#3627 = EDGE_CURVE('',#3620,#3620,#3628,.T.);
#3628 = CIRCLE('',#3629,3.);
#3629 = AXIS2_PLACEMENT_3D('',#3630,#3631,#3632);
#3630 = CARTESIAN_POINT('',(-15.,15.,220.));
#3631 = DIRECTION('',(0.,0.,1.));
#3632 = DIRECTION('',(1.,0.,0.));
#3633 = ORIENTED_EDGE('',*,*,#3619,.T.);
#3634 = CYLINDRICAL_SURFACE('',#3635,3.);
#3635 = AXIS2_PLACEMENT_3D('',#3636,#3637,#3638);
#3636 = CARTESIAN_POINT('',(-15.,15.,220.));
#3637 = DIRECTION('',(0.,0.,1.));
#3638 = DIRECTION('',(1.,0.,0.));
#3639 = ADVANCED_FACE('',(#3640),#3659,.T.);
#3640 = FACE_BOUND('',#3641,.T.);
#3641 = EDGE_LOOP('',(#3642,#3643,#3651,#3658));
#3642 = ORIENTED_EDGE('',*,*,#3272,.F.);
#3643 = ORIENTED_EDGE('',*,*,#3644,.F.);
#3644 = EDGE_CURVE('',#3645,#3273,#3647,.T.);
#3645 = VERTEX_POINT('',#3646);
#3646 = CARTESIAN_POINT('',(18.,15.,220.));
#3647 = LINE('',#3648,#3649);
#3648 = CARTESIAN_POINT('',(18.,15.,220.));
#3649 = VECTOR('',#3650,1.);
#3650 = DIRECTION('',(0.,0.,1.));
#3651 = ORIENTED_EDGE('',*,*,#3652,.T.);
#3652 = EDGE_CURVE('',#3645,#3645,#3653,.T.);
#3653 = CIRCLE('',#3654,3.);
#3654 = AXIS2_PLACEMENT_3D('',#3655,#3656,#3657);
#3655 = CARTESIAN_POINT('',(15.,15.,220.));
#3656 = DIRECTION('',(0.,0.,1.));
#3657 = DIRECTION('',(1.,0.,0.));
#3658 = ORIENTED_EDGE('',*,*,#3644,.T.);
#3659 = CYLINDRICAL_SURFACE('',#3660,3.);
#3660 = AXIS2_PLACEMENT_3D('',#3661,#3662,#3663);
#3661 = CARTESIAN_POINT('',(15.,15.,220.));
#3662 = DIRECTION('',(0.,0.,1.));
#3663 = DIRECTION('',(1.,0.,0.));
#3664 = ADVANCED_FACE('',(#3665),#3684,.T.);
#3665 = FACE_BOUND('',#3666,.T.);
#3666 = EDGE_LOOP('',(#3667,#3668,#3676,#3683));
#3667 = ORIENTED_EDGE('',*,*,#3283,.F.);
#3668 = ORIENTED_EDGE('',*,*,#3669,.F.);
#3669 = EDGE_CURVE('',#3670,#3284,#3672,.T.);
#3670 = VERTEX_POINT('',#3671);
#3671 = CARTESIAN_POINT('',(26.5,31.5,220.));
#3672 = LINE('',#3673,#3674);
#3673 = CARTESIAN_POINT('',(26.5,31.5,220.));
#3674 = VECTOR('',#3675,1.);
#3675 = DIRECTION('',(0.,0.,1.));
#3676 = ORIENTED_EDGE('',*,*,#3677,.T.);
#3677 = EDGE_CURVE('',#3670,#3670,#3678,.T.);
#3678 = CIRCLE('',#3679,3.);
#3679 = AXIS2_PLACEMENT_3D('',#3680,#3681,#3682);
#3680 = CARTESIAN_POINT('',(23.5,31.5,220.));
#3681 = DIRECTION('',(0.,0.,1.));
#3682 = DIRECTION('',(1.,0.,0.));
#3683 = ORIENTED_EDGE('',*,*,#3669,.T.);
#3684 = CYLINDRICAL_SURFACE('',#3685,3.);
#3685 = AXIS2_PLACEMENT_3D('',#3686,#3687,#3688);
#3686 = CARTESIAN_POINT('',(23.5,31.5,220.));
#3687 = DIRECTION('',(0.,0.,1.));
#3688 = DIRECTION('',(1.,0.,0.));
#3689 = ADVANCED_FACE('',(#3690),#3709,.T.);
#3690 = FACE_BOUND('',#3691,.T.);
#3691 = EDGE_LOOP('',(#3692,#3693,#3701,#3708));
#3692 = ORIENTED_EDGE('',*,*,#3294,.F.);
#3693 = ORIENTED_EDGE('',*,*,#3694,.F.);
#3694 = EDGE_CURVE('',#3695,#3295,#3697,.T.);
#3695 = VERTEX_POINT('',#3696);
#3696 = CARTESIAN_POINT('',(75.5,31.5,220.));
#3697 = LINE('',#3698,#3699);
#3698 = CARTESIAN_POINT('',(75.5,31.5,220.));
#3699 = VECTOR('',#3700,1.);
#3700 = DIRECTION('',(0.,0.,1.));
#3701 = ORIENTED_EDGE('',*,*,#3702,.T.);
#3702 = EDGE_CURVE('',#3695,#3695,#3703,.T.);
#3703 = CIRCLE('',#3704,3.);
#3704 = AXIS2_PLACEMENT_3D('',#3705,#3706,#3707);
#3705 = CARTESIAN_POINT('',(72.5,31.5,220.));
#3706 = DIRECTION('',(0.,0.,1.));
#3707 = DIRECTION('',(1.,0.,0.));
#3708 = ORIENTED_EDGE('',*,*,#3694,.T.);
#3709 = CYLINDRICAL_SURFACE('',#3710,3.);
#3710 = AXIS2_PLACEMENT_3D('',#3711,#3712,#3713);
#3711 = CARTESIAN_POINT('',(72.5,31.5,220.));
#3712 = DIRECTION('',(0.,0.,1.));
#3713 = DIRECTION('',(1.,0.,0.));
#3714 = ADVANCED_FACE('',(#3715,#3718),#3729,.T.);
#3715 = FACE_BOUND('',#3716,.T.);
#3716 = EDGE_LOOP('',(#3717));
#3717 = ORIENTED_EDGE('',*,*,#3418,.T.);
#3718 = FACE_BOUND('',#3719,.T.);
#3719 = EDGE_LOOP('',(#3720));
#3720 = ORIENTED_EDGE('',*,*,#3721,.F.);
#3721 = EDGE_CURVE('',#3722,#3722,#3724,.T.);
#3722 = VERTEX_POINT('',#3723);
#3723 = CARTESIAN_POINT('',(-45.,-39.99,176.9));
#3724 = CIRCLE('',#3725,0.9);
#3725 = AXIS2_PLACEMENT_3D('',#3726,#3727,#3728);
#3726 = CARTESIAN_POINT('',(-45.,-39.99,176.));
#3727 = DIRECTION('',(0.,1.,0.));
#3728 = DIRECTION('',(0.,0.,1.));
#3729 = PLANE('',#3730);
#3730 = AXIS2_PLACEMENT_3D('',#3731,#3732,#3733);
#3731 = CARTESIAN_POINT('',(-45.,-39.99,176.));
#3732 = DIRECTION('',(0.,1.,0.));
#3733 = DIRECTION('',(0.,0.,1.));
#3734 = ADVANCED_FACE('',(#3735,#3738),#3749,.T.);
#3735 = FACE_BOUND('',#3736,.T.);
#3736 = EDGE_LOOP('',(#3737));
#3737 = ORIENTED_EDGE('',*,*,#3443,.T.);
#3738 = FACE_BOUND('',#3739,.T.);
#3739 = EDGE_LOOP('',(#3740));
#3740 = ORIENTED_EDGE('',*,*,#3741,.F.);
#3741 = EDGE_CURVE('',#3742,#3742,#3744,.T.);
#3742 = VERTEX_POINT('',#3743);
#3743 = CARTESIAN_POINT('',(-45.,-39.99,206.9));
#3744 = CIRCLE('',#3745,0.9);
#3745 = AXIS2_PLACEMENT_3D('',#3746,#3747,#3748);
#3746 = CARTESIAN_POINT('',(-45.,-39.99,206.));
#3747 = DIRECTION('',(0.,1.,0.));
#3748 = DIRECTION('',(0.,0.,1.));
#3749 = PLANE('',#3750);
#3750 = AXIS2_PLACEMENT_3D('',#3751,#3752,#3753);
#3751 = CARTESIAN_POINT('',(-45.,-39.99,206.));
#3752 = DIRECTION('',(0.,1.,0.));
#3753 = DIRECTION('',(0.,0.,1.));
#3754 = ADVANCED_FACE('',(#3755,#3758),#3769,.T.);
#3755 = FACE_BOUND('',#3756,.T.);
#3756 = EDGE_LOOP('',(#3757));
#3757 = ORIENTED_EDGE('',*,*,#3468,.T.);
#3758 = FACE_BOUND('',#3759,.T.);
#3759 = EDGE_LOOP('',(#3760));
#3760 = ORIENTED_EDGE('',*,*,#3761,.F.);
#3761 = EDGE_CURVE('',#3762,#3762,#3764,.T.);
#3762 = VERTEX_POINT('',#3763);
#3763 = CARTESIAN_POINT('',(7.,-39.99,176.9));
#3764 = CIRCLE('',#3765,0.9);
#3765 = AXIS2_PLACEMENT_3D('',#3766,#3767,#3768);
#3766 = CARTESIAN_POINT('',(7.,-39.99,176.));
#3767 = DIRECTION('',(0.,1.,0.));
#3768 = DIRECTION('',(0.,0.,1.));
#3769 = PLANE('',#3770);
#3770 = AXIS2_PLACEMENT_3D('',#3771,#3772,#3773);
#3771 = CARTESIAN_POINT('',(7.,-39.99,176.));
#3772 = DIRECTION('',(0.,1.,0.));
#3773 = DIRECTION('',(0.,0.,1.));
#3774 = ADVANCED_FACE('',(#3775,#3778),#3789,.T.);
#3775 = FACE_BOUND('',#3776,.T.);
#3776 = EDGE_LOOP('',(#3777));
#3777 = ORIENTED_EDGE('',*,*,#3493,.T.);
#3778 = FACE_BOUND('',#3779,.T.);
#3779 = EDGE_LOOP('',(#3780));
#3780 = ORIENTED_EDGE('',*,*,#3781,.F.);
#3781 = EDGE_CURVE('',#3782,#3782,#3784,.T.);
#3782 = VERTEX_POINT('',#3783);
#3783 = CARTESIAN_POINT('',(7.,-39.99,206.9));
#3784 = CIRCLE('',#3785,0.9);
#3785 = AXIS2_PLACEMENT_3D('',#3786,#3787,#3788);
#3786 = CARTESIAN_POINT('',(7.,-39.99,206.));
#3787 = DIRECTION('',(0.,1.,0.));
#3788 = DIRECTION('',(0.,0.,1.));
#3789 = PLANE('',#3790);
#3790 = AXIS2_PLACEMENT_3D('',#3791,#3792,#3793);
#3791 = CARTESIAN_POINT('',(7.,-39.99,206.));
#3792 = DIRECTION('',(0.,1.,0.));
#3793 = DIRECTION('',(0.,0.,1.));
#3794 = ADVANCED_FACE('',(#3795,#3798),#3809,.F.);
#3795 = FACE_BOUND('',#3796,.F.);
#3796 = EDGE_LOOP('',(#3797));
#3797 = ORIENTED_EDGE('',*,*,#3527,.T.);
#3798 = FACE_BOUND('',#3799,.F.);
#3799 = EDGE_LOOP('',(#3800));
#3800 = ORIENTED_EDGE('',*,*,#3801,.F.);
#3801 = EDGE_CURVE('',#3802,#3802,#3804,.T.);
#3802 = VERTEX_POINT('',#3803);
#3803 = CARTESIAN_POINT('',(-13.9,-15.,220.));
#3804 = CIRCLE('',#3805,1.1);
#3805 = AXIS2_PLACEMENT_3D('',#3806,#3807,#3808);
#3806 = CARTESIAN_POINT('',(-15.,-15.,220.));
#3807 = DIRECTION('',(0.,0.,1.));
#3808 = DIRECTION('',(1.,0.,0.));
#3809 = PLANE('',#3810);
#3810 = AXIS2_PLACEMENT_3D('',#3811,#3812,#3813);
#3811 = CARTESIAN_POINT('',(-15.,-15.,220.));
#3812 = DIRECTION('',(0.,0.,1.));
#3813 = DIRECTION('',(1.,0.,0.));
#3814 = ADVANCED_FACE('',(#3815,#3818),#3829,.F.);
#3815 = FACE_BOUND('',#3816,.F.);
#3816 = EDGE_LOOP('',(#3817));
#3817 = ORIENTED_EDGE('',*,*,#3552,.T.);
#3818 = FACE_BOUND('',#3819,.F.);
#3819 = EDGE_LOOP('',(#3820));
#3820 = ORIENTED_EDGE('',*,*,#3821,.F.);
#3821 = EDGE_CURVE('',#3822,#3822,#3824,.T.);
#3822 = VERTEX_POINT('',#3823);
#3823 = CARTESIAN_POINT('',(24.6,-26.5,220.));
#3824 = CIRCLE('',#3825,1.1);
#3825 = AXIS2_PLACEMENT_3D('',#3826,#3827,#3828);
#3826 = CARTESIAN_POINT('',(23.5,-26.5,220.));
#3827 = DIRECTION('',(0.,0.,1.));
#3828 = DIRECTION('',(1.,0.,0.));
#3829 = PLANE('',#3830);
#3830 = AXIS2_PLACEMENT_3D('',#3831,#3832,#3833);
#3831 = CARTESIAN_POINT('',(23.5,-26.5,220.));
#3832 = DIRECTION('',(0.,0.,1.));
#3833 = DIRECTION('',(1.,0.,0.));
#3834 = ADVANCED_FACE('',(#3835,#3838),#3849,.F.);
#3835 = FACE_BOUND('',#3836,.F.);
#3836 = EDGE_LOOP('',(#3837));
#3837 = ORIENTED_EDGE('',*,*,#3577,.T.);
#3838 = FACE_BOUND('',#3839,.F.);
#3839 = EDGE_LOOP('',(#3840));
#3840 = ORIENTED_EDGE('',*,*,#3841,.F.);
#3841 = EDGE_CURVE('',#3842,#3842,#3844,.T.);
#3842 = VERTEX_POINT('',#3843);
#3843 = CARTESIAN_POINT('',(16.1,-15.,220.));
#3844 = CIRCLE('',#3845,1.1);
#3845 = AXIS2_PLACEMENT_3D('',#3846,#3847,#3848);
#3846 = CARTESIAN_POINT('',(15.,-15.,220.));
#3847 = DIRECTION('',(0.,0.,1.));
#3848 = DIRECTION('',(1.,0.,0.));
#3849 = PLANE('',#3850);
#3850 = AXIS2_PLACEMENT_3D('',#3851,#3852,#3853);
#3851 = CARTESIAN_POINT('',(15.,-15.,220.));
#3852 = DIRECTION('',(0.,0.,1.));
#3853 = DIRECTION('',(1.,0.,0.));
#3854 = ADVANCED_FACE('',(#3855,#3858),#3869,.F.);
#3855 = FACE_BOUND('',#3856,.F.);
#3856 = EDGE_LOOP('',(#3857));
#3857 = ORIENTED_EDGE('',*,*,#3602,.T.);
#3858 = FACE_BOUND('',#3859,.F.);
#3859 = EDGE_LOOP('',(#3860));
#3860 = ORIENTED_EDGE('',*,*,#3861,.F.);
#3861 = EDGE_CURVE('',#3862,#3862,#3864,.T.);
#3862 = VERTEX_POINT('',#3863);
#3863 = CARTESIAN_POINT('',(73.6,-26.5,220.));
#3864 = CIRCLE('',#3865,1.1);
#3865 = AXIS2_PLACEMENT_3D('',#3866,#3867,#3868);
#3866 = CARTESIAN_POINT('',(72.5,-26.5,220.));
#3867 = DIRECTION('',(0.,0.,1.));
#3868 = DIRECTION('',(1.,0.,0.));
#3869 = PLANE('',#3870);
#3870 = AXIS2_PLACEMENT_3D('',#3871,#3872,#3873);
#3871 = CARTESIAN_POINT('',(72.5,-26.5,220.));
#3872 = DIRECTION('',(0.,0.,1.));
#3873 = DIRECTION('',(1.,0.,0.));
#3874 = ADVANCED_FACE('',(#3875,#3878),#3889,.F.);
#3875 = FACE_BOUND('',#3876,.F.);
#3876 = EDGE_LOOP('',(#3877));
#3877 = ORIENTED_EDGE('',*,*,#3627,.T.);
#3878 = FACE_BOUND('',#3879,.F.);
#3879 = EDGE_LOOP('',(#3880));
#3880 = ORIENTED_EDGE('',*,*,#3881,.F.);
#3881 = EDGE_CURVE('',#3882,#3882,#3884,.T.);
#3882 = VERTEX_POINT('',#3883);
#3883 = CARTESIAN_POINT('',(-13.9,15.,220.));
#3884 = CIRCLE('',#3885,1.1);
#3885 = AXIS2_PLACEMENT_3D('',#3886,#3887,#3888);
#3886 = CARTESIAN_POINT('',(-15.,15.,220.));
#3887 = DIRECTION('',(0.,0.,1.));
#3888 = DIRECTION('',(1.,0.,0.));
#3889 = PLANE('',#3890);
#3890 = AXIS2_PLACEMENT_3D('',#3891,#3892,#3893);
#3891 = CARTESIAN_POINT('',(-15.,15.,220.));
#3892 = DIRECTION('',(0.,0.,1.));
#3893 = DIRECTION('',(1.,0.,0.));
#3894 = ADVANCED_FACE('',(#3895,#3898),#3909,.F.);
#3895 = FACE_BOUND('',#3896,.F.);
#3896 = EDGE_LOOP('',(#3897));
#3897 = ORIENTED_EDGE('',*,*,#3652,.T.);
#3898 = FACE_BOUND('',#3899,.F.);
#3899 = EDGE_LOOP('',(#3900));
#3900 = ORIENTED_EDGE('',*,*,#3901,.F.);
#3901 = EDGE_CURVE('',#3902,#3902,#3904,.T.);
#3902 = VERTEX_POINT('',#3903);
#3903 = CARTESIAN_POINT('',(16.1,15.,220.));
#3904 = CIRCLE('',#3905,1.1);
#3905 = AXIS2_PLACEMENT_3D('',#3906,#3907,#3908);
#3906 = CARTESIAN_POINT('',(15.,15.,220.));
#3907 = DIRECTION('',(0.,0.,1.));
#3908 = DIRECTION('',(1.,0.,0.));
#3909 = PLANE('',#3910);
#3910 = AXIS2_PLACEMENT_3D('',#3911,#3912,#3913);
#3911 = CARTESIAN_POINT('',(15.,15.,220.));
#3912 = DIRECTION('',(0.,0.,1.));
#3913 = DIRECTION('',(1.,0.,0.));
#3914 = ADVANCED_FACE('',(#3915,#3918),#3929,.F.);
#3915 = FACE_BOUND('',#3916,.F.);
#3916 = EDGE_LOOP('',(#3917));
#3917 = ORIENTED_EDGE('',*,*,#3677,.T.);
#3918 = FACE_BOUND('',#3919,.F.);
#3919 = EDGE_LOOP('',(#3920));
#3920 = ORIENTED_EDGE('',*,*,#3921,.F.);
#3921 = EDGE_CURVE('',#3922,#3922,#3924,.T.);
#3922 = VERTEX_POINT('',#3923);
#3923 = CARTESIAN_POINT('',(24.6,31.5,220.));
#3924 = CIRCLE('',#3925,1.1);
#3925 = AXIS2_PLACEMENT_3D('',#3926,#3927,#3928);
#3926 = CARTESIAN_POINT('',(23.5,31.5,220.));
#3927 = DIRECTION('',(0.,0.,1.));
#3928 = DIRECTION('',(1.,0.,0.));
#3929 = PLANE('',#3930);
#3930 = AXIS2_PLACEMENT_3D('',#3931,#3932,#3933);
#3931 = CARTESIAN_POINT('',(23.5,31.5,220.));
#3932 = DIRECTION('',(0.,0.,1.));
#3933 = DIRECTION('',(1.,0.,0.));
#3934 = ADVANCED_FACE('',(#3935,#3938),#3949,.F.);
#3935 = FACE_BOUND('',#3936,.F.);
#3936 = EDGE_LOOP('',(#3937));
#3937 = ORIENTED_EDGE('',*,*,#3702,.T.);
#3938 = FACE_BOUND('',#3939,.F.);
#3939 = EDGE_LOOP('',(#3940));
#3940 = ORIENTED_EDGE('',*,*,#3941,.F.);
#3941 = EDGE_CURVE('',#3942,#3942,#3944,.T.);
#3942 = VERTEX_POINT('',#3943);
#3943 = CARTESIAN_POINT('',(73.6,31.5,220.));
#3944 = CIRCLE('',#3945,1.1);
#3945 = AXIS2_PLACEMENT_3D('',#3946,#3947,#3948);
#3946 = CARTESIAN_POINT('',(72.5,31.5,220.));
#3947 = DIRECTION('',(0.,0.,1.));
#3948 = DIRECTION('',(1.,0.,0.));
#3949 = PLANE('',#3950);
#3950 = AXIS2_PLACEMENT_3D('',#3951,#3952,#3953);
#3951 = CARTESIAN_POINT('',(72.5,31.5,220.));
#3952 = DIRECTION('',(0.,0.,1.));
#3953 = DIRECTION('',(1.,0.,0.));
#3954 = ADVANCED_FACE('',(#3955),#3974,.F.);
#3955 = FACE_BOUND('',#3956,.F.);
#3956 = EDGE_LOOP('',(#3957,#3958,#3966,#3973));
#3957 = ORIENTED_EDGE('',*,*,#3721,.F.);
#3958 = ORIENTED_EDGE('',*,*,#3959,.F.);
#3959 = EDGE_CURVE('',#3960,#3722,#3962,.T.);
#3960 = VERTEX_POINT('',#3961);
#3961 = CARTESIAN_POINT('',(-45.,-45.19,176.9));
#3962 = LINE('',#3963,#3964);
#3963 = CARTESIAN_POINT('',(-45.,-45.19,176.9));
#3964 = VECTOR('',#3965,1.);
#3965 = DIRECTION('',(0.,1.,0.));
#3966 = ORIENTED_EDGE('',*,*,#3967,.T.);
#3967 = EDGE_CURVE('',#3960,#3960,#3968,.T.);
#3968 = CIRCLE('',#3969,0.9);
#3969 = AXIS2_PLACEMENT_3D('',#3970,#3971,#3972);
#3970 = CARTESIAN_POINT('',(-45.,-45.19,176.));
#3971 = DIRECTION('',(0.,1.,0.));
#3972 = DIRECTION('',(0.,0.,1.));
#3973 = ORIENTED_EDGE('',*,*,#3959,.T.);
#3974 = CYLINDRICAL_SURFACE('',#3975,0.9);
#3975 = AXIS2_PLACEMENT_3D('',#3976,#3977,#3978);
#3976 = CARTESIAN_POINT('',(-45.,-45.19,176.));
#3977 = DIRECTION('',(0.,1.,0.));
#3978 = DIRECTION('',(0.,0.,1.));
#3979 = ADVANCED_FACE('',(#3980),#3999,.F.);
#3980 = FACE_BOUND('',#3981,.F.);
#3981 = EDGE_LOOP('',(#3982,#3983,#3991,#3998));
#3982 = ORIENTED_EDGE('',*,*,#3741,.F.);
#3983 = ORIENTED_EDGE('',*,*,#3984,.F.);
#3984 = EDGE_CURVE('',#3985,#3742,#3987,.T.);
#3985 = VERTEX_POINT('',#3986);
#3986 = CARTESIAN_POINT('',(-45.,-45.19,206.9));
#3987 = LINE('',#3988,#3989);
#3988 = CARTESIAN_POINT('',(-45.,-45.19,206.9));
#3989 = VECTOR('',#3990,1.);
#3990 = DIRECTION('',(0.,1.,0.));
#3991 = ORIENTED_EDGE('',*,*,#3992,.T.);
#3992 = EDGE_CURVE('',#3985,#3985,#3993,.T.);
#3993 = CIRCLE('',#3994,0.9);
#3994 = AXIS2_PLACEMENT_3D('',#3995,#3996,#3997);
#3995 = CARTESIAN_POINT('',(-45.,-45.19,206.));
#3996 = DIRECTION('',(0.,1.,0.));
#3997 = DIRECTION('',(0.,0.,1.));
#3998 = ORIENTED_EDGE('',*,*,#3984,.T.);
#3999 = CYLINDRICAL_SURFACE('',#4000,0.9);
#4000 = AXIS2_PLACEMENT_3D('',#4001,#4002,#4003);
#4001 = CARTESIAN_POINT('',(-45.,-45.19,206.));
#4002 = DIRECTION('',(0.,1.,0.));
#4003 = DIRECTION('',(0.,0.,1.));
#4004 = ADVANCED_FACE('',(#4005),#4024,.F.);
#4005 = FACE_BOUND('',#4006,.F.);
#4006 = EDGE_LOOP('',(#4007,#4008,#4016,#4023));
#4007 = ORIENTED_EDGE('',*,*,#3761,.F.);
#4008 = ORIENTED_EDGE('',*,*,#4009,.F.);
#4009 = EDGE_CURVE('',#4010,#3762,#4012,.T.);
#4010 = VERTEX_POINT('',#4011);
#4011 = CARTESIAN_POINT('',(7.,-45.19,176.9));
#4012 = LINE('',#4013,#4014);
#4013 = CARTESIAN_POINT('',(7.,-45.19,176.9));
#4014 = VECTOR('',#4015,1.);
#4015 = DIRECTION('',(0.,1.,0.));
#4016 = ORIENTED_EDGE('',*,*,#4017,.T.);
#4017 = EDGE_CURVE('',#4010,#4010,#4018,.T.);
#4018 = CIRCLE('',#4019,0.9);
#4019 = AXIS2_PLACEMENT_3D('',#4020,#4021,#4022);
#4020 = CARTESIAN_POINT('',(7.,-45.19,176.));
#4021 = DIRECTION('',(0.,1.,0.));
#4022 = DIRECTION('',(0.,0.,1.));
#4023 = ORIENTED_EDGE('',*,*,#4009,.T.);
#4024 = CYLINDRICAL_SURFACE('',#4025,0.9);
#4025 = AXIS2_PLACEMENT_3D('',#4026,#4027,#4028);
#4026 = CARTESIAN_POINT('',(7.,-45.19,176.));
#4027 = DIRECTION('',(0.,1.,0.));
#4028 = DIRECTION('',(0.,0.,1.));
#4029 = ADVANCED_FACE('',(#4030),#4049,.F.);
#4030 = FACE_BOUND('',#4031,.F.);
#4031 = EDGE_LOOP('',(#4032,#4033,#4041,#4048));
#4032 = ORIENTED_EDGE('',*,*,#3781,.F.);
#4033 = ORIENTED_EDGE('',*,*,#4034,.F.);
#4034 = EDGE_CURVE('',#4035,#3782,#4037,.T.);
#4035 = VERTEX_POINT('',#4036);
#4036 = CARTESIAN_POINT('',(7.,-45.19,206.9));
#4037 = LINE('',#4038,#4039);
#4038 = CARTESIAN_POINT('',(7.,-45.19,206.9));
#4039 = VECTOR('',#4040,1.);
#4040 = DIRECTION('',(0.,1.,0.));
#4041 = ORIENTED_EDGE('',*,*,#4042,.T.);
#4042 = EDGE_CURVE('',#4035,#4035,#4043,.T.);
#4043 = CIRCLE('',#4044,0.9);
#4044 = AXIS2_PLACEMENT_3D('',#4045,#4046,#4047);
#4045 = CARTESIAN_POINT('',(7.,-45.19,206.));
#4046 = DIRECTION('',(0.,1.,0.));
#4047 = DIRECTION('',(0.,0.,1.));
#4048 = ORIENTED_EDGE('',*,*,#4034,.T.);
#4049 = CYLINDRICAL_SURFACE('',#4050,0.9);
#4050 = AXIS2_PLACEMENT_3D('',#4051,#4052,#4053);
#4051 = CARTESIAN_POINT('',(7.,-45.19,206.));
#4052 = DIRECTION('',(0.,1.,0.));
#4053 = DIRECTION('',(0.,0.,1.));
#4054 = ADVANCED_FACE('',(#4055),#4074,.F.);
#4055 = FACE_BOUND('',#4056,.F.);
#4056 = EDGE_LOOP('',(#4057,#4065,#4072,#4073));
#4057 = ORIENTED_EDGE('',*,*,#4058,.T.);
#4058 = EDGE_CURVE('',#3802,#4059,#4061,.T.);
#4059 = VERTEX_POINT('',#4060);
#4060 = CARTESIAN_POINT('',(-13.9,-15.,226.99));
#4061 = LINE('',#4062,#4063);
#4062 = CARTESIAN_POINT('',(-13.9,-15.,219.99));
#4063 = VECTOR('',#4064,1.);
#4064 = DIRECTION('',(0.,0.,1.));
#4065 = ORIENTED_EDGE('',*,*,#4066,.F.);
#4066 = EDGE_CURVE('',#4059,#4059,#4067,.T.);
#4067 = CIRCLE('',#4068,1.1);
#4068 = AXIS2_PLACEMENT_3D('',#4069,#4070,#4071);
#4069 = CARTESIAN_POINT('',(-15.,-15.,226.99));
#4070 = DIRECTION('',(0.,0.,1.));
#4071 = DIRECTION('',(1.,0.,0.));
#4072 = ORIENTED_EDGE('',*,*,#4058,.F.);
#4073 = ORIENTED_EDGE('',*,*,#3801,.T.);
#4074 = CYLINDRICAL_SURFACE('',#4075,1.1);
#4075 = AXIS2_PLACEMENT_3D('',#4076,#4077,#4078);
#4076 = CARTESIAN_POINT('',(-15.,-15.,219.99));
#4077 = DIRECTION('',(0.,0.,1.));
#4078 = DIRECTION('',(1.,0.,0.));
#4079 = ADVANCED_FACE('',(#4080),#4099,.F.);
#4080 = FACE_BOUND('',#4081,.F.);
#4081 = EDGE_LOOP('',(#4082,#4090,#4097,#4098));
#4082 = ORIENTED_EDGE('',*,*,#4083,.T.);
#4083 = EDGE_CURVE('',#3822,#4084,#4086,.T.);
#4084 = VERTEX_POINT('',#4085);
#4085 = CARTESIAN_POINT('',(24.6,-26.5,226.99));
#4086 = LINE('',#4087,#4088);
#4087 = CARTESIAN_POINT('',(24.6,-26.5,219.99));
#4088 = VECTOR('',#4089,1.);
#4089 = DIRECTION('',(0.,0.,1.));
#4090 = ORIENTED_EDGE('',*,*,#4091,.F.);
#4091 = EDGE_CURVE('',#4084,#4084,#4092,.T.);
#4092 = CIRCLE('',#4093,1.1);
#4093 = AXIS2_PLACEMENT_3D('',#4094,#4095,#4096);
#4094 = CARTESIAN_POINT('',(23.5,-26.5,226.99));
#4095 = DIRECTION('',(0.,0.,1.));
#4096 = DIRECTION('',(1.,0.,0.));
#4097 = ORIENTED_EDGE('',*,*,#4083,.F.);
#4098 = ORIENTED_EDGE('',*,*,#3821,.T.);
#4099 = CYLINDRICAL_SURFACE('',#4100,1.1);
#4100 = AXIS2_PLACEMENT_3D('',#4101,#4102,#4103);
#4101 = CARTESIAN_POINT('',(23.5,-26.5,219.99));
#4102 = DIRECTION('',(0.,0.,1.));
#4103 = DIRECTION('',(1.,0.,0.));
#4104 = ADVANCED_FACE('',(#4105),#4124,.F.);
#4105 = FACE_BOUND('',#4106,.F.);
#4106 = EDGE_LOOP('',(#4107,#4115,#4122,#4123));
#4107 = ORIENTED_EDGE('',*,*,#4108,.T.);
#4108 = EDGE_CURVE('',#3842,#4109,#4111,.T.);
#4109 = VERTEX_POINT('',#4110);
#4110 = CARTESIAN_POINT('',(16.1,-15.,226.99));
#4111 = LINE('',#4112,#4113);
#4112 = CARTESIAN_POINT('',(16.1,-15.,219.99));
#4113 = VECTOR('',#4114,1.);
#4114 = DIRECTION('',(0.,0.,1.));
#4115 = ORIENTED_EDGE('',*,*,#4116,.F.);
#4116 = EDGE_CURVE('',#4109,#4109,#4117,.T.);
#4117 = CIRCLE('',#4118,1.1);
#4118 = AXIS2_PLACEMENT_3D('',#4119,#4120,#4121);
#4119 = CARTESIAN_POINT('',(15.,-15.,226.99));
#4120 = DIRECTION('',(0.,0.,1.));
#4121 = DIRECTION('',(1.,0.,0.));
#4122 = ORIENTED_EDGE('',*,*,#4108,.F.);
#4123 = ORIENTED_EDGE('',*,*,#3841,.T.);
#4124 = CYLINDRICAL_SURFACE('',#4125,1.1);
#4125 = AXIS2_PLACEMENT_3D('',#4126,#4127,#4128);
#4126 = CARTESIAN_POINT('',(15.,-15.,219.99));
#4127 = DIRECTION('',(0.,0.,1.));
#4128 = DIRECTION('',(1.,0.,0.));
#4129 = ADVANCED_FACE('',(#4130),#4149,.F.);
#4130 = FACE_BOUND('',#4131,.F.);
#4131 = EDGE_LOOP('',(#4132,#4140,#4147,#4148));
#4132 = ORIENTED_EDGE('',*,*,#4133,.T.);
#4133 = EDGE_CURVE('',#3862,#4134,#4136,.T.);
#4134 = VERTEX_POINT('',#4135);
#4135 = CARTESIAN_POINT('',(73.6,-26.5,226.99));
#4136 = LINE('',#4137,#4138);
#4137 = CARTESIAN_POINT('',(73.6,-26.5,219.99));
#4138 = VECTOR('',#4139,1.);
#4139 = DIRECTION('',(0.,0.,1.));
#4140 = ORIENTED_EDGE('',*,*,#4141,.F.);
#4141 = EDGE_CURVE('',#4134,#4134,#4142,.T.);
#4142 = CIRCLE('',#4143,1.1);
#4143 = AXIS2_PLACEMENT_3D('',#4144,#4145,#4146);
#4144 = CARTESIAN_POINT('',(72.5,-26.5,226.99));
#4145 = DIRECTION('',(0.,0.,1.));
#4146 = DIRECTION('',(1.,0.,0.));
#4147 = ORIENTED_EDGE('',*,*,#4133,.F.);
#4148 = ORIENTED_EDGE('',*,*,#3861,.T.);
#4149 = CYLINDRICAL_SURFACE('',#4150,1.1);
#4150 = AXIS2_PLACEMENT_3D('',#4151,#4152,#4153);
#4151 = CARTESIAN_POINT('',(72.5,-26.5,219.99));
#4152 = DIRECTION('',(0.,0.,1.));
#4153 = DIRECTION('',(1.,0.,0.));
#4154 = ADVANCED_FACE('',(#4155),#4174,.F.);
#4155 = FACE_BOUND('',#4156,.F.);
#4156 = EDGE_LOOP('',(#4157,#4165,#4172,#4173));
#4157 = ORIENTED_EDGE('',*,*,#4158,.T.);
#4158 = EDGE_CURVE('',#3882,#4159,#4161,.T.);
#4159 = VERTEX_POINT('',#4160);
#4160 = CARTESIAN_POINT('',(-13.9,15.,226.99));
#4161 = LINE('',#4162,#4163);
#4162 = CARTESIAN_POINT('',(-13.9,15.,219.99));
#4163 = VECTOR('',#4164,1.);
#4164 = DIRECTION('',(0.,0.,1.));
#4165 = ORIENTED_EDGE('',*,*,#4166,.F.);
#4166 = EDGE_CURVE('',#4159,#4159,#4167,.T.);
#4167 = CIRCLE('',#4168,1.1);
#4168 = AXIS2_PLACEMENT_3D('',#4169,#4170,#4171);
#4169 = CARTESIAN_POINT('',(-15.,15.,226.99));
#4170 = DIRECTION('',(0.,0.,1.));
#4171 = DIRECTION('',(1.,0.,0.));
#4172 = ORIENTED_EDGE('',*,*,#4158,.F.);
#4173 = ORIENTED_EDGE('',*,*,#3881,.T.);
#4174 = CYLINDRICAL_SURFACE('',#4175,1.1);
#4175 = AXIS2_PLACEMENT_3D('',#4176,#4177,#4178);
#4176 = CARTESIAN_POINT('',(-15.,15.,219.99));
#4177 = DIRECTION('',(0.,0.,1.));
#4178 = DIRECTION('',(1.,0.,0.));
#4179 = ADVANCED_FACE('',(#4180),#4199,.F.);
#4180 = FACE_BOUND('',#4181,.F.);
#4181 = EDGE_LOOP('',(#4182,#4190,#4197,#4198));
#4182 = ORIENTED_EDGE('',*,*,#4183,.T.);
#4183 = EDGE_CURVE('',#3902,#4184,#4186,.T.);
#4184 = VERTEX_POINT('',#4185);
#4185 = CARTESIAN_POINT('',(16.1,15.,226.99));
#4186 = LINE('',#4187,#4188);
#4187 = CARTESIAN_POINT('',(16.1,15.,219.99));
#4188 = VECTOR('',#4189,1.);
#4189 = DIRECTION('',(0.,0.,1.));
#4190 = ORIENTED_EDGE('',*,*,#4191,.F.);
#4191 = EDGE_CURVE('',#4184,#4184,#4192,.T.);
#4192 = CIRCLE('',#4193,1.1);
#4193 = AXIS2_PLACEMENT_3D('',#4194,#4195,#4196);
#4194 = CARTESIAN_POINT('',(15.,15.,226.99));
#4195 = DIRECTION('',(0.,0.,1.));
#4196 = DIRECTION('',(1.,0.,0.));
#4197 = ORIENTED_EDGE('',*,*,#4183,.F.);
#4198 = ORIENTED_EDGE('',*,*,#3901,.T.);
#4199 = CYLINDRICAL_SURFACE('',#4200,1.1);
#4200 = AXIS2_PLACEMENT_3D('',#4201,#4202,#4203);
#4201 = CARTESIAN_POINT('',(15.,15.,219.99));
#4202 = DIRECTION('',(0.,0.,1.));
#4203 = DIRECTION('',(1.,0.,0.));
#4204 = ADVANCED_FACE('',(#4205),#4224,.F.);
#4205 = FACE_BOUND('',#4206,.F.);
#4206 = EDGE_LOOP('',(#4207,#4215,#4222,#4223));
#4207 = ORIENTED_EDGE('',*,*,#4208,.T.);
#4208 = EDGE_CURVE('',#3922,#4209,#4211,.T.);
#4209 = VERTEX_POINT('',#4210);
#4210 = CARTESIAN_POINT('',(24.6,31.5,226.99));
#4211 = LINE('',#4212,#4213);
#4212 = CARTESIAN_POINT('',(24.6,31.5,219.99));
#4213 = VECTOR('',#4214,1.);
#4214 = DIRECTION('',(0.,0.,1.));
#4215 = ORIENTED_EDGE('',*,*,#4216,.F.);
#4216 = EDGE_CURVE('',#4209,#4209,#4217,.T.);
#4217 = CIRCLE('',#4218,1.1);
#4218 = AXIS2_PLACEMENT_3D('',#4219,#4220,#4221);
#4219 = CARTESIAN_POINT('',(23.5,31.5,226.99));
#4220 = DIRECTION('',(0.,0.,1.));
#4221 = DIRECTION('',(1.,0.,0.));
#4222 = ORIENTED_EDGE('',*,*,#4208,.F.);
#4223 = ORIENTED_EDGE('',*,*,#3921,.T.);
#4224 = CYLINDRICAL_SURFACE('',#4225,1.1);
#4225 = AXIS2_PLACEMENT_3D('',#4226,#4227,#4228);
#4226 = CARTESIAN_POINT('',(23.5,31.5,219.99));
#4227 = DIRECTION('',(0.,0.,1.));
#4228 = DIRECTION('',(1.,0.,0.));
#4229 = ADVANCED_FACE('',(#4230),#4249,.F.);
#4230 = FACE_BOUND('',#4231,.F.);
#4231 = EDGE_LOOP('',(#4232,#4240,#4247,#4248));
#4232 = ORIENTED_EDGE('',*,*,#4233,.T.);
#4233 = EDGE_CURVE('',#3942,#4234,#4236,.T.);
#4234 = VERTEX_POINT('',#4235);
#4235 = CARTESIAN_POINT('',(73.6,31.5,226.99));
#4236 = LINE('',#4237,#4238);
#4237 = CARTESIAN_POINT('',(73.6,31.5,219.99));
#4238 = VECTOR('',#4239,1.);
#4239 = DIRECTION('',(0.,0.,1.));
#4240 = ORIENTED_EDGE('',*,*,#4241,.F.);
#4241 = EDGE_CURVE('',#4234,#4234,#4242,.T.);
#4242 = CIRCLE('',#4243,1.1);
#4243 = AXIS2_PLACEMENT_3D('',#4244,#4245,#4246);
#4244 = CARTESIAN_POINT('',(72.5,31.5,226.99));
#4245 = DIRECTION('',(0.,0.,1.));
#4246 = DIRECTION('',(1.,0.,0.));
#4247 = ORIENTED_EDGE('',*,*,#4233,.F.);
#4248 = ORIENTED_EDGE('',*,*,#3941,.T.);
#4249 = CYLINDRICAL_SURFACE('',#4250,1.1);
#4250 = AXIS2_PLACEMENT_3D('',#4251,#4252,#4253);
#4251 = CARTESIAN_POINT('',(72.5,31.5,219.99));
#4252 = DIRECTION('',(0.,0.,1.));
#4253 = DIRECTION('',(1.,0.,0.));
#4254 = ADVANCED_FACE('',(#4255),#4258,.T.);
#4255 = FACE_BOUND('',#4256,.F.);
#4256 = EDGE_LOOP('',(#4257));
#4257 = ORIENTED_EDGE('',*,*,#3967,.F.);
#4258 = PLANE('',#4259);
#4259 = AXIS2_PLACEMENT_3D('',#4260,#4261,#4262);
#4260 = CARTESIAN_POINT('',(-45.,-45.19,176.));
#4261 = DIRECTION('',(0.,1.,0.));
#4262 = DIRECTION('',(0.,0.,1.));
#4263 = ADVANCED_FACE('',(#4264),#4267,.T.);
#4264 = FACE_BOUND('',#4265,.F.);
#4265 = EDGE_LOOP('',(#4266));
#4266 = ORIENTED_EDGE('',*,*,#3992,.F.);
#4267 = PLANE('',#4268);
#4268 = AXIS2_PLACEMENT_3D('',#4269,#4270,#4271);
#4269 = CARTESIAN_POINT('',(-45.,-45.19,206.));
#4270 = DIRECTION('',(0.,1.,0.));
#4271 = DIRECTION('',(0.,0.,1.));
#4272 = ADVANCED_FACE('',(#4273),#4276,.T.);
#4273 = FACE_BOUND('',#4274,.F.);
#4274 = EDGE_LOOP('',(#4275));
#4275 = ORIENTED_EDGE('',*,*,#4017,.F.);
#4276 = PLANE('',#4277);
#4277 = AXIS2_PLACEMENT_3D('',#4278,#4279,#4280);
#4278 = CARTESIAN_POINT('',(7.,-45.19,176.));
#4279 = DIRECTION('',(0.,1.,0.));
#4280 = DIRECTION('',(0.,0.,1.));
#4281 = ADVANCED_FACE('',(#4282),#4285,.T.);
#4282 = FACE_BOUND('',#4283,.F.);
#4283 = EDGE_LOOP('',(#4284));
#4284 = ORIENTED_EDGE('',*,*,#4042,.F.);
#4285 = PLANE('',#4286);
#4286 = AXIS2_PLACEMENT_3D('',#4287,#4288,#4289);
#4287 = CARTESIAN_POINT('',(7.,-45.19,206.));
#4288 = DIRECTION('',(0.,1.,0.));
#4289 = DIRECTION('',(0.,0.,1.));
#4290 = ADVANCED_FACE('',(#4291),#4294,.F.);
#4291 = FACE_BOUND('',#4292,.F.);
#4292 = EDGE_LOOP('',(#4293));
#4293 = ORIENTED_EDGE('',*,*,#4066,.T.);
#4294 = PLANE('',#4295);
#4295 = AXIS2_PLACEMENT_3D('',#4296,#4297,#4298);
#4296 = CARTESIAN_POINT('',(-15.,-15.,226.99));
#4297 = DIRECTION('',(0.,0.,1.));
#4298 = DIRECTION('',(1.,0.,0.));
#4299 = ADVANCED_FACE('',(#4300),#4303,.F.);
#4300 = FACE_BOUND('',#4301,.F.);
#4301 = EDGE_LOOP('',(#4302));
#4302 = ORIENTED_EDGE('',*,*,#4091,.T.);
#4303 = PLANE('',#4304);
#4304 = AXIS2_PLACEMENT_3D('',#4305,#4306,#4307);
#4305 = CARTESIAN_POINT('',(23.5,-26.5,226.99));
#4306 = DIRECTION('',(0.,0.,1.));
#4307 = DIRECTION('',(1.,0.,0.));
#4308 = ADVANCED_FACE('',(#4309),#4312,.F.);
#4309 = FACE_BOUND('',#4310,.F.);
#4310 = EDGE_LOOP('',(#4311));
#4311 = ORIENTED_EDGE('',*,*,#4116,.T.);
#4312 = PLANE('',#4313);
#4313 = AXIS2_PLACEMENT_3D('',#4314,#4315,#4316);
#4314 = CARTESIAN_POINT('',(15.,-15.,226.99));
#4315 = DIRECTION('',(0.,0.,1.));
#4316 = DIRECTION('',(1.,0.,0.));
#4317 = ADVANCED_FACE('',(#4318),#4321,.F.);
#4318 = FACE_BOUND('',#4319,.F.);
#4319 = EDGE_LOOP('',(#4320));
#4320 = ORIENTED_EDGE('',*,*,#4141,.T.);
#4321 = PLANE('',#4322);
#4322 = AXIS2_PLACEMENT_3D('',#4323,#4324,#4325);
#4323 = CARTESIAN_POINT('',(72.5,-26.5,226.99));
#4324 = DIRECTION('',(0.,0.,1.));
#4325 = DIRECTION('',(1.,0.,0.));
#4326 = ADVANCED_FACE('',(#4327),#4330,.F.);
#4327 = FACE_BOUND('',#4328,.F.);
#4328 = EDGE_LOOP('',(#4329));
#4329 = ORIENTED_EDGE('',*,*,#4166,.T.);
#4330 = PLANE('',#4331);
#4331 = AXIS2_PLACEMENT_3D('',#4332,#4333,#4334);
#4332 = CARTESIAN_POINT('',(-15.,15.,226.99));
#4333 = DIRECTION('',(0.,0.,1.));
#4334 = DIRECTION('',(1.,0.,0.));
#4335 = ADVANCED_FACE('',(#4336),#4339,.F.);
#4336 = FACE_BOUND('',#4337,.F.);
#4337 = EDGE_LOOP('',(#4338));
#4338 = ORIENTED_EDGE('',*,*,#4191,.T.);
#4339 = PLANE('',#4340);
#4340 = AXIS2_PLACEMENT_3D('',#4341,#4342,#4343);
#4341 = CARTESIAN_POINT('',(15.,15.,226.99));
#4342 = DIRECTION('',(0.,0.,1.));
#4343 = DIRECTION('',(1.,0.,0.));
#4344 = ADVANCED_FACE('',(#4345),#4348,.F.);
#4345 = FACE_BOUND('',#4346,.F.);
#4346 = EDGE_LOOP('',(#4347));
#4347 = ORIENTED_EDGE('',*,*,#4216,.T.);
#4348 = PLANE('',#4349);
#4349 = AXIS2_PLACEMENT_3D('',#4350,#4351,#4352);
#4350 = CARTESIAN_POINT('',(23.5,31.5,226.99));
#4351 = DIRECTION('',(0.,0.,1.));
#4352 = DIRECTION('',(1.,0.,0.));
#4353 = ADVANCED_FACE('',(#4354),#4357,.F.);
#4354 = FACE_BOUND('',#4355,.F.);
#4355 = EDGE_LOOP('',(#4356));
#4356 = ORIENTED_EDGE('',*,*,#4241,.T.);
#4357 = PLANE('',#4358);
#4358 = AXIS2_PLACEMENT_3D('',#4359,#4360,#4361);
#4359 = CARTESIAN_POINT('',(72.5,31.5,226.99));
#4360 = DIRECTION('',(0.,0.,1.));
#4361 = DIRECTION('',(1.,0.,0.));
#4362 = MANIFOLD_SOLID_BREP('',#4363);
#4363 = CLOSED_SHELL('',(#4364,#4404,#4435,#4493,#4517,#4568,#4580,#4602
    ,#4619,#4636));
#4364 = ADVANCED_FACE('',(#4365),#4399,.F.);
#4365 = FACE_BOUND('',#4366,.F.);
#4366 = EDGE_LOOP('',(#4367,#4377,#4385,#4393));
#4367 = ORIENTED_EDGE('',*,*,#4368,.F.);
#4368 = EDGE_CURVE('',#4369,#4371,#4373,.T.);
#4369 = VERTEX_POINT('',#4370);
#4370 = CARTESIAN_POINT('',(-83.7,-43.09,48.4));
#4371 = VERTEX_POINT('',#4372);
#4372 = CARTESIAN_POINT('',(-83.7,-43.09,50.));
#4373 = LINE('',#4374,#4375);
#4374 = CARTESIAN_POINT('',(-83.7,-43.09,48.4));
#4375 = VECTOR('',#4376,1.);
#4376 = DIRECTION('',(0.,0.,1.));
#4377 = ORIENTED_EDGE('',*,*,#4378,.T.);
#4378 = EDGE_CURVE('',#4369,#4379,#4381,.T.);
#4379 = VERTEX_POINT('',#4380);
#4380 = CARTESIAN_POINT('',(-83.7,54.7,48.4));
#4381 = LINE('',#4382,#4383);
#4382 = CARTESIAN_POINT('',(-83.7,-43.09,48.4));
#4383 = VECTOR('',#4384,1.);
#4384 = DIRECTION('',(0.,1.,0.));
#4385 = ORIENTED_EDGE('',*,*,#4386,.T.);
#4386 = EDGE_CURVE('',#4379,#4387,#4389,.T.);
#4387 = VERTEX_POINT('',#4388);
#4388 = CARTESIAN_POINT('',(-83.7,54.7,50.));
#4389 = LINE('',#4390,#4391);
#4390 = CARTESIAN_POINT('',(-83.7,54.7,48.4));
#4391 = VECTOR('',#4392,1.);
#4392 = DIRECTION('',(0.,0.,1.));
#4393 = ORIENTED_EDGE('',*,*,#4394,.F.);
#4394 = EDGE_CURVE('',#4371,#4387,#4395,.T.);
#4395 = LINE('',#4396,#4397);
#4396 = CARTESIAN_POINT('',(-83.7,-43.09,50.));
#4397 = VECTOR('',#4398,1.);
#4398 = DIRECTION('',(0.,1.,0.));
#4399 = PLANE('',#4400);
#4400 = AXIS2_PLACEMENT_3D('',#4401,#4402,#4403);
#4401 = CARTESIAN_POINT('',(-83.7,-43.09,48.4));
#4402 = DIRECTION('',(1.,0.,0.));
#4403 = DIRECTION('',(0.,0.,1.));
#4404 = ADVANCED_FACE('',(#4405),#4430,.F.);
#4405 = FACE_BOUND('',#4406,.F.);
#4406 = EDGE_LOOP('',(#4407,#4415,#4416,#4424));
#4407 = ORIENTED_EDGE('',*,*,#4408,.F.);
#4408 = EDGE_CURVE('',#4369,#4409,#4411,.T.);
#4409 = VERTEX_POINT('',#4410);
#4410 = CARTESIAN_POINT('',(83.7,-43.09,48.4));
#4411 = LINE('',#4412,#4413);
#4412 = CARTESIAN_POINT('',(-83.7,-43.09,48.4));
#4413 = VECTOR('',#4414,1.);
#4414 = DIRECTION('',(1.,0.,0.));
#4415 = ORIENTED_EDGE('',*,*,#4368,.T.);
#4416 = ORIENTED_EDGE('',*,*,#4417,.T.);
#4417 = EDGE_CURVE('',#4371,#4418,#4420,.T.);
#4418 = VERTEX_POINT('',#4419);
#4419 = CARTESIAN_POINT('',(83.7,-43.09,50.));
#4420 = LINE('',#4421,#4422);
#4421 = CARTESIAN_POINT('',(-83.7,-43.09,50.));
#4422 = VECTOR('',#4423,1.);
#4423 = DIRECTION('',(1.,0.,0.));
#4424 = ORIENTED_EDGE('',*,*,#4425,.F.);
#4425 = EDGE_CURVE('',#4409,#4418,#4426,.T.);
#4426 = LINE('',#4427,#4428);
#4427 = CARTESIAN_POINT('',(83.7,-43.09,48.4));
#4428 = VECTOR('',#4429,1.);
#4429 = DIRECTION('',(0.,0.,1.));
#4430 = PLANE('',#4431);
#4431 = AXIS2_PLACEMENT_3D('',#4432,#4433,#4434);
#4432 = CARTESIAN_POINT('',(-83.7,-43.09,48.4));
#4433 = DIRECTION('',(0.,1.,0.));
#4434 = DIRECTION('',(0.,0.,1.));
#4435 = ADVANCED_FACE('',(#4436,#4454),#4488,.T.);
#4436 = FACE_BOUND('',#4437,.T.);
#4437 = EDGE_LOOP('',(#4438,#4439,#4440,#4448));
#4438 = ORIENTED_EDGE('',*,*,#4394,.F.);
#4439 = ORIENTED_EDGE('',*,*,#4417,.T.);
#4440 = ORIENTED_EDGE('',*,*,#4441,.T.);
#4441 = EDGE_CURVE('',#4418,#4442,#4444,.T.);
#4442 = VERTEX_POINT('',#4443);
#4443 = CARTESIAN_POINT('',(83.7,54.7,50.));
#4444 = LINE('',#4445,#4446);
#4445 = CARTESIAN_POINT('',(83.7,-43.09,50.));
#4446 = VECTOR('',#4447,1.);
#4447 = DIRECTION('',(0.,1.,0.));
#4448 = ORIENTED_EDGE('',*,*,#4449,.F.);
#4449 = EDGE_CURVE('',#4387,#4442,#4450,.T.);
#4450 = LINE('',#4451,#4452);
#4451 = CARTESIAN_POINT('',(-83.7,54.7,50.));
#4452 = VECTOR('',#4453,1.);
#4453 = DIRECTION('',(1.,0.,0.));
#4454 = FACE_BOUND('',#4455,.T.);
#4455 = EDGE_LOOP('',(#4456,#4466,#4474,#4482));
#4456 = ORIENTED_EDGE('',*,*,#4457,.T.);
#4457 = EDGE_CURVE('',#4458,#4460,#4462,.T.);
#4458 = VERTEX_POINT('',#4459);
#4459 = CARTESIAN_POINT('',(82.3,-41.69,50.));
#4460 = VERTEX_POINT('',#4461);
#4461 = CARTESIAN_POINT('',(-82.3,-41.69,50.));
#4462 = LINE('',#4463,#4464);
#4463 = CARTESIAN_POINT('',(-83.,-41.69,50.));
#4464 = VECTOR('',#4465,1.);
#4465 = DIRECTION('',(-1.,0.,0.));
#4466 = ORIENTED_EDGE('',*,*,#4467,.T.);
#4467 = EDGE_CURVE('',#4460,#4468,#4470,.T.);
#4468 = VERTEX_POINT('',#4469);
#4469 = CARTESIAN_POINT('',(-82.3,53.3,50.));
#4470 = LINE('',#4471,#4472);
#4471 = CARTESIAN_POINT('',(-82.3,-42.39,50.));
#4472 = VECTOR('',#4473,1.);
#4473 = DIRECTION('',(0.,1.,0.));
#4474 = ORIENTED_EDGE('',*,*,#4475,.F.);
#4475 = EDGE_CURVE('',#4476,#4468,#4478,.T.);
#4476 = VERTEX_POINT('',#4477);
#4477 = CARTESIAN_POINT('',(82.3,53.3,50.));
#4478 = LINE('',#4479,#4480);
#4479 = CARTESIAN_POINT('',(-83.,53.3,50.));
#4480 = VECTOR('',#4481,1.);
#4481 = DIRECTION('',(-1.,0.,0.));
#4482 = ORIENTED_EDGE('',*,*,#4483,.F.);
#4483 = EDGE_CURVE('',#4458,#4476,#4484,.T.);
#4484 = LINE('',#4485,#4486);
#4485 = CARTESIAN_POINT('',(82.3,-42.39,50.));
#4486 = VECTOR('',#4487,1.);
#4487 = DIRECTION('',(0.,1.,0.));
#4488 = PLANE('',#4489);
#4489 = AXIS2_PLACEMENT_3D('',#4490,#4491,#4492);
#4490 = CARTESIAN_POINT('',(-83.7,-43.09,50.));
#4491 = DIRECTION('',(0.,0.,1.));
#4492 = DIRECTION('',(1.,0.,0.));
#4493 = ADVANCED_FACE('',(#4494),#4512,.T.);
#4494 = FACE_BOUND('',#4495,.T.);
#4495 = EDGE_LOOP('',(#4496,#4504,#4505,#4506));
#4496 = ORIENTED_EDGE('',*,*,#4497,.F.);
#4497 = EDGE_CURVE('',#4379,#4498,#4500,.T.);
#4498 = VERTEX_POINT('',#4499);
#4499 = CARTESIAN_POINT('',(83.7,54.7,48.4));
#4500 = LINE('',#4501,#4502);
#4501 = CARTESIAN_POINT('',(-83.7,54.7,48.4));
#4502 = VECTOR('',#4503,1.);
#4503 = DIRECTION('',(1.,0.,0.));
#4504 = ORIENTED_EDGE('',*,*,#4386,.T.);
#4505 = ORIENTED_EDGE('',*,*,#4449,.T.);
#4506 = ORIENTED_EDGE('',*,*,#4507,.F.);
#4507 = EDGE_CURVE('',#4498,#4442,#4508,.T.);
#4508 = LINE('',#4509,#4510);
#4509 = CARTESIAN_POINT('',(83.7,54.7,48.4));
#4510 = VECTOR('',#4511,1.);
#4511 = DIRECTION('',(0.,0.,1.));
#4512 = PLANE('',#4513);
#4513 = AXIS2_PLACEMENT_3D('',#4514,#4515,#4516);
#4514 = CARTESIAN_POINT('',(-83.7,54.7,48.4));
#4515 = DIRECTION('',(0.,1.,0.));
#4516 = DIRECTION('',(0.,0.,1.));
#4517 = ADVANCED_FACE('',(#4518,#4529),#4563,.F.);
#4518 = FACE_BOUND('',#4519,.F.);
#4519 = EDGE_LOOP('',(#4520,#4521,#4522,#4528));
#4520 = ORIENTED_EDGE('',*,*,#4378,.F.);
#4521 = ORIENTED_EDGE('',*,*,#4408,.T.);
#4522 = ORIENTED_EDGE('',*,*,#4523,.T.);
#4523 = EDGE_CURVE('',#4409,#4498,#4524,.T.);
#4524 = LINE('',#4525,#4526);
#4525 = CARTESIAN_POINT('',(83.7,-43.09,48.4));
#4526 = VECTOR('',#4527,1.);
#4527 = DIRECTION('',(0.,1.,0.));
#4528 = ORIENTED_EDGE('',*,*,#4497,.F.);
#4529 = FACE_BOUND('',#4530,.F.);
#4530 = EDGE_LOOP('',(#4531,#4541,#4549,#4557));
#4531 = ORIENTED_EDGE('',*,*,#4532,.T.);
#4532 = EDGE_CURVE('',#4533,#4535,#4537,.T.);
#4533 = VERTEX_POINT('',#4534);
#4534 = CARTESIAN_POINT('',(82.3,-41.69,48.4));
#4535 = VERTEX_POINT('',#4536);
#4536 = CARTESIAN_POINT('',(-82.3,-41.69,48.4));
#4537 = LINE('',#4538,#4539);
#4538 = CARTESIAN_POINT('',(-83.,-41.69,48.4));
#4539 = VECTOR('',#4540,1.);
#4540 = DIRECTION('',(-1.,0.,0.));
#4541 = ORIENTED_EDGE('',*,*,#4542,.T.);
#4542 = EDGE_CURVE('',#4535,#4543,#4545,.T.);
#4543 = VERTEX_POINT('',#4544);
#4544 = CARTESIAN_POINT('',(-82.3,53.3,48.4));
#4545 = LINE('',#4546,#4547);
#4546 = CARTESIAN_POINT('',(-82.3,-42.39,48.4));
#4547 = VECTOR('',#4548,1.);
#4548 = DIRECTION('',(0.,1.,0.));
#4549 = ORIENTED_EDGE('',*,*,#4550,.F.);
#4550 = EDGE_CURVE('',#4551,#4543,#4553,.T.);
#4551 = VERTEX_POINT('',#4552);
#4552 = CARTESIAN_POINT('',(82.3,53.3,48.4));
#4553 = LINE('',#4554,#4555);
#4554 = CARTESIAN_POINT('',(-83.,53.3,48.4));
#4555 = VECTOR('',#4556,1.);
#4556 = DIRECTION('',(-1.,0.,0.));
#4557 = ORIENTED_EDGE('',*,*,#4558,.F.);
#4558 = EDGE_CURVE('',#4533,#4551,#4559,.T.);
#4559 = LINE('',#4560,#4561);
#4560 = CARTESIAN_POINT('',(82.3,-42.39,48.4));
#4561 = VECTOR('',#4562,1.);
#4562 = DIRECTION('',(0.,1.,0.));
#4563 = PLANE('',#4564);
#4564 = AXIS2_PLACEMENT_3D('',#4565,#4566,#4567);
#4565 = CARTESIAN_POINT('',(-83.7,-43.09,48.4));
#4566 = DIRECTION('',(0.,0.,1.));
#4567 = DIRECTION('',(1.,0.,0.));
#4568 = ADVANCED_FACE('',(#4569),#4575,.T.);
#4569 = FACE_BOUND('',#4570,.T.);
#4570 = EDGE_LOOP('',(#4571,#4572,#4573,#4574));
#4571 = ORIENTED_EDGE('',*,*,#4425,.F.);
#4572 = ORIENTED_EDGE('',*,*,#4523,.T.);
#4573 = ORIENTED_EDGE('',*,*,#4507,.T.);
#4574 = ORIENTED_EDGE('',*,*,#4441,.F.);
#4575 = PLANE('',#4576);
#4576 = AXIS2_PLACEMENT_3D('',#4577,#4578,#4579);
#4577 = CARTESIAN_POINT('',(83.7,-43.09,48.4));
#4578 = DIRECTION('',(1.,0.,0.));
#4579 = DIRECTION('',(0.,0.,1.));
#4580 = ADVANCED_FACE('',(#4581),#4597,.T.);
#4581 = FACE_BOUND('',#4582,.T.);
#4582 = EDGE_LOOP('',(#4583,#4589,#4590,#4596));
#4583 = ORIENTED_EDGE('',*,*,#4584,.F.);
#4584 = EDGE_CURVE('',#4533,#4458,#4585,.T.);
#4585 = LINE('',#4586,#4587);
#4586 = CARTESIAN_POINT('',(82.3,-41.69,47.));
#4587 = VECTOR('',#4588,1.);
#4588 = DIRECTION('',(0.,0.,1.));
#4589 = ORIENTED_EDGE('',*,*,#4532,.T.);
#4590 = ORIENTED_EDGE('',*,*,#4591,.T.);
#4591 = EDGE_CURVE('',#4535,#4460,#4592,.T.);
#4592 = LINE('',#4593,#4594);
#4593 = CARTESIAN_POINT('',(-82.3,-41.69,47.));
#4594 = VECTOR('',#4595,1.);
#4595 = DIRECTION('',(0.,0.,1.));
#4596 = ORIENTED_EDGE('',*,*,#4457,.F.);
#4597 = PLANE('',#4598);
#4598 = AXIS2_PLACEMENT_3D('',#4599,#4600,#4601);
#4599 = CARTESIAN_POINT('',(-82.3,-41.69,47.));
#4600 = DIRECTION('',(0.,1.,0.));
#4601 = DIRECTION('',(0.,0.,1.));
#4602 = ADVANCED_FACE('',(#4603),#4614,.F.);
#4603 = FACE_BOUND('',#4604,.F.);
#4604 = EDGE_LOOP('',(#4605,#4606,#4607,#4613));
#4605 = ORIENTED_EDGE('',*,*,#4584,.F.);
#4606 = ORIENTED_EDGE('',*,*,#4558,.T.);
#4607 = ORIENTED_EDGE('',*,*,#4608,.T.);
#4608 = EDGE_CURVE('',#4551,#4476,#4609,.T.);
#4609 = LINE('',#4610,#4611);
#4610 = CARTESIAN_POINT('',(82.3,53.3,47.));
#4611 = VECTOR('',#4612,1.);
#4612 = DIRECTION('',(0.,0.,1.));
#4613 = ORIENTED_EDGE('',*,*,#4483,.F.);
#4614 = PLANE('',#4615);
#4615 = AXIS2_PLACEMENT_3D('',#4616,#4617,#4618);
#4616 = CARTESIAN_POINT('',(82.3,-41.69,47.));
#4617 = DIRECTION('',(1.,0.,0.));
#4618 = DIRECTION('',(0.,0.,1.));
#4619 = ADVANCED_FACE('',(#4620),#4631,.F.);
#4620 = FACE_BOUND('',#4621,.F.);
#4621 = EDGE_LOOP('',(#4622,#4623,#4624,#4630));
#4622 = ORIENTED_EDGE('',*,*,#4608,.F.);
#4623 = ORIENTED_EDGE('',*,*,#4550,.T.);
#4624 = ORIENTED_EDGE('',*,*,#4625,.T.);
#4625 = EDGE_CURVE('',#4543,#4468,#4626,.T.);
#4626 = LINE('',#4627,#4628);
#4627 = CARTESIAN_POINT('',(-82.3,53.3,47.));
#4628 = VECTOR('',#4629,1.);
#4629 = DIRECTION('',(0.,0.,1.));
#4630 = ORIENTED_EDGE('',*,*,#4475,.F.);
#4631 = PLANE('',#4632);
#4632 = AXIS2_PLACEMENT_3D('',#4633,#4634,#4635);
#4633 = CARTESIAN_POINT('',(-82.3,53.3,47.));
#4634 = DIRECTION('',(0.,1.,0.));
#4635 = DIRECTION('',(0.,0.,1.));
#4636 = ADVANCED_FACE('',(#4637),#4643,.T.);
#4637 = FACE_BOUND('',#4638,.T.);
#4638 = EDGE_LOOP('',(#4639,#4640,#4641,#4642));
#4639 = ORIENTED_EDGE('',*,*,#4591,.F.);
#4640 = ORIENTED_EDGE('',*,*,#4542,.T.);
#4641 = ORIENTED_EDGE('',*,*,#4625,.T.);
#4642 = ORIENTED_EDGE('',*,*,#4467,.F.);
#4643 = PLANE('',#4644);
#4644 = AXIS2_PLACEMENT_3D('',#4645,#4646,#4647);
#4645 = CARTESIAN_POINT('',(-82.3,-41.69,47.));
#4646 = DIRECTION('',(1.,0.,0.));
#4647 = DIRECTION('',(0.,0.,1.));
#4648 = MANIFOLD_SOLID_BREP('',#4649);
#4649 = CLOSED_SHELL('',(#4650,#4690,#4721,#4752,#4783,#4824,#4855,#4896
    ,#4929,#4938,#4971,#4980,#5043,#5068,#5130,#5161,#5185,#5209,#5226,
    #5299,#5320,#5355,#5380,#5394));
#4650 = ADVANCED_FACE('',(#4651),#4685,.T.);
#4651 = FACE_BOUND('',#4652,.T.);
#4652 = EDGE_LOOP('',(#4653,#4663,#4671,#4679));
#4653 = ORIENTED_EDGE('',*,*,#4654,.F.);
#4654 = EDGE_CURVE('',#4655,#4657,#4659,.T.);
#4655 = VERTEX_POINT('',#4656);
#4656 = CARTESIAN_POINT('',(-75.5,-47.89,40.));
#4657 = VERTEX_POINT('',#4658);
#4658 = CARTESIAN_POINT('',(75.5,-47.89,40.));
#4659 = LINE('',#4660,#4661);
#4660 = CARTESIAN_POINT('',(-80.,-47.89,40.));
#4661 = VECTOR('',#4662,1.);
#4662 = DIRECTION('',(1.,0.,0.));
#4663 = ORIENTED_EDGE('',*,*,#4664,.F.);
#4664 = EDGE_CURVE('',#4665,#4655,#4667,.T.);
#4665 = VERTEX_POINT('',#4666);
#4666 = CARTESIAN_POINT('',(-75.5,-50.89,40.));
#4667 = LINE('',#4668,#4669);
#4668 = CARTESIAN_POINT('',(-75.5,-50.89,40.));
#4669 = VECTOR('',#4670,1.);
#4670 = DIRECTION('',(0.,1.,0.));
#4671 = ORIENTED_EDGE('',*,*,#4672,.T.);
#4672 = EDGE_CURVE('',#4665,#4673,#4675,.T.);
#4673 = VERTEX_POINT('',#4674);
#4674 = CARTESIAN_POINT('',(75.5,-50.89,40.));
#4675 = LINE('',#4676,#4677);
#4676 = CARTESIAN_POINT('',(-80.,-50.89,40.));
#4677 = VECTOR('',#4678,1.);
#4678 = DIRECTION('',(1.,0.,0.));
#4679 = ORIENTED_EDGE('',*,*,#4680,.T.);
#4680 = EDGE_CURVE('',#4673,#4657,#4681,.T.);
#4681 = LINE('',#4682,#4683);
#4682 = CARTESIAN_POINT('',(75.5,-50.89,40.));
#4683 = VECTOR('',#4684,1.);
#4684 = DIRECTION('',(0.,1.,0.));
#4685 = PLANE('',#4686);
#4686 = AXIS2_PLACEMENT_3D('',#4687,#4688,#4689);
#4687 = CARTESIAN_POINT('',(-80.,-50.89,40.));
#4688 = DIRECTION('',(0.,0.,1.));
#4689 = DIRECTION('',(1.,0.,0.));
#4690 = ADVANCED_FACE('',(#4691),#4716,.F.);
#4691 = FACE_BOUND('',#4692,.F.);
#4692 = EDGE_LOOP('',(#4693,#4701,#4702,#4710));
#4693 = ORIENTED_EDGE('',*,*,#4694,.F.);
#4694 = EDGE_CURVE('',#4673,#4695,#4697,.T.);
#4695 = VERTEX_POINT('',#4696);
#4696 = CARTESIAN_POINT('',(75.5,-50.89,48.));
#4697 = LINE('',#4698,#4699);
#4698 = CARTESIAN_POINT('',(75.5,-50.89,38.));
#4699 = VECTOR('',#4700,1.);
#4700 = DIRECTION('',(0.,0.,1.));
#4701 = ORIENTED_EDGE('',*,*,#4680,.T.);
#4702 = ORIENTED_EDGE('',*,*,#4703,.T.);
#4703 = EDGE_CURVE('',#4657,#4704,#4706,.T.);
#4704 = VERTEX_POINT('',#4705);
#4705 = CARTESIAN_POINT('',(75.5,-47.89,48.));
#4706 = LINE('',#4707,#4708);
#4707 = CARTESIAN_POINT('',(75.5,-47.89,38.));
#4708 = VECTOR('',#4709,1.);
#4709 = DIRECTION('',(0.,0.,1.));
#4710 = ORIENTED_EDGE('',*,*,#4711,.F.);
#4711 = EDGE_CURVE('',#4695,#4704,#4712,.T.);
#4712 = LINE('',#4713,#4714);
#4713 = CARTESIAN_POINT('',(75.5,-50.89,48.));
#4714 = VECTOR('',#4715,1.);
#4715 = DIRECTION('',(0.,1.,0.));
#4716 = PLANE('',#4717);
#4717 = AXIS2_PLACEMENT_3D('',#4718,#4719,#4720);
#4718 = CARTESIAN_POINT('',(75.5,-50.89,38.));
#4719 = DIRECTION('',(1.,0.,0.));
#4720 = DIRECTION('',(0.,0.,1.));
#4721 = ADVANCED_FACE('',(#4722),#4747,.T.);
#4722 = FACE_BOUND('',#4723,.T.);
#4723 = EDGE_LOOP('',(#4724,#4732,#4733,#4741));
#4724 = ORIENTED_EDGE('',*,*,#4725,.F.);
#4725 = EDGE_CURVE('',#4665,#4726,#4728,.T.);
#4726 = VERTEX_POINT('',#4727);
#4727 = CARTESIAN_POINT('',(-75.5,-50.89,48.));
#4728 = LINE('',#4729,#4730);
#4729 = CARTESIAN_POINT('',(-75.5,-50.89,38.));
#4730 = VECTOR('',#4731,1.);
#4731 = DIRECTION('',(0.,0.,1.));
#4732 = ORIENTED_EDGE('',*,*,#4664,.T.);
#4733 = ORIENTED_EDGE('',*,*,#4734,.T.);
#4734 = EDGE_CURVE('',#4655,#4735,#4737,.T.);
#4735 = VERTEX_POINT('',#4736);
#4736 = CARTESIAN_POINT('',(-75.5,-47.89,48.));
#4737 = LINE('',#4738,#4739);
#4738 = CARTESIAN_POINT('',(-75.5,-47.89,38.));
#4739 = VECTOR('',#4740,1.);
#4740 = DIRECTION('',(0.,0.,1.));
#4741 = ORIENTED_EDGE('',*,*,#4742,.F.);
#4742 = EDGE_CURVE('',#4726,#4735,#4743,.T.);
#4743 = LINE('',#4744,#4745);
#4744 = CARTESIAN_POINT('',(-75.5,-50.89,48.));
#4745 = VECTOR('',#4746,1.);
#4746 = DIRECTION('',(0.,1.,0.));
#4747 = PLANE('',#4748);
#4748 = AXIS2_PLACEMENT_3D('',#4749,#4750,#4751);
#4749 = CARTESIAN_POINT('',(-75.5,-50.89,38.));
#4750 = DIRECTION('',(1.,0.,0.));
#4751 = DIRECTION('',(0.,0.,1.));
#4752 = ADVANCED_FACE('',(#4753),#4778,.T.);
#4753 = FACE_BOUND('',#4754,.T.);
#4754 = EDGE_LOOP('',(#4755,#4756,#4764,#4772));
#4755 = ORIENTED_EDGE('',*,*,#4711,.F.);
#4756 = ORIENTED_EDGE('',*,*,#4757,.T.);
#4757 = EDGE_CURVE('',#4695,#4758,#4760,.T.);
#4758 = VERTEX_POINT('',#4759);
#4759 = CARTESIAN_POINT('',(80.,-50.89,48.));
#4760 = LINE('',#4761,#4762);
#4761 = CARTESIAN_POINT('',(75.5,-50.89,48.));
#4762 = VECTOR('',#4763,1.);
#4763 = DIRECTION('',(1.,0.,0.));
#4764 = ORIENTED_EDGE('',*,*,#4765,.T.);
#4765 = EDGE_CURVE('',#4758,#4766,#4768,.T.);
#4766 = VERTEX_POINT('',#4767);
#4767 = CARTESIAN_POINT('',(80.,-47.89,48.));
#4768 = LINE('',#4769,#4770);
#4769 = CARTESIAN_POINT('',(80.,-50.89,48.));
#4770 = VECTOR('',#4771,1.);
#4771 = DIRECTION('',(0.,1.,0.));
#4772 = ORIENTED_EDGE('',*,*,#4773,.F.);
#4773 = EDGE_CURVE('',#4704,#4766,#4774,.T.);
#4774 = LINE('',#4775,#4776);
#4775 = CARTESIAN_POINT('',(75.5,-47.89,48.));
#4776 = VECTOR('',#4777,1.);
#4777 = DIRECTION('',(1.,0.,0.));
#4778 = PLANE('',#4779);
#4779 = AXIS2_PLACEMENT_3D('',#4780,#4781,#4782);
#4780 = CARTESIAN_POINT('',(75.5,-50.89,48.));
#4781 = DIRECTION('',(0.,0.,1.));
#4782 = DIRECTION('',(1.,0.,0.));
#4783 = ADVANCED_FACE('',(#4784),#4819,.T.);
#4784 = FACE_BOUND('',#4785,.T.);
#4785 = EDGE_LOOP('',(#4786,#4794,#4803,#4812,#4818));
#4786 = ORIENTED_EDGE('',*,*,#4787,.F.);
#4787 = EDGE_CURVE('',#4788,#4758,#4790,.T.);
#4788 = VERTEX_POINT('',#4789);
#4789 = CARTESIAN_POINT('',(80.,-50.89,44.));
#4790 = LINE('',#4791,#4792);
#4791 = CARTESIAN_POINT('',(80.,-50.89,38.));
#4792 = VECTOR('',#4793,1.);
#4793 = DIRECTION('',(0.,0.,1.));
#4794 = ORIENTED_EDGE('',*,*,#4795,.F.);
#4795 = EDGE_CURVE('',#4796,#4788,#4798,.T.);
#4796 = VERTEX_POINT('',#4797);
#4797 = CARTESIAN_POINT('',(80.,-49.39,45.5));
#4798 = CIRCLE('',#4799,1.5);
#4799 = AXIS2_PLACEMENT_3D('',#4800,#4801,#4802);
#4800 = CARTESIAN_POINT('',(80.,-49.39,44.));
#4801 = DIRECTION('',(1.,0.,-0.));
#4802 = DIRECTION('',(0.,0.,1.));
#4803 = ORIENTED_EDGE('',*,*,#4804,.F.);
#4804 = EDGE_CURVE('',#4805,#4796,#4807,.T.);
#4805 = VERTEX_POINT('',#4806);
#4806 = CARTESIAN_POINT('',(80.,-47.89,44.));
#4807 = CIRCLE('',#4808,1.5);
#4808 = AXIS2_PLACEMENT_3D('',#4809,#4810,#4811);
#4809 = CARTESIAN_POINT('',(80.,-49.39,44.));
#4810 = DIRECTION('',(1.,0.,-0.));
#4811 = DIRECTION('',(0.,0.,1.));
#4812 = ORIENTED_EDGE('',*,*,#4813,.T.);
#4813 = EDGE_CURVE('',#4805,#4766,#4814,.T.);
#4814 = LINE('',#4815,#4816);
#4815 = CARTESIAN_POINT('',(80.,-47.89,38.));
#4816 = VECTOR('',#4817,1.);
#4817 = DIRECTION('',(0.,0.,1.));
#4818 = ORIENTED_EDGE('',*,*,#4765,.F.);
#4819 = PLANE('',#4820);
#4820 = AXIS2_PLACEMENT_3D('',#4821,#4822,#4823);
#4821 = CARTESIAN_POINT('',(80.,-50.89,38.));
#4822 = DIRECTION('',(1.,0.,0.));
#4823 = DIRECTION('',(0.,0.,1.));
#4824 = ADVANCED_FACE('',(#4825),#4850,.T.);
#4825 = FACE_BOUND('',#4826,.T.);
#4826 = EDGE_LOOP('',(#4827,#4837,#4843,#4844));
#4827 = ORIENTED_EDGE('',*,*,#4828,.F.);
#4828 = EDGE_CURVE('',#4829,#4831,#4833,.T.);
#4829 = VERTEX_POINT('',#4830);
#4830 = CARTESIAN_POINT('',(-80.,-50.89,48.));
#4831 = VERTEX_POINT('',#4832);
#4832 = CARTESIAN_POINT('',(-80.,-47.89,48.));
#4833 = LINE('',#4834,#4835);
#4834 = CARTESIAN_POINT('',(-80.,-50.89,48.));
#4835 = VECTOR('',#4836,1.);
#4836 = DIRECTION('',(0.,1.,0.));
#4837 = ORIENTED_EDGE('',*,*,#4838,.T.);
#4838 = EDGE_CURVE('',#4829,#4726,#4839,.T.);
#4839 = LINE('',#4840,#4841);
#4840 = CARTESIAN_POINT('',(-80.,-50.89,48.));
#4841 = VECTOR('',#4842,1.);
#4842 = DIRECTION('',(1.,0.,0.));
#4843 = ORIENTED_EDGE('',*,*,#4742,.T.);
#4844 = ORIENTED_EDGE('',*,*,#4845,.F.);
#4845 = EDGE_CURVE('',#4831,#4735,#4846,.T.);
#4846 = LINE('',#4847,#4848);
#4847 = CARTESIAN_POINT('',(-80.,-47.89,48.));
#4848 = VECTOR('',#4849,1.);
#4849 = DIRECTION('',(1.,0.,0.));
#4850 = PLANE('',#4851);
#4851 = AXIS2_PLACEMENT_3D('',#4852,#4853,#4854);
#4852 = CARTESIAN_POINT('',(-80.,-50.89,48.));
#4853 = DIRECTION('',(0.,0.,1.));
#4854 = DIRECTION('',(1.,0.,0.));
#4855 = ADVANCED_FACE('',(#4856),#4891,.F.);
#4856 = FACE_BOUND('',#4857,.F.);
#4857 = EDGE_LOOP('',(#4858,#4866,#4875,#4884,#4890));
#4858 = ORIENTED_EDGE('',*,*,#4859,.F.);
#4859 = EDGE_CURVE('',#4860,#4829,#4862,.T.);
#4860 = VERTEX_POINT('',#4861);
#4861 = CARTESIAN_POINT('',(-80.,-50.89,44.));
#4862 = LINE('',#4863,#4864);
#4863 = CARTESIAN_POINT('',(-80.,-50.89,38.));
#4864 = VECTOR('',#4865,1.);
#4865 = DIRECTION('',(0.,0.,1.));
#4866 = ORIENTED_EDGE('',*,*,#4867,.F.);
#4867 = EDGE_CURVE('',#4868,#4860,#4870,.T.);
#4868 = VERTEX_POINT('',#4869);
#4869 = CARTESIAN_POINT('',(-80.,-49.39,45.5));
#4870 = CIRCLE('',#4871,1.5);
#4871 = AXIS2_PLACEMENT_3D('',#4872,#4873,#4874);
#4872 = CARTESIAN_POINT('',(-80.,-49.39,44.));
#4873 = DIRECTION('',(1.,0.,-0.));
#4874 = DIRECTION('',(0.,0.,1.));
#4875 = ORIENTED_EDGE('',*,*,#4876,.F.);
#4876 = EDGE_CURVE('',#4877,#4868,#4879,.T.);
#4877 = VERTEX_POINT('',#4878);
#4878 = CARTESIAN_POINT('',(-80.,-47.89,44.));
#4879 = CIRCLE('',#4880,1.5);
#4880 = AXIS2_PLACEMENT_3D('',#4881,#4882,#4883);
#4881 = CARTESIAN_POINT('',(-80.,-49.39,44.));
#4882 = DIRECTION('',(1.,0.,-0.));
#4883 = DIRECTION('',(0.,0.,1.));
#4884 = ORIENTED_EDGE('',*,*,#4885,.T.);
#4885 = EDGE_CURVE('',#4877,#4831,#4886,.T.);
#4886 = LINE('',#4887,#4888);
#4887 = CARTESIAN_POINT('',(-80.,-47.89,38.));
#4888 = VECTOR('',#4889,1.);
#4889 = DIRECTION('',(0.,0.,1.));
#4890 = ORIENTED_EDGE('',*,*,#4828,.F.);
#4891 = PLANE('',#4892);
#4892 = AXIS2_PLACEMENT_3D('',#4893,#4894,#4895);
#4893 = CARTESIAN_POINT('',(-80.,-50.89,38.));
#4894 = DIRECTION('',(1.,0.,0.));
#4895 = DIRECTION('',(0.,0.,1.));
#4896 = ADVANCED_FACE('',(#4897),#4924,.T.);
#4897 = FACE_BOUND('',#4898,.T.);
#4898 = EDGE_LOOP('',(#4899,#4907,#4908,#4915,#4916,#4917));
#4899 = ORIENTED_EDGE('',*,*,#4900,.T.);
#4900 = EDGE_CURVE('',#4901,#4868,#4903,.T.);
#4901 = VERTEX_POINT('',#4902);
#4902 = CARTESIAN_POINT('',(-83.5,-49.39,45.5));
#4903 = LINE('',#4904,#4905);
#4904 = CARTESIAN_POINT('',(-83.5,-49.39,45.5));
#4905 = VECTOR('',#4906,1.);
#4906 = DIRECTION('',(1.,0.,0.));
#4907 = ORIENTED_EDGE('',*,*,#4876,.F.);
#4908 = ORIENTED_EDGE('',*,*,#4909,.F.);
#4909 = EDGE_CURVE('',#4860,#4877,#4910,.T.);
#4910 = CIRCLE('',#4911,1.5);
#4911 = AXIS2_PLACEMENT_3D('',#4912,#4913,#4914);
#4912 = CARTESIAN_POINT('',(-80.,-49.39,44.));
#4913 = DIRECTION('',(1.,0.,-0.));
#4914 = DIRECTION('',(0.,0.,1.));
#4915 = ORIENTED_EDGE('',*,*,#4867,.F.);
#4916 = ORIENTED_EDGE('',*,*,#4900,.F.);
#4917 = ORIENTED_EDGE('',*,*,#4918,.T.);
#4918 = EDGE_CURVE('',#4901,#4901,#4919,.T.);
#4919 = CIRCLE('',#4920,1.5);
#4920 = AXIS2_PLACEMENT_3D('',#4921,#4922,#4923);
#4921 = CARTESIAN_POINT('',(-83.5,-49.39,44.));
#4922 = DIRECTION('',(1.,0.,-0.));
#4923 = DIRECTION('',(0.,0.,1.));
#4924 = CYLINDRICAL_SURFACE('',#4925,1.5);
#4925 = AXIS2_PLACEMENT_3D('',#4926,#4927,#4928);
#4926 = CARTESIAN_POINT('',(-83.5,-49.39,44.));
#4927 = DIRECTION('',(1.,0.,0.));
#4928 = DIRECTION('',(0.,0.,1.));
#4929 = ADVANCED_FACE('',(#4930),#4933,.F.);
#4930 = FACE_BOUND('',#4931,.T.);
#4931 = EDGE_LOOP('',(#4932));
#4932 = ORIENTED_EDGE('',*,*,#4918,.F.);
#4933 = PLANE('',#4934);
#4934 = AXIS2_PLACEMENT_3D('',#4935,#4936,#4937);
#4935 = CARTESIAN_POINT('',(-83.5,-49.39,44.));
#4936 = DIRECTION('',(1.,0.,0.));
#4937 = DIRECTION('',(0.,0.,1.));
#4938 = ADVANCED_FACE('',(#4939),#4966,.T.);
#4939 = FACE_BOUND('',#4940,.T.);
#4940 = EDGE_LOOP('',(#4941,#4949,#4956,#4957,#4958,#4965));
#4941 = ORIENTED_EDGE('',*,*,#4942,.T.);
#4942 = EDGE_CURVE('',#4796,#4943,#4945,.T.);
#4943 = VERTEX_POINT('',#4944);
#4944 = CARTESIAN_POINT('',(83.5,-49.39,45.5));
#4945 = LINE('',#4946,#4947);
#4946 = CARTESIAN_POINT('',(80.,-49.39,45.5));
#4947 = VECTOR('',#4948,1.);
#4948 = DIRECTION('',(1.,0.,0.));
#4949 = ORIENTED_EDGE('',*,*,#4950,.F.);
#4950 = EDGE_CURVE('',#4943,#4943,#4951,.T.);
#4951 = CIRCLE('',#4952,1.5);
#4952 = AXIS2_PLACEMENT_3D('',#4953,#4954,#4955);
#4953 = CARTESIAN_POINT('',(83.5,-49.39,44.));
#4954 = DIRECTION('',(1.,0.,-0.));
#4955 = DIRECTION('',(0.,0.,1.));
#4956 = ORIENTED_EDGE('',*,*,#4942,.F.);
#4957 = ORIENTED_EDGE('',*,*,#4795,.T.);
#4958 = ORIENTED_EDGE('',*,*,#4959,.T.);
#4959 = EDGE_CURVE('',#4788,#4805,#4960,.T.);
#4960 = CIRCLE('',#4961,1.5);
#4961 = AXIS2_PLACEMENT_3D('',#4962,#4963,#4964);
#4962 = CARTESIAN_POINT('',(80.,-49.39,44.));
#4963 = DIRECTION('',(1.,0.,-0.));
#4964 = DIRECTION('',(0.,0.,1.));
#4965 = ORIENTED_EDGE('',*,*,#4804,.T.);
#4966 = CYLINDRICAL_SURFACE('',#4967,1.5);
#4967 = AXIS2_PLACEMENT_3D('',#4968,#4969,#4970);
#4968 = CARTESIAN_POINT('',(80.,-49.39,44.));
#4969 = DIRECTION('',(1.,0.,0.));
#4970 = DIRECTION('',(0.,0.,1.));
#4971 = ADVANCED_FACE('',(#4972),#4975,.T.);
#4972 = FACE_BOUND('',#4973,.T.);
#4973 = EDGE_LOOP('',(#4974));
#4974 = ORIENTED_EDGE('',*,*,#4950,.T.);
#4975 = PLANE('',#4976);
#4976 = AXIS2_PLACEMENT_3D('',#4977,#4978,#4979);
#4977 = CARTESIAN_POINT('',(83.5,-49.39,44.));
#4978 = DIRECTION('',(1.,0.,0.));
#4979 = DIRECTION('',(0.,0.,1.));
#4980 = ADVANCED_FACE('',(#4981),#5038,.T.);
#4981 = FACE_BOUND('',#4982,.T.);
#4982 = EDGE_LOOP('',(#4983,#4991,#4992,#5000,#5008,#5016,#5024,#5032));
#4983 = ORIENTED_EDGE('',*,*,#4984,.T.);
#4984 = EDGE_CURVE('',#4985,#4860,#4987,.T.);
#4985 = VERTEX_POINT('',#4986);
#4986 = CARTESIAN_POINT('',(-80.,-50.89,0.3));
#4987 = LINE('',#4988,#4989);
#4988 = CARTESIAN_POINT('',(-80.,-50.89,0.3));
#4989 = VECTOR('',#4990,1.);
#4990 = DIRECTION('',(0.,0.,1.));
#4991 = ORIENTED_EDGE('',*,*,#4909,.T.);
#4992 = ORIENTED_EDGE('',*,*,#4993,.F.);
#4993 = EDGE_CURVE('',#4994,#4877,#4996,.T.);
#4994 = VERTEX_POINT('',#4995);
#4995 = CARTESIAN_POINT('',(-80.,-47.89,21.833030277982));
#4996 = LINE('',#4997,#4998);
#4997 = CARTESIAN_POINT('',(-80.,-47.89,38.));
#4998 = VECTOR('',#4999,1.);
#4999 = DIRECTION('',(0.,0.,1.));
#5000 = ORIENTED_EDGE('',*,*,#5001,.F.);
#5001 = EDGE_CURVE('',#5002,#4994,#5004,.T.);
#5002 = VERTEX_POINT('',#5003);
#5003 = CARTESIAN_POINT('',(-80.,-49.88,21.833030277982));
#5004 = LINE('',#5005,#5006);
#5005 = CARTESIAN_POINT('',(-80.,-49.88,21.833030277982));
#5006 = VECTOR('',#5007,1.);
#5007 = DIRECTION('',(0.,1.,0.));
#5008 = ORIENTED_EDGE('',*,*,#5009,.F.);
#5009 = EDGE_CURVE('',#5010,#5002,#5012,.T.);
#5010 = VERTEX_POINT('',#5011);
#5011 = CARTESIAN_POINT('',(-80.,-49.88,18.166969722018));
#5012 = LINE('',#5013,#5014);
#5013 = CARTESIAN_POINT('',(-80.,-49.88,10.15));
#5014 = VECTOR('',#5015,1.);
#5015 = DIRECTION('',(0.,0.,1.));
#5016 = ORIENTED_EDGE('',*,*,#5017,.T.);
#5017 = EDGE_CURVE('',#5010,#5018,#5020,.T.);
#5018 = VERTEX_POINT('',#5019);
#5019 = CARTESIAN_POINT('',(-80.,-47.89,18.166969722018));
#5020 = LINE('',#5021,#5022);
#5021 = CARTESIAN_POINT('',(-80.,-49.88,18.166969722018));
#5022 = VECTOR('',#5023,1.);
#5023 = DIRECTION('',(0.,1.,0.));
#5024 = ORIENTED_EDGE('',*,*,#5025,.F.);
#5025 = EDGE_CURVE('',#5026,#5018,#5028,.T.);
#5026 = VERTEX_POINT('',#5027);
#5027 = CARTESIAN_POINT('',(-80.,-47.89,0.3));
#5028 = LINE('',#5029,#5030);
#5029 = CARTESIAN_POINT('',(-80.,-47.89,0.3));
#5030 = VECTOR('',#5031,1.);
#5031 = DIRECTION('',(0.,0.,1.));
#5032 = ORIENTED_EDGE('',*,*,#5033,.F.);
#5033 = EDGE_CURVE('',#4985,#5026,#5034,.T.);
#5034 = LINE('',#5035,#5036);
#5035 = CARTESIAN_POINT('',(-80.,-50.89,0.3));
#5036 = VECTOR('',#5037,1.);
#5037 = DIRECTION('',(0.,1.,0.));
#5038 = PLANE('',#5039);
#5039 = AXIS2_PLACEMENT_3D('',#5040,#5041,#5042);
#5040 = CARTESIAN_POINT('',(-80.,-49.44345429314,22.355510575273));
#5041 = DIRECTION('',(-1.,-0.,-0.));
#5042 = DIRECTION('',(0.,0.,-1.));
#5043 = ADVANCED_FACE('',(#5044),#5063,.T.);
#5044 = FACE_BOUND('',#5045,.T.);
#5045 = EDGE_LOOP('',(#5046,#5055,#5062));
#5046 = ORIENTED_EDGE('',*,*,#5047,.T.);
#5047 = EDGE_CURVE('',#5002,#5048,#5050,.T.);
#5048 = VERTEX_POINT('',#5049);
#5049 = CARTESIAN_POINT('',(-77.5,-49.88,23.1));
#5050 = CIRCLE('',#5051,3.1);
#5051 = AXIS2_PLACEMENT_3D('',#5052,#5053,#5054);
#5052 = CARTESIAN_POINT('',(-77.5,-49.88,20.));
#5053 = DIRECTION('',(0.,1.,0.));
#5054 = DIRECTION('',(0.,0.,1.));
#5055 = ORIENTED_EDGE('',*,*,#5056,.T.);
#5056 = EDGE_CURVE('',#5048,#5010,#5057,.T.);
#5057 = CIRCLE('',#5058,3.1);
#5058 = AXIS2_PLACEMENT_3D('',#5059,#5060,#5061);
#5059 = CARTESIAN_POINT('',(-77.5,-49.88,20.));
#5060 = DIRECTION('',(0.,1.,0.));
#5061 = DIRECTION('',(0.,0.,1.));
#5062 = ORIENTED_EDGE('',*,*,#5009,.T.);
#5063 = PLANE('',#5064);
#5064 = AXIS2_PLACEMENT_3D('',#5065,#5066,#5067);
#5065 = CARTESIAN_POINT('',(-77.5,-49.88,20.));
#5066 = DIRECTION('',(0.,1.,0.));
#5067 = DIRECTION('',(0.,0.,1.));
#5068 = ADVANCED_FACE('',(#5069),#5125,.T.);
#5069 = FACE_BOUND('',#5070,.T.);
#5070 = EDGE_LOOP('',(#5071,#5079,#5080,#5081,#5082,#5083,#5084,#5085,
    #5086,#5087,#5095,#5103,#5111,#5119));
#5071 = ORIENTED_EDGE('',*,*,#5072,.T.);
#5072 = EDGE_CURVE('',#5073,#4788,#5075,.T.);
#5073 = VERTEX_POINT('',#5074);
#5074 = CARTESIAN_POINT('',(80.,-50.89,0.3));
#5075 = LINE('',#5076,#5077);
#5076 = CARTESIAN_POINT('',(80.,-50.89,0.3));
#5077 = VECTOR('',#5078,1.);
#5078 = DIRECTION('',(0.,0.,1.));
#5079 = ORIENTED_EDGE('',*,*,#4787,.T.);
#5080 = ORIENTED_EDGE('',*,*,#4757,.F.);
#5081 = ORIENTED_EDGE('',*,*,#4694,.F.);
#5082 = ORIENTED_EDGE('',*,*,#4672,.F.);
#5083 = ORIENTED_EDGE('',*,*,#4725,.T.);
#5084 = ORIENTED_EDGE('',*,*,#4838,.F.);
#5085 = ORIENTED_EDGE('',*,*,#4859,.F.);
#5086 = ORIENTED_EDGE('',*,*,#4984,.F.);
#5087 = ORIENTED_EDGE('',*,*,#5088,.T.);
#5088 = EDGE_CURVE('',#4985,#5089,#5091,.T.);
#5089 = VERTEX_POINT('',#5090);
#5090 = CARTESIAN_POINT('',(-60.,-50.89,0.3));
#5091 = LINE('',#5092,#5093);
#5092 = CARTESIAN_POINT('',(-80.,-50.89,0.3));
#5093 = VECTOR('',#5094,1.);
#5094 = DIRECTION('',(1.,0.,0.));
#5095 = ORIENTED_EDGE('',*,*,#5096,.F.);
#5096 = EDGE_CURVE('',#5097,#5089,#5099,.T.);
#5097 = VERTEX_POINT('',#5098);
#5098 = CARTESIAN_POINT('',(-60.,-50.89,5.5));
#5099 = LINE('',#5100,#5101);
#5100 = CARTESIAN_POINT('',(-60.,-50.89,0.3));
#5101 = VECTOR('',#5102,1.);
#5102 = DIRECTION('',(0.,0.,-1.));
#5103 = ORIENTED_EDGE('',*,*,#5104,.T.);
#5104 = EDGE_CURVE('',#5097,#5105,#5107,.T.);
#5105 = VERTEX_POINT('',#5106);
#5106 = CARTESIAN_POINT('',(60.,-50.89,5.5));
#5107 = LINE('',#5108,#5109);
#5108 = CARTESIAN_POINT('',(-70.,-50.89,5.5));
#5109 = VECTOR('',#5110,1.);
#5110 = DIRECTION('',(1.,0.,0.));
#5111 = ORIENTED_EDGE('',*,*,#5112,.T.);
#5112 = EDGE_CURVE('',#5105,#5113,#5115,.T.);
#5113 = VERTEX_POINT('',#5114);
#5114 = CARTESIAN_POINT('',(60.,-50.89,0.3));
#5115 = LINE('',#5116,#5117);
#5116 = CARTESIAN_POINT('',(60.,-50.89,0.3));
#5117 = VECTOR('',#5118,1.);
#5118 = DIRECTION('',(0.,0.,-1.));
#5119 = ORIENTED_EDGE('',*,*,#5120,.T.);
#5120 = EDGE_CURVE('',#5113,#5073,#5121,.T.);
#5121 = LINE('',#5122,#5123);
#5122 = CARTESIAN_POINT('',(-80.,-50.89,0.3));
#5123 = VECTOR('',#5124,1.);
#5124 = DIRECTION('',(1.,0.,0.));
#5125 = PLANE('',#5126);
#5126 = AXIS2_PLACEMENT_3D('',#5127,#5128,#5129);
#5127 = CARTESIAN_POINT('',(0.,-50.89,23.046785875962));
#5128 = DIRECTION('',(-0.,-1.,-0.));
#5129 = DIRECTION('',(0.,0.,-1.));
#5130 = ADVANCED_FACE('',(#5131),#5156,.F.);
#5131 = FACE_BOUND('',#5132,.F.);
#5132 = EDGE_LOOP('',(#5133,#5141,#5149,#5155));
#5133 = ORIENTED_EDGE('',*,*,#5134,.F.);
#5134 = EDGE_CURVE('',#5135,#5097,#5137,.T.);
#5135 = VERTEX_POINT('',#5136);
#5136 = CARTESIAN_POINT('',(-60.,-55.89,5.5));
#5137 = LINE('',#5138,#5139);
#5138 = CARTESIAN_POINT('',(-60.,-55.89,5.5));
#5139 = VECTOR('',#5140,1.);
#5140 = DIRECTION('',(0.,1.,0.));
#5141 = ORIENTED_EDGE('',*,*,#5142,.F.);
#5142 = EDGE_CURVE('',#5143,#5135,#5145,.T.);
#5143 = VERTEX_POINT('',#5144);
#5144 = CARTESIAN_POINT('',(-60.,-55.89,0.3));
#5145 = LINE('',#5146,#5147);
#5146 = CARTESIAN_POINT('',(-60.,-55.89,0.3));
#5147 = VECTOR('',#5148,1.);
#5148 = DIRECTION('',(0.,0.,1.));
#5149 = ORIENTED_EDGE('',*,*,#5150,.T.);
#5150 = EDGE_CURVE('',#5143,#5089,#5151,.T.);
#5151 = LINE('',#5152,#5153);
#5152 = CARTESIAN_POINT('',(-60.,-55.89,0.3));
#5153 = VECTOR('',#5154,1.);
#5154 = DIRECTION('',(0.,1.,0.));
#5155 = ORIENTED_EDGE('',*,*,#5096,.F.);
#5156 = PLANE('',#5157);
#5157 = AXIS2_PLACEMENT_3D('',#5158,#5159,#5160);
#5158 = CARTESIAN_POINT('',(-60.,-55.89,0.3));
#5159 = DIRECTION('',(1.,0.,0.));
#5160 = DIRECTION('',(0.,0.,1.));
#5161 = ADVANCED_FACE('',(#5162),#5180,.T.);
#5162 = FACE_BOUND('',#5163,.T.);
#5163 = EDGE_LOOP('',(#5164,#5165,#5173,#5179));
#5164 = ORIENTED_EDGE('',*,*,#5134,.F.);
#5165 = ORIENTED_EDGE('',*,*,#5166,.T.);
#5166 = EDGE_CURVE('',#5135,#5167,#5169,.T.);
#5167 = VERTEX_POINT('',#5168);
#5168 = CARTESIAN_POINT('',(60.,-55.89,5.5));
#5169 = LINE('',#5170,#5171);
#5170 = CARTESIAN_POINT('',(-60.,-55.89,5.5));
#5171 = VECTOR('',#5172,1.);
#5172 = DIRECTION('',(1.,0.,0.));
#5173 = ORIENTED_EDGE('',*,*,#5174,.T.);
#5174 = EDGE_CURVE('',#5167,#5105,#5175,.T.);
#5175 = LINE('',#5176,#5177);
#5176 = CARTESIAN_POINT('',(60.,-55.89,5.5));
#5177 = VECTOR('',#5178,1.);
#5178 = DIRECTION('',(0.,1.,0.));
#5179 = ORIENTED_EDGE('',*,*,#5104,.F.);
#5180 = PLANE('',#5181);
#5181 = AXIS2_PLACEMENT_3D('',#5182,#5183,#5184);
#5182 = CARTESIAN_POINT('',(-60.,-55.89,5.5));
#5183 = DIRECTION('',(0.,0.,1.));
#5184 = DIRECTION('',(1.,0.,0.));
#5185 = ADVANCED_FACE('',(#5186),#5204,.T.);
#5186 = FACE_BOUND('',#5187,.T.);
#5187 = EDGE_LOOP('',(#5188,#5189,#5197,#5203));
#5188 = ORIENTED_EDGE('',*,*,#5174,.F.);
#5189 = ORIENTED_EDGE('',*,*,#5190,.F.);
#5190 = EDGE_CURVE('',#5191,#5167,#5193,.T.);
#5191 = VERTEX_POINT('',#5192);
#5192 = CARTESIAN_POINT('',(60.,-55.89,0.3));
#5193 = LINE('',#5194,#5195);
#5194 = CARTESIAN_POINT('',(60.,-55.89,0.3));
#5195 = VECTOR('',#5196,1.);
#5196 = DIRECTION('',(0.,0.,1.));
#5197 = ORIENTED_EDGE('',*,*,#5198,.T.);
#5198 = EDGE_CURVE('',#5191,#5113,#5199,.T.);
#5199 = LINE('',#5200,#5201);
#5200 = CARTESIAN_POINT('',(60.,-55.89,0.3));
#5201 = VECTOR('',#5202,1.);
#5202 = DIRECTION('',(0.,1.,0.));
#5203 = ORIENTED_EDGE('',*,*,#5112,.F.);
#5204 = PLANE('',#5205);
#5205 = AXIS2_PLACEMENT_3D('',#5206,#5207,#5208);
#5206 = CARTESIAN_POINT('',(60.,-55.89,0.3));
#5207 = DIRECTION('',(1.,0.,0.));
#5208 = DIRECTION('',(0.,0.,1.));
#5209 = ADVANCED_FACE('',(#5210),#5221,.F.);
#5210 = FACE_BOUND('',#5211,.F.);
#5211 = EDGE_LOOP('',(#5212,#5218,#5219,#5220));
#5212 = ORIENTED_EDGE('',*,*,#5213,.F.);
#5213 = EDGE_CURVE('',#5143,#5191,#5214,.T.);
#5214 = LINE('',#5215,#5216);
#5215 = CARTESIAN_POINT('',(-60.,-55.89,0.3));
#5216 = VECTOR('',#5217,1.);
#5217 = DIRECTION('',(1.,0.,0.));
#5218 = ORIENTED_EDGE('',*,*,#5142,.T.);
#5219 = ORIENTED_EDGE('',*,*,#5166,.T.);
#5220 = ORIENTED_EDGE('',*,*,#5190,.F.);
#5221 = PLANE('',#5222);
#5222 = AXIS2_PLACEMENT_3D('',#5223,#5224,#5225);
#5223 = CARTESIAN_POINT('',(-60.,-55.89,0.3));
#5224 = DIRECTION('',(0.,1.,0.));
#5225 = DIRECTION('',(0.,0.,1.));
#5226 = ADVANCED_FACE('',(#5227),#5294,.T.);
#5227 = FACE_BOUND('',#5228,.T.);
#5228 = EDGE_LOOP('',(#5229,#5239,#5245,#5246,#5255,#5262,#5263,#5264,
    #5265,#5266,#5267,#5268,#5269,#5270,#5278,#5287));
#5229 = ORIENTED_EDGE('',*,*,#5230,.F.);
#5230 = EDGE_CURVE('',#5231,#5233,#5235,.T.);
#5231 = VERTEX_POINT('',#5232);
#5232 = CARTESIAN_POINT('',(80.,-47.89,0.3));
#5233 = VERTEX_POINT('',#5234);
#5234 = CARTESIAN_POINT('',(80.,-47.89,18.166969722018));
#5235 = LINE('',#5236,#5237);
#5236 = CARTESIAN_POINT('',(80.,-47.89,0.3));
#5237 = VECTOR('',#5238,1.);
#5238 = DIRECTION('',(0.,0.,1.));
#5239 = ORIENTED_EDGE('',*,*,#5240,.F.);
#5240 = EDGE_CURVE('',#5026,#5231,#5241,.T.);
#5241 = LINE('',#5242,#5243);
#5242 = CARTESIAN_POINT('',(-80.,-47.89,0.3));
#5243 = VECTOR('',#5244,1.);
#5244 = DIRECTION('',(1.,0.,0.));
#5245 = ORIENTED_EDGE('',*,*,#5025,.T.);
#5246 = ORIENTED_EDGE('',*,*,#5247,.F.);
#5247 = EDGE_CURVE('',#5248,#5018,#5250,.T.);
#5248 = VERTEX_POINT('',#5249);
#5249 = CARTESIAN_POINT('',(-77.5,-47.89,23.1));
#5250 = CIRCLE('',#5251,3.1);
#5251 = AXIS2_PLACEMENT_3D('',#5252,#5253,#5254);
#5252 = CARTESIAN_POINT('',(-77.5,-47.89,20.));
#5253 = DIRECTION('',(0.,1.,0.));
#5254 = DIRECTION('',(0.,0.,1.));
#5255 = ORIENTED_EDGE('',*,*,#5256,.F.);
#5256 = EDGE_CURVE('',#4994,#5248,#5257,.T.);
#5257 = CIRCLE('',#5258,3.1);
#5258 = AXIS2_PLACEMENT_3D('',#5259,#5260,#5261);
#5259 = CARTESIAN_POINT('',(-77.5,-47.89,20.));
#5260 = DIRECTION('',(0.,1.,0.));
#5261 = DIRECTION('',(0.,0.,1.));
#5262 = ORIENTED_EDGE('',*,*,#4993,.T.);
#5263 = ORIENTED_EDGE('',*,*,#4885,.T.);
#5264 = ORIENTED_EDGE('',*,*,#4845,.T.);
#5265 = ORIENTED_EDGE('',*,*,#4734,.F.);
#5266 = ORIENTED_EDGE('',*,*,#4654,.T.);
#5267 = ORIENTED_EDGE('',*,*,#4703,.T.);
#5268 = ORIENTED_EDGE('',*,*,#4773,.T.);
#5269 = ORIENTED_EDGE('',*,*,#4813,.F.);
#5270 = ORIENTED_EDGE('',*,*,#5271,.F.);
#5271 = EDGE_CURVE('',#5272,#4805,#5274,.T.);
#5272 = VERTEX_POINT('',#5273);
#5273 = CARTESIAN_POINT('',(80.,-47.89,21.833030277982));
#5274 = LINE('',#5275,#5276);
#5275 = CARTESIAN_POINT('',(80.,-47.89,38.));
#5276 = VECTOR('',#5277,1.);
#5277 = DIRECTION('',(0.,0.,1.));
#5278 = ORIENTED_EDGE('',*,*,#5279,.F.);
#5279 = EDGE_CURVE('',#5280,#5272,#5282,.T.);
#5280 = VERTEX_POINT('',#5281);
#5281 = CARTESIAN_POINT('',(77.5,-47.89,23.1));
#5282 = CIRCLE('',#5283,3.1);
#5283 = AXIS2_PLACEMENT_3D('',#5284,#5285,#5286);
#5284 = CARTESIAN_POINT('',(77.5,-47.89,20.));
#5285 = DIRECTION('',(0.,1.,0.));
#5286 = DIRECTION('',(0.,0.,1.));
#5287 = ORIENTED_EDGE('',*,*,#5288,.F.);
#5288 = EDGE_CURVE('',#5233,#5280,#5289,.T.);
#5289 = CIRCLE('',#5290,3.1);
#5290 = AXIS2_PLACEMENT_3D('',#5291,#5292,#5293);
#5291 = CARTESIAN_POINT('',(77.5,-47.89,20.));
#5292 = DIRECTION('',(0.,1.,0.));
#5293 = DIRECTION('',(0.,0.,1.));
#5294 = PLANE('',#5295);
#5295 = AXIS2_PLACEMENT_3D('',#5296,#5297,#5298);
#5296 = CARTESIAN_POINT('',(1.254128548227E-16,-47.89,21.992647360814));
#5297 = DIRECTION('',(0.,1.,0.));
#5298 = DIRECTION('',(0.,0.,1.));
#5299 = ADVANCED_FACE('',(#5300),#5315,.T.);
#5300 = FACE_BOUND('',#5301,.T.);
#5301 = EDGE_LOOP('',(#5302,#5303,#5309,#5310,#5311,#5312,#5313,#5314));
#5302 = ORIENTED_EDGE('',*,*,#5240,.T.);
#5303 = ORIENTED_EDGE('',*,*,#5304,.F.);
#5304 = EDGE_CURVE('',#5073,#5231,#5305,.T.);
#5305 = LINE('',#5306,#5307);
#5306 = CARTESIAN_POINT('',(80.,-50.89,0.3));
#5307 = VECTOR('',#5308,1.);
#5308 = DIRECTION('',(0.,1.,0.));
#5309 = ORIENTED_EDGE('',*,*,#5120,.F.);
#5310 = ORIENTED_EDGE('',*,*,#5198,.F.);
#5311 = ORIENTED_EDGE('',*,*,#5213,.F.);
#5312 = ORIENTED_EDGE('',*,*,#5150,.T.);
#5313 = ORIENTED_EDGE('',*,*,#5088,.F.);
#5314 = ORIENTED_EDGE('',*,*,#5033,.T.);
#5315 = PLANE('',#5316);
#5316 = AXIS2_PLACEMENT_3D('',#5317,#5318,#5319);
#5317 = CARTESIAN_POINT('',(0.,-51.29476190476,0.3));
#5318 = DIRECTION('',(-0.,-0.,-1.));
#5319 = DIRECTION('',(-1.,0.,0.));
#5320 = ADVANCED_FACE('',(#5321),#5350,.T.);
#5321 = FACE_BOUND('',#5322,.T.);
#5322 = EDGE_LOOP('',(#5323,#5324,#5325,#5326,#5334,#5342,#5348,#5349));
#5323 = ORIENTED_EDGE('',*,*,#5072,.F.);
#5324 = ORIENTED_EDGE('',*,*,#5304,.T.);
#5325 = ORIENTED_EDGE('',*,*,#5230,.T.);
#5326 = ORIENTED_EDGE('',*,*,#5327,.F.);
#5327 = EDGE_CURVE('',#5328,#5233,#5330,.T.);
#5328 = VERTEX_POINT('',#5329);
#5329 = CARTESIAN_POINT('',(80.,-49.88,18.166969722018));
#5330 = LINE('',#5331,#5332);
#5331 = CARTESIAN_POINT('',(80.,-49.88,18.166969722018));
#5332 = VECTOR('',#5333,1.);
#5333 = DIRECTION('',(0.,1.,0.));
#5334 = ORIENTED_EDGE('',*,*,#5335,.T.);
#5335 = EDGE_CURVE('',#5328,#5336,#5338,.T.);
#5336 = VERTEX_POINT('',#5337);
#5337 = CARTESIAN_POINT('',(80.,-49.88,21.833030277982));
#5338 = LINE('',#5339,#5340);
#5339 = CARTESIAN_POINT('',(80.,-49.88,10.15));
#5340 = VECTOR('',#5341,1.);
#5341 = DIRECTION('',(0.,0.,1.));
#5342 = ORIENTED_EDGE('',*,*,#5343,.T.);
#5343 = EDGE_CURVE('',#5336,#5272,#5344,.T.);
#5344 = LINE('',#5345,#5346);
#5345 = CARTESIAN_POINT('',(80.,-49.88,21.833030277982));
#5346 = VECTOR('',#5347,1.);
#5347 = DIRECTION('',(0.,1.,0.));
#5348 = ORIENTED_EDGE('',*,*,#5271,.T.);
#5349 = ORIENTED_EDGE('',*,*,#4959,.F.);
#5350 = PLANE('',#5351);
#5351 = AXIS2_PLACEMENT_3D('',#5352,#5353,#5354);
#5352 = CARTESIAN_POINT('',(80.,-49.44345429314,22.355510575273));
#5353 = DIRECTION('',(1.,0.,0.));
#5354 = DIRECTION('',(0.,0.,1.));
#5355 = ADVANCED_FACE('',(#5356),#5375,.T.);
#5356 = FACE_BOUND('',#5357,.T.);
#5357 = EDGE_LOOP('',(#5358,#5367,#5374));
#5358 = ORIENTED_EDGE('',*,*,#5359,.T.);
#5359 = EDGE_CURVE('',#5328,#5360,#5362,.T.);
#5360 = VERTEX_POINT('',#5361);
#5361 = CARTESIAN_POINT('',(77.5,-49.88,23.1));
#5362 = CIRCLE('',#5363,3.1);
#5363 = AXIS2_PLACEMENT_3D('',#5364,#5365,#5366);
#5364 = CARTESIAN_POINT('',(77.5,-49.88,20.));
#5365 = DIRECTION('',(0.,1.,0.));
#5366 = DIRECTION('',(0.,0.,1.));
#5367 = ORIENTED_EDGE('',*,*,#5368,.T.);
#5368 = EDGE_CURVE('',#5360,#5336,#5369,.T.);
#5369 = CIRCLE('',#5370,3.1);
#5370 = AXIS2_PLACEMENT_3D('',#5371,#5372,#5373);
#5371 = CARTESIAN_POINT('',(77.5,-49.88,20.));
#5372 = DIRECTION('',(0.,1.,0.));
#5373 = DIRECTION('',(0.,0.,1.));
#5374 = ORIENTED_EDGE('',*,*,#5335,.F.);
#5375 = PLANE('',#5376);
#5376 = AXIS2_PLACEMENT_3D('',#5377,#5378,#5379);
#5377 = CARTESIAN_POINT('',(77.5,-49.88,20.));
#5378 = DIRECTION('',(0.,1.,0.));
#5379 = DIRECTION('',(0.,0.,1.));
#5380 = ADVANCED_FACE('',(#5381),#5389,.F.);
#5381 = FACE_BOUND('',#5382,.F.);
#5382 = EDGE_LOOP('',(#5383,#5384,#5385,#5386,#5387,#5388));
#5383 = ORIENTED_EDGE('',*,*,#5017,.T.);
#5384 = ORIENTED_EDGE('',*,*,#5247,.F.);
#5385 = ORIENTED_EDGE('',*,*,#5256,.F.);
#5386 = ORIENTED_EDGE('',*,*,#5001,.F.);
#5387 = ORIENTED_EDGE('',*,*,#5047,.T.);
#5388 = ORIENTED_EDGE('',*,*,#5056,.T.);
#5389 = CYLINDRICAL_SURFACE('',#5390,3.1);
#5390 = AXIS2_PLACEMENT_3D('',#5391,#5392,#5393);
#5391 = CARTESIAN_POINT('',(-77.5,-49.88,20.));
#5392 = DIRECTION('',(0.,1.,0.));
#5393 = DIRECTION('',(0.,0.,1.));
#5394 = ADVANCED_FACE('',(#5395),#5403,.F.);
#5395 = FACE_BOUND('',#5396,.F.);
#5396 = EDGE_LOOP('',(#5397,#5398,#5399,#5400,#5401,#5402));
#5397 = ORIENTED_EDGE('',*,*,#5343,.T.);
#5398 = ORIENTED_EDGE('',*,*,#5279,.F.);
#5399 = ORIENTED_EDGE('',*,*,#5288,.F.);
#5400 = ORIENTED_EDGE('',*,*,#5327,.F.);
#5401 = ORIENTED_EDGE('',*,*,#5359,.T.);
#5402 = ORIENTED_EDGE('',*,*,#5368,.T.);
#5403 = CYLINDRICAL_SURFACE('',#5404,3.1);
#5404 = AXIS2_PLACEMENT_3D('',#5405,#5406,#5407);
#5405 = CARTESIAN_POINT('',(77.5,-49.88,20.));
#5406 = DIRECTION('',(0.,1.,0.));
#5407 = DIRECTION('',(0.,0.,1.));
#5408 = MANIFOLD_SOLID_BREP('',#5409);
#5409 = CLOSED_SHELL('',(#5410,#5450,#5551,#5576,#5601,#5652,#5669,#5686
    ,#5703,#5720,#5732));
#5410 = ADVANCED_FACE('',(#5411),#5445,.F.);
#5411 = FACE_BOUND('',#5412,.F.);
#5412 = EDGE_LOOP('',(#5413,#5423,#5431,#5439));
#5413 = ORIENTED_EDGE('',*,*,#5414,.F.);
#5414 = EDGE_CURVE('',#5415,#5417,#5419,.T.);
#5415 = VERTEX_POINT('',#5416);
#5416 = CARTESIAN_POINT('',(-180.,-129.,0.));
#5417 = VERTEX_POINT('',#5418);
#5418 = CARTESIAN_POINT('',(-180.,129.,0.));
#5419 = LINE('',#5420,#5421);
#5420 = CARTESIAN_POINT('',(-180.,-135.,0.));
#5421 = VECTOR('',#5422,1.);
#5422 = DIRECTION('',(0.,1.,0.));
#5423 = ORIENTED_EDGE('',*,*,#5424,.F.);
#5424 = EDGE_CURVE('',#5425,#5415,#5427,.T.);
#5425 = VERTEX_POINT('',#5426);
#5426 = CARTESIAN_POINT('',(-180.,-129.,-5.));
#5427 = LINE('',#5428,#5429);
#5428 = CARTESIAN_POINT('',(-180.,-129.,-5.));
#5429 = VECTOR('',#5430,1.);
#5430 = DIRECTION('',(0.,0.,1.));
#5431 = ORIENTED_EDGE('',*,*,#5432,.T.);
#5432 = EDGE_CURVE('',#5425,#5433,#5435,.T.);
#5433 = VERTEX_POINT('',#5434);
#5434 = CARTESIAN_POINT('',(-180.,129.,-5.));
#5435 = LINE('',#5436,#5437);
#5436 = CARTESIAN_POINT('',(-180.,-135.,-5.));
#5437 = VECTOR('',#5438,1.);
#5438 = DIRECTION('',(0.,1.,0.));
#5439 = ORIENTED_EDGE('',*,*,#5440,.T.);
#5440 = EDGE_CURVE('',#5433,#5417,#5441,.T.);
#5441 = LINE('',#5442,#5443);
#5442 = CARTESIAN_POINT('',(-180.,129.,-5.));
#5443 = VECTOR('',#5444,1.);
#5444 = DIRECTION('',(0.,0.,1.));
#5445 = PLANE('',#5446);
#5446 = AXIS2_PLACEMENT_3D('',#5447,#5448,#5449);
#5447 = CARTESIAN_POINT('',(-180.,-135.,-5.));
#5448 = DIRECTION('',(1.,0.,0.));
#5449 = DIRECTION('',(0.,0.,1.));
#5450 = ADVANCED_FACE('',(#5451,#5512),#5546,.T.);
#5451 = FACE_BOUND('',#5452,.T.);
#5452 = EDGE_LOOP('',(#5453,#5454,#5463,#5471,#5480,#5488,#5497,#5505));
#5453 = ORIENTED_EDGE('',*,*,#5414,.F.);
#5454 = ORIENTED_EDGE('',*,*,#5455,.T.);
#5455 = EDGE_CURVE('',#5415,#5456,#5458,.T.);
#5456 = VERTEX_POINT('',#5457);
#5457 = CARTESIAN_POINT('',(-174.,-135.,0.));
#5458 = CIRCLE('',#5459,6.);
#5459 = AXIS2_PLACEMENT_3D('',#5460,#5461,#5462);
#5460 = CARTESIAN_POINT('',(-174.,-129.,0.));
#5461 = DIRECTION('',(-0.,0.,1.));
#5462 = DIRECTION('',(0.,-1.,0.));
#5463 = ORIENTED_EDGE('',*,*,#5464,.T.);
#5464 = EDGE_CURVE('',#5456,#5465,#5467,.T.);
#5465 = VERTEX_POINT('',#5466);
#5466 = CARTESIAN_POINT('',(174.,-135.,0.));
#5467 = LINE('',#5468,#5469);
#5468 = CARTESIAN_POINT('',(-180.,-135.,0.));
#5469 = VECTOR('',#5470,1.);
#5470 = DIRECTION('',(1.,0.,0.));
#5471 = ORIENTED_EDGE('',*,*,#5472,.F.);
#5472 = EDGE_CURVE('',#5473,#5465,#5475,.T.);
#5473 = VERTEX_POINT('',#5474);
#5474 = CARTESIAN_POINT('',(180.,-129.,0.));
#5475 = CIRCLE('',#5476,6.);
#5476 = AXIS2_PLACEMENT_3D('',#5477,#5478,#5479);
#5477 = CARTESIAN_POINT('',(174.,-129.,0.));
#5478 = DIRECTION('',(-0.,-0.,-1.));
#5479 = DIRECTION('',(0.,-1.,0.));
#5480 = ORIENTED_EDGE('',*,*,#5481,.T.);
#5481 = EDGE_CURVE('',#5473,#5482,#5484,.T.);
#5482 = VERTEX_POINT('',#5483);
#5483 = CARTESIAN_POINT('',(180.,129.,0.));
#5484 = LINE('',#5485,#5486);
#5485 = CARTESIAN_POINT('',(180.,-135.,0.));
#5486 = VECTOR('',#5487,1.);
#5487 = DIRECTION('',(0.,1.,0.));
#5488 = ORIENTED_EDGE('',*,*,#5489,.T.);
#5489 = EDGE_CURVE('',#5482,#5490,#5492,.T.);
#5490 = VERTEX_POINT('',#5491);
#5491 = CARTESIAN_POINT('',(174.,135.,0.));
#5492 = CIRCLE('',#5493,6.);
#5493 = AXIS2_PLACEMENT_3D('',#5494,#5495,#5496);
#5494 = CARTESIAN_POINT('',(174.,129.,0.));
#5495 = DIRECTION('',(-0.,0.,1.));
#5496 = DIRECTION('',(0.,-1.,0.));
#5497 = ORIENTED_EDGE('',*,*,#5498,.F.);
#5498 = EDGE_CURVE('',#5499,#5490,#5501,.T.);
#5499 = VERTEX_POINT('',#5500);
#5500 = CARTESIAN_POINT('',(-174.,135.,0.));
#5501 = LINE('',#5502,#5503);
#5502 = CARTESIAN_POINT('',(-180.,135.,0.));
#5503 = VECTOR('',#5504,1.);
#5504 = DIRECTION('',(1.,0.,0.));
#5505 = ORIENTED_EDGE('',*,*,#5506,.F.);
#5506 = EDGE_CURVE('',#5417,#5499,#5507,.T.);
#5507 = CIRCLE('',#5508,6.);
#5508 = AXIS2_PLACEMENT_3D('',#5509,#5510,#5511);
#5509 = CARTESIAN_POINT('',(-174.,129.,0.));
#5510 = DIRECTION('',(-0.,-0.,-1.));
#5511 = DIRECTION('',(0.,-1.,0.));
#5512 = FACE_BOUND('',#5513,.T.);
#5513 = EDGE_LOOP('',(#5514,#5524,#5532,#5540));
#5514 = ORIENTED_EDGE('',*,*,#5515,.F.);
#5515 = EDGE_CURVE('',#5516,#5518,#5520,.T.);
#5516 = VERTEX_POINT('',#5517);
#5517 = CARTESIAN_POINT('',(-155.,-105.,0.));
#5518 = VERTEX_POINT('',#5519);
#5519 = CARTESIAN_POINT('',(155.,-105.,0.));
#5520 = LINE('',#5521,#5522);
#5521 = CARTESIAN_POINT('',(-155.,-105.,0.));
#5522 = VECTOR('',#5523,1.);
#5523 = DIRECTION('',(1.,0.,0.));
#5524 = ORIENTED_EDGE('',*,*,#5525,.T.);
#5525 = EDGE_CURVE('',#5516,#5526,#5528,.T.);
#5526 = VERTEX_POINT('',#5527);
#5527 = CARTESIAN_POINT('',(-155.,105.,0.));
#5528 = LINE('',#5529,#5530);
#5529 = CARTESIAN_POINT('',(-155.,-105.,0.));
#5530 = VECTOR('',#5531,1.);
#5531 = DIRECTION('',(0.,1.,0.));
#5532 = ORIENTED_EDGE('',*,*,#5533,.T.);
#5533 = EDGE_CURVE('',#5526,#5534,#5536,.T.);
#5534 = VERTEX_POINT('',#5535);
#5535 = CARTESIAN_POINT('',(155.,105.,0.));
#5536 = LINE('',#5537,#5538);
#5537 = CARTESIAN_POINT('',(-155.,105.,0.));
#5538 = VECTOR('',#5539,1.);
#5539 = DIRECTION('',(1.,0.,0.));
#5540 = ORIENTED_EDGE('',*,*,#5541,.F.);
#5541 = EDGE_CURVE('',#5518,#5534,#5542,.T.);
#5542 = LINE('',#5543,#5544);
#5543 = CARTESIAN_POINT('',(155.,-105.,0.));
#5544 = VECTOR('',#5545,1.);
#5545 = DIRECTION('',(0.,1.,0.));
#5546 = PLANE('',#5547);
#5547 = AXIS2_PLACEMENT_3D('',#5548,#5549,#5550);
#5548 = CARTESIAN_POINT('',(-180.,-135.,0.));
#5549 = DIRECTION('',(0.,0.,1.));
#5550 = DIRECTION('',(1.,0.,0.));
#5551 = ADVANCED_FACE('',(#5552),#5571,.T.);
#5552 = FACE_BOUND('',#5553,.T.);
#5553 = EDGE_LOOP('',(#5554,#5563,#5569,#5570));
#5554 = ORIENTED_EDGE('',*,*,#5555,.T.);
#5555 = EDGE_CURVE('',#5425,#5556,#5558,.T.);
#5556 = VERTEX_POINT('',#5557);
#5557 = CARTESIAN_POINT('',(-174.,-135.,-5.));
#5558 = CIRCLE('',#5559,6.);
#5559 = AXIS2_PLACEMENT_3D('',#5560,#5561,#5562);
#5560 = CARTESIAN_POINT('',(-174.,-129.,-5.));
#5561 = DIRECTION('',(-0.,0.,1.));
#5562 = DIRECTION('',(0.,-1.,0.));
#5563 = ORIENTED_EDGE('',*,*,#5564,.T.);
#5564 = EDGE_CURVE('',#5556,#5456,#5565,.T.);
#5565 = LINE('',#5566,#5567);
#5566 = CARTESIAN_POINT('',(-174.,-135.,-5.));
#5567 = VECTOR('',#5568,1.);
#5568 = DIRECTION('',(0.,0.,1.));
#5569 = ORIENTED_EDGE('',*,*,#5455,.F.);
#5570 = ORIENTED_EDGE('',*,*,#5424,.F.);
#5571 = CYLINDRICAL_SURFACE('',#5572,6.);
#5572 = AXIS2_PLACEMENT_3D('',#5573,#5574,#5575);
#5573 = CARTESIAN_POINT('',(-174.,-129.,-5.));
#5574 = DIRECTION('',(0.,0.,1.));
#5575 = DIRECTION('',(-1.,0.,0.));
#5576 = ADVANCED_FACE('',(#5577),#5596,.T.);
#5577 = FACE_BOUND('',#5578,.F.);
#5578 = EDGE_LOOP('',(#5579,#5588,#5594,#5595));
#5579 = ORIENTED_EDGE('',*,*,#5580,.T.);
#5580 = EDGE_CURVE('',#5433,#5581,#5583,.T.);
#5581 = VERTEX_POINT('',#5582);
#5582 = CARTESIAN_POINT('',(-174.,135.,-5.));
#5583 = CIRCLE('',#5584,6.);
#5584 = AXIS2_PLACEMENT_3D('',#5585,#5586,#5587);
#5585 = CARTESIAN_POINT('',(-174.,129.,-5.));
#5586 = DIRECTION('',(-0.,-0.,-1.));
#5587 = DIRECTION('',(0.,-1.,0.));
#5588 = ORIENTED_EDGE('',*,*,#5589,.T.);
#5589 = EDGE_CURVE('',#5581,#5499,#5590,.T.);
#5590 = LINE('',#5591,#5592);
#5591 = CARTESIAN_POINT('',(-174.,135.,-5.));
#5592 = VECTOR('',#5593,1.);
#5593 = DIRECTION('',(0.,0.,1.));
#5594 = ORIENTED_EDGE('',*,*,#5506,.F.);
#5595 = ORIENTED_EDGE('',*,*,#5440,.F.);
#5596 = CYLINDRICAL_SURFACE('',#5597,6.);
#5597 = AXIS2_PLACEMENT_3D('',#5598,#5599,#5600);
#5598 = CARTESIAN_POINT('',(-174.,129.,-5.));
#5599 = DIRECTION('',(0.,0.,1.));
#5600 = DIRECTION('',(-1.,0.,0.));
#5601 = ADVANCED_FACE('',(#5602),#5647,.F.);
#5602 = FACE_BOUND('',#5603,.F.);
#5603 = EDGE_LOOP('',(#5604,#5605,#5606,#5614,#5623,#5631,#5640,#5646));
#5604 = ORIENTED_EDGE('',*,*,#5432,.F.);
#5605 = ORIENTED_EDGE('',*,*,#5555,.T.);
#5606 = ORIENTED_EDGE('',*,*,#5607,.T.);
#5607 = EDGE_CURVE('',#5556,#5608,#5610,.T.);
#5608 = VERTEX_POINT('',#5609);
#5609 = CARTESIAN_POINT('',(174.,-135.,-5.));
#5610 = LINE('',#5611,#5612);
#5611 = CARTESIAN_POINT('',(-180.,-135.,-5.));
#5612 = VECTOR('',#5613,1.);
#5613 = DIRECTION('',(1.,0.,0.));
#5614 = ORIENTED_EDGE('',*,*,#5615,.F.);
#5615 = EDGE_CURVE('',#5616,#5608,#5618,.T.);
#5616 = VERTEX_POINT('',#5617);
#5617 = CARTESIAN_POINT('',(180.,-129.,-5.));
#5618 = CIRCLE('',#5619,6.);
#5619 = AXIS2_PLACEMENT_3D('',#5620,#5621,#5622);
#5620 = CARTESIAN_POINT('',(174.,-129.,-5.));
#5621 = DIRECTION('',(-0.,-0.,-1.));
#5622 = DIRECTION('',(0.,-1.,0.));
#5623 = ORIENTED_EDGE('',*,*,#5624,.T.);
#5624 = EDGE_CURVE('',#5616,#5625,#5627,.T.);
#5625 = VERTEX_POINT('',#5626);
#5626 = CARTESIAN_POINT('',(180.,129.,-5.));
#5627 = LINE('',#5628,#5629);
#5628 = CARTESIAN_POINT('',(180.,-135.,-5.));
#5629 = VECTOR('',#5630,1.);
#5630 = DIRECTION('',(0.,1.,0.));
#5631 = ORIENTED_EDGE('',*,*,#5632,.T.);
#5632 = EDGE_CURVE('',#5625,#5633,#5635,.T.);
#5633 = VERTEX_POINT('',#5634);
#5634 = CARTESIAN_POINT('',(174.,135.,-5.));
#5635 = CIRCLE('',#5636,6.);
#5636 = AXIS2_PLACEMENT_3D('',#5637,#5638,#5639);
#5637 = CARTESIAN_POINT('',(174.,129.,-5.));
#5638 = DIRECTION('',(-0.,0.,1.));
#5639 = DIRECTION('',(0.,-1.,0.));
#5640 = ORIENTED_EDGE('',*,*,#5641,.F.);
#5641 = EDGE_CURVE('',#5581,#5633,#5642,.T.);
#5642 = LINE('',#5643,#5644);
#5643 = CARTESIAN_POINT('',(-180.,135.,-5.));
#5644 = VECTOR('',#5645,1.);
#5645 = DIRECTION('',(1.,0.,0.));
#5646 = ORIENTED_EDGE('',*,*,#5580,.F.);
#5647 = PLANE('',#5648);
#5648 = AXIS2_PLACEMENT_3D('',#5649,#5650,#5651);
#5649 = CARTESIAN_POINT('',(-180.,-135.,-5.));
#5650 = DIRECTION('',(0.,0.,1.));
#5651 = DIRECTION('',(1.,0.,0.));
#5652 = ADVANCED_FACE('',(#5653),#5664,.F.);
#5653 = FACE_BOUND('',#5654,.F.);
#5654 = EDGE_LOOP('',(#5655,#5656,#5657,#5658));
#5655 = ORIENTED_EDGE('',*,*,#5607,.F.);
#5656 = ORIENTED_EDGE('',*,*,#5564,.T.);
#5657 = ORIENTED_EDGE('',*,*,#5464,.T.);
#5658 = ORIENTED_EDGE('',*,*,#5659,.F.);
#5659 = EDGE_CURVE('',#5608,#5465,#5660,.T.);
#5660 = LINE('',#5661,#5662);
#5661 = CARTESIAN_POINT('',(174.,-135.,-5.));
#5662 = VECTOR('',#5663,1.);
#5663 = DIRECTION('',(0.,0.,1.));
#5664 = PLANE('',#5665);
#5665 = AXIS2_PLACEMENT_3D('',#5666,#5667,#5668);
#5666 = CARTESIAN_POINT('',(-180.,-135.,-5.));
#5667 = DIRECTION('',(0.,1.,0.));
#5668 = DIRECTION('',(0.,0.,1.));
#5669 = ADVANCED_FACE('',(#5670),#5681,.T.);
#5670 = FACE_BOUND('',#5671,.T.);
#5671 = EDGE_LOOP('',(#5672,#5673,#5674,#5675));
#5672 = ORIENTED_EDGE('',*,*,#5641,.F.);
#5673 = ORIENTED_EDGE('',*,*,#5589,.T.);
#5674 = ORIENTED_EDGE('',*,*,#5498,.T.);
#5675 = ORIENTED_EDGE('',*,*,#5676,.F.);
#5676 = EDGE_CURVE('',#5633,#5490,#5677,.T.);
#5677 = LINE('',#5678,#5679);
#5678 = CARTESIAN_POINT('',(174.,135.,-5.));
#5679 = VECTOR('',#5680,1.);
#5680 = DIRECTION('',(0.,0.,1.));
#5681 = PLANE('',#5682);
#5682 = AXIS2_PLACEMENT_3D('',#5683,#5684,#5685);
#5683 = CARTESIAN_POINT('',(-180.,135.,-5.));
#5684 = DIRECTION('',(0.,1.,0.));
#5685 = DIRECTION('',(0.,0.,1.));
#5686 = ADVANCED_FACE('',(#5687),#5698,.T.);
#5687 = FACE_BOUND('',#5688,.F.);
#5688 = EDGE_LOOP('',(#5689,#5690,#5691,#5692));
#5689 = ORIENTED_EDGE('',*,*,#5615,.T.);
#5690 = ORIENTED_EDGE('',*,*,#5659,.T.);
#5691 = ORIENTED_EDGE('',*,*,#5472,.F.);
#5692 = ORIENTED_EDGE('',*,*,#5693,.F.);
#5693 = EDGE_CURVE('',#5616,#5473,#5694,.T.);
#5694 = LINE('',#5695,#5696);
#5695 = CARTESIAN_POINT('',(180.,-129.,-5.));
#5696 = VECTOR('',#5697,1.);
#5697 = DIRECTION('',(0.,0.,1.));
#5698 = CYLINDRICAL_SURFACE('',#5699,6.);
#5699 = AXIS2_PLACEMENT_3D('',#5700,#5701,#5702);
#5700 = CARTESIAN_POINT('',(174.,-129.,-5.));
#5701 = DIRECTION('',(0.,0.,1.));
#5702 = DIRECTION('',(1.,0.,0.));
#5703 = ADVANCED_FACE('',(#5704),#5715,.T.);
#5704 = FACE_BOUND('',#5705,.T.);
#5705 = EDGE_LOOP('',(#5706,#5707,#5708,#5709));
#5706 = ORIENTED_EDGE('',*,*,#5632,.T.);
#5707 = ORIENTED_EDGE('',*,*,#5676,.T.);
#5708 = ORIENTED_EDGE('',*,*,#5489,.F.);
#5709 = ORIENTED_EDGE('',*,*,#5710,.F.);
#5710 = EDGE_CURVE('',#5625,#5482,#5711,.T.);
#5711 = LINE('',#5712,#5713);
#5712 = CARTESIAN_POINT('',(180.,129.,-5.));
#5713 = VECTOR('',#5714,1.);
#5714 = DIRECTION('',(0.,0.,1.));
#5715 = CYLINDRICAL_SURFACE('',#5716,6.);
#5716 = AXIS2_PLACEMENT_3D('',#5717,#5718,#5719);
#5717 = CARTESIAN_POINT('',(174.,129.,-5.));
#5718 = DIRECTION('',(0.,0.,1.));
#5719 = DIRECTION('',(1.,0.,0.));
#5720 = ADVANCED_FACE('',(#5721),#5727,.T.);
#5721 = FACE_BOUND('',#5722,.T.);
#5722 = EDGE_LOOP('',(#5723,#5724,#5725,#5726));
#5723 = ORIENTED_EDGE('',*,*,#5481,.F.);
#5724 = ORIENTED_EDGE('',*,*,#5693,.F.);
#5725 = ORIENTED_EDGE('',*,*,#5624,.T.);
#5726 = ORIENTED_EDGE('',*,*,#5710,.T.);
#5727 = PLANE('',#5728);
#5728 = AXIS2_PLACEMENT_3D('',#5729,#5730,#5731);
#5729 = CARTESIAN_POINT('',(180.,-135.,-5.));
#5730 = DIRECTION('',(1.,0.,0.));
#5731 = DIRECTION('',(0.,0.,1.));
#5732 = ADVANCED_FACE('',(#5733),#5739,.T.);
#5733 = FACE_BOUND('',#5734,.T.);
#5734 = EDGE_LOOP('',(#5735,#5736,#5737,#5738));
#5735 = ORIENTED_EDGE('',*,*,#5525,.F.);
#5736 = ORIENTED_EDGE('',*,*,#5515,.T.);
#5737 = ORIENTED_EDGE('',*,*,#5541,.T.);
#5738 = ORIENTED_EDGE('',*,*,#5533,.F.);
#5739 = PLANE('',#5740);
#5740 = AXIS2_PLACEMENT_3D('',#5741,#5742,#5743);
#5741 = CARTESIAN_POINT('',(-155.,-105.,0.));
#5742 = DIRECTION('',(0.,0.,1.));
#5743 = DIRECTION('',(1.,0.,0.));
#5744 = MANIFOLD_SOLID_BREP('',#5745);
#5745 = CLOSED_SHELL('',(#5746,#5786,#5826,#5848,#5870,#5882));
#5746 = ADVANCED_FACE('',(#5747),#5781,.F.);
#5747 = FACE_BOUND('',#5748,.F.);
#5748 = EDGE_LOOP('',(#5749,#5759,#5767,#5775));
#5749 = ORIENTED_EDGE('',*,*,#5750,.F.);
#5750 = EDGE_CURVE('',#5751,#5753,#5755,.T.);
#5751 = VERTEX_POINT('',#5752);
#5752 = CARTESIAN_POINT('',(-155.,-105.,-0.3));
#5753 = VERTEX_POINT('',#5754);
#5754 = CARTESIAN_POINT('',(-155.,-105.,0.));
#5755 = LINE('',#5756,#5757);
#5756 = CARTESIAN_POINT('',(-155.,-105.,-0.3));
#5757 = VECTOR('',#5758,1.);
#5758 = DIRECTION('',(0.,0.,1.));
#5759 = ORIENTED_EDGE('',*,*,#5760,.T.);
#5760 = EDGE_CURVE('',#5751,#5761,#5763,.T.);
#5761 = VERTEX_POINT('',#5762);
#5762 = CARTESIAN_POINT('',(-155.,105.,-0.3));
#5763 = LINE('',#5764,#5765);
#5764 = CARTESIAN_POINT('',(-155.,-105.,-0.3));
#5765 = VECTOR('',#5766,1.);
#5766 = DIRECTION('',(0.,1.,0.));
#5767 = ORIENTED_EDGE('',*,*,#5768,.T.);
#5768 = EDGE_CURVE('',#5761,#5769,#5771,.T.);
#5769 = VERTEX_POINT('',#5770);
#5770 = CARTESIAN_POINT('',(-155.,105.,0.));
#5771 = LINE('',#5772,#5773);
#5772 = CARTESIAN_POINT('',(-155.,105.,-0.3));
#5773 = VECTOR('',#5774,1.);
#5774 = DIRECTION('',(0.,0.,1.));
#5775 = ORIENTED_EDGE('',*,*,#5776,.F.);
#5776 = EDGE_CURVE('',#5753,#5769,#5777,.T.);
#5777 = LINE('',#5778,#5779);
#5778 = CARTESIAN_POINT('',(-155.,-105.,0.));
#5779 = VECTOR('',#5780,1.);
#5780 = DIRECTION('',(0.,1.,0.));
#5781 = PLANE('',#5782);
#5782 = AXIS2_PLACEMENT_3D('',#5783,#5784,#5785);
#5783 = CARTESIAN_POINT('',(-155.,-105.,-0.3));
#5784 = DIRECTION('',(1.,0.,0.));
#5785 = DIRECTION('',(0.,0.,1.));
#5786 = ADVANCED_FACE('',(#5787),#5821,.T.);
#5787 = FACE_BOUND('',#5788,.T.);
#5788 = EDGE_LOOP('',(#5789,#5799,#5807,#5815));
#5789 = ORIENTED_EDGE('',*,*,#5790,.F.);
#5790 = EDGE_CURVE('',#5791,#5793,#5795,.T.);
#5791 = VERTEX_POINT('',#5792);
#5792 = CARTESIAN_POINT('',(155.,-105.,-0.3));
#5793 = VERTEX_POINT('',#5794);
#5794 = CARTESIAN_POINT('',(155.,-105.,0.));
#5795 = LINE('',#5796,#5797);
#5796 = CARTESIAN_POINT('',(155.,-105.,-0.3));
#5797 = VECTOR('',#5798,1.);
#5798 = DIRECTION('',(0.,0.,1.));
#5799 = ORIENTED_EDGE('',*,*,#5800,.T.);
#5800 = EDGE_CURVE('',#5791,#5801,#5803,.T.);
#5801 = VERTEX_POINT('',#5802);
#5802 = CARTESIAN_POINT('',(155.,105.,-0.3));
#5803 = LINE('',#5804,#5805);
#5804 = CARTESIAN_POINT('',(155.,-105.,-0.3));
#5805 = VECTOR('',#5806,1.);
#5806 = DIRECTION('',(0.,1.,0.));
#5807 = ORIENTED_EDGE('',*,*,#5808,.T.);
#5808 = EDGE_CURVE('',#5801,#5809,#5811,.T.);
#5809 = VERTEX_POINT('',#5810);
#5810 = CARTESIAN_POINT('',(155.,105.,0.));
#5811 = LINE('',#5812,#5813);
#5812 = CARTESIAN_POINT('',(155.,105.,-0.3));
#5813 = VECTOR('',#5814,1.);
#5814 = DIRECTION('',(0.,0.,1.));
#5815 = ORIENTED_EDGE('',*,*,#5816,.F.);
#5816 = EDGE_CURVE('',#5793,#5809,#5817,.T.);
#5817 = LINE('',#5818,#5819);
#5818 = CARTESIAN_POINT('',(155.,-105.,0.));
#5819 = VECTOR('',#5820,1.);
#5820 = DIRECTION('',(0.,1.,0.));
#5821 = PLANE('',#5822);
#5822 = AXIS2_PLACEMENT_3D('',#5823,#5824,#5825);
#5823 = CARTESIAN_POINT('',(155.,-105.,-0.3));
#5824 = DIRECTION('',(1.,0.,0.));
#5825 = DIRECTION('',(0.,0.,1.));
#5826 = ADVANCED_FACE('',(#5827),#5843,.F.);
#5827 = FACE_BOUND('',#5828,.F.);
#5828 = EDGE_LOOP('',(#5829,#5835,#5836,#5842));
#5829 = ORIENTED_EDGE('',*,*,#5830,.F.);
#5830 = EDGE_CURVE('',#5751,#5791,#5831,.T.);
#5831 = LINE('',#5832,#5833);
#5832 = CARTESIAN_POINT('',(-155.,-105.,-0.3));
#5833 = VECTOR('',#5834,1.);
#5834 = DIRECTION('',(1.,0.,0.));
#5835 = ORIENTED_EDGE('',*,*,#5750,.T.);
#5836 = ORIENTED_EDGE('',*,*,#5837,.T.);
#5837 = EDGE_CURVE('',#5753,#5793,#5838,.T.);
#5838 = LINE('',#5839,#5840);
#5839 = CARTESIAN_POINT('',(-155.,-105.,0.));
#5840 = VECTOR('',#5841,1.);
#5841 = DIRECTION('',(1.,0.,0.));
#5842 = ORIENTED_EDGE('',*,*,#5790,.F.);
#5843 = PLANE('',#5844);
#5844 = AXIS2_PLACEMENT_3D('',#5845,#5846,#5847);
#5845 = CARTESIAN_POINT('',(-155.,-105.,-0.3));
#5846 = DIRECTION('',(0.,1.,0.));
#5847 = DIRECTION('',(0.,0.,1.));
#5848 = ADVANCED_FACE('',(#5849),#5865,.T.);
#5849 = FACE_BOUND('',#5850,.T.);
#5850 = EDGE_LOOP('',(#5851,#5857,#5858,#5864));
#5851 = ORIENTED_EDGE('',*,*,#5852,.F.);
#5852 = EDGE_CURVE('',#5761,#5801,#5853,.T.);
#5853 = LINE('',#5854,#5855);
#5854 = CARTESIAN_POINT('',(-155.,105.,-0.3));
#5855 = VECTOR('',#5856,1.);
#5856 = DIRECTION('',(1.,0.,0.));
#5857 = ORIENTED_EDGE('',*,*,#5768,.T.);
#5858 = ORIENTED_EDGE('',*,*,#5859,.T.);
#5859 = EDGE_CURVE('',#5769,#5809,#5860,.T.);
#5860 = LINE('',#5861,#5862);
#5861 = CARTESIAN_POINT('',(-155.,105.,0.));
#5862 = VECTOR('',#5863,1.);
#5863 = DIRECTION('',(1.,0.,0.));
#5864 = ORIENTED_EDGE('',*,*,#5808,.F.);
#5865 = PLANE('',#5866);
#5866 = AXIS2_PLACEMENT_3D('',#5867,#5868,#5869);
#5867 = CARTESIAN_POINT('',(-155.,105.,-0.3));
#5868 = DIRECTION('',(0.,1.,0.));
#5869 = DIRECTION('',(0.,0.,1.));
#5870 = ADVANCED_FACE('',(#5871),#5877,.F.);
#5871 = FACE_BOUND('',#5872,.F.);
#5872 = EDGE_LOOP('',(#5873,#5874,#5875,#5876));
#5873 = ORIENTED_EDGE('',*,*,#5760,.F.);
#5874 = ORIENTED_EDGE('',*,*,#5830,.T.);
#5875 = ORIENTED_EDGE('',*,*,#5800,.T.);
#5876 = ORIENTED_EDGE('',*,*,#5852,.F.);
#5877 = PLANE('',#5878);
#5878 = AXIS2_PLACEMENT_3D('',#5879,#5880,#5881);
#5879 = CARTESIAN_POINT('',(-155.,-105.,-0.3));
#5880 = DIRECTION('',(0.,0.,1.));
#5881 = DIRECTION('',(1.,0.,0.));
#5882 = ADVANCED_FACE('',(#5883),#5889,.T.);
#5883 = FACE_BOUND('',#5884,.T.);
#5884 = EDGE_LOOP('',(#5885,#5886,#5887,#5888));
#5885 = ORIENTED_EDGE('',*,*,#5776,.F.);
#5886 = ORIENTED_EDGE('',*,*,#5837,.T.);
#5887 = ORIENTED_EDGE('',*,*,#5816,.T.);
#5888 = ORIENTED_EDGE('',*,*,#5859,.F.);
#5889 = PLANE('',#5890);
#5890 = AXIS2_PLACEMENT_3D('',#5891,#5892,#5893);
#5891 = CARTESIAN_POINT('',(-155.,-105.,0.));
#5892 = DIRECTION('',(0.,0.,1.));
#5893 = DIRECTION('',(1.,0.,0.));
#5894 = BREP_WITH_VOIDS('',#5895,(#6836,#6934,#7032,#7130,#7228,#7326,
    #7424,#7582));
#5895 = CLOSED_SHELL('',(#5896,#5936,#5967,#6039,#6063,#6128,#6145,#6176
    ,#6200,#6224,#6248,#6279,#6303,#6327,#6351,#6369,#6387,#6441,#6554,
    #6578,#6602,#6626,#6643,#6675,#6700,#6725,#6750,#6803,#6822));
#5896 = ADVANCED_FACE('',(#5897),#5931,.F.);
#5897 = FACE_BOUND('',#5898,.F.);
#5898 = EDGE_LOOP('',(#5899,#5909,#5917,#5925));
#5899 = ORIENTED_EDGE('',*,*,#5900,.F.);
#5900 = EDGE_CURVE('',#5901,#5903,#5905,.T.);
#5901 = VERTEX_POINT('',#5902);
#5902 = CARTESIAN_POINT('',(-63.9,-42.69,0.));
#5903 = VERTEX_POINT('',#5904);
#5904 = CARTESIAN_POINT('',(-63.9,-42.69,20.2));
#5905 = LINE('',#5906,#5907);
#5906 = CARTESIAN_POINT('',(-63.9,-42.69,0.));
#5907 = VECTOR('',#5908,1.);
#5908 = DIRECTION('',(0.,0.,1.));
#5909 = ORIENTED_EDGE('',*,*,#5910,.T.);
#5910 = EDGE_CURVE('',#5901,#5911,#5913,.T.);
#5911 = VERTEX_POINT('',#5912);
#5912 = CARTESIAN_POINT('',(-63.9,42.69,0.));
#5913 = LINE('',#5914,#5915);
#5914 = CARTESIAN_POINT('',(-63.9,-42.69,0.));
#5915 = VECTOR('',#5916,1.);
#5916 = DIRECTION('',(0.,1.,0.));
#5917 = ORIENTED_EDGE('',*,*,#5918,.T.);
#5918 = EDGE_CURVE('',#5911,#5919,#5921,.T.);
#5919 = VERTEX_POINT('',#5920);
#5920 = CARTESIAN_POINT('',(-63.9,42.69,20.2));
#5921 = LINE('',#5922,#5923);
#5922 = CARTESIAN_POINT('',(-63.9,42.69,0.));
#5923 = VECTOR('',#5924,1.);
#5924 = DIRECTION('',(0.,0.,1.));
#5925 = ORIENTED_EDGE('',*,*,#5926,.F.);
#5926 = EDGE_CURVE('',#5903,#5919,#5927,.T.);
#5927 = LINE('',#5928,#5929);
#5928 = CARTESIAN_POINT('',(-63.9,-42.69,20.2));
#5929 = VECTOR('',#5930,1.);
#5930 = DIRECTION('',(0.,1.,0.));
#5931 = PLANE('',#5932);
#5932 = AXIS2_PLACEMENT_3D('',#5933,#5934,#5935);
#5933 = CARTESIAN_POINT('',(-63.9,-42.69,0.));
#5934 = DIRECTION('',(1.,0.,0.));
#5935 = DIRECTION('',(0.,0.,1.));
#5936 = ADVANCED_FACE('',(#5937),#5962,.F.);
#5937 = FACE_BOUND('',#5938,.F.);
#5938 = EDGE_LOOP('',(#5939,#5947,#5948,#5956));
#5939 = ORIENTED_EDGE('',*,*,#5940,.F.);
#5940 = EDGE_CURVE('',#5901,#5941,#5943,.T.);
#5941 = VERTEX_POINT('',#5942);
#5942 = CARTESIAN_POINT('',(59.9,-42.69,0.));
#5943 = LINE('',#5944,#5945);
#5944 = CARTESIAN_POINT('',(-63.9,-42.69,0.));
#5945 = VECTOR('',#5946,1.);
#5946 = DIRECTION('',(1.,0.,0.));
#5947 = ORIENTED_EDGE('',*,*,#5900,.T.);
#5948 = ORIENTED_EDGE('',*,*,#5949,.T.);
#5949 = EDGE_CURVE('',#5903,#5950,#5952,.T.);
#5950 = VERTEX_POINT('',#5951);
#5951 = CARTESIAN_POINT('',(59.9,-42.69,20.2));
#5952 = LINE('',#5953,#5954);
#5953 = CARTESIAN_POINT('',(-63.9,-42.69,20.2));
#5954 = VECTOR('',#5955,1.);
#5955 = DIRECTION('',(1.,0.,0.));
#5956 = ORIENTED_EDGE('',*,*,#5957,.F.);
#5957 = EDGE_CURVE('',#5941,#5950,#5958,.T.);
#5958 = LINE('',#5959,#5960);
#5959 = CARTESIAN_POINT('',(59.9,-42.69,-1.));
#5960 = VECTOR('',#5961,1.);
#5961 = DIRECTION('',(0.,0.,1.));
#5962 = PLANE('',#5963);
#5963 = AXIS2_PLACEMENT_3D('',#5964,#5965,#5966);
#5964 = CARTESIAN_POINT('',(-63.9,-42.69,0.));
#5965 = DIRECTION('',(0.,1.,0.));
#5966 = DIRECTION('',(0.,0.,1.));
#5967 = ADVANCED_FACE('',(#5968),#6034,.T.);
#5968 = FACE_BOUND('',#5969,.T.);
#5969 = EDGE_LOOP('',(#5970,#5980,#5986,#5987,#5988,#5996,#6004,#6012,
    #6020,#6028));
#5970 = ORIENTED_EDGE('',*,*,#5971,.T.);
#5971 = EDGE_CURVE('',#5972,#5974,#5976,.T.);
#5972 = VERTEX_POINT('',#5973);
#5973 = CARTESIAN_POINT('',(63.9,-38.69,20.2));
#5974 = VERTEX_POINT('',#5975);
#5975 = CARTESIAN_POINT('',(63.9,42.69,20.2));
#5976 = LINE('',#5977,#5978);
#5977 = CARTESIAN_POINT('',(63.9,-42.69,20.2));
#5978 = VECTOR('',#5979,1.);
#5979 = DIRECTION('',(0.,1.,0.));
#5980 = ORIENTED_EDGE('',*,*,#5981,.F.);
#5981 = EDGE_CURVE('',#5919,#5974,#5982,.T.);
#5982 = LINE('',#5983,#5984);
#5983 = CARTESIAN_POINT('',(-63.9,42.69,20.2));
#5984 = VECTOR('',#5985,1.);
#5985 = DIRECTION('',(1.,0.,0.));
#5986 = ORIENTED_EDGE('',*,*,#5926,.F.);
#5987 = ORIENTED_EDGE('',*,*,#5949,.T.);
#5988 = ORIENTED_EDGE('',*,*,#5989,.F.);
#5989 = EDGE_CURVE('',#5990,#5950,#5992,.T.);
#5990 = VERTEX_POINT('',#5991);
#5991 = CARTESIAN_POINT('',(60.19,-42.4,20.2));
#5992 = LINE('',#5993,#5994);
#5993 = CARTESIAN_POINT('',(28.95,-73.64,20.2));
#5994 = VECTOR('',#5995,1.);
#5995 = DIRECTION('',(-0.707106781187,-0.707106781187,0.));
#5996 = ORIENTED_EDGE('',*,*,#5997,.T.);
#5997 = EDGE_CURVE('',#5990,#5998,#6000,.T.);
#5998 = VERTEX_POINT('',#5999);
#5999 = CARTESIAN_POINT('',(-63.5,-42.4,20.2));
#6000 = LINE('',#6001,#6002);
#6001 = CARTESIAN_POINT('',(-63.7,-42.4,20.2));
#6002 = VECTOR('',#6003,1.);
#6003 = DIRECTION('',(-1.,0.,0.));
#6004 = ORIENTED_EDGE('',*,*,#6005,.T.);
#6005 = EDGE_CURVE('',#5998,#6006,#6008,.T.);
#6006 = VERTEX_POINT('',#6007);
#6007 = CARTESIAN_POINT('',(-63.5,42.4,20.2));
#6008 = LINE('',#6009,#6010);
#6009 = CARTESIAN_POINT('',(-63.5,-42.545,20.2));
#6010 = VECTOR('',#6011,1.);
#6011 = DIRECTION('',(0.,1.,0.));
#6012 = ORIENTED_EDGE('',*,*,#6013,.F.);
#6013 = EDGE_CURVE('',#6014,#6006,#6016,.T.);
#6014 = VERTEX_POINT('',#6015);
#6015 = CARTESIAN_POINT('',(63.5,42.4,20.2));
#6016 = LINE('',#6017,#6018);
#6017 = CARTESIAN_POINT('',(-63.7,42.4,20.2));
#6018 = VECTOR('',#6019,1.);
#6019 = DIRECTION('',(-1.,0.,0.));
#6020 = ORIENTED_EDGE('',*,*,#6021,.F.);
#6021 = EDGE_CURVE('',#6022,#6014,#6024,.T.);
#6022 = VERTEX_POINT('',#6023);
#6023 = CARTESIAN_POINT('',(63.5,-39.09,20.2));
#6024 = LINE('',#6025,#6026);
#6025 = CARTESIAN_POINT('',(63.5,-42.545,20.2));
#6026 = VECTOR('',#6027,1.);
#6027 = DIRECTION('',(0.,1.,0.));
#6028 = ORIENTED_EDGE('',*,*,#6029,.F.);
#6029 = EDGE_CURVE('',#5972,#6022,#6030,.T.);
#6030 = LINE('',#6031,#6032);
#6031 = CARTESIAN_POINT('',(28.95,-73.64,20.2));
#6032 = VECTOR('',#6033,1.);
#6033 = DIRECTION('',(-0.707106781187,-0.707106781187,0.));
#6034 = PLANE('',#6035);
#6035 = AXIS2_PLACEMENT_3D('',#6036,#6037,#6038);
#6036 = CARTESIAN_POINT('',(-63.9,-42.69,20.2));
#6037 = DIRECTION('',(0.,0.,1.));
#6038 = DIRECTION('',(1.,0.,0.));
#6039 = ADVANCED_FACE('',(#6040),#6058,.T.);
#6040 = FACE_BOUND('',#6041,.T.);
#6041 = EDGE_LOOP('',(#6042,#6050,#6051,#6052));
#6042 = ORIENTED_EDGE('',*,*,#6043,.F.);
#6043 = EDGE_CURVE('',#5911,#6044,#6046,.T.);
#6044 = VERTEX_POINT('',#6045);
#6045 = CARTESIAN_POINT('',(63.9,42.69,0.));
#6046 = LINE('',#6047,#6048);
#6047 = CARTESIAN_POINT('',(-63.9,42.69,0.));
#6048 = VECTOR('',#6049,1.);
#6049 = DIRECTION('',(1.,0.,0.));
#6050 = ORIENTED_EDGE('',*,*,#5918,.T.);
#6051 = ORIENTED_EDGE('',*,*,#5981,.T.);
#6052 = ORIENTED_EDGE('',*,*,#6053,.F.);
#6053 = EDGE_CURVE('',#6044,#5974,#6054,.T.);
#6054 = LINE('',#6055,#6056);
#6055 = CARTESIAN_POINT('',(63.9,42.69,0.));
#6056 = VECTOR('',#6057,1.);
#6057 = DIRECTION('',(0.,0.,1.));
#6058 = PLANE('',#6059);
#6059 = AXIS2_PLACEMENT_3D('',#6060,#6061,#6062);
#6060 = CARTESIAN_POINT('',(-63.9,42.69,0.));
#6061 = DIRECTION('',(0.,1.,0.));
#6062 = DIRECTION('',(0.,0.,1.));
#6063 = ADVANCED_FACE('',(#6064),#6123,.F.);
#6064 = FACE_BOUND('',#6065,.F.);
#6065 = EDGE_LOOP('',(#6066,#6067,#6068,#6069,#6077,#6085,#6093,#6101,
    #6109,#6117));
#6066 = ORIENTED_EDGE('',*,*,#6043,.F.);
#6067 = ORIENTED_EDGE('',*,*,#5910,.F.);
#6068 = ORIENTED_EDGE('',*,*,#5940,.T.);
#6069 = ORIENTED_EDGE('',*,*,#6070,.F.);
#6070 = EDGE_CURVE('',#6071,#5941,#6073,.T.);
#6071 = VERTEX_POINT('',#6072);
#6072 = CARTESIAN_POINT('',(61.1,-41.49,0.));
#6073 = LINE('',#6074,#6075);
#6074 = CARTESIAN_POINT('',(28.95,-73.64,1.110223024625E-16));
#6075 = VECTOR('',#6076,1.);
#6076 = DIRECTION('',(-0.707106781187,-0.707106781187,0.));
#6077 = ORIENTED_EDGE('',*,*,#6078,.T.);
#6078 = EDGE_CURVE('',#6071,#6079,#6081,.T.);
#6079 = VERTEX_POINT('',#6080);
#6080 = CARTESIAN_POINT('',(-62.7,-41.49,0.));
#6081 = LINE('',#6082,#6083);
#6082 = CARTESIAN_POINT('',(-63.3,-41.49,0.));
#6083 = VECTOR('',#6084,1.);
#6084 = DIRECTION('',(-1.,0.,0.));
#6085 = ORIENTED_EDGE('',*,*,#6086,.T.);
#6086 = EDGE_CURVE('',#6079,#6087,#6089,.T.);
#6087 = VERTEX_POINT('',#6088);
#6088 = CARTESIAN_POINT('',(-62.7,41.49,0.));
#6089 = LINE('',#6090,#6091);
#6090 = CARTESIAN_POINT('',(-62.7,-42.09,0.));
#6091 = VECTOR('',#6092,1.);
#6092 = DIRECTION('',(0.,1.,0.));
#6093 = ORIENTED_EDGE('',*,*,#6094,.F.);
#6094 = EDGE_CURVE('',#6095,#6087,#6097,.T.);
#6095 = VERTEX_POINT('',#6096);
#6096 = CARTESIAN_POINT('',(62.7,41.49,0.));
#6097 = LINE('',#6098,#6099);
#6098 = CARTESIAN_POINT('',(-63.3,41.49,0.));
#6099 = VECTOR('',#6100,1.);
#6100 = DIRECTION('',(-1.,0.,0.));
#6101 = ORIENTED_EDGE('',*,*,#6102,.F.);
#6102 = EDGE_CURVE('',#6103,#6095,#6105,.T.);
#6103 = VERTEX_POINT('',#6104);
#6104 = CARTESIAN_POINT('',(62.7,-39.89,0.));
#6105 = LINE('',#6106,#6107);
#6106 = CARTESIAN_POINT('',(62.7,-42.09,0.));
#6107 = VECTOR('',#6108,1.);
#6108 = DIRECTION('',(0.,1.,0.));
#6109 = ORIENTED_EDGE('',*,*,#6110,.F.);
#6110 = EDGE_CURVE('',#6111,#6103,#6113,.T.);
#6111 = VERTEX_POINT('',#6112);
#6112 = CARTESIAN_POINT('',(63.9,-38.69,0.));
#6113 = LINE('',#6114,#6115);
#6114 = CARTESIAN_POINT('',(28.95,-73.64,1.110223024625E-16));
#6115 = VECTOR('',#6116,1.);
#6116 = DIRECTION('',(-0.707106781187,-0.707106781187,0.));
#6117 = ORIENTED_EDGE('',*,*,#6118,.T.);
#6118 = EDGE_CURVE('',#6111,#6044,#6119,.T.);
#6119 = LINE('',#6120,#6121);
#6120 = CARTESIAN_POINT('',(63.9,-42.69,0.));
#6121 = VECTOR('',#6122,1.);
#6122 = DIRECTION('',(0.,1.,0.));
#6123 = PLANE('',#6124);
#6124 = AXIS2_PLACEMENT_3D('',#6125,#6126,#6127);
#6125 = CARTESIAN_POINT('',(-63.9,-42.69,0.));
#6126 = DIRECTION('',(0.,0.,1.));
#6127 = DIRECTION('',(1.,0.,0.));
#6128 = ADVANCED_FACE('',(#6129),#6140,.T.);
#6129 = FACE_BOUND('',#6130,.T.);
#6130 = EDGE_LOOP('',(#6131,#6137,#6138,#6139));
#6131 = ORIENTED_EDGE('',*,*,#6132,.F.);
#6132 = EDGE_CURVE('',#6111,#5972,#6133,.T.);
#6133 = LINE('',#6134,#6135);
#6134 = CARTESIAN_POINT('',(63.9,-38.69,-1.));
#6135 = VECTOR('',#6136,1.);
#6136 = DIRECTION('',(0.,0.,1.));
#6137 = ORIENTED_EDGE('',*,*,#6118,.T.);
#6138 = ORIENTED_EDGE('',*,*,#6053,.T.);
#6139 = ORIENTED_EDGE('',*,*,#5971,.F.);
#6140 = PLANE('',#6141);
#6141 = AXIS2_PLACEMENT_3D('',#6142,#6143,#6144);
#6142 = CARTESIAN_POINT('',(63.9,-42.69,0.));
#6143 = DIRECTION('',(1.,0.,0.));
#6144 = DIRECTION('',(0.,0.,1.));
#6145 = ADVANCED_FACE('',(#6146),#6171,.T.);
#6146 = FACE_BOUND('',#6147,.T.);
#6147 = EDGE_LOOP('',(#6148,#6158,#6164,#6165));
#6148 = ORIENTED_EDGE('',*,*,#6149,.F.);
#6149 = EDGE_CURVE('',#6150,#6152,#6154,.T.);
#6150 = VERTEX_POINT('',#6151);
#6151 = CARTESIAN_POINT('',(63.5,-39.09,23.));
#6152 = VERTEX_POINT('',#6153);
#6153 = CARTESIAN_POINT('',(63.5,42.4,23.));
#6154 = LINE('',#6155,#6156);
#6155 = CARTESIAN_POINT('',(63.5,-42.4,23.));
#6156 = VECTOR('',#6157,1.);
#6157 = DIRECTION('',(0.,1.,0.));
#6158 = ORIENTED_EDGE('',*,*,#6159,.F.);
#6159 = EDGE_CURVE('',#6022,#6150,#6160,.T.);
#6160 = LINE('',#6161,#6162);
#6161 = CARTESIAN_POINT('',(63.5,-39.09,6.05));
#6162 = VECTOR('',#6163,1.);
#6163 = DIRECTION('',(0.,0.,1.));
#6164 = ORIENTED_EDGE('',*,*,#6021,.T.);
#6165 = ORIENTED_EDGE('',*,*,#6166,.T.);
#6166 = EDGE_CURVE('',#6014,#6152,#6167,.T.);
#6167 = LINE('',#6168,#6169);
#6168 = CARTESIAN_POINT('',(63.5,42.4,13.1));
#6169 = VECTOR('',#6170,1.);
#6170 = DIRECTION('',(0.,0.,1.));
#6171 = PLANE('',#6172);
#6172 = AXIS2_PLACEMENT_3D('',#6173,#6174,#6175);
#6173 = CARTESIAN_POINT('',(63.5,-42.4,13.1));
#6174 = DIRECTION('',(1.,0.,0.));
#6175 = DIRECTION('',(0.,0.,1.));
#6176 = ADVANCED_FACE('',(#6177),#6195,.T.);
#6177 = FACE_BOUND('',#6178,.T.);
#6178 = EDGE_LOOP('',(#6179,#6180,#6181,#6189));
#6179 = ORIENTED_EDGE('',*,*,#6166,.F.);
#6180 = ORIENTED_EDGE('',*,*,#6013,.T.);
#6181 = ORIENTED_EDGE('',*,*,#6182,.T.);
#6182 = EDGE_CURVE('',#6006,#6183,#6185,.T.);
#6183 = VERTEX_POINT('',#6184);
#6184 = CARTESIAN_POINT('',(-63.5,42.4,23.));
#6185 = LINE('',#6186,#6187);
#6186 = CARTESIAN_POINT('',(-63.5,42.4,13.1));
#6187 = VECTOR('',#6188,1.);
#6188 = DIRECTION('',(0.,0.,1.));
#6189 = ORIENTED_EDGE('',*,*,#6190,.T.);
#6190 = EDGE_CURVE('',#6183,#6152,#6191,.T.);
#6191 = LINE('',#6192,#6193);
#6192 = CARTESIAN_POINT('',(-63.5,42.4,23.));
#6193 = VECTOR('',#6194,1.);
#6194 = DIRECTION('',(1.,0.,0.));
#6195 = PLANE('',#6196);
#6196 = AXIS2_PLACEMENT_3D('',#6197,#6198,#6199);
#6197 = CARTESIAN_POINT('',(-63.5,42.4,13.1));
#6198 = DIRECTION('',(0.,1.,0.));
#6199 = DIRECTION('',(0.,0.,1.));
#6200 = ADVANCED_FACE('',(#6201),#6219,.F.);
#6201 = FACE_BOUND('',#6202,.F.);
#6202 = EDGE_LOOP('',(#6203,#6211,#6212,#6213));
#6203 = ORIENTED_EDGE('',*,*,#6204,.F.);
#6204 = EDGE_CURVE('',#5998,#6205,#6207,.T.);
#6205 = VERTEX_POINT('',#6206);
#6206 = CARTESIAN_POINT('',(-63.5,-42.4,23.));
#6207 = LINE('',#6208,#6209);
#6208 = CARTESIAN_POINT('',(-63.5,-42.4,13.1));
#6209 = VECTOR('',#6210,1.);
#6210 = DIRECTION('',(0.,0.,1.));
#6211 = ORIENTED_EDGE('',*,*,#6005,.T.);
#6212 = ORIENTED_EDGE('',*,*,#6182,.T.);
#6213 = ORIENTED_EDGE('',*,*,#6214,.F.);
#6214 = EDGE_CURVE('',#6205,#6183,#6215,.T.);
#6215 = LINE('',#6216,#6217);
#6216 = CARTESIAN_POINT('',(-63.5,-42.4,23.));
#6217 = VECTOR('',#6218,1.);
#6218 = DIRECTION('',(0.,1.,0.));
#6219 = PLANE('',#6220);
#6220 = AXIS2_PLACEMENT_3D('',#6221,#6222,#6223);
#6221 = CARTESIAN_POINT('',(-63.5,-42.4,13.1));
#6222 = DIRECTION('',(1.,0.,0.));
#6223 = DIRECTION('',(0.,0.,1.));
#6224 = ADVANCED_FACE('',(#6225),#6243,.F.);
#6225 = FACE_BOUND('',#6226,.F.);
#6226 = EDGE_LOOP('',(#6227,#6228,#6229,#6237));
#6227 = ORIENTED_EDGE('',*,*,#5997,.T.);
#6228 = ORIENTED_EDGE('',*,*,#6204,.T.);
#6229 = ORIENTED_EDGE('',*,*,#6230,.T.);
#6230 = EDGE_CURVE('',#6205,#6231,#6233,.T.);
#6231 = VERTEX_POINT('',#6232);
#6232 = CARTESIAN_POINT('',(60.19,-42.4,23.));
#6233 = LINE('',#6234,#6235);
#6234 = CARTESIAN_POINT('',(-63.5,-42.4,23.));
#6235 = VECTOR('',#6236,1.);
#6236 = DIRECTION('',(1.,0.,0.));
#6237 = ORIENTED_EDGE('',*,*,#6238,.F.);
#6238 = EDGE_CURVE('',#5990,#6231,#6239,.T.);
#6239 = LINE('',#6240,#6241);
#6240 = CARTESIAN_POINT('',(60.19,-42.4,6.05));
#6241 = VECTOR('',#6242,1.);
#6242 = DIRECTION('',(0.,0.,1.));
#6243 = PLANE('',#6244);
#6244 = AXIS2_PLACEMENT_3D('',#6245,#6246,#6247);
#6245 = CARTESIAN_POINT('',(-63.5,-42.4,13.1));
#6246 = DIRECTION('',(0.,1.,0.));
#6247 = DIRECTION('',(0.,0.,1.));
#6248 = ADVANCED_FACE('',(#6249),#6274,.F.);
#6249 = FACE_BOUND('',#6250,.F.);
#6250 = EDGE_LOOP('',(#6251,#6259,#6260,#6268));
#6251 = ORIENTED_EDGE('',*,*,#6252,.F.);
#6252 = EDGE_CURVE('',#6103,#6253,#6255,.T.);
#6253 = VERTEX_POINT('',#6254);
#6254 = CARTESIAN_POINT('',(62.7,-39.89,1.5));
#6255 = LINE('',#6256,#6257);
#6256 = CARTESIAN_POINT('',(62.7,-39.89,-0.505));
#6257 = VECTOR('',#6258,1.);
#6258 = DIRECTION('',(0.,0.,1.));
#6259 = ORIENTED_EDGE('',*,*,#6102,.T.);
#6260 = ORIENTED_EDGE('',*,*,#6261,.T.);
#6261 = EDGE_CURVE('',#6095,#6262,#6264,.T.);
#6262 = VERTEX_POINT('',#6263);
#6263 = CARTESIAN_POINT('',(62.7,41.49,1.5));
#6264 = LINE('',#6265,#6266);
#6265 = CARTESIAN_POINT('',(62.7,41.49,-1.E-02));
#6266 = VECTOR('',#6267,1.);
#6267 = DIRECTION('',(0.,0.,1.));
#6268 = ORIENTED_EDGE('',*,*,#6269,.F.);
#6269 = EDGE_CURVE('',#6253,#6262,#6270,.T.);
#6270 = LINE('',#6271,#6272);
#6271 = CARTESIAN_POINT('',(62.7,-41.49,1.5));
#6272 = VECTOR('',#6273,1.);
#6273 = DIRECTION('',(0.,1.,0.));
#6274 = PLANE('',#6275);
#6275 = AXIS2_PLACEMENT_3D('',#6276,#6277,#6278);
#6276 = CARTESIAN_POINT('',(62.7,-41.49,-1.E-02));
#6277 = DIRECTION('',(1.,0.,0.));
#6278 = DIRECTION('',(0.,0.,1.));
#6279 = ADVANCED_FACE('',(#6280),#6298,.F.);
#6280 = FACE_BOUND('',#6281,.F.);
#6281 = EDGE_LOOP('',(#6282,#6283,#6284,#6292));
#6282 = ORIENTED_EDGE('',*,*,#6261,.F.);
#6283 = ORIENTED_EDGE('',*,*,#6094,.T.);
#6284 = ORIENTED_EDGE('',*,*,#6285,.T.);
#6285 = EDGE_CURVE('',#6087,#6286,#6288,.T.);
#6286 = VERTEX_POINT('',#6287);
#6287 = CARTESIAN_POINT('',(-62.7,41.49,1.5));
#6288 = LINE('',#6289,#6290);
#6289 = CARTESIAN_POINT('',(-62.7,41.49,-1.E-02));
#6290 = VECTOR('',#6291,1.);
#6291 = DIRECTION('',(0.,0.,1.));
#6292 = ORIENTED_EDGE('',*,*,#6293,.T.);
#6293 = EDGE_CURVE('',#6286,#6262,#6294,.T.);
#6294 = LINE('',#6295,#6296);
#6295 = CARTESIAN_POINT('',(-62.7,41.49,1.5));
#6296 = VECTOR('',#6297,1.);
#6297 = DIRECTION('',(1.,0.,0.));
#6298 = PLANE('',#6299);
#6299 = AXIS2_PLACEMENT_3D('',#6300,#6301,#6302);
#6300 = CARTESIAN_POINT('',(-62.7,41.49,-1.E-02));
#6301 = DIRECTION('',(0.,1.,0.));
#6302 = DIRECTION('',(0.,0.,1.));
#6303 = ADVANCED_FACE('',(#6304),#6322,.T.);
#6304 = FACE_BOUND('',#6305,.T.);
#6305 = EDGE_LOOP('',(#6306,#6314,#6315,#6316));
#6306 = ORIENTED_EDGE('',*,*,#6307,.F.);
#6307 = EDGE_CURVE('',#6079,#6308,#6310,.T.);
#6308 = VERTEX_POINT('',#6309);
#6309 = CARTESIAN_POINT('',(-62.7,-41.49,1.5));
#6310 = LINE('',#6311,#6312);
#6311 = CARTESIAN_POINT('',(-62.7,-41.49,-1.E-02));
#6312 = VECTOR('',#6313,1.);
#6313 = DIRECTION('',(0.,0.,1.));
#6314 = ORIENTED_EDGE('',*,*,#6086,.T.);
#6315 = ORIENTED_EDGE('',*,*,#6285,.T.);
#6316 = ORIENTED_EDGE('',*,*,#6317,.F.);
#6317 = EDGE_CURVE('',#6308,#6286,#6318,.T.);
#6318 = LINE('',#6319,#6320);
#6319 = CARTESIAN_POINT('',(-62.7,-41.49,1.5));
#6320 = VECTOR('',#6321,1.);
#6321 = DIRECTION('',(0.,1.,0.));
#6322 = PLANE('',#6323);
#6323 = AXIS2_PLACEMENT_3D('',#6324,#6325,#6326);
#6324 = CARTESIAN_POINT('',(-62.7,-41.49,-1.E-02));
#6325 = DIRECTION('',(1.,0.,0.));
#6326 = DIRECTION('',(0.,0.,1.));
#6327 = ADVANCED_FACE('',(#6328),#6346,.T.);
#6328 = FACE_BOUND('',#6329,.T.);
#6329 = EDGE_LOOP('',(#6330,#6338,#6339,#6340));
#6330 = ORIENTED_EDGE('',*,*,#6331,.F.);
#6331 = EDGE_CURVE('',#6071,#6332,#6334,.T.);
#6332 = VERTEX_POINT('',#6333);
#6333 = CARTESIAN_POINT('',(61.1,-41.49,1.5));
#6334 = LINE('',#6335,#6336);
#6335 = CARTESIAN_POINT('',(61.1,-41.49,-0.505));
#6336 = VECTOR('',#6337,1.);
#6337 = DIRECTION('',(0.,0.,1.));
#6338 = ORIENTED_EDGE('',*,*,#6078,.T.);
#6339 = ORIENTED_EDGE('',*,*,#6307,.T.);
#6340 = ORIENTED_EDGE('',*,*,#6341,.T.);
#6341 = EDGE_CURVE('',#6308,#6332,#6342,.T.);
#6342 = LINE('',#6343,#6344);
#6343 = CARTESIAN_POINT('',(-62.7,-41.49,1.5));
#6344 = VECTOR('',#6345,1.);
#6345 = DIRECTION('',(1.,0.,0.));
#6346 = PLANE('',#6347);
#6347 = AXIS2_PLACEMENT_3D('',#6348,#6349,#6350);
#6348 = CARTESIAN_POINT('',(-62.7,-41.49,-1.E-02));
#6349 = DIRECTION('',(0.,1.,0.));
#6350 = DIRECTION('',(0.,0.,1.));
#6351 = ADVANCED_FACE('',(#6352),#6364,.F.);
#6352 = FACE_BOUND('',#6353,.F.);
#6353 = EDGE_LOOP('',(#6354,#6355,#6356,#6357,#6363));
#6354 = ORIENTED_EDGE('',*,*,#6293,.F.);
#6355 = ORIENTED_EDGE('',*,*,#6317,.F.);
#6356 = ORIENTED_EDGE('',*,*,#6341,.T.);
#6357 = ORIENTED_EDGE('',*,*,#6358,.F.);
#6358 = EDGE_CURVE('',#6253,#6332,#6359,.T.);
#6359 = LINE('',#6360,#6361);
#6360 = CARTESIAN_POINT('',(29.55,-73.04,1.5));
#6361 = VECTOR('',#6362,1.);
#6362 = DIRECTION('',(-0.707106781187,-0.707106781187,0.));
#6363 = ORIENTED_EDGE('',*,*,#6269,.T.);
#6364 = PLANE('',#6365);
#6365 = AXIS2_PLACEMENT_3D('',#6366,#6367,#6368);
#6366 = CARTESIAN_POINT('',(-62.7,-41.49,1.5));
#6367 = DIRECTION('',(0.,0.,1.));
#6368 = DIRECTION('',(1.,0.,0.));
#6369 = ADVANCED_FACE('',(#6370),#6382,.T.);
#6370 = FACE_BOUND('',#6371,.T.);
#6371 = EDGE_LOOP('',(#6372,#6373,#6374,#6375,#6381));
#6372 = ORIENTED_EDGE('',*,*,#6190,.F.);
#6373 = ORIENTED_EDGE('',*,*,#6214,.F.);
#6374 = ORIENTED_EDGE('',*,*,#6230,.T.);
#6375 = ORIENTED_EDGE('',*,*,#6376,.F.);
#6376 = EDGE_CURVE('',#6150,#6231,#6377,.T.);
#6377 = LINE('',#6378,#6379);
#6378 = CARTESIAN_POINT('',(29.1225,-73.4675,23.));
#6379 = VECTOR('',#6380,1.);
#6380 = DIRECTION('',(-0.707106781187,-0.707106781187,0.));
#6381 = ORIENTED_EDGE('',*,*,#6149,.T.);
#6382 = PLANE('',#6383);
#6383 = AXIS2_PLACEMENT_3D('',#6384,#6385,#6386);
#6384 = CARTESIAN_POINT('',(-63.5,-42.4,23.));
#6385 = DIRECTION('',(0.,0.,1.));
#6386 = DIRECTION('',(1.,0.,0.));
#6387 = ADVANCED_FACE('',(#6388,#6402),#6436,.T.);
#6388 = FACE_BOUND('',#6389,.T.);
#6389 = EDGE_LOOP('',(#6390,#6391,#6392,#6393,#6394,#6395,#6396,#6397,
    #6398,#6399,#6400,#6401));
#6390 = ORIENTED_EDGE('',*,*,#6331,.T.);
#6391 = ORIENTED_EDGE('',*,*,#6358,.F.);
#6392 = ORIENTED_EDGE('',*,*,#6252,.F.);
#6393 = ORIENTED_EDGE('',*,*,#6110,.F.);
#6394 = ORIENTED_EDGE('',*,*,#6132,.T.);
#6395 = ORIENTED_EDGE('',*,*,#6029,.T.);
#6396 = ORIENTED_EDGE('',*,*,#6159,.T.);
#6397 = ORIENTED_EDGE('',*,*,#6376,.T.);
#6398 = ORIENTED_EDGE('',*,*,#6238,.F.);
#6399 = ORIENTED_EDGE('',*,*,#5989,.T.);
#6400 = ORIENTED_EDGE('',*,*,#5957,.F.);
#6401 = ORIENTED_EDGE('',*,*,#6070,.F.);
#6402 = FACE_BOUND('',#6403,.T.);
#6403 = EDGE_LOOP('',(#6404,#6414,#6422,#6430));
#6404 = ORIENTED_EDGE('',*,*,#6405,.T.);
#6405 = EDGE_CURVE('',#6406,#6408,#6410,.T.);
#6406 = VERTEX_POINT('',#6407);
#6407 = CARTESIAN_POINT('',(62.3,-40.29,20.2));
#6408 = VERTEX_POINT('',#6409);
#6409 = CARTESIAN_POINT('',(61.39,-41.2,20.2));
#6410 = LINE('',#6411,#6412);
#6411 = CARTESIAN_POINT('',(28.95,-73.64,20.2));
#6412 = VECTOR('',#6413,1.);
#6413 = DIRECTION('',(-0.707106781187,-0.707106781187,0.));
#6414 = ORIENTED_EDGE('',*,*,#6415,.T.);
#6415 = EDGE_CURVE('',#6408,#6416,#6418,.T.);
#6416 = VERTEX_POINT('',#6417);
#6417 = CARTESIAN_POINT('',(61.39,-41.2,21.5));
#6418 = LINE('',#6419,#6420);
#6419 = CARTESIAN_POINT('',(61.39,-41.2,5.55));
#6420 = VECTOR('',#6421,1.);
#6421 = DIRECTION('',(0.,0.,1.));
#6422 = ORIENTED_EDGE('',*,*,#6423,.F.);
#6423 = EDGE_CURVE('',#6424,#6416,#6426,.T.);
#6424 = VERTEX_POINT('',#6425);
#6425 = CARTESIAN_POINT('',(62.3,-40.29,21.5));
#6426 = LINE('',#6427,#6428);
#6427 = CARTESIAN_POINT('',(29.7225,-72.8675,21.5));
#6428 = VECTOR('',#6429,1.);
#6429 = DIRECTION('',(-0.707106781187,-0.707106781187,0.));
#6430 = ORIENTED_EDGE('',*,*,#6431,.F.);
#6431 = EDGE_CURVE('',#6406,#6424,#6432,.T.);
#6432 = LINE('',#6433,#6434);
#6433 = CARTESIAN_POINT('',(62.3,-40.29,5.55));
#6434 = VECTOR('',#6435,1.);
#6435 = DIRECTION('',(0.,0.,1.));
#6436 = PLANE('',#6437);
#6437 = AXIS2_PLACEMENT_3D('',#6438,#6439,#6440);
#6438 = CARTESIAN_POINT('',(61.894893366572,-40.69510663342,
    10.976269179281));
#6439 = DIRECTION('',(0.707106781187,-0.707106781187,0.));
#6440 = DIRECTION('',(0.707106781187,0.707106781187,0.));
#6441 = ADVANCED_FACE('',(#6442,#6475),#6549,.T.);
#6442 = FACE_BOUND('',#6443,.T.);
#6443 = EDGE_LOOP('',(#6444,#6445,#6453,#6461,#6469));
#6444 = ORIENTED_EDGE('',*,*,#6405,.F.);
#6445 = ORIENTED_EDGE('',*,*,#6446,.T.);
#6446 = EDGE_CURVE('',#6406,#6447,#6449,.T.);
#6447 = VERTEX_POINT('',#6448);
#6448 = CARTESIAN_POINT('',(62.3,41.2,20.2));
#6449 = LINE('',#6450,#6451);
#6450 = CARTESIAN_POINT('',(62.3,-41.945,20.2));
#6451 = VECTOR('',#6452,1.);
#6452 = DIRECTION('',(0.,1.,0.));
#6453 = ORIENTED_EDGE('',*,*,#6454,.T.);
#6454 = EDGE_CURVE('',#6447,#6455,#6457,.T.);
#6455 = VERTEX_POINT('',#6456);
#6456 = CARTESIAN_POINT('',(-62.3,41.2,20.2));
#6457 = LINE('',#6458,#6459);
#6458 = CARTESIAN_POINT('',(-63.1,41.2,20.2));
#6459 = VECTOR('',#6460,1.);
#6460 = DIRECTION('',(-1.,0.,0.));
#6461 = ORIENTED_EDGE('',*,*,#6462,.F.);
#6462 = EDGE_CURVE('',#6463,#6455,#6465,.T.);
#6463 = VERTEX_POINT('',#6464);
#6464 = CARTESIAN_POINT('',(-62.3,-41.2,20.2));
#6465 = LINE('',#6466,#6467);
#6466 = CARTESIAN_POINT('',(-62.3,-41.945,20.2));
#6467 = VECTOR('',#6468,1.);
#6468 = DIRECTION('',(0.,1.,0.));
#6469 = ORIENTED_EDGE('',*,*,#6470,.F.);
#6470 = EDGE_CURVE('',#6408,#6463,#6471,.T.);
#6471 = LINE('',#6472,#6473);
#6472 = CARTESIAN_POINT('',(-63.1,-41.2,20.2));
#6473 = VECTOR('',#6474,1.);
#6474 = DIRECTION('',(-1.,0.,0.));
#6475 = FACE_BOUND('',#6476,.T.);
#6476 = EDGE_LOOP('',(#6477,#6488,#6497,#6506,#6515,#6524,#6533,#6542));
#6477 = ORIENTED_EDGE('',*,*,#6478,.F.);
#6478 = EDGE_CURVE('',#6479,#6481,#6483,.T.);
#6479 = VERTEX_POINT('',#6480);
#6480 = CARTESIAN_POINT('',(19.52,21.289067551,20.2));
#6481 = VERTEX_POINT('',#6482);
#6482 = CARTESIAN_POINT('',(-19.52,21.289067551,20.2));
#6483 = CIRCLE('',#6484,19.6);
#6484 = AXIS2_PLACEMENT_3D('',#6485,#6486,#6487);
#6485 = CARTESIAN_POINT('',(0.,19.52,20.2));
#6486 = DIRECTION('',(0.,0.,1.));
#6487 = DIRECTION('',(1.,0.,0.));
#6488 = ORIENTED_EDGE('',*,*,#6489,.F.);
#6489 = EDGE_CURVE('',#6490,#6479,#6492,.T.);
#6490 = VERTEX_POINT('',#6491);
#6491 = CARTESIAN_POINT('',(58.64,19.52,20.2));
#6492 = CIRCLE('',#6493,19.6);
#6493 = AXIS2_PLACEMENT_3D('',#6494,#6495,#6496);
#6494 = CARTESIAN_POINT('',(39.04,19.52,20.2));
#6495 = DIRECTION('',(0.,0.,1.));
#6496 = DIRECTION('',(1.,0.,0.));
#6497 = ORIENTED_EDGE('',*,*,#6498,.F.);
#6498 = EDGE_CURVE('',#6499,#6490,#6501,.T.);
#6499 = VERTEX_POINT('',#6500);
#6500 = CARTESIAN_POINT('',(40.809067551,0.,20.2));
#6501 = CIRCLE('',#6502,19.6);
#6502 = AXIS2_PLACEMENT_3D('',#6503,#6504,#6505);
#6503 = CARTESIAN_POINT('',(39.04,19.52,20.2));
#6504 = DIRECTION('',(0.,0.,1.));
#6505 = DIRECTION('',(1.,0.,0.));
#6506 = ORIENTED_EDGE('',*,*,#6507,.F.);
#6507 = EDGE_CURVE('',#6508,#6499,#6510,.T.);
#6508 = VERTEX_POINT('',#6509);
#6509 = CARTESIAN_POINT('',(58.64,-19.52,20.2));
#6510 = CIRCLE('',#6511,19.6);
#6511 = AXIS2_PLACEMENT_3D('',#6512,#6513,#6514);
#6512 = CARTESIAN_POINT('',(39.04,-19.52,20.2));
#6513 = DIRECTION('',(0.,0.,1.));
#6514 = DIRECTION('',(1.,0.,0.));
#6515 = ORIENTED_EDGE('',*,*,#6516,.F.);
#6516 = EDGE_CURVE('',#6517,#6508,#6519,.T.);
#6517 = VERTEX_POINT('',#6518);
#6518 = CARTESIAN_POINT('',(19.52,-21.289067551,20.2));
#6519 = CIRCLE('',#6520,19.6);
#6520 = AXIS2_PLACEMENT_3D('',#6521,#6522,#6523);
#6521 = CARTESIAN_POINT('',(39.04,-19.52,20.2));
#6522 = DIRECTION('',(0.,0.,1.));
#6523 = DIRECTION('',(1.,0.,0.));
#6524 = ORIENTED_EDGE('',*,*,#6525,.F.);
#6525 = EDGE_CURVE('',#6526,#6517,#6528,.T.);
#6526 = VERTEX_POINT('',#6527);
#6527 = CARTESIAN_POINT('',(-19.52,-21.289067551,20.2));
#6528 = CIRCLE('',#6529,19.6);
#6529 = AXIS2_PLACEMENT_3D('',#6530,#6531,#6532);
#6530 = CARTESIAN_POINT('',(0.,-19.52,20.2));
#6531 = DIRECTION('',(0.,0.,1.));
#6532 = DIRECTION('',(1.,0.,0.));
#6533 = ORIENTED_EDGE('',*,*,#6534,.F.);
#6534 = EDGE_CURVE('',#6535,#6526,#6537,.T.);
#6535 = VERTEX_POINT('',#6536);
#6536 = CARTESIAN_POINT('',(-40.809067551,0.,20.2));
#6537 = CIRCLE('',#6538,19.6);
#6538 = AXIS2_PLACEMENT_3D('',#6539,#6540,#6541);
#6539 = CARTESIAN_POINT('',(-39.04,-19.52,20.2));
#6540 = DIRECTION('',(0.,0.,1.));
#6541 = DIRECTION('',(1.,0.,0.));
#6542 = ORIENTED_EDGE('',*,*,#6543,.F.);
#6543 = EDGE_CURVE('',#6481,#6535,#6544,.T.);
#6544 = CIRCLE('',#6545,19.6);
#6545 = AXIS2_PLACEMENT_3D('',#6546,#6547,#6548);
#6546 = CARTESIAN_POINT('',(-39.04,19.52,20.2));
#6547 = DIRECTION('',(0.,0.,1.));
#6548 = DIRECTION('',(1.,0.,0.));
#6549 = PLANE('',#6550);
#6550 = AXIS2_PLACEMENT_3D('',#6551,#6552,#6553);
#6551 = CARTESIAN_POINT('',(-63.9,-42.69,20.2));
#6552 = DIRECTION('',(0.,0.,1.));
#6553 = DIRECTION('',(1.,0.,0.));
#6554 = ADVANCED_FACE('',(#6555),#6573,.T.);
#6555 = FACE_BOUND('',#6556,.T.);
#6556 = EDGE_LOOP('',(#6557,#6558,#6559,#6567));
#6557 = ORIENTED_EDGE('',*,*,#6415,.F.);
#6558 = ORIENTED_EDGE('',*,*,#6470,.T.);
#6559 = ORIENTED_EDGE('',*,*,#6560,.T.);
#6560 = EDGE_CURVE('',#6463,#6561,#6563,.T.);
#6561 = VERTEX_POINT('',#6562);
#6562 = CARTESIAN_POINT('',(-62.3,-41.2,21.5));
#6563 = LINE('',#6564,#6565);
#6564 = CARTESIAN_POINT('',(-62.3,-41.2,12.1));
#6565 = VECTOR('',#6566,1.);
#6566 = DIRECTION('',(0.,0.,1.));
#6567 = ORIENTED_EDGE('',*,*,#6568,.T.);
#6568 = EDGE_CURVE('',#6561,#6416,#6569,.T.);
#6569 = LINE('',#6570,#6571);
#6570 = CARTESIAN_POINT('',(-62.3,-41.2,21.5));
#6571 = VECTOR('',#6572,1.);
#6572 = DIRECTION('',(1.,0.,0.));
#6573 = PLANE('',#6574);
#6574 = AXIS2_PLACEMENT_3D('',#6575,#6576,#6577);
#6575 = CARTESIAN_POINT('',(-62.3,-41.2,12.1));
#6576 = DIRECTION('',(0.,1.,0.));
#6577 = DIRECTION('',(0.,0.,1.));
#6578 = ADVANCED_FACE('',(#6579),#6597,.T.);
#6579 = FACE_BOUND('',#6580,.T.);
#6580 = EDGE_LOOP('',(#6581,#6582,#6583,#6591));
#6581 = ORIENTED_EDGE('',*,*,#6560,.F.);
#6582 = ORIENTED_EDGE('',*,*,#6462,.T.);
#6583 = ORIENTED_EDGE('',*,*,#6584,.T.);
#6584 = EDGE_CURVE('',#6455,#6585,#6587,.T.);
#6585 = VERTEX_POINT('',#6586);
#6586 = CARTESIAN_POINT('',(-62.3,41.2,21.5));
#6587 = LINE('',#6588,#6589);
#6588 = CARTESIAN_POINT('',(-62.3,41.2,12.1));
#6589 = VECTOR('',#6590,1.);
#6590 = DIRECTION('',(0.,0.,1.));
#6591 = ORIENTED_EDGE('',*,*,#6592,.F.);
#6592 = EDGE_CURVE('',#6561,#6585,#6593,.T.);
#6593 = LINE('',#6594,#6595);
#6594 = CARTESIAN_POINT('',(-62.3,-41.2,21.5));
#6595 = VECTOR('',#6596,1.);
#6596 = DIRECTION('',(0.,1.,0.));
#6597 = PLANE('',#6598);
#6598 = AXIS2_PLACEMENT_3D('',#6599,#6600,#6601);
#6599 = CARTESIAN_POINT('',(-62.3,-41.2,12.1));
#6600 = DIRECTION('',(1.,0.,0.));
#6601 = DIRECTION('',(0.,0.,1.));
#6602 = ADVANCED_FACE('',(#6603),#6621,.F.);
#6603 = FACE_BOUND('',#6604,.F.);
#6604 = EDGE_LOOP('',(#6605,#6613,#6614,#6615));
#6605 = ORIENTED_EDGE('',*,*,#6606,.F.);
#6606 = EDGE_CURVE('',#6447,#6607,#6609,.T.);
#6607 = VERTEX_POINT('',#6608);
#6608 = CARTESIAN_POINT('',(62.3,41.2,21.5));
#6609 = LINE('',#6610,#6611);
#6610 = CARTESIAN_POINT('',(62.3,41.2,12.1));
#6611 = VECTOR('',#6612,1.);
#6612 = DIRECTION('',(0.,0.,1.));
#6613 = ORIENTED_EDGE('',*,*,#6454,.T.);
#6614 = ORIENTED_EDGE('',*,*,#6584,.T.);
#6615 = ORIENTED_EDGE('',*,*,#6616,.T.);
#6616 = EDGE_CURVE('',#6585,#6607,#6617,.T.);
#6617 = LINE('',#6618,#6619);
#6618 = CARTESIAN_POINT('',(-62.3,41.2,21.5));
#6619 = VECTOR('',#6620,1.);
#6620 = DIRECTION('',(1.,0.,0.));
#6621 = PLANE('',#6622);
#6622 = AXIS2_PLACEMENT_3D('',#6623,#6624,#6625);
#6623 = CARTESIAN_POINT('',(-62.3,41.2,12.1));
#6624 = DIRECTION('',(0.,1.,0.));
#6625 = DIRECTION('',(0.,0.,1.));
#6626 = ADVANCED_FACE('',(#6627),#6638,.F.);
#6627 = FACE_BOUND('',#6628,.F.);
#6628 = EDGE_LOOP('',(#6629,#6630,#6631,#6632));
#6629 = ORIENTED_EDGE('',*,*,#6431,.F.);
#6630 = ORIENTED_EDGE('',*,*,#6446,.T.);
#6631 = ORIENTED_EDGE('',*,*,#6606,.T.);
#6632 = ORIENTED_EDGE('',*,*,#6633,.F.);
#6633 = EDGE_CURVE('',#6424,#6607,#6634,.T.);
#6634 = LINE('',#6635,#6636);
#6635 = CARTESIAN_POINT('',(62.3,-41.2,21.5));
#6636 = VECTOR('',#6637,1.);
#6637 = DIRECTION('',(0.,1.,0.));
#6638 = PLANE('',#6639);
#6639 = AXIS2_PLACEMENT_3D('',#6640,#6641,#6642);
#6640 = CARTESIAN_POINT('',(62.3,-41.2,12.1));
#6641 = DIRECTION('',(1.,0.,0.));
#6642 = DIRECTION('',(0.,0.,1.));
#6643 = ADVANCED_FACE('',(#6644),#6670,.T.);
#6644 = FACE_BOUND('',#6645,.T.);
#6645 = EDGE_LOOP('',(#6646,#6657,#6663,#6664));
#6646 = ORIENTED_EDGE('',*,*,#6647,.F.);
#6647 = EDGE_CURVE('',#6648,#6650,#6652,.T.);
#6648 = VERTEX_POINT('',#6649);
#6649 = CARTESIAN_POINT('',(19.52,21.289067550999,21.5));
#6650 = VERTEX_POINT('',#6651);
#6651 = CARTESIAN_POINT('',(-19.52,21.289067550999,21.5));
#6652 = CIRCLE('',#6653,19.6);
#6653 = AXIS2_PLACEMENT_3D('',#6654,#6655,#6656);
#6654 = CARTESIAN_POINT('',(0.,19.52,21.5));
#6655 = DIRECTION('',(0.,0.,1.));
#6656 = DIRECTION('',(1.,0.,0.));
#6657 = ORIENTED_EDGE('',*,*,#6658,.F.);
#6658 = EDGE_CURVE('',#6479,#6648,#6659,.T.);
#6659 = LINE('',#6660,#6661);
#6660 = CARTESIAN_POINT('',(19.52,21.289067551,20.));
#6661 = VECTOR('',#6662,1.);
#6662 = DIRECTION('',(0.,0.,1.));
#6663 = ORIENTED_EDGE('',*,*,#6478,.T.);
#6664 = ORIENTED_EDGE('',*,*,#6665,.T.);
#6665 = EDGE_CURVE('',#6481,#6650,#6666,.T.);
#6666 = LINE('',#6667,#6668);
#6667 = CARTESIAN_POINT('',(-19.52,21.289067551,20.));
#6668 = VECTOR('',#6669,1.);
#6669 = DIRECTION('',(0.,0.,1.));
#6670 = CYLINDRICAL_SURFACE('',#6671,19.6);
#6671 = AXIS2_PLACEMENT_3D('',#6672,#6673,#6674);
#6672 = CARTESIAN_POINT('',(0.,19.52,20.));
#6673 = DIRECTION('',(0.,0.,1.));
#6674 = DIRECTION('',(1.,0.,0.));
#6675 = ADVANCED_FACE('',(#6676),#6695,.T.);
#6676 = FACE_BOUND('',#6677,.T.);
#6677 = EDGE_LOOP('',(#6678,#6687,#6688,#6689));
#6678 = ORIENTED_EDGE('',*,*,#6679,.F.);
#6679 = EDGE_CURVE('',#6650,#6680,#6682,.T.);
#6680 = VERTEX_POINT('',#6681);
#6681 = CARTESIAN_POINT('',(-40.809067551,0.,21.5));
#6682 = CIRCLE('',#6683,19.6);
#6683 = AXIS2_PLACEMENT_3D('',#6684,#6685,#6686);
#6684 = CARTESIAN_POINT('',(-39.04,19.52,21.5));
#6685 = DIRECTION('',(0.,0.,1.));
#6686 = DIRECTION('',(1.,0.,0.));
#6687 = ORIENTED_EDGE('',*,*,#6665,.F.);
#6688 = ORIENTED_EDGE('',*,*,#6543,.T.);
#6689 = ORIENTED_EDGE('',*,*,#6690,.T.);
#6690 = EDGE_CURVE('',#6535,#6680,#6691,.T.);
#6691 = LINE('',#6692,#6693);
#6692 = CARTESIAN_POINT('',(-40.809067551,0.,20.));
#6693 = VECTOR('',#6694,1.);
#6694 = DIRECTION('',(0.,0.,1.));
#6695 = CYLINDRICAL_SURFACE('',#6696,19.6);
#6696 = AXIS2_PLACEMENT_3D('',#6697,#6698,#6699);
#6697 = CARTESIAN_POINT('',(-39.04,19.52,20.));
#6698 = DIRECTION('',(0.,0.,1.));
#6699 = DIRECTION('',(1.,0.,0.));
#6700 = ADVANCED_FACE('',(#6701),#6720,.T.);
#6701 = FACE_BOUND('',#6702,.T.);
#6702 = EDGE_LOOP('',(#6703,#6704,#6705,#6713));
#6703 = ORIENTED_EDGE('',*,*,#6690,.F.);
#6704 = ORIENTED_EDGE('',*,*,#6534,.T.);
#6705 = ORIENTED_EDGE('',*,*,#6706,.T.);
#6706 = EDGE_CURVE('',#6526,#6707,#6709,.T.);
#6707 = VERTEX_POINT('',#6708);
#6708 = CARTESIAN_POINT('',(-19.52,-21.289067551,21.5));
#6709 = LINE('',#6710,#6711);
#6710 = CARTESIAN_POINT('',(-19.52,-21.289067551,20.));
#6711 = VECTOR('',#6712,1.);
#6712 = DIRECTION('',(0.,0.,1.));
#6713 = ORIENTED_EDGE('',*,*,#6714,.F.);
#6714 = EDGE_CURVE('',#6680,#6707,#6715,.T.);
#6715 = CIRCLE('',#6716,19.6);
#6716 = AXIS2_PLACEMENT_3D('',#6717,#6718,#6719);
#6717 = CARTESIAN_POINT('',(-39.04,-19.52,21.5));
#6718 = DIRECTION('',(0.,0.,1.));
#6719 = DIRECTION('',(1.,0.,0.));
#6720 = CYLINDRICAL_SURFACE('',#6721,19.6);
#6721 = AXIS2_PLACEMENT_3D('',#6722,#6723,#6724);
#6722 = CARTESIAN_POINT('',(-39.04,-19.52,20.));
#6723 = DIRECTION('',(0.,0.,1.));
#6724 = DIRECTION('',(1.,0.,0.));
#6725 = ADVANCED_FACE('',(#6726),#6745,.T.);
#6726 = FACE_BOUND('',#6727,.T.);
#6727 = EDGE_LOOP('',(#6728,#6729,#6730,#6738));
#6728 = ORIENTED_EDGE('',*,*,#6706,.F.);
#6729 = ORIENTED_EDGE('',*,*,#6525,.T.);
#6730 = ORIENTED_EDGE('',*,*,#6731,.T.);
#6731 = EDGE_CURVE('',#6517,#6732,#6734,.T.);
#6732 = VERTEX_POINT('',#6733);
#6733 = CARTESIAN_POINT('',(19.52,-21.289067551,21.5));
#6734 = LINE('',#6735,#6736);
#6735 = CARTESIAN_POINT('',(19.52,-21.289067551,20.));
#6736 = VECTOR('',#6737,1.);
#6737 = DIRECTION('',(0.,0.,1.));
#6738 = ORIENTED_EDGE('',*,*,#6739,.F.);
#6739 = EDGE_CURVE('',#6707,#6732,#6740,.T.);
#6740 = CIRCLE('',#6741,19.6);
#6741 = AXIS2_PLACEMENT_3D('',#6742,#6743,#6744);
#6742 = CARTESIAN_POINT('',(0.,-19.52,21.5));
#6743 = DIRECTION('',(0.,0.,1.));
#6744 = DIRECTION('',(1.,0.,0.));
#6745 = CYLINDRICAL_SURFACE('',#6746,19.6);
#6746 = AXIS2_PLACEMENT_3D('',#6747,#6748,#6749);
#6747 = CARTESIAN_POINT('',(0.,-19.52,20.));
#6748 = DIRECTION('',(0.,0.,1.));
#6749 = DIRECTION('',(1.,0.,0.));
#6750 = ADVANCED_FACE('',(#6751,#6758),#6798,.F.);
#6751 = FACE_BOUND('',#6752,.F.);
#6752 = EDGE_LOOP('',(#6753,#6754,#6755,#6756,#6757));
#6753 = ORIENTED_EDGE('',*,*,#6616,.F.);
#6754 = ORIENTED_EDGE('',*,*,#6592,.F.);
#6755 = ORIENTED_EDGE('',*,*,#6568,.T.);
#6756 = ORIENTED_EDGE('',*,*,#6423,.F.);
#6757 = ORIENTED_EDGE('',*,*,#6633,.T.);
#6758 = FACE_BOUND('',#6759,.F.);
#6759 = EDGE_LOOP('',(#6760,#6761,#6770,#6779,#6788,#6795,#6796,#6797));
#6760 = ORIENTED_EDGE('',*,*,#6647,.F.);
#6761 = ORIENTED_EDGE('',*,*,#6762,.F.);
#6762 = EDGE_CURVE('',#6763,#6648,#6765,.T.);
#6763 = VERTEX_POINT('',#6764);
#6764 = CARTESIAN_POINT('',(58.64,19.52,21.5));
#6765 = CIRCLE('',#6766,19.6);
#6766 = AXIS2_PLACEMENT_3D('',#6767,#6768,#6769);
#6767 = CARTESIAN_POINT('',(39.04,19.52,21.5));
#6768 = DIRECTION('',(0.,0.,1.));
#6769 = DIRECTION('',(1.,0.,0.));
#6770 = ORIENTED_EDGE('',*,*,#6771,.F.);
#6771 = EDGE_CURVE('',#6772,#6763,#6774,.T.);
#6772 = VERTEX_POINT('',#6773);
#6773 = CARTESIAN_POINT('',(40.809067551,0.,21.5));
#6774 = CIRCLE('',#6775,19.6);
#6775 = AXIS2_PLACEMENT_3D('',#6776,#6777,#6778);
#6776 = CARTESIAN_POINT('',(39.04,19.52,21.5));
#6777 = DIRECTION('',(0.,0.,1.));
#6778 = DIRECTION('',(1.,0.,0.));
#6779 = ORIENTED_EDGE('',*,*,#6780,.F.);
#6780 = EDGE_CURVE('',#6781,#6772,#6783,.T.);
#6781 = VERTEX_POINT('',#6782);
#6782 = CARTESIAN_POINT('',(58.64,-19.52,21.5));
#6783 = CIRCLE('',#6784,19.6);
#6784 = AXIS2_PLACEMENT_3D('',#6785,#6786,#6787);
#6785 = CARTESIAN_POINT('',(39.04,-19.52,21.5));
#6786 = DIRECTION('',(0.,0.,1.));
#6787 = DIRECTION('',(1.,0.,0.));
#6788 = ORIENTED_EDGE('',*,*,#6789,.F.);
#6789 = EDGE_CURVE('',#6732,#6781,#6790,.T.);
#6790 = CIRCLE('',#6791,19.6);
#6791 = AXIS2_PLACEMENT_3D('',#6792,#6793,#6794);
#6792 = CARTESIAN_POINT('',(39.04,-19.52,21.5));
#6793 = DIRECTION('',(0.,0.,1.));
#6794 = DIRECTION('',(1.,0.,0.));
#6795 = ORIENTED_EDGE('',*,*,#6739,.F.);
#6796 = ORIENTED_EDGE('',*,*,#6714,.F.);
#6797 = ORIENTED_EDGE('',*,*,#6679,.F.);
#6798 = PLANE('',#6799);
#6799 = AXIS2_PLACEMENT_3D('',#6800,#6801,#6802);
#6800 = CARTESIAN_POINT('',(-62.3,-41.2,21.5));
#6801 = DIRECTION('',(0.,0.,1.));
#6802 = DIRECTION('',(1.,0.,0.));
#6803 = ADVANCED_FACE('',(#6804),#6817,.T.);
#6804 = FACE_BOUND('',#6805,.T.);
#6805 = EDGE_LOOP('',(#6806,#6807,#6813,#6814,#6815,#6816));
#6806 = ORIENTED_EDGE('',*,*,#6507,.T.);
#6807 = ORIENTED_EDGE('',*,*,#6808,.T.);
#6808 = EDGE_CURVE('',#6499,#6772,#6809,.T.);
#6809 = LINE('',#6810,#6811);
#6810 = CARTESIAN_POINT('',(40.809067551,0.,20.));
#6811 = VECTOR('',#6812,1.);
#6812 = DIRECTION('',(0.,0.,1.));
#6813 = ORIENTED_EDGE('',*,*,#6780,.F.);
#6814 = ORIENTED_EDGE('',*,*,#6789,.F.);
#6815 = ORIENTED_EDGE('',*,*,#6731,.F.);
#6816 = ORIENTED_EDGE('',*,*,#6516,.T.);
#6817 = CYLINDRICAL_SURFACE('',#6818,19.6);
#6818 = AXIS2_PLACEMENT_3D('',#6819,#6820,#6821);
#6819 = CARTESIAN_POINT('',(39.04,-19.52,20.));
#6820 = DIRECTION('',(0.,0.,1.));
#6821 = DIRECTION('',(1.,0.,0.));
#6822 = ADVANCED_FACE('',(#6823),#6831,.T.);
#6823 = FACE_BOUND('',#6824,.T.);
#6824 = EDGE_LOOP('',(#6825,#6826,#6827,#6828,#6829,#6830));
#6825 = ORIENTED_EDGE('',*,*,#6489,.T.);
#6826 = ORIENTED_EDGE('',*,*,#6658,.T.);
#6827 = ORIENTED_EDGE('',*,*,#6762,.F.);
#6828 = ORIENTED_EDGE('',*,*,#6771,.F.);
#6829 = ORIENTED_EDGE('',*,*,#6808,.F.);
#6830 = ORIENTED_EDGE('',*,*,#6498,.T.);
#6831 = CYLINDRICAL_SURFACE('',#6832,19.6);
#6832 = AXIS2_PLACEMENT_3D('',#6833,#6834,#6835);
#6833 = CARTESIAN_POINT('',(39.04,19.52,20.));
#6834 = DIRECTION('',(0.,0.,1.));
#6835 = DIRECTION('',(1.,0.,0.));
#6836 = ORIENTED_CLOSED_SHELL('',*,#6837,.F.);
#6837 = CLOSED_SHELL('',(#6838,#6866,#6891,#6916,#6925));
#6838 = ADVANCED_FACE('',(#6839,#6850),#6861,.F.);
#6839 = FACE_BOUND('',#6840,.F.);
#6840 = EDGE_LOOP('',(#6841));
#6841 = ORIENTED_EDGE('',*,*,#6842,.T.);
#6842 = EDGE_CURVE('',#6843,#6843,#6845,.T.);
#6843 = VERTEX_POINT('',#6844);
#6844 = CARTESIAN_POINT('',(-19.84,-19.52,20.2));
#6845 = CIRCLE('',#6846,19.2);
#6846 = AXIS2_PLACEMENT_3D('',#6847,#6848,#6849);
#6847 = CARTESIAN_POINT('',(-39.04,-19.52,20.2));
#6848 = DIRECTION('',(0.,0.,1.));
#6849 = DIRECTION('',(1.,0.,0.));
#6850 = FACE_BOUND('',#6851,.F.);
#6851 = EDGE_LOOP('',(#6852));
#6852 = ORIENTED_EDGE('',*,*,#6853,.F.);
#6853 = EDGE_CURVE('',#6854,#6854,#6856,.T.);
#6854 = VERTEX_POINT('',#6855);
#6855 = CARTESIAN_POINT('',(-21.69,-19.52,20.2));
#6856 = CIRCLE('',#6857,17.35);
#6857 = AXIS2_PLACEMENT_3D('',#6858,#6859,#6860);
#6858 = CARTESIAN_POINT('',(-39.04,-19.52,20.2));
#6859 = DIRECTION('',(0.,0.,1.));
#6860 = DIRECTION('',(1.,0.,0.));
#6861 = PLANE('',#6862);
#6862 = AXIS2_PLACEMENT_3D('',#6863,#6864,#6865);
#6863 = CARTESIAN_POINT('',(-63.9,-42.69,20.2));
#6864 = DIRECTION('',(0.,0.,1.));
#6865 = DIRECTION('',(1.,0.,0.));
#6866 = ADVANCED_FACE('',(#6867),#6886,.T.);
#6867 = FACE_BOUND('',#6868,.T.);
#6868 = EDGE_LOOP('',(#6869,#6877,#6884,#6885));
#6869 = ORIENTED_EDGE('',*,*,#6870,.T.);
#6870 = EDGE_CURVE('',#6843,#6871,#6873,.T.);
#6871 = VERTEX_POINT('',#6872);
#6872 = CARTESIAN_POINT('',(-19.84,-19.52,21.5));
#6873 = LINE('',#6874,#6875);
#6874 = CARTESIAN_POINT('',(-19.84,-19.52,19.95));
#6875 = VECTOR('',#6876,1.);
#6876 = DIRECTION('',(0.,0.,1.));
#6877 = ORIENTED_EDGE('',*,*,#6878,.F.);
#6878 = EDGE_CURVE('',#6871,#6871,#6879,.T.);
#6879 = CIRCLE('',#6880,19.2);
#6880 = AXIS2_PLACEMENT_3D('',#6881,#6882,#6883);
#6881 = CARTESIAN_POINT('',(-39.04,-19.52,21.5));
#6882 = DIRECTION('',(0.,0.,1.));
#6883 = DIRECTION('',(1.,0.,0.));
#6884 = ORIENTED_EDGE('',*,*,#6870,.F.);
#6885 = ORIENTED_EDGE('',*,*,#6842,.T.);
#6886 = CYLINDRICAL_SURFACE('',#6887,19.2);
#6887 = AXIS2_PLACEMENT_3D('',#6888,#6889,#6890);
#6888 = CARTESIAN_POINT('',(-39.04,-19.52,19.95));
#6889 = DIRECTION('',(0.,0.,1.));
#6890 = DIRECTION('',(1.,0.,0.));
#6891 = ADVANCED_FACE('',(#6892),#6911,.T.);
#6892 = FACE_BOUND('',#6893,.T.);
#6893 = EDGE_LOOP('',(#6894,#6895,#6903,#6910));
#6894 = ORIENTED_EDGE('',*,*,#6853,.F.);
#6895 = ORIENTED_EDGE('',*,*,#6896,.F.);
#6896 = EDGE_CURVE('',#6897,#6854,#6899,.T.);
#6897 = VERTEX_POINT('',#6898);
#6898 = CARTESIAN_POINT('',(-21.69,-19.52,3.));
#6899 = LINE('',#6900,#6901);
#6900 = CARTESIAN_POINT('',(-21.69,-19.52,3.));
#6901 = VECTOR('',#6902,1.);
#6902 = DIRECTION('',(0.,0.,1.));
#6903 = ORIENTED_EDGE('',*,*,#6904,.T.);
#6904 = EDGE_CURVE('',#6897,#6897,#6905,.T.);
#6905 = CIRCLE('',#6906,17.35);
#6906 = AXIS2_PLACEMENT_3D('',#6907,#6908,#6909);
#6907 = CARTESIAN_POINT('',(-39.04,-19.52,3.));
#6908 = DIRECTION('',(0.,0.,1.));
#6909 = DIRECTION('',(1.,0.,0.));
#6910 = ORIENTED_EDGE('',*,*,#6896,.T.);
#6911 = CYLINDRICAL_SURFACE('',#6912,17.35);
#6912 = AXIS2_PLACEMENT_3D('',#6913,#6914,#6915);
#6913 = CARTESIAN_POINT('',(-39.04,-19.52,3.));
#6914 = DIRECTION('',(0.,0.,1.));
#6915 = DIRECTION('',(1.,0.,0.));
#6916 = ADVANCED_FACE('',(#6917),#6920,.T.);
#6917 = FACE_BOUND('',#6918,.T.);
#6918 = EDGE_LOOP('',(#6919));
#6919 = ORIENTED_EDGE('',*,*,#6878,.T.);
#6920 = PLANE('',#6921);
#6921 = AXIS2_PLACEMENT_3D('',#6922,#6923,#6924);
#6922 = CARTESIAN_POINT('',(-62.3,-41.2,21.5));
#6923 = DIRECTION('',(0.,0.,1.));
#6924 = DIRECTION('',(1.,0.,0.));
#6925 = ADVANCED_FACE('',(#6926),#6929,.F.);
#6926 = FACE_BOUND('',#6927,.T.);
#6927 = EDGE_LOOP('',(#6928));
#6928 = ORIENTED_EDGE('',*,*,#6904,.F.);
#6929 = PLANE('',#6930);
#6930 = AXIS2_PLACEMENT_3D('',#6931,#6932,#6933);
#6931 = CARTESIAN_POINT('',(-39.04,-19.52,3.));
#6932 = DIRECTION('',(0.,0.,1.));
#6933 = DIRECTION('',(1.,0.,0.));
#6934 = ORIENTED_CLOSED_SHELL('',*,#6935,.F.);
#6935 = CLOSED_SHELL('',(#6936,#6964,#6989,#7014,#7023));
#6936 = ADVANCED_FACE('',(#6937,#6948),#6959,.F.);
#6937 = FACE_BOUND('',#6938,.F.);
#6938 = EDGE_LOOP('',(#6939));
#6939 = ORIENTED_EDGE('',*,*,#6940,.T.);
#6940 = EDGE_CURVE('',#6941,#6941,#6943,.T.);
#6941 = VERTEX_POINT('',#6942);
#6942 = CARTESIAN_POINT('',(19.2,-19.52,20.2));
#6943 = CIRCLE('',#6944,19.2);
#6944 = AXIS2_PLACEMENT_3D('',#6945,#6946,#6947);
#6945 = CARTESIAN_POINT('',(0.,-19.52,20.2));
#6946 = DIRECTION('',(0.,0.,1.));
#6947 = DIRECTION('',(1.,0.,0.));
#6948 = FACE_BOUND('',#6949,.F.);
#6949 = EDGE_LOOP('',(#6950));
#6950 = ORIENTED_EDGE('',*,*,#6951,.F.);
#6951 = EDGE_CURVE('',#6952,#6952,#6954,.T.);
#6952 = VERTEX_POINT('',#6953);
#6953 = CARTESIAN_POINT('',(17.35,-19.52,20.2));
#6954 = CIRCLE('',#6955,17.35);
#6955 = AXIS2_PLACEMENT_3D('',#6956,#6957,#6958);
#6956 = CARTESIAN_POINT('',(0.,-19.52,20.2));
#6957 = DIRECTION('',(0.,0.,1.));
#6958 = DIRECTION('',(1.,0.,0.));
#6959 = PLANE('',#6960);
#6960 = AXIS2_PLACEMENT_3D('',#6961,#6962,#6963);
#6961 = CARTESIAN_POINT('',(-63.9,-42.69,20.2));
#6962 = DIRECTION('',(0.,0.,1.));
#6963 = DIRECTION('',(1.,0.,0.));
#6964 = ADVANCED_FACE('',(#6965),#6984,.T.);
#6965 = FACE_BOUND('',#6966,.T.);
#6966 = EDGE_LOOP('',(#6967,#6975,#6982,#6983));
#6967 = ORIENTED_EDGE('',*,*,#6968,.T.);
#6968 = EDGE_CURVE('',#6941,#6969,#6971,.T.);
#6969 = VERTEX_POINT('',#6970);
#6970 = CARTESIAN_POINT('',(19.2,-19.52,21.5));
#6971 = LINE('',#6972,#6973);
#6972 = CARTESIAN_POINT('',(19.2,-19.52,19.95));
#6973 = VECTOR('',#6974,1.);
#6974 = DIRECTION('',(0.,0.,1.));
#6975 = ORIENTED_EDGE('',*,*,#6976,.F.);
#6976 = EDGE_CURVE('',#6969,#6969,#6977,.T.);
#6977 = CIRCLE('',#6978,19.2);
#6978 = AXIS2_PLACEMENT_3D('',#6979,#6980,#6981);
#6979 = CARTESIAN_POINT('',(0.,-19.52,21.5));
#6980 = DIRECTION('',(0.,0.,1.));
#6981 = DIRECTION('',(1.,0.,0.));
#6982 = ORIENTED_EDGE('',*,*,#6968,.F.);
#6983 = ORIENTED_EDGE('',*,*,#6940,.T.);
#6984 = CYLINDRICAL_SURFACE('',#6985,19.2);
#6985 = AXIS2_PLACEMENT_3D('',#6986,#6987,#6988);
#6986 = CARTESIAN_POINT('',(0.,-19.52,19.95));
#6987 = DIRECTION('',(0.,0.,1.));
#6988 = DIRECTION('',(1.,0.,0.));
#6989 = ADVANCED_FACE('',(#6990),#7009,.T.);
#6990 = FACE_BOUND('',#6991,.T.);
#6991 = EDGE_LOOP('',(#6992,#6993,#7001,#7008));
#6992 = ORIENTED_EDGE('',*,*,#6951,.F.);
#6993 = ORIENTED_EDGE('',*,*,#6994,.F.);
#6994 = EDGE_CURVE('',#6995,#6952,#6997,.T.);
#6995 = VERTEX_POINT('',#6996);
#6996 = CARTESIAN_POINT('',(17.35,-19.52,3.));
#6997 = LINE('',#6998,#6999);
#6998 = CARTESIAN_POINT('',(17.35,-19.52,3.));
#6999 = VECTOR('',#7000,1.);
#7000 = DIRECTION('',(0.,0.,1.));
#7001 = ORIENTED_EDGE('',*,*,#7002,.T.);
#7002 = EDGE_CURVE('',#6995,#6995,#7003,.T.);
#7003 = CIRCLE('',#7004,17.35);
#7004 = AXIS2_PLACEMENT_3D('',#7005,#7006,#7007);
#7005 = CARTESIAN_POINT('',(0.,-19.52,3.));
#7006 = DIRECTION('',(0.,0.,1.));
#7007 = DIRECTION('',(1.,0.,0.));
#7008 = ORIENTED_EDGE('',*,*,#6994,.T.);
#7009 = CYLINDRICAL_SURFACE('',#7010,17.35);
#7010 = AXIS2_PLACEMENT_3D('',#7011,#7012,#7013);
#7011 = CARTESIAN_POINT('',(0.,-19.52,3.));
#7012 = DIRECTION('',(0.,0.,1.));
#7013 = DIRECTION('',(1.,0.,0.));
#7014 = ADVANCED_FACE('',(#7015),#7018,.T.);
#7015 = FACE_BOUND('',#7016,.T.);
#7016 = EDGE_LOOP('',(#7017));
#7017 = ORIENTED_EDGE('',*,*,#6976,.T.);
#7018 = PLANE('',#7019);
#7019 = AXIS2_PLACEMENT_3D('',#7020,#7021,#7022);
#7020 = CARTESIAN_POINT('',(-62.3,-41.2,21.5));
#7021 = DIRECTION('',(0.,0.,1.));
#7022 = DIRECTION('',(1.,0.,0.));
#7023 = ADVANCED_FACE('',(#7024),#7027,.F.);
#7024 = FACE_BOUND('',#7025,.T.);
#7025 = EDGE_LOOP('',(#7026));
#7026 = ORIENTED_EDGE('',*,*,#7002,.F.);
#7027 = PLANE('',#7028);
#7028 = AXIS2_PLACEMENT_3D('',#7029,#7030,#7031);
#7029 = CARTESIAN_POINT('',(0.,-19.52,3.));
#7030 = DIRECTION('',(0.,0.,1.));
#7031 = DIRECTION('',(1.,0.,0.));
#7032 = ORIENTED_CLOSED_SHELL('',*,#7033,.F.);
#7033 = CLOSED_SHELL('',(#7034,#7062,#7087,#7112,#7121));
#7034 = ADVANCED_FACE('',(#7035,#7046),#7057,.F.);
#7035 = FACE_BOUND('',#7036,.F.);
#7036 = EDGE_LOOP('',(#7037));
#7037 = ORIENTED_EDGE('',*,*,#7038,.T.);
#7038 = EDGE_CURVE('',#7039,#7039,#7041,.T.);
#7039 = VERTEX_POINT('',#7040);
#7040 = CARTESIAN_POINT('',(58.24,-19.52,20.2));
#7041 = CIRCLE('',#7042,19.2);
#7042 = AXIS2_PLACEMENT_3D('',#7043,#7044,#7045);
#7043 = CARTESIAN_POINT('',(39.04,-19.52,20.2));
#7044 = DIRECTION('',(0.,0.,1.));
#7045 = DIRECTION('',(1.,0.,0.));
#7046 = FACE_BOUND('',#7047,.F.);
#7047 = EDGE_LOOP('',(#7048));
#7048 = ORIENTED_EDGE('',*,*,#7049,.F.);
#7049 = EDGE_CURVE('',#7050,#7050,#7052,.T.);
#7050 = VERTEX_POINT('',#7051);
#7051 = CARTESIAN_POINT('',(56.39,-19.52,20.2));
#7052 = CIRCLE('',#7053,17.35);
#7053 = AXIS2_PLACEMENT_3D('',#7054,#7055,#7056);
#7054 = CARTESIAN_POINT('',(39.04,-19.52,20.2));
#7055 = DIRECTION('',(0.,0.,1.));
#7056 = DIRECTION('',(1.,0.,0.));
#7057 = PLANE('',#7058);
#7058 = AXIS2_PLACEMENT_3D('',#7059,#7060,#7061);
#7059 = CARTESIAN_POINT('',(-63.9,-42.69,20.2));
#7060 = DIRECTION('',(0.,0.,1.));
#7061 = DIRECTION('',(1.,0.,0.));
#7062 = ADVANCED_FACE('',(#7063),#7082,.T.);
#7063 = FACE_BOUND('',#7064,.T.);
#7064 = EDGE_LOOP('',(#7065,#7073,#7080,#7081));
#7065 = ORIENTED_EDGE('',*,*,#7066,.T.);
#7066 = EDGE_CURVE('',#7039,#7067,#7069,.T.);
#7067 = VERTEX_POINT('',#7068);
#7068 = CARTESIAN_POINT('',(58.24,-19.52,21.5));
#7069 = LINE('',#7070,#7071);
#7070 = CARTESIAN_POINT('',(58.24,-19.52,19.95));
#7071 = VECTOR('',#7072,1.);
#7072 = DIRECTION('',(0.,0.,1.));
#7073 = ORIENTED_EDGE('',*,*,#7074,.F.);
#7074 = EDGE_CURVE('',#7067,#7067,#7075,.T.);
#7075 = CIRCLE('',#7076,19.2);
#7076 = AXIS2_PLACEMENT_3D('',#7077,#7078,#7079);
#7077 = CARTESIAN_POINT('',(39.04,-19.52,21.5));
#7078 = DIRECTION('',(0.,0.,1.));
#7079 = DIRECTION('',(1.,0.,0.));
#7080 = ORIENTED_EDGE('',*,*,#7066,.F.);
#7081 = ORIENTED_EDGE('',*,*,#7038,.T.);
#7082 = CYLINDRICAL_SURFACE('',#7083,19.2);
#7083 = AXIS2_PLACEMENT_3D('',#7084,#7085,#7086);
#7084 = CARTESIAN_POINT('',(39.04,-19.52,19.95));
#7085 = DIRECTION('',(0.,0.,1.));
#7086 = DIRECTION('',(1.,0.,0.));
#7087 = ADVANCED_FACE('',(#7088),#7107,.T.);
#7088 = FACE_BOUND('',#7089,.T.);
#7089 = EDGE_LOOP('',(#7090,#7091,#7099,#7106));
#7090 = ORIENTED_EDGE('',*,*,#7049,.F.);
#7091 = ORIENTED_EDGE('',*,*,#7092,.F.);
#7092 = EDGE_CURVE('',#7093,#7050,#7095,.T.);
#7093 = VERTEX_POINT('',#7094);
#7094 = CARTESIAN_POINT('',(56.39,-19.52,3.));
#7095 = LINE('',#7096,#7097);
#7096 = CARTESIAN_POINT('',(56.39,-19.52,3.));
#7097 = VECTOR('',#7098,1.);
#7098 = DIRECTION('',(0.,0.,1.));
#7099 = ORIENTED_EDGE('',*,*,#7100,.T.);
#7100 = EDGE_CURVE('',#7093,#7093,#7101,.T.);
#7101 = CIRCLE('',#7102,17.35);
#7102 = AXIS2_PLACEMENT_3D('',#7103,#7104,#7105);
#7103 = CARTESIAN_POINT('',(39.04,-19.52,3.));
#7104 = DIRECTION('',(0.,0.,1.));
#7105 = DIRECTION('',(1.,0.,0.));
#7106 = ORIENTED_EDGE('',*,*,#7092,.T.);
#7107 = CYLINDRICAL_SURFACE('',#7108,17.35);
#7108 = AXIS2_PLACEMENT_3D('',#7109,#7110,#7111);
#7109 = CARTESIAN_POINT('',(39.04,-19.52,3.));
#7110 = DIRECTION('',(0.,0.,1.));
#7111 = DIRECTION('',(1.,0.,0.));
#7112 = ADVANCED_FACE('',(#7113),#7116,.T.);
#7113 = FACE_BOUND('',#7114,.T.);
#7114 = EDGE_LOOP('',(#7115));
#7115 = ORIENTED_EDGE('',*,*,#7074,.T.);
#7116 = PLANE('',#7117);
#7117 = AXIS2_PLACEMENT_3D('',#7118,#7119,#7120);
#7118 = CARTESIAN_POINT('',(-62.3,-41.2,21.5));
#7119 = DIRECTION('',(0.,0.,1.));
#7120 = DIRECTION('',(1.,0.,0.));
#7121 = ADVANCED_FACE('',(#7122),#7125,.F.);
#7122 = FACE_BOUND('',#7123,.T.);
#7123 = EDGE_LOOP('',(#7124));
#7124 = ORIENTED_EDGE('',*,*,#7100,.F.);
#7125 = PLANE('',#7126);
#7126 = AXIS2_PLACEMENT_3D('',#7127,#7128,#7129);
#7127 = CARTESIAN_POINT('',(39.04,-19.52,3.));
#7128 = DIRECTION('',(0.,0.,1.));
#7129 = DIRECTION('',(1.,0.,0.));
#7130 = ORIENTED_CLOSED_SHELL('',*,#7131,.F.);
#7131 = CLOSED_SHELL('',(#7132,#7160,#7185,#7210,#7219));
#7132 = ADVANCED_FACE('',(#7133,#7144),#7155,.F.);
#7133 = FACE_BOUND('',#7134,.F.);
#7134 = EDGE_LOOP('',(#7135));
#7135 = ORIENTED_EDGE('',*,*,#7136,.T.);
#7136 = EDGE_CURVE('',#7137,#7137,#7139,.T.);
#7137 = VERTEX_POINT('',#7138);
#7138 = CARTESIAN_POINT('',(-19.84,19.52,20.2));
#7139 = CIRCLE('',#7140,19.2);
#7140 = AXIS2_PLACEMENT_3D('',#7141,#7142,#7143);
#7141 = CARTESIAN_POINT('',(-39.04,19.52,20.2));
#7142 = DIRECTION('',(0.,0.,1.));
#7143 = DIRECTION('',(1.,0.,0.));
#7144 = FACE_BOUND('',#7145,.F.);
#7145 = EDGE_LOOP('',(#7146));
#7146 = ORIENTED_EDGE('',*,*,#7147,.F.);
#7147 = EDGE_CURVE('',#7148,#7148,#7150,.T.);
#7148 = VERTEX_POINT('',#7149);
#7149 = CARTESIAN_POINT('',(-21.69,19.52,20.2));
#7150 = CIRCLE('',#7151,17.35);
#7151 = AXIS2_PLACEMENT_3D('',#7152,#7153,#7154);
#7152 = CARTESIAN_POINT('',(-39.04,19.52,20.2));
#7153 = DIRECTION('',(0.,0.,1.));
#7154 = DIRECTION('',(1.,0.,0.));
#7155 = PLANE('',#7156);
#7156 = AXIS2_PLACEMENT_3D('',#7157,#7158,#7159);
#7157 = CARTESIAN_POINT('',(-63.9,-42.69,20.2));
#7158 = DIRECTION('',(0.,0.,1.));
#7159 = DIRECTION('',(1.,0.,0.));
#7160 = ADVANCED_FACE('',(#7161),#7180,.T.);
#7161 = FACE_BOUND('',#7162,.T.);
#7162 = EDGE_LOOP('',(#7163,#7171,#7178,#7179));
#7163 = ORIENTED_EDGE('',*,*,#7164,.T.);
#7164 = EDGE_CURVE('',#7137,#7165,#7167,.T.);
#7165 = VERTEX_POINT('',#7166);
#7166 = CARTESIAN_POINT('',(-19.84,19.52,21.5));
#7167 = LINE('',#7168,#7169);
#7168 = CARTESIAN_POINT('',(-19.84,19.52,19.95));
#7169 = VECTOR('',#7170,1.);
#7170 = DIRECTION('',(0.,0.,1.));
#7171 = ORIENTED_EDGE('',*,*,#7172,.F.);
#7172 = EDGE_CURVE('',#7165,#7165,#7173,.T.);
#7173 = CIRCLE('',#7174,19.2);
#7174 = AXIS2_PLACEMENT_3D('',#7175,#7176,#7177);
#7175 = CARTESIAN_POINT('',(-39.04,19.52,21.5));
#7176 = DIRECTION('',(0.,0.,1.));
#7177 = DIRECTION('',(1.,0.,0.));
#7178 = ORIENTED_EDGE('',*,*,#7164,.F.);
#7179 = ORIENTED_EDGE('',*,*,#7136,.T.);
#7180 = CYLINDRICAL_SURFACE('',#7181,19.2);
#7181 = AXIS2_PLACEMENT_3D('',#7182,#7183,#7184);
#7182 = CARTESIAN_POINT('',(-39.04,19.52,19.95));
#7183 = DIRECTION('',(0.,0.,1.));
#7184 = DIRECTION('',(1.,0.,0.));
#7185 = ADVANCED_FACE('',(#7186),#7205,.T.);
#7186 = FACE_BOUND('',#7187,.T.);
#7187 = EDGE_LOOP('',(#7188,#7189,#7197,#7204));
#7188 = ORIENTED_EDGE('',*,*,#7147,.F.);
#7189 = ORIENTED_EDGE('',*,*,#7190,.F.);
#7190 = EDGE_CURVE('',#7191,#7148,#7193,.T.);
#7191 = VERTEX_POINT('',#7192);
#7192 = CARTESIAN_POINT('',(-21.69,19.52,3.));
#7193 = LINE('',#7194,#7195);
#7194 = CARTESIAN_POINT('',(-21.69,19.52,3.));
#7195 = VECTOR('',#7196,1.);
#7196 = DIRECTION('',(0.,0.,1.));
#7197 = ORIENTED_EDGE('',*,*,#7198,.T.);
#7198 = EDGE_CURVE('',#7191,#7191,#7199,.T.);
#7199 = CIRCLE('',#7200,17.35);
#7200 = AXIS2_PLACEMENT_3D('',#7201,#7202,#7203);
#7201 = CARTESIAN_POINT('',(-39.04,19.52,3.));
#7202 = DIRECTION('',(0.,0.,1.));
#7203 = DIRECTION('',(1.,0.,0.));
#7204 = ORIENTED_EDGE('',*,*,#7190,.T.);
#7205 = CYLINDRICAL_SURFACE('',#7206,17.35);
#7206 = AXIS2_PLACEMENT_3D('',#7207,#7208,#7209);
#7207 = CARTESIAN_POINT('',(-39.04,19.52,3.));
#7208 = DIRECTION('',(0.,0.,1.));
#7209 = DIRECTION('',(1.,0.,0.));
#7210 = ADVANCED_FACE('',(#7211),#7214,.T.);
#7211 = FACE_BOUND('',#7212,.T.);
#7212 = EDGE_LOOP('',(#7213));
#7213 = ORIENTED_EDGE('',*,*,#7172,.T.);
#7214 = PLANE('',#7215);
#7215 = AXIS2_PLACEMENT_3D('',#7216,#7217,#7218);
#7216 = CARTESIAN_POINT('',(-62.3,-41.2,21.5));
#7217 = DIRECTION('',(0.,0.,1.));
#7218 = DIRECTION('',(1.,0.,0.));
#7219 = ADVANCED_FACE('',(#7220),#7223,.F.);
#7220 = FACE_BOUND('',#7221,.T.);
#7221 = EDGE_LOOP('',(#7222));
#7222 = ORIENTED_EDGE('',*,*,#7198,.F.);
#7223 = PLANE('',#7224);
#7224 = AXIS2_PLACEMENT_3D('',#7225,#7226,#7227);
#7225 = CARTESIAN_POINT('',(-39.04,19.52,3.));
#7226 = DIRECTION('',(0.,0.,1.));
#7227 = DIRECTION('',(1.,0.,0.));
#7228 = ORIENTED_CLOSED_SHELL('',*,#7229,.F.);
#7229 = CLOSED_SHELL('',(#7230,#7258,#7283,#7308,#7317));
#7230 = ADVANCED_FACE('',(#7231,#7242),#7253,.F.);
#7231 = FACE_BOUND('',#7232,.F.);
#7232 = EDGE_LOOP('',(#7233));
#7233 = ORIENTED_EDGE('',*,*,#7234,.T.);
#7234 = EDGE_CURVE('',#7235,#7235,#7237,.T.);
#7235 = VERTEX_POINT('',#7236);
#7236 = CARTESIAN_POINT('',(19.2,19.52,20.2));
#7237 = CIRCLE('',#7238,19.2);
#7238 = AXIS2_PLACEMENT_3D('',#7239,#7240,#7241);
#7239 = CARTESIAN_POINT('',(0.,19.52,20.2));
#7240 = DIRECTION('',(0.,0.,1.));
#7241 = DIRECTION('',(1.,0.,0.));
#7242 = FACE_BOUND('',#7243,.F.);
#7243 = EDGE_LOOP('',(#7244));
#7244 = ORIENTED_EDGE('',*,*,#7245,.F.);
#7245 = EDGE_CURVE('',#7246,#7246,#7248,.T.);
#7246 = VERTEX_POINT('',#7247);
#7247 = CARTESIAN_POINT('',(17.35,19.52,20.2));
#7248 = CIRCLE('',#7249,17.35);
#7249 = AXIS2_PLACEMENT_3D('',#7250,#7251,#7252);
#7250 = CARTESIAN_POINT('',(0.,19.52,20.2));
#7251 = DIRECTION('',(0.,0.,1.));
#7252 = DIRECTION('',(1.,0.,0.));
#7253 = PLANE('',#7254);
#7254 = AXIS2_PLACEMENT_3D('',#7255,#7256,#7257);
#7255 = CARTESIAN_POINT('',(-63.9,-42.69,20.2));
#7256 = DIRECTION('',(0.,0.,1.));
#7257 = DIRECTION('',(1.,0.,0.));
#7258 = ADVANCED_FACE('',(#7259),#7278,.T.);
#7259 = FACE_BOUND('',#7260,.T.);
#7260 = EDGE_LOOP('',(#7261,#7269,#7276,#7277));
#7261 = ORIENTED_EDGE('',*,*,#7262,.T.);
#7262 = EDGE_CURVE('',#7235,#7263,#7265,.T.);
#7263 = VERTEX_POINT('',#7264);
#7264 = CARTESIAN_POINT('',(19.2,19.52,21.5));
#7265 = LINE('',#7266,#7267);
#7266 = CARTESIAN_POINT('',(19.2,19.52,19.95));
#7267 = VECTOR('',#7268,1.);
#7268 = DIRECTION('',(0.,0.,1.));
#7269 = ORIENTED_EDGE('',*,*,#7270,.F.);
#7270 = EDGE_CURVE('',#7263,#7263,#7271,.T.);
#7271 = CIRCLE('',#7272,19.2);
#7272 = AXIS2_PLACEMENT_3D('',#7273,#7274,#7275);
#7273 = CARTESIAN_POINT('',(0.,19.52,21.5));
#7274 = DIRECTION('',(0.,0.,1.));
#7275 = DIRECTION('',(1.,0.,0.));
#7276 = ORIENTED_EDGE('',*,*,#7262,.F.);
#7277 = ORIENTED_EDGE('',*,*,#7234,.T.);
#7278 = CYLINDRICAL_SURFACE('',#7279,19.2);
#7279 = AXIS2_PLACEMENT_3D('',#7280,#7281,#7282);
#7280 = CARTESIAN_POINT('',(0.,19.52,19.95));
#7281 = DIRECTION('',(0.,0.,1.));
#7282 = DIRECTION('',(1.,0.,0.));
#7283 = ADVANCED_FACE('',(#7284),#7303,.T.);
#7284 = FACE_BOUND('',#7285,.T.);
#7285 = EDGE_LOOP('',(#7286,#7287,#7295,#7302));
#7286 = ORIENTED_EDGE('',*,*,#7245,.F.);
#7287 = ORIENTED_EDGE('',*,*,#7288,.F.);
#7288 = EDGE_CURVE('',#7289,#7246,#7291,.T.);
#7289 = VERTEX_POINT('',#7290);
#7290 = CARTESIAN_POINT('',(17.35,19.52,3.));
#7291 = LINE('',#7292,#7293);
#7292 = CARTESIAN_POINT('',(17.35,19.52,3.));
#7293 = VECTOR('',#7294,1.);
#7294 = DIRECTION('',(0.,0.,1.));
#7295 = ORIENTED_EDGE('',*,*,#7296,.T.);
#7296 = EDGE_CURVE('',#7289,#7289,#7297,.T.);
#7297 = CIRCLE('',#7298,17.35);
#7298 = AXIS2_PLACEMENT_3D('',#7299,#7300,#7301);
#7299 = CARTESIAN_POINT('',(0.,19.52,3.));
#7300 = DIRECTION('',(0.,0.,1.));
#7301 = DIRECTION('',(1.,0.,0.));
#7302 = ORIENTED_EDGE('',*,*,#7288,.T.);
#7303 = CYLINDRICAL_SURFACE('',#7304,17.35);
#7304 = AXIS2_PLACEMENT_3D('',#7305,#7306,#7307);
#7305 = CARTESIAN_POINT('',(0.,19.52,3.));
#7306 = DIRECTION('',(0.,0.,1.));
#7307 = DIRECTION('',(1.,0.,0.));
#7308 = ADVANCED_FACE('',(#7309),#7312,.T.);
#7309 = FACE_BOUND('',#7310,.T.);
#7310 = EDGE_LOOP('',(#7311));
#7311 = ORIENTED_EDGE('',*,*,#7270,.T.);
#7312 = PLANE('',#7313);
#7313 = AXIS2_PLACEMENT_3D('',#7314,#7315,#7316);
#7314 = CARTESIAN_POINT('',(-62.3,-41.2,21.5));
#7315 = DIRECTION('',(0.,0.,1.));
#7316 = DIRECTION('',(1.,0.,0.));
#7317 = ADVANCED_FACE('',(#7318),#7321,.F.);
#7318 = FACE_BOUND('',#7319,.T.);
#7319 = EDGE_LOOP('',(#7320));
#7320 = ORIENTED_EDGE('',*,*,#7296,.F.);
#7321 = PLANE('',#7322);
#7322 = AXIS2_PLACEMENT_3D('',#7323,#7324,#7325);
#7323 = CARTESIAN_POINT('',(0.,19.52,3.));
#7324 = DIRECTION('',(0.,0.,1.));
#7325 = DIRECTION('',(1.,0.,0.));
#7326 = ORIENTED_CLOSED_SHELL('',*,#7327,.F.);
#7327 = CLOSED_SHELL('',(#7328,#7356,#7381,#7406,#7415));
#7328 = ADVANCED_FACE('',(#7329,#7340),#7351,.F.);
#7329 = FACE_BOUND('',#7330,.F.);
#7330 = EDGE_LOOP('',(#7331));
#7331 = ORIENTED_EDGE('',*,*,#7332,.T.);
#7332 = EDGE_CURVE('',#7333,#7333,#7335,.T.);
#7333 = VERTEX_POINT('',#7334);
#7334 = CARTESIAN_POINT('',(58.24,19.52,20.2));
#7335 = CIRCLE('',#7336,19.2);
#7336 = AXIS2_PLACEMENT_3D('',#7337,#7338,#7339);
#7337 = CARTESIAN_POINT('',(39.04,19.52,20.2));
#7338 = DIRECTION('',(0.,0.,1.));
#7339 = DIRECTION('',(1.,0.,0.));
#7340 = FACE_BOUND('',#7341,.F.);
#7341 = EDGE_LOOP('',(#7342));
#7342 = ORIENTED_EDGE('',*,*,#7343,.F.);
#7343 = EDGE_CURVE('',#7344,#7344,#7346,.T.);
#7344 = VERTEX_POINT('',#7345);
#7345 = CARTESIAN_POINT('',(56.39,19.52,20.2));
#7346 = CIRCLE('',#7347,17.35);
#7347 = AXIS2_PLACEMENT_3D('',#7348,#7349,#7350);
#7348 = CARTESIAN_POINT('',(39.04,19.52,20.2));
#7349 = DIRECTION('',(0.,0.,1.));
#7350 = DIRECTION('',(1.,0.,0.));
#7351 = PLANE('',#7352);
#7352 = AXIS2_PLACEMENT_3D('',#7353,#7354,#7355);
#7353 = CARTESIAN_POINT('',(-63.9,-42.69,20.2));
#7354 = DIRECTION('',(0.,0.,1.));
#7355 = DIRECTION('',(1.,0.,0.));
#7356 = ADVANCED_FACE('',(#7357),#7376,.T.);
#7357 = FACE_BOUND('',#7358,.T.);
#7358 = EDGE_LOOP('',(#7359,#7367,#7374,#7375));
#7359 = ORIENTED_EDGE('',*,*,#7360,.T.);
#7360 = EDGE_CURVE('',#7333,#7361,#7363,.T.);
#7361 = VERTEX_POINT('',#7362);
#7362 = CARTESIAN_POINT('',(58.24,19.52,21.5));
#7363 = LINE('',#7364,#7365);
#7364 = CARTESIAN_POINT('',(58.24,19.52,19.95));
#7365 = VECTOR('',#7366,1.);
#7366 = DIRECTION('',(0.,0.,1.));
#7367 = ORIENTED_EDGE('',*,*,#7368,.F.);
#7368 = EDGE_CURVE('',#7361,#7361,#7369,.T.);
#7369 = CIRCLE('',#7370,19.2);
#7370 = AXIS2_PLACEMENT_3D('',#7371,#7372,#7373);
#7371 = CARTESIAN_POINT('',(39.04,19.52,21.5));
#7372 = DIRECTION('',(0.,0.,1.));
#7373 = DIRECTION('',(1.,0.,0.));
#7374 = ORIENTED_EDGE('',*,*,#7360,.F.);
#7375 = ORIENTED_EDGE('',*,*,#7332,.T.);
#7376 = CYLINDRICAL_SURFACE('',#7377,19.2);
#7377 = AXIS2_PLACEMENT_3D('',#7378,#7379,#7380);
#7378 = CARTESIAN_POINT('',(39.04,19.52,19.95));
#7379 = DIRECTION('',(0.,0.,1.));
#7380 = DIRECTION('',(1.,0.,0.));
#7381 = ADVANCED_FACE('',(#7382),#7401,.T.);
#7382 = FACE_BOUND('',#7383,.T.);
#7383 = EDGE_LOOP('',(#7384,#7385,#7393,#7400));
#7384 = ORIENTED_EDGE('',*,*,#7343,.F.);
#7385 = ORIENTED_EDGE('',*,*,#7386,.F.);
#7386 = EDGE_CURVE('',#7387,#7344,#7389,.T.);
#7387 = VERTEX_POINT('',#7388);
#7388 = CARTESIAN_POINT('',(56.39,19.52,3.));
#7389 = LINE('',#7390,#7391);
#7390 = CARTESIAN_POINT('',(56.39,19.52,3.));
#7391 = VECTOR('',#7392,1.);
#7392 = DIRECTION('',(0.,0.,1.));
#7393 = ORIENTED_EDGE('',*,*,#7394,.T.);
#7394 = EDGE_CURVE('',#7387,#7387,#7395,.T.);
#7395 = CIRCLE('',#7396,17.35);
#7396 = AXIS2_PLACEMENT_3D('',#7397,#7398,#7399);
#7397 = CARTESIAN_POINT('',(39.04,19.52,3.));
#7398 = DIRECTION('',(0.,0.,1.));
#7399 = DIRECTION('',(1.,0.,0.));
#7400 = ORIENTED_EDGE('',*,*,#7386,.T.);
#7401 = CYLINDRICAL_SURFACE('',#7402,17.35);
#7402 = AXIS2_PLACEMENT_3D('',#7403,#7404,#7405);
#7403 = CARTESIAN_POINT('',(39.04,19.52,3.));
#7404 = DIRECTION('',(0.,0.,1.));
#7405 = DIRECTION('',(1.,0.,0.));
#7406 = ADVANCED_FACE('',(#7407),#7410,.T.);
#7407 = FACE_BOUND('',#7408,.T.);
#7408 = EDGE_LOOP('',(#7409));
#7409 = ORIENTED_EDGE('',*,*,#7368,.T.);
#7410 = PLANE('',#7411);
#7411 = AXIS2_PLACEMENT_3D('',#7412,#7413,#7414);
#7412 = CARTESIAN_POINT('',(-62.3,-41.2,21.5));
#7413 = DIRECTION('',(0.,0.,1.));
#7414 = DIRECTION('',(1.,0.,0.));
#7415 = ADVANCED_FACE('',(#7416),#7419,.F.);
#7416 = FACE_BOUND('',#7417,.T.);
#7417 = EDGE_LOOP('',(#7418));
#7418 = ORIENTED_EDGE('',*,*,#7394,.F.);
#7419 = PLANE('',#7420);
#7420 = AXIS2_PLACEMENT_3D('',#7421,#7422,#7423);
#7421 = CARTESIAN_POINT('',(39.04,19.52,3.));
#7422 = DIRECTION('',(0.,0.,1.));
#7423 = DIRECTION('',(1.,0.,0.));
#7424 = ORIENTED_CLOSED_SHELL('',*,#7425,.F.);
#7425 = CLOSED_SHELL('',(#7426,#7470,#7502,#7527,#7552,#7570));
#7426 = ADVANCED_FACE('',(#7427),#7465,.F.);
#7427 = FACE_BOUND('',#7428,.F.);
#7428 = EDGE_LOOP('',(#7429,#7440,#7449,#7458));
#7429 = ORIENTED_EDGE('',*,*,#7430,.F.);
#7430 = EDGE_CURVE('',#7431,#7433,#7435,.T.);
#7431 = VERTEX_POINT('',#7432);
#7432 = CARTESIAN_POINT('',(-19.52,17.750932449,20.2));
#7433 = VERTEX_POINT('',#7434);
#7434 = CARTESIAN_POINT('',(-1.769067551,0.,20.2));
#7435 = CIRCLE('',#7436,19.6);
#7436 = AXIS2_PLACEMENT_3D('',#7437,#7438,#7439);
#7437 = CARTESIAN_POINT('',(0.,19.52,20.2));
#7438 = DIRECTION('',(0.,0.,1.));
#7439 = DIRECTION('',(1.,0.,0.));
#7440 = ORIENTED_EDGE('',*,*,#7441,.F.);
#7441 = EDGE_CURVE('',#7442,#7431,#7444,.T.);
#7442 = VERTEX_POINT('',#7443);
#7443 = CARTESIAN_POINT('',(-37.270932449,0.,20.2));
#7444 = CIRCLE('',#7445,19.6);
#7445 = AXIS2_PLACEMENT_3D('',#7446,#7447,#7448);
#7446 = CARTESIAN_POINT('',(-39.04,19.52,20.2));
#7447 = DIRECTION('',(0.,0.,1.));
#7448 = DIRECTION('',(1.,0.,0.));
#7449 = ORIENTED_EDGE('',*,*,#7450,.F.);
#7450 = EDGE_CURVE('',#7451,#7442,#7453,.T.);
#7451 = VERTEX_POINT('',#7452);
#7452 = CARTESIAN_POINT('',(-19.52,-17.750932449,20.2));
#7453 = CIRCLE('',#7454,19.6);
#7454 = AXIS2_PLACEMENT_3D('',#7455,#7456,#7457);
#7455 = CARTESIAN_POINT('',(-39.04,-19.52,20.2));
#7456 = DIRECTION('',(0.,0.,1.));
#7457 = DIRECTION('',(1.,0.,0.));
#7458 = ORIENTED_EDGE('',*,*,#7459,.F.);
#7459 = EDGE_CURVE('',#7433,#7451,#7460,.T.);
#7460 = CIRCLE('',#7461,19.6);
#7461 = AXIS2_PLACEMENT_3D('',#7462,#7463,#7464);
#7462 = CARTESIAN_POINT('',(0.,-19.52,20.2));
#7463 = DIRECTION('',(0.,0.,1.));
#7464 = DIRECTION('',(1.,0.,0.));
#7465 = PLANE('',#7466);
#7466 = AXIS2_PLACEMENT_3D('',#7467,#7468,#7469);
#7467 = CARTESIAN_POINT('',(-63.9,-42.69,20.2));
#7468 = DIRECTION('',(0.,0.,1.));
#7469 = DIRECTION('',(1.,0.,0.));
#7470 = ADVANCED_FACE('',(#7471),#7497,.F.);
#7471 = FACE_BOUND('',#7472,.F.);
#7472 = EDGE_LOOP('',(#7473,#7484,#7490,#7491));
#7473 = ORIENTED_EDGE('',*,*,#7474,.F.);
#7474 = EDGE_CURVE('',#7475,#7477,#7479,.T.);
#7475 = VERTEX_POINT('',#7476);
#7476 = CARTESIAN_POINT('',(-19.52,17.750932449,21.5));
#7477 = VERTEX_POINT('',#7478);
#7478 = CARTESIAN_POINT('',(-1.769067551,0.,21.5));
#7479 = CIRCLE('',#7480,19.6);
#7480 = AXIS2_PLACEMENT_3D('',#7481,#7482,#7483);
#7481 = CARTESIAN_POINT('',(0.,19.52,21.5));
#7482 = DIRECTION('',(0.,0.,1.));
#7483 = DIRECTION('',(1.,0.,0.));
#7484 = ORIENTED_EDGE('',*,*,#7485,.F.);
#7485 = EDGE_CURVE('',#7431,#7475,#7486,.T.);
#7486 = LINE('',#7487,#7488);
#7487 = CARTESIAN_POINT('',(-19.52,17.750932449,20.));
#7488 = VECTOR('',#7489,1.);
#7489 = DIRECTION('',(0.,0.,1.));
#7490 = ORIENTED_EDGE('',*,*,#7430,.T.);
#7491 = ORIENTED_EDGE('',*,*,#7492,.T.);
#7492 = EDGE_CURVE('',#7433,#7477,#7493,.T.);
#7493 = LINE('',#7494,#7495);
#7494 = CARTESIAN_POINT('',(-1.769067551,0.,20.));
#7495 = VECTOR('',#7496,1.);
#7496 = DIRECTION('',(0.,0.,1.));
#7497 = CYLINDRICAL_SURFACE('',#7498,19.6);
#7498 = AXIS2_PLACEMENT_3D('',#7499,#7500,#7501);
#7499 = CARTESIAN_POINT('',(0.,19.52,20.));
#7500 = DIRECTION('',(0.,0.,1.));
#7501 = DIRECTION('',(1.,0.,0.));
#7502 = ADVANCED_FACE('',(#7503),#7522,.F.);
#7503 = FACE_BOUND('',#7504,.F.);
#7504 = EDGE_LOOP('',(#7505,#7514,#7515,#7516));
#7505 = ORIENTED_EDGE('',*,*,#7506,.F.);
#7506 = EDGE_CURVE('',#7477,#7507,#7509,.T.);
#7507 = VERTEX_POINT('',#7508);
#7508 = CARTESIAN_POINT('',(-19.52,-17.750932449,21.5));
#7509 = CIRCLE('',#7510,19.6);
#7510 = AXIS2_PLACEMENT_3D('',#7511,#7512,#7513);
#7511 = CARTESIAN_POINT('',(0.,-19.52,21.5));
#7512 = DIRECTION('',(0.,0.,1.));
#7513 = DIRECTION('',(1.,0.,0.));
#7514 = ORIENTED_EDGE('',*,*,#7492,.F.);
#7515 = ORIENTED_EDGE('',*,*,#7459,.T.);
#7516 = ORIENTED_EDGE('',*,*,#7517,.T.);
#7517 = EDGE_CURVE('',#7451,#7507,#7518,.T.);
#7518 = LINE('',#7519,#7520);
#7519 = CARTESIAN_POINT('',(-19.52,-17.750932449,20.));
#7520 = VECTOR('',#7521,1.);
#7521 = DIRECTION('',(0.,0.,1.));
#7522 = CYLINDRICAL_SURFACE('',#7523,19.6);
#7523 = AXIS2_PLACEMENT_3D('',#7524,#7525,#7526);
#7524 = CARTESIAN_POINT('',(0.,-19.52,20.));
#7525 = DIRECTION('',(0.,0.,1.));
#7526 = DIRECTION('',(1.,0.,0.));
#7527 = ADVANCED_FACE('',(#7528),#7547,.F.);
#7528 = FACE_BOUND('',#7529,.F.);
#7529 = EDGE_LOOP('',(#7530,#7539,#7540,#7541));
#7530 = ORIENTED_EDGE('',*,*,#7531,.F.);
#7531 = EDGE_CURVE('',#7507,#7532,#7534,.T.);
#7532 = VERTEX_POINT('',#7533);
#7533 = CARTESIAN_POINT('',(-37.270932449,0.,21.5));
#7534 = CIRCLE('',#7535,19.6);
#7535 = AXIS2_PLACEMENT_3D('',#7536,#7537,#7538);
#7536 = CARTESIAN_POINT('',(-39.04,-19.52,21.5));
#7537 = DIRECTION('',(0.,0.,1.));
#7538 = DIRECTION('',(1.,0.,0.));
#7539 = ORIENTED_EDGE('',*,*,#7517,.F.);
#7540 = ORIENTED_EDGE('',*,*,#7450,.T.);
#7541 = ORIENTED_EDGE('',*,*,#7542,.T.);
#7542 = EDGE_CURVE('',#7442,#7532,#7543,.T.);
#7543 = LINE('',#7544,#7545);
#7544 = CARTESIAN_POINT('',(-37.270932449,0.,20.));
#7545 = VECTOR('',#7546,1.);
#7546 = DIRECTION('',(0.,0.,1.));
#7547 = CYLINDRICAL_SURFACE('',#7548,19.6);
#7548 = AXIS2_PLACEMENT_3D('',#7549,#7550,#7551);
#7549 = CARTESIAN_POINT('',(-39.04,-19.52,20.));
#7550 = DIRECTION('',(0.,0.,1.));
#7551 = DIRECTION('',(1.,0.,0.));
#7552 = ADVANCED_FACE('',(#7553),#7565,.F.);
#7553 = FACE_BOUND('',#7554,.F.);
#7554 = EDGE_LOOP('',(#7555,#7556,#7557,#7558));
#7555 = ORIENTED_EDGE('',*,*,#7542,.F.);
#7556 = ORIENTED_EDGE('',*,*,#7441,.T.);
#7557 = ORIENTED_EDGE('',*,*,#7485,.T.);
#7558 = ORIENTED_EDGE('',*,*,#7559,.F.);
#7559 = EDGE_CURVE('',#7532,#7475,#7560,.T.);
#7560 = CIRCLE('',#7561,19.6);
#7561 = AXIS2_PLACEMENT_3D('',#7562,#7563,#7564);
#7562 = CARTESIAN_POINT('',(-39.04,19.52,21.5));
#7563 = DIRECTION('',(0.,0.,1.));
#7564 = DIRECTION('',(1.,0.,0.));
#7565 = CYLINDRICAL_SURFACE('',#7566,19.6);
#7566 = AXIS2_PLACEMENT_3D('',#7567,#7568,#7569);
#7567 = CARTESIAN_POINT('',(-39.04,19.52,20.));
#7568 = DIRECTION('',(0.,0.,1.));
#7569 = DIRECTION('',(1.,0.,0.));
#7570 = ADVANCED_FACE('',(#7571),#7577,.T.);
#7571 = FACE_BOUND('',#7572,.T.);
#7572 = EDGE_LOOP('',(#7573,#7574,#7575,#7576));
#7573 = ORIENTED_EDGE('',*,*,#7531,.F.);
#7574 = ORIENTED_EDGE('',*,*,#7506,.F.);
#7575 = ORIENTED_EDGE('',*,*,#7474,.F.);
#7576 = ORIENTED_EDGE('',*,*,#7559,.F.);
#7577 = PLANE('',#7578);
#7578 = AXIS2_PLACEMENT_3D('',#7579,#7580,#7581);
#7579 = CARTESIAN_POINT('',(-62.3,-41.2,21.5));
#7580 = DIRECTION('',(0.,0.,1.));
#7581 = DIRECTION('',(1.,0.,0.));
#7582 = ORIENTED_CLOSED_SHELL('',*,#7583,.F.);
#7583 = CLOSED_SHELL('',(#7584,#7628,#7660,#7685,#7710,#7728));
#7584 = ADVANCED_FACE('',(#7585),#7623,.F.);
#7585 = FACE_BOUND('',#7586,.F.);
#7586 = EDGE_LOOP('',(#7587,#7598,#7607,#7616));
#7587 = ORIENTED_EDGE('',*,*,#7588,.F.);
#7588 = EDGE_CURVE('',#7589,#7591,#7593,.T.);
#7589 = VERTEX_POINT('',#7590);
#7590 = CARTESIAN_POINT('',(1.769067551,0.,20.2));
#7591 = VERTEX_POINT('',#7592);
#7592 = CARTESIAN_POINT('',(19.52,17.750932449,20.2));
#7593 = CIRCLE('',#7594,19.6);
#7594 = AXIS2_PLACEMENT_3D('',#7595,#7596,#7597);
#7595 = CARTESIAN_POINT('',(0.,19.52,20.2));
#7596 = DIRECTION('',(0.,0.,1.));
#7597 = DIRECTION('',(1.,0.,0.));
#7598 = ORIENTED_EDGE('',*,*,#7599,.F.);
#7599 = EDGE_CURVE('',#7600,#7589,#7602,.T.);
#7600 = VERTEX_POINT('',#7601);
#7601 = CARTESIAN_POINT('',(19.52,-17.750932449,20.2));
#7602 = CIRCLE('',#7603,19.6);
#7603 = AXIS2_PLACEMENT_3D('',#7604,#7605,#7606);
#7604 = CARTESIAN_POINT('',(0.,-19.52,20.2));
#7605 = DIRECTION('',(0.,0.,1.));
#7606 = DIRECTION('',(1.,0.,0.));
#7607 = ORIENTED_EDGE('',*,*,#7608,.F.);
#7608 = EDGE_CURVE('',#7609,#7600,#7611,.T.);
#7609 = VERTEX_POINT('',#7610);
#7610 = CARTESIAN_POINT('',(37.270932449,0.,20.2));
#7611 = CIRCLE('',#7612,19.6);
#7612 = AXIS2_PLACEMENT_3D('',#7613,#7614,#7615);
#7613 = CARTESIAN_POINT('',(39.04,-19.52,20.2));
#7614 = DIRECTION('',(0.,0.,1.));
#7615 = DIRECTION('',(1.,0.,0.));
#7616 = ORIENTED_EDGE('',*,*,#7617,.F.);
#7617 = EDGE_CURVE('',#7591,#7609,#7618,.T.);
#7618 = CIRCLE('',#7619,19.6);
#7619 = AXIS2_PLACEMENT_3D('',#7620,#7621,#7622);
#7620 = CARTESIAN_POINT('',(39.04,19.52,20.2));
#7621 = DIRECTION('',(0.,0.,1.));
#7622 = DIRECTION('',(1.,0.,0.));
#7623 = PLANE('',#7624);
#7624 = AXIS2_PLACEMENT_3D('',#7625,#7626,#7627);
#7625 = CARTESIAN_POINT('',(-63.9,-42.69,20.2));
#7626 = DIRECTION('',(0.,0.,1.));
#7627 = DIRECTION('',(1.,0.,0.));
#7628 = ADVANCED_FACE('',(#7629),#7655,.F.);
#7629 = FACE_BOUND('',#7630,.F.);
#7630 = EDGE_LOOP('',(#7631,#7639,#7640,#7648));
#7631 = ORIENTED_EDGE('',*,*,#7632,.F.);
#7632 = EDGE_CURVE('',#7589,#7633,#7635,.T.);
#7633 = VERTEX_POINT('',#7634);
#7634 = CARTESIAN_POINT('',(1.769067551,0.,21.5));
#7635 = LINE('',#7636,#7637);
#7636 = CARTESIAN_POINT('',(1.769067551,0.,20.));
#7637 = VECTOR('',#7638,1.);
#7638 = DIRECTION('',(0.,0.,1.));
#7639 = ORIENTED_EDGE('',*,*,#7588,.T.);
#7640 = ORIENTED_EDGE('',*,*,#7641,.T.);
#7641 = EDGE_CURVE('',#7591,#7642,#7644,.T.);
#7642 = VERTEX_POINT('',#7643);
#7643 = CARTESIAN_POINT('',(19.52,17.750932449,21.5));
#7644 = LINE('',#7645,#7646);
#7645 = CARTESIAN_POINT('',(19.52,17.750932449,20.));
#7646 = VECTOR('',#7647,1.);
#7647 = DIRECTION('',(0.,0.,1.));
#7648 = ORIENTED_EDGE('',*,*,#7649,.F.);
#7649 = EDGE_CURVE('',#7633,#7642,#7650,.T.);
#7650 = CIRCLE('',#7651,19.6);
#7651 = AXIS2_PLACEMENT_3D('',#7652,#7653,#7654);
#7652 = CARTESIAN_POINT('',(0.,19.52,21.5));
#7653 = DIRECTION('',(0.,0.,1.));
#7654 = DIRECTION('',(1.,0.,0.));
#7655 = CYLINDRICAL_SURFACE('',#7656,19.6);
#7656 = AXIS2_PLACEMENT_3D('',#7657,#7658,#7659);
#7657 = CARTESIAN_POINT('',(0.,19.52,20.));
#7658 = DIRECTION('',(0.,0.,1.));
#7659 = DIRECTION('',(1.,0.,0.));
#7660 = ADVANCED_FACE('',(#7661),#7680,.F.);
#7661 = FACE_BOUND('',#7662,.F.);
#7662 = EDGE_LOOP('',(#7663,#7672,#7673,#7674));
#7663 = ORIENTED_EDGE('',*,*,#7664,.F.);
#7664 = EDGE_CURVE('',#7642,#7665,#7667,.T.);
#7665 = VERTEX_POINT('',#7666);
#7666 = CARTESIAN_POINT('',(37.270932449,0.,21.5));
#7667 = CIRCLE('',#7668,19.6);
#7668 = AXIS2_PLACEMENT_3D('',#7669,#7670,#7671);
#7669 = CARTESIAN_POINT('',(39.04,19.52,21.5));
#7670 = DIRECTION('',(0.,0.,1.));
#7671 = DIRECTION('',(1.,0.,0.));
#7672 = ORIENTED_EDGE('',*,*,#7641,.F.);
#7673 = ORIENTED_EDGE('',*,*,#7617,.T.);
#7674 = ORIENTED_EDGE('',*,*,#7675,.T.);
#7675 = EDGE_CURVE('',#7609,#7665,#7676,.T.);
#7676 = LINE('',#7677,#7678);
#7677 = CARTESIAN_POINT('',(37.270932449,0.,20.));
#7678 = VECTOR('',#7679,1.);
#7679 = DIRECTION('',(0.,0.,1.));
#7680 = CYLINDRICAL_SURFACE('',#7681,19.6);
#7681 = AXIS2_PLACEMENT_3D('',#7682,#7683,#7684);
#7682 = CARTESIAN_POINT('',(39.04,19.52,20.));
#7683 = DIRECTION('',(0.,0.,1.));
#7684 = DIRECTION('',(1.,0.,0.));
#7685 = ADVANCED_FACE('',(#7686),#7705,.F.);
#7686 = FACE_BOUND('',#7687,.F.);
#7687 = EDGE_LOOP('',(#7688,#7697,#7698,#7699));
#7688 = ORIENTED_EDGE('',*,*,#7689,.F.);
#7689 = EDGE_CURVE('',#7665,#7690,#7692,.T.);
#7690 = VERTEX_POINT('',#7691);
#7691 = CARTESIAN_POINT('',(19.52,-17.750932449,21.5));
#7692 = CIRCLE('',#7693,19.6);
#7693 = AXIS2_PLACEMENT_3D('',#7694,#7695,#7696);
#7694 = CARTESIAN_POINT('',(39.04,-19.52,21.5));
#7695 = DIRECTION('',(0.,0.,1.));
#7696 = DIRECTION('',(1.,0.,0.));
#7697 = ORIENTED_EDGE('',*,*,#7675,.F.);
#7698 = ORIENTED_EDGE('',*,*,#7608,.T.);
#7699 = ORIENTED_EDGE('',*,*,#7700,.T.);
#7700 = EDGE_CURVE('',#7600,#7690,#7701,.T.);
#7701 = LINE('',#7702,#7703);
#7702 = CARTESIAN_POINT('',(19.52,-17.750932449,20.));
#7703 = VECTOR('',#7704,1.);
#7704 = DIRECTION('',(0.,0.,1.));
#7705 = CYLINDRICAL_SURFACE('',#7706,19.6);
#7706 = AXIS2_PLACEMENT_3D('',#7707,#7708,#7709);
#7707 = CARTESIAN_POINT('',(39.04,-19.52,20.));
#7708 = DIRECTION('',(0.,0.,1.));
#7709 = DIRECTION('',(1.,0.,0.));
#7710 = ADVANCED_FACE('',(#7711),#7723,.F.);
#7711 = FACE_BOUND('',#7712,.F.);
#7712 = EDGE_LOOP('',(#7713,#7720,#7721,#7722));
#7713 = ORIENTED_EDGE('',*,*,#7714,.F.);
#7714 = EDGE_CURVE('',#7690,#7633,#7715,.T.);
#7715 = CIRCLE('',#7716,19.6);
#7716 = AXIS2_PLACEMENT_3D('',#7717,#7718,#7719);
#7717 = CARTESIAN_POINT('',(0.,-19.52,21.5));
#7718 = DIRECTION('',(0.,0.,1.));
#7719 = DIRECTION('',(1.,0.,0.));
#7720 = ORIENTED_EDGE('',*,*,#7700,.F.);
#7721 = ORIENTED_EDGE('',*,*,#7599,.T.);
#7722 = ORIENTED_EDGE('',*,*,#7632,.T.);
#7723 = CYLINDRICAL_SURFACE('',#7724,19.6);
#7724 = AXIS2_PLACEMENT_3D('',#7725,#7726,#7727);
#7725 = CARTESIAN_POINT('',(0.,-19.52,20.));
#7726 = DIRECTION('',(0.,0.,1.));
#7727 = DIRECTION('',(1.,0.,0.));
#7728 = ADVANCED_FACE('',(#7729),#7735,.T.);
#7729 = FACE_BOUND('',#7730,.T.);
#7730 = EDGE_LOOP('',(#7731,#7732,#7733,#7734));
#7731 = ORIENTED_EDGE('',*,*,#7649,.F.);
#7732 = ORIENTED_EDGE('',*,*,#7714,.F.);
#7733 = ORIENTED_EDGE('',*,*,#7689,.F.);
#7734 = ORIENTED_EDGE('',*,*,#7664,.F.);
#7735 = PLANE('',#7736);
#7736 = AXIS2_PLACEMENT_3D('',#7737,#7738,#7739);
#7737 = CARTESIAN_POINT('',(-62.3,-41.2,21.5));
#7738 = DIRECTION('',(0.,0.,1.));
#7739 = DIRECTION('',(1.,0.,0.));
#7740 = MANIFOLD_SOLID_BREP('',#7741);
#7741 = CLOSED_SHELL('',(#7742,#7782,#7829,#7929,#7960,#8034,#8046,#8085
    ,#8109,#8141,#8158,#8175,#8192,#8209,#8226,#8251,#8268,#8280,#8300,
    #8325));
#7742 = ADVANCED_FACE('',(#7743),#7777,.F.);
#7743 = FACE_BOUND('',#7744,.F.);
#7744 = EDGE_LOOP('',(#7745,#7755,#7763,#7771));
#7745 = ORIENTED_EDGE('',*,*,#7746,.F.);
#7746 = EDGE_CURVE('',#7747,#7749,#7751,.T.);
#7747 = VERTEX_POINT('',#7748);
#7748 = CARTESIAN_POINT('',(-19.,-19.,218.4));
#7749 = VERTEX_POINT('',#7750);
#7750 = CARTESIAN_POINT('',(-19.,-19.,220.));
#7751 = LINE('',#7752,#7753);
#7752 = CARTESIAN_POINT('',(-19.,-19.,218.4));
#7753 = VECTOR('',#7754,1.);
#7754 = DIRECTION('',(0.,0.,1.));
#7755 = ORIENTED_EDGE('',*,*,#7756,.T.);
#7756 = EDGE_CURVE('',#7747,#7757,#7759,.T.);
#7757 = VERTEX_POINT('',#7758);
#7758 = CARTESIAN_POINT('',(-19.,19.,218.4));
#7759 = LINE('',#7760,#7761);
#7760 = CARTESIAN_POINT('',(-19.,-19.,218.4));
#7761 = VECTOR('',#7762,1.);
#7762 = DIRECTION('',(0.,1.,0.));
#7763 = ORIENTED_EDGE('',*,*,#7764,.T.);
#7764 = EDGE_CURVE('',#7757,#7765,#7767,.T.);
#7765 = VERTEX_POINT('',#7766);
#7766 = CARTESIAN_POINT('',(-19.,19.,220.));
#7767 = LINE('',#7768,#7769);
#7768 = CARTESIAN_POINT('',(-19.,19.,218.4));
#7769 = VECTOR('',#7770,1.);
#7770 = DIRECTION('',(0.,0.,1.));
#7771 = ORIENTED_EDGE('',*,*,#7772,.F.);
#7772 = EDGE_CURVE('',#7749,#7765,#7773,.T.);
#7773 = LINE('',#7774,#7775);
#7774 = CARTESIAN_POINT('',(-19.,-19.,220.));
#7775 = VECTOR('',#7776,1.);
#7776 = DIRECTION('',(0.,1.,0.));
#7777 = PLANE('',#7778);
#7778 = AXIS2_PLACEMENT_3D('',#7779,#7780,#7781);
#7779 = CARTESIAN_POINT('',(-19.,-19.,218.4));
#7780 = DIRECTION('',(1.,0.,0.));
#7781 = DIRECTION('',(0.,0.,1.));
#7782 = ADVANCED_FACE('',(#7783),#7824,.F.);
#7783 = FACE_BOUND('',#7784,.F.);
#7784 = EDGE_LOOP('',(#7785,#7793,#7794,#7802,#7810,#7818));
#7785 = ORIENTED_EDGE('',*,*,#7786,.F.);
#7786 = EDGE_CURVE('',#7747,#7787,#7789,.T.);
#7787 = VERTEX_POINT('',#7788);
#7788 = CARTESIAN_POINT('',(-6.985,-19.,218.4));
#7789 = LINE('',#7790,#7791);
#7790 = CARTESIAN_POINT('',(-19.,-19.,218.4));
#7791 = VECTOR('',#7792,1.);
#7792 = DIRECTION('',(1.,0.,0.));
#7793 = ORIENTED_EDGE('',*,*,#7746,.T.);
#7794 = ORIENTED_EDGE('',*,*,#7795,.T.);
#7795 = EDGE_CURVE('',#7749,#7796,#7798,.T.);
#7796 = VERTEX_POINT('',#7797);
#7797 = CARTESIAN_POINT('',(19.,-19.,220.));
#7798 = LINE('',#7799,#7800);
#7799 = CARTESIAN_POINT('',(-19.,-19.,220.));
#7800 = VECTOR('',#7801,1.);
#7801 = DIRECTION('',(1.,0.,0.));
#7802 = ORIENTED_EDGE('',*,*,#7803,.F.);
#7803 = EDGE_CURVE('',#7804,#7796,#7806,.T.);
#7804 = VERTEX_POINT('',#7805);
#7805 = CARTESIAN_POINT('',(19.,-19.,218.4));
#7806 = LINE('',#7807,#7808);
#7807 = CARTESIAN_POINT('',(19.,-19.,218.4));
#7808 = VECTOR('',#7809,1.);
#7809 = DIRECTION('',(0.,0.,1.));
#7810 = ORIENTED_EDGE('',*,*,#7811,.F.);
#7811 = EDGE_CURVE('',#7812,#7804,#7814,.T.);
#7812 = VERTEX_POINT('',#7813);
#7813 = CARTESIAN_POINT('',(6.985,-19.,218.4));
#7814 = LINE('',#7815,#7816);
#7815 = CARTESIAN_POINT('',(-19.,-19.,218.4));
#7816 = VECTOR('',#7817,1.);
#7817 = DIRECTION('',(1.,0.,0.));
#7818 = ORIENTED_EDGE('',*,*,#7819,.F.);
#7819 = EDGE_CURVE('',#7787,#7812,#7820,.T.);
#7820 = LINE('',#7821,#7822);
#7821 = CARTESIAN_POINT('',(-19.,-19.,218.4));
#7822 = VECTOR('',#7823,1.);
#7823 = DIRECTION('',(1.,0.,0.));
#7824 = PLANE('',#7825);
#7825 = AXIS2_PLACEMENT_3D('',#7826,#7827,#7828);
#7826 = CARTESIAN_POINT('',(-19.,-19.,218.4));
#7827 = DIRECTION('',(0.,1.,0.));
#7828 = DIRECTION('',(0.,0.,1.));
#7829 = ADVANCED_FACE('',(#7830,#7880,#7891,#7902,#7913),#7924,.T.);
#7830 = FACE_BOUND('',#7831,.T.);
#7831 = EDGE_LOOP('',(#7832,#7840,#7841,#7842,#7850,#7858,#7866,#7874));
#7832 = ORIENTED_EDGE('',*,*,#7833,.F.);
#7833 = EDGE_CURVE('',#7765,#7834,#7836,.T.);
#7834 = VERTEX_POINT('',#7835);
#7835 = CARTESIAN_POINT('',(-8.5,19.,220.));
#7836 = LINE('',#7837,#7838);
#7837 = CARTESIAN_POINT('',(-19.,19.,220.));
#7838 = VECTOR('',#7839,1.);
#7839 = DIRECTION('',(1.,0.,0.));
#7840 = ORIENTED_EDGE('',*,*,#7772,.F.);
#7841 = ORIENTED_EDGE('',*,*,#7795,.T.);
#7842 = ORIENTED_EDGE('',*,*,#7843,.T.);
#7843 = EDGE_CURVE('',#7796,#7844,#7846,.T.);
#7844 = VERTEX_POINT('',#7845);
#7845 = CARTESIAN_POINT('',(19.,19.,220.));
#7846 = LINE('',#7847,#7848);
#7847 = CARTESIAN_POINT('',(19.,-19.,220.));
#7848 = VECTOR('',#7849,1.);
#7849 = DIRECTION('',(0.,1.,0.));
#7850 = ORIENTED_EDGE('',*,*,#7851,.F.);
#7851 = EDGE_CURVE('',#7852,#7844,#7854,.T.);
#7852 = VERTEX_POINT('',#7853);
#7853 = CARTESIAN_POINT('',(8.5,19.,220.));
#7854 = LINE('',#7855,#7856);
#7855 = CARTESIAN_POINT('',(-19.,19.,220.));
#7856 = VECTOR('',#7857,1.);
#7857 = DIRECTION('',(1.,0.,0.));
#7858 = ORIENTED_EDGE('',*,*,#7859,.F.);
#7859 = EDGE_CURVE('',#7860,#7852,#7862,.T.);
#7860 = VERTEX_POINT('',#7861);
#7861 = CARTESIAN_POINT('',(8.5,13.5,220.));
#7862 = LINE('',#7863,#7864);
#7863 = CARTESIAN_POINT('',(8.5,13.5,220.));
#7864 = VECTOR('',#7865,1.);
#7865 = DIRECTION('',(0.,1.,0.));
#7866 = ORIENTED_EDGE('',*,*,#7867,.F.);
#7867 = EDGE_CURVE('',#7868,#7860,#7870,.T.);
#7868 = VERTEX_POINT('',#7869);
#7869 = CARTESIAN_POINT('',(-8.5,13.5,220.));
#7870 = LINE('',#7871,#7872);
#7871 = CARTESIAN_POINT('',(-8.5,13.5,220.));
#7872 = VECTOR('',#7873,1.);
#7873 = DIRECTION('',(1.,0.,0.));
#7874 = ORIENTED_EDGE('',*,*,#7875,.T.);
#7875 = EDGE_CURVE('',#7868,#7834,#7876,.T.);
#7876 = LINE('',#7877,#7878);
#7877 = CARTESIAN_POINT('',(-8.5,13.5,220.));
#7878 = VECTOR('',#7879,1.);
#7879 = DIRECTION('',(0.,1.,0.));
#7880 = FACE_BOUND('',#7881,.T.);
#7881 = EDGE_LOOP('',(#7882));
#7882 = ORIENTED_EDGE('',*,*,#7883,.F.);
#7883 = EDGE_CURVE('',#7884,#7884,#7886,.T.);
#7884 = VERTEX_POINT('',#7885);
#7885 = CARTESIAN_POINT('',(-13.75,-15.,220.));
#7886 = CIRCLE('',#7887,1.25);
#7887 = AXIS2_PLACEMENT_3D('',#7888,#7889,#7890);
#7888 = CARTESIAN_POINT('',(-15.,-15.,220.));
#7889 = DIRECTION('',(0.,0.,1.));
#7890 = DIRECTION('',(1.,0.,0.));
#7891 = FACE_BOUND('',#7892,.T.);
#7892 = EDGE_LOOP('',(#7893));
#7893 = ORIENTED_EDGE('',*,*,#7894,.F.);
#7894 = EDGE_CURVE('',#7895,#7895,#7897,.T.);
#7895 = VERTEX_POINT('',#7896);
#7896 = CARTESIAN_POINT('',(16.25,-15.,220.));
#7897 = CIRCLE('',#7898,1.25);
#7898 = AXIS2_PLACEMENT_3D('',#7899,#7900,#7901);
#7899 = CARTESIAN_POINT('',(15.,-15.,220.));
#7900 = DIRECTION('',(0.,0.,1.));
#7901 = DIRECTION('',(1.,0.,0.));
#7902 = FACE_BOUND('',#7903,.T.);
#7903 = EDGE_LOOP('',(#7904));
#7904 = ORIENTED_EDGE('',*,*,#7905,.F.);
#7905 = EDGE_CURVE('',#7906,#7906,#7908,.T.);
#7906 = VERTEX_POINT('',#7907);
#7907 = CARTESIAN_POINT('',(-13.75,15.,220.));
#7908 = CIRCLE('',#7909,1.25);
#7909 = AXIS2_PLACEMENT_3D('',#7910,#7911,#7912);
#7910 = CARTESIAN_POINT('',(-15.,15.,220.));
#7911 = DIRECTION('',(0.,0.,1.));
#7912 = DIRECTION('',(1.,0.,0.));
#7913 = FACE_BOUND('',#7914,.T.);
#7914 = EDGE_LOOP('',(#7915));
#7915 = ORIENTED_EDGE('',*,*,#7916,.F.);
#7916 = EDGE_CURVE('',#7917,#7917,#7919,.T.);
#7917 = VERTEX_POINT('',#7918);
#7918 = CARTESIAN_POINT('',(16.25,15.,220.));
#7919 = CIRCLE('',#7920,1.25);
#7920 = AXIS2_PLACEMENT_3D('',#7921,#7922,#7923);
#7921 = CARTESIAN_POINT('',(15.,15.,220.));
#7922 = DIRECTION('',(0.,0.,1.));
#7923 = DIRECTION('',(1.,0.,0.));
#7924 = PLANE('',#7925);
#7925 = AXIS2_PLACEMENT_3D('',#7926,#7927,#7928);
#7926 = CARTESIAN_POINT('',(-19.,-19.,220.));
#7927 = DIRECTION('',(0.,0.,1.));
#7928 = DIRECTION('',(1.,0.,0.));
#7929 = ADVANCED_FACE('',(#7930),#7955,.T.);
#7930 = FACE_BOUND('',#7931,.T.);
#7931 = EDGE_LOOP('',(#7932,#7940,#7941,#7942,#7948,#7949));
#7932 = ORIENTED_EDGE('',*,*,#7933,.F.);
#7933 = EDGE_CURVE('',#7757,#7934,#7936,.T.);
#7934 = VERTEX_POINT('',#7935);
#7935 = CARTESIAN_POINT('',(19.,19.,218.4));
#7936 = LINE('',#7937,#7938);
#7937 = CARTESIAN_POINT('',(-19.,19.,218.4));
#7938 = VECTOR('',#7939,1.);
#7939 = DIRECTION('',(1.,0.,0.));
#7940 = ORIENTED_EDGE('',*,*,#7764,.T.);
#7941 = ORIENTED_EDGE('',*,*,#7833,.T.);
#7942 = ORIENTED_EDGE('',*,*,#7943,.T.);
#7943 = EDGE_CURVE('',#7834,#7852,#7944,.T.);
#7944 = LINE('',#7945,#7946);
#7945 = CARTESIAN_POINT('',(-19.,19.,220.));
#7946 = VECTOR('',#7947,1.);
#7947 = DIRECTION('',(1.,0.,0.));
#7948 = ORIENTED_EDGE('',*,*,#7851,.T.);
#7949 = ORIENTED_EDGE('',*,*,#7950,.F.);
#7950 = EDGE_CURVE('',#7934,#7844,#7951,.T.);
#7951 = LINE('',#7952,#7953);
#7952 = CARTESIAN_POINT('',(19.,19.,218.4));
#7953 = VECTOR('',#7954,1.);
#7954 = DIRECTION('',(0.,0.,1.));
#7955 = PLANE('',#7956);
#7956 = AXIS2_PLACEMENT_3D('',#7957,#7958,#7959);
#7957 = CARTESIAN_POINT('',(-19.,19.,218.4));
#7958 = DIRECTION('',(0.,1.,0.));
#7959 = DIRECTION('',(0.,0.,1.));
#7960 = ADVANCED_FACE('',(#7961,#7974,#7985,#7996,#8007,#8018),#8029,.F.
  );
#7961 = FACE_BOUND('',#7962,.F.);
#7962 = EDGE_LOOP('',(#7963,#7964,#7965,#7966,#7967,#7973));
#7963 = ORIENTED_EDGE('',*,*,#7756,.F.);
#7964 = ORIENTED_EDGE('',*,*,#7786,.T.);
#7965 = ORIENTED_EDGE('',*,*,#7819,.T.);
#7966 = ORIENTED_EDGE('',*,*,#7811,.T.);
#7967 = ORIENTED_EDGE('',*,*,#7968,.T.);
#7968 = EDGE_CURVE('',#7804,#7934,#7969,.T.);
#7969 = LINE('',#7970,#7971);
#7970 = CARTESIAN_POINT('',(19.,-19.,218.4));
#7971 = VECTOR('',#7972,1.);
#7972 = DIRECTION('',(0.,1.,0.));
#7973 = ORIENTED_EDGE('',*,*,#7933,.F.);
#7974 = FACE_BOUND('',#7975,.F.);
#7975 = EDGE_LOOP('',(#7976));
#7976 = ORIENTED_EDGE('',*,*,#7977,.F.);
#7977 = EDGE_CURVE('',#7978,#7978,#7980,.T.);
#7978 = VERTEX_POINT('',#7979);
#7979 = CARTESIAN_POINT('',(-13.75,-15.,218.4));
#7980 = CIRCLE('',#7981,1.25);
#7981 = AXIS2_PLACEMENT_3D('',#7982,#7983,#7984);
#7982 = CARTESIAN_POINT('',(-15.,-15.,218.4));
#7983 = DIRECTION('',(0.,0.,1.));
#7984 = DIRECTION('',(1.,0.,0.));
#7985 = FACE_BOUND('',#7986,.F.);
#7986 = EDGE_LOOP('',(#7987));
#7987 = ORIENTED_EDGE('',*,*,#7988,.F.);
#7988 = EDGE_CURVE('',#7989,#7989,#7991,.T.);
#7989 = VERTEX_POINT('',#7990);
#7990 = CARTESIAN_POINT('',(16.25,-15.,218.4));
#7991 = CIRCLE('',#7992,1.25);
#7992 = AXIS2_PLACEMENT_3D('',#7993,#7994,#7995);
#7993 = CARTESIAN_POINT('',(15.,-15.,218.4));
#7994 = DIRECTION('',(0.,0.,1.));
#7995 = DIRECTION('',(1.,0.,0.));
#7996 = FACE_BOUND('',#7997,.F.);
#7997 = EDGE_LOOP('',(#7998));
#7998 = ORIENTED_EDGE('',*,*,#7999,.F.);
#7999 = EDGE_CURVE('',#8000,#8000,#8002,.T.);
#8000 = VERTEX_POINT('',#8001);
#8001 = CARTESIAN_POINT('',(-13.75,15.,218.4));
#8002 = CIRCLE('',#8003,1.25);
#8003 = AXIS2_PLACEMENT_3D('',#8004,#8005,#8006);
#8004 = CARTESIAN_POINT('',(-15.,15.,218.4));
#8005 = DIRECTION('',(0.,0.,1.));
#8006 = DIRECTION('',(1.,0.,0.));
#8007 = FACE_BOUND('',#8008,.F.);
#8008 = EDGE_LOOP('',(#8009));
#8009 = ORIENTED_EDGE('',*,*,#8010,.F.);
#8010 = EDGE_CURVE('',#8011,#8011,#8013,.T.);
#8011 = VERTEX_POINT('',#8012);
#8012 = CARTESIAN_POINT('',(18.,-4.40872847693E-15,218.4));
#8013 = CIRCLE('',#8014,18.);
#8014 = AXIS2_PLACEMENT_3D('',#8015,#8016,#8017);
#8015 = CARTESIAN_POINT('',(0.,0.,218.4));
#8016 = DIRECTION('',(0.,0.,1.));
#8017 = DIRECTION('',(1.,0.,0.));
#8018 = FACE_BOUND('',#8019,.F.);
#8019 = EDGE_LOOP('',(#8020));
#8020 = ORIENTED_EDGE('',*,*,#8021,.F.);
#8021 = EDGE_CURVE('',#8022,#8022,#8024,.T.);
#8022 = VERTEX_POINT('',#8023);
#8023 = CARTESIAN_POINT('',(16.25,15.,218.4));
#8024 = CIRCLE('',#8025,1.25);
#8025 = AXIS2_PLACEMENT_3D('',#8026,#8027,#8028);
#8026 = CARTESIAN_POINT('',(15.,15.,218.4));
#8027 = DIRECTION('',(0.,0.,1.));
#8028 = DIRECTION('',(1.,0.,0.));
#8029 = PLANE('',#8030);
#8030 = AXIS2_PLACEMENT_3D('',#8031,#8032,#8033);
#8031 = CARTESIAN_POINT('',(-19.,-19.,218.4));
#8032 = DIRECTION('',(0.,0.,1.));
#8033 = DIRECTION('',(1.,0.,0.));
#8034 = ADVANCED_FACE('',(#8035),#8041,.T.);
#8035 = FACE_BOUND('',#8036,.T.);
#8036 = EDGE_LOOP('',(#8037,#8038,#8039,#8040));
#8037 = ORIENTED_EDGE('',*,*,#7803,.F.);
#8038 = ORIENTED_EDGE('',*,*,#7968,.T.);
#8039 = ORIENTED_EDGE('',*,*,#7950,.T.);
#8040 = ORIENTED_EDGE('',*,*,#7843,.F.);
#8041 = PLANE('',#8042);
#8042 = AXIS2_PLACEMENT_3D('',#8043,#8044,#8045);
#8043 = CARTESIAN_POINT('',(19.,-19.,218.4));
#8044 = DIRECTION('',(1.,0.,0.));
#8045 = DIRECTION('',(0.,0.,1.));
#8046 = ADVANCED_FACE('',(#8047),#8080,.F.);
#8047 = FACE_BOUND('',#8048,.F.);
#8048 = EDGE_LOOP('',(#8049,#8057,#8058,#8066,#8074));
#8049 = ORIENTED_EDGE('',*,*,#8050,.F.);
#8050 = EDGE_CURVE('',#7868,#8051,#8053,.T.);
#8051 = VERTEX_POINT('',#8052);
#8052 = CARTESIAN_POINT('',(-8.5,13.5,223.));
#8053 = LINE('',#8054,#8055);
#8054 = CARTESIAN_POINT('',(-8.5,13.5,220.));
#8055 = VECTOR('',#8056,1.);
#8056 = DIRECTION('',(0.,0.,1.));
#8057 = ORIENTED_EDGE('',*,*,#7875,.T.);
#8058 = ORIENTED_EDGE('',*,*,#8059,.T.);
#8059 = EDGE_CURVE('',#7834,#8060,#8062,.T.);
#8060 = VERTEX_POINT('',#8061);
#8061 = CARTESIAN_POINT('',(-8.5,19.8,220.));
#8062 = LINE('',#8063,#8064);
#8063 = CARTESIAN_POINT('',(-8.5,13.5,220.));
#8064 = VECTOR('',#8065,1.);
#8065 = DIRECTION('',(0.,1.,0.));
#8066 = ORIENTED_EDGE('',*,*,#8067,.T.);
#8067 = EDGE_CURVE('',#8060,#8068,#8070,.T.);
#8068 = VERTEX_POINT('',#8069);
#8069 = CARTESIAN_POINT('',(-8.5,19.8,223.));
#8070 = LINE('',#8071,#8072);
#8071 = CARTESIAN_POINT('',(-8.5,19.8,220.));
#8072 = VECTOR('',#8073,1.);
#8073 = DIRECTION('',(0.,0.,1.));
#8074 = ORIENTED_EDGE('',*,*,#8075,.F.);
#8075 = EDGE_CURVE('',#8051,#8068,#8076,.T.);
#8076 = LINE('',#8077,#8078);
#8077 = CARTESIAN_POINT('',(-8.5,13.5,223.));
#8078 = VECTOR('',#8079,1.);
#8079 = DIRECTION('',(0.,1.,0.));
#8080 = PLANE('',#8081);
#8081 = AXIS2_PLACEMENT_3D('',#8082,#8083,#8084);
#8082 = CARTESIAN_POINT('',(-8.5,13.5,220.));
#8083 = DIRECTION('',(1.,0.,0.));
#8084 = DIRECTION('',(0.,0.,1.));
#8085 = ADVANCED_FACE('',(#8086),#8104,.F.);
#8086 = FACE_BOUND('',#8087,.F.);
#8087 = EDGE_LOOP('',(#8088,#8089,#8090,#8098));
#8088 = ORIENTED_EDGE('',*,*,#7867,.F.);
#8089 = ORIENTED_EDGE('',*,*,#8050,.T.);
#8090 = ORIENTED_EDGE('',*,*,#8091,.T.);
#8091 = EDGE_CURVE('',#8051,#8092,#8094,.T.);
#8092 = VERTEX_POINT('',#8093);
#8093 = CARTESIAN_POINT('',(8.5,13.5,223.));
#8094 = LINE('',#8095,#8096);
#8095 = CARTESIAN_POINT('',(-8.5,13.5,223.));
#8096 = VECTOR('',#8097,1.);
#8097 = DIRECTION('',(1.,0.,0.));
#8098 = ORIENTED_EDGE('',*,*,#8099,.F.);
#8099 = EDGE_CURVE('',#7860,#8092,#8100,.T.);
#8100 = LINE('',#8101,#8102);
#8101 = CARTESIAN_POINT('',(8.5,13.5,220.));
#8102 = VECTOR('',#8103,1.);
#8103 = DIRECTION('',(0.,0.,1.));
#8104 = PLANE('',#8105);
#8105 = AXIS2_PLACEMENT_3D('',#8106,#8107,#8108);
#8106 = CARTESIAN_POINT('',(-8.5,13.5,220.));
#8107 = DIRECTION('',(0.,1.,0.));
#8108 = DIRECTION('',(0.,0.,1.));
#8109 = ADVANCED_FACE('',(#8110),#8136,.T.);
#8110 = FACE_BOUND('',#8111,.T.);
#8111 = EDGE_LOOP('',(#8112,#8113,#8114,#8122,#8130));
#8112 = ORIENTED_EDGE('',*,*,#8099,.F.);
#8113 = ORIENTED_EDGE('',*,*,#7859,.T.);
#8114 = ORIENTED_EDGE('',*,*,#8115,.T.);
#8115 = EDGE_CURVE('',#7852,#8116,#8118,.T.);
#8116 = VERTEX_POINT('',#8117);
#8117 = CARTESIAN_POINT('',(8.5,19.8,220.));
#8118 = LINE('',#8119,#8120);
#8119 = CARTESIAN_POINT('',(8.5,13.5,220.));
#8120 = VECTOR('',#8121,1.);
#8121 = DIRECTION('',(0.,1.,0.));
#8122 = ORIENTED_EDGE('',*,*,#8123,.T.);
#8123 = EDGE_CURVE('',#8116,#8124,#8126,.T.);
#8124 = VERTEX_POINT('',#8125);
#8125 = CARTESIAN_POINT('',(8.5,19.8,223.));
#8126 = LINE('',#8127,#8128);
#8127 = CARTESIAN_POINT('',(8.5,19.8,220.));
#8128 = VECTOR('',#8129,1.);
#8129 = DIRECTION('',(0.,0.,1.));
#8130 = ORIENTED_EDGE('',*,*,#8131,.F.);
#8131 = EDGE_CURVE('',#8092,#8124,#8132,.T.);
#8132 = LINE('',#8133,#8134);
#8133 = CARTESIAN_POINT('',(8.5,13.5,223.));
#8134 = VECTOR('',#8135,1.);
#8135 = DIRECTION('',(0.,1.,0.));
#8136 = PLANE('',#8137);
#8137 = AXIS2_PLACEMENT_3D('',#8138,#8139,#8140);
#8138 = CARTESIAN_POINT('',(8.5,13.5,220.));
#8139 = DIRECTION('',(1.,0.,0.));
#8140 = DIRECTION('',(0.,0.,1.));
#8141 = ADVANCED_FACE('',(#8142),#8153,.F.);
#8142 = FACE_BOUND('',#8143,.F.);
#8143 = EDGE_LOOP('',(#8144,#8145,#8151,#8152));
#8144 = ORIENTED_EDGE('',*,*,#7883,.F.);
#8145 = ORIENTED_EDGE('',*,*,#8146,.F.);
#8146 = EDGE_CURVE('',#7978,#7884,#8147,.T.);
#8147 = LINE('',#8148,#8149);
#8148 = CARTESIAN_POINT('',(-13.75,-15.,217.9));
#8149 = VECTOR('',#8150,1.);
#8150 = DIRECTION('',(0.,0.,1.));
#8151 = ORIENTED_EDGE('',*,*,#7977,.T.);
#8152 = ORIENTED_EDGE('',*,*,#8146,.T.);
#8153 = CYLINDRICAL_SURFACE('',#8154,1.25);
#8154 = AXIS2_PLACEMENT_3D('',#8155,#8156,#8157);
#8155 = CARTESIAN_POINT('',(-15.,-15.,217.9));
#8156 = DIRECTION('',(0.,0.,1.));
#8157 = DIRECTION('',(1.,0.,0.));
#8158 = ADVANCED_FACE('',(#8159),#8170,.F.);
#8159 = FACE_BOUND('',#8160,.F.);
#8160 = EDGE_LOOP('',(#8161,#8162,#8168,#8169));
#8161 = ORIENTED_EDGE('',*,*,#7894,.F.);
#8162 = ORIENTED_EDGE('',*,*,#8163,.F.);
#8163 = EDGE_CURVE('',#7989,#7895,#8164,.T.);
#8164 = LINE('',#8165,#8166);
#8165 = CARTESIAN_POINT('',(16.25,-15.,217.9));
#8166 = VECTOR('',#8167,1.);
#8167 = DIRECTION('',(0.,0.,1.));
#8168 = ORIENTED_EDGE('',*,*,#7988,.T.);
#8169 = ORIENTED_EDGE('',*,*,#8163,.T.);
#8170 = CYLINDRICAL_SURFACE('',#8171,1.25);
#8171 = AXIS2_PLACEMENT_3D('',#8172,#8173,#8174);
#8172 = CARTESIAN_POINT('',(15.,-15.,217.9));
#8173 = DIRECTION('',(0.,0.,1.));
#8174 = DIRECTION('',(1.,0.,0.));
#8175 = ADVANCED_FACE('',(#8176),#8187,.F.);
#8176 = FACE_BOUND('',#8177,.F.);
#8177 = EDGE_LOOP('',(#8178,#8179,#8185,#8186));
#8178 = ORIENTED_EDGE('',*,*,#7905,.F.);
#8179 = ORIENTED_EDGE('',*,*,#8180,.F.);
#8180 = EDGE_CURVE('',#8000,#7906,#8181,.T.);
#8181 = LINE('',#8182,#8183);
#8182 = CARTESIAN_POINT('',(-13.75,15.,217.9));
#8183 = VECTOR('',#8184,1.);
#8184 = DIRECTION('',(0.,0.,1.));
#8185 = ORIENTED_EDGE('',*,*,#7999,.T.);
#8186 = ORIENTED_EDGE('',*,*,#8180,.T.);
#8187 = CYLINDRICAL_SURFACE('',#8188,1.25);
#8188 = AXIS2_PLACEMENT_3D('',#8189,#8190,#8191);
#8189 = CARTESIAN_POINT('',(-15.,15.,217.9));
#8190 = DIRECTION('',(0.,0.,1.));
#8191 = DIRECTION('',(1.,0.,0.));
#8192 = ADVANCED_FACE('',(#8193),#8204,.F.);
#8193 = FACE_BOUND('',#8194,.F.);
#8194 = EDGE_LOOP('',(#8195,#8196,#8202,#8203));
#8195 = ORIENTED_EDGE('',*,*,#7916,.F.);
#8196 = ORIENTED_EDGE('',*,*,#8197,.F.);
#8197 = EDGE_CURVE('',#8022,#7917,#8198,.T.);
#8198 = LINE('',#8199,#8200);
#8199 = CARTESIAN_POINT('',(16.25,15.,217.9));
#8200 = VECTOR('',#8201,1.);
#8201 = DIRECTION('',(0.,0.,1.));
#8202 = ORIENTED_EDGE('',*,*,#8021,.T.);
#8203 = ORIENTED_EDGE('',*,*,#8197,.T.);
#8204 = CYLINDRICAL_SURFACE('',#8205,1.25);
#8205 = AXIS2_PLACEMENT_3D('',#8206,#8207,#8208);
#8206 = CARTESIAN_POINT('',(15.,15.,217.9));
#8207 = DIRECTION('',(0.,0.,1.));
#8208 = DIRECTION('',(1.,0.,0.));
#8209 = ADVANCED_FACE('',(#8210),#8221,.F.);
#8210 = FACE_BOUND('',#8211,.F.);
#8211 = EDGE_LOOP('',(#8212,#8213,#8214,#8215));
#8212 = ORIENTED_EDGE('',*,*,#8059,.F.);
#8213 = ORIENTED_EDGE('',*,*,#7943,.T.);
#8214 = ORIENTED_EDGE('',*,*,#8115,.T.);
#8215 = ORIENTED_EDGE('',*,*,#8216,.F.);
#8216 = EDGE_CURVE('',#8060,#8116,#8217,.T.);
#8217 = LINE('',#8218,#8219);
#8218 = CARTESIAN_POINT('',(-8.5,19.8,220.));
#8219 = VECTOR('',#8220,1.);
#8220 = DIRECTION('',(1.,0.,0.));
#8221 = PLANE('',#8222);
#8222 = AXIS2_PLACEMENT_3D('',#8223,#8224,#8225);
#8223 = CARTESIAN_POINT('',(-8.5,13.5,220.));
#8224 = DIRECTION('',(0.,0.,1.));
#8225 = DIRECTION('',(1.,0.,0.));
#8226 = ADVANCED_FACE('',(#8227),#8246,.T.);
#8227 = FACE_BOUND('',#8228,.T.);
#8228 = EDGE_LOOP('',(#8229,#8230,#8238,#8245));
#8229 = ORIENTED_EDGE('',*,*,#8010,.F.);
#8230 = ORIENTED_EDGE('',*,*,#8231,.F.);
#8231 = EDGE_CURVE('',#8232,#8011,#8234,.T.);
#8232 = VERTEX_POINT('',#8233);
#8233 = CARTESIAN_POINT('',(18.,-4.40872847693E-15,213.4));
#8234 = LINE('',#8235,#8236);
#8235 = CARTESIAN_POINT('',(18.,-4.40872847693E-15,213.4));
#8236 = VECTOR('',#8237,1.);
#8237 = DIRECTION('',(0.,0.,1.));
#8238 = ORIENTED_EDGE('',*,*,#8239,.T.);
#8239 = EDGE_CURVE('',#8232,#8232,#8240,.T.);
#8240 = CIRCLE('',#8241,18.);
#8241 = AXIS2_PLACEMENT_3D('',#8242,#8243,#8244);
#8242 = CARTESIAN_POINT('',(0.,0.,213.4));
#8243 = DIRECTION('',(0.,0.,1.));
#8244 = DIRECTION('',(1.,0.,0.));
#8245 = ORIENTED_EDGE('',*,*,#8231,.T.);
#8246 = CYLINDRICAL_SURFACE('',#8247,18.);
#8247 = AXIS2_PLACEMENT_3D('',#8248,#8249,#8250);
#8248 = CARTESIAN_POINT('',(0.,0.,213.4));
#8249 = DIRECTION('',(0.,0.,1.));
#8250 = DIRECTION('',(1.,0.,0.));
#8251 = ADVANCED_FACE('',(#8252),#8263,.T.);
#8252 = FACE_BOUND('',#8253,.T.);
#8253 = EDGE_LOOP('',(#8254,#8255,#8256,#8257));
#8254 = ORIENTED_EDGE('',*,*,#8075,.F.);
#8255 = ORIENTED_EDGE('',*,*,#8091,.T.);
#8256 = ORIENTED_EDGE('',*,*,#8131,.T.);
#8257 = ORIENTED_EDGE('',*,*,#8258,.F.);
#8258 = EDGE_CURVE('',#8068,#8124,#8259,.T.);
#8259 = LINE('',#8260,#8261);
#8260 = CARTESIAN_POINT('',(-8.5,19.8,223.));
#8261 = VECTOR('',#8262,1.);
#8262 = DIRECTION('',(1.,0.,0.));
#8263 = PLANE('',#8264);
#8264 = AXIS2_PLACEMENT_3D('',#8265,#8266,#8267);
#8265 = CARTESIAN_POINT('',(-8.5,13.5,223.));
#8266 = DIRECTION('',(0.,0.,1.));
#8267 = DIRECTION('',(1.,0.,0.));
#8268 = ADVANCED_FACE('',(#8269),#8275,.T.);
#8269 = FACE_BOUND('',#8270,.T.);
#8270 = EDGE_LOOP('',(#8271,#8272,#8273,#8274));
#8271 = ORIENTED_EDGE('',*,*,#8216,.F.);
#8272 = ORIENTED_EDGE('',*,*,#8067,.T.);
#8273 = ORIENTED_EDGE('',*,*,#8258,.T.);
#8274 = ORIENTED_EDGE('',*,*,#8123,.F.);
#8275 = PLANE('',#8276);
#8276 = AXIS2_PLACEMENT_3D('',#8277,#8278,#8279);
#8277 = CARTESIAN_POINT('',(-8.5,19.8,220.));
#8278 = DIRECTION('',(0.,1.,0.));
#8279 = DIRECTION('',(0.,0.,1.));
#8280 = ADVANCED_FACE('',(#8281,#8284),#8295,.F.);
#8281 = FACE_BOUND('',#8282,.F.);
#8282 = EDGE_LOOP('',(#8283));
#8283 = ORIENTED_EDGE('',*,*,#8239,.T.);
#8284 = FACE_BOUND('',#8285,.F.);
#8285 = EDGE_LOOP('',(#8286));
#8286 = ORIENTED_EDGE('',*,*,#8287,.F.);
#8287 = EDGE_CURVE('',#8288,#8288,#8290,.T.);
#8288 = VERTEX_POINT('',#8289);
#8289 = CARTESIAN_POINT('',(15.4,-3.771912141374E-15,213.4));
#8290 = CIRCLE('',#8291,15.4);
#8291 = AXIS2_PLACEMENT_3D('',#8292,#8293,#8294);
#8292 = CARTESIAN_POINT('',(0.,0.,213.4));
#8293 = DIRECTION('',(0.,0.,1.));
#8294 = DIRECTION('',(1.,0.,0.));
#8295 = PLANE('',#8296);
#8296 = AXIS2_PLACEMENT_3D('',#8297,#8298,#8299);
#8297 = CARTESIAN_POINT('',(0.,0.,213.4));
#8298 = DIRECTION('',(0.,0.,1.));
#8299 = DIRECTION('',(1.,0.,0.));
#8300 = ADVANCED_FACE('',(#8301),#8320,.T.);
#8301 = FACE_BOUND('',#8302,.T.);
#8302 = EDGE_LOOP('',(#8303,#8304,#8312,#8319));
#8303 = ORIENTED_EDGE('',*,*,#8287,.F.);
#8304 = ORIENTED_EDGE('',*,*,#8305,.F.);
#8305 = EDGE_CURVE('',#8306,#8288,#8308,.T.);
#8306 = VERTEX_POINT('',#8307);
#8307 = CARTESIAN_POINT('',(15.4,-3.771912141374E-15,206.36));
#8308 = LINE('',#8309,#8310);
#8309 = CARTESIAN_POINT('',(15.4,-3.771912141374E-15,206.36));
#8310 = VECTOR('',#8311,1.);
#8311 = DIRECTION('',(0.,0.,1.));
#8312 = ORIENTED_EDGE('',*,*,#8313,.T.);
#8313 = EDGE_CURVE('',#8306,#8306,#8314,.T.);
#8314 = CIRCLE('',#8315,15.4);
#8315 = AXIS2_PLACEMENT_3D('',#8316,#8317,#8318);
#8316 = CARTESIAN_POINT('',(0.,0.,206.36));
#8317 = DIRECTION('',(0.,0.,1.));
#8318 = DIRECTION('',(1.,0.,0.));
#8319 = ORIENTED_EDGE('',*,*,#8305,.T.);
#8320 = CYLINDRICAL_SURFACE('',#8321,15.4);
#8321 = AXIS2_PLACEMENT_3D('',#8322,#8323,#8324);
#8322 = CARTESIAN_POINT('',(0.,0.,206.36));
#8323 = DIRECTION('',(0.,0.,1.));
#8324 = DIRECTION('',(1.,0.,0.));
#8325 = ADVANCED_FACE('',(#8326),#8329,.F.);
#8326 = FACE_BOUND('',#8327,.T.);
#8327 = EDGE_LOOP('',(#8328));
#8328 = ORIENTED_EDGE('',*,*,#8313,.F.);
#8329 = PLANE('',#8330);
#8330 = AXIS2_PLACEMENT_3D('',#8331,#8332,#8333);
#8331 = CARTESIAN_POINT('',(0.,0.,206.36));
#8332 = DIRECTION('',(0.,0.,1.));
#8333 = DIRECTION('',(1.,0.,0.));
#8334 = MANIFOLD_SOLID_BREP('',#8335);
#8335 = CLOSED_SHELL('',(#8336,#8376,#8407,#8431,#8455,#8472));
#8336 = ADVANCED_FACE('',(#8337),#8371,.T.);
#8337 = FACE_BOUND('',#8338,.T.);
#8338 = EDGE_LOOP('',(#8339,#8349,#8357,#8365));
#8339 = ORIENTED_EDGE('',*,*,#8340,.F.);
#8340 = EDGE_CURVE('',#8341,#8343,#8345,.T.);
#8341 = VERTEX_POINT('',#8342);
#8342 = CARTESIAN_POINT('',(-6.985,-19.,212.69));
#8343 = VERTEX_POINT('',#8344);
#8344 = CARTESIAN_POINT('',(6.985,-19.,212.69));
#8345 = LINE('',#8346,#8347);
#8346 = CARTESIAN_POINT('',(-6.985,-19.,212.69));
#8347 = VECTOR('',#8348,1.);
#8348 = DIRECTION('',(1.,0.,0.));
#8349 = ORIENTED_EDGE('',*,*,#8350,.T.);
#8350 = EDGE_CURVE('',#8341,#8351,#8353,.T.);
#8351 = VERTEX_POINT('',#8352);
#8352 = CARTESIAN_POINT('',(-6.985,-19.,218.4));
#8353 = LINE('',#8354,#8355);
#8354 = CARTESIAN_POINT('',(-6.985,-19.,212.69));
#8355 = VECTOR('',#8356,1.);
#8356 = DIRECTION('',(0.,0.,1.));
#8357 = ORIENTED_EDGE('',*,*,#8358,.T.);
#8358 = EDGE_CURVE('',#8351,#8359,#8361,.T.);
#8359 = VERTEX_POINT('',#8360);
#8360 = CARTESIAN_POINT('',(6.985,-19.,218.4));
#8361 = LINE('',#8362,#8363);
#8362 = CARTESIAN_POINT('',(-19.,-19.,218.4));
#8363 = VECTOR('',#8364,1.);
#8364 = DIRECTION('',(1.,0.,0.));
#8365 = ORIENTED_EDGE('',*,*,#8366,.F.);
#8366 = EDGE_CURVE('',#8343,#8359,#8367,.T.);
#8367 = LINE('',#8368,#8369);
#8368 = CARTESIAN_POINT('',(6.985,-19.,212.69));
#8369 = VECTOR('',#8370,1.);
#8370 = DIRECTION('',(0.,0.,1.));
#8371 = PLANE('',#8372);
#8372 = AXIS2_PLACEMENT_3D('',#8373,#8374,#8375);
#8373 = CARTESIAN_POINT('',(-6.985,-19.,212.69));
#8374 = DIRECTION('',(0.,1.,0.));
#8375 = DIRECTION('',(0.,0.,1.));
#8376 = ADVANCED_FACE('',(#8377),#8402,.F.);
#8377 = FACE_BOUND('',#8378,.F.);
#8378 = EDGE_LOOP('',(#8379,#8387,#8395,#8401));
#8379 = ORIENTED_EDGE('',*,*,#8380,.F.);
#8380 = EDGE_CURVE('',#8381,#8341,#8383,.T.);
#8381 = VERTEX_POINT('',#8382);
#8382 = CARTESIAN_POINT('',(-6.985,-25.54,212.69));
#8383 = LINE('',#8384,#8385);
#8384 = CARTESIAN_POINT('',(-6.985,-25.54,212.69));
#8385 = VECTOR('',#8386,1.);
#8386 = DIRECTION('',(0.,1.,0.));
#8387 = ORIENTED_EDGE('',*,*,#8388,.T.);
#8388 = EDGE_CURVE('',#8381,#8389,#8391,.T.);
#8389 = VERTEX_POINT('',#8390);
#8390 = CARTESIAN_POINT('',(6.985,-25.54,212.69));
#8391 = LINE('',#8392,#8393);
#8392 = CARTESIAN_POINT('',(-6.985,-25.54,212.69));
#8393 = VECTOR('',#8394,1.);
#8394 = DIRECTION('',(1.,0.,0.));
#8395 = ORIENTED_EDGE('',*,*,#8396,.T.);
#8396 = EDGE_CURVE('',#8389,#8343,#8397,.T.);
#8397 = LINE('',#8398,#8399);
#8398 = CARTESIAN_POINT('',(6.985,-25.54,212.69));
#8399 = VECTOR('',#8400,1.);
#8400 = DIRECTION('',(0.,1.,0.));
#8401 = ORIENTED_EDGE('',*,*,#8340,.F.);
#8402 = PLANE('',#8403);
#8403 = AXIS2_PLACEMENT_3D('',#8404,#8405,#8406);
#8404 = CARTESIAN_POINT('',(-6.985,-25.54,212.69));
#8405 = DIRECTION('',(0.,0.,1.));
#8406 = DIRECTION('',(1.,0.,0.));
#8407 = ADVANCED_FACE('',(#8408),#8426,.T.);
#8408 = FACE_BOUND('',#8409,.T.);
#8409 = EDGE_LOOP('',(#8410,#8418,#8419,#8420));
#8410 = ORIENTED_EDGE('',*,*,#8411,.F.);
#8411 = EDGE_CURVE('',#8389,#8412,#8414,.T.);
#8412 = VERTEX_POINT('',#8413);
#8413 = CARTESIAN_POINT('',(6.985,-25.54,218.4));
#8414 = LINE('',#8415,#8416);
#8415 = CARTESIAN_POINT('',(6.985,-25.54,212.69));
#8416 = VECTOR('',#8417,1.);
#8417 = DIRECTION('',(0.,0.,1.));
#8418 = ORIENTED_EDGE('',*,*,#8396,.T.);
#8419 = ORIENTED_EDGE('',*,*,#8366,.T.);
#8420 = ORIENTED_EDGE('',*,*,#8421,.F.);
#8421 = EDGE_CURVE('',#8412,#8359,#8422,.T.);
#8422 = LINE('',#8423,#8424);
#8423 = CARTESIAN_POINT('',(6.985,-25.54,218.4));
#8424 = VECTOR('',#8425,1.);
#8425 = DIRECTION('',(0.,1.,0.));
#8426 = PLANE('',#8427);
#8427 = AXIS2_PLACEMENT_3D('',#8428,#8429,#8430);
#8428 = CARTESIAN_POINT('',(6.985,-25.54,212.69));
#8429 = DIRECTION('',(1.,0.,0.));
#8430 = DIRECTION('',(0.,0.,1.));
#8431 = ADVANCED_FACE('',(#8432),#8450,.T.);
#8432 = FACE_BOUND('',#8433,.T.);
#8433 = EDGE_LOOP('',(#8434,#8442,#8448,#8449));
#8434 = ORIENTED_EDGE('',*,*,#8435,.F.);
#8435 = EDGE_CURVE('',#8436,#8351,#8438,.T.);
#8436 = VERTEX_POINT('',#8437);
#8437 = CARTESIAN_POINT('',(-6.985,-25.54,218.4));
#8438 = LINE('',#8439,#8440);
#8439 = CARTESIAN_POINT('',(-6.985,-25.54,218.4));
#8440 = VECTOR('',#8441,1.);
#8441 = DIRECTION('',(0.,1.,0.));
#8442 = ORIENTED_EDGE('',*,*,#8443,.T.);
#8443 = EDGE_CURVE('',#8436,#8412,#8444,.T.);
#8444 = LINE('',#8445,#8446);
#8445 = CARTESIAN_POINT('',(-6.985,-25.54,218.4));
#8446 = VECTOR('',#8447,1.);
#8447 = DIRECTION('',(1.,0.,0.));
#8448 = ORIENTED_EDGE('',*,*,#8421,.T.);
#8449 = ORIENTED_EDGE('',*,*,#8358,.F.);
#8450 = PLANE('',#8451);
#8451 = AXIS2_PLACEMENT_3D('',#8452,#8453,#8454);
#8452 = CARTESIAN_POINT('',(-6.985,-25.54,218.4));
#8453 = DIRECTION('',(0.,0.,1.));
#8454 = DIRECTION('',(1.,0.,0.));
#8455 = ADVANCED_FACE('',(#8456),#8467,.F.);
#8456 = FACE_BOUND('',#8457,.F.);
#8457 = EDGE_LOOP('',(#8458,#8464,#8465,#8466));
#8458 = ORIENTED_EDGE('',*,*,#8459,.F.);
#8459 = EDGE_CURVE('',#8381,#8436,#8460,.T.);
#8460 = LINE('',#8461,#8462);
#8461 = CARTESIAN_POINT('',(-6.985,-25.54,212.69));
#8462 = VECTOR('',#8463,1.);
#8463 = DIRECTION('',(0.,0.,1.));
#8464 = ORIENTED_EDGE('',*,*,#8380,.T.);
#8465 = ORIENTED_EDGE('',*,*,#8350,.T.);
#8466 = ORIENTED_EDGE('',*,*,#8435,.F.);
#8467 = PLANE('',#8468);
#8468 = AXIS2_PLACEMENT_3D('',#8469,#8470,#8471);
#8469 = CARTESIAN_POINT('',(-6.985,-25.54,212.69));
#8470 = DIRECTION('',(1.,0.,0.));
#8471 = DIRECTION('',(0.,0.,1.));
#8472 = ADVANCED_FACE('',(#8473),#8479,.F.);
#8473 = FACE_BOUND('',#8474,.F.);
#8474 = EDGE_LOOP('',(#8475,#8476,#8477,#8478));
#8475 = ORIENTED_EDGE('',*,*,#8388,.F.);
#8476 = ORIENTED_EDGE('',*,*,#8459,.T.);
#8477 = ORIENTED_EDGE('',*,*,#8443,.T.);
#8478 = ORIENTED_EDGE('',*,*,#8411,.F.);
#8479 = PLANE('',#8480);
#8480 = AXIS2_PLACEMENT_3D('',#8481,#8482,#8483);
#8481 = CARTESIAN_POINT('',(-6.985,-25.54,212.69));
#8482 = DIRECTION('',(0.,1.,0.));
#8483 = DIRECTION('',(0.,0.,1.));
#8484 = MANIFOLD_SOLID_BREP('',#8485);
#8485 = CLOSED_SHELL('',(#8486,#8519,#8539,#8548,#8573,#8593,#8618,#8638
    ,#8663,#8683,#8708,#8728,#8753));
#8486 = ADVANCED_FACE('',(#8487),#8514,.T.);
#8487 = FACE_BOUND('',#8488,.T.);
#8488 = EDGE_LOOP('',(#8489,#8499,#8506,#8507));
#8489 = ORIENTED_EDGE('',*,*,#8490,.T.);
#8490 = EDGE_CURVE('',#8491,#8493,#8495,.T.);
#8491 = VERTEX_POINT('',#8492);
#8492 = CARTESIAN_POINT('',(14.,-3.429011037613E-15,201.36));
#8493 = VERTEX_POINT('',#8494);
#8494 = CARTESIAN_POINT('',(14.,-3.429011037613E-15,206.36));
#8495 = LINE('',#8496,#8497);
#8496 = CARTESIAN_POINT('',(14.,-3.429011037613E-15,183.36));
#8497 = VECTOR('',#8498,1.);
#8498 = DIRECTION('',(0.,0.,1.));
#8499 = ORIENTED_EDGE('',*,*,#8500,.F.);
#8500 = EDGE_CURVE('',#8493,#8493,#8501,.T.);
#8501 = CIRCLE('',#8502,14.);
#8502 = AXIS2_PLACEMENT_3D('',#8503,#8504,#8505);
#8503 = CARTESIAN_POINT('',(0.,0.,206.36));
#8504 = DIRECTION('',(0.,0.,1.));
#8505 = DIRECTION('',(1.,0.,0.));
#8506 = ORIENTED_EDGE('',*,*,#8490,.F.);
#8507 = ORIENTED_EDGE('',*,*,#8508,.T.);
#8508 = EDGE_CURVE('',#8491,#8491,#8509,.T.);
#8509 = CIRCLE('',#8510,14.);
#8510 = AXIS2_PLACEMENT_3D('',#8511,#8512,#8513);
#8511 = CARTESIAN_POINT('',(0.,0.,201.36));
#8512 = DIRECTION('',(0.,0.,1.));
#8513 = DIRECTION('',(1.,0.,0.));
#8514 = CYLINDRICAL_SURFACE('',#8515,14.);
#8515 = AXIS2_PLACEMENT_3D('',#8516,#8517,#8518);
#8516 = CARTESIAN_POINT('',(0.,0.,183.36));
#8517 = DIRECTION('',(0.,0.,1.));
#8518 = DIRECTION('',(1.,0.,0.));
#8519 = ADVANCED_FACE('',(#8520,#8531),#8534,.T.);
#8520 = FACE_BOUND('',#8521,.T.);
#8521 = EDGE_LOOP('',(#8522));
#8522 = ORIENTED_EDGE('',*,*,#8523,.T.);
#8523 = EDGE_CURVE('',#8524,#8524,#8526,.T.);
#8524 = VERTEX_POINT('',#8525);
#8525 = CARTESIAN_POINT('',(14.6,-3.57596865351E-15,201.36));
#8526 = CIRCLE('',#8527,14.6);
#8527 = AXIS2_PLACEMENT_3D('',#8528,#8529,#8530);
#8528 = CARTESIAN_POINT('',(0.,0.,201.36));
#8529 = DIRECTION('',(0.,0.,1.));
#8530 = DIRECTION('',(1.,0.,0.));
#8531 = FACE_BOUND('',#8532,.T.);
#8532 = EDGE_LOOP('',(#8533));
#8533 = ORIENTED_EDGE('',*,*,#8508,.F.);
#8534 = PLANE('',#8535);
#8535 = AXIS2_PLACEMENT_3D('',#8536,#8537,#8538);
#8536 = CARTESIAN_POINT('',(0.,0.,201.36));
#8537 = DIRECTION('',(0.,0.,1.));
#8538 = DIRECTION('',(1.,0.,0.));
#8539 = ADVANCED_FACE('',(#8540),#8543,.T.);
#8540 = FACE_BOUND('',#8541,.T.);
#8541 = EDGE_LOOP('',(#8542));
#8542 = ORIENTED_EDGE('',*,*,#8500,.T.);
#8543 = PLANE('',#8544);
#8544 = AXIS2_PLACEMENT_3D('',#8545,#8546,#8547);
#8545 = CARTESIAN_POINT('',(0.,0.,206.36));
#8546 = DIRECTION('',(0.,0.,1.));
#8547 = DIRECTION('',(1.,0.,0.));
#8548 = ADVANCED_FACE('',(#8549),#8568,.T.);
#8549 = FACE_BOUND('',#8550,.T.);
#8550 = EDGE_LOOP('',(#8551,#8552,#8560,#8567));
#8551 = ORIENTED_EDGE('',*,*,#8523,.F.);
#8552 = ORIENTED_EDGE('',*,*,#8553,.F.);
#8553 = EDGE_CURVE('',#8554,#8524,#8556,.T.);
#8554 = VERTEX_POINT('',#8555);
#8555 = CARTESIAN_POINT('',(14.6,-3.57596865351E-15,197.36));
#8556 = LINE('',#8557,#8558);
#8557 = CARTESIAN_POINT('',(14.6,-3.57596865351E-15,197.36));
#8558 = VECTOR('',#8559,1.);
#8559 = DIRECTION('',(0.,0.,1.));
#8560 = ORIENTED_EDGE('',*,*,#8561,.T.);
#8561 = EDGE_CURVE('',#8554,#8554,#8562,.T.);
#8562 = CIRCLE('',#8563,14.6);
#8563 = AXIS2_PLACEMENT_3D('',#8564,#8565,#8566);
#8564 = CARTESIAN_POINT('',(0.,0.,197.36));
#8565 = DIRECTION('',(0.,0.,1.));
#8566 = DIRECTION('',(1.,0.,0.));
#8567 = ORIENTED_EDGE('',*,*,#8553,.T.);
#8568 = CYLINDRICAL_SURFACE('',#8569,14.6);
#8569 = AXIS2_PLACEMENT_3D('',#8570,#8571,#8572);
#8570 = CARTESIAN_POINT('',(0.,0.,197.36));
#8571 = DIRECTION('',(0.,0.,1.));
#8572 = DIRECTION('',(1.,0.,0.));
#8573 = ADVANCED_FACE('',(#8574,#8577),#8588,.F.);
#8574 = FACE_BOUND('',#8575,.F.);
#8575 = EDGE_LOOP('',(#8576));
#8576 = ORIENTED_EDGE('',*,*,#8561,.T.);
#8577 = FACE_BOUND('',#8578,.F.);
#8578 = EDGE_LOOP('',(#8579));
#8579 = ORIENTED_EDGE('',*,*,#8580,.F.);
#8580 = EDGE_CURVE('',#8581,#8581,#8583,.T.);
#8581 = VERTEX_POINT('',#8582);
#8582 = CARTESIAN_POINT('',(14.,-3.429011037613E-15,197.36));
#8583 = CIRCLE('',#8584,14.);
#8584 = AXIS2_PLACEMENT_3D('',#8585,#8586,#8587);
#8585 = CARTESIAN_POINT('',(0.,0.,197.36));
#8586 = DIRECTION('',(0.,0.,1.));
#8587 = DIRECTION('',(1.,0.,0.));
#8588 = PLANE('',#8589);
#8589 = AXIS2_PLACEMENT_3D('',#8590,#8591,#8592);
#8590 = CARTESIAN_POINT('',(0.,0.,197.36));
#8591 = DIRECTION('',(0.,0.,1.));
#8592 = DIRECTION('',(1.,0.,0.));
#8593 = ADVANCED_FACE('',(#8594),#8613,.T.);
#8594 = FACE_BOUND('',#8595,.T.);
#8595 = EDGE_LOOP('',(#8596,#8604,#8605,#8606));
#8596 = ORIENTED_EDGE('',*,*,#8597,.T.);
#8597 = EDGE_CURVE('',#8598,#8581,#8600,.T.);
#8598 = VERTEX_POINT('',#8599);
#8599 = CARTESIAN_POINT('',(14.,-3.429011037613E-15,190.36));
#8600 = LINE('',#8601,#8602);
#8601 = CARTESIAN_POINT('',(14.,-3.429011037613E-15,183.36));
#8602 = VECTOR('',#8603,1.);
#8603 = DIRECTION('',(0.,0.,1.));
#8604 = ORIENTED_EDGE('',*,*,#8580,.F.);
#8605 = ORIENTED_EDGE('',*,*,#8597,.F.);
#8606 = ORIENTED_EDGE('',*,*,#8607,.T.);
#8607 = EDGE_CURVE('',#8598,#8598,#8608,.T.);
#8608 = CIRCLE('',#8609,14.);
#8609 = AXIS2_PLACEMENT_3D('',#8610,#8611,#8612);
#8610 = CARTESIAN_POINT('',(0.,0.,190.36));
#8611 = DIRECTION('',(0.,0.,1.));
#8612 = DIRECTION('',(1.,0.,0.));
#8613 = CYLINDRICAL_SURFACE('',#8614,14.);
#8614 = AXIS2_PLACEMENT_3D('',#8615,#8616,#8617);
#8615 = CARTESIAN_POINT('',(0.,0.,183.36));
#8616 = DIRECTION('',(0.,0.,1.));
#8617 = DIRECTION('',(1.,0.,0.));
#8618 = ADVANCED_FACE('',(#8619,#8630),#8633,.T.);
#8619 = FACE_BOUND('',#8620,.T.);
#8620 = EDGE_LOOP('',(#8621));
#8621 = ORIENTED_EDGE('',*,*,#8622,.T.);
#8622 = EDGE_CURVE('',#8623,#8623,#8625,.T.);
#8623 = VERTEX_POINT('',#8624);
#8624 = CARTESIAN_POINT('',(14.6,-3.57596865351E-15,190.36));
#8625 = CIRCLE('',#8626,14.6);
#8626 = AXIS2_PLACEMENT_3D('',#8627,#8628,#8629);
#8627 = CARTESIAN_POINT('',(0.,0.,190.36));
#8628 = DIRECTION('',(0.,0.,1.));
#8629 = DIRECTION('',(1.,0.,0.));
#8630 = FACE_BOUND('',#8631,.T.);
#8631 = EDGE_LOOP('',(#8632));
#8632 = ORIENTED_EDGE('',*,*,#8607,.F.);
#8633 = PLANE('',#8634);
#8634 = AXIS2_PLACEMENT_3D('',#8635,#8636,#8637);
#8635 = CARTESIAN_POINT('',(0.,0.,190.36));
#8636 = DIRECTION('',(0.,0.,1.));
#8637 = DIRECTION('',(1.,0.,0.));
#8638 = ADVANCED_FACE('',(#8639),#8658,.T.);
#8639 = FACE_BOUND('',#8640,.T.);
#8640 = EDGE_LOOP('',(#8641,#8642,#8650,#8657));
#8641 = ORIENTED_EDGE('',*,*,#8622,.F.);
#8642 = ORIENTED_EDGE('',*,*,#8643,.F.);
#8643 = EDGE_CURVE('',#8644,#8623,#8646,.T.);
#8644 = VERTEX_POINT('',#8645);
#8645 = CARTESIAN_POINT('',(14.6,-3.57596865351E-15,186.36));
#8646 = LINE('',#8647,#8648);
#8647 = CARTESIAN_POINT('',(14.6,-3.57596865351E-15,186.36));
#8648 = VECTOR('',#8649,1.);
#8649 = DIRECTION('',(0.,0.,1.));
#8650 = ORIENTED_EDGE('',*,*,#8651,.T.);
#8651 = EDGE_CURVE('',#8644,#8644,#8652,.T.);
#8652 = CIRCLE('',#8653,14.6);
#8653 = AXIS2_PLACEMENT_3D('',#8654,#8655,#8656);
#8654 = CARTESIAN_POINT('',(0.,0.,186.36));
#8655 = DIRECTION('',(0.,0.,1.));
#8656 = DIRECTION('',(1.,0.,0.));
#8657 = ORIENTED_EDGE('',*,*,#8643,.T.);
#8658 = CYLINDRICAL_SURFACE('',#8659,14.6);
#8659 = AXIS2_PLACEMENT_3D('',#8660,#8661,#8662);
#8660 = CARTESIAN_POINT('',(0.,0.,186.36));
#8661 = DIRECTION('',(0.,0.,1.));
#8662 = DIRECTION('',(1.,0.,0.));
#8663 = ADVANCED_FACE('',(#8664,#8667),#8678,.F.);
#8664 = FACE_BOUND('',#8665,.F.);
#8665 = EDGE_LOOP('',(#8666));
#8666 = ORIENTED_EDGE('',*,*,#8651,.T.);
#8667 = FACE_BOUND('',#8668,.F.);
#8668 = EDGE_LOOP('',(#8669));
#8669 = ORIENTED_EDGE('',*,*,#8670,.F.);
#8670 = EDGE_CURVE('',#8671,#8671,#8673,.T.);
#8671 = VERTEX_POINT('',#8672);
#8672 = CARTESIAN_POINT('',(14.,-3.429011037613E-15,186.36));
#8673 = CIRCLE('',#8674,14.);
#8674 = AXIS2_PLACEMENT_3D('',#8675,#8676,#8677);
#8675 = CARTESIAN_POINT('',(0.,0.,186.36));
#8676 = DIRECTION('',(0.,0.,1.));
#8677 = DIRECTION('',(1.,0.,0.));
#8678 = PLANE('',#8679);
#8679 = AXIS2_PLACEMENT_3D('',#8680,#8681,#8682);
#8680 = CARTESIAN_POINT('',(0.,0.,186.36));
#8681 = DIRECTION('',(0.,0.,1.));
#8682 = DIRECTION('',(1.,0.,0.));
#8683 = ADVANCED_FACE('',(#8684),#8703,.T.);
#8684 = FACE_BOUND('',#8685,.T.);
#8685 = EDGE_LOOP('',(#8686,#8687,#8695,#8702));
#8686 = ORIENTED_EDGE('',*,*,#8670,.F.);
#8687 = ORIENTED_EDGE('',*,*,#8688,.F.);
#8688 = EDGE_CURVE('',#8689,#8671,#8691,.T.);
#8689 = VERTEX_POINT('',#8690);
#8690 = CARTESIAN_POINT('',(14.,-3.429011037613E-15,183.36));
#8691 = LINE('',#8692,#8693);
#8692 = CARTESIAN_POINT('',(14.,-3.429011037613E-15,183.36));
#8693 = VECTOR('',#8694,1.);
#8694 = DIRECTION('',(0.,0.,1.));
#8695 = ORIENTED_EDGE('',*,*,#8696,.T.);
#8696 = EDGE_CURVE('',#8689,#8689,#8697,.T.);
#8697 = CIRCLE('',#8698,14.);
#8698 = AXIS2_PLACEMENT_3D('',#8699,#8700,#8701);
#8699 = CARTESIAN_POINT('',(0.,0.,183.36));
#8700 = DIRECTION('',(0.,0.,1.));
#8701 = DIRECTION('',(1.,0.,0.));
#8702 = ORIENTED_EDGE('',*,*,#8688,.T.);
#8703 = CYLINDRICAL_SURFACE('',#8704,14.);
#8704 = AXIS2_PLACEMENT_3D('',#8705,#8706,#8707);
#8705 = CARTESIAN_POINT('',(0.,0.,183.36));
#8706 = DIRECTION('',(0.,0.,1.));
#8707 = DIRECTION('',(1.,0.,0.));
#8708 = ADVANCED_FACE('',(#8709,#8712),#8723,.F.);
#8709 = FACE_BOUND('',#8710,.F.);
#8710 = EDGE_LOOP('',(#8711));
#8711 = ORIENTED_EDGE('',*,*,#8696,.T.);
#8712 = FACE_BOUND('',#8713,.F.);
#8713 = EDGE_LOOP('',(#8714));
#8714 = ORIENTED_EDGE('',*,*,#8715,.F.);
#8715 = EDGE_CURVE('',#8716,#8716,#8718,.T.);
#8716 = VERTEX_POINT('',#8717);
#8717 = CARTESIAN_POINT('',(6.,-1.469576158977E-15,183.36));
#8718 = CIRCLE('',#8719,6.);
#8719 = AXIS2_PLACEMENT_3D('',#8720,#8721,#8722);
#8720 = CARTESIAN_POINT('',(0.,0.,183.36));
#8721 = DIRECTION('',(0.,0.,1.));
#8722 = DIRECTION('',(1.,0.,0.));
#8723 = PLANE('',#8724);
#8724 = AXIS2_PLACEMENT_3D('',#8725,#8726,#8727);
#8725 = CARTESIAN_POINT('',(0.,0.,183.36));
#8726 = DIRECTION('',(0.,0.,1.));
#8727 = DIRECTION('',(1.,0.,0.));
#8728 = ADVANCED_FACE('',(#8729),#8748,.F.);
#8729 = FACE_BOUND('',#8730,.F.);
#8730 = EDGE_LOOP('',(#8731,#8739,#8746,#8747));
#8731 = ORIENTED_EDGE('',*,*,#8732,.T.);
#8732 = EDGE_CURVE('',#8716,#8733,#8735,.T.);
#8733 = VERTEX_POINT('',#8734);
#8734 = CARTESIAN_POINT('',(6.,-1.469576158977E-15,185.35));
#8735 = LINE('',#8736,#8737);
#8736 = CARTESIAN_POINT('',(6.,-1.469576158977E-15,183.35));
#8737 = VECTOR('',#8738,1.);
#8738 = DIRECTION('',(0.,0.,1.));
#8739 = ORIENTED_EDGE('',*,*,#8740,.F.);
#8740 = EDGE_CURVE('',#8733,#8733,#8741,.T.);
#8741 = CIRCLE('',#8742,6.);
#8742 = AXIS2_PLACEMENT_3D('',#8743,#8744,#8745);
#8743 = CARTESIAN_POINT('',(0.,0.,185.35));
#8744 = DIRECTION('',(0.,0.,1.));
#8745 = DIRECTION('',(1.,0.,0.));
#8746 = ORIENTED_EDGE('',*,*,#8732,.F.);
#8747 = ORIENTED_EDGE('',*,*,#8715,.T.);
#8748 = CYLINDRICAL_SURFACE('',#8749,6.);
#8749 = AXIS2_PLACEMENT_3D('',#8750,#8751,#8752);
#8750 = CARTESIAN_POINT('',(0.,0.,183.35));
#8751 = DIRECTION('',(0.,0.,1.));
#8752 = DIRECTION('',(1.,0.,0.));
#8753 = ADVANCED_FACE('',(#8754),#8757,.F.);
#8754 = FACE_BOUND('',#8755,.F.);
#8755 = EDGE_LOOP('',(#8756));
#8756 = ORIENTED_EDGE('',*,*,#8740,.T.);
#8757 = PLANE('',#8758);
#8758 = AXIS2_PLACEMENT_3D('',#8759,#8760,#8761);
#8759 = CARTESIAN_POINT('',(0.,0.,185.35));
#8760 = DIRECTION('',(0.,0.,1.));
#8761 = DIRECTION('',(1.,0.,0.));
#8762 = MANIFOLD_SOLID_BREP('',#8763);
#8763 = CLOSED_SHELL('',(#8764,#8804,#8879,#8903,#9247,#9301,#9334,#9351
    ,#9368,#9385,#9402,#9441,#9465,#9497,#9536,#9560,#9599,#9631,#9655,
    #9687,#9726,#9750,#9789,#9821,#9861,#9885,#9924,#9948,#9972,#10004,
    #10036,#10067,#10091,#10115,#10132,#10163,#10187,#10211,#10228,
    #10245,#10262,#10302,#10319,#10336,#10353,#10370,#10387,#10404,
    #10416,#10433,#10445,#10462,#10474,#10491,#10503,#10527,#10544,
    #10570,#10589,#10606,#10618,#10630,#10676,#10688,#10719,#10743,
    #10767,#10784,#10807,#10832));
#8764 = ADVANCED_FACE('',(#8765),#8799,.F.);
#8765 = FACE_BOUND('',#8766,.F.);
#8766 = EDGE_LOOP('',(#8767,#8777,#8785,#8793));
#8767 = ORIENTED_EDGE('',*,*,#8768,.F.);
#8768 = EDGE_CURVE('',#8769,#8771,#8773,.T.);
#8769 = VERTEX_POINT('',#8770);
#8770 = CARTESIAN_POINT('',(76.,-30.,220.));
#8771 = VERTEX_POINT('',#8772);
#8772 = CARTESIAN_POINT('',(20.,-30.,220.));
#8773 = LINE('',#8774,#8775);
#8774 = CARTESIAN_POINT('',(76.,-30.,220.));
#8775 = VECTOR('',#8776,1.);
#8776 = DIRECTION('',(-1.,0.,0.));
#8777 = ORIENTED_EDGE('',*,*,#8778,.T.);
#8778 = EDGE_CURVE('',#8769,#8779,#8781,.T.);
#8779 = VERTEX_POINT('',#8780);
#8780 = CARTESIAN_POINT('',(76.,-30.,218.4));
#8781 = LINE('',#8782,#8783);
#8782 = CARTESIAN_POINT('',(76.,-30.,220.));
#8783 = VECTOR('',#8784,1.);
#8784 = DIRECTION('',(0.,0.,-1.));
#8785 = ORIENTED_EDGE('',*,*,#8786,.T.);
#8786 = EDGE_CURVE('',#8779,#8787,#8789,.T.);
#8787 = VERTEX_POINT('',#8788);
#8788 = CARTESIAN_POINT('',(20.,-30.,218.4));
#8789 = LINE('',#8790,#8791);
#8790 = CARTESIAN_POINT('',(76.,-30.,218.4));
#8791 = VECTOR('',#8792,1.);
#8792 = DIRECTION('',(-1.,0.,0.));
#8793 = ORIENTED_EDGE('',*,*,#8794,.F.);
#8794 = EDGE_CURVE('',#8771,#8787,#8795,.T.);
#8795 = LINE('',#8796,#8797);
#8796 = CARTESIAN_POINT('',(20.,-30.,220.));
#8797 = VECTOR('',#8798,1.);
#8798 = DIRECTION('',(0.,0.,-1.));
#8799 = PLANE('',#8800);
#8800 = AXIS2_PLACEMENT_3D('',#8801,#8802,#8803);
#8801 = CARTESIAN_POINT('',(76.,-30.,220.));
#8802 = DIRECTION('',(0.,1.,0.));
#8803 = DIRECTION('',(-1.,0.,0.));
#8804 = ADVANCED_FACE('',(#8805,#8830,#8841,#8852,#8863),#8874,.F.);
#8805 = FACE_BOUND('',#8806,.F.);
#8806 = EDGE_LOOP('',(#8807,#8815,#8816,#8824));
#8807 = ORIENTED_EDGE('',*,*,#8808,.F.);
#8808 = EDGE_CURVE('',#8769,#8809,#8811,.T.);
#8809 = VERTEX_POINT('',#8810);
#8810 = CARTESIAN_POINT('',(76.,55.,220.));
#8811 = LINE('',#8812,#8813);
#8812 = CARTESIAN_POINT('',(76.,-30.,220.));
#8813 = VECTOR('',#8814,1.);
#8814 = DIRECTION('',(0.,1.,0.));
#8815 = ORIENTED_EDGE('',*,*,#8768,.T.);
#8816 = ORIENTED_EDGE('',*,*,#8817,.T.);
#8817 = EDGE_CURVE('',#8771,#8818,#8820,.T.);
#8818 = VERTEX_POINT('',#8819);
#8819 = CARTESIAN_POINT('',(20.,55.,220.));
#8820 = LINE('',#8821,#8822);
#8821 = CARTESIAN_POINT('',(20.,-30.,220.));
#8822 = VECTOR('',#8823,1.);
#8823 = DIRECTION('',(0.,1.,0.));
#8824 = ORIENTED_EDGE('',*,*,#8825,.F.);
#8825 = EDGE_CURVE('',#8809,#8818,#8826,.T.);
#8826 = LINE('',#8827,#8828);
#8827 = CARTESIAN_POINT('',(76.,55.,220.));
#8828 = VECTOR('',#8829,1.);
#8829 = DIRECTION('',(-1.,0.,0.));
#8830 = FACE_BOUND('',#8831,.F.);
#8831 = EDGE_LOOP('',(#8832));
#8832 = ORIENTED_EDGE('',*,*,#8833,.F.);
#8833 = EDGE_CURVE('',#8834,#8834,#8836,.T.);
#8834 = VERTEX_POINT('',#8835);
#8835 = CARTESIAN_POINT('',(71.15,-26.5,220.));
#8836 = CIRCLE('',#8837,1.35);
#8837 = AXIS2_PLACEMENT_3D('',#8838,#8839,#8840);
#8838 = CARTESIAN_POINT('',(72.5,-26.5,220.));
#8839 = DIRECTION('',(0.,0.,-1.));
#8840 = DIRECTION('',(-1.,0.,0.));
#8841 = FACE_BOUND('',#8842,.F.);
#8842 = EDGE_LOOP('',(#8843));
#8843 = ORIENTED_EDGE('',*,*,#8844,.F.);
#8844 = EDGE_CURVE('',#8845,#8845,#8847,.T.);
#8845 = VERTEX_POINT('',#8846);
#8846 = CARTESIAN_POINT('',(22.15,-26.5,220.));
#8847 = CIRCLE('',#8848,1.35);
#8848 = AXIS2_PLACEMENT_3D('',#8849,#8850,#8851);
#8849 = CARTESIAN_POINT('',(23.5,-26.5,220.));
#8850 = DIRECTION('',(0.,0.,-1.));
#8851 = DIRECTION('',(-1.,0.,0.));
#8852 = FACE_BOUND('',#8853,.F.);
#8853 = EDGE_LOOP('',(#8854));
#8854 = ORIENTED_EDGE('',*,*,#8855,.F.);
#8855 = EDGE_CURVE('',#8856,#8856,#8858,.T.);
#8856 = VERTEX_POINT('',#8857);
#8857 = CARTESIAN_POINT('',(71.15,31.5,220.));
#8858 = CIRCLE('',#8859,1.35);
#8859 = AXIS2_PLACEMENT_3D('',#8860,#8861,#8862);
#8860 = CARTESIAN_POINT('',(72.5,31.5,220.));
#8861 = DIRECTION('',(0.,0.,-1.));
#8862 = DIRECTION('',(-1.,0.,0.));
#8863 = FACE_BOUND('',#8864,.F.);
#8864 = EDGE_LOOP('',(#8865));
#8865 = ORIENTED_EDGE('',*,*,#8866,.F.);
#8866 = EDGE_CURVE('',#8867,#8867,#8869,.T.);
#8867 = VERTEX_POINT('',#8868);
#8868 = CARTESIAN_POINT('',(22.15,31.5,220.));
#8869 = CIRCLE('',#8870,1.35);
#8870 = AXIS2_PLACEMENT_3D('',#8871,#8872,#8873);
#8871 = CARTESIAN_POINT('',(23.5,31.5,220.));
#8872 = DIRECTION('',(0.,0.,-1.));
#8873 = DIRECTION('',(-1.,0.,0.));
#8874 = PLANE('',#8875);
#8875 = AXIS2_PLACEMENT_3D('',#8876,#8877,#8878);
#8876 = CARTESIAN_POINT('',(76.,-30.,220.));
#8877 = DIRECTION('',(0.,0.,-1.));
#8878 = DIRECTION('',(-1.,0.,0.));
#8879 = ADVANCED_FACE('',(#8880),#8898,.T.);
#8880 = FACE_BOUND('',#8881,.T.);
#8881 = EDGE_LOOP('',(#8882,#8883,#8884,#8892));
#8882 = ORIENTED_EDGE('',*,*,#8794,.F.);
#8883 = ORIENTED_EDGE('',*,*,#8817,.T.);
#8884 = ORIENTED_EDGE('',*,*,#8885,.T.);
#8885 = EDGE_CURVE('',#8818,#8886,#8888,.T.);
#8886 = VERTEX_POINT('',#8887);
#8887 = CARTESIAN_POINT('',(20.,55.,218.4));
#8888 = LINE('',#8889,#8890);
#8889 = CARTESIAN_POINT('',(20.,55.,220.));
#8890 = VECTOR('',#8891,1.);
#8891 = DIRECTION('',(0.,0.,-1.));
#8892 = ORIENTED_EDGE('',*,*,#8893,.F.);
#8893 = EDGE_CURVE('',#8787,#8886,#8894,.T.);
#8894 = LINE('',#8895,#8896);
#8895 = CARTESIAN_POINT('',(20.,-30.,218.4));
#8896 = VECTOR('',#8897,1.);
#8897 = DIRECTION('',(0.,1.,0.));
#8898 = PLANE('',#8899);
#8899 = AXIS2_PLACEMENT_3D('',#8900,#8901,#8902);
#8900 = CARTESIAN_POINT('',(20.,-30.,220.));
#8901 = DIRECTION('',(-1.,0.,0.));
#8902 = DIRECTION('',(0.,1.,0.));
#8903 = ADVANCED_FACE('',(#8904,#9130,#9141,#9175,#9186,#9197,#9231),
  #9242,.T.);
#8904 = FACE_BOUND('',#8905,.T.);
#8905 = EDGE_LOOP('',(#8906,#8914,#8915,#8916,#8924,#8932,#8940,#8948,
    #8956,#8964,#8972,#8980,#8988,#8996,#9004,#9012,#9020,#9028,#9036,
    #9044,#9052,#9060,#9068,#9076,#9084,#9092,#9100,#9108,#9116,#9124));
#8906 = ORIENTED_EDGE('',*,*,#8907,.F.);
#8907 = EDGE_CURVE('',#8779,#8908,#8910,.T.);
#8908 = VERTEX_POINT('',#8909);
#8909 = CARTESIAN_POINT('',(76.,-23.3,218.4));
#8910 = LINE('',#8911,#8912);
#8911 = CARTESIAN_POINT('',(76.,-30.,218.4));
#8912 = VECTOR('',#8913,1.);
#8913 = DIRECTION('',(0.,1.,0.));
#8914 = ORIENTED_EDGE('',*,*,#8786,.T.);
#8915 = ORIENTED_EDGE('',*,*,#8893,.T.);
#8916 = ORIENTED_EDGE('',*,*,#8917,.F.);
#8917 = EDGE_CURVE('',#8918,#8886,#8920,.T.);
#8918 = VERTEX_POINT('',#8919);
#8919 = CARTESIAN_POINT('',(24.4,55.,218.4));
#8920 = LINE('',#8921,#8922);
#8921 = CARTESIAN_POINT('',(76.,55.,218.4));
#8922 = VECTOR('',#8923,1.);
#8923 = DIRECTION('',(-1.,0.,0.));
#8924 = ORIENTED_EDGE('',*,*,#8925,.F.);
#8925 = EDGE_CURVE('',#8926,#8918,#8928,.T.);
#8926 = VERTEX_POINT('',#8927);
#8927 = CARTESIAN_POINT('',(24.4,53.,218.4));
#8928 = LINE('',#8929,#8930);
#8929 = CARTESIAN_POINT('',(24.4,53.,218.4));
#8930 = VECTOR('',#8931,1.);
#8931 = DIRECTION('',(0.,1.,0.));
#8932 = ORIENTED_EDGE('',*,*,#8933,.F.);
#8933 = EDGE_CURVE('',#8934,#8926,#8936,.T.);
#8934 = VERTEX_POINT('',#8935);
#8935 = CARTESIAN_POINT('',(37.6,53.,218.4));
#8936 = LINE('',#8937,#8938);
#8937 = CARTESIAN_POINT('',(37.6,53.,218.4));
#8938 = VECTOR('',#8939,1.);
#8939 = DIRECTION('',(-1.,0.,0.));
#8940 = ORIENTED_EDGE('',*,*,#8941,.T.);
#8941 = EDGE_CURVE('',#8934,#8942,#8944,.T.);
#8942 = VERTEX_POINT('',#8943);
#8943 = CARTESIAN_POINT('',(37.6,55.,218.4));
#8944 = LINE('',#8945,#8946);
#8945 = CARTESIAN_POINT('',(37.6,53.,218.4));
#8946 = VECTOR('',#8947,1.);
#8947 = DIRECTION('',(0.,1.,0.));
#8948 = ORIENTED_EDGE('',*,*,#8949,.F.);
#8949 = EDGE_CURVE('',#8950,#8942,#8952,.T.);
#8950 = VERTEX_POINT('',#8951);
#8951 = CARTESIAN_POINT('',(42.4,55.,218.4));
#8952 = LINE('',#8953,#8954);
#8953 = CARTESIAN_POINT('',(76.,55.,218.4));
#8954 = VECTOR('',#8955,1.);
#8955 = DIRECTION('',(-1.,0.,0.));
#8956 = ORIENTED_EDGE('',*,*,#8957,.F.);
#8957 = EDGE_CURVE('',#8958,#8950,#8960,.T.);
#8958 = VERTEX_POINT('',#8959);
#8959 = CARTESIAN_POINT('',(42.4,53.,218.4));
#8960 = LINE('',#8961,#8962);
#8961 = CARTESIAN_POINT('',(42.4,53.,218.4));
#8962 = VECTOR('',#8963,1.);
#8963 = DIRECTION('',(0.,1.,0.));
#8964 = ORIENTED_EDGE('',*,*,#8965,.F.);
#8965 = EDGE_CURVE('',#8966,#8958,#8968,.T.);
#8966 = VERTEX_POINT('',#8967);
#8967 = CARTESIAN_POINT('',(55.6,53.,218.4));
#8968 = LINE('',#8969,#8970);
#8969 = CARTESIAN_POINT('',(55.6,53.,218.4));
#8970 = VECTOR('',#8971,1.);
#8971 = DIRECTION('',(-1.,0.,0.));
#8972 = ORIENTED_EDGE('',*,*,#8973,.T.);
#8973 = EDGE_CURVE('',#8966,#8974,#8976,.T.);
#8974 = VERTEX_POINT('',#8975);
#8975 = CARTESIAN_POINT('',(55.6,55.,218.4));
#8976 = LINE('',#8977,#8978);
#8977 = CARTESIAN_POINT('',(55.6,53.,218.4));
#8978 = VECTOR('',#8979,1.);
#8979 = DIRECTION('',(0.,1.,0.));
#8980 = ORIENTED_EDGE('',*,*,#8981,.F.);
#8981 = EDGE_CURVE('',#8982,#8974,#8984,.T.);
#8982 = VERTEX_POINT('',#8983);
#8983 = CARTESIAN_POINT('',(57.75,55.,218.4));
#8984 = LINE('',#8985,#8986);
#8985 = CARTESIAN_POINT('',(76.,55.,218.4));
#8986 = VECTOR('',#8987,1.);
#8987 = DIRECTION('',(-1.,0.,0.));
#8988 = ORIENTED_EDGE('',*,*,#8989,.F.);
#8989 = EDGE_CURVE('',#8990,#8982,#8992,.T.);
#8990 = VERTEX_POINT('',#8991);
#8991 = CARTESIAN_POINT('',(57.75,33.5,218.4));
#8992 = LINE('',#8993,#8994);
#8993 = CARTESIAN_POINT('',(57.75,33.5,218.4));
#8994 = VECTOR('',#8995,1.);
#8995 = DIRECTION('',(0.,1.,0.));
#8996 = ORIENTED_EDGE('',*,*,#8997,.F.);
#8997 = EDGE_CURVE('',#8998,#8990,#9000,.T.);
#8998 = VERTEX_POINT('',#8999);
#8999 = CARTESIAN_POINT('',(73.75,33.5,218.4));
#9000 = LINE('',#9001,#9002);
#9001 = CARTESIAN_POINT('',(73.75,33.5,218.4));
#9002 = VECTOR('',#9003,1.);
#9003 = DIRECTION('',(-1.,0.,0.));
#9004 = ORIENTED_EDGE('',*,*,#9005,.T.);
#9005 = EDGE_CURVE('',#8998,#9006,#9008,.T.);
#9006 = VERTEX_POINT('',#9007);
#9007 = CARTESIAN_POINT('',(73.75,55.,218.4));
#9008 = LINE('',#9009,#9010);
#9009 = CARTESIAN_POINT('',(73.75,33.5,218.4));
#9010 = VECTOR('',#9011,1.);
#9011 = DIRECTION('',(0.,1.,0.));
#9012 = ORIENTED_EDGE('',*,*,#9013,.F.);
#9013 = EDGE_CURVE('',#9014,#9006,#9016,.T.);
#9014 = VERTEX_POINT('',#9015);
#9015 = CARTESIAN_POINT('',(76.,55.,218.4));
#9016 = LINE('',#9017,#9018);
#9017 = CARTESIAN_POINT('',(76.,55.,218.4));
#9018 = VECTOR('',#9019,1.);
#9019 = DIRECTION('',(-1.,0.,0.));
#9020 = ORIENTED_EDGE('',*,*,#9021,.F.);
#9021 = EDGE_CURVE('',#9022,#9014,#9024,.T.);
#9022 = VERTEX_POINT('',#9023);
#9023 = CARTESIAN_POINT('',(76.,25.5,218.4));
#9024 = LINE('',#9025,#9026);
#9025 = CARTESIAN_POINT('',(76.,-30.,218.4));
#9026 = VECTOR('',#9027,1.);
#9027 = DIRECTION('',(0.,1.,0.));
#9028 = ORIENTED_EDGE('',*,*,#9029,.T.);
#9029 = EDGE_CURVE('',#9022,#9030,#9032,.T.);
#9030 = VERTEX_POINT('',#9031);
#9031 = CARTESIAN_POINT('',(72.,25.5,218.4));
#9032 = LINE('',#9033,#9034);
#9033 = CARTESIAN_POINT('',(76.5,25.5,218.4));
#9034 = VECTOR('',#9035,1.);
#9035 = DIRECTION('',(-1.,0.,0.));
#9036 = ORIENTED_EDGE('',*,*,#9037,.F.);
#9037 = EDGE_CURVE('',#9038,#9030,#9040,.T.);
#9038 = VERTEX_POINT('',#9039);
#9039 = CARTESIAN_POINT('',(72.,12.5,218.4));
#9040 = LINE('',#9041,#9042);
#9041 = CARTESIAN_POINT('',(72.,12.5,218.4));
#9042 = VECTOR('',#9043,1.);
#9043 = DIRECTION('',(0.,1.,0.));
#9044 = ORIENTED_EDGE('',*,*,#9045,.F.);
#9045 = EDGE_CURVE('',#9046,#9038,#9048,.T.);
#9046 = VERTEX_POINT('',#9047);
#9047 = CARTESIAN_POINT('',(74.,12.5,218.4));
#9048 = LINE('',#9049,#9050);
#9049 = CARTESIAN_POINT('',(76.5,12.5,218.4));
#9050 = VECTOR('',#9051,1.);
#9051 = DIRECTION('',(-1.,0.,0.));
#9052 = ORIENTED_EDGE('',*,*,#9053,.F.);
#9053 = EDGE_CURVE('',#9054,#9046,#9056,.T.);
#9054 = VERTEX_POINT('',#9055);
#9055 = CARTESIAN_POINT('',(74.,5.7,218.4));
#9056 = LINE('',#9057,#9058);
#9057 = CARTESIAN_POINT('',(74.,5.7,218.4));
#9058 = VECTOR('',#9059,1.);
#9059 = DIRECTION('',(0.,1.,0.));
#9060 = ORIENTED_EDGE('',*,*,#9061,.F.);
#9061 = EDGE_CURVE('',#9062,#9054,#9064,.T.);
#9062 = VERTEX_POINT('',#9063);
#9063 = CARTESIAN_POINT('',(76.,5.7,218.4));
#9064 = LINE('',#9065,#9066);
#9065 = CARTESIAN_POINT('',(77.,5.7,218.4));
#9066 = VECTOR('',#9067,1.);
#9067 = DIRECTION('',(-1.,0.,0.));
#9068 = ORIENTED_EDGE('',*,*,#9069,.F.);
#9069 = EDGE_CURVE('',#9070,#9062,#9072,.T.);
#9070 = VERTEX_POINT('',#9071);
#9071 = CARTESIAN_POINT('',(76.,-0.7,218.4));
#9072 = LINE('',#9073,#9074);
#9073 = CARTESIAN_POINT('',(76.,-30.,218.4));
#9074 = VECTOR('',#9075,1.);
#9075 = DIRECTION('',(0.,1.,0.));
#9076 = ORIENTED_EDGE('',*,*,#9077,.T.);
#9077 = EDGE_CURVE('',#9070,#9078,#9080,.T.);
#9078 = VERTEX_POINT('',#9079);
#9079 = CARTESIAN_POINT('',(74.,-0.7,218.4));
#9080 = LINE('',#9081,#9082);
#9081 = CARTESIAN_POINT('',(77.,-0.7,218.4));
#9082 = VECTOR('',#9083,1.);
#9083 = DIRECTION('',(-1.,0.,0.));
#9084 = ORIENTED_EDGE('',*,*,#9085,.F.);
#9085 = EDGE_CURVE('',#9086,#9078,#9088,.T.);
#9086 = VERTEX_POINT('',#9087);
#9087 = CARTESIAN_POINT('',(74.,-7.7,218.4));
#9088 = LINE('',#9089,#9090);
#9089 = CARTESIAN_POINT('',(74.,-7.7,218.4));
#9090 = VECTOR('',#9091,1.);
#9091 = DIRECTION('',(0.,1.,0.));
#9092 = ORIENTED_EDGE('',*,*,#9093,.F.);
#9093 = EDGE_CURVE('',#9094,#9086,#9096,.T.);
#9094 = VERTEX_POINT('',#9095);
#9095 = CARTESIAN_POINT('',(76.,-7.7,218.4));
#9096 = LINE('',#9097,#9098);
#9097 = CARTESIAN_POINT('',(77.,-7.7,218.4));
#9098 = VECTOR('',#9099,1.);
#9099 = DIRECTION('',(-1.,0.,0.));
#9100 = ORIENTED_EDGE('',*,*,#9101,.F.);
#9101 = EDGE_CURVE('',#9102,#9094,#9104,.T.);
#9102 = VERTEX_POINT('',#9103);
#9103 = CARTESIAN_POINT('',(76.,-14.3,218.4));
#9104 = LINE('',#9105,#9106);
#9105 = CARTESIAN_POINT('',(76.,-30.,218.4));
#9106 = VECTOR('',#9107,1.);
#9107 = DIRECTION('',(0.,1.,0.));
#9108 = ORIENTED_EDGE('',*,*,#9109,.T.);
#9109 = EDGE_CURVE('',#9102,#9110,#9112,.T.);
#9110 = VERTEX_POINT('',#9111);
#9111 = CARTESIAN_POINT('',(74.5,-14.3,218.4));
#9112 = LINE('',#9113,#9114);
#9113 = CARTESIAN_POINT('',(77.5,-14.3,218.4));
#9114 = VECTOR('',#9115,1.);
#9115 = DIRECTION('',(-1.,0.,0.));
#9116 = ORIENTED_EDGE('',*,*,#9117,.F.);
#9117 = EDGE_CURVE('',#9118,#9110,#9120,.T.);
#9118 = VERTEX_POINT('',#9119);
#9119 = CARTESIAN_POINT('',(74.5,-23.3,218.4));
#9120 = LINE('',#9121,#9122);
#9121 = CARTESIAN_POINT('',(74.5,-23.3,218.4));
#9122 = VECTOR('',#9123,1.);
#9123 = DIRECTION('',(0.,1.,0.));
#9124 = ORIENTED_EDGE('',*,*,#9125,.F.);
#9125 = EDGE_CURVE('',#8908,#9118,#9126,.T.);
#9126 = LINE('',#9127,#9128);
#9127 = CARTESIAN_POINT('',(77.5,-23.3,218.4));
#9128 = VECTOR('',#9129,1.);
#9129 = DIRECTION('',(-1.,0.,0.));
#9130 = FACE_BOUND('',#9131,.T.);
#9131 = EDGE_LOOP('',(#9132));
#9132 = ORIENTED_EDGE('',*,*,#9133,.F.);
#9133 = EDGE_CURVE('',#9134,#9134,#9136,.T.);
#9134 = VERTEX_POINT('',#9135);
#9135 = CARTESIAN_POINT('',(71.15,-26.5,218.4));
#9136 = CIRCLE('',#9137,1.35);
#9137 = AXIS2_PLACEMENT_3D('',#9138,#9139,#9140);
#9138 = CARTESIAN_POINT('',(72.5,-26.5,218.4));
#9139 = DIRECTION('',(0.,0.,-1.));
#9140 = DIRECTION('',(-1.,0.,0.));
#9141 = FACE_BOUND('',#9142,.T.);
#9142 = EDGE_LOOP('',(#9143,#9153,#9161,#9169));
#9143 = ORIENTED_EDGE('',*,*,#9144,.F.);
#9144 = EDGE_CURVE('',#9145,#9147,#9149,.T.);
#9145 = VERTEX_POINT('',#9146);
#9146 = CARTESIAN_POINT('',(66.,-8.,218.4));
#9147 = VERTEX_POINT('',#9148);
#9148 = CARTESIAN_POINT('',(49.,-8.,218.4));
#9149 = LINE('',#9150,#9151);
#9150 = CARTESIAN_POINT('',(66.,-8.,218.4));
#9151 = VECTOR('',#9152,1.);
#9152 = DIRECTION('',(-1.,0.,0.));
#9153 = ORIENTED_EDGE('',*,*,#9154,.T.);
#9154 = EDGE_CURVE('',#9145,#9155,#9157,.T.);
#9155 = VERTEX_POINT('',#9156);
#9156 = CARTESIAN_POINT('',(66.,9.,218.4));
#9157 = LINE('',#9158,#9159);
#9158 = CARTESIAN_POINT('',(66.,-8.,218.4));
#9159 = VECTOR('',#9160,1.);
#9160 = DIRECTION('',(0.,1.,0.));
#9161 = ORIENTED_EDGE('',*,*,#9162,.T.);
#9162 = EDGE_CURVE('',#9155,#9163,#9165,.T.);
#9163 = VERTEX_POINT('',#9164);
#9164 = CARTESIAN_POINT('',(49.,9.,218.4));
#9165 = LINE('',#9166,#9167);
#9166 = CARTESIAN_POINT('',(66.,9.,218.4));
#9167 = VECTOR('',#9168,1.);
#9168 = DIRECTION('',(-1.,0.,0.));
#9169 = ORIENTED_EDGE('',*,*,#9170,.F.);
#9170 = EDGE_CURVE('',#9147,#9163,#9171,.T.);
#9171 = LINE('',#9172,#9173);
#9172 = CARTESIAN_POINT('',(49.,-8.,218.4));
#9173 = VECTOR('',#9174,1.);
#9174 = DIRECTION('',(0.,1.,0.));
#9175 = FACE_BOUND('',#9176,.T.);
#9176 = EDGE_LOOP('',(#9177));
#9177 = ORIENTED_EDGE('',*,*,#9178,.F.);
#9178 = EDGE_CURVE('',#9179,#9179,#9181,.T.);
#9179 = VERTEX_POINT('',#9180);
#9180 = CARTESIAN_POINT('',(22.15,-26.5,218.4));
#9181 = CIRCLE('',#9182,1.35);
#9182 = AXIS2_PLACEMENT_3D('',#9183,#9184,#9185);
#9183 = CARTESIAN_POINT('',(23.5,-26.5,218.4));
#9184 = DIRECTION('',(0.,0.,-1.));
#9185 = DIRECTION('',(-1.,0.,0.));
#9186 = FACE_BOUND('',#9187,.T.);
#9187 = EDGE_LOOP('',(#9188));
#9188 = ORIENTED_EDGE('',*,*,#9189,.F.);
#9189 = EDGE_CURVE('',#9190,#9190,#9192,.T.);
#9190 = VERTEX_POINT('',#9191);
#9191 = CARTESIAN_POINT('',(71.15,31.5,218.4));
#9192 = CIRCLE('',#9193,1.35);
#9193 = AXIS2_PLACEMENT_3D('',#9194,#9195,#9196);
#9194 = CARTESIAN_POINT('',(72.5,31.5,218.4));
#9195 = DIRECTION('',(0.,0.,-1.));
#9196 = DIRECTION('',(-1.,0.,0.));
#9197 = FACE_BOUND('',#9198,.T.);
#9198 = EDGE_LOOP('',(#9199,#9209,#9217,#9225));
#9199 = ORIENTED_EDGE('',*,*,#9200,.F.);
#9200 = EDGE_CURVE('',#9201,#9203,#9205,.T.);
#9201 = VERTEX_POINT('',#9202);
#9202 = CARTESIAN_POINT('',(28.6,-22.9,218.4));
#9203 = VERTEX_POINT('',#9204);
#9204 = CARTESIAN_POINT('',(21.,-22.9,218.4));
#9205 = LINE('',#9206,#9207);
#9206 = CARTESIAN_POINT('',(28.6,-22.9,218.4));
#9207 = VECTOR('',#9208,1.);
#9208 = DIRECTION('',(-1.,0.,0.));
#9209 = ORIENTED_EDGE('',*,*,#9210,.T.);
#9210 = EDGE_CURVE('',#9201,#9211,#9213,.T.);
#9211 = VERTEX_POINT('',#9212);
#9212 = CARTESIAN_POINT('',(28.6,27.9,218.4));
#9213 = LINE('',#9214,#9215);
#9214 = CARTESIAN_POINT('',(28.6,-22.9,218.4));
#9215 = VECTOR('',#9216,1.);
#9216 = DIRECTION('',(0.,1.,0.));
#9217 = ORIENTED_EDGE('',*,*,#9218,.T.);
#9218 = EDGE_CURVE('',#9211,#9219,#9221,.T.);
#9219 = VERTEX_POINT('',#9220);
#9220 = CARTESIAN_POINT('',(21.,27.9,218.4));
#9221 = LINE('',#9222,#9223);
#9222 = CARTESIAN_POINT('',(28.6,27.9,218.4));
#9223 = VECTOR('',#9224,1.);
#9224 = DIRECTION('',(-1.,0.,0.));
#9225 = ORIENTED_EDGE('',*,*,#9226,.F.);
#9226 = EDGE_CURVE('',#9203,#9219,#9227,.T.);
#9227 = LINE('',#9228,#9229);
#9228 = CARTESIAN_POINT('',(21.,-22.9,218.4));
#9229 = VECTOR('',#9230,1.);
#9230 = DIRECTION('',(0.,1.,0.));
#9231 = FACE_BOUND('',#9232,.T.);
#9232 = EDGE_LOOP('',(#9233));
#9233 = ORIENTED_EDGE('',*,*,#9234,.F.);
#9234 = EDGE_CURVE('',#9235,#9235,#9237,.T.);
#9235 = VERTEX_POINT('',#9236);
#9236 = CARTESIAN_POINT('',(22.15,31.5,218.4));
#9237 = CIRCLE('',#9238,1.35);
#9238 = AXIS2_PLACEMENT_3D('',#9239,#9240,#9241);
#9239 = CARTESIAN_POINT('',(23.5,31.5,218.4));
#9240 = DIRECTION('',(0.,0.,-1.));
#9241 = DIRECTION('',(-1.,0.,0.));
#9242 = PLANE('',#9243);
#9243 = AXIS2_PLACEMENT_3D('',#9244,#9245,#9246);
#9244 = CARTESIAN_POINT('',(76.,-30.,218.4));
#9245 = DIRECTION('',(0.,0.,-1.));
#9246 = DIRECTION('',(-1.,0.,0.));
#9247 = ADVANCED_FACE('',(#9248),#9296,.F.);
#9248 = FACE_BOUND('',#9249,.F.);
#9249 = EDGE_LOOP('',(#9250,#9251,#9252,#9258,#9259,#9267,#9275,#9281,
    #9282,#9288,#9289,#9295));
#9250 = ORIENTED_EDGE('',*,*,#8778,.F.);
#9251 = ORIENTED_EDGE('',*,*,#8808,.T.);
#9252 = ORIENTED_EDGE('',*,*,#9253,.T.);
#9253 = EDGE_CURVE('',#8809,#9014,#9254,.T.);
#9254 = LINE('',#9255,#9256);
#9255 = CARTESIAN_POINT('',(76.,55.,220.));
#9256 = VECTOR('',#9257,1.);
#9257 = DIRECTION('',(0.,0.,-1.));
#9258 = ORIENTED_EDGE('',*,*,#9021,.F.);
#9259 = ORIENTED_EDGE('',*,*,#9260,.F.);
#9260 = EDGE_CURVE('',#9261,#9022,#9263,.T.);
#9261 = VERTEX_POINT('',#9262);
#9262 = CARTESIAN_POINT('',(76.,12.7,218.4));
#9263 = LINE('',#9264,#9265);
#9264 = CARTESIAN_POINT('',(76.,-30.,218.4));
#9265 = VECTOR('',#9266,1.);
#9266 = DIRECTION('',(0.,1.,0.));
#9267 = ORIENTED_EDGE('',*,*,#9268,.F.);
#9268 = EDGE_CURVE('',#9269,#9261,#9271,.T.);
#9269 = VERTEX_POINT('',#9270);
#9270 = CARTESIAN_POINT('',(76.,12.5,218.4));
#9271 = LINE('',#9272,#9273);
#9272 = CARTESIAN_POINT('',(76.,-30.,218.4));
#9273 = VECTOR('',#9274,1.);
#9274 = DIRECTION('',(0.,1.,0.));
#9275 = ORIENTED_EDGE('',*,*,#9276,.F.);
#9276 = EDGE_CURVE('',#9062,#9269,#9277,.T.);
#9277 = LINE('',#9278,#9279);
#9278 = CARTESIAN_POINT('',(76.,-30.,218.4));
#9279 = VECTOR('',#9280,1.);
#9280 = DIRECTION('',(0.,1.,0.));
#9281 = ORIENTED_EDGE('',*,*,#9069,.F.);
#9282 = ORIENTED_EDGE('',*,*,#9283,.F.);
#9283 = EDGE_CURVE('',#9094,#9070,#9284,.T.);
#9284 = LINE('',#9285,#9286);
#9285 = CARTESIAN_POINT('',(76.,-30.,218.4));
#9286 = VECTOR('',#9287,1.);
#9287 = DIRECTION('',(0.,1.,0.));
#9288 = ORIENTED_EDGE('',*,*,#9101,.F.);
#9289 = ORIENTED_EDGE('',*,*,#9290,.F.);
#9290 = EDGE_CURVE('',#8908,#9102,#9291,.T.);
#9291 = LINE('',#9292,#9293);
#9292 = CARTESIAN_POINT('',(76.,-30.,218.4));
#9293 = VECTOR('',#9294,1.);
#9294 = DIRECTION('',(0.,1.,0.));
#9295 = ORIENTED_EDGE('',*,*,#8907,.F.);
#9296 = PLANE('',#9297);
#9297 = AXIS2_PLACEMENT_3D('',#9298,#9299,#9300);
#9298 = CARTESIAN_POINT('',(76.,-30.,220.));
#9299 = DIRECTION('',(-1.,0.,0.));
#9300 = DIRECTION('',(0.,1.,0.));
#9301 = ADVANCED_FACE('',(#9302),#9329,.T.);
#9302 = FACE_BOUND('',#9303,.T.);
#9303 = EDGE_LOOP('',(#9304,#9305,#9306,#9307,#9313,#9314,#9320,#9321,
    #9327,#9328));
#9304 = ORIENTED_EDGE('',*,*,#8825,.F.);
#9305 = ORIENTED_EDGE('',*,*,#9253,.T.);
#9306 = ORIENTED_EDGE('',*,*,#9013,.T.);
#9307 = ORIENTED_EDGE('',*,*,#9308,.T.);
#9308 = EDGE_CURVE('',#9006,#8982,#9309,.T.);
#9309 = LINE('',#9310,#9311);
#9310 = CARTESIAN_POINT('',(76.,55.,218.4));
#9311 = VECTOR('',#9312,1.);
#9312 = DIRECTION('',(-1.,0.,0.));
#9313 = ORIENTED_EDGE('',*,*,#8981,.T.);
#9314 = ORIENTED_EDGE('',*,*,#9315,.T.);
#9315 = EDGE_CURVE('',#8974,#8950,#9316,.T.);
#9316 = LINE('',#9317,#9318);
#9317 = CARTESIAN_POINT('',(76.,55.,218.4));
#9318 = VECTOR('',#9319,1.);
#9319 = DIRECTION('',(-1.,0.,0.));
#9320 = ORIENTED_EDGE('',*,*,#8949,.T.);
#9321 = ORIENTED_EDGE('',*,*,#9322,.T.);
#9322 = EDGE_CURVE('',#8942,#8918,#9323,.T.);
#9323 = LINE('',#9324,#9325);
#9324 = CARTESIAN_POINT('',(76.,55.,218.4));
#9325 = VECTOR('',#9326,1.);
#9326 = DIRECTION('',(-1.,0.,0.));
#9327 = ORIENTED_EDGE('',*,*,#8917,.T.);
#9328 = ORIENTED_EDGE('',*,*,#8885,.F.);
#9329 = PLANE('',#9330);
#9330 = AXIS2_PLACEMENT_3D('',#9331,#9332,#9333);
#9331 = CARTESIAN_POINT('',(76.,55.,220.));
#9332 = DIRECTION('',(0.,1.,0.));
#9333 = DIRECTION('',(-1.,0.,0.));
#9334 = ADVANCED_FACE('',(#9335),#9346,.F.);
#9335 = FACE_BOUND('',#9336,.F.);
#9336 = EDGE_LOOP('',(#9337,#9338,#9344,#9345));
#9337 = ORIENTED_EDGE('',*,*,#9133,.F.);
#9338 = ORIENTED_EDGE('',*,*,#9339,.F.);
#9339 = EDGE_CURVE('',#8834,#9134,#9340,.T.);
#9340 = LINE('',#9341,#9342);
#9341 = CARTESIAN_POINT('',(71.15,-26.5,220.5));
#9342 = VECTOR('',#9343,1.);
#9343 = DIRECTION('',(0.,0.,-1.));
#9344 = ORIENTED_EDGE('',*,*,#8833,.T.);
#9345 = ORIENTED_EDGE('',*,*,#9339,.T.);
#9346 = CYLINDRICAL_SURFACE('',#9347,1.35);
#9347 = AXIS2_PLACEMENT_3D('',#9348,#9349,#9350);
#9348 = CARTESIAN_POINT('',(72.5,-26.5,220.5));
#9349 = DIRECTION('',(0.,0.,-1.));
#9350 = DIRECTION('',(-1.,0.,0.));
#9351 = ADVANCED_FACE('',(#9352),#9363,.F.);
#9352 = FACE_BOUND('',#9353,.F.);
#9353 = EDGE_LOOP('',(#9354,#9355,#9361,#9362));
#9354 = ORIENTED_EDGE('',*,*,#9178,.F.);
#9355 = ORIENTED_EDGE('',*,*,#9356,.F.);
#9356 = EDGE_CURVE('',#8845,#9179,#9357,.T.);
#9357 = LINE('',#9358,#9359);
#9358 = CARTESIAN_POINT('',(22.15,-26.5,220.5));
#9359 = VECTOR('',#9360,1.);
#9360 = DIRECTION('',(0.,0.,-1.));
#9361 = ORIENTED_EDGE('',*,*,#8844,.T.);
#9362 = ORIENTED_EDGE('',*,*,#9356,.T.);
#9363 = CYLINDRICAL_SURFACE('',#9364,1.35);
#9364 = AXIS2_PLACEMENT_3D('',#9365,#9366,#9367);
#9365 = CARTESIAN_POINT('',(23.5,-26.5,220.5));
#9366 = DIRECTION('',(0.,0.,-1.));
#9367 = DIRECTION('',(-1.,0.,0.));
#9368 = ADVANCED_FACE('',(#9369),#9380,.F.);
#9369 = FACE_BOUND('',#9370,.F.);
#9370 = EDGE_LOOP('',(#9371,#9372,#9378,#9379));
#9371 = ORIENTED_EDGE('',*,*,#9189,.F.);
#9372 = ORIENTED_EDGE('',*,*,#9373,.F.);
#9373 = EDGE_CURVE('',#8856,#9190,#9374,.T.);
#9374 = LINE('',#9375,#9376);
#9375 = CARTESIAN_POINT('',(71.15,31.5,220.5));
#9376 = VECTOR('',#9377,1.);
#9377 = DIRECTION('',(0.,0.,-1.));
#9378 = ORIENTED_EDGE('',*,*,#8855,.T.);
#9379 = ORIENTED_EDGE('',*,*,#9373,.T.);
#9380 = CYLINDRICAL_SURFACE('',#9381,1.35);
#9381 = AXIS2_PLACEMENT_3D('',#9382,#9383,#9384);
#9382 = CARTESIAN_POINT('',(72.5,31.5,220.5));
#9383 = DIRECTION('',(0.,0.,-1.));
#9384 = DIRECTION('',(-1.,0.,0.));
#9385 = ADVANCED_FACE('',(#9386),#9397,.F.);
#9386 = FACE_BOUND('',#9387,.F.);
#9387 = EDGE_LOOP('',(#9388,#9389,#9395,#9396));
#9388 = ORIENTED_EDGE('',*,*,#9234,.F.);
#9389 = ORIENTED_EDGE('',*,*,#9390,.F.);
#9390 = EDGE_CURVE('',#8867,#9235,#9391,.T.);
#9391 = LINE('',#9392,#9393);
#9392 = CARTESIAN_POINT('',(22.15,31.5,220.5));
#9393 = VECTOR('',#9394,1.);
#9394 = DIRECTION('',(0.,0.,-1.));
#9395 = ORIENTED_EDGE('',*,*,#8866,.T.);
#9396 = ORIENTED_EDGE('',*,*,#9390,.T.);
#9397 = CYLINDRICAL_SURFACE('',#9398,1.35);
#9398 = AXIS2_PLACEMENT_3D('',#9399,#9400,#9401);
#9399 = CARTESIAN_POINT('',(23.5,31.5,220.5));
#9400 = DIRECTION('',(0.,0.,-1.));
#9401 = DIRECTION('',(-1.,0.,0.));
#9402 = ADVANCED_FACE('',(#9403),#9436,.F.);
#9403 = FACE_BOUND('',#9404,.F.);
#9404 = EDGE_LOOP('',(#9405,#9413,#9421,#9429,#9435));
#9405 = ORIENTED_EDGE('',*,*,#9406,.F.);
#9406 = EDGE_CURVE('',#9407,#8908,#9409,.T.);
#9407 = VERTEX_POINT('',#9408);
#9408 = CARTESIAN_POINT('',(77.5,-23.3,218.4));
#9409 = LINE('',#9410,#9411);
#9410 = CARTESIAN_POINT('',(77.5,-23.3,218.4));
#9411 = VECTOR('',#9412,1.);
#9412 = DIRECTION('',(-1.,0.,0.));
#9413 = ORIENTED_EDGE('',*,*,#9414,.T.);
#9414 = EDGE_CURVE('',#9407,#9415,#9417,.T.);
#9415 = VERTEX_POINT('',#9416);
#9416 = CARTESIAN_POINT('',(77.5,-23.3,215.2));
#9417 = LINE('',#9418,#9419);
#9418 = CARTESIAN_POINT('',(77.5,-23.3,218.4));
#9419 = VECTOR('',#9420,1.);
#9420 = DIRECTION('',(0.,0.,-1.));
#9421 = ORIENTED_EDGE('',*,*,#9422,.T.);
#9422 = EDGE_CURVE('',#9415,#9423,#9425,.T.);
#9423 = VERTEX_POINT('',#9424);
#9424 = CARTESIAN_POINT('',(74.5,-23.3,215.2));
#9425 = LINE('',#9426,#9427);
#9426 = CARTESIAN_POINT('',(77.5,-23.3,215.2));
#9427 = VECTOR('',#9428,1.);
#9428 = DIRECTION('',(-1.,0.,0.));
#9429 = ORIENTED_EDGE('',*,*,#9430,.F.);
#9430 = EDGE_CURVE('',#9118,#9423,#9431,.T.);
#9431 = LINE('',#9432,#9433);
#9432 = CARTESIAN_POINT('',(74.5,-23.3,218.4));
#9433 = VECTOR('',#9434,1.);
#9434 = DIRECTION('',(0.,0.,-1.));
#9435 = ORIENTED_EDGE('',*,*,#9125,.F.);
#9436 = PLANE('',#9437);
#9437 = AXIS2_PLACEMENT_3D('',#9438,#9439,#9440);
#9438 = CARTESIAN_POINT('',(77.5,-23.3,218.4));
#9439 = DIRECTION('',(0.,1.,0.));
#9440 = DIRECTION('',(-1.,0.,0.));
#9441 = ADVANCED_FACE('',(#9442),#9460,.T.);
#9442 = FACE_BOUND('',#9443,.T.);
#9443 = EDGE_LOOP('',(#9444,#9445,#9446,#9454));
#9444 = ORIENTED_EDGE('',*,*,#9430,.F.);
#9445 = ORIENTED_EDGE('',*,*,#9117,.T.);
#9446 = ORIENTED_EDGE('',*,*,#9447,.T.);
#9447 = EDGE_CURVE('',#9110,#9448,#9450,.T.);
#9448 = VERTEX_POINT('',#9449);
#9449 = CARTESIAN_POINT('',(74.5,-14.3,215.2));
#9450 = LINE('',#9451,#9452);
#9451 = CARTESIAN_POINT('',(74.5,-14.3,218.4));
#9452 = VECTOR('',#9453,1.);
#9453 = DIRECTION('',(0.,0.,-1.));
#9454 = ORIENTED_EDGE('',*,*,#9455,.F.);
#9455 = EDGE_CURVE('',#9423,#9448,#9456,.T.);
#9456 = LINE('',#9457,#9458);
#9457 = CARTESIAN_POINT('',(74.5,-23.3,215.2));
#9458 = VECTOR('',#9459,1.);
#9459 = DIRECTION('',(0.,1.,0.));
#9460 = PLANE('',#9461);
#9461 = AXIS2_PLACEMENT_3D('',#9462,#9463,#9464);
#9462 = CARTESIAN_POINT('',(74.5,-23.3,218.4));
#9463 = DIRECTION('',(-1.,0.,0.));
#9464 = DIRECTION('',(0.,1.,0.));
#9465 = ADVANCED_FACE('',(#9466),#9492,.T.);
#9466 = FACE_BOUND('',#9467,.T.);
#9467 = EDGE_LOOP('',(#9468,#9476,#9484,#9490,#9491));
#9468 = ORIENTED_EDGE('',*,*,#9469,.F.);
#9469 = EDGE_CURVE('',#9470,#9102,#9472,.T.);
#9470 = VERTEX_POINT('',#9471);
#9471 = CARTESIAN_POINT('',(77.5,-14.3,218.4));
#9472 = LINE('',#9473,#9474);
#9473 = CARTESIAN_POINT('',(77.5,-14.3,218.4));
#9474 = VECTOR('',#9475,1.);
#9475 = DIRECTION('',(-1.,0.,0.));
#9476 = ORIENTED_EDGE('',*,*,#9477,.T.);
#9477 = EDGE_CURVE('',#9470,#9478,#9480,.T.);
#9478 = VERTEX_POINT('',#9479);
#9479 = CARTESIAN_POINT('',(77.5,-14.3,215.2));
#9480 = LINE('',#9481,#9482);
#9481 = CARTESIAN_POINT('',(77.5,-14.3,218.4));
#9482 = VECTOR('',#9483,1.);
#9483 = DIRECTION('',(0.,0.,-1.));
#9484 = ORIENTED_EDGE('',*,*,#9485,.T.);
#9485 = EDGE_CURVE('',#9478,#9448,#9486,.T.);
#9486 = LINE('',#9487,#9488);
#9487 = CARTESIAN_POINT('',(77.5,-14.3,215.2));
#9488 = VECTOR('',#9489,1.);
#9489 = DIRECTION('',(-1.,0.,0.));
#9490 = ORIENTED_EDGE('',*,*,#9447,.F.);
#9491 = ORIENTED_EDGE('',*,*,#9109,.F.);
#9492 = PLANE('',#9493);
#9493 = AXIS2_PLACEMENT_3D('',#9494,#9495,#9496);
#9494 = CARTESIAN_POINT('',(77.5,-14.3,218.4));
#9495 = DIRECTION('',(0.,1.,0.));
#9496 = DIRECTION('',(-1.,0.,0.));
#9497 = ADVANCED_FACE('',(#9498),#9531,.T.);
#9498 = FACE_BOUND('',#9499,.T.);
#9499 = EDGE_LOOP('',(#9500,#9508,#9509,#9517,#9525));
#9500 = ORIENTED_EDGE('',*,*,#9501,.F.);
#9501 = EDGE_CURVE('',#8926,#9502,#9504,.T.);
#9502 = VERTEX_POINT('',#9503);
#9503 = CARTESIAN_POINT('',(24.4,53.,202.4));
#9504 = LINE('',#9505,#9506);
#9505 = CARTESIAN_POINT('',(24.4,53.,218.4));
#9506 = VECTOR('',#9507,1.);
#9507 = DIRECTION('',(0.,0.,-1.));
#9508 = ORIENTED_EDGE('',*,*,#8925,.T.);
#9509 = ORIENTED_EDGE('',*,*,#9510,.T.);
#9510 = EDGE_CURVE('',#8918,#9511,#9513,.T.);
#9511 = VERTEX_POINT('',#9512);
#9512 = CARTESIAN_POINT('',(24.4,59.5,218.4));
#9513 = LINE('',#9514,#9515);
#9514 = CARTESIAN_POINT('',(24.4,53.,218.4));
#9515 = VECTOR('',#9516,1.);
#9516 = DIRECTION('',(0.,1.,0.));
#9517 = ORIENTED_EDGE('',*,*,#9518,.T.);
#9518 = EDGE_CURVE('',#9511,#9519,#9521,.T.);
#9519 = VERTEX_POINT('',#9520);
#9520 = CARTESIAN_POINT('',(24.4,59.5,202.4));
#9521 = LINE('',#9522,#9523);
#9522 = CARTESIAN_POINT('',(24.4,59.5,218.4));
#9523 = VECTOR('',#9524,1.);
#9524 = DIRECTION('',(0.,0.,-1.));
#9525 = ORIENTED_EDGE('',*,*,#9526,.F.);
#9526 = EDGE_CURVE('',#9502,#9519,#9527,.T.);
#9527 = LINE('',#9528,#9529);
#9528 = CARTESIAN_POINT('',(24.4,53.,202.4));
#9529 = VECTOR('',#9530,1.);
#9530 = DIRECTION('',(0.,1.,0.));
#9531 = PLANE('',#9532);
#9532 = AXIS2_PLACEMENT_3D('',#9533,#9534,#9535);
#9533 = CARTESIAN_POINT('',(24.4,53.,218.4));
#9534 = DIRECTION('',(-1.,0.,0.));
#9535 = DIRECTION('',(0.,1.,0.));
#9536 = ADVANCED_FACE('',(#9537),#9555,.F.);
#9537 = FACE_BOUND('',#9538,.F.);
#9538 = EDGE_LOOP('',(#9539,#9540,#9548,#9554));
#9539 = ORIENTED_EDGE('',*,*,#8933,.F.);
#9540 = ORIENTED_EDGE('',*,*,#9541,.T.);
#9541 = EDGE_CURVE('',#8934,#9542,#9544,.T.);
#9542 = VERTEX_POINT('',#9543);
#9543 = CARTESIAN_POINT('',(37.6,53.,202.4));
#9544 = LINE('',#9545,#9546);
#9545 = CARTESIAN_POINT('',(37.6,53.,218.4));
#9546 = VECTOR('',#9547,1.);
#9547 = DIRECTION('',(0.,0.,-1.));
#9548 = ORIENTED_EDGE('',*,*,#9549,.T.);
#9549 = EDGE_CURVE('',#9542,#9502,#9550,.T.);
#9550 = LINE('',#9551,#9552);
#9551 = CARTESIAN_POINT('',(37.6,53.,202.4));
#9552 = VECTOR('',#9553,1.);
#9553 = DIRECTION('',(-1.,0.,0.));
#9554 = ORIENTED_EDGE('',*,*,#9501,.F.);
#9555 = PLANE('',#9556);
#9556 = AXIS2_PLACEMENT_3D('',#9557,#9558,#9559);
#9557 = CARTESIAN_POINT('',(37.6,53.,218.4));
#9558 = DIRECTION('',(0.,1.,0.));
#9559 = DIRECTION('',(-1.,0.,0.));
#9560 = ADVANCED_FACE('',(#9561),#9594,.F.);
#9561 = FACE_BOUND('',#9562,.F.);
#9562 = EDGE_LOOP('',(#9563,#9571,#9579,#9587,#9593));
#9563 = ORIENTED_EDGE('',*,*,#9564,.F.);
#9564 = EDGE_CURVE('',#9565,#9094,#9567,.T.);
#9565 = VERTEX_POINT('',#9566);
#9566 = CARTESIAN_POINT('',(77.,-7.7,218.4));
#9567 = LINE('',#9568,#9569);
#9568 = CARTESIAN_POINT('',(77.,-7.7,218.4));
#9569 = VECTOR('',#9570,1.);
#9570 = DIRECTION('',(-1.,0.,0.));
#9571 = ORIENTED_EDGE('',*,*,#9572,.T.);
#9572 = EDGE_CURVE('',#9565,#9573,#9575,.T.);
#9573 = VERTEX_POINT('',#9574);
#9574 = CARTESIAN_POINT('',(77.,-7.7,215.4));
#9575 = LINE('',#9576,#9577);
#9576 = CARTESIAN_POINT('',(77.,-7.7,218.4));
#9577 = VECTOR('',#9578,1.);
#9578 = DIRECTION('',(0.,0.,-1.));
#9579 = ORIENTED_EDGE('',*,*,#9580,.T.);
#9580 = EDGE_CURVE('',#9573,#9581,#9583,.T.);
#9581 = VERTEX_POINT('',#9582);
#9582 = CARTESIAN_POINT('',(74.,-7.7,215.4));
#9583 = LINE('',#9584,#9585);
#9584 = CARTESIAN_POINT('',(77.,-7.7,215.4));
#9585 = VECTOR('',#9586,1.);
#9586 = DIRECTION('',(-1.,0.,0.));
#9587 = ORIENTED_EDGE('',*,*,#9588,.F.);
#9588 = EDGE_CURVE('',#9086,#9581,#9589,.T.);
#9589 = LINE('',#9590,#9591);
#9590 = CARTESIAN_POINT('',(74.,-7.7,218.4));
#9591 = VECTOR('',#9592,1.);
#9592 = DIRECTION('',(0.,0.,-1.));
#9593 = ORIENTED_EDGE('',*,*,#9093,.F.);
#9594 = PLANE('',#9595);
#9595 = AXIS2_PLACEMENT_3D('',#9596,#9597,#9598);
#9596 = CARTESIAN_POINT('',(77.,-7.7,218.4));
#9597 = DIRECTION('',(0.,1.,0.));
#9598 = DIRECTION('',(-1.,0.,0.));
#9599 = ADVANCED_FACE('',(#9600),#9626,.F.);
#9600 = FACE_BOUND('',#9601,.F.);
#9601 = EDGE_LOOP('',(#9602,#9603,#9604,#9612,#9620));
#9602 = ORIENTED_EDGE('',*,*,#9541,.F.);
#9603 = ORIENTED_EDGE('',*,*,#8941,.T.);
#9604 = ORIENTED_EDGE('',*,*,#9605,.T.);
#9605 = EDGE_CURVE('',#8942,#9606,#9608,.T.);
#9606 = VERTEX_POINT('',#9607);
#9607 = CARTESIAN_POINT('',(37.6,59.5,218.4));
#9608 = LINE('',#9609,#9610);
#9609 = CARTESIAN_POINT('',(37.6,53.,218.4));
#9610 = VECTOR('',#9611,1.);
#9611 = DIRECTION('',(0.,1.,0.));
#9612 = ORIENTED_EDGE('',*,*,#9613,.T.);
#9613 = EDGE_CURVE('',#9606,#9614,#9616,.T.);
#9614 = VERTEX_POINT('',#9615);
#9615 = CARTESIAN_POINT('',(37.6,59.5,202.4));
#9616 = LINE('',#9617,#9618);
#9617 = CARTESIAN_POINT('',(37.6,59.5,218.4));
#9618 = VECTOR('',#9619,1.);
#9619 = DIRECTION('',(0.,0.,-1.));
#9620 = ORIENTED_EDGE('',*,*,#9621,.F.);
#9621 = EDGE_CURVE('',#9542,#9614,#9622,.T.);
#9622 = LINE('',#9623,#9624);
#9623 = CARTESIAN_POINT('',(37.6,53.,202.4));
#9624 = VECTOR('',#9625,1.);
#9625 = DIRECTION('',(0.,1.,0.));
#9626 = PLANE('',#9627);
#9627 = AXIS2_PLACEMENT_3D('',#9628,#9629,#9630);
#9628 = CARTESIAN_POINT('',(37.6,53.,218.4));
#9629 = DIRECTION('',(-1.,0.,0.));
#9630 = DIRECTION('',(0.,1.,0.));
#9631 = ADVANCED_FACE('',(#9632),#9650,.T.);
#9632 = FACE_BOUND('',#9633,.T.);
#9633 = EDGE_LOOP('',(#9634,#9635,#9636,#9644));
#9634 = ORIENTED_EDGE('',*,*,#9588,.F.);
#9635 = ORIENTED_EDGE('',*,*,#9085,.T.);
#9636 = ORIENTED_EDGE('',*,*,#9637,.T.);
#9637 = EDGE_CURVE('',#9078,#9638,#9640,.T.);
#9638 = VERTEX_POINT('',#9639);
#9639 = CARTESIAN_POINT('',(74.,-0.7,215.4));
#9640 = LINE('',#9641,#9642);
#9641 = CARTESIAN_POINT('',(74.,-0.7,218.4));
#9642 = VECTOR('',#9643,1.);
#9643 = DIRECTION('',(0.,0.,-1.));
#9644 = ORIENTED_EDGE('',*,*,#9645,.F.);
#9645 = EDGE_CURVE('',#9581,#9638,#9646,.T.);
#9646 = LINE('',#9647,#9648);
#9647 = CARTESIAN_POINT('',(74.,-7.7,215.4));
#9648 = VECTOR('',#9649,1.);
#9649 = DIRECTION('',(0.,1.,0.));
#9650 = PLANE('',#9651);
#9651 = AXIS2_PLACEMENT_3D('',#9652,#9653,#9654);
#9652 = CARTESIAN_POINT('',(74.,-7.7,218.4));
#9653 = DIRECTION('',(-1.,0.,0.));
#9654 = DIRECTION('',(0.,1.,0.));
#9655 = ADVANCED_FACE('',(#9656),#9682,.T.);
#9656 = FACE_BOUND('',#9657,.T.);
#9657 = EDGE_LOOP('',(#9658,#9666,#9674,#9680,#9681));
#9658 = ORIENTED_EDGE('',*,*,#9659,.F.);
#9659 = EDGE_CURVE('',#9660,#9070,#9662,.T.);
#9660 = VERTEX_POINT('',#9661);
#9661 = CARTESIAN_POINT('',(77.,-0.7,218.4));
#9662 = LINE('',#9663,#9664);
#9663 = CARTESIAN_POINT('',(77.,-0.7,218.4));
#9664 = VECTOR('',#9665,1.);
#9665 = DIRECTION('',(-1.,0.,0.));
#9666 = ORIENTED_EDGE('',*,*,#9667,.T.);
#9667 = EDGE_CURVE('',#9660,#9668,#9670,.T.);
#9668 = VERTEX_POINT('',#9669);
#9669 = CARTESIAN_POINT('',(77.,-0.7,215.4));
#9670 = LINE('',#9671,#9672);
#9671 = CARTESIAN_POINT('',(77.,-0.7,218.4));
#9672 = VECTOR('',#9673,1.);
#9673 = DIRECTION('',(0.,0.,-1.));
#9674 = ORIENTED_EDGE('',*,*,#9675,.T.);
#9675 = EDGE_CURVE('',#9668,#9638,#9676,.T.);
#9676 = LINE('',#9677,#9678);
#9677 = CARTESIAN_POINT('',(77.,-0.7,215.4));
#9678 = VECTOR('',#9679,1.);
#9679 = DIRECTION('',(-1.,0.,0.));
#9680 = ORIENTED_EDGE('',*,*,#9637,.F.);
#9681 = ORIENTED_EDGE('',*,*,#9077,.F.);
#9682 = PLANE('',#9683);
#9683 = AXIS2_PLACEMENT_3D('',#9684,#9685,#9686);
#9684 = CARTESIAN_POINT('',(77.,-0.7,218.4));
#9685 = DIRECTION('',(0.,1.,0.));
#9686 = DIRECTION('',(-1.,0.,0.));
#9687 = ADVANCED_FACE('',(#9688),#9721,.T.);
#9688 = FACE_BOUND('',#9689,.T.);
#9689 = EDGE_LOOP('',(#9690,#9698,#9699,#9707,#9715));
#9690 = ORIENTED_EDGE('',*,*,#9691,.F.);
#9691 = EDGE_CURVE('',#8958,#9692,#9694,.T.);
#9692 = VERTEX_POINT('',#9693);
#9693 = CARTESIAN_POINT('',(42.4,53.,202.4));
#9694 = LINE('',#9695,#9696);
#9695 = CARTESIAN_POINT('',(42.4,53.,218.4));
#9696 = VECTOR('',#9697,1.);
#9697 = DIRECTION('',(0.,0.,-1.));
#9698 = ORIENTED_EDGE('',*,*,#8957,.T.);
#9699 = ORIENTED_EDGE('',*,*,#9700,.T.);
#9700 = EDGE_CURVE('',#8950,#9701,#9703,.T.);
#9701 = VERTEX_POINT('',#9702);
#9702 = CARTESIAN_POINT('',(42.4,59.5,218.4));
#9703 = LINE('',#9704,#9705);
#9704 = CARTESIAN_POINT('',(42.4,53.,218.4));
#9705 = VECTOR('',#9706,1.);
#9706 = DIRECTION('',(0.,1.,0.));
#9707 = ORIENTED_EDGE('',*,*,#9708,.T.);
#9708 = EDGE_CURVE('',#9701,#9709,#9711,.T.);
#9709 = VERTEX_POINT('',#9710);
#9710 = CARTESIAN_POINT('',(42.4,59.5,202.4));
#9711 = LINE('',#9712,#9713);
#9712 = CARTESIAN_POINT('',(42.4,59.5,218.4));
#9713 = VECTOR('',#9714,1.);
#9714 = DIRECTION('',(0.,0.,-1.));
#9715 = ORIENTED_EDGE('',*,*,#9716,.F.);
#9716 = EDGE_CURVE('',#9692,#9709,#9717,.T.);
#9717 = LINE('',#9718,#9719);
#9718 = CARTESIAN_POINT('',(42.4,53.,202.4));
#9719 = VECTOR('',#9720,1.);
#9720 = DIRECTION('',(0.,1.,0.));
#9721 = PLANE('',#9722);
#9722 = AXIS2_PLACEMENT_3D('',#9723,#9724,#9725);
#9723 = CARTESIAN_POINT('',(42.4,53.,218.4));
#9724 = DIRECTION('',(-1.,0.,0.));
#9725 = DIRECTION('',(0.,1.,0.));
#9726 = ADVANCED_FACE('',(#9727),#9745,.F.);
#9727 = FACE_BOUND('',#9728,.F.);
#9728 = EDGE_LOOP('',(#9729,#9730,#9738,#9744));
#9729 = ORIENTED_EDGE('',*,*,#8965,.F.);
#9730 = ORIENTED_EDGE('',*,*,#9731,.T.);
#9731 = EDGE_CURVE('',#8966,#9732,#9734,.T.);
#9732 = VERTEX_POINT('',#9733);
#9733 = CARTESIAN_POINT('',(55.6,53.,202.4));
#9734 = LINE('',#9735,#9736);
#9735 = CARTESIAN_POINT('',(55.6,53.,218.4));
#9736 = VECTOR('',#9737,1.);
#9737 = DIRECTION('',(0.,0.,-1.));
#9738 = ORIENTED_EDGE('',*,*,#9739,.T.);
#9739 = EDGE_CURVE('',#9732,#9692,#9740,.T.);
#9740 = LINE('',#9741,#9742);
#9741 = CARTESIAN_POINT('',(55.6,53.,202.4));
#9742 = VECTOR('',#9743,1.);
#9743 = DIRECTION('',(-1.,0.,0.));
#9744 = ORIENTED_EDGE('',*,*,#9691,.F.);
#9745 = PLANE('',#9746);
#9746 = AXIS2_PLACEMENT_3D('',#9747,#9748,#9749);
#9747 = CARTESIAN_POINT('',(55.6,53.,218.4));
#9748 = DIRECTION('',(0.,1.,0.));
#9749 = DIRECTION('',(-1.,0.,0.));
#9750 = ADVANCED_FACE('',(#9751),#9784,.F.);
#9751 = FACE_BOUND('',#9752,.F.);
#9752 = EDGE_LOOP('',(#9753,#9761,#9769,#9777,#9783));
#9753 = ORIENTED_EDGE('',*,*,#9754,.F.);
#9754 = EDGE_CURVE('',#9755,#9062,#9757,.T.);
#9755 = VERTEX_POINT('',#9756);
#9756 = CARTESIAN_POINT('',(77.,5.7,218.4));
#9757 = LINE('',#9758,#9759);
#9758 = CARTESIAN_POINT('',(77.,5.7,218.4));
#9759 = VECTOR('',#9760,1.);
#9760 = DIRECTION('',(-1.,0.,0.));
#9761 = ORIENTED_EDGE('',*,*,#9762,.T.);
#9762 = EDGE_CURVE('',#9755,#9763,#9765,.T.);
#9763 = VERTEX_POINT('',#9764);
#9764 = CARTESIAN_POINT('',(77.,5.7,215.4));
#9765 = LINE('',#9766,#9767);
#9766 = CARTESIAN_POINT('',(77.,5.7,218.4));
#9767 = VECTOR('',#9768,1.);
#9768 = DIRECTION('',(0.,0.,-1.));
#9769 = ORIENTED_EDGE('',*,*,#9770,.T.);
#9770 = EDGE_CURVE('',#9763,#9771,#9773,.T.);
#9771 = VERTEX_POINT('',#9772);
#9772 = CARTESIAN_POINT('',(74.,5.7,215.4));
#9773 = LINE('',#9774,#9775);
#9774 = CARTESIAN_POINT('',(77.,5.7,215.4));
#9775 = VECTOR('',#9776,1.);
#9776 = DIRECTION('',(-1.,0.,0.));
#9777 = ORIENTED_EDGE('',*,*,#9778,.F.);
#9778 = EDGE_CURVE('',#9054,#9771,#9779,.T.);
#9779 = LINE('',#9780,#9781);
#9780 = CARTESIAN_POINT('',(74.,5.7,218.4));
#9781 = VECTOR('',#9782,1.);
#9782 = DIRECTION('',(0.,0.,-1.));
#9783 = ORIENTED_EDGE('',*,*,#9061,.F.);
#9784 = PLANE('',#9785);
#9785 = AXIS2_PLACEMENT_3D('',#9786,#9787,#9788);
#9786 = CARTESIAN_POINT('',(77.,5.7,218.4));
#9787 = DIRECTION('',(0.,1.,0.));
#9788 = DIRECTION('',(-1.,0.,0.));
#9789 = ADVANCED_FACE('',(#9790),#9816,.F.);
#9790 = FACE_BOUND('',#9791,.F.);
#9791 = EDGE_LOOP('',(#9792,#9793,#9794,#9802,#9810));
#9792 = ORIENTED_EDGE('',*,*,#9731,.F.);
#9793 = ORIENTED_EDGE('',*,*,#8973,.T.);
#9794 = ORIENTED_EDGE('',*,*,#9795,.T.);
#9795 = EDGE_CURVE('',#8974,#9796,#9798,.T.);
#9796 = VERTEX_POINT('',#9797);
#9797 = CARTESIAN_POINT('',(55.6,59.5,218.4));
#9798 = LINE('',#9799,#9800);
#9799 = CARTESIAN_POINT('',(55.6,53.,218.4));
#9800 = VECTOR('',#9801,1.);
#9801 = DIRECTION('',(0.,1.,0.));
#9802 = ORIENTED_EDGE('',*,*,#9803,.T.);
#9803 = EDGE_CURVE('',#9796,#9804,#9806,.T.);
#9804 = VERTEX_POINT('',#9805);
#9805 = CARTESIAN_POINT('',(55.6,59.5,202.4));
#9806 = LINE('',#9807,#9808);
#9807 = CARTESIAN_POINT('',(55.6,59.5,218.4));
#9808 = VECTOR('',#9809,1.);
#9809 = DIRECTION('',(0.,0.,-1.));
#9810 = ORIENTED_EDGE('',*,*,#9811,.F.);
#9811 = EDGE_CURVE('',#9732,#9804,#9812,.T.);
#9812 = LINE('',#9813,#9814);
#9813 = CARTESIAN_POINT('',(55.6,53.,202.4));
#9814 = VECTOR('',#9815,1.);
#9815 = DIRECTION('',(0.,1.,0.));
#9816 = PLANE('',#9817);
#9817 = AXIS2_PLACEMENT_3D('',#9818,#9819,#9820);
#9818 = CARTESIAN_POINT('',(55.6,53.,218.4));
#9819 = DIRECTION('',(-1.,0.,0.));
#9820 = DIRECTION('',(0.,1.,0.));
#9821 = ADVANCED_FACE('',(#9822),#9856,.T.);
#9822 = FACE_BOUND('',#9823,.T.);
#9823 = EDGE_LOOP('',(#9824,#9825,#9826,#9834,#9842,#9850));
#9824 = ORIENTED_EDGE('',*,*,#9778,.F.);
#9825 = ORIENTED_EDGE('',*,*,#9053,.T.);
#9826 = ORIENTED_EDGE('',*,*,#9827,.T.);
#9827 = EDGE_CURVE('',#9046,#9828,#9830,.T.);
#9828 = VERTEX_POINT('',#9829);
#9829 = CARTESIAN_POINT('',(74.,12.5,215.9));
#9830 = LINE('',#9831,#9832);
#9831 = CARTESIAN_POINT('',(74.,12.5,218.4));
#9832 = VECTOR('',#9833,1.);
#9833 = DIRECTION('',(0.,0.,-1.));
#9834 = ORIENTED_EDGE('',*,*,#9835,.F.);
#9835 = EDGE_CURVE('',#9836,#9828,#9838,.T.);
#9836 = VERTEX_POINT('',#9837);
#9837 = CARTESIAN_POINT('',(74.,12.7,215.9));
#9838 = LINE('',#9839,#9840);
#9839 = CARTESIAN_POINT('',(74.,9.1,215.9));
#9840 = VECTOR('',#9841,1.);
#9841 = DIRECTION('',(-0.,-1.,0.));
#9842 = ORIENTED_EDGE('',*,*,#9843,.T.);
#9843 = EDGE_CURVE('',#9836,#9844,#9846,.T.);
#9844 = VERTEX_POINT('',#9845);
#9845 = CARTESIAN_POINT('',(74.,12.7,215.4));
#9846 = LINE('',#9847,#9848);
#9847 = CARTESIAN_POINT('',(74.,12.7,218.4));
#9848 = VECTOR('',#9849,1.);
#9849 = DIRECTION('',(0.,0.,-1.));
#9850 = ORIENTED_EDGE('',*,*,#9851,.F.);
#9851 = EDGE_CURVE('',#9771,#9844,#9852,.T.);
#9852 = LINE('',#9853,#9854);
#9853 = CARTESIAN_POINT('',(74.,5.7,215.4));
#9854 = VECTOR('',#9855,1.);
#9855 = DIRECTION('',(0.,1.,0.));
#9856 = PLANE('',#9857);
#9857 = AXIS2_PLACEMENT_3D('',#9858,#9859,#9860);
#9858 = CARTESIAN_POINT('',(74.,5.7,218.4));
#9859 = DIRECTION('',(-1.,0.,0.));
#9860 = DIRECTION('',(0.,1.,0.));
#9861 = ADVANCED_FACE('',(#9862),#9880,.F.);
#9862 = FACE_BOUND('',#9863,.F.);
#9863 = EDGE_LOOP('',(#9864,#9865,#9866,#9874));
#9864 = ORIENTED_EDGE('',*,*,#9045,.F.);
#9865 = ORIENTED_EDGE('',*,*,#9827,.T.);
#9866 = ORIENTED_EDGE('',*,*,#9867,.T.);
#9867 = EDGE_CURVE('',#9828,#9868,#9870,.T.);
#9868 = VERTEX_POINT('',#9869);
#9869 = CARTESIAN_POINT('',(72.,12.5,215.9));
#9870 = LINE('',#9871,#9872);
#9871 = CARTESIAN_POINT('',(76.5,12.5,215.9));
#9872 = VECTOR('',#9873,1.);
#9873 = DIRECTION('',(-1.,0.,0.));
#9874 = ORIENTED_EDGE('',*,*,#9875,.F.);
#9875 = EDGE_CURVE('',#9038,#9868,#9876,.T.);
#9876 = LINE('',#9877,#9878);
#9877 = CARTESIAN_POINT('',(72.,12.5,218.4));
#9878 = VECTOR('',#9879,1.);
#9879 = DIRECTION('',(0.,0.,-1.));
#9880 = PLANE('',#9881);
#9881 = AXIS2_PLACEMENT_3D('',#9882,#9883,#9884);
#9882 = CARTESIAN_POINT('',(76.5,12.5,218.4));
#9883 = DIRECTION('',(0.,1.,0.));
#9884 = DIRECTION('',(-1.,0.,0.));
#9885 = ADVANCED_FACE('',(#9886),#9919,.T.);
#9886 = FACE_BOUND('',#9887,.T.);
#9887 = EDGE_LOOP('',(#9888,#9896,#9897,#9905,#9913));
#9888 = ORIENTED_EDGE('',*,*,#9889,.F.);
#9889 = EDGE_CURVE('',#8990,#9890,#9892,.T.);
#9890 = VERTEX_POINT('',#9891);
#9891 = CARTESIAN_POINT('',(57.75,33.5,204.9));
#9892 = LINE('',#9893,#9894);
#9893 = CARTESIAN_POINT('',(57.75,33.5,218.4));
#9894 = VECTOR('',#9895,1.);
#9895 = DIRECTION('',(0.,0.,-1.));
#9896 = ORIENTED_EDGE('',*,*,#8989,.T.);
#9897 = ORIENTED_EDGE('',*,*,#9898,.T.);
#9898 = EDGE_CURVE('',#8982,#9899,#9901,.T.);
#9899 = VERTEX_POINT('',#9900);
#9900 = CARTESIAN_POINT('',(57.75,58.,218.4));
#9901 = LINE('',#9902,#9903);
#9902 = CARTESIAN_POINT('',(57.75,33.5,218.4));
#9903 = VECTOR('',#9904,1.);
#9904 = DIRECTION('',(0.,1.,0.));
#9905 = ORIENTED_EDGE('',*,*,#9906,.T.);
#9906 = EDGE_CURVE('',#9899,#9907,#9909,.T.);
#9907 = VERTEX_POINT('',#9908);
#9908 = CARTESIAN_POINT('',(57.75,58.,204.9));
#9909 = LINE('',#9910,#9911);
#9910 = CARTESIAN_POINT('',(57.75,58.,218.4));
#9911 = VECTOR('',#9912,1.);
#9912 = DIRECTION('',(0.,0.,-1.));
#9913 = ORIENTED_EDGE('',*,*,#9914,.F.);
#9914 = EDGE_CURVE('',#9890,#9907,#9915,.T.);
#9915 = LINE('',#9916,#9917);
#9916 = CARTESIAN_POINT('',(57.75,33.5,204.9));
#9917 = VECTOR('',#9918,1.);
#9918 = DIRECTION('',(0.,1.,0.));
#9919 = PLANE('',#9920);
#9920 = AXIS2_PLACEMENT_3D('',#9921,#9922,#9923);
#9921 = CARTESIAN_POINT('',(57.75,33.5,218.4));
#9922 = DIRECTION('',(-1.,0.,0.));
#9923 = DIRECTION('',(0.,1.,0.));
#9924 = ADVANCED_FACE('',(#9925),#9943,.T.);
#9925 = FACE_BOUND('',#9926,.T.);
#9926 = EDGE_LOOP('',(#9927,#9928,#9929,#9937));
#9927 = ORIENTED_EDGE('',*,*,#9875,.F.);
#9928 = ORIENTED_EDGE('',*,*,#9037,.T.);
#9929 = ORIENTED_EDGE('',*,*,#9930,.T.);
#9930 = EDGE_CURVE('',#9030,#9931,#9933,.T.);
#9931 = VERTEX_POINT('',#9932);
#9932 = CARTESIAN_POINT('',(72.,25.5,215.9));
#9933 = LINE('',#9934,#9935);
#9934 = CARTESIAN_POINT('',(72.,25.5,218.4));
#9935 = VECTOR('',#9936,1.);
#9936 = DIRECTION('',(0.,0.,-1.));
#9937 = ORIENTED_EDGE('',*,*,#9938,.F.);
#9938 = EDGE_CURVE('',#9868,#9931,#9939,.T.);
#9939 = LINE('',#9940,#9941);
#9940 = CARTESIAN_POINT('',(72.,12.5,215.9));
#9941 = VECTOR('',#9942,1.);
#9942 = DIRECTION('',(0.,1.,0.));
#9943 = PLANE('',#9944);
#9944 = AXIS2_PLACEMENT_3D('',#9945,#9946,#9947);
#9945 = CARTESIAN_POINT('',(72.,12.5,218.4));
#9946 = DIRECTION('',(-1.,0.,0.));
#9947 = DIRECTION('',(0.,1.,0.));
#9948 = ADVANCED_FACE('',(#9949),#9967,.F.);
#9949 = FACE_BOUND('',#9950,.F.);
#9950 = EDGE_LOOP('',(#9951,#9952,#9960,#9966));
#9951 = ORIENTED_EDGE('',*,*,#8997,.F.);
#9952 = ORIENTED_EDGE('',*,*,#9953,.T.);
#9953 = EDGE_CURVE('',#8998,#9954,#9956,.T.);
#9954 = VERTEX_POINT('',#9955);
#9955 = CARTESIAN_POINT('',(73.75,33.5,204.9));
#9956 = LINE('',#9957,#9958);
#9957 = CARTESIAN_POINT('',(73.75,33.5,218.4));
#9958 = VECTOR('',#9959,1.);
#9959 = DIRECTION('',(0.,0.,-1.));
#9960 = ORIENTED_EDGE('',*,*,#9961,.T.);
#9961 = EDGE_CURVE('',#9954,#9890,#9962,.T.);
#9962 = LINE('',#9963,#9964);
#9963 = CARTESIAN_POINT('',(73.75,33.5,204.9));
#9964 = VECTOR('',#9965,1.);
#9965 = DIRECTION('',(-1.,0.,0.));
#9966 = ORIENTED_EDGE('',*,*,#9889,.F.);
#9967 = PLANE('',#9968);
#9968 = AXIS2_PLACEMENT_3D('',#9969,#9970,#9971);
#9969 = CARTESIAN_POINT('',(73.75,33.5,218.4));
#9970 = DIRECTION('',(0.,1.,0.));
#9971 = DIRECTION('',(-1.,0.,0.));
#9972 = ADVANCED_FACE('',(#9973),#9999,.T.);
#9973 = FACE_BOUND('',#9974,.T.);
#9974 = EDGE_LOOP('',(#9975,#9983,#9991,#9997,#9998));
#9975 = ORIENTED_EDGE('',*,*,#9976,.F.);
#9976 = EDGE_CURVE('',#9977,#9022,#9979,.T.);
#9977 = VERTEX_POINT('',#9978);
#9978 = CARTESIAN_POINT('',(76.5,25.5,218.4));
#9979 = LINE('',#9980,#9981);
#9980 = CARTESIAN_POINT('',(76.5,25.5,218.4));
#9981 = VECTOR('',#9982,1.);
#9982 = DIRECTION('',(-1.,0.,0.));
#9983 = ORIENTED_EDGE('',*,*,#9984,.T.);
#9984 = EDGE_CURVE('',#9977,#9985,#9987,.T.);
#9985 = VERTEX_POINT('',#9986);
#9986 = CARTESIAN_POINT('',(76.5,25.5,215.9));
#9987 = LINE('',#9988,#9989);
#9988 = CARTESIAN_POINT('',(76.5,25.5,218.4));
#9989 = VECTOR('',#9990,1.);
#9990 = DIRECTION('',(0.,0.,-1.));
#9991 = ORIENTED_EDGE('',*,*,#9992,.T.);
#9992 = EDGE_CURVE('',#9985,#9931,#9993,.T.);
#9993 = LINE('',#9994,#9995);
#9994 = CARTESIAN_POINT('',(76.5,25.5,215.9));
#9995 = VECTOR('',#9996,1.);
#9996 = DIRECTION('',(-1.,0.,0.));
#9997 = ORIENTED_EDGE('',*,*,#9930,.F.);
#9998 = ORIENTED_EDGE('',*,*,#9029,.F.);
#9999 = PLANE('',#10000);
#10000 = AXIS2_PLACEMENT_3D('',#10001,#10002,#10003);
#10001 = CARTESIAN_POINT('',(76.5,25.5,218.4));
#10002 = DIRECTION('',(0.,1.,0.));
#10003 = DIRECTION('',(-1.,0.,0.));
#10004 = ADVANCED_FACE('',(#10005),#10031,.F.);
#10005 = FACE_BOUND('',#10006,.F.);
#10006 = EDGE_LOOP('',(#10007,#10008,#10009,#10017,#10025));
#10007 = ORIENTED_EDGE('',*,*,#9953,.F.);
#10008 = ORIENTED_EDGE('',*,*,#9005,.T.);
#10009 = ORIENTED_EDGE('',*,*,#10010,.T.);
#10010 = EDGE_CURVE('',#9006,#10011,#10013,.T.);
#10011 = VERTEX_POINT('',#10012);
#10012 = CARTESIAN_POINT('',(73.75,58.,218.4));
#10013 = LINE('',#10014,#10015);
#10014 = CARTESIAN_POINT('',(73.75,33.5,218.4));
#10015 = VECTOR('',#10016,1.);
#10016 = DIRECTION('',(0.,1.,0.));
#10017 = ORIENTED_EDGE('',*,*,#10018,.T.);
#10018 = EDGE_CURVE('',#10011,#10019,#10021,.T.);
#10019 = VERTEX_POINT('',#10020);
#10020 = CARTESIAN_POINT('',(73.75,58.,204.9));
#10021 = LINE('',#10022,#10023);
#10022 = CARTESIAN_POINT('',(73.75,58.,218.4));
#10023 = VECTOR('',#10024,1.);
#10024 = DIRECTION('',(0.,0.,-1.));
#10025 = ORIENTED_EDGE('',*,*,#10026,.F.);
#10026 = EDGE_CURVE('',#9954,#10019,#10027,.T.);
#10027 = LINE('',#10028,#10029);
#10028 = CARTESIAN_POINT('',(73.75,33.5,204.9));
#10029 = VECTOR('',#10030,1.);
#10030 = DIRECTION('',(0.,1.,0.));
#10031 = PLANE('',#10032);
#10032 = AXIS2_PLACEMENT_3D('',#10033,#10034,#10035);
#10033 = CARTESIAN_POINT('',(73.75,33.5,218.4));
#10034 = DIRECTION('',(-1.,0.,0.));
#10035 = DIRECTION('',(0.,1.,0.));
#10036 = ADVANCED_FACE('',(#10037),#10062,.F.);
#10037 = FACE_BOUND('',#10038,.F.);
#10038 = EDGE_LOOP('',(#10039,#10040,#10048,#10056));
#10039 = ORIENTED_EDGE('',*,*,#9144,.F.);
#10040 = ORIENTED_EDGE('',*,*,#10041,.T.);
#10041 = EDGE_CURVE('',#9145,#10042,#10044,.T.);
#10042 = VERTEX_POINT('',#10043);
#10043 = CARTESIAN_POINT('',(66.,-8.,215.9));
#10044 = LINE('',#10045,#10046);
#10045 = CARTESIAN_POINT('',(66.,-8.,218.4));
#10046 = VECTOR('',#10047,1.);
#10047 = DIRECTION('',(0.,0.,-1.));
#10048 = ORIENTED_EDGE('',*,*,#10049,.T.);
#10049 = EDGE_CURVE('',#10042,#10050,#10052,.T.);
#10050 = VERTEX_POINT('',#10051);
#10051 = CARTESIAN_POINT('',(49.,-8.,215.9));
#10052 = LINE('',#10053,#10054);
#10053 = CARTESIAN_POINT('',(66.,-8.,215.9));
#10054 = VECTOR('',#10055,1.);
#10055 = DIRECTION('',(-1.,0.,0.));
#10056 = ORIENTED_EDGE('',*,*,#10057,.F.);
#10057 = EDGE_CURVE('',#9147,#10050,#10058,.T.);
#10058 = LINE('',#10059,#10060);
#10059 = CARTESIAN_POINT('',(49.,-8.,218.4));
#10060 = VECTOR('',#10061,1.);
#10061 = DIRECTION('',(0.,0.,-1.));
#10062 = PLANE('',#10063);
#10063 = AXIS2_PLACEMENT_3D('',#10064,#10065,#10066);
#10064 = CARTESIAN_POINT('',(66.,-8.,218.4));
#10065 = DIRECTION('',(0.,1.,0.));
#10066 = DIRECTION('',(-1.,0.,0.));
#10067 = ADVANCED_FACE('',(#10068),#10086,.T.);
#10068 = FACE_BOUND('',#10069,.T.);
#10069 = EDGE_LOOP('',(#10070,#10071,#10072,#10080));
#10070 = ORIENTED_EDGE('',*,*,#10057,.F.);
#10071 = ORIENTED_EDGE('',*,*,#9170,.T.);
#10072 = ORIENTED_EDGE('',*,*,#10073,.T.);
#10073 = EDGE_CURVE('',#9163,#10074,#10076,.T.);
#10074 = VERTEX_POINT('',#10075);
#10075 = CARTESIAN_POINT('',(49.,9.,215.9));
#10076 = LINE('',#10077,#10078);
#10077 = CARTESIAN_POINT('',(49.,9.,218.4));
#10078 = VECTOR('',#10079,1.);
#10079 = DIRECTION('',(0.,0.,-1.));
#10080 = ORIENTED_EDGE('',*,*,#10081,.F.);
#10081 = EDGE_CURVE('',#10050,#10074,#10082,.T.);
#10082 = LINE('',#10083,#10084);
#10083 = CARTESIAN_POINT('',(49.,-8.,215.9));
#10084 = VECTOR('',#10085,1.);
#10085 = DIRECTION('',(0.,1.,0.));
#10086 = PLANE('',#10087);
#10087 = AXIS2_PLACEMENT_3D('',#10088,#10089,#10090);
#10088 = CARTESIAN_POINT('',(49.,-8.,218.4));
#10089 = DIRECTION('',(-1.,0.,0.));
#10090 = DIRECTION('',(0.,1.,0.));
#10091 = ADVANCED_FACE('',(#10092),#10110,.T.);
#10092 = FACE_BOUND('',#10093,.T.);
#10093 = EDGE_LOOP('',(#10094,#10095,#10103,#10109));
#10094 = ORIENTED_EDGE('',*,*,#9162,.F.);
#10095 = ORIENTED_EDGE('',*,*,#10096,.T.);
#10096 = EDGE_CURVE('',#9155,#10097,#10099,.T.);
#10097 = VERTEX_POINT('',#10098);
#10098 = CARTESIAN_POINT('',(66.,9.,215.9));
#10099 = LINE('',#10100,#10101);
#10100 = CARTESIAN_POINT('',(66.,9.,218.4));
#10101 = VECTOR('',#10102,1.);
#10102 = DIRECTION('',(0.,0.,-1.));
#10103 = ORIENTED_EDGE('',*,*,#10104,.T.);
#10104 = EDGE_CURVE('',#10097,#10074,#10105,.T.);
#10105 = LINE('',#10106,#10107);
#10106 = CARTESIAN_POINT('',(66.,9.,215.9));
#10107 = VECTOR('',#10108,1.);
#10108 = DIRECTION('',(-1.,0.,0.));
#10109 = ORIENTED_EDGE('',*,*,#10073,.F.);
#10110 = PLANE('',#10111);
#10111 = AXIS2_PLACEMENT_3D('',#10112,#10113,#10114);
#10112 = CARTESIAN_POINT('',(66.,9.,218.4));
#10113 = DIRECTION('',(0.,1.,0.));
#10114 = DIRECTION('',(-1.,0.,0.));
#10115 = ADVANCED_FACE('',(#10116),#10127,.F.);
#10116 = FACE_BOUND('',#10117,.F.);
#10117 = EDGE_LOOP('',(#10118,#10119,#10120,#10121));
#10118 = ORIENTED_EDGE('',*,*,#10041,.F.);
#10119 = ORIENTED_EDGE('',*,*,#9154,.T.);
#10120 = ORIENTED_EDGE('',*,*,#10096,.T.);
#10121 = ORIENTED_EDGE('',*,*,#10122,.F.);
#10122 = EDGE_CURVE('',#10042,#10097,#10123,.T.);
#10123 = LINE('',#10124,#10125);
#10124 = CARTESIAN_POINT('',(66.,-8.,215.9));
#10125 = VECTOR('',#10126,1.);
#10126 = DIRECTION('',(0.,1.,0.));
#10127 = PLANE('',#10128);
#10128 = AXIS2_PLACEMENT_3D('',#10129,#10130,#10131);
#10129 = CARTESIAN_POINT('',(66.,-8.,218.4));
#10130 = DIRECTION('',(-1.,0.,0.));
#10131 = DIRECTION('',(0.,1.,0.));
#10132 = ADVANCED_FACE('',(#10133),#10158,.F.);
#10133 = FACE_BOUND('',#10134,.F.);
#10134 = EDGE_LOOP('',(#10135,#10136,#10144,#10152));
#10135 = ORIENTED_EDGE('',*,*,#9200,.F.);
#10136 = ORIENTED_EDGE('',*,*,#10137,.T.);
#10137 = EDGE_CURVE('',#9201,#10138,#10140,.T.);
#10138 = VERTEX_POINT('',#10139);
#10139 = CARTESIAN_POINT('',(28.6,-22.9,209.9));
#10140 = LINE('',#10141,#10142);
#10141 = CARTESIAN_POINT('',(28.6,-22.9,218.4));
#10142 = VECTOR('',#10143,1.);
#10143 = DIRECTION('',(0.,0.,-1.));
#10144 = ORIENTED_EDGE('',*,*,#10145,.T.);
#10145 = EDGE_CURVE('',#10138,#10146,#10148,.T.);
#10146 = VERTEX_POINT('',#10147);
#10147 = CARTESIAN_POINT('',(21.,-22.9,209.9));
#10148 = LINE('',#10149,#10150);
#10149 = CARTESIAN_POINT('',(28.6,-22.9,209.9));
#10150 = VECTOR('',#10151,1.);
#10151 = DIRECTION('',(-1.,0.,0.));
#10152 = ORIENTED_EDGE('',*,*,#10153,.F.);
#10153 = EDGE_CURVE('',#9203,#10146,#10154,.T.);
#10154 = LINE('',#10155,#10156);
#10155 = CARTESIAN_POINT('',(21.,-22.9,218.4));
#10156 = VECTOR('',#10157,1.);
#10157 = DIRECTION('',(0.,0.,-1.));
#10158 = PLANE('',#10159);
#10159 = AXIS2_PLACEMENT_3D('',#10160,#10161,#10162);
#10160 = CARTESIAN_POINT('',(28.6,-22.9,218.4));
#10161 = DIRECTION('',(0.,1.,0.));
#10162 = DIRECTION('',(-1.,0.,0.));
#10163 = ADVANCED_FACE('',(#10164),#10182,.F.);
#10164 = FACE_BOUND('',#10165,.F.);
#10165 = EDGE_LOOP('',(#10166,#10167,#10168,#10176));
#10166 = ORIENTED_EDGE('',*,*,#10137,.F.);
#10167 = ORIENTED_EDGE('',*,*,#9210,.T.);
#10168 = ORIENTED_EDGE('',*,*,#10169,.T.);
#10169 = EDGE_CURVE('',#9211,#10170,#10172,.T.);
#10170 = VERTEX_POINT('',#10171);
#10171 = CARTESIAN_POINT('',(28.6,27.9,209.9));
#10172 = LINE('',#10173,#10174);
#10173 = CARTESIAN_POINT('',(28.6,27.9,218.4));
#10174 = VECTOR('',#10175,1.);
#10175 = DIRECTION('',(0.,0.,-1.));
#10176 = ORIENTED_EDGE('',*,*,#10177,.F.);
#10177 = EDGE_CURVE('',#10138,#10170,#10178,.T.);
#10178 = LINE('',#10179,#10180);
#10179 = CARTESIAN_POINT('',(28.6,-22.9,209.9));
#10180 = VECTOR('',#10181,1.);
#10181 = DIRECTION('',(0.,1.,0.));
#10182 = PLANE('',#10183);
#10183 = AXIS2_PLACEMENT_3D('',#10184,#10185,#10186);
#10184 = CARTESIAN_POINT('',(28.6,-22.9,218.4));
#10185 = DIRECTION('',(-1.,0.,0.));
#10186 = DIRECTION('',(0.,1.,0.));
#10187 = ADVANCED_FACE('',(#10188),#10206,.T.);
#10188 = FACE_BOUND('',#10189,.T.);
#10189 = EDGE_LOOP('',(#10190,#10191,#10192,#10200));
#10190 = ORIENTED_EDGE('',*,*,#10153,.F.);
#10191 = ORIENTED_EDGE('',*,*,#9226,.T.);
#10192 = ORIENTED_EDGE('',*,*,#10193,.T.);
#10193 = EDGE_CURVE('',#9219,#10194,#10196,.T.);
#10194 = VERTEX_POINT('',#10195);
#10195 = CARTESIAN_POINT('',(21.,27.9,209.9));
#10196 = LINE('',#10197,#10198);
#10197 = CARTESIAN_POINT('',(21.,27.9,218.4));
#10198 = VECTOR('',#10199,1.);
#10199 = DIRECTION('',(0.,0.,-1.));
#10200 = ORIENTED_EDGE('',*,*,#10201,.F.);
#10201 = EDGE_CURVE('',#10146,#10194,#10202,.T.);
#10202 = LINE('',#10203,#10204);
#10203 = CARTESIAN_POINT('',(21.,-22.9,209.9));
#10204 = VECTOR('',#10205,1.);
#10205 = DIRECTION('',(0.,1.,0.));
#10206 = PLANE('',#10207);
#10207 = AXIS2_PLACEMENT_3D('',#10208,#10209,#10210);
#10208 = CARTESIAN_POINT('',(21.,-22.9,218.4));
#10209 = DIRECTION('',(-1.,0.,0.));
#10210 = DIRECTION('',(0.,1.,0.));
#10211 = ADVANCED_FACE('',(#10212),#10223,.T.);
#10212 = FACE_BOUND('',#10213,.T.);
#10213 = EDGE_LOOP('',(#10214,#10215,#10216,#10222));
#10214 = ORIENTED_EDGE('',*,*,#9218,.F.);
#10215 = ORIENTED_EDGE('',*,*,#10169,.T.);
#10216 = ORIENTED_EDGE('',*,*,#10217,.T.);
#10217 = EDGE_CURVE('',#10170,#10194,#10218,.T.);
#10218 = LINE('',#10219,#10220);
#10219 = CARTESIAN_POINT('',(28.6,27.9,209.9));
#10220 = VECTOR('',#10221,1.);
#10221 = DIRECTION('',(-1.,0.,0.));
#10222 = ORIENTED_EDGE('',*,*,#10193,.F.);
#10223 = PLANE('',#10224);
#10224 = AXIS2_PLACEMENT_3D('',#10225,#10226,#10227);
#10225 = CARTESIAN_POINT('',(28.6,27.9,218.4));
#10226 = DIRECTION('',(0.,1.,0.));
#10227 = DIRECTION('',(-1.,0.,0.));
#10228 = ADVANCED_FACE('',(#10229),#10240,.F.);
#10229 = FACE_BOUND('',#10230,.F.);
#10230 = EDGE_LOOP('',(#10231,#10232,#10238,#10239));
#10231 = ORIENTED_EDGE('',*,*,#9469,.F.);
#10232 = ORIENTED_EDGE('',*,*,#10233,.F.);
#10233 = EDGE_CURVE('',#9407,#9470,#10234,.T.);
#10234 = LINE('',#10235,#10236);
#10235 = CARTESIAN_POINT('',(77.5,-23.3,218.4));
#10236 = VECTOR('',#10237,1.);
#10237 = DIRECTION('',(0.,1.,0.));
#10238 = ORIENTED_EDGE('',*,*,#9406,.T.);
#10239 = ORIENTED_EDGE('',*,*,#9290,.T.);
#10240 = PLANE('',#10241);
#10241 = AXIS2_PLACEMENT_3D('',#10242,#10243,#10244);
#10242 = CARTESIAN_POINT('',(77.5,-23.3,218.4));
#10243 = DIRECTION('',(0.,0.,-1.));
#10244 = DIRECTION('',(-1.,0.,0.));
#10245 = ADVANCED_FACE('',(#10246),#10257,.F.);
#10246 = FACE_BOUND('',#10247,.F.);
#10247 = EDGE_LOOP('',(#10248,#10249,#10255,#10256));
#10248 = ORIENTED_EDGE('',*,*,#9659,.F.);
#10249 = ORIENTED_EDGE('',*,*,#10250,.F.);
#10250 = EDGE_CURVE('',#9565,#9660,#10251,.T.);
#10251 = LINE('',#10252,#10253);
#10252 = CARTESIAN_POINT('',(77.,-7.7,218.4));
#10253 = VECTOR('',#10254,1.);
#10254 = DIRECTION('',(0.,1.,0.));
#10255 = ORIENTED_EDGE('',*,*,#9564,.T.);
#10256 = ORIENTED_EDGE('',*,*,#9283,.T.);
#10257 = PLANE('',#10258);
#10258 = AXIS2_PLACEMENT_3D('',#10259,#10260,#10261);
#10259 = CARTESIAN_POINT('',(77.,-7.7,218.4));
#10260 = DIRECTION('',(0.,0.,-1.));
#10261 = DIRECTION('',(-1.,0.,0.));
#10262 = ADVANCED_FACE('',(#10263),#10297,.F.);
#10263 = FACE_BOUND('',#10264,.F.);
#10264 = EDGE_LOOP('',(#10265,#10275,#10281,#10282,#10283,#10291));
#10265 = ORIENTED_EDGE('',*,*,#10266,.F.);
#10266 = EDGE_CURVE('',#10267,#10269,#10271,.T.);
#10267 = VERTEX_POINT('',#10268);
#10268 = CARTESIAN_POINT('',(77.,12.7,218.4));
#10269 = VERTEX_POINT('',#10270);
#10270 = CARTESIAN_POINT('',(76.5,12.7,218.4));
#10271 = LINE('',#10272,#10273);
#10272 = CARTESIAN_POINT('',(77.,12.7,218.4));
#10273 = VECTOR('',#10274,1.);
#10274 = DIRECTION('',(-1.,0.,0.));
#10275 = ORIENTED_EDGE('',*,*,#10276,.F.);
#10276 = EDGE_CURVE('',#9755,#10267,#10277,.T.);
#10277 = LINE('',#10278,#10279);
#10278 = CARTESIAN_POINT('',(77.,5.7,218.4));
#10279 = VECTOR('',#10280,1.);
#10280 = DIRECTION('',(0.,1.,0.));
#10281 = ORIENTED_EDGE('',*,*,#9754,.T.);
#10282 = ORIENTED_EDGE('',*,*,#9276,.T.);
#10283 = ORIENTED_EDGE('',*,*,#10284,.F.);
#10284 = EDGE_CURVE('',#10285,#9269,#10287,.T.);
#10285 = VERTEX_POINT('',#10286);
#10286 = CARTESIAN_POINT('',(76.5,12.5,218.4));
#10287 = LINE('',#10288,#10289);
#10288 = CARTESIAN_POINT('',(76.5,12.5,218.4));
#10289 = VECTOR('',#10290,1.);
#10290 = DIRECTION('',(-1.,0.,0.));
#10291 = ORIENTED_EDGE('',*,*,#10292,.T.);
#10292 = EDGE_CURVE('',#10285,#10269,#10293,.T.);
#10293 = LINE('',#10294,#10295);
#10294 = CARTESIAN_POINT('',(76.5,12.5,218.4));
#10295 = VECTOR('',#10296,1.);
#10296 = DIRECTION('',(0.,1.,0.));
#10297 = PLANE('',#10298);
#10298 = AXIS2_PLACEMENT_3D('',#10299,#10300,#10301);
#10299 = CARTESIAN_POINT('',(77.,5.7,218.4));
#10300 = DIRECTION('',(0.,0.,-1.));
#10301 = DIRECTION('',(-1.,0.,0.));
#10302 = ADVANCED_FACE('',(#10303),#10314,.F.);
#10303 = FACE_BOUND('',#10304,.F.);
#10304 = EDGE_LOOP('',(#10305,#10311,#10312,#10313));
#10305 = ORIENTED_EDGE('',*,*,#10306,.F.);
#10306 = EDGE_CURVE('',#10269,#9261,#10307,.T.);
#10307 = LINE('',#10308,#10309);
#10308 = CARTESIAN_POINT('',(77.,12.7,218.4));
#10309 = VECTOR('',#10310,1.);
#10310 = DIRECTION('',(-1.,0.,0.));
#10311 = ORIENTED_EDGE('',*,*,#10292,.F.);
#10312 = ORIENTED_EDGE('',*,*,#10284,.T.);
#10313 = ORIENTED_EDGE('',*,*,#9268,.T.);
#10314 = PLANE('',#10315);
#10315 = AXIS2_PLACEMENT_3D('',#10316,#10317,#10318);
#10316 = CARTESIAN_POINT('',(77.,5.7,218.4));
#10317 = DIRECTION('',(0.,0.,-1.));
#10318 = DIRECTION('',(-1.,0.,0.));
#10319 = ADVANCED_FACE('',(#10320),#10331,.F.);
#10320 = FACE_BOUND('',#10321,.F.);
#10321 = EDGE_LOOP('',(#10322,#10328,#10329,#10330));
#10322 = ORIENTED_EDGE('',*,*,#10323,.F.);
#10323 = EDGE_CURVE('',#10269,#9977,#10324,.T.);
#10324 = LINE('',#10325,#10326);
#10325 = CARTESIAN_POINT('',(76.5,12.5,218.4));
#10326 = VECTOR('',#10327,1.);
#10327 = DIRECTION('',(0.,1.,0.));
#10328 = ORIENTED_EDGE('',*,*,#10306,.T.);
#10329 = ORIENTED_EDGE('',*,*,#9260,.T.);
#10330 = ORIENTED_EDGE('',*,*,#9976,.F.);
#10331 = PLANE('',#10332);
#10332 = AXIS2_PLACEMENT_3D('',#10333,#10334,#10335);
#10333 = CARTESIAN_POINT('',(76.5,12.5,218.4));
#10334 = DIRECTION('',(0.,0.,-1.));
#10335 = DIRECTION('',(-1.,0.,0.));
#10336 = ADVANCED_FACE('',(#10337),#10348,.F.);
#10337 = FACE_BOUND('',#10338,.F.);
#10338 = EDGE_LOOP('',(#10339,#10340,#10341,#10342));
#10339 = ORIENTED_EDGE('',*,*,#10010,.F.);
#10340 = ORIENTED_EDGE('',*,*,#9308,.T.);
#10341 = ORIENTED_EDGE('',*,*,#9898,.T.);
#10342 = ORIENTED_EDGE('',*,*,#10343,.F.);
#10343 = EDGE_CURVE('',#10011,#9899,#10344,.T.);
#10344 = LINE('',#10345,#10346);
#10345 = CARTESIAN_POINT('',(73.75,58.,218.4));
#10346 = VECTOR('',#10347,1.);
#10347 = DIRECTION('',(-1.,0.,0.));
#10348 = PLANE('',#10349);
#10349 = AXIS2_PLACEMENT_3D('',#10350,#10351,#10352);
#10350 = CARTESIAN_POINT('',(73.75,33.5,218.4));
#10351 = DIRECTION('',(0.,0.,-1.));
#10352 = DIRECTION('',(-1.,0.,0.));
#10353 = ADVANCED_FACE('',(#10354),#10365,.F.);
#10354 = FACE_BOUND('',#10355,.F.);
#10355 = EDGE_LOOP('',(#10356,#10357,#10358,#10359));
#10356 = ORIENTED_EDGE('',*,*,#9795,.F.);
#10357 = ORIENTED_EDGE('',*,*,#9315,.T.);
#10358 = ORIENTED_EDGE('',*,*,#9700,.T.);
#10359 = ORIENTED_EDGE('',*,*,#10360,.F.);
#10360 = EDGE_CURVE('',#9796,#9701,#10361,.T.);
#10361 = LINE('',#10362,#10363);
#10362 = CARTESIAN_POINT('',(55.6,59.5,218.4));
#10363 = VECTOR('',#10364,1.);
#10364 = DIRECTION('',(-1.,0.,0.));
#10365 = PLANE('',#10366);
#10366 = AXIS2_PLACEMENT_3D('',#10367,#10368,#10369);
#10367 = CARTESIAN_POINT('',(55.6,53.,218.4));
#10368 = DIRECTION('',(0.,0.,-1.));
#10369 = DIRECTION('',(-1.,0.,0.));
#10370 = ADVANCED_FACE('',(#10371),#10382,.F.);
#10371 = FACE_BOUND('',#10372,.F.);
#10372 = EDGE_LOOP('',(#10373,#10374,#10375,#10376));
#10373 = ORIENTED_EDGE('',*,*,#9605,.F.);
#10374 = ORIENTED_EDGE('',*,*,#9322,.T.);
#10375 = ORIENTED_EDGE('',*,*,#9510,.T.);
#10376 = ORIENTED_EDGE('',*,*,#10377,.F.);
#10377 = EDGE_CURVE('',#9606,#9511,#10378,.T.);
#10378 = LINE('',#10379,#10380);
#10379 = CARTESIAN_POINT('',(37.6,59.5,218.4));
#10380 = VECTOR('',#10381,1.);
#10381 = DIRECTION('',(-1.,0.,0.));
#10382 = PLANE('',#10383);
#10383 = AXIS2_PLACEMENT_3D('',#10384,#10385,#10386);
#10384 = CARTESIAN_POINT('',(37.6,53.,218.4));
#10385 = DIRECTION('',(0.,0.,-1.));
#10386 = DIRECTION('',(-1.,0.,0.));
#10387 = ADVANCED_FACE('',(#10388),#10399,.T.);
#10388 = FACE_BOUND('',#10389,.T.);
#10389 = EDGE_LOOP('',(#10390,#10396,#10397,#10398));
#10390 = ORIENTED_EDGE('',*,*,#10391,.F.);
#10391 = EDGE_CURVE('',#9415,#9478,#10392,.T.);
#10392 = LINE('',#10393,#10394);
#10393 = CARTESIAN_POINT('',(77.5,-23.3,215.2));
#10394 = VECTOR('',#10395,1.);
#10395 = DIRECTION('',(0.,1.,0.));
#10396 = ORIENTED_EDGE('',*,*,#9422,.T.);
#10397 = ORIENTED_EDGE('',*,*,#9455,.T.);
#10398 = ORIENTED_EDGE('',*,*,#9485,.F.);
#10399 = PLANE('',#10400);
#10400 = AXIS2_PLACEMENT_3D('',#10401,#10402,#10403);
#10401 = CARTESIAN_POINT('',(77.5,-23.3,215.2));
#10402 = DIRECTION('',(0.,0.,-1.));
#10403 = DIRECTION('',(-1.,0.,0.));
#10404 = ADVANCED_FACE('',(#10405),#10411,.F.);
#10405 = FACE_BOUND('',#10406,.F.);
#10406 = EDGE_LOOP('',(#10407,#10408,#10409,#10410));
#10407 = ORIENTED_EDGE('',*,*,#9414,.F.);
#10408 = ORIENTED_EDGE('',*,*,#10233,.T.);
#10409 = ORIENTED_EDGE('',*,*,#9477,.T.);
#10410 = ORIENTED_EDGE('',*,*,#10391,.F.);
#10411 = PLANE('',#10412);
#10412 = AXIS2_PLACEMENT_3D('',#10413,#10414,#10415);
#10413 = CARTESIAN_POINT('',(77.5,-23.3,218.4));
#10414 = DIRECTION('',(-1.,0.,0.));
#10415 = DIRECTION('',(0.,1.,0.));
#10416 = ADVANCED_FACE('',(#10417),#10428,.T.);
#10417 = FACE_BOUND('',#10418,.T.);
#10418 = EDGE_LOOP('',(#10419,#10420,#10421,#10422));
#10419 = ORIENTED_EDGE('',*,*,#9621,.F.);
#10420 = ORIENTED_EDGE('',*,*,#9549,.T.);
#10421 = ORIENTED_EDGE('',*,*,#9526,.T.);
#10422 = ORIENTED_EDGE('',*,*,#10423,.F.);
#10423 = EDGE_CURVE('',#9614,#9519,#10424,.T.);
#10424 = LINE('',#10425,#10426);
#10425 = CARTESIAN_POINT('',(37.6,59.5,202.4));
#10426 = VECTOR('',#10427,1.);
#10427 = DIRECTION('',(-1.,0.,0.));
#10428 = PLANE('',#10429);
#10429 = AXIS2_PLACEMENT_3D('',#10430,#10431,#10432);
#10430 = CARTESIAN_POINT('',(37.6,53.,202.4));
#10431 = DIRECTION('',(0.,0.,-1.));
#10432 = DIRECTION('',(-1.,0.,0.));
#10433 = ADVANCED_FACE('',(#10434),#10440,.T.);
#10434 = FACE_BOUND('',#10435,.T.);
#10435 = EDGE_LOOP('',(#10436,#10437,#10438,#10439));
#10436 = ORIENTED_EDGE('',*,*,#10377,.F.);
#10437 = ORIENTED_EDGE('',*,*,#9613,.T.);
#10438 = ORIENTED_EDGE('',*,*,#10423,.T.);
#10439 = ORIENTED_EDGE('',*,*,#9518,.F.);
#10440 = PLANE('',#10441);
#10441 = AXIS2_PLACEMENT_3D('',#10442,#10443,#10444);
#10442 = CARTESIAN_POINT('',(37.6,59.5,218.4));
#10443 = DIRECTION('',(0.,1.,0.));
#10444 = DIRECTION('',(-1.,0.,0.));
#10445 = ADVANCED_FACE('',(#10446),#10457,.T.);
#10446 = FACE_BOUND('',#10447,.T.);
#10447 = EDGE_LOOP('',(#10448,#10454,#10455,#10456));
#10448 = ORIENTED_EDGE('',*,*,#10449,.F.);
#10449 = EDGE_CURVE('',#9573,#9668,#10450,.T.);
#10450 = LINE('',#10451,#10452);
#10451 = CARTESIAN_POINT('',(77.,-7.7,215.4));
#10452 = VECTOR('',#10453,1.);
#10453 = DIRECTION('',(0.,1.,0.));
#10454 = ORIENTED_EDGE('',*,*,#9580,.T.);
#10455 = ORIENTED_EDGE('',*,*,#9645,.T.);
#10456 = ORIENTED_EDGE('',*,*,#9675,.F.);
#10457 = PLANE('',#10458);
#10458 = AXIS2_PLACEMENT_3D('',#10459,#10460,#10461);
#10459 = CARTESIAN_POINT('',(77.,-7.7,215.4));
#10460 = DIRECTION('',(0.,0.,-1.));
#10461 = DIRECTION('',(-1.,0.,0.));
#10462 = ADVANCED_FACE('',(#10463),#10469,.F.);
#10463 = FACE_BOUND('',#10464,.F.);
#10464 = EDGE_LOOP('',(#10465,#10466,#10467,#10468));
#10465 = ORIENTED_EDGE('',*,*,#9572,.F.);
#10466 = ORIENTED_EDGE('',*,*,#10250,.T.);
#10467 = ORIENTED_EDGE('',*,*,#9667,.T.);
#10468 = ORIENTED_EDGE('',*,*,#10449,.F.);
#10469 = PLANE('',#10470);
#10470 = AXIS2_PLACEMENT_3D('',#10471,#10472,#10473);
#10471 = CARTESIAN_POINT('',(77.,-7.7,218.4));
#10472 = DIRECTION('',(-1.,0.,0.));
#10473 = DIRECTION('',(0.,1.,0.));
#10474 = ADVANCED_FACE('',(#10475),#10486,.T.);
#10475 = FACE_BOUND('',#10476,.T.);
#10476 = EDGE_LOOP('',(#10477,#10478,#10479,#10480));
#10477 = ORIENTED_EDGE('',*,*,#9811,.F.);
#10478 = ORIENTED_EDGE('',*,*,#9739,.T.);
#10479 = ORIENTED_EDGE('',*,*,#9716,.T.);
#10480 = ORIENTED_EDGE('',*,*,#10481,.F.);
#10481 = EDGE_CURVE('',#9804,#9709,#10482,.T.);
#10482 = LINE('',#10483,#10484);
#10483 = CARTESIAN_POINT('',(55.6,59.5,202.4));
#10484 = VECTOR('',#10485,1.);
#10485 = DIRECTION('',(-1.,0.,0.));
#10486 = PLANE('',#10487);
#10487 = AXIS2_PLACEMENT_3D('',#10488,#10489,#10490);
#10488 = CARTESIAN_POINT('',(55.6,53.,202.4));
#10489 = DIRECTION('',(0.,0.,-1.));
#10490 = DIRECTION('',(-1.,0.,0.));
#10491 = ADVANCED_FACE('',(#10492),#10498,.T.);
#10492 = FACE_BOUND('',#10493,.T.);
#10493 = EDGE_LOOP('',(#10494,#10495,#10496,#10497));
#10494 = ORIENTED_EDGE('',*,*,#10360,.F.);
#10495 = ORIENTED_EDGE('',*,*,#9803,.T.);
#10496 = ORIENTED_EDGE('',*,*,#10481,.T.);
#10497 = ORIENTED_EDGE('',*,*,#9708,.F.);
#10498 = PLANE('',#10499);
#10499 = AXIS2_PLACEMENT_3D('',#10500,#10501,#10502);
#10500 = CARTESIAN_POINT('',(55.6,59.5,218.4));
#10501 = DIRECTION('',(0.,1.,0.));
#10502 = DIRECTION('',(-1.,0.,0.));
#10503 = ADVANCED_FACE('',(#10504),#10522,.T.);
#10504 = FACE_BOUND('',#10505,.T.);
#10505 = EDGE_LOOP('',(#10506,#10514,#10515,#10516));
#10506 = ORIENTED_EDGE('',*,*,#10507,.F.);
#10507 = EDGE_CURVE('',#9763,#10508,#10510,.T.);
#10508 = VERTEX_POINT('',#10509);
#10509 = CARTESIAN_POINT('',(77.,12.7,215.4));
#10510 = LINE('',#10511,#10512);
#10511 = CARTESIAN_POINT('',(77.,5.7,215.4));
#10512 = VECTOR('',#10513,1.);
#10513 = DIRECTION('',(0.,1.,0.));
#10514 = ORIENTED_EDGE('',*,*,#9770,.T.);
#10515 = ORIENTED_EDGE('',*,*,#9851,.T.);
#10516 = ORIENTED_EDGE('',*,*,#10517,.F.);
#10517 = EDGE_CURVE('',#10508,#9844,#10518,.T.);
#10518 = LINE('',#10519,#10520);
#10519 = CARTESIAN_POINT('',(77.,12.7,215.4));
#10520 = VECTOR('',#10521,1.);
#10521 = DIRECTION('',(-1.,0.,0.));
#10522 = PLANE('',#10523);
#10523 = AXIS2_PLACEMENT_3D('',#10524,#10525,#10526);
#10524 = CARTESIAN_POINT('',(77.,5.7,215.4));
#10525 = DIRECTION('',(0.,0.,-1.));
#10526 = DIRECTION('',(-1.,0.,0.));
#10527 = ADVANCED_FACE('',(#10528),#10539,.F.);
#10528 = FACE_BOUND('',#10529,.F.);
#10529 = EDGE_LOOP('',(#10530,#10531,#10532,#10538));
#10530 = ORIENTED_EDGE('',*,*,#9762,.F.);
#10531 = ORIENTED_EDGE('',*,*,#10276,.T.);
#10532 = ORIENTED_EDGE('',*,*,#10533,.T.);
#10533 = EDGE_CURVE('',#10267,#10508,#10534,.T.);
#10534 = LINE('',#10535,#10536);
#10535 = CARTESIAN_POINT('',(77.,12.7,218.4));
#10536 = VECTOR('',#10537,1.);
#10537 = DIRECTION('',(0.,0.,-1.));
#10538 = ORIENTED_EDGE('',*,*,#10507,.F.);
#10539 = PLANE('',#10540);
#10540 = AXIS2_PLACEMENT_3D('',#10541,#10542,#10543);
#10541 = CARTESIAN_POINT('',(77.,5.7,218.4));
#10542 = DIRECTION('',(-1.,0.,0.));
#10543 = DIRECTION('',(0.,1.,0.));
#10544 = ADVANCED_FACE('',(#10545),#10565,.T.);
#10545 = FACE_BOUND('',#10546,.T.);
#10546 = EDGE_LOOP('',(#10547,#10548,#10549,#10550,#10551,#10559));
#10547 = ORIENTED_EDGE('',*,*,#10266,.F.);
#10548 = ORIENTED_EDGE('',*,*,#10533,.T.);
#10549 = ORIENTED_EDGE('',*,*,#10517,.T.);
#10550 = ORIENTED_EDGE('',*,*,#9843,.F.);
#10551 = ORIENTED_EDGE('',*,*,#10552,.F.);
#10552 = EDGE_CURVE('',#10553,#9836,#10555,.T.);
#10553 = VERTEX_POINT('',#10554);
#10554 = CARTESIAN_POINT('',(76.5,12.7,215.9));
#10555 = LINE('',#10556,#10557);
#10556 = CARTESIAN_POINT('',(76.75,12.7,215.9));
#10557 = VECTOR('',#10558,1.);
#10558 = DIRECTION('',(-1.,0.,0.));
#10559 = ORIENTED_EDGE('',*,*,#10560,.T.);
#10560 = EDGE_CURVE('',#10553,#10269,#10561,.T.);
#10561 = LINE('',#10562,#10563);
#10562 = CARTESIAN_POINT('',(76.5,12.7,218.4));
#10563 = VECTOR('',#10564,1.);
#10564 = DIRECTION('',(0.,0.,1.));
#10565 = PLANE('',#10566);
#10566 = AXIS2_PLACEMENT_3D('',#10567,#10568,#10569);
#10567 = CARTESIAN_POINT('',(77.,12.7,218.4));
#10568 = DIRECTION('',(0.,1.,0.));
#10569 = DIRECTION('',(-1.,0.,0.));
#10570 = ADVANCED_FACE('',(#10571),#10584,.T.);
#10571 = FACE_BOUND('',#10572,.T.);
#10572 = EDGE_LOOP('',(#10573,#10579,#10580,#10581,#10582,#10583));
#10573 = ORIENTED_EDGE('',*,*,#10574,.F.);
#10574 = EDGE_CURVE('',#10553,#9985,#10575,.T.);
#10575 = LINE('',#10576,#10577);
#10576 = CARTESIAN_POINT('',(76.5,12.5,215.9));
#10577 = VECTOR('',#10578,1.);
#10578 = DIRECTION('',(0.,1.,0.));
#10579 = ORIENTED_EDGE('',*,*,#10552,.T.);
#10580 = ORIENTED_EDGE('',*,*,#9835,.T.);
#10581 = ORIENTED_EDGE('',*,*,#9867,.T.);
#10582 = ORIENTED_EDGE('',*,*,#9938,.T.);
#10583 = ORIENTED_EDGE('',*,*,#9992,.F.);
#10584 = PLANE('',#10585);
#10585 = AXIS2_PLACEMENT_3D('',#10586,#10587,#10588);
#10586 = CARTESIAN_POINT('',(76.5,12.5,215.9));
#10587 = DIRECTION('',(0.,0.,-1.));
#10588 = DIRECTION('',(-1.,0.,0.));
#10589 = ADVANCED_FACE('',(#10590),#10601,.T.);
#10590 = FACE_BOUND('',#10591,.T.);
#10591 = EDGE_LOOP('',(#10592,#10593,#10594,#10595));
#10592 = ORIENTED_EDGE('',*,*,#10026,.F.);
#10593 = ORIENTED_EDGE('',*,*,#9961,.T.);
#10594 = ORIENTED_EDGE('',*,*,#9914,.T.);
#10595 = ORIENTED_EDGE('',*,*,#10596,.F.);
#10596 = EDGE_CURVE('',#10019,#9907,#10597,.T.);
#10597 = LINE('',#10598,#10599);
#10598 = CARTESIAN_POINT('',(73.75,58.,204.9));
#10599 = VECTOR('',#10600,1.);
#10600 = DIRECTION('',(-1.,0.,0.));
#10601 = PLANE('',#10602);
#10602 = AXIS2_PLACEMENT_3D('',#10603,#10604,#10605);
#10603 = CARTESIAN_POINT('',(73.75,33.5,204.9));
#10604 = DIRECTION('',(0.,0.,-1.));
#10605 = DIRECTION('',(-1.,0.,0.));
#10606 = ADVANCED_FACE('',(#10607),#10613,.T.);
#10607 = FACE_BOUND('',#10608,.T.);
#10608 = EDGE_LOOP('',(#10609,#10610,#10611,#10612));
#10609 = ORIENTED_EDGE('',*,*,#10343,.F.);
#10610 = ORIENTED_EDGE('',*,*,#10018,.T.);
#10611 = ORIENTED_EDGE('',*,*,#10596,.T.);
#10612 = ORIENTED_EDGE('',*,*,#9906,.F.);
#10613 = PLANE('',#10614);
#10614 = AXIS2_PLACEMENT_3D('',#10615,#10616,#10617);
#10615 = CARTESIAN_POINT('',(73.75,58.,218.4));
#10616 = DIRECTION('',(0.,1.,0.));
#10617 = DIRECTION('',(-1.,0.,0.));
#10618 = ADVANCED_FACE('',(#10619),#10625,.F.);
#10619 = FACE_BOUND('',#10620,.F.);
#10620 = EDGE_LOOP('',(#10621,#10622,#10623,#10624));
#10621 = ORIENTED_EDGE('',*,*,#10560,.T.);
#10622 = ORIENTED_EDGE('',*,*,#10323,.T.);
#10623 = ORIENTED_EDGE('',*,*,#9984,.T.);
#10624 = ORIENTED_EDGE('',*,*,#10574,.F.);
#10625 = PLANE('',#10626);
#10626 = AXIS2_PLACEMENT_3D('',#10627,#10628,#10629);
#10627 = CARTESIAN_POINT('',(76.5,12.5,218.4));
#10628 = DIRECTION('',(-1.,0.,0.));
#10629 = DIRECTION('',(0.,1.,0.));
#10630 = ADVANCED_FACE('',(#10631,#10665),#10671,.F.);
#10631 = FACE_BOUND('',#10632,.F.);
#10632 = EDGE_LOOP('',(#10633,#10643,#10651,#10659));
#10633 = ORIENTED_EDGE('',*,*,#10634,.F.);
#10634 = EDGE_CURVE('',#10635,#10637,#10639,.T.);
#10635 = VERTEX_POINT('',#10636);
#10636 = CARTESIAN_POINT('',(70.,-16.,215.9));
#10637 = VERTEX_POINT('',#10638);
#10638 = CARTESIAN_POINT('',(70.,30.,215.9));
#10639 = LINE('',#10640,#10641);
#10640 = CARTESIAN_POINT('',(70.,-16.,215.9));
#10641 = VECTOR('',#10642,1.);
#10642 = DIRECTION('',(0.,1.,0.));
#10643 = ORIENTED_EDGE('',*,*,#10644,.T.);
#10644 = EDGE_CURVE('',#10635,#10645,#10647,.T.);
#10645 = VERTEX_POINT('',#10646);
#10646 = CARTESIAN_POINT('',(34.,-16.,215.9));
#10647 = LINE('',#10648,#10649);
#10648 = CARTESIAN_POINT('',(70.,-16.,215.9));
#10649 = VECTOR('',#10650,1.);
#10650 = DIRECTION('',(-1.,0.,0.));
#10651 = ORIENTED_EDGE('',*,*,#10652,.T.);
#10652 = EDGE_CURVE('',#10645,#10653,#10655,.T.);
#10653 = VERTEX_POINT('',#10654);
#10654 = CARTESIAN_POINT('',(34.,30.,215.9));
#10655 = LINE('',#10656,#10657);
#10656 = CARTESIAN_POINT('',(34.,-16.,215.9));
#10657 = VECTOR('',#10658,1.);
#10658 = DIRECTION('',(0.,1.,0.));
#10659 = ORIENTED_EDGE('',*,*,#10660,.F.);
#10660 = EDGE_CURVE('',#10637,#10653,#10661,.T.);
#10661 = LINE('',#10662,#10663);
#10662 = CARTESIAN_POINT('',(70.,30.,215.9));
#10663 = VECTOR('',#10664,1.);
#10664 = DIRECTION('',(-1.,0.,0.));
#10665 = FACE_BOUND('',#10666,.F.);
#10666 = EDGE_LOOP('',(#10667,#10668,#10669,#10670));
#10667 = ORIENTED_EDGE('',*,*,#10049,.F.);
#10668 = ORIENTED_EDGE('',*,*,#10122,.T.);
#10669 = ORIENTED_EDGE('',*,*,#10104,.T.);
#10670 = ORIENTED_EDGE('',*,*,#10081,.F.);
#10671 = PLANE('',#10672);
#10672 = AXIS2_PLACEMENT_3D('',#10673,#10674,#10675);
#10673 = CARTESIAN_POINT('',(70.,-16.,215.9));
#10674 = DIRECTION('',(0.,0.,-1.));
#10675 = DIRECTION('',(-1.,0.,0.));
#10676 = ADVANCED_FACE('',(#10677),#10683,.T.);
#10677 = FACE_BOUND('',#10678,.T.);
#10678 = EDGE_LOOP('',(#10679,#10680,#10681,#10682));
#10679 = ORIENTED_EDGE('',*,*,#10177,.F.);
#10680 = ORIENTED_EDGE('',*,*,#10145,.T.);
#10681 = ORIENTED_EDGE('',*,*,#10201,.T.);
#10682 = ORIENTED_EDGE('',*,*,#10217,.F.);
#10683 = PLANE('',#10684);
#10684 = AXIS2_PLACEMENT_3D('',#10685,#10686,#10687);
#10685 = CARTESIAN_POINT('',(28.6,-22.9,209.9));
#10686 = DIRECTION('',(0.,0.,-1.));
#10687 = DIRECTION('',(-1.,0.,0.));
#10688 = ADVANCED_FACE('',(#10689),#10714,.F.);
#10689 = FACE_BOUND('',#10690,.F.);
#10690 = EDGE_LOOP('',(#10691,#10699,#10700,#10708));
#10691 = ORIENTED_EDGE('',*,*,#10692,.F.);
#10692 = EDGE_CURVE('',#10635,#10693,#10695,.T.);
#10693 = VERTEX_POINT('',#10694);
#10694 = CARTESIAN_POINT('',(70.,-16.,203.9));
#10695 = LINE('',#10696,#10697);
#10696 = CARTESIAN_POINT('',(70.,-16.,215.9));
#10697 = VECTOR('',#10698,1.);
#10698 = DIRECTION('',(0.,0.,-1.));
#10699 = ORIENTED_EDGE('',*,*,#10634,.T.);
#10700 = ORIENTED_EDGE('',*,*,#10701,.T.);
#10701 = EDGE_CURVE('',#10637,#10702,#10704,.T.);
#10702 = VERTEX_POINT('',#10703);
#10703 = CARTESIAN_POINT('',(70.,30.,203.9));
#10704 = LINE('',#10705,#10706);
#10705 = CARTESIAN_POINT('',(70.,30.,215.9));
#10706 = VECTOR('',#10707,1.);
#10707 = DIRECTION('',(0.,0.,-1.));
#10708 = ORIENTED_EDGE('',*,*,#10709,.F.);
#10709 = EDGE_CURVE('',#10693,#10702,#10710,.T.);
#10710 = LINE('',#10711,#10712);
#10711 = CARTESIAN_POINT('',(70.,-16.,203.9));
#10712 = VECTOR('',#10713,1.);
#10713 = DIRECTION('',(0.,1.,0.));
#10714 = PLANE('',#10715);
#10715 = AXIS2_PLACEMENT_3D('',#10716,#10717,#10718);
#10716 = CARTESIAN_POINT('',(70.,-16.,215.9));
#10717 = DIRECTION('',(-1.,0.,0.));
#10718 = DIRECTION('',(0.,1.,0.));
#10719 = ADVANCED_FACE('',(#10720),#10738,.T.);
#10720 = FACE_BOUND('',#10721,.T.);
#10721 = EDGE_LOOP('',(#10722,#10723,#10724,#10732));
#10722 = ORIENTED_EDGE('',*,*,#10660,.F.);
#10723 = ORIENTED_EDGE('',*,*,#10701,.T.);
#10724 = ORIENTED_EDGE('',*,*,#10725,.T.);
#10725 = EDGE_CURVE('',#10702,#10726,#10728,.T.);
#10726 = VERTEX_POINT('',#10727);
#10727 = CARTESIAN_POINT('',(34.,30.,203.9));
#10728 = LINE('',#10729,#10730);
#10729 = CARTESIAN_POINT('',(70.,30.,203.9));
#10730 = VECTOR('',#10731,1.);
#10731 = DIRECTION('',(-1.,0.,0.));
#10732 = ORIENTED_EDGE('',*,*,#10733,.F.);
#10733 = EDGE_CURVE('',#10653,#10726,#10734,.T.);
#10734 = LINE('',#10735,#10736);
#10735 = CARTESIAN_POINT('',(34.,30.,215.9));
#10736 = VECTOR('',#10737,1.);
#10737 = DIRECTION('',(0.,0.,-1.));
#10738 = PLANE('',#10739);
#10739 = AXIS2_PLACEMENT_3D('',#10740,#10741,#10742);
#10740 = CARTESIAN_POINT('',(70.,30.,215.9));
#10741 = DIRECTION('',(0.,1.,0.));
#10742 = DIRECTION('',(-1.,0.,0.));
#10743 = ADVANCED_FACE('',(#10744),#10762,.F.);
#10744 = FACE_BOUND('',#10745,.F.);
#10745 = EDGE_LOOP('',(#10746,#10747,#10748,#10756));
#10746 = ORIENTED_EDGE('',*,*,#10644,.F.);
#10747 = ORIENTED_EDGE('',*,*,#10692,.T.);
#10748 = ORIENTED_EDGE('',*,*,#10749,.T.);
#10749 = EDGE_CURVE('',#10693,#10750,#10752,.T.);
#10750 = VERTEX_POINT('',#10751);
#10751 = CARTESIAN_POINT('',(34.,-16.,203.9));
#10752 = LINE('',#10753,#10754);
#10753 = CARTESIAN_POINT('',(70.,-16.,203.9));
#10754 = VECTOR('',#10755,1.);
#10755 = DIRECTION('',(-1.,0.,0.));
#10756 = ORIENTED_EDGE('',*,*,#10757,.F.);
#10757 = EDGE_CURVE('',#10645,#10750,#10758,.T.);
#10758 = LINE('',#10759,#10760);
#10759 = CARTESIAN_POINT('',(34.,-16.,215.9));
#10760 = VECTOR('',#10761,1.);
#10761 = DIRECTION('',(0.,0.,-1.));
#10762 = PLANE('',#10763);
#10763 = AXIS2_PLACEMENT_3D('',#10764,#10765,#10766);
#10764 = CARTESIAN_POINT('',(70.,-16.,215.9));
#10765 = DIRECTION('',(0.,1.,0.));
#10766 = DIRECTION('',(-1.,0.,0.));
#10767 = ADVANCED_FACE('',(#10768),#10779,.T.);
#10768 = FACE_BOUND('',#10769,.T.);
#10769 = EDGE_LOOP('',(#10770,#10771,#10772,#10773));
#10770 = ORIENTED_EDGE('',*,*,#10757,.F.);
#10771 = ORIENTED_EDGE('',*,*,#10652,.T.);
#10772 = ORIENTED_EDGE('',*,*,#10733,.T.);
#10773 = ORIENTED_EDGE('',*,*,#10774,.F.);
#10774 = EDGE_CURVE('',#10750,#10726,#10775,.T.);
#10775 = LINE('',#10776,#10777);
#10776 = CARTESIAN_POINT('',(34.,-16.,203.9));
#10777 = VECTOR('',#10778,1.);
#10778 = DIRECTION('',(0.,1.,0.));
#10779 = PLANE('',#10780);
#10780 = AXIS2_PLACEMENT_3D('',#10781,#10782,#10783);
#10781 = CARTESIAN_POINT('',(34.,-16.,215.9));
#10782 = DIRECTION('',(-1.,0.,0.));
#10783 = DIRECTION('',(0.,1.,0.));
#10784 = ADVANCED_FACE('',(#10785,#10791),#10802,.T.);
#10785 = FACE_BOUND('',#10786,.T.);
#10786 = EDGE_LOOP('',(#10787,#10788,#10789,#10790));
#10787 = ORIENTED_EDGE('',*,*,#10709,.F.);
#10788 = ORIENTED_EDGE('',*,*,#10749,.T.);
#10789 = ORIENTED_EDGE('',*,*,#10774,.T.);
#10790 = ORIENTED_EDGE('',*,*,#10725,.F.);
#10791 = FACE_BOUND('',#10792,.T.);
#10792 = EDGE_LOOP('',(#10793));
#10793 = ORIENTED_EDGE('',*,*,#10794,.F.);
#10794 = EDGE_CURVE('',#10795,#10795,#10797,.T.);
#10795 = VERTEX_POINT('',#10796);
#10796 = CARTESIAN_POINT('',(37.,13.,203.9));
#10797 = CIRCLE('',#10798,15.);
#10798 = AXIS2_PLACEMENT_3D('',#10799,#10800,#10801);
#10799 = CARTESIAN_POINT('',(52.,13.,203.9));
#10800 = DIRECTION('',(0.,0.,-1.));
#10801 = DIRECTION('',(-1.,0.,0.));
#10802 = PLANE('',#10803);
#10803 = AXIS2_PLACEMENT_3D('',#10804,#10805,#10806);
#10804 = CARTESIAN_POINT('',(70.,-16.,203.9));
#10805 = DIRECTION('',(0.,0.,-1.));
#10806 = DIRECTION('',(-1.,0.,0.));
#10807 = ADVANCED_FACE('',(#10808),#10827,.T.);
#10808 = FACE_BOUND('',#10809,.T.);
#10809 = EDGE_LOOP('',(#10810,#10819,#10825,#10826));
#10810 = ORIENTED_EDGE('',*,*,#10811,.F.);
#10811 = EDGE_CURVE('',#10812,#10812,#10814,.T.);
#10812 = VERTEX_POINT('',#10813);
#10813 = CARTESIAN_POINT('',(37.,13.,196.9));
#10814 = CIRCLE('',#10815,15.);
#10815 = AXIS2_PLACEMENT_3D('',#10816,#10817,#10818);
#10816 = CARTESIAN_POINT('',(52.,13.,196.9));
#10817 = DIRECTION('',(0.,0.,-1.));
#10818 = DIRECTION('',(-1.,0.,0.));
#10819 = ORIENTED_EDGE('',*,*,#10820,.F.);
#10820 = EDGE_CURVE('',#10795,#10812,#10821,.T.);
#10821 = LINE('',#10822,#10823);
#10822 = CARTESIAN_POINT('',(37.,13.,203.9));
#10823 = VECTOR('',#10824,1.);
#10824 = DIRECTION('',(0.,0.,-1.));
#10825 = ORIENTED_EDGE('',*,*,#10794,.T.);
#10826 = ORIENTED_EDGE('',*,*,#10820,.T.);
#10827 = CYLINDRICAL_SURFACE('',#10828,15.);
#10828 = AXIS2_PLACEMENT_3D('',#10829,#10830,#10831);
#10829 = CARTESIAN_POINT('',(52.,13.,203.9));
#10830 = DIRECTION('',(0.,0.,-1.));
#10831 = DIRECTION('',(-1.,0.,0.));
#10832 = ADVANCED_FACE('',(#10833),#10836,.T.);
#10833 = FACE_BOUND('',#10834,.T.);
#10834 = EDGE_LOOP('',(#10835));
#10835 = ORIENTED_EDGE('',*,*,#10811,.T.);
#10836 = PLANE('',#10837);
#10837 = AXIS2_PLACEMENT_3D('',#10838,#10839,#10840);
#10838 = CARTESIAN_POINT('',(52.,13.,196.9));
#10839 = DIRECTION('',(0.,0.,-1.));
#10840 = DIRECTION('',(-1.,0.,0.));
#10841 = MANIFOLD_SOLID_BREP('',#10842);
#10842 = CLOSED_SHELL('',(#10843,#10876,#10896,#10916,#10941,#10966,
    #10986,#11006,#11031,#11056,#11133,#11153,#11184,#11208,#11232,
    #11249,#11280,#11304,#11328,#11345,#11370,#11382,#11394));
#10843 = ADVANCED_FACE('',(#10844),#10871,.T.);
#10844 = FACE_BOUND('',#10845,.T.);
#10845 = EDGE_LOOP('',(#10846,#10855,#10863,#10870));
#10846 = ORIENTED_EDGE('',*,*,#10847,.F.);
#10847 = EDGE_CURVE('',#10848,#10848,#10850,.T.);
#10848 = VERTEX_POINT('',#10849);
#10849 = CARTESIAN_POINT('',(-60.,-13.,231.));
#10850 = CIRCLE('',#10851,9.);
#10851 = AXIS2_PLACEMENT_3D('',#10852,#10853,#10854);
#10852 = CARTESIAN_POINT('',(-60.,-22.,231.));
#10853 = DIRECTION('',(-0.,2.22044604925E-16,-1.));
#10854 = DIRECTION('',(0.,1.,2.22044604925E-16));
#10855 = ORIENTED_EDGE('',*,*,#10856,.F.);
#10856 = EDGE_CURVE('',#10857,#10848,#10859,.T.);
#10857 = VERTEX_POINT('',#10858);
#10858 = CARTESIAN_POINT('',(-60.,-13.,232.5));
#10859 = LINE('',#10860,#10861);
#10860 = CARTESIAN_POINT('',(-60.,-13.,232.5));
#10861 = VECTOR('',#10862,1.);
#10862 = DIRECTION('',(0.,2.22044604925E-16,-1.));
#10863 = ORIENTED_EDGE('',*,*,#10864,.T.);
#10864 = EDGE_CURVE('',#10857,#10857,#10865,.T.);
#10865 = CIRCLE('',#10866,9.);
#10866 = AXIS2_PLACEMENT_3D('',#10867,#10868,#10869);
#10867 = CARTESIAN_POINT('',(-60.,-22.,232.5));
#10868 = DIRECTION('',(-0.,2.22044604925E-16,-1.));
#10869 = DIRECTION('',(0.,1.,2.22044604925E-16));
#10870 = ORIENTED_EDGE('',*,*,#10856,.T.);
#10871 = CYLINDRICAL_SURFACE('',#10872,9.);
#10872 = AXIS2_PLACEMENT_3D('',#10873,#10874,#10875);
#10873 = CARTESIAN_POINT('',(-60.,-22.,232.5));
#10874 = DIRECTION('',(0.,2.22044604925E-16,-1.));
#10875 = DIRECTION('',(0.,1.,2.22044604925E-16));
#10876 = ADVANCED_FACE('',(#10877,#10880),#10891,.T.);
#10877 = FACE_BOUND('',#10878,.T.);
#10878 = EDGE_LOOP('',(#10879));
#10879 = ORIENTED_EDGE('',*,*,#10847,.T.);
#10880 = FACE_BOUND('',#10881,.T.);
#10881 = EDGE_LOOP('',(#10882));
#10882 = ORIENTED_EDGE('',*,*,#10883,.F.);
#10883 = EDGE_CURVE('',#10884,#10884,#10886,.T.);
#10884 = VERTEX_POINT('',#10885);
#10885 = CARTESIAN_POINT('',(-60.,-14.,231.));
#10886 = CIRCLE('',#10887,8.);
#10887 = AXIS2_PLACEMENT_3D('',#10888,#10889,#10890);
#10888 = CARTESIAN_POINT('',(-60.,-22.,231.));
#10889 = DIRECTION('',(-0.,2.22044604925E-16,-1.));
#10890 = DIRECTION('',(0.,1.,2.22044604925E-16));
#10891 = PLANE('',#10892);
#10892 = AXIS2_PLACEMENT_3D('',#10893,#10894,#10895);
#10893 = CARTESIAN_POINT('',(-60.,-22.,231.));
#10894 = DIRECTION('',(0.,2.22044604925E-16,-1.));
#10895 = DIRECTION('',(0.,1.,2.22044604925E-16));
#10896 = ADVANCED_FACE('',(#10897,#10900),#10911,.F.);
#10897 = FACE_BOUND('',#10898,.F.);
#10898 = EDGE_LOOP('',(#10899));
#10899 = ORIENTED_EDGE('',*,*,#10864,.T.);
#10900 = FACE_BOUND('',#10901,.F.);
#10901 = EDGE_LOOP('',(#10902));
#10902 = ORIENTED_EDGE('',*,*,#10903,.F.);
#10903 = EDGE_CURVE('',#10904,#10904,#10906,.T.);
#10904 = VERTEX_POINT('',#10905);
#10905 = CARTESIAN_POINT('',(-60.,-15.8,232.5));
#10906 = CIRCLE('',#10907,6.2);
#10907 = AXIS2_PLACEMENT_3D('',#10908,#10909,#10910);
#10908 = CARTESIAN_POINT('',(-60.,-22.,232.5));
#10909 = DIRECTION('',(-0.,2.22044604925E-16,-1.));
#10910 = DIRECTION('',(0.,1.,2.22044604925E-16));
#10911 = PLANE('',#10912);
#10912 = AXIS2_PLACEMENT_3D('',#10913,#10914,#10915);
#10913 = CARTESIAN_POINT('',(-60.,-22.,232.5));
#10914 = DIRECTION('',(0.,2.22044604925E-16,-1.));
#10915 = DIRECTION('',(0.,1.,2.22044604925E-16));
#10916 = ADVANCED_FACE('',(#10917),#10936,.T.);
#10917 = FACE_BOUND('',#10918,.T.);
#10918 = EDGE_LOOP('',(#10919,#10928,#10934,#10935));
#10919 = ORIENTED_EDGE('',*,*,#10920,.F.);
#10920 = EDGE_CURVE('',#10921,#10921,#10923,.T.);
#10921 = VERTEX_POINT('',#10922);
#10922 = CARTESIAN_POINT('',(-60.,-14.,215.));
#10923 = CIRCLE('',#10924,8.);
#10924 = AXIS2_PLACEMENT_3D('',#10925,#10926,#10927);
#10925 = CARTESIAN_POINT('',(-60.,-22.,215.));
#10926 = DIRECTION('',(-0.,2.22044604925E-16,-1.));
#10927 = DIRECTION('',(0.,1.,2.22044604925E-16));
#10928 = ORIENTED_EDGE('',*,*,#10929,.F.);
#10929 = EDGE_CURVE('',#10884,#10921,#10930,.T.);
#10930 = LINE('',#10931,#10932);
#10931 = CARTESIAN_POINT('',(-60.,-14.,231.));
#10932 = VECTOR('',#10933,1.);
#10933 = DIRECTION('',(0.,2.22044604925E-16,-1.));
#10934 = ORIENTED_EDGE('',*,*,#10883,.T.);
#10935 = ORIENTED_EDGE('',*,*,#10929,.T.);
#10936 = CYLINDRICAL_SURFACE('',#10937,8.);
#10937 = AXIS2_PLACEMENT_3D('',#10938,#10939,#10940);
#10938 = CARTESIAN_POINT('',(-60.,-22.,231.));
#10939 = DIRECTION('',(0.,2.22044604925E-16,-1.));
#10940 = DIRECTION('',(0.,1.,2.22044604925E-16));
#10941 = ADVANCED_FACE('',(#10942),#10961,.F.);
#10942 = FACE_BOUND('',#10943,.F.);
#10943 = EDGE_LOOP('',(#10944,#10953,#10959,#10960));
#10944 = ORIENTED_EDGE('',*,*,#10945,.F.);
#10945 = EDGE_CURVE('',#10946,#10946,#10948,.T.);
#10946 = VERTEX_POINT('',#10947);
#10947 = CARTESIAN_POINT('',(-60.,-15.8,231.));
#10948 = CIRCLE('',#10949,6.2);
#10949 = AXIS2_PLACEMENT_3D('',#10950,#10951,#10952);
#10950 = CARTESIAN_POINT('',(-60.,-22.,231.));
#10951 = DIRECTION('',(-0.,2.22044604925E-16,-1.));
#10952 = DIRECTION('',(0.,1.,2.22044604925E-16));
#10953 = ORIENTED_EDGE('',*,*,#10954,.F.);
#10954 = EDGE_CURVE('',#10904,#10946,#10955,.T.);
#10955 = LINE('',#10956,#10957);
#10956 = CARTESIAN_POINT('',(-60.,-15.8,232.55));
#10957 = VECTOR('',#10958,1.);
#10958 = DIRECTION('',(0.,2.22044604925E-16,-1.));
#10959 = ORIENTED_EDGE('',*,*,#10903,.T.);
#10960 = ORIENTED_EDGE('',*,*,#10954,.T.);
#10961 = CYLINDRICAL_SURFACE('',#10962,6.2);
#10962 = AXIS2_PLACEMENT_3D('',#10963,#10964,#10965);
#10963 = CARTESIAN_POINT('',(-60.,-22.,232.55));
#10964 = DIRECTION('',(0.,2.22044604925E-16,-1.));
#10965 = DIRECTION('',(0.,1.,2.22044604925E-16));
#10966 = ADVANCED_FACE('',(#10967,#10970),#10981,.T.);
#10967 = FACE_BOUND('',#10968,.T.);
#10968 = EDGE_LOOP('',(#10969));
#10969 = ORIENTED_EDGE('',*,*,#10920,.T.);
#10970 = FACE_BOUND('',#10971,.T.);
#10971 = EDGE_LOOP('',(#10972));
#10972 = ORIENTED_EDGE('',*,*,#10973,.F.);
#10973 = EDGE_CURVE('',#10974,#10974,#10976,.T.);
#10974 = VERTEX_POINT('',#10975);
#10975 = CARTESIAN_POINT('',(-60.,-15.,215.));
#10976 = CIRCLE('',#10977,7.);
#10977 = AXIS2_PLACEMENT_3D('',#10978,#10979,#10980);
#10978 = CARTESIAN_POINT('',(-60.,-22.,215.));
#10979 = DIRECTION('',(-0.,2.22044604925E-16,-1.));
#10980 = DIRECTION('',(0.,1.,2.22044604925E-16));
#10981 = PLANE('',#10982);
#10982 = AXIS2_PLACEMENT_3D('',#10983,#10984,#10985);
#10983 = CARTESIAN_POINT('',(-60.,-22.,215.));
#10984 = DIRECTION('',(0.,2.22044604925E-16,-1.));
#10985 = DIRECTION('',(0.,1.,2.22044604925E-16));
#10986 = ADVANCED_FACE('',(#10987,#10990),#11001,.F.);
#10987 = FACE_BOUND('',#10988,.F.);
#10988 = EDGE_LOOP('',(#10989));
#10989 = ORIENTED_EDGE('',*,*,#10945,.T.);
#10990 = FACE_BOUND('',#10991,.F.);
#10991 = EDGE_LOOP('',(#10992));
#10992 = ORIENTED_EDGE('',*,*,#10993,.F.);
#10993 = EDGE_CURVE('',#10994,#10994,#10996,.T.);
#10994 = VERTEX_POINT('',#10995);
#10995 = CARTESIAN_POINT('',(-60.,-16.,231.));
#10996 = CIRCLE('',#10997,6.);
#10997 = AXIS2_PLACEMENT_3D('',#10998,#10999,#11000);
#10998 = CARTESIAN_POINT('',(-60.,-22.,231.));
#10999 = DIRECTION('',(-0.,2.22044604925E-16,-1.));
#11000 = DIRECTION('',(0.,1.,2.22044604925E-16));
#11001 = PLANE('',#11002);
#11002 = AXIS2_PLACEMENT_3D('',#11003,#11004,#11005);
#11003 = CARTESIAN_POINT('',(-60.,-22.,231.));
#11004 = DIRECTION('',(0.,2.22044604925E-16,-1.));
#11005 = DIRECTION('',(0.,1.,2.22044604925E-16));
#11006 = ADVANCED_FACE('',(#11007),#11026,.T.);
#11007 = FACE_BOUND('',#11008,.T.);
#11008 = EDGE_LOOP('',(#11009,#11018,#11024,#11025));
#11009 = ORIENTED_EDGE('',*,*,#11010,.F.);
#11010 = EDGE_CURVE('',#11011,#11011,#11013,.T.);
#11011 = VERTEX_POINT('',#11012);
#11012 = CARTESIAN_POINT('',(-60.,-15.,213.));
#11013 = CIRCLE('',#11014,7.);
#11014 = AXIS2_PLACEMENT_3D('',#11015,#11016,#11017);
#11015 = CARTESIAN_POINT('',(-60.,-22.,213.));
#11016 = DIRECTION('',(-0.,2.22044604925E-16,-1.));
#11017 = DIRECTION('',(0.,1.,2.22044604925E-16));
#11018 = ORIENTED_EDGE('',*,*,#11019,.F.);
#11019 = EDGE_CURVE('',#10974,#11011,#11020,.T.);
#11020 = LINE('',#11021,#11022);
#11021 = CARTESIAN_POINT('',(-60.,-15.,215.));
#11022 = VECTOR('',#11023,1.);
#11023 = DIRECTION('',(0.,2.22044604925E-16,-1.));
#11024 = ORIENTED_EDGE('',*,*,#10973,.T.);
#11025 = ORIENTED_EDGE('',*,*,#11019,.T.);
#11026 = CYLINDRICAL_SURFACE('',#11027,7.);
#11027 = AXIS2_PLACEMENT_3D('',#11028,#11029,#11030);
#11028 = CARTESIAN_POINT('',(-60.,-22.,215.));
#11029 = DIRECTION('',(0.,2.22044604925E-16,-1.));
#11030 = DIRECTION('',(0.,1.,2.22044604925E-16));
#11031 = ADVANCED_FACE('',(#11032),#11051,.T.);
#11032 = FACE_BOUND('',#11033,.T.);
#11033 = EDGE_LOOP('',(#11034,#11035,#11043,#11050));
#11034 = ORIENTED_EDGE('',*,*,#10993,.F.);
#11035 = ORIENTED_EDGE('',*,*,#11036,.F.);
#11036 = EDGE_CURVE('',#11037,#10994,#11039,.T.);
#11037 = VERTEX_POINT('',#11038);
#11038 = CARTESIAN_POINT('',(-60.,-16.,232.));
#11039 = LINE('',#11040,#11041);
#11040 = CARTESIAN_POINT('',(-60.,-16.,232.));
#11041 = VECTOR('',#11042,1.);
#11042 = DIRECTION('',(0.,2.22044604925E-16,-1.));
#11043 = ORIENTED_EDGE('',*,*,#11044,.T.);
#11044 = EDGE_CURVE('',#11037,#11037,#11045,.T.);
#11045 = CIRCLE('',#11046,6.);
#11046 = AXIS2_PLACEMENT_3D('',#11047,#11048,#11049);
#11047 = CARTESIAN_POINT('',(-60.,-22.,232.));
#11048 = DIRECTION('',(-0.,2.22044604925E-16,-1.));
#11049 = DIRECTION('',(0.,1.,2.22044604925E-16));
#11050 = ORIENTED_EDGE('',*,*,#11036,.T.);
#11051 = CYLINDRICAL_SURFACE('',#11052,6.);
#11052 = AXIS2_PLACEMENT_3D('',#11053,#11054,#11055);
#11053 = CARTESIAN_POINT('',(-60.,-22.,232.));
#11054 = DIRECTION('',(0.,2.22044604925E-16,-1.));
#11055 = DIRECTION('',(0.,1.,2.22044604925E-16));
#11056 = ADVANCED_FACE('',(#11057,#11060,#11094),#11128,.T.);
#11057 = FACE_BOUND('',#11058,.T.);
#11058 = EDGE_LOOP('',(#11059));
#11059 = ORIENTED_EDGE('',*,*,#11010,.T.);
#11060 = FACE_BOUND('',#11061,.T.);
#11061 = EDGE_LOOP('',(#11062,#11072,#11080,#11088));
#11062 = ORIENTED_EDGE('',*,*,#11063,.F.);
#11063 = EDGE_CURVE('',#11064,#11066,#11068,.T.);
#11064 = VERTEX_POINT('',#11065);
#11065 = CARTESIAN_POINT('',(-66.,-24.,213.));
#11066 = VERTEX_POINT('',#11067);
#11067 = CARTESIAN_POINT('',(-66.,-20.,213.));
#11068 = LINE('',#11069,#11070);
#11069 = CARTESIAN_POINT('',(-66.,-24.,213.));
#11070 = VECTOR('',#11071,1.);
#11071 = DIRECTION('',(0.,1.,2.22044604925E-16));
#11072 = ORIENTED_EDGE('',*,*,#11073,.T.);
#11073 = EDGE_CURVE('',#11064,#11074,#11076,.T.);
#11074 = VERTEX_POINT('',#11075);
#11075 = CARTESIAN_POINT('',(-62.,-24.,213.));
#11076 = LINE('',#11077,#11078);
#11077 = CARTESIAN_POINT('',(-66.,-24.,213.));
#11078 = VECTOR('',#11079,1.);
#11079 = DIRECTION('',(1.,0.,-0.));
#11080 = ORIENTED_EDGE('',*,*,#11081,.T.);
#11081 = EDGE_CURVE('',#11074,#11082,#11084,.T.);
#11082 = VERTEX_POINT('',#11083);
#11083 = CARTESIAN_POINT('',(-62.,-20.,213.));
#11084 = LINE('',#11085,#11086);
#11085 = CARTESIAN_POINT('',(-62.,-24.,213.));
#11086 = VECTOR('',#11087,1.);
#11087 = DIRECTION('',(0.,1.,2.22044604925E-16));
#11088 = ORIENTED_EDGE('',*,*,#11089,.F.);
#11089 = EDGE_CURVE('',#11066,#11082,#11090,.T.);
#11090 = LINE('',#11091,#11092);
#11091 = CARTESIAN_POINT('',(-66.,-20.,213.));
#11092 = VECTOR('',#11093,1.);
#11093 = DIRECTION('',(1.,0.,-0.));
#11094 = FACE_BOUND('',#11095,.T.);
#11095 = EDGE_LOOP('',(#11096,#11106,#11114,#11122));
#11096 = ORIENTED_EDGE('',*,*,#11097,.F.);
#11097 = EDGE_CURVE('',#11098,#11100,#11102,.T.);
#11098 = VERTEX_POINT('',#11099);
#11099 = CARTESIAN_POINT('',(-58.,-24.,213.));
#11100 = VERTEX_POINT('',#11101);
#11101 = CARTESIAN_POINT('',(-58.,-20.,213.));
#11102 = LINE('',#11103,#11104);
#11103 = CARTESIAN_POINT('',(-58.,-24.,213.));
#11104 = VECTOR('',#11105,1.);
#11105 = DIRECTION('',(0.,1.,2.22044604925E-16));
#11106 = ORIENTED_EDGE('',*,*,#11107,.T.);
#11107 = EDGE_CURVE('',#11098,#11108,#11110,.T.);
#11108 = VERTEX_POINT('',#11109);
#11109 = CARTESIAN_POINT('',(-54.,-24.,213.));
#11110 = LINE('',#11111,#11112);
#11111 = CARTESIAN_POINT('',(-58.,-24.,213.));
#11112 = VECTOR('',#11113,1.);
#11113 = DIRECTION('',(1.,0.,-0.));
#11114 = ORIENTED_EDGE('',*,*,#11115,.T.);
#11115 = EDGE_CURVE('',#11108,#11116,#11118,.T.);
#11116 = VERTEX_POINT('',#11117);
#11117 = CARTESIAN_POINT('',(-54.,-20.,213.));
#11118 = LINE('',#11119,#11120);
#11119 = CARTESIAN_POINT('',(-54.,-24.,213.));
#11120 = VECTOR('',#11121,1.);
#11121 = DIRECTION('',(0.,1.,2.22044604925E-16));
#11122 = ORIENTED_EDGE('',*,*,#11123,.F.);
#11123 = EDGE_CURVE('',#11100,#11116,#11124,.T.);
#11124 = LINE('',#11125,#11126);
#11125 = CARTESIAN_POINT('',(-58.,-20.,213.));
#11126 = VECTOR('',#11127,1.);
#11127 = DIRECTION('',(1.,0.,-0.));
#11128 = PLANE('',#11129);
#11129 = AXIS2_PLACEMENT_3D('',#11130,#11131,#11132);
#11130 = CARTESIAN_POINT('',(-60.,-22.,213.));
#11131 = DIRECTION('',(0.,2.22044604925E-16,-1.));
#11132 = DIRECTION('',(0.,1.,2.22044604925E-16));
#11133 = ADVANCED_FACE('',(#11134,#11137),#11148,.F.);
#11134 = FACE_BOUND('',#11135,.F.);
#11135 = EDGE_LOOP('',(#11136));
#11136 = ORIENTED_EDGE('',*,*,#11044,.T.);
#11137 = FACE_BOUND('',#11138,.F.);
#11138 = EDGE_LOOP('',(#11139));
#11139 = ORIENTED_EDGE('',*,*,#11140,.F.);
#11140 = EDGE_CURVE('',#11141,#11141,#11143,.T.);
#11141 = VERTEX_POINT('',#11142);
#11142 = CARTESIAN_POINT('',(-60.,-16.6,232.));
#11143 = CIRCLE('',#11144,5.4);
#11144 = AXIS2_PLACEMENT_3D('',#11145,#11146,#11147);
#11145 = CARTESIAN_POINT('',(-60.,-22.,232.));
#11146 = DIRECTION('',(-0.,2.22044604925E-16,-1.));
#11147 = DIRECTION('',(0.,1.,2.22044604925E-16));
#11148 = PLANE('',#11149);
#11149 = AXIS2_PLACEMENT_3D('',#11150,#11151,#11152);
#11150 = CARTESIAN_POINT('',(-60.,-22.,232.));
#11151 = DIRECTION('',(0.,2.22044604925E-16,-1.));
#11152 = DIRECTION('',(0.,1.,2.22044604925E-16));
#11153 = ADVANCED_FACE('',(#11154),#11179,.F.);
#11154 = FACE_BOUND('',#11155,.F.);
#11155 = EDGE_LOOP('',(#11156,#11157,#11165,#11173));
#11156 = ORIENTED_EDGE('',*,*,#11063,.F.);
#11157 = ORIENTED_EDGE('',*,*,#11158,.T.);
#11158 = EDGE_CURVE('',#11064,#11159,#11161,.T.);
#11159 = VERTEX_POINT('',#11160);
#11160 = CARTESIAN_POINT('',(-66.,-24.,211.));
#11161 = LINE('',#11162,#11163);
#11162 = CARTESIAN_POINT('',(-66.,-24.,213.));
#11163 = VECTOR('',#11164,1.);
#11164 = DIRECTION('',(0.,2.22044604925E-16,-1.));
#11165 = ORIENTED_EDGE('',*,*,#11166,.T.);
#11166 = EDGE_CURVE('',#11159,#11167,#11169,.T.);
#11167 = VERTEX_POINT('',#11168);
#11168 = CARTESIAN_POINT('',(-66.,-20.,211.));
#11169 = LINE('',#11170,#11171);
#11170 = CARTESIAN_POINT('',(-66.,-24.,211.));
#11171 = VECTOR('',#11172,1.);
#11172 = DIRECTION('',(0.,1.,2.22044604925E-16));
#11173 = ORIENTED_EDGE('',*,*,#11174,.F.);
#11174 = EDGE_CURVE('',#11066,#11167,#11175,.T.);
#11175 = LINE('',#11176,#11177);
#11176 = CARTESIAN_POINT('',(-66.,-20.,213.));
#11177 = VECTOR('',#11178,1.);
#11178 = DIRECTION('',(0.,2.22044604925E-16,-1.));
#11179 = PLANE('',#11180);
#11180 = AXIS2_PLACEMENT_3D('',#11181,#11182,#11183);
#11181 = CARTESIAN_POINT('',(-66.,-24.,213.));
#11182 = DIRECTION('',(1.,0.,-0.));
#11183 = DIRECTION('',(0.,1.,2.22044604925E-16));
#11184 = ADVANCED_FACE('',(#11185),#11203,.F.);
#11185 = FACE_BOUND('',#11186,.F.);
#11186 = EDGE_LOOP('',(#11187,#11188,#11189,#11197));
#11187 = ORIENTED_EDGE('',*,*,#11158,.F.);
#11188 = ORIENTED_EDGE('',*,*,#11073,.T.);
#11189 = ORIENTED_EDGE('',*,*,#11190,.T.);
#11190 = EDGE_CURVE('',#11074,#11191,#11193,.T.);
#11191 = VERTEX_POINT('',#11192);
#11192 = CARTESIAN_POINT('',(-62.,-24.,211.));
#11193 = LINE('',#11194,#11195);
#11194 = CARTESIAN_POINT('',(-62.,-24.,213.));
#11195 = VECTOR('',#11196,1.);
#11196 = DIRECTION('',(0.,2.22044604925E-16,-1.));
#11197 = ORIENTED_EDGE('',*,*,#11198,.F.);
#11198 = EDGE_CURVE('',#11159,#11191,#11199,.T.);
#11199 = LINE('',#11200,#11201);
#11200 = CARTESIAN_POINT('',(-66.,-24.,211.));
#11201 = VECTOR('',#11202,1.);
#11202 = DIRECTION('',(1.,0.,-0.));
#11203 = PLANE('',#11204);
#11204 = AXIS2_PLACEMENT_3D('',#11205,#11206,#11207);
#11205 = CARTESIAN_POINT('',(-66.,-24.,213.));
#11206 = DIRECTION('',(0.,1.,2.22044604925E-16));
#11207 = DIRECTION('',(1.,0.,-0.));
#11208 = ADVANCED_FACE('',(#11209),#11227,.T.);
#11209 = FACE_BOUND('',#11210,.T.);
#11210 = EDGE_LOOP('',(#11211,#11212,#11213,#11221));
#11211 = ORIENTED_EDGE('',*,*,#11174,.F.);
#11212 = ORIENTED_EDGE('',*,*,#11089,.T.);
#11213 = ORIENTED_EDGE('',*,*,#11214,.T.);
#11214 = EDGE_CURVE('',#11082,#11215,#11217,.T.);
#11215 = VERTEX_POINT('',#11216);
#11216 = CARTESIAN_POINT('',(-62.,-20.,211.));
#11217 = LINE('',#11218,#11219);
#11218 = CARTESIAN_POINT('',(-62.,-20.,213.));
#11219 = VECTOR('',#11220,1.);
#11220 = DIRECTION('',(0.,2.22044604925E-16,-1.));
#11221 = ORIENTED_EDGE('',*,*,#11222,.F.);
#11222 = EDGE_CURVE('',#11167,#11215,#11223,.T.);
#11223 = LINE('',#11224,#11225);
#11224 = CARTESIAN_POINT('',(-66.,-20.,211.));
#11225 = VECTOR('',#11226,1.);
#11226 = DIRECTION('',(1.,0.,-0.));
#11227 = PLANE('',#11228);
#11228 = AXIS2_PLACEMENT_3D('',#11229,#11230,#11231);
#11229 = CARTESIAN_POINT('',(-66.,-20.,213.));
#11230 = DIRECTION('',(0.,1.,2.22044604925E-16));
#11231 = DIRECTION('',(1.,0.,-0.));
#11232 = ADVANCED_FACE('',(#11233),#11244,.T.);
#11233 = FACE_BOUND('',#11234,.T.);
#11234 = EDGE_LOOP('',(#11235,#11236,#11237,#11243));
#11235 = ORIENTED_EDGE('',*,*,#11081,.F.);
#11236 = ORIENTED_EDGE('',*,*,#11190,.T.);
#11237 = ORIENTED_EDGE('',*,*,#11238,.T.);
#11238 = EDGE_CURVE('',#11191,#11215,#11239,.T.);
#11239 = LINE('',#11240,#11241);
#11240 = CARTESIAN_POINT('',(-62.,-24.,211.));
#11241 = VECTOR('',#11242,1.);
#11242 = DIRECTION('',(0.,1.,2.22044604925E-16));
#11243 = ORIENTED_EDGE('',*,*,#11214,.F.);
#11244 = PLANE('',#11245);
#11245 = AXIS2_PLACEMENT_3D('',#11246,#11247,#11248);
#11246 = CARTESIAN_POINT('',(-62.,-24.,213.));
#11247 = DIRECTION('',(1.,0.,-0.));
#11248 = DIRECTION('',(0.,1.,2.22044604925E-16));
#11249 = ADVANCED_FACE('',(#11250),#11275,.F.);
#11250 = FACE_BOUND('',#11251,.F.);
#11251 = EDGE_LOOP('',(#11252,#11253,#11261,#11269));
#11252 = ORIENTED_EDGE('',*,*,#11097,.F.);
#11253 = ORIENTED_EDGE('',*,*,#11254,.T.);
#11254 = EDGE_CURVE('',#11098,#11255,#11257,.T.);
#11255 = VERTEX_POINT('',#11256);
#11256 = CARTESIAN_POINT('',(-58.,-24.,211.));
#11257 = LINE('',#11258,#11259);
#11258 = CARTESIAN_POINT('',(-58.,-24.,213.));
#11259 = VECTOR('',#11260,1.);
#11260 = DIRECTION('',(0.,2.22044604925E-16,-1.));
#11261 = ORIENTED_EDGE('',*,*,#11262,.T.);
#11262 = EDGE_CURVE('',#11255,#11263,#11265,.T.);
#11263 = VERTEX_POINT('',#11264);
#11264 = CARTESIAN_POINT('',(-58.,-20.,211.));
#11265 = LINE('',#11266,#11267);
#11266 = CARTESIAN_POINT('',(-58.,-24.,211.));
#11267 = VECTOR('',#11268,1.);
#11268 = DIRECTION('',(0.,1.,2.22044604925E-16));
#11269 = ORIENTED_EDGE('',*,*,#11270,.F.);
#11270 = EDGE_CURVE('',#11100,#11263,#11271,.T.);
#11271 = LINE('',#11272,#11273);
#11272 = CARTESIAN_POINT('',(-58.,-20.,213.));
#11273 = VECTOR('',#11274,1.);
#11274 = DIRECTION('',(0.,2.22044604925E-16,-1.));
#11275 = PLANE('',#11276);
#11276 = AXIS2_PLACEMENT_3D('',#11277,#11278,#11279);
#11277 = CARTESIAN_POINT('',(-58.,-24.,213.));
#11278 = DIRECTION('',(1.,0.,-0.));
#11279 = DIRECTION('',(0.,1.,2.22044604925E-16));
#11280 = ADVANCED_FACE('',(#11281),#11299,.T.);
#11281 = FACE_BOUND('',#11282,.T.);
#11282 = EDGE_LOOP('',(#11283,#11284,#11285,#11293));
#11283 = ORIENTED_EDGE('',*,*,#11270,.F.);
#11284 = ORIENTED_EDGE('',*,*,#11123,.T.);
#11285 = ORIENTED_EDGE('',*,*,#11286,.T.);
#11286 = EDGE_CURVE('',#11116,#11287,#11289,.T.);
#11287 = VERTEX_POINT('',#11288);
#11288 = CARTESIAN_POINT('',(-54.,-20.,211.));
#11289 = LINE('',#11290,#11291);
#11290 = CARTESIAN_POINT('',(-54.,-20.,213.));
#11291 = VECTOR('',#11292,1.);
#11292 = DIRECTION('',(0.,2.22044604925E-16,-1.));
#11293 = ORIENTED_EDGE('',*,*,#11294,.F.);
#11294 = EDGE_CURVE('',#11263,#11287,#11295,.T.);
#11295 = LINE('',#11296,#11297);
#11296 = CARTESIAN_POINT('',(-58.,-20.,211.));
#11297 = VECTOR('',#11298,1.);
#11298 = DIRECTION('',(1.,0.,-0.));
#11299 = PLANE('',#11300);
#11300 = AXIS2_PLACEMENT_3D('',#11301,#11302,#11303);
#11301 = CARTESIAN_POINT('',(-58.,-20.,213.));
#11302 = DIRECTION('',(0.,1.,2.22044604925E-16));
#11303 = DIRECTION('',(1.,0.,-0.));
#11304 = ADVANCED_FACE('',(#11305),#11323,.T.);
#11305 = FACE_BOUND('',#11306,.T.);
#11306 = EDGE_LOOP('',(#11307,#11308,#11316,#11322));
#11307 = ORIENTED_EDGE('',*,*,#11115,.F.);
#11308 = ORIENTED_EDGE('',*,*,#11309,.T.);
#11309 = EDGE_CURVE('',#11108,#11310,#11312,.T.);
#11310 = VERTEX_POINT('',#11311);
#11311 = CARTESIAN_POINT('',(-54.,-24.,211.));
#11312 = LINE('',#11313,#11314);
#11313 = CARTESIAN_POINT('',(-54.,-24.,213.));
#11314 = VECTOR('',#11315,1.);
#11315 = DIRECTION('',(0.,2.22044604925E-16,-1.));
#11316 = ORIENTED_EDGE('',*,*,#11317,.T.);
#11317 = EDGE_CURVE('',#11310,#11287,#11318,.T.);
#11318 = LINE('',#11319,#11320);
#11319 = CARTESIAN_POINT('',(-54.,-24.,211.));
#11320 = VECTOR('',#11321,1.);
#11321 = DIRECTION('',(0.,1.,2.22044604925E-16));
#11322 = ORIENTED_EDGE('',*,*,#11286,.F.);
#11323 = PLANE('',#11324);
#11324 = AXIS2_PLACEMENT_3D('',#11325,#11326,#11327);
#11325 = CARTESIAN_POINT('',(-54.,-24.,213.));
#11326 = DIRECTION('',(1.,0.,-0.));
#11327 = DIRECTION('',(0.,1.,2.22044604925E-16));
#11328 = ADVANCED_FACE('',(#11329),#11340,.F.);
#11329 = FACE_BOUND('',#11330,.F.);
#11330 = EDGE_LOOP('',(#11331,#11332,#11333,#11334));
#11331 = ORIENTED_EDGE('',*,*,#11254,.F.);
#11332 = ORIENTED_EDGE('',*,*,#11107,.T.);
#11333 = ORIENTED_EDGE('',*,*,#11309,.T.);
#11334 = ORIENTED_EDGE('',*,*,#11335,.F.);
#11335 = EDGE_CURVE('',#11255,#11310,#11336,.T.);
#11336 = LINE('',#11337,#11338);
#11337 = CARTESIAN_POINT('',(-58.,-24.,211.));
#11338 = VECTOR('',#11339,1.);
#11339 = DIRECTION('',(1.,0.,-0.));
#11340 = PLANE('',#11341);
#11341 = AXIS2_PLACEMENT_3D('',#11342,#11343,#11344);
#11342 = CARTESIAN_POINT('',(-58.,-24.,213.));
#11343 = DIRECTION('',(0.,1.,2.22044604925E-16));
#11344 = DIRECTION('',(1.,0.,-0.));
#11345 = ADVANCED_FACE('',(#11346),#11365,.T.);
#11346 = FACE_BOUND('',#11347,.T.);
#11347 = EDGE_LOOP('',(#11348,#11349,#11357,#11364));
#11348 = ORIENTED_EDGE('',*,*,#11140,.F.);
#11349 = ORIENTED_EDGE('',*,*,#11350,.F.);
#11350 = EDGE_CURVE('',#11351,#11141,#11353,.T.);
#11351 = VERTEX_POINT('',#11352);
#11352 = CARTESIAN_POINT('',(-60.,-16.6,233.));
#11353 = LINE('',#11354,#11355);
#11354 = CARTESIAN_POINT('',(-60.,-16.6,233.));
#11355 = VECTOR('',#11356,1.);
#11356 = DIRECTION('',(0.,2.22044604925E-16,-1.));
#11357 = ORIENTED_EDGE('',*,*,#11358,.T.);
#11358 = EDGE_CURVE('',#11351,#11351,#11359,.T.);
#11359 = CIRCLE('',#11360,5.4);
#11360 = AXIS2_PLACEMENT_3D('',#11361,#11362,#11363);
#11361 = CARTESIAN_POINT('',(-60.,-22.,233.));
#11362 = DIRECTION('',(-0.,2.22044604925E-16,-1.));
#11363 = DIRECTION('',(0.,1.,2.22044604925E-16));
#11364 = ORIENTED_EDGE('',*,*,#11350,.T.);
#11365 = CYLINDRICAL_SURFACE('',#11366,5.4);
#11366 = AXIS2_PLACEMENT_3D('',#11367,#11368,#11369);
#11367 = CARTESIAN_POINT('',(-60.,-22.,233.));
#11368 = DIRECTION('',(0.,2.22044604925E-16,-1.));
#11369 = DIRECTION('',(0.,1.,2.22044604925E-16));
#11370 = ADVANCED_FACE('',(#11371),#11377,.T.);
#11371 = FACE_BOUND('',#11372,.T.);
#11372 = EDGE_LOOP('',(#11373,#11374,#11375,#11376));
#11373 = ORIENTED_EDGE('',*,*,#11198,.F.);
#11374 = ORIENTED_EDGE('',*,*,#11166,.T.);
#11375 = ORIENTED_EDGE('',*,*,#11222,.T.);
#11376 = ORIENTED_EDGE('',*,*,#11238,.F.);
#11377 = PLANE('',#11378);
#11378 = AXIS2_PLACEMENT_3D('',#11379,#11380,#11381);
#11379 = CARTESIAN_POINT('',(-66.,-24.,211.));
#11380 = DIRECTION('',(0.,2.22044604925E-16,-1.));
#11381 = DIRECTION('',(0.,1.,2.22044604925E-16));
#11382 = ADVANCED_FACE('',(#11383),#11389,.T.);
#11383 = FACE_BOUND('',#11384,.T.);
#11384 = EDGE_LOOP('',(#11385,#11386,#11387,#11388));
#11385 = ORIENTED_EDGE('',*,*,#11335,.F.);
#11386 = ORIENTED_EDGE('',*,*,#11262,.T.);
#11387 = ORIENTED_EDGE('',*,*,#11294,.T.);
#11388 = ORIENTED_EDGE('',*,*,#11317,.F.);
#11389 = PLANE('',#11390);
#11390 = AXIS2_PLACEMENT_3D('',#11391,#11392,#11393);
#11391 = CARTESIAN_POINT('',(-58.,-24.,211.));
#11392 = DIRECTION('',(0.,2.22044604925E-16,-1.));
#11393 = DIRECTION('',(0.,1.,2.22044604925E-16));
#11394 = ADVANCED_FACE('',(#11395),#11398,.F.);
#11395 = FACE_BOUND('',#11396,.T.);
#11396 = EDGE_LOOP('',(#11397));
#11397 = ORIENTED_EDGE('',*,*,#11358,.F.);
#11398 = PLANE('',#11399);
#11399 = AXIS2_PLACEMENT_3D('',#11400,#11401,#11402);
#11400 = CARTESIAN_POINT('',(-60.,-22.,233.));
#11401 = DIRECTION('',(0.,2.22044604925E-16,-1.));
#11402 = DIRECTION('',(0.,1.,2.22044604925E-16));
#11403 = MANIFOLD_SOLID_BREP('',#11404);
#11404 = CLOSED_SHELL('',(#11405,#11445,#11476,#11507,#11551,#11595,
    #11612,#11629,#11641));
#11405 = ADVANCED_FACE('',(#11406),#11440,.T.);
#11406 = FACE_BOUND('',#11407,.T.);
#11407 = EDGE_LOOP('',(#11408,#11418,#11426,#11434));
#11408 = ORIENTED_EDGE('',*,*,#11409,.T.);
#11409 = EDGE_CURVE('',#11410,#11412,#11414,.T.);
#11410 = VERTEX_POINT('',#11411);
#11411 = CARTESIAN_POINT('',(-49.5,-22.,228.));
#11412 = VERTEX_POINT('',#11413);
#11413 = CARTESIAN_POINT('',(-49.5,-22.,225.));
#11414 = LINE('',#11415,#11416);
#11415 = CARTESIAN_POINT('',(-49.5,-22.,228.));
#11416 = VECTOR('',#11417,1.);
#11417 = DIRECTION('',(0.,2.22044604925E-16,-1.));
#11418 = ORIENTED_EDGE('',*,*,#11419,.T.);
#11419 = EDGE_CURVE('',#11412,#11420,#11422,.T.);
#11420 = VERTEX_POINT('',#11421);
#11421 = CARTESIAN_POINT('',(-54.75,-12.90673326026,225.));
#11422 = LINE('',#11423,#11424);
#11423 = CARTESIAN_POINT('',(-49.5,-22.,225.));
#11424 = VECTOR('',#11425,1.);
#11425 = DIRECTION('',(-0.5,0.866025403784,1.922962686384E-16));
#11426 = ORIENTED_EDGE('',*,*,#11427,.F.);
#11427 = EDGE_CURVE('',#11428,#11420,#11430,.T.);
#11428 = VERTEX_POINT('',#11429);
#11429 = CARTESIAN_POINT('',(-54.75,-12.90673326026,228.));
#11430 = LINE('',#11431,#11432);
#11431 = CARTESIAN_POINT('',(-54.75,-12.90673326026,228.));
#11432 = VECTOR('',#11433,1.);
#11433 = DIRECTION('',(0.,2.22044604925E-16,-1.));
#11434 = ORIENTED_EDGE('',*,*,#11435,.F.);
#11435 = EDGE_CURVE('',#11410,#11428,#11436,.T.);
#11436 = LINE('',#11437,#11438);
#11437 = CARTESIAN_POINT('',(-49.5,-22.,228.));
#11438 = VECTOR('',#11439,1.);
#11439 = DIRECTION('',(-0.5,0.866025403784,1.922962686384E-16));
#11440 = PLANE('',#11441);
#11441 = AXIS2_PLACEMENT_3D('',#11442,#11443,#11444);
#11442 = CARTESIAN_POINT('',(-49.5,-22.,228.));
#11443 = DIRECTION('',(0.866025403784,0.5,1.110223024625E-16));
#11444 = DIRECTION('',(-0.5,0.866025403784,1.922962686384E-16));
#11445 = ADVANCED_FACE('',(#11446),#11471,.T.);
#11446 = FACE_BOUND('',#11447,.T.);
#11447 = EDGE_LOOP('',(#11448,#11458,#11464,#11465));
#11448 = ORIENTED_EDGE('',*,*,#11449,.T.);
#11449 = EDGE_CURVE('',#11450,#11452,#11454,.T.);
#11450 = VERTEX_POINT('',#11451);
#11451 = CARTESIAN_POINT('',(-54.75,-31.09326673973,228.));
#11452 = VERTEX_POINT('',#11453);
#11453 = CARTESIAN_POINT('',(-54.75,-31.09326673973,225.));
#11454 = LINE('',#11455,#11456);
#11455 = CARTESIAN_POINT('',(-54.75,-31.09326673973,228.));
#11456 = VECTOR('',#11457,1.);
#11457 = DIRECTION('',(0.,2.22044604925E-16,-1.));
#11458 = ORIENTED_EDGE('',*,*,#11459,.T.);
#11459 = EDGE_CURVE('',#11452,#11412,#11460,.T.);
#11460 = LINE('',#11461,#11462);
#11461 = CARTESIAN_POINT('',(-54.75,-31.09326673973,225.));
#11462 = VECTOR('',#11463,1.);
#11463 = DIRECTION('',(0.5,0.866025403784,1.922962686384E-16));
#11464 = ORIENTED_EDGE('',*,*,#11409,.F.);
#11465 = ORIENTED_EDGE('',*,*,#11466,.F.);
#11466 = EDGE_CURVE('',#11450,#11410,#11467,.T.);
#11467 = LINE('',#11468,#11469);
#11468 = CARTESIAN_POINT('',(-54.75,-31.09326673973,228.));
#11469 = VECTOR('',#11470,1.);
#11470 = DIRECTION('',(0.5,0.866025403784,1.922962686384E-16));
#11471 = PLANE('',#11472);
#11472 = AXIS2_PLACEMENT_3D('',#11473,#11474,#11475);
#11473 = CARTESIAN_POINT('',(-54.75,-31.09326673973,228.));
#11474 = DIRECTION('',(0.866025403784,-0.5,-1.110223024625E-16));
#11475 = DIRECTION('',(0.5,0.866025403784,1.922962686384E-16));
#11476 = ADVANCED_FACE('',(#11477),#11502,.T.);
#11477 = FACE_BOUND('',#11478,.T.);
#11478 = EDGE_LOOP('',(#11479,#11480,#11488,#11496));
#11479 = ORIENTED_EDGE('',*,*,#11427,.T.);
#11480 = ORIENTED_EDGE('',*,*,#11481,.T.);
#11481 = EDGE_CURVE('',#11420,#11482,#11484,.T.);
#11482 = VERTEX_POINT('',#11483);
#11483 = CARTESIAN_POINT('',(-65.25,-12.90673326026,225.));
#11484 = LINE('',#11485,#11486);
#11485 = CARTESIAN_POINT('',(-54.75,-12.90673326026,225.));
#11486 = VECTOR('',#11487,1.);
#11487 = DIRECTION('',(-1.,0.,0.));
#11488 = ORIENTED_EDGE('',*,*,#11489,.F.);
#11489 = EDGE_CURVE('',#11490,#11482,#11492,.T.);
#11490 = VERTEX_POINT('',#11491);
#11491 = CARTESIAN_POINT('',(-65.25,-12.90673326026,228.));
#11492 = LINE('',#11493,#11494);
#11493 = CARTESIAN_POINT('',(-65.25,-12.90673326026,228.));
#11494 = VECTOR('',#11495,1.);
#11495 = DIRECTION('',(0.,2.22044604925E-16,-1.));
#11496 = ORIENTED_EDGE('',*,*,#11497,.F.);
#11497 = EDGE_CURVE('',#11428,#11490,#11498,.T.);
#11498 = LINE('',#11499,#11500);
#11499 = CARTESIAN_POINT('',(-54.75,-12.90673326026,228.));
#11500 = VECTOR('',#11501,1.);
#11501 = DIRECTION('',(-1.,0.,0.));
#11502 = PLANE('',#11503);
#11503 = AXIS2_PLACEMENT_3D('',#11504,#11505,#11506);
#11504 = CARTESIAN_POINT('',(-54.75,-12.90673326026,228.));
#11505 = DIRECTION('',(0.,1.,2.22044604925E-16));
#11506 = DIRECTION('',(-1.,0.,0.));
#11507 = ADVANCED_FACE('',(#11508,#11535),#11546,.T.);
#11508 = FACE_BOUND('',#11509,.T.);
#11509 = EDGE_LOOP('',(#11510,#11511,#11512,#11520,#11528,#11534));
#11510 = ORIENTED_EDGE('',*,*,#11435,.T.);
#11511 = ORIENTED_EDGE('',*,*,#11497,.T.);
#11512 = ORIENTED_EDGE('',*,*,#11513,.T.);
#11513 = EDGE_CURVE('',#11490,#11514,#11516,.T.);
#11514 = VERTEX_POINT('',#11515);
#11515 = CARTESIAN_POINT('',(-70.5,-22.,228.));
#11516 = LINE('',#11517,#11518);
#11517 = CARTESIAN_POINT('',(-65.25,-12.90673326026,228.));
#11518 = VECTOR('',#11519,1.);
#11519 = DIRECTION('',(-0.5,-0.866025403784,-1.922962686384E-16));
#11520 = ORIENTED_EDGE('',*,*,#11521,.T.);
#11521 = EDGE_CURVE('',#11514,#11522,#11524,.T.);
#11522 = VERTEX_POINT('',#11523);
#11523 = CARTESIAN_POINT('',(-65.25,-31.09326673973,228.));
#11524 = LINE('',#11525,#11526);
#11525 = CARTESIAN_POINT('',(-70.5,-22.,228.));
#11526 = VECTOR('',#11527,1.);
#11527 = DIRECTION('',(0.5,-0.866025403784,-1.922962686384E-16));
#11528 = ORIENTED_EDGE('',*,*,#11529,.T.);
#11529 = EDGE_CURVE('',#11522,#11450,#11530,.T.);
#11530 = LINE('',#11531,#11532);
#11531 = CARTESIAN_POINT('',(-65.25,-31.09326673973,228.));
#11532 = VECTOR('',#11533,1.);
#11533 = DIRECTION('',(1.,-3.383536836953E-16,-7.512961002105E-32));
#11534 = ORIENTED_EDGE('',*,*,#11466,.T.);
#11535 = FACE_BOUND('',#11536,.T.);
#11536 = EDGE_LOOP('',(#11537));
#11537 = ORIENTED_EDGE('',*,*,#11538,.T.);
#11538 = EDGE_CURVE('',#11539,#11539,#11541,.T.);
#11539 = VERTEX_POINT('',#11540);
#11540 = CARTESIAN_POINT('',(-60.,-13.9,228.));
#11541 = CIRCLE('',#11542,8.1);
#11542 = AXIS2_PLACEMENT_3D('',#11543,#11544,#11545);
#11543 = CARTESIAN_POINT('',(-60.,-22.,228.));
#11544 = DIRECTION('',(-0.,2.22044604925E-16,-1.));
#11545 = DIRECTION('',(0.,1.,2.22044604925E-16));
#11546 = PLANE('',#11547);
#11547 = AXIS2_PLACEMENT_3D('',#11548,#11549,#11550);
#11548 = CARTESIAN_POINT('',(-60.,-22.,228.));
#11549 = DIRECTION('',(0.,-2.22044604925E-16,1.));
#11550 = DIRECTION('',(0.,-1.,-2.22044604925E-16));
#11551 = ADVANCED_FACE('',(#11552,#11579),#11590,.F.);
#11552 = FACE_BOUND('',#11553,.F.);
#11553 = EDGE_LOOP('',(#11554,#11555,#11556,#11564,#11572,#11578));
#11554 = ORIENTED_EDGE('',*,*,#11419,.T.);
#11555 = ORIENTED_EDGE('',*,*,#11481,.T.);
#11556 = ORIENTED_EDGE('',*,*,#11557,.T.);
#11557 = EDGE_CURVE('',#11482,#11558,#11560,.T.);
#11558 = VERTEX_POINT('',#11559);
#11559 = CARTESIAN_POINT('',(-70.5,-22.,225.));
#11560 = LINE('',#11561,#11562);
#11561 = CARTESIAN_POINT('',(-65.25,-12.90673326026,225.));
#11562 = VECTOR('',#11563,1.);
#11563 = DIRECTION('',(-0.5,-0.866025403784,-1.922962686384E-16));
#11564 = ORIENTED_EDGE('',*,*,#11565,.T.);
#11565 = EDGE_CURVE('',#11558,#11566,#11568,.T.);
#11566 = VERTEX_POINT('',#11567);
#11567 = CARTESIAN_POINT('',(-65.25,-31.09326673973,225.));
#11568 = LINE('',#11569,#11570);
#11569 = CARTESIAN_POINT('',(-70.5,-22.,225.));
#11570 = VECTOR('',#11571,1.);
#11571 = DIRECTION('',(0.5,-0.866025403784,-1.922962686384E-16));
#11572 = ORIENTED_EDGE('',*,*,#11573,.T.);
#11573 = EDGE_CURVE('',#11566,#11452,#11574,.T.);
#11574 = LINE('',#11575,#11576);
#11575 = CARTESIAN_POINT('',(-65.25,-31.09326673973,225.));
#11576 = VECTOR('',#11577,1.);
#11577 = DIRECTION('',(1.,-3.383536836953E-16,-7.512961002105E-32));
#11578 = ORIENTED_EDGE('',*,*,#11459,.T.);
#11579 = FACE_BOUND('',#11580,.F.);
#11580 = EDGE_LOOP('',(#11581));
#11581 = ORIENTED_EDGE('',*,*,#11582,.T.);
#11582 = EDGE_CURVE('',#11583,#11583,#11585,.T.);
#11583 = VERTEX_POINT('',#11584);
#11584 = CARTESIAN_POINT('',(-60.,-13.9,225.));
#11585 = CIRCLE('',#11586,8.1);
#11586 = AXIS2_PLACEMENT_3D('',#11587,#11588,#11589);
#11587 = CARTESIAN_POINT('',(-60.,-22.,225.));
#11588 = DIRECTION('',(-0.,2.22044604925E-16,-1.));
#11589 = DIRECTION('',(0.,1.,2.22044604925E-16));
#11590 = PLANE('',#11591);
#11591 = AXIS2_PLACEMENT_3D('',#11592,#11593,#11594);
#11592 = CARTESIAN_POINT('',(-60.,-22.,225.));
#11593 = DIRECTION('',(0.,-2.22044604925E-16,1.));
#11594 = DIRECTION('',(0.,-1.,-2.22044604925E-16));
#11595 = ADVANCED_FACE('',(#11596),#11607,.T.);
#11596 = FACE_BOUND('',#11597,.T.);
#11597 = EDGE_LOOP('',(#11598,#11604,#11605,#11606));
#11598 = ORIENTED_EDGE('',*,*,#11599,.T.);
#11599 = EDGE_CURVE('',#11522,#11566,#11600,.T.);
#11600 = LINE('',#11601,#11602);
#11601 = CARTESIAN_POINT('',(-65.25,-31.09326673973,228.));
#11602 = VECTOR('',#11603,1.);
#11603 = DIRECTION('',(0.,2.22044604925E-16,-1.));
#11604 = ORIENTED_EDGE('',*,*,#11573,.T.);
#11605 = ORIENTED_EDGE('',*,*,#11449,.F.);
#11606 = ORIENTED_EDGE('',*,*,#11529,.F.);
#11607 = PLANE('',#11608);
#11608 = AXIS2_PLACEMENT_3D('',#11609,#11610,#11611);
#11609 = CARTESIAN_POINT('',(-65.25,-31.09326673973,228.));
#11610 = DIRECTION('',(-3.383536836953E-16,-1.,-2.22044604925E-16));
#11611 = DIRECTION('',(1.,-3.383536836953E-16,-7.512961002105E-32));
#11612 = ADVANCED_FACE('',(#11613),#11624,.T.);
#11613 = FACE_BOUND('',#11614,.T.);
#11614 = EDGE_LOOP('',(#11615,#11616,#11617,#11623));
#11615 = ORIENTED_EDGE('',*,*,#11489,.T.);
#11616 = ORIENTED_EDGE('',*,*,#11557,.T.);
#11617 = ORIENTED_EDGE('',*,*,#11618,.F.);
#11618 = EDGE_CURVE('',#11514,#11558,#11619,.T.);
#11619 = LINE('',#11620,#11621);
#11620 = CARTESIAN_POINT('',(-70.5,-22.,228.));
#11621 = VECTOR('',#11622,1.);
#11622 = DIRECTION('',(0.,2.22044604925E-16,-1.));
#11623 = ORIENTED_EDGE('',*,*,#11513,.F.);
#11624 = PLANE('',#11625);
#11625 = AXIS2_PLACEMENT_3D('',#11626,#11627,#11628);
#11626 = CARTESIAN_POINT('',(-65.25,-12.90673326026,228.));
#11627 = DIRECTION('',(-0.866025403784,0.5,1.110223024625E-16));
#11628 = DIRECTION('',(-0.5,-0.866025403784,-1.922962686384E-16));
#11629 = ADVANCED_FACE('',(#11630),#11636,.T.);
#11630 = FACE_BOUND('',#11631,.T.);
#11631 = EDGE_LOOP('',(#11632,#11633,#11634,#11635));
#11632 = ORIENTED_EDGE('',*,*,#11618,.T.);
#11633 = ORIENTED_EDGE('',*,*,#11565,.T.);
#11634 = ORIENTED_EDGE('',*,*,#11599,.F.);
#11635 = ORIENTED_EDGE('',*,*,#11521,.F.);
#11636 = PLANE('',#11637);
#11637 = AXIS2_PLACEMENT_3D('',#11638,#11639,#11640);
#11638 = CARTESIAN_POINT('',(-70.5,-22.,228.));
#11639 = DIRECTION('',(-0.866025403784,-0.5,-1.110223024625E-16));
#11640 = DIRECTION('',(0.5,-0.866025403784,-1.922962686384E-16));
#11641 = ADVANCED_FACE('',(#11642),#11653,.F.);
#11642 = FACE_BOUND('',#11643,.F.);
#11643 = EDGE_LOOP('',(#11644,#11645,#11651,#11652));
#11644 = ORIENTED_EDGE('',*,*,#11582,.F.);
#11645 = ORIENTED_EDGE('',*,*,#11646,.F.);
#11646 = EDGE_CURVE('',#11539,#11583,#11647,.T.);
#11647 = LINE('',#11648,#11649);
#11648 = CARTESIAN_POINT('',(-60.,-13.9,228.5));
#11649 = VECTOR('',#11650,1.);
#11650 = DIRECTION('',(0.,2.22044604925E-16,-1.));
#11651 = ORIENTED_EDGE('',*,*,#11538,.T.);
#11652 = ORIENTED_EDGE('',*,*,#11646,.T.);
#11653 = CYLINDRICAL_SURFACE('',#11654,8.1);
#11654 = AXIS2_PLACEMENT_3D('',#11655,#11656,#11657);
#11655 = CARTESIAN_POINT('',(-60.,-22.,228.5));
#11656 = DIRECTION('',(0.,2.22044604925E-16,-1.));
#11657 = DIRECTION('',(0.,1.,2.22044604925E-16));
#11658 = MANIFOLD_SOLID_BREP('',#11659);
#11659 = CLOSED_SHELL('',(#11660,#11700,#11809,#11833,#11857,#11874,
    #11905,#11929,#11953,#11970,#11995,#12020,#12045,#12057,#12082,
    #12140,#12171,#12195,#12219,#12236,#12282,#12313,#12337,#12361,
    #12378));
#11660 = ADVANCED_FACE('',(#11661),#11695,.F.);
#11661 = FACE_BOUND('',#11662,.T.);
#11662 = EDGE_LOOP('',(#11663,#11673,#11681,#11689));
#11663 = ORIENTED_EDGE('',*,*,#11664,.F.);
#11664 = EDGE_CURVE('',#11665,#11667,#11669,.T.);
#11665 = VERTEX_POINT('',#11666);
#11666 = CARTESIAN_POINT('',(-42.,-39.99,174.));
#11667 = VERTEX_POINT('',#11668);
#11668 = CARTESIAN_POINT('',(-42.,-39.99,208.));
#11669 = LINE('',#11670,#11671);
#11670 = CARTESIAN_POINT('',(-42.,-39.99,174.));
#11671 = VECTOR('',#11672,1.);
#11672 = DIRECTION('',(0.,0.,1.));
#11673 = ORIENTED_EDGE('',*,*,#11674,.T.);
#11674 = EDGE_CURVE('',#11665,#11675,#11677,.T.);
#11675 = VERTEX_POINT('',#11676);
#11676 = CARTESIAN_POINT('',(-42.,-42.39,174.));
#11677 = LINE('',#11678,#11679);
#11678 = CARTESIAN_POINT('',(-42.,-39.99,174.));
#11679 = VECTOR('',#11680,1.);
#11680 = DIRECTION('',(-0.,-1.,-0.));
#11681 = ORIENTED_EDGE('',*,*,#11682,.T.);
#11682 = EDGE_CURVE('',#11675,#11683,#11685,.T.);
#11683 = VERTEX_POINT('',#11684);
#11684 = CARTESIAN_POINT('',(-42.,-42.39,208.));
#11685 = LINE('',#11686,#11687);
#11686 = CARTESIAN_POINT('',(-42.,-42.39,174.));
#11687 = VECTOR('',#11688,1.);
#11688 = DIRECTION('',(0.,0.,1.));
#11689 = ORIENTED_EDGE('',*,*,#11690,.F.);
#11690 = EDGE_CURVE('',#11667,#11683,#11691,.T.);
#11691 = LINE('',#11692,#11693);
#11692 = CARTESIAN_POINT('',(-42.,-39.99,208.));
#11693 = VECTOR('',#11694,1.);
#11694 = DIRECTION('',(-0.,-1.,-0.));
#11695 = PLANE('',#11696);
#11696 = AXIS2_PLACEMENT_3D('',#11697,#11698,#11699);
#11697 = CARTESIAN_POINT('',(-42.,-39.99,174.));
#11698 = DIRECTION('',(1.,0.,0.));
#11699 = DIRECTION('',(0.,0.,-1.));
#11700 = ADVANCED_FACE('',(#11701,#11735,#11746,#11757,#11768,#11793),
  #11804,.T.);
#11701 = FACE_BOUND('',#11702,.F.);
#11702 = EDGE_LOOP('',(#11703,#11713,#11721,#11729));
#11703 = ORIENTED_EDGE('',*,*,#11704,.F.);
#11704 = EDGE_CURVE('',#11705,#11707,#11709,.T.);
#11705 = VERTEX_POINT('',#11706);
#11706 = CARTESIAN_POINT('',(-48.,-39.99,173.5));
#11707 = VERTEX_POINT('',#11708);
#11708 = CARTESIAN_POINT('',(10.,-39.99,173.5));
#11709 = LINE('',#11710,#11711);
#11710 = CARTESIAN_POINT('',(-48.,-39.99,173.5));
#11711 = VECTOR('',#11712,1.);
#11712 = DIRECTION('',(1.,0.,0.));
#11713 = ORIENTED_EDGE('',*,*,#11714,.T.);
#11714 = EDGE_CURVE('',#11705,#11715,#11717,.T.);
#11715 = VERTEX_POINT('',#11716);
#11716 = CARTESIAN_POINT('',(-48.,-39.99,208.5));
#11717 = LINE('',#11718,#11719);
#11718 = CARTESIAN_POINT('',(-48.,-39.99,173.5));
#11719 = VECTOR('',#11720,1.);
#11720 = DIRECTION('',(0.,0.,1.));
#11721 = ORIENTED_EDGE('',*,*,#11722,.T.);
#11722 = EDGE_CURVE('',#11715,#11723,#11725,.T.);
#11723 = VERTEX_POINT('',#11724);
#11724 = CARTESIAN_POINT('',(10.,-39.99,208.5));
#11725 = LINE('',#11726,#11727);
#11726 = CARTESIAN_POINT('',(-48.,-39.99,208.5));
#11727 = VECTOR('',#11728,1.);
#11728 = DIRECTION('',(1.,0.,0.));
#11729 = ORIENTED_EDGE('',*,*,#11730,.F.);
#11730 = EDGE_CURVE('',#11707,#11723,#11731,.T.);
#11731 = LINE('',#11732,#11733);
#11732 = CARTESIAN_POINT('',(10.,-39.99,173.5));
#11733 = VECTOR('',#11734,1.);
#11734 = DIRECTION('',(0.,0.,1.));
#11735 = FACE_BOUND('',#11736,.F.);
#11736 = EDGE_LOOP('',(#11737));
#11737 = ORIENTED_EDGE('',*,*,#11738,.F.);
#11738 = EDGE_CURVE('',#11739,#11739,#11741,.T.);
#11739 = VERTEX_POINT('',#11740);
#11740 = CARTESIAN_POINT('',(-45.,-39.99,177.1));
#11741 = CIRCLE('',#11742,1.1);
#11742 = AXIS2_PLACEMENT_3D('',#11743,#11744,#11745);
#11743 = CARTESIAN_POINT('',(-45.,-39.99,176.));
#11744 = DIRECTION('',(0.,1.,0.));
#11745 = DIRECTION('',(0.,0.,1.));
#11746 = FACE_BOUND('',#11747,.F.);
#11747 = EDGE_LOOP('',(#11748));
#11748 = ORIENTED_EDGE('',*,*,#11749,.F.);
#11749 = EDGE_CURVE('',#11750,#11750,#11752,.T.);
#11750 = VERTEX_POINT('',#11751);
#11751 = CARTESIAN_POINT('',(-45.,-39.99,207.1));
#11752 = CIRCLE('',#11753,1.1);
#11753 = AXIS2_PLACEMENT_3D('',#11754,#11755,#11756);
#11754 = CARTESIAN_POINT('',(-45.,-39.99,206.));
#11755 = DIRECTION('',(0.,1.,0.));
#11756 = DIRECTION('',(0.,0.,1.));
#11757 = FACE_BOUND('',#11758,.F.);
#11758 = EDGE_LOOP('',(#11759));
#11759 = ORIENTED_EDGE('',*,*,#11760,.F.);
#11760 = EDGE_CURVE('',#11761,#11761,#11763,.T.);
#11761 = VERTEX_POINT('',#11762);
#11762 = CARTESIAN_POINT('',(7.,-39.99,177.1));
#11763 = CIRCLE('',#11764,1.1);
#11764 = AXIS2_PLACEMENT_3D('',#11765,#11766,#11767);
#11765 = CARTESIAN_POINT('',(7.,-39.99,176.));
#11766 = DIRECTION('',(0.,1.,0.));
#11767 = DIRECTION('',(0.,0.,1.));
#11768 = FACE_BOUND('',#11769,.F.);
#11769 = EDGE_LOOP('',(#11770,#11771,#11779,#11787));
#11770 = ORIENTED_EDGE('',*,*,#11664,.F.);
#11771 = ORIENTED_EDGE('',*,*,#11772,.T.);
#11772 = EDGE_CURVE('',#11665,#11773,#11775,.T.);
#11773 = VERTEX_POINT('',#11774);
#11774 = CARTESIAN_POINT('',(4.,-39.99,174.));
#11775 = LINE('',#11776,#11777);
#11776 = CARTESIAN_POINT('',(-42.,-39.99,174.));
#11777 = VECTOR('',#11778,1.);
#11778 = DIRECTION('',(1.,0.,0.));
#11779 = ORIENTED_EDGE('',*,*,#11780,.T.);
#11780 = EDGE_CURVE('',#11773,#11781,#11783,.T.);
#11781 = VERTEX_POINT('',#11782);
#11782 = CARTESIAN_POINT('',(4.,-39.99,208.));
#11783 = LINE('',#11784,#11785);
#11784 = CARTESIAN_POINT('',(4.,-39.99,174.));
#11785 = VECTOR('',#11786,1.);
#11786 = DIRECTION('',(0.,0.,1.));
#11787 = ORIENTED_EDGE('',*,*,#11788,.F.);
#11788 = EDGE_CURVE('',#11667,#11781,#11789,.T.);
#11789 = LINE('',#11790,#11791);
#11790 = CARTESIAN_POINT('',(-42.,-39.99,208.));
#11791 = VECTOR('',#11792,1.);
#11792 = DIRECTION('',(1.,0.,0.));
#11793 = FACE_BOUND('',#11794,.F.);
#11794 = EDGE_LOOP('',(#11795));
#11795 = ORIENTED_EDGE('',*,*,#11796,.F.);
#11796 = EDGE_CURVE('',#11797,#11797,#11799,.T.);
#11797 = VERTEX_POINT('',#11798);
#11798 = CARTESIAN_POINT('',(7.,-39.99,207.1));
#11799 = CIRCLE('',#11800,1.1);
#11800 = AXIS2_PLACEMENT_3D('',#11801,#11802,#11803);
#11801 = CARTESIAN_POINT('',(7.,-39.99,206.));
#11802 = DIRECTION('',(0.,1.,0.));
#11803 = DIRECTION('',(0.,0.,1.));
#11804 = PLANE('',#11805);
#11805 = AXIS2_PLACEMENT_3D('',#11806,#11807,#11808);
#11806 = CARTESIAN_POINT('',(-48.,-39.99,173.5));
#11807 = DIRECTION('',(-0.,-1.,-0.));
#11808 = DIRECTION('',(0.,0.,-1.));
#11809 = ADVANCED_FACE('',(#11810),#11828,.T.);
#11810 = FACE_BOUND('',#11811,.F.);
#11811 = EDGE_LOOP('',(#11812,#11813,#11814,#11822));
#11812 = ORIENTED_EDGE('',*,*,#11690,.F.);
#11813 = ORIENTED_EDGE('',*,*,#11788,.T.);
#11814 = ORIENTED_EDGE('',*,*,#11815,.T.);
#11815 = EDGE_CURVE('',#11781,#11816,#11818,.T.);
#11816 = VERTEX_POINT('',#11817);
#11817 = CARTESIAN_POINT('',(4.,-42.39,208.));
#11818 = LINE('',#11819,#11820);
#11819 = CARTESIAN_POINT('',(4.,-39.99,208.));
#11820 = VECTOR('',#11821,1.);
#11821 = DIRECTION('',(-0.,-1.,-0.));
#11822 = ORIENTED_EDGE('',*,*,#11823,.F.);
#11823 = EDGE_CURVE('',#11683,#11816,#11824,.T.);
#11824 = LINE('',#11825,#11826);
#11825 = CARTESIAN_POINT('',(-42.,-42.39,208.));
#11826 = VECTOR('',#11827,1.);
#11827 = DIRECTION('',(1.,0.,0.));
#11828 = PLANE('',#11829);
#11829 = AXIS2_PLACEMENT_3D('',#11830,#11831,#11832);
#11830 = CARTESIAN_POINT('',(-42.,-39.99,208.));
#11831 = DIRECTION('',(0.,0.,1.));
#11832 = DIRECTION('',(-1.,0.,0.));
#11833 = ADVANCED_FACE('',(#11834),#11852,.T.);
#11834 = FACE_BOUND('',#11835,.F.);
#11835 = EDGE_LOOP('',(#11836,#11844,#11845,#11846));
#11836 = ORIENTED_EDGE('',*,*,#11837,.F.);
#11837 = EDGE_CURVE('',#11675,#11838,#11840,.T.);
#11838 = VERTEX_POINT('',#11839);
#11839 = CARTESIAN_POINT('',(4.,-42.39,174.));
#11840 = LINE('',#11841,#11842);
#11841 = CARTESIAN_POINT('',(-42.,-42.39,174.));
#11842 = VECTOR('',#11843,1.);
#11843 = DIRECTION('',(1.,0.,0.));
#11844 = ORIENTED_EDGE('',*,*,#11682,.T.);
#11845 = ORIENTED_EDGE('',*,*,#11823,.T.);
#11846 = ORIENTED_EDGE('',*,*,#11847,.F.);
#11847 = EDGE_CURVE('',#11838,#11816,#11848,.T.);
#11848 = LINE('',#11849,#11850);
#11849 = CARTESIAN_POINT('',(4.,-42.39,174.));
#11850 = VECTOR('',#11851,1.);
#11851 = DIRECTION('',(0.,0.,1.));
#11852 = PLANE('',#11853);
#11853 = AXIS2_PLACEMENT_3D('',#11854,#11855,#11856);
#11854 = CARTESIAN_POINT('',(-42.,-42.39,174.));
#11855 = DIRECTION('',(-0.,-1.,-0.));
#11856 = DIRECTION('',(0.,0.,-1.));
#11857 = ADVANCED_FACE('',(#11858),#11869,.F.);
#11858 = FACE_BOUND('',#11859,.T.);
#11859 = EDGE_LOOP('',(#11860,#11861,#11862,#11868));
#11860 = ORIENTED_EDGE('',*,*,#11674,.F.);
#11861 = ORIENTED_EDGE('',*,*,#11772,.T.);
#11862 = ORIENTED_EDGE('',*,*,#11863,.T.);
#11863 = EDGE_CURVE('',#11773,#11838,#11864,.T.);
#11864 = LINE('',#11865,#11866);
#11865 = CARTESIAN_POINT('',(4.,-39.99,174.));
#11866 = VECTOR('',#11867,1.);
#11867 = DIRECTION('',(-0.,-1.,-0.));
#11868 = ORIENTED_EDGE('',*,*,#11837,.F.);
#11869 = PLANE('',#11870);
#11870 = AXIS2_PLACEMENT_3D('',#11871,#11872,#11873);
#11871 = CARTESIAN_POINT('',(-42.,-39.99,174.));
#11872 = DIRECTION('',(0.,0.,1.));
#11873 = DIRECTION('',(-1.,0.,0.));
#11874 = ADVANCED_FACE('',(#11875),#11900,.F.);
#11875 = FACE_BOUND('',#11876,.T.);
#11876 = EDGE_LOOP('',(#11877,#11885,#11893,#11899));
#11877 = ORIENTED_EDGE('',*,*,#11878,.F.);
#11878 = EDGE_CURVE('',#11879,#11705,#11881,.T.);
#11879 = VERTEX_POINT('',#11880);
#11880 = CARTESIAN_POINT('',(-48.,-38.39,173.5));
#11881 = LINE('',#11882,#11883);
#11882 = CARTESIAN_POINT('',(-48.,-38.39,173.5));
#11883 = VECTOR('',#11884,1.);
#11884 = DIRECTION('',(-0.,-1.,-0.));
#11885 = ORIENTED_EDGE('',*,*,#11886,.T.);
#11886 = EDGE_CURVE('',#11879,#11887,#11889,.T.);
#11887 = VERTEX_POINT('',#11888);
#11888 = CARTESIAN_POINT('',(10.,-38.39,173.5));
#11889 = LINE('',#11890,#11891);
#11890 = CARTESIAN_POINT('',(-48.,-38.39,173.5));
#11891 = VECTOR('',#11892,1.);
#11892 = DIRECTION('',(1.,0.,0.));
#11893 = ORIENTED_EDGE('',*,*,#11894,.T.);
#11894 = EDGE_CURVE('',#11887,#11707,#11895,.T.);
#11895 = LINE('',#11896,#11897);
#11896 = CARTESIAN_POINT('',(10.,-38.39,173.5));
#11897 = VECTOR('',#11898,1.);
#11898 = DIRECTION('',(-0.,-1.,-0.));
#11899 = ORIENTED_EDGE('',*,*,#11704,.F.);
#11900 = PLANE('',#11901);
#11901 = AXIS2_PLACEMENT_3D('',#11902,#11903,#11904);
#11902 = CARTESIAN_POINT('',(-48.,-38.39,173.5));
#11903 = DIRECTION('',(0.,0.,1.));
#11904 = DIRECTION('',(-1.,0.,0.));
#11905 = ADVANCED_FACE('',(#11906),#11924,.T.);
#11906 = FACE_BOUND('',#11907,.F.);
#11907 = EDGE_LOOP('',(#11908,#11916,#11917,#11918));
#11908 = ORIENTED_EDGE('',*,*,#11909,.F.);
#11909 = EDGE_CURVE('',#11887,#11910,#11912,.T.);
#11910 = VERTEX_POINT('',#11911);
#11911 = CARTESIAN_POINT('',(10.,-38.39,208.5));
#11912 = LINE('',#11913,#11914);
#11913 = CARTESIAN_POINT('',(10.,-38.39,173.5));
#11914 = VECTOR('',#11915,1.);
#11915 = DIRECTION('',(0.,0.,1.));
#11916 = ORIENTED_EDGE('',*,*,#11894,.T.);
#11917 = ORIENTED_EDGE('',*,*,#11730,.T.);
#11918 = ORIENTED_EDGE('',*,*,#11919,.F.);
#11919 = EDGE_CURVE('',#11910,#11723,#11920,.T.);
#11920 = LINE('',#11921,#11922);
#11921 = CARTESIAN_POINT('',(10.,-38.39,208.5));
#11922 = VECTOR('',#11923,1.);
#11923 = DIRECTION('',(-0.,-1.,-0.));
#11924 = PLANE('',#11925);
#11925 = AXIS2_PLACEMENT_3D('',#11926,#11927,#11928);
#11926 = CARTESIAN_POINT('',(10.,-38.39,173.5));
#11927 = DIRECTION('',(1.,0.,0.));
#11928 = DIRECTION('',(0.,0.,-1.));
#11929 = ADVANCED_FACE('',(#11930),#11948,.F.);
#11930 = FACE_BOUND('',#11931,.T.);
#11931 = EDGE_LOOP('',(#11932,#11940,#11941,#11942));
#11932 = ORIENTED_EDGE('',*,*,#11933,.F.);
#11933 = EDGE_CURVE('',#11879,#11934,#11936,.T.);
#11934 = VERTEX_POINT('',#11935);
#11935 = CARTESIAN_POINT('',(-48.,-38.39,208.5));
#11936 = LINE('',#11937,#11938);
#11937 = CARTESIAN_POINT('',(-48.,-38.39,173.5));
#11938 = VECTOR('',#11939,1.);
#11939 = DIRECTION('',(0.,0.,1.));
#11940 = ORIENTED_EDGE('',*,*,#11878,.T.);
#11941 = ORIENTED_EDGE('',*,*,#11714,.T.);
#11942 = ORIENTED_EDGE('',*,*,#11943,.F.);
#11943 = EDGE_CURVE('',#11934,#11715,#11944,.T.);
#11944 = LINE('',#11945,#11946);
#11945 = CARTESIAN_POINT('',(-48.,-38.39,208.5));
#11946 = VECTOR('',#11947,1.);
#11947 = DIRECTION('',(-0.,-1.,-0.));
#11948 = PLANE('',#11949);
#11949 = AXIS2_PLACEMENT_3D('',#11950,#11951,#11952);
#11950 = CARTESIAN_POINT('',(-48.,-38.39,173.5));
#11951 = DIRECTION('',(1.,0.,0.));
#11952 = DIRECTION('',(0.,0.,-1.));
#11953 = ADVANCED_FACE('',(#11954),#11965,.T.);
#11954 = FACE_BOUND('',#11955,.F.);
#11955 = EDGE_LOOP('',(#11956,#11957,#11963,#11964));
#11956 = ORIENTED_EDGE('',*,*,#11943,.F.);
#11957 = ORIENTED_EDGE('',*,*,#11958,.T.);
#11958 = EDGE_CURVE('',#11934,#11910,#11959,.T.);
#11959 = LINE('',#11960,#11961);
#11960 = CARTESIAN_POINT('',(-48.,-38.39,208.5));
#11961 = VECTOR('',#11962,1.);
#11962 = DIRECTION('',(1.,0.,0.));
#11963 = ORIENTED_EDGE('',*,*,#11919,.T.);
#11964 = ORIENTED_EDGE('',*,*,#11722,.F.);
#11965 = PLANE('',#11966);
#11966 = AXIS2_PLACEMENT_3D('',#11967,#11968,#11969);
#11967 = CARTESIAN_POINT('',(-48.,-38.39,208.5));
#11968 = DIRECTION('',(0.,0.,1.));
#11969 = DIRECTION('',(-1.,0.,0.));
#11970 = ADVANCED_FACE('',(#11971),#11990,.F.);
#11971 = FACE_BOUND('',#11972,.T.);
#11972 = EDGE_LOOP('',(#11973,#11974,#11982,#11989));
#11973 = ORIENTED_EDGE('',*,*,#11738,.F.);
#11974 = ORIENTED_EDGE('',*,*,#11975,.F.);
#11975 = EDGE_CURVE('',#11976,#11739,#11978,.T.);
#11976 = VERTEX_POINT('',#11977);
#11977 = CARTESIAN_POINT('',(-45.,-38.39,177.1));
#11978 = LINE('',#11979,#11980);
#11979 = CARTESIAN_POINT('',(-45.,-37.99,177.1));
#11980 = VECTOR('',#11981,1.);
#11981 = DIRECTION('',(-0.,-1.,-0.));
#11982 = ORIENTED_EDGE('',*,*,#11983,.T.);
#11983 = EDGE_CURVE('',#11976,#11976,#11984,.T.);
#11984 = CIRCLE('',#11985,1.1);
#11985 = AXIS2_PLACEMENT_3D('',#11986,#11987,#11988);
#11986 = CARTESIAN_POINT('',(-45.,-38.39,176.));
#11987 = DIRECTION('',(0.,1.,0.));
#11988 = DIRECTION('',(0.,0.,1.));
#11989 = ORIENTED_EDGE('',*,*,#11975,.T.);
#11990 = CYLINDRICAL_SURFACE('',#11991,1.1);
#11991 = AXIS2_PLACEMENT_3D('',#11992,#11993,#11994);
#11992 = CARTESIAN_POINT('',(-45.,-37.99,176.));
#11993 = DIRECTION('',(-0.,-1.,-0.));
#11994 = DIRECTION('',(0.,0.,1.));
#11995 = ADVANCED_FACE('',(#11996),#12015,.F.);
#11996 = FACE_BOUND('',#11997,.T.);
#11997 = EDGE_LOOP('',(#11998,#11999,#12007,#12014));
#11998 = ORIENTED_EDGE('',*,*,#11749,.F.);
#11999 = ORIENTED_EDGE('',*,*,#12000,.F.);
#12000 = EDGE_CURVE('',#12001,#11750,#12003,.T.);
#12001 = VERTEX_POINT('',#12002);
#12002 = CARTESIAN_POINT('',(-45.,-38.39,207.1));
#12003 = LINE('',#12004,#12005);
#12004 = CARTESIAN_POINT('',(-45.,-37.99,207.1));
#12005 = VECTOR('',#12006,1.);
#12006 = DIRECTION('',(-0.,-1.,-0.));
#12007 = ORIENTED_EDGE('',*,*,#12008,.T.);
#12008 = EDGE_CURVE('',#12001,#12001,#12009,.T.);
#12009 = CIRCLE('',#12010,1.1);
#12010 = AXIS2_PLACEMENT_3D('',#12011,#12012,#12013);
#12011 = CARTESIAN_POINT('',(-45.,-38.39,206.));
#12012 = DIRECTION('',(0.,1.,0.));
#12013 = DIRECTION('',(0.,0.,1.));
#12014 = ORIENTED_EDGE('',*,*,#12000,.T.);
#12015 = CYLINDRICAL_SURFACE('',#12016,1.1);
#12016 = AXIS2_PLACEMENT_3D('',#12017,#12018,#12019);
#12017 = CARTESIAN_POINT('',(-45.,-37.99,206.));
#12018 = DIRECTION('',(-0.,-1.,-0.));
#12019 = DIRECTION('',(0.,0.,1.));
#12020 = ADVANCED_FACE('',(#12021),#12040,.F.);
#12021 = FACE_BOUND('',#12022,.T.);
#12022 = EDGE_LOOP('',(#12023,#12024,#12032,#12039));
#12023 = ORIENTED_EDGE('',*,*,#11760,.F.);
#12024 = ORIENTED_EDGE('',*,*,#12025,.F.);
#12025 = EDGE_CURVE('',#12026,#11761,#12028,.T.);
#12026 = VERTEX_POINT('',#12027);
#12027 = CARTESIAN_POINT('',(7.,-38.39,177.1));
#12028 = LINE('',#12029,#12030);
#12029 = CARTESIAN_POINT('',(7.,-37.99,177.1));
#12030 = VECTOR('',#12031,1.);
#12031 = DIRECTION('',(-0.,-1.,-0.));
#12032 = ORIENTED_EDGE('',*,*,#12033,.T.);
#12033 = EDGE_CURVE('',#12026,#12026,#12034,.T.);
#12034 = CIRCLE('',#12035,1.1);
#12035 = AXIS2_PLACEMENT_3D('',#12036,#12037,#12038);
#12036 = CARTESIAN_POINT('',(7.,-38.39,176.));
#12037 = DIRECTION('',(0.,1.,0.));
#12038 = DIRECTION('',(0.,0.,1.));
#12039 = ORIENTED_EDGE('',*,*,#12025,.T.);
#12040 = CYLINDRICAL_SURFACE('',#12041,1.1);
#12041 = AXIS2_PLACEMENT_3D('',#12042,#12043,#12044);
#12042 = CARTESIAN_POINT('',(7.,-37.99,176.));
#12043 = DIRECTION('',(-0.,-1.,-0.));
#12044 = DIRECTION('',(0.,0.,1.));
#12045 = ADVANCED_FACE('',(#12046),#12052,.T.);
#12046 = FACE_BOUND('',#12047,.F.);
#12047 = EDGE_LOOP('',(#12048,#12049,#12050,#12051));
#12048 = ORIENTED_EDGE('',*,*,#11780,.F.);
#12049 = ORIENTED_EDGE('',*,*,#11863,.T.);
#12050 = ORIENTED_EDGE('',*,*,#11847,.T.);
#12051 = ORIENTED_EDGE('',*,*,#11815,.F.);
#12052 = PLANE('',#12053);
#12053 = AXIS2_PLACEMENT_3D('',#12054,#12055,#12056);
#12054 = CARTESIAN_POINT('',(4.,-39.99,174.));
#12055 = DIRECTION('',(1.,0.,0.));
#12056 = DIRECTION('',(0.,0.,-1.));
#12057 = ADVANCED_FACE('',(#12058),#12077,.F.);
#12058 = FACE_BOUND('',#12059,.T.);
#12059 = EDGE_LOOP('',(#12060,#12061,#12069,#12076));
#12060 = ORIENTED_EDGE('',*,*,#11796,.F.);
#12061 = ORIENTED_EDGE('',*,*,#12062,.F.);
#12062 = EDGE_CURVE('',#12063,#11797,#12065,.T.);
#12063 = VERTEX_POINT('',#12064);
#12064 = CARTESIAN_POINT('',(7.,-38.39,207.1));
#12065 = LINE('',#12066,#12067);
#12066 = CARTESIAN_POINT('',(7.,-37.99,207.1));
#12067 = VECTOR('',#12068,1.);
#12068 = DIRECTION('',(-0.,-1.,-0.));
#12069 = ORIENTED_EDGE('',*,*,#12070,.T.);
#12070 = EDGE_CURVE('',#12063,#12063,#12071,.T.);
#12071 = CIRCLE('',#12072,1.1);
#12072 = AXIS2_PLACEMENT_3D('',#12073,#12074,#12075);
#12073 = CARTESIAN_POINT('',(7.,-38.39,206.));
#12074 = DIRECTION('',(0.,1.,0.));
#12075 = DIRECTION('',(0.,0.,1.));
#12076 = ORIENTED_EDGE('',*,*,#12062,.T.);
#12077 = CYLINDRICAL_SURFACE('',#12078,1.1);
#12078 = AXIS2_PLACEMENT_3D('',#12079,#12080,#12081);
#12079 = CARTESIAN_POINT('',(7.,-37.99,206.));
#12080 = DIRECTION('',(-0.,-1.,-0.));
#12081 = DIRECTION('',(0.,0.,1.));
#12082 = ADVANCED_FACE('',(#12083,#12089,#12092,#12095,#12129,#12132),
  #12135,.F.);
#12083 = FACE_BOUND('',#12084,.T.);
#12084 = EDGE_LOOP('',(#12085,#12086,#12087,#12088));
#12085 = ORIENTED_EDGE('',*,*,#11886,.F.);
#12086 = ORIENTED_EDGE('',*,*,#11933,.T.);
#12087 = ORIENTED_EDGE('',*,*,#11958,.T.);
#12088 = ORIENTED_EDGE('',*,*,#11909,.F.);
#12089 = FACE_BOUND('',#12090,.T.);
#12090 = EDGE_LOOP('',(#12091));
#12091 = ORIENTED_EDGE('',*,*,#11983,.F.);
#12092 = FACE_BOUND('',#12093,.T.);
#12093 = EDGE_LOOP('',(#12094));
#12094 = ORIENTED_EDGE('',*,*,#12008,.F.);
#12095 = FACE_BOUND('',#12096,.T.);
#12096 = EDGE_LOOP('',(#12097,#12107,#12115,#12123));
#12097 = ORIENTED_EDGE('',*,*,#12098,.F.);
#12098 = EDGE_CURVE('',#12099,#12101,#12103,.T.);
#12099 = VERTEX_POINT('',#12100);
#12100 = CARTESIAN_POINT('',(-29.2,-38.39,175.));
#12101 = VERTEX_POINT('',#12102);
#12102 = CARTESIAN_POINT('',(-29.2,-38.39,177.5));
#12103 = LINE('',#12104,#12105);
#12104 = CARTESIAN_POINT('',(-29.2,-38.39,175.));
#12105 = VECTOR('',#12106,1.);
#12106 = DIRECTION('',(0.,0.,1.));
#12107 = ORIENTED_EDGE('',*,*,#12108,.T.);
#12108 = EDGE_CURVE('',#12099,#12109,#12111,.T.);
#12109 = VERTEX_POINT('',#12110);
#12110 = CARTESIAN_POINT('',(-8.8,-38.39,175.));
#12111 = LINE('',#12112,#12113);
#12112 = CARTESIAN_POINT('',(-29.2,-38.39,175.));
#12113 = VECTOR('',#12114,1.);
#12114 = DIRECTION('',(1.,0.,0.));
#12115 = ORIENTED_EDGE('',*,*,#12116,.T.);
#12116 = EDGE_CURVE('',#12109,#12117,#12119,.T.);
#12117 = VERTEX_POINT('',#12118);
#12118 = CARTESIAN_POINT('',(-8.8,-38.39,177.5));
#12119 = LINE('',#12120,#12121);
#12120 = CARTESIAN_POINT('',(-8.8,-38.39,175.));
#12121 = VECTOR('',#12122,1.);
#12122 = DIRECTION('',(0.,0.,1.));
#12123 = ORIENTED_EDGE('',*,*,#12124,.F.);
#12124 = EDGE_CURVE('',#12101,#12117,#12125,.T.);
#12125 = LINE('',#12126,#12127);
#12126 = CARTESIAN_POINT('',(-29.2,-38.39,177.5));
#12127 = VECTOR('',#12128,1.);
#12128 = DIRECTION('',(1.,0.,0.));
#12129 = FACE_BOUND('',#12130,.T.);
#12130 = EDGE_LOOP('',(#12131));
#12131 = ORIENTED_EDGE('',*,*,#12033,.F.);
#12132 = FACE_BOUND('',#12133,.T.);
#12133 = EDGE_LOOP('',(#12134));
#12134 = ORIENTED_EDGE('',*,*,#12070,.F.);
#12135 = PLANE('',#12136);
#12136 = AXIS2_PLACEMENT_3D('',#12137,#12138,#12139);
#12137 = CARTESIAN_POINT('',(-48.,-38.39,173.5));
#12138 = DIRECTION('',(-0.,-1.,-0.));
#12139 = DIRECTION('',(0.,0.,-1.));
#12140 = ADVANCED_FACE('',(#12141),#12166,.F.);
#12141 = FACE_BOUND('',#12142,.T.);
#12142 = EDGE_LOOP('',(#12143,#12153,#12159,#12160));
#12143 = ORIENTED_EDGE('',*,*,#12144,.F.);
#12144 = EDGE_CURVE('',#12145,#12147,#12149,.T.);
#12145 = VERTEX_POINT('',#12146);
#12146 = CARTESIAN_POINT('',(-29.2,-32.39,175.));
#12147 = VERTEX_POINT('',#12148);
#12148 = CARTESIAN_POINT('',(-29.2,-32.39,177.5));
#12149 = LINE('',#12150,#12151);
#12150 = CARTESIAN_POINT('',(-29.2,-32.39,175.));
#12151 = VECTOR('',#12152,1.);
#12152 = DIRECTION('',(0.,0.,1.));
#12153 = ORIENTED_EDGE('',*,*,#12154,.T.);
#12154 = EDGE_CURVE('',#12145,#12099,#12155,.T.);
#12155 = LINE('',#12156,#12157);
#12156 = CARTESIAN_POINT('',(-29.2,-32.39,175.));
#12157 = VECTOR('',#12158,1.);
#12158 = DIRECTION('',(-0.,-1.,-0.));
#12159 = ORIENTED_EDGE('',*,*,#12098,.T.);
#12160 = ORIENTED_EDGE('',*,*,#12161,.F.);
#12161 = EDGE_CURVE('',#12147,#12101,#12162,.T.);
#12162 = LINE('',#12163,#12164);
#12163 = CARTESIAN_POINT('',(-29.2,-32.39,177.5));
#12164 = VECTOR('',#12165,1.);
#12165 = DIRECTION('',(-0.,-1.,-0.));
#12166 = PLANE('',#12167);
#12167 = AXIS2_PLACEMENT_3D('',#12168,#12169,#12170);
#12168 = CARTESIAN_POINT('',(-29.2,-32.39,175.));
#12169 = DIRECTION('',(1.,0.,0.));
#12170 = DIRECTION('',(0.,0.,-1.));
#12171 = ADVANCED_FACE('',(#12172),#12190,.T.);
#12172 = FACE_BOUND('',#12173,.F.);
#12173 = EDGE_LOOP('',(#12174,#12175,#12183,#12189));
#12174 = ORIENTED_EDGE('',*,*,#12161,.F.);
#12175 = ORIENTED_EDGE('',*,*,#12176,.T.);
#12176 = EDGE_CURVE('',#12147,#12177,#12179,.T.);
#12177 = VERTEX_POINT('',#12178);
#12178 = CARTESIAN_POINT('',(-8.8,-32.39,177.5));
#12179 = LINE('',#12180,#12181);
#12180 = CARTESIAN_POINT('',(-29.2,-32.39,177.5));
#12181 = VECTOR('',#12182,1.);
#12182 = DIRECTION('',(1.,0.,0.));
#12183 = ORIENTED_EDGE('',*,*,#12184,.T.);
#12184 = EDGE_CURVE('',#12177,#12117,#12185,.T.);
#12185 = LINE('',#12186,#12187);
#12186 = CARTESIAN_POINT('',(-8.8,-32.39,177.5));
#12187 = VECTOR('',#12188,1.);
#12188 = DIRECTION('',(-0.,-1.,-0.));
#12189 = ORIENTED_EDGE('',*,*,#12124,.F.);
#12190 = PLANE('',#12191);
#12191 = AXIS2_PLACEMENT_3D('',#12192,#12193,#12194);
#12192 = CARTESIAN_POINT('',(-29.2,-32.39,177.5));
#12193 = DIRECTION('',(0.,0.,1.));
#12194 = DIRECTION('',(-1.,0.,0.));
#12195 = ADVANCED_FACE('',(#12196),#12214,.T.);
#12196 = FACE_BOUND('',#12197,.F.);
#12197 = EDGE_LOOP('',(#12198,#12206,#12212,#12213));
#12198 = ORIENTED_EDGE('',*,*,#12199,.F.);
#12199 = EDGE_CURVE('',#12200,#12177,#12202,.T.);
#12200 = VERTEX_POINT('',#12201);
#12201 = CARTESIAN_POINT('',(-8.8,-32.39,175.));
#12202 = LINE('',#12203,#12204);
#12203 = CARTESIAN_POINT('',(-8.8,-32.39,175.));
#12204 = VECTOR('',#12205,1.);
#12205 = DIRECTION('',(0.,0.,1.));
#12206 = ORIENTED_EDGE('',*,*,#12207,.T.);
#12207 = EDGE_CURVE('',#12200,#12109,#12208,.T.);
#12208 = LINE('',#12209,#12210);
#12209 = CARTESIAN_POINT('',(-8.8,-32.39,175.));
#12210 = VECTOR('',#12211,1.);
#12211 = DIRECTION('',(-0.,-1.,-0.));
#12212 = ORIENTED_EDGE('',*,*,#12116,.T.);
#12213 = ORIENTED_EDGE('',*,*,#12184,.F.);
#12214 = PLANE('',#12215);
#12215 = AXIS2_PLACEMENT_3D('',#12216,#12217,#12218);
#12216 = CARTESIAN_POINT('',(-8.8,-32.39,175.));
#12217 = DIRECTION('',(1.,0.,0.));
#12218 = DIRECTION('',(0.,0.,-1.));
#12219 = ADVANCED_FACE('',(#12220),#12231,.F.);
#12220 = FACE_BOUND('',#12221,.T.);
#12221 = EDGE_LOOP('',(#12222,#12223,#12229,#12230));
#12222 = ORIENTED_EDGE('',*,*,#12154,.F.);
#12223 = ORIENTED_EDGE('',*,*,#12224,.T.);
#12224 = EDGE_CURVE('',#12145,#12200,#12225,.T.);
#12225 = LINE('',#12226,#12227);
#12226 = CARTESIAN_POINT('',(-29.2,-32.39,175.));
#12227 = VECTOR('',#12228,1.);
#12228 = DIRECTION('',(1.,0.,0.));
#12229 = ORIENTED_EDGE('',*,*,#12207,.T.);
#12230 = ORIENTED_EDGE('',*,*,#12108,.F.);
#12231 = PLANE('',#12232);
#12232 = AXIS2_PLACEMENT_3D('',#12233,#12234,#12235);
#12233 = CARTESIAN_POINT('',(-29.2,-32.39,175.));
#12234 = DIRECTION('',(0.,0.,1.));
#12235 = DIRECTION('',(-1.,0.,0.));
#12236 = ADVANCED_FACE('',(#12237,#12243),#12277,.F.);
#12237 = FACE_BOUND('',#12238,.T.);
#12238 = EDGE_LOOP('',(#12239,#12240,#12241,#12242));
#12239 = ORIENTED_EDGE('',*,*,#12224,.F.);
#12240 = ORIENTED_EDGE('',*,*,#12144,.T.);
#12241 = ORIENTED_EDGE('',*,*,#12176,.T.);
#12242 = ORIENTED_EDGE('',*,*,#12199,.F.);
#12243 = FACE_BOUND('',#12244,.T.);
#12244 = EDGE_LOOP('',(#12245,#12255,#12263,#12271));
#12245 = ORIENTED_EDGE('',*,*,#12246,.F.);
#12246 = EDGE_CURVE('',#12247,#12249,#12251,.T.);
#12247 = VERTEX_POINT('',#12248);
#12248 = CARTESIAN_POINT('',(-28.5,-32.39,175.7));
#12249 = VERTEX_POINT('',#12250);
#12250 = CARTESIAN_POINT('',(-28.5,-32.39,176.7));
#12251 = LINE('',#12252,#12253);
#12252 = CARTESIAN_POINT('',(-28.5,-32.39,175.7));
#12253 = VECTOR('',#12254,1.);
#12254 = DIRECTION('',(0.,0.,1.));
#12255 = ORIENTED_EDGE('',*,*,#12256,.T.);
#12256 = EDGE_CURVE('',#12247,#12257,#12259,.T.);
#12257 = VERTEX_POINT('',#12258);
#12258 = CARTESIAN_POINT('',(-9.5,-32.39,175.7));
#12259 = LINE('',#12260,#12261);
#12260 = CARTESIAN_POINT('',(-28.5,-32.39,175.7));
#12261 = VECTOR('',#12262,1.);
#12262 = DIRECTION('',(1.,0.,0.));
#12263 = ORIENTED_EDGE('',*,*,#12264,.T.);
#12264 = EDGE_CURVE('',#12257,#12265,#12267,.T.);
#12265 = VERTEX_POINT('',#12266);
#12266 = CARTESIAN_POINT('',(-9.5,-32.39,176.7));
#12267 = LINE('',#12268,#12269);
#12268 = CARTESIAN_POINT('',(-9.5,-32.39,175.7));
#12269 = VECTOR('',#12270,1.);
#12270 = DIRECTION('',(0.,0.,1.));
#12271 = ORIENTED_EDGE('',*,*,#12272,.F.);
#12272 = EDGE_CURVE('',#12249,#12265,#12273,.T.);
#12273 = LINE('',#12274,#12275);
#12274 = CARTESIAN_POINT('',(-28.5,-32.39,176.7));
#12275 = VECTOR('',#12276,1.);
#12276 = DIRECTION('',(1.,0.,0.));
#12277 = PLANE('',#12278);
#12278 = AXIS2_PLACEMENT_3D('',#12279,#12280,#12281);
#12279 = CARTESIAN_POINT('',(-29.2,-32.39,175.));
#12280 = DIRECTION('',(-0.,-1.,-0.));
#12281 = DIRECTION('',(0.,0.,-1.));
#12282 = ADVANCED_FACE('',(#12283),#12308,.F.);
#12283 = FACE_BOUND('',#12284,.T.);
#12284 = EDGE_LOOP('',(#12285,#12295,#12301,#12302));
#12285 = ORIENTED_EDGE('',*,*,#12286,.F.);
#12286 = EDGE_CURVE('',#12287,#12289,#12291,.T.);
#12287 = VERTEX_POINT('',#12288);
#12288 = CARTESIAN_POINT('',(-28.5,-27.39,175.7));
#12289 = VERTEX_POINT('',#12290);
#12290 = CARTESIAN_POINT('',(-28.5,-27.39,176.7));
#12291 = LINE('',#12292,#12293);
#12292 = CARTESIAN_POINT('',(-28.5,-27.39,175.7));
#12293 = VECTOR('',#12294,1.);
#12294 = DIRECTION('',(0.,0.,1.));
#12295 = ORIENTED_EDGE('',*,*,#12296,.T.);
#12296 = EDGE_CURVE('',#12287,#12247,#12297,.T.);
#12297 = LINE('',#12298,#12299);
#12298 = CARTESIAN_POINT('',(-28.5,-27.39,175.7));
#12299 = VECTOR('',#12300,1.);
#12300 = DIRECTION('',(-0.,-1.,-0.));
#12301 = ORIENTED_EDGE('',*,*,#12246,.T.);
#12302 = ORIENTED_EDGE('',*,*,#12303,.F.);
#12303 = EDGE_CURVE('',#12289,#12249,#12304,.T.);
#12304 = LINE('',#12305,#12306);
#12305 = CARTESIAN_POINT('',(-28.5,-27.39,176.7));
#12306 = VECTOR('',#12307,1.);
#12307 = DIRECTION('',(-0.,-1.,-0.));
#12308 = PLANE('',#12309);
#12309 = AXIS2_PLACEMENT_3D('',#12310,#12311,#12312);
#12310 = CARTESIAN_POINT('',(-28.5,-27.39,175.7));
#12311 = DIRECTION('',(1.,0.,0.));
#12312 = DIRECTION('',(0.,0.,-1.));
#12313 = ADVANCED_FACE('',(#12314),#12332,.T.);
#12314 = FACE_BOUND('',#12315,.F.);
#12315 = EDGE_LOOP('',(#12316,#12317,#12325,#12331));
#12316 = ORIENTED_EDGE('',*,*,#12303,.F.);
#12317 = ORIENTED_EDGE('',*,*,#12318,.T.);
#12318 = EDGE_CURVE('',#12289,#12319,#12321,.T.);
#12319 = VERTEX_POINT('',#12320);
#12320 = CARTESIAN_POINT('',(-9.5,-27.39,176.7));
#12321 = LINE('',#12322,#12323);
#12322 = CARTESIAN_POINT('',(-28.5,-27.39,176.7));
#12323 = VECTOR('',#12324,1.);
#12324 = DIRECTION('',(1.,0.,0.));
#12325 = ORIENTED_EDGE('',*,*,#12326,.T.);
#12326 = EDGE_CURVE('',#12319,#12265,#12327,.T.);
#12327 = LINE('',#12328,#12329);
#12328 = CARTESIAN_POINT('',(-9.5,-27.39,176.7));
#12329 = VECTOR('',#12330,1.);
#12330 = DIRECTION('',(-0.,-1.,-0.));
#12331 = ORIENTED_EDGE('',*,*,#12272,.F.);
#12332 = PLANE('',#12333);
#12333 = AXIS2_PLACEMENT_3D('',#12334,#12335,#12336);
#12334 = CARTESIAN_POINT('',(-28.5,-27.39,176.7));
#12335 = DIRECTION('',(0.,0.,1.));
#12336 = DIRECTION('',(-1.,0.,0.));
#12337 = ADVANCED_FACE('',(#12338),#12356,.T.);
#12338 = FACE_BOUND('',#12339,.F.);
#12339 = EDGE_LOOP('',(#12340,#12348,#12354,#12355));
#12340 = ORIENTED_EDGE('',*,*,#12341,.F.);
#12341 = EDGE_CURVE('',#12342,#12319,#12344,.T.);
#12342 = VERTEX_POINT('',#12343);
#12343 = CARTESIAN_POINT('',(-9.5,-27.39,175.7));
#12344 = LINE('',#12345,#12346);
#12345 = CARTESIAN_POINT('',(-9.5,-27.39,175.7));
#12346 = VECTOR('',#12347,1.);
#12347 = DIRECTION('',(0.,0.,1.));
#12348 = ORIENTED_EDGE('',*,*,#12349,.T.);
#12349 = EDGE_CURVE('',#12342,#12257,#12350,.T.);
#12350 = LINE('',#12351,#12352);
#12351 = CARTESIAN_POINT('',(-9.5,-27.39,175.7));
#12352 = VECTOR('',#12353,1.);
#12353 = DIRECTION('',(-0.,-1.,-0.));
#12354 = ORIENTED_EDGE('',*,*,#12264,.T.);
#12355 = ORIENTED_EDGE('',*,*,#12326,.F.);
#12356 = PLANE('',#12357);
#12357 = AXIS2_PLACEMENT_3D('',#12358,#12359,#12360);
#12358 = CARTESIAN_POINT('',(-9.5,-27.39,175.7));
#12359 = DIRECTION('',(1.,0.,0.));
#12360 = DIRECTION('',(0.,0.,-1.));
#12361 = ADVANCED_FACE('',(#12362),#12373,.F.);
#12362 = FACE_BOUND('',#12363,.T.);
#12363 = EDGE_LOOP('',(#12364,#12365,#12371,#12372));
#12364 = ORIENTED_EDGE('',*,*,#12296,.F.);
#12365 = ORIENTED_EDGE('',*,*,#12366,.T.);
#12366 = EDGE_CURVE('',#12287,#12342,#12367,.T.);
#12367 = LINE('',#12368,#12369);
#12368 = CARTESIAN_POINT('',(-28.5,-27.39,175.7));
#12369 = VECTOR('',#12370,1.);
#12370 = DIRECTION('',(1.,0.,0.));
#12371 = ORIENTED_EDGE('',*,*,#12349,.T.);
#12372 = ORIENTED_EDGE('',*,*,#12256,.F.);
#12373 = PLANE('',#12374);
#12374 = AXIS2_PLACEMENT_3D('',#12375,#12376,#12377);
#12375 = CARTESIAN_POINT('',(-28.5,-27.39,175.7));
#12376 = DIRECTION('',(0.,0.,1.));
#12377 = DIRECTION('',(-1.,0.,0.));
#12378 = ADVANCED_FACE('',(#12379),#12385,.F.);
#12379 = FACE_BOUND('',#12380,.T.);
#12380 = EDGE_LOOP('',(#12381,#12382,#12383,#12384));
#12381 = ORIENTED_EDGE('',*,*,#12366,.F.);
#12382 = ORIENTED_EDGE('',*,*,#12286,.T.);
#12383 = ORIENTED_EDGE('',*,*,#12318,.T.);
#12384 = ORIENTED_EDGE('',*,*,#12341,.F.);
#12385 = PLANE('',#12386);
#12386 = AXIS2_PLACEMENT_3D('',#12387,#12388,#12389);
#12387 = CARTESIAN_POINT('',(-28.5,-27.39,175.7));
#12388 = DIRECTION('',(-0.,-1.,-0.));
#12389 = DIRECTION('',(0.,0.,-1.));
#12390 = MANIFOLD_SOLID_BREP('',#12391);
#12391 = CLOSED_SHELL('',(#12392,#12432,#12472,#12494,#12516,#12528));
#12392 = ADVANCED_FACE('',(#12393),#12427,.F.);
#12393 = FACE_BOUND('',#12394,.F.);
#12394 = EDGE_LOOP('',(#12395,#12405,#12413,#12421));
#12395 = ORIENTED_EDGE('',*,*,#12396,.F.);
#12396 = EDGE_CURVE('',#12397,#12399,#12401,.T.);
#12397 = VERTEX_POINT('',#12398);
#12398 = CARTESIAN_POINT('',(-39.4,-42.44,175.7));
#12399 = VERTEX_POINT('',#12400);
#12400 = CARTESIAN_POINT('',(-39.4,-42.44,206.3));
#12401 = LINE('',#12402,#12403);
#12402 = CARTESIAN_POINT('',(-39.4,-42.44,175.7));
#12403 = VECTOR('',#12404,1.);
#12404 = DIRECTION('',(0.,0.,1.));
#12405 = ORIENTED_EDGE('',*,*,#12406,.T.);
#12406 = EDGE_CURVE('',#12397,#12407,#12409,.T.);
#12407 = VERTEX_POINT('',#12408);
#12408 = CARTESIAN_POINT('',(-39.4,-42.37,175.7));
#12409 = LINE('',#12410,#12411);
#12410 = CARTESIAN_POINT('',(-39.4,-42.44,175.7));
#12411 = VECTOR('',#12412,1.);
#12412 = DIRECTION('',(0.,1.,0.));
#12413 = ORIENTED_EDGE('',*,*,#12414,.T.);
#12414 = EDGE_CURVE('',#12407,#12415,#12417,.T.);
#12415 = VERTEX_POINT('',#12416);
#12416 = CARTESIAN_POINT('',(-39.4,-42.37,206.3));
#12417 = LINE('',#12418,#12419);
#12418 = CARTESIAN_POINT('',(-39.4,-42.37,175.7));
#12419 = VECTOR('',#12420,1.);
#12420 = DIRECTION('',(0.,0.,1.));
#12421 = ORIENTED_EDGE('',*,*,#12422,.F.);
#12422 = EDGE_CURVE('',#12399,#12415,#12423,.T.);
#12423 = LINE('',#12424,#12425);
#12424 = CARTESIAN_POINT('',(-39.4,-42.44,206.3));
#12425 = VECTOR('',#12426,1.);
#12426 = DIRECTION('',(0.,1.,0.));
#12427 = PLANE('',#12428);
#12428 = AXIS2_PLACEMENT_3D('',#12429,#12430,#12431);
#12429 = CARTESIAN_POINT('',(-39.4,-42.44,175.7));
#12430 = DIRECTION('',(1.,0.,0.));
#12431 = DIRECTION('',(0.,0.,1.));
#12432 = ADVANCED_FACE('',(#12433),#12467,.T.);
#12433 = FACE_BOUND('',#12434,.T.);
#12434 = EDGE_LOOP('',(#12435,#12445,#12453,#12461));
#12435 = ORIENTED_EDGE('',*,*,#12436,.F.);
#12436 = EDGE_CURVE('',#12437,#12439,#12441,.T.);
#12437 = VERTEX_POINT('',#12438);
#12438 = CARTESIAN_POINT('',(1.4,-42.44,175.7));
#12439 = VERTEX_POINT('',#12440);
#12440 = CARTESIAN_POINT('',(1.4,-42.44,206.3));
#12441 = LINE('',#12442,#12443);
#12442 = CARTESIAN_POINT('',(1.4,-42.44,175.7));
#12443 = VECTOR('',#12444,1.);
#12444 = DIRECTION('',(0.,0.,1.));
#12445 = ORIENTED_EDGE('',*,*,#12446,.T.);
#12446 = EDGE_CURVE('',#12437,#12447,#12449,.T.);
#12447 = VERTEX_POINT('',#12448);
#12448 = CARTESIAN_POINT('',(1.4,-42.37,175.7));
#12449 = LINE('',#12450,#12451);
#12450 = CARTESIAN_POINT('',(1.4,-42.44,175.7));
#12451 = VECTOR('',#12452,1.);
#12452 = DIRECTION('',(0.,1.,0.));
#12453 = ORIENTED_EDGE('',*,*,#12454,.T.);
#12454 = EDGE_CURVE('',#12447,#12455,#12457,.T.);
#12455 = VERTEX_POINT('',#12456);
#12456 = CARTESIAN_POINT('',(1.4,-42.37,206.3));
#12457 = LINE('',#12458,#12459);
#12458 = CARTESIAN_POINT('',(1.4,-42.37,175.7));
#12459 = VECTOR('',#12460,1.);
#12460 = DIRECTION('',(0.,0.,1.));
#12461 = ORIENTED_EDGE('',*,*,#12462,.F.);
#12462 = EDGE_CURVE('',#12439,#12455,#12463,.T.);
#12463 = LINE('',#12464,#12465);
#12464 = CARTESIAN_POINT('',(1.4,-42.44,206.3));
#12465 = VECTOR('',#12466,1.);
#12466 = DIRECTION('',(0.,1.,0.));
#12467 = PLANE('',#12468);
#12468 = AXIS2_PLACEMENT_3D('',#12469,#12470,#12471);
#12469 = CARTESIAN_POINT('',(1.4,-42.44,175.7));
#12470 = DIRECTION('',(1.,0.,0.));
#12471 = DIRECTION('',(0.,0.,1.));
#12472 = ADVANCED_FACE('',(#12473),#12489,.F.);
#12473 = FACE_BOUND('',#12474,.F.);
#12474 = EDGE_LOOP('',(#12475,#12481,#12482,#12488));
#12475 = ORIENTED_EDGE('',*,*,#12476,.F.);
#12476 = EDGE_CURVE('',#12397,#12437,#12477,.T.);
#12477 = LINE('',#12478,#12479);
#12478 = CARTESIAN_POINT('',(-39.4,-42.44,175.7));
#12479 = VECTOR('',#12480,1.);
#12480 = DIRECTION('',(1.,0.,0.));
#12481 = ORIENTED_EDGE('',*,*,#12396,.T.);
#12482 = ORIENTED_EDGE('',*,*,#12483,.T.);
#12483 = EDGE_CURVE('',#12399,#12439,#12484,.T.);
#12484 = LINE('',#12485,#12486);
#12485 = CARTESIAN_POINT('',(-39.4,-42.44,206.3));
#12486 = VECTOR('',#12487,1.);
#12487 = DIRECTION('',(1.,0.,0.));
#12488 = ORIENTED_EDGE('',*,*,#12436,.F.);
#12489 = PLANE('',#12490);
#12490 = AXIS2_PLACEMENT_3D('',#12491,#12492,#12493);
#12491 = CARTESIAN_POINT('',(-39.4,-42.44,175.7));
#12492 = DIRECTION('',(0.,1.,0.));
#12493 = DIRECTION('',(0.,0.,1.));
#12494 = ADVANCED_FACE('',(#12495),#12511,.T.);
#12495 = FACE_BOUND('',#12496,.T.);
#12496 = EDGE_LOOP('',(#12497,#12503,#12504,#12510));
#12497 = ORIENTED_EDGE('',*,*,#12498,.F.);
#12498 = EDGE_CURVE('',#12407,#12447,#12499,.T.);
#12499 = LINE('',#12500,#12501);
#12500 = CARTESIAN_POINT('',(-39.4,-42.37,175.7));
#12501 = VECTOR('',#12502,1.);
#12502 = DIRECTION('',(1.,0.,0.));
#12503 = ORIENTED_EDGE('',*,*,#12414,.T.);
#12504 = ORIENTED_EDGE('',*,*,#12505,.T.);
#12505 = EDGE_CURVE('',#12415,#12455,#12506,.T.);
#12506 = LINE('',#12507,#12508);
#12507 = CARTESIAN_POINT('',(-39.4,-42.37,206.3));
#12508 = VECTOR('',#12509,1.);
#12509 = DIRECTION('',(1.,0.,0.));
#12510 = ORIENTED_EDGE('',*,*,#12454,.F.);
#12511 = PLANE('',#12512);
#12512 = AXIS2_PLACEMENT_3D('',#12513,#12514,#12515);
#12513 = CARTESIAN_POINT('',(-39.4,-42.37,175.7));
#12514 = DIRECTION('',(0.,1.,0.));
#12515 = DIRECTION('',(0.,0.,1.));
#12516 = ADVANCED_FACE('',(#12517),#12523,.F.);
#12517 = FACE_BOUND('',#12518,.F.);
#12518 = EDGE_LOOP('',(#12519,#12520,#12521,#12522));
#12519 = ORIENTED_EDGE('',*,*,#12406,.F.);
#12520 = ORIENTED_EDGE('',*,*,#12476,.T.);
#12521 = ORIENTED_EDGE('',*,*,#12446,.T.);
#12522 = ORIENTED_EDGE('',*,*,#12498,.F.);
#12523 = PLANE('',#12524);
#12524 = AXIS2_PLACEMENT_3D('',#12525,#12526,#12527);
#12525 = CARTESIAN_POINT('',(-39.4,-42.44,175.7));
#12526 = DIRECTION('',(0.,0.,1.));
#12527 = DIRECTION('',(1.,0.,0.));
#12528 = ADVANCED_FACE('',(#12529),#12535,.T.);
#12529 = FACE_BOUND('',#12530,.T.);
#12530 = EDGE_LOOP('',(#12531,#12532,#12533,#12534));
#12531 = ORIENTED_EDGE('',*,*,#12422,.F.);
#12532 = ORIENTED_EDGE('',*,*,#12483,.T.);
#12533 = ORIENTED_EDGE('',*,*,#12462,.T.);
#12534 = ORIENTED_EDGE('',*,*,#12505,.F.);
#12535 = PLANE('',#12536);
#12536 = AXIS2_PLACEMENT_3D('',#12537,#12538,#12539);
#12537 = CARTESIAN_POINT('',(-39.4,-42.44,206.3));
#12538 = DIRECTION('',(0.,0.,1.));
#12539 = DIRECTION('',(1.,0.,0.));
#12540 = MANIFOLD_SOLID_BREP('',#12541);
#12541 = CLOSED_SHELL('',(#12542,#12598,#12629,#12653,#12677,#12708,
    #12725,#12751,#12782,#12831,#12855,#12879,#12921,#12952,#12976,
    #12998,#13010,#13034,#13099,#13123,#13181,#13198,#13215,#13240,
    #13280,#13296,#13331,#13363,#13389,#13414,#13461,#13501,#13532,
    #13572,#13597,#13637,#13669,#13709,#13735,#13758,#13774,#13790,
    #13807,#13830,#13877,#13924,#13935,#13952,#13969,#13988,#14005,
    #14017));
#12542 = ADVANCED_FACE('',(#12543),#12593,.T.);
#12543 = FACE_BOUND('',#12544,.T.);
#12544 = EDGE_LOOP('',(#12545,#12555,#12563,#12571,#12579,#12587));
#12545 = ORIENTED_EDGE('',*,*,#12546,.F.);
#12546 = EDGE_CURVE('',#12547,#12549,#12551,.T.);
#12547 = VERTEX_POINT('',#12548);
#12548 = CARTESIAN_POINT('',(-7.5,19.8,222.8));
#12549 = VERTEX_POINT('',#12550);
#12550 = CARTESIAN_POINT('',(7.5,19.8,222.8));
#12551 = LINE('',#12552,#12553);
#12552 = CARTESIAN_POINT('',(-7.5,19.8,222.8));
#12553 = VECTOR('',#12554,1.);
#12554 = DIRECTION('',(1.,0.,0.));
#12555 = ORIENTED_EDGE('',*,*,#12556,.T.);
#12556 = EDGE_CURVE('',#12547,#12557,#12559,.T.);
#12557 = VERTEX_POINT('',#12558);
#12558 = CARTESIAN_POINT('',(-7.5,34.2,222.8));
#12559 = LINE('',#12560,#12561);
#12560 = CARTESIAN_POINT('',(-7.5,19.8,222.8));
#12561 = VECTOR('',#12562,1.);
#12562 = DIRECTION('',(0.,1.,0.));
#12563 = ORIENTED_EDGE('',*,*,#12564,.T.);
#12564 = EDGE_CURVE('',#12557,#12565,#12567,.T.);
#12565 = VERTEX_POINT('',#12566);
#12566 = CARTESIAN_POINT('',(-0.268806130178,34.2,222.8));
#12567 = LINE('',#12568,#12569);
#12568 = CARTESIAN_POINT('',(-7.5,34.2,222.8));
#12569 = VECTOR('',#12570,1.);
#12570 = DIRECTION('',(1.,0.,0.));
#12571 = ORIENTED_EDGE('',*,*,#12572,.T.);
#12572 = EDGE_CURVE('',#12565,#12573,#12575,.T.);
#12573 = VERTEX_POINT('',#12574);
#12574 = CARTESIAN_POINT('',(1.963543884703,26.758833283728,222.8));
#12575 = LINE('',#12576,#12577);
#12576 = CARTESIAN_POINT('',(-2.346674398792,41.126227562045,222.8));
#12577 = VECTOR('',#12578,1.);
#12578 = DIRECTION('',(0.287347885566,-0.957826285221,0.));
#12579 = ORIENTED_EDGE('',*,*,#12580,.T.);
#12580 = EDGE_CURVE('',#12573,#12581,#12583,.T.);
#12581 = VERTEX_POINT('',#12582);
#12582 = CARTESIAN_POINT('',(7.5,28.419770118317,222.8));
#12583 = LINE('',#12584,#12585);
#12584 = CARTESIAN_POINT('',(1.963543884703,26.758833283728,222.8));
#12585 = VECTOR('',#12586,1.);
#12586 = DIRECTION('',(0.957826285221,0.287347885566,0.));
#12587 = ORIENTED_EDGE('',*,*,#12588,.F.);
#12588 = EDGE_CURVE('',#12549,#12581,#12589,.T.);
#12589 = LINE('',#12590,#12591);
#12590 = CARTESIAN_POINT('',(7.5,19.8,222.8));
#12591 = VECTOR('',#12592,1.);
#12592 = DIRECTION('',(0.,1.,0.));
#12593 = PLANE('',#12594);
#12594 = AXIS2_PLACEMENT_3D('',#12595,#12596,#12597);
#12595 = CARTESIAN_POINT('',(-7.5,19.8,222.8));
#12596 = DIRECTION('',(0.,0.,-1.));
#12597 = DIRECTION('',(1.,0.,0.));
#12598 = ADVANCED_FACE('',(#12599),#12624,.T.);
#12599 = FACE_BOUND('',#12600,.T.);
#12600 = EDGE_LOOP('',(#12601,#12602,#12610,#12618));
#12601 = ORIENTED_EDGE('',*,*,#12546,.T.);
#12602 = ORIENTED_EDGE('',*,*,#12603,.T.);
#12603 = EDGE_CURVE('',#12549,#12604,#12606,.T.);
#12604 = VERTEX_POINT('',#12605);
#12605 = CARTESIAN_POINT('',(7.5,19.8,223.2));
#12606 = LINE('',#12607,#12608);
#12607 = CARTESIAN_POINT('',(7.5,19.8,222.8));
#12608 = VECTOR('',#12609,1.);
#12609 = DIRECTION('',(0.,0.,1.));
#12610 = ORIENTED_EDGE('',*,*,#12611,.T.);
#12611 = EDGE_CURVE('',#12604,#12612,#12614,.T.);
#12612 = VERTEX_POINT('',#12613);
#12613 = CARTESIAN_POINT('',(-7.5,19.8,223.2));
#12614 = LINE('',#12615,#12616);
#12615 = CARTESIAN_POINT('',(7.5,19.8,223.2));
#12616 = VECTOR('',#12617,1.);
#12617 = DIRECTION('',(-1.,0.,0.));
#12618 = ORIENTED_EDGE('',*,*,#12619,.T.);
#12619 = EDGE_CURVE('',#12612,#12547,#12620,.T.);
#12620 = LINE('',#12621,#12622);
#12621 = CARTESIAN_POINT('',(-7.5,19.8,223.2));
#12622 = VECTOR('',#12623,1.);
#12623 = DIRECTION('',(0.,0.,-1.));
#12624 = PLANE('',#12625);
#12625 = AXIS2_PLACEMENT_3D('',#12626,#12627,#12628);
#12626 = CARTESIAN_POINT('',(0.,19.8,223.));
#12627 = DIRECTION('',(-0.,-1.,-0.));
#12628 = DIRECTION('',(0.,0.,-1.));
#12629 = ADVANCED_FACE('',(#12630),#12648,.T.);
#12630 = FACE_BOUND('',#12631,.T.);
#12631 = EDGE_LOOP('',(#12632,#12633,#12634,#12642));
#12632 = ORIENTED_EDGE('',*,*,#12603,.F.);
#12633 = ORIENTED_EDGE('',*,*,#12588,.T.);
#12634 = ORIENTED_EDGE('',*,*,#12635,.F.);
#12635 = EDGE_CURVE('',#12636,#12581,#12638,.T.);
#12636 = VERTEX_POINT('',#12637);
#12637 = CARTESIAN_POINT('',(7.5,28.419770118317,223.2));
#12638 = LINE('',#12639,#12640);
#12639 = CARTESIAN_POINT('',(7.5,28.419770118317,222.8));
#12640 = VECTOR('',#12641,1.);
#12641 = DIRECTION('',(0.,0.,-1.));
#12642 = ORIENTED_EDGE('',*,*,#12643,.F.);
#12643 = EDGE_CURVE('',#12604,#12636,#12644,.T.);
#12644 = LINE('',#12645,#12646);
#12645 = CARTESIAN_POINT('',(7.5,19.8,223.2));
#12646 = VECTOR('',#12647,1.);
#12647 = DIRECTION('',(0.,1.,0.));
#12648 = PLANE('',#12649);
#12649 = AXIS2_PLACEMENT_3D('',#12650,#12651,#12652);
#12650 = CARTESIAN_POINT('',(7.5,19.8,222.8));
#12651 = DIRECTION('',(1.,0.,0.));
#12652 = DIRECTION('',(0.,0.,1.));
#12653 = ADVANCED_FACE('',(#12654),#12672,.T.);
#12654 = FACE_BOUND('',#12655,.T.);
#12655 = EDGE_LOOP('',(#12656,#12657,#12665,#12671));
#12656 = ORIENTED_EDGE('',*,*,#12572,.F.);
#12657 = ORIENTED_EDGE('',*,*,#12658,.T.);
#12658 = EDGE_CURVE('',#12565,#12659,#12661,.T.);
#12659 = VERTEX_POINT('',#12660);
#12660 = CARTESIAN_POINT('',(7.5,34.2,222.8));
#12661 = LINE('',#12662,#12663);
#12662 = CARTESIAN_POINT('',(-7.5,34.2,222.8));
#12663 = VECTOR('',#12664,1.);
#12664 = DIRECTION('',(1.,0.,0.));
#12665 = ORIENTED_EDGE('',*,*,#12666,.F.);
#12666 = EDGE_CURVE('',#12581,#12659,#12667,.T.);
#12667 = LINE('',#12668,#12669);
#12668 = CARTESIAN_POINT('',(7.5,19.8,222.8));
#12669 = VECTOR('',#12670,1.);
#12670 = DIRECTION('',(0.,1.,0.));
#12671 = ORIENTED_EDGE('',*,*,#12580,.F.);
#12672 = PLANE('',#12673);
#12673 = AXIS2_PLACEMENT_3D('',#12674,#12675,#12676);
#12674 = CARTESIAN_POINT('',(-7.5,19.8,222.8));
#12675 = DIRECTION('',(0.,0.,-1.));
#12676 = DIRECTION('',(1.,0.,0.));
#12677 = ADVANCED_FACE('',(#12678),#12703,.F.);
#12678 = FACE_BOUND('',#12679,.F.);
#12679 = EDGE_LOOP('',(#12680,#12688,#12689,#12697));
#12680 = ORIENTED_EDGE('',*,*,#12681,.T.);
#12681 = EDGE_CURVE('',#12682,#12557,#12684,.T.);
#12682 = VERTEX_POINT('',#12683);
#12683 = CARTESIAN_POINT('',(-7.5,34.2,223.2));
#12684 = LINE('',#12685,#12686);
#12685 = CARTESIAN_POINT('',(-7.5,34.2,223.2));
#12686 = VECTOR('',#12687,1.);
#12687 = DIRECTION('',(0.,0.,-1.));
#12688 = ORIENTED_EDGE('',*,*,#12564,.T.);
#12689 = ORIENTED_EDGE('',*,*,#12690,.F.);
#12690 = EDGE_CURVE('',#12691,#12565,#12693,.T.);
#12691 = VERTEX_POINT('',#12692);
#12692 = CARTESIAN_POINT('',(-0.268806130178,34.2,223.2));
#12693 = LINE('',#12694,#12695);
#12694 = CARTESIAN_POINT('',(-0.268806130178,34.2,223.));
#12695 = VECTOR('',#12696,1.);
#12696 = DIRECTION('',(0.,0.,-1.));
#12697 = ORIENTED_EDGE('',*,*,#12698,.T.);
#12698 = EDGE_CURVE('',#12691,#12682,#12699,.T.);
#12699 = LINE('',#12700,#12701);
#12700 = CARTESIAN_POINT('',(7.5,34.2,223.2));
#12701 = VECTOR('',#12702,1.);
#12702 = DIRECTION('',(-1.,0.,0.));
#12703 = PLANE('',#12704);
#12704 = AXIS2_PLACEMENT_3D('',#12705,#12706,#12707);
#12705 = CARTESIAN_POINT('',(0.,34.2,223.));
#12706 = DIRECTION('',(-0.,-1.,-0.));
#12707 = DIRECTION('',(0.,0.,-1.));
#12708 = ADVANCED_FACE('',(#12709),#12720,.T.);
#12709 = FACE_BOUND('',#12710,.T.);
#12710 = EDGE_LOOP('',(#12711,#12717,#12718,#12719));
#12711 = ORIENTED_EDGE('',*,*,#12712,.T.);
#12712 = EDGE_CURVE('',#12612,#12682,#12713,.T.);
#12713 = LINE('',#12714,#12715);
#12714 = CARTESIAN_POINT('',(-7.5,19.8,223.2));
#12715 = VECTOR('',#12716,1.);
#12716 = DIRECTION('',(0.,1.,0.));
#12717 = ORIENTED_EDGE('',*,*,#12681,.T.);
#12718 = ORIENTED_EDGE('',*,*,#12556,.F.);
#12719 = ORIENTED_EDGE('',*,*,#12619,.F.);
#12720 = PLANE('',#12721);
#12721 = AXIS2_PLACEMENT_3D('',#12722,#12723,#12724);
#12722 = CARTESIAN_POINT('',(-7.5,19.8,223.2));
#12723 = DIRECTION('',(-1.,0.,0.));
#12724 = DIRECTION('',(0.,0.,-1.));
#12725 = ADVANCED_FACE('',(#12726),#12746,.T.);
#12726 = FACE_BOUND('',#12727,.T.);
#12727 = EDGE_LOOP('',(#12728,#12729,#12730,#12738,#12744,#12745));
#12728 = ORIENTED_EDGE('',*,*,#12611,.F.);
#12729 = ORIENTED_EDGE('',*,*,#12643,.T.);
#12730 = ORIENTED_EDGE('',*,*,#12731,.F.);
#12731 = EDGE_CURVE('',#12732,#12636,#12734,.T.);
#12732 = VERTEX_POINT('',#12733);
#12733 = CARTESIAN_POINT('',(1.963543884703,26.758833283728,223.2));
#12734 = LINE('',#12735,#12736);
#12735 = CARTESIAN_POINT('',(1.963543884703,26.758833283728,223.2));
#12736 = VECTOR('',#12737,1.);
#12737 = DIRECTION('',(0.957826285221,0.287347885566,0.));
#12738 = ORIENTED_EDGE('',*,*,#12739,.T.);
#12739 = EDGE_CURVE('',#12732,#12691,#12740,.T.);
#12740 = LINE('',#12741,#12742);
#12741 = CARTESIAN_POINT('',(1.963543884703,26.758833283728,223.2));
#12742 = VECTOR('',#12743,1.);
#12743 = DIRECTION('',(-0.287347885566,0.957826285221,0.));
#12744 = ORIENTED_EDGE('',*,*,#12698,.T.);
#12745 = ORIENTED_EDGE('',*,*,#12712,.F.);
#12746 = PLANE('',#12747);
#12747 = AXIS2_PLACEMENT_3D('',#12748,#12749,#12750);
#12748 = CARTESIAN_POINT('',(7.5,19.8,223.2));
#12749 = DIRECTION('',(0.,0.,1.));
#12750 = DIRECTION('',(-1.,0.,0.));
#12751 = ADVANCED_FACE('',(#12752),#12777,.T.);
#12752 = FACE_BOUND('',#12753,.T.);
#12753 = EDGE_LOOP('',(#12754,#12762,#12763,#12771));
#12754 = ORIENTED_EDGE('',*,*,#12755,.F.);
#12755 = EDGE_CURVE('',#12636,#12756,#12758,.T.);
#12756 = VERTEX_POINT('',#12757);
#12757 = CARTESIAN_POINT('',(41.100766272276,38.5,223.2));
#12758 = LINE('',#12759,#12760);
#12759 = CARTESIAN_POINT('',(1.963543884703,26.758833283728,223.2));
#12760 = VECTOR('',#12761,1.);
#12761 = DIRECTION('',(0.957826285221,0.287347885566,0.));
#12762 = ORIENTED_EDGE('',*,*,#12635,.T.);
#12763 = ORIENTED_EDGE('',*,*,#12764,.T.);
#12764 = EDGE_CURVE('',#12581,#12765,#12767,.T.);
#12765 = VERTEX_POINT('',#12766);
#12766 = CARTESIAN_POINT('',(41.100766272276,38.5,222.8));
#12767 = LINE('',#12768,#12769);
#12768 = CARTESIAN_POINT('',(1.963543884703,26.758833283728,222.8));
#12769 = VECTOR('',#12770,1.);
#12770 = DIRECTION('',(0.957826285221,0.287347885566,0.));
#12771 = ORIENTED_EDGE('',*,*,#12772,.F.);
#12772 = EDGE_CURVE('',#12756,#12765,#12773,.T.);
#12773 = LINE('',#12774,#12775);
#12774 = CARTESIAN_POINT('',(41.100766272276,38.5,222.8));
#12775 = VECTOR('',#12776,1.);
#12776 = DIRECTION('',(0.,0.,-1.));
#12777 = PLANE('',#12778);
#12778 = AXIS2_PLACEMENT_3D('',#12779,#12780,#12781);
#12779 = CARTESIAN_POINT('',(1.963543884703,26.758833283728,222.8));
#12780 = DIRECTION('',(0.287347885566,-0.957826285221,0.));
#12781 = DIRECTION('',(0.,0.,1.));
#12782 = ADVANCED_FACE('',(#12783),#12826,.T.);
#12783 = FACE_BOUND('',#12784,.T.);
#12784 = EDGE_LOOP('',(#12785,#12793,#12801,#12809,#12817,#12823,#12824,
    #12825));
#12785 = ORIENTED_EDGE('',*,*,#12786,.F.);
#12786 = EDGE_CURVE('',#12787,#12565,#12789,.T.);
#12787 = VERTEX_POINT('',#12788);
#12788 = CARTESIAN_POINT('',(-2.346674398792,41.126227562045,222.8));
#12789 = LINE('',#12790,#12791);
#12790 = CARTESIAN_POINT('',(-2.346674398792,41.126227562045,222.8));
#12791 = VECTOR('',#12792,1.);
#12792 = DIRECTION('',(0.287347885566,-0.957826285221,0.));
#12793 = ORIENTED_EDGE('',*,*,#12794,.T.);
#12794 = EDGE_CURVE('',#12787,#12795,#12797,.T.);
#12795 = VERTEX_POINT('',#12796);
#12796 = CARTESIAN_POINT('',(38.036456115297,53.241166716272,222.8));
#12797 = LINE('',#12798,#12799);
#12798 = CARTESIAN_POINT('',(-2.346674398792,41.126227562045,222.8));
#12799 = VECTOR('',#12800,1.);
#12800 = DIRECTION('',(0.957826285221,0.287347885566,0.));
#12801 = ORIENTED_EDGE('',*,*,#12802,.T.);
#12802 = EDGE_CURVE('',#12795,#12803,#12805,.T.);
#12803 = VERTEX_POINT('',#12804);
#12804 = CARTESIAN_POINT('',(39.8,47.362687100594,222.8));
#12805 = LINE('',#12806,#12807);
#12806 = CARTESIAN_POINT('',(38.036456115297,53.241166716272,222.8));
#12807 = VECTOR('',#12808,1.);
#12808 = DIRECTION('',(0.287347885566,-0.957826285221,0.));
#12809 = ORIENTED_EDGE('',*,*,#12810,.T.);
#12810 = EDGE_CURVE('',#12803,#12811,#12813,.T.);
#12811 = VERTEX_POINT('',#12812);
#12812 = CARTESIAN_POINT('',(39.8,38.5,222.8));
#12813 = LINE('',#12814,#12815);
#12814 = CARTESIAN_POINT('',(39.8,53.5,222.8));
#12815 = VECTOR('',#12816,1.);
#12816 = DIRECTION('',(0.,-1.,0.));
#12817 = ORIENTED_EDGE('',*,*,#12818,.T.);
#12818 = EDGE_CURVE('',#12811,#12765,#12819,.T.);
#12819 = LINE('',#12820,#12821);
#12820 = CARTESIAN_POINT('',(39.8,38.5,222.8));
#12821 = VECTOR('',#12822,1.);
#12822 = DIRECTION('',(1.,0.,0.));
#12823 = ORIENTED_EDGE('',*,*,#12764,.F.);
#12824 = ORIENTED_EDGE('',*,*,#12666,.T.);
#12825 = ORIENTED_EDGE('',*,*,#12658,.F.);
#12826 = PLANE('',#12827);
#12827 = AXIS2_PLACEMENT_3D('',#12828,#12829,#12830);
#12828 = CARTESIAN_POINT('',(-2.346674398792,41.126227562045,222.8));
#12829 = DIRECTION('',(0.,0.,-1.));
#12830 = DIRECTION('',(0.287347885566,-0.957826285221,0.));
#12831 = ADVANCED_FACE('',(#12832),#12850,.T.);
#12832 = FACE_BOUND('',#12833,.T.);
#12833 = EDGE_LOOP('',(#12834,#12842,#12843,#12844));
#12834 = ORIENTED_EDGE('',*,*,#12835,.T.);
#12835 = EDGE_CURVE('',#12836,#12787,#12838,.T.);
#12836 = VERTEX_POINT('',#12837);
#12837 = CARTESIAN_POINT('',(-2.346674398792,41.126227562045,223.2));
#12838 = LINE('',#12839,#12840);
#12839 = CARTESIAN_POINT('',(-2.346674398792,41.126227562045,223.2));
#12840 = VECTOR('',#12841,1.);
#12841 = DIRECTION('',(0.,0.,-1.));
#12842 = ORIENTED_EDGE('',*,*,#12786,.T.);
#12843 = ORIENTED_EDGE('',*,*,#12690,.F.);
#12844 = ORIENTED_EDGE('',*,*,#12845,.T.);
#12845 = EDGE_CURVE('',#12691,#12836,#12846,.T.);
#12846 = LINE('',#12847,#12848);
#12847 = CARTESIAN_POINT('',(1.963543884703,26.758833283728,223.2));
#12848 = VECTOR('',#12849,1.);
#12849 = DIRECTION('',(-0.287347885566,0.957826285221,0.));
#12850 = PLANE('',#12851);
#12851 = AXIS2_PLACEMENT_3D('',#12852,#12853,#12854);
#12852 = CARTESIAN_POINT('',(-0.191565257044,33.942530422887,223.));
#12853 = DIRECTION('',(-0.957826285221,-0.287347885566,-0.));
#12854 = DIRECTION('',(0.287347885566,-0.957826285221,0.));
#12855 = ADVANCED_FACE('',(#12856),#12874,.T.);
#12856 = FACE_BOUND('',#12857,.T.);
#12857 = EDGE_LOOP('',(#12858,#12859,#12867,#12873));
#12858 = ORIENTED_EDGE('',*,*,#12731,.T.);
#12859 = ORIENTED_EDGE('',*,*,#12860,.T.);
#12860 = EDGE_CURVE('',#12636,#12861,#12863,.T.);
#12861 = VERTEX_POINT('',#12862);
#12862 = CARTESIAN_POINT('',(7.5,34.2,223.2));
#12863 = LINE('',#12864,#12865);
#12864 = CARTESIAN_POINT('',(7.5,19.8,223.2));
#12865 = VECTOR('',#12866,1.);
#12866 = DIRECTION('',(0.,1.,0.));
#12867 = ORIENTED_EDGE('',*,*,#12868,.T.);
#12868 = EDGE_CURVE('',#12861,#12691,#12869,.T.);
#12869 = LINE('',#12870,#12871);
#12870 = CARTESIAN_POINT('',(7.5,34.2,223.2));
#12871 = VECTOR('',#12872,1.);
#12872 = DIRECTION('',(-1.,0.,0.));
#12873 = ORIENTED_EDGE('',*,*,#12739,.F.);
#12874 = PLANE('',#12875);
#12875 = AXIS2_PLACEMENT_3D('',#12876,#12877,#12878);
#12876 = CARTESIAN_POINT('',(7.5,19.8,223.2));
#12877 = DIRECTION('',(0.,0.,1.));
#12878 = DIRECTION('',(-1.,0.,0.));
#12879 = ADVANCED_FACE('',(#12880),#12916,.T.);
#12880 = FACE_BOUND('',#12881,.T.);
#12881 = EDGE_LOOP('',(#12882,#12883,#12884,#12892,#12900,#12908,#12914,
    #12915));
#12882 = ORIENTED_EDGE('',*,*,#12860,.F.);
#12883 = ORIENTED_EDGE('',*,*,#12755,.T.);
#12884 = ORIENTED_EDGE('',*,*,#12885,.F.);
#12885 = EDGE_CURVE('',#12886,#12756,#12888,.T.);
#12886 = VERTEX_POINT('',#12887);
#12887 = CARTESIAN_POINT('',(39.8,38.5,223.2));
#12888 = LINE('',#12889,#12890);
#12889 = CARTESIAN_POINT('',(39.8,38.5,223.2));
#12890 = VECTOR('',#12891,1.);
#12891 = DIRECTION('',(1.,0.,0.));
#12892 = ORIENTED_EDGE('',*,*,#12893,.T.);
#12893 = EDGE_CURVE('',#12886,#12894,#12896,.T.);
#12894 = VERTEX_POINT('',#12895);
#12895 = CARTESIAN_POINT('',(39.8,47.362687100594,223.2));
#12896 = LINE('',#12897,#12898);
#12897 = CARTESIAN_POINT('',(39.8,38.5,223.2));
#12898 = VECTOR('',#12899,1.);
#12899 = DIRECTION('',(0.,1.,0.));
#12900 = ORIENTED_EDGE('',*,*,#12901,.T.);
#12901 = EDGE_CURVE('',#12894,#12902,#12904,.T.);
#12902 = VERTEX_POINT('',#12903);
#12903 = CARTESIAN_POINT('',(38.036456115297,53.241166716272,223.2));
#12904 = LINE('',#12905,#12906);
#12905 = CARTESIAN_POINT('',(42.346674398792,38.873772437955,223.2));
#12906 = VECTOR('',#12907,1.);
#12907 = DIRECTION('',(-0.287347885566,0.957826285221,0.));
#12908 = ORIENTED_EDGE('',*,*,#12909,.F.);
#12909 = EDGE_CURVE('',#12836,#12902,#12910,.T.);
#12910 = LINE('',#12911,#12912);
#12911 = CARTESIAN_POINT('',(-2.346674398792,41.126227562045,223.2));
#12912 = VECTOR('',#12913,1.);
#12913 = DIRECTION('',(0.957826285221,0.287347885566,0.));
#12914 = ORIENTED_EDGE('',*,*,#12845,.F.);
#12915 = ORIENTED_EDGE('',*,*,#12868,.F.);
#12916 = PLANE('',#12917);
#12917 = AXIS2_PLACEMENT_3D('',#12918,#12919,#12920);
#12918 = CARTESIAN_POINT('',(1.963543884703,26.758833283728,223.2));
#12919 = DIRECTION('',(0.,0.,1.));
#12920 = DIRECTION('',(-0.287347885566,0.957826285221,0.));
#12921 = ADVANCED_FACE('',(#12922),#12947,.T.);
#12922 = FACE_BOUND('',#12923,.T.);
#12923 = EDGE_LOOP('',(#12924,#12925,#12933,#12941));
#12924 = ORIENTED_EDGE('',*,*,#12772,.T.);
#12925 = ORIENTED_EDGE('',*,*,#12926,.T.);
#12926 = EDGE_CURVE('',#12765,#12927,#12929,.T.);
#12927 = VERTEX_POINT('',#12928);
#12928 = CARTESIAN_POINT('',(77.7,38.5,222.8));
#12929 = LINE('',#12930,#12931);
#12930 = CARTESIAN_POINT('',(39.8,38.5,222.8));
#12931 = VECTOR('',#12932,1.);
#12932 = DIRECTION('',(1.,0.,0.));
#12933 = ORIENTED_EDGE('',*,*,#12934,.T.);
#12934 = EDGE_CURVE('',#12927,#12935,#12937,.T.);
#12935 = VERTEX_POINT('',#12936);
#12936 = CARTESIAN_POINT('',(77.7,38.5,223.2));
#12937 = LINE('',#12938,#12939);
#12938 = CARTESIAN_POINT('',(77.7,38.5,222.8));
#12939 = VECTOR('',#12940,1.);
#12940 = DIRECTION('',(0.,0.,1.));
#12941 = ORIENTED_EDGE('',*,*,#12942,.F.);
#12942 = EDGE_CURVE('',#12756,#12935,#12943,.T.);
#12943 = LINE('',#12944,#12945);
#12944 = CARTESIAN_POINT('',(39.8,38.5,223.2));
#12945 = VECTOR('',#12946,1.);
#12946 = DIRECTION('',(1.,0.,0.));
#12947 = PLANE('',#12948);
#12948 = AXIS2_PLACEMENT_3D('',#12949,#12950,#12951);
#12949 = CARTESIAN_POINT('',(39.8,38.5,222.8));
#12950 = DIRECTION('',(0.,-1.,0.));
#12951 = DIRECTION('',(0.,0.,1.));
#12952 = ADVANCED_FACE('',(#12953),#12971,.T.);
#12953 = FACE_BOUND('',#12954,.T.);
#12954 = EDGE_LOOP('',(#12955,#12956,#12964,#12970));
#12955 = ORIENTED_EDGE('',*,*,#12810,.F.);
#12956 = ORIENTED_EDGE('',*,*,#12957,.T.);
#12957 = EDGE_CURVE('',#12803,#12958,#12960,.T.);
#12958 = VERTEX_POINT('',#12959);
#12959 = CARTESIAN_POINT('',(42.346674398792,38.873772437955,222.8));
#12960 = LINE('',#12961,#12962);
#12961 = CARTESIAN_POINT('',(38.036456115297,53.241166716272,222.8));
#12962 = VECTOR('',#12963,1.);
#12963 = DIRECTION('',(0.287347885566,-0.957826285221,0.));
#12964 = ORIENTED_EDGE('',*,*,#12965,.F.);
#12965 = EDGE_CURVE('',#12765,#12958,#12966,.T.);
#12966 = LINE('',#12967,#12968);
#12967 = CARTESIAN_POINT('',(1.963543884703,26.758833283728,222.8));
#12968 = VECTOR('',#12969,1.);
#12969 = DIRECTION('',(0.957826285221,0.287347885566,0.));
#12970 = ORIENTED_EDGE('',*,*,#12818,.F.);
#12971 = PLANE('',#12972);
#12972 = AXIS2_PLACEMENT_3D('',#12973,#12974,#12975);
#12973 = CARTESIAN_POINT('',(-2.346674398792,41.126227562045,222.8));
#12974 = DIRECTION('',(0.,0.,-1.));
#12975 = DIRECTION('',(0.287347885566,-0.957826285221,0.));
#12976 = ADVANCED_FACE('',(#12977),#12993,.F.);
#12977 = FACE_BOUND('',#12978,.F.);
#12978 = EDGE_LOOP('',(#12979,#12985,#12986,#12992));
#12979 = ORIENTED_EDGE('',*,*,#12980,.T.);
#12980 = EDGE_CURVE('',#12902,#12795,#12981,.T.);
#12981 = LINE('',#12982,#12983);
#12982 = CARTESIAN_POINT('',(38.036456115297,53.241166716272,223.2));
#12983 = VECTOR('',#12984,1.);
#12984 = DIRECTION('',(0.,0.,-1.));
#12985 = ORIENTED_EDGE('',*,*,#12802,.T.);
#12986 = ORIENTED_EDGE('',*,*,#12987,.F.);
#12987 = EDGE_CURVE('',#12894,#12803,#12988,.T.);
#12988 = LINE('',#12989,#12990);
#12989 = CARTESIAN_POINT('',(39.8,47.362687100594,223.));
#12990 = VECTOR('',#12991,1.);
#12991 = DIRECTION('',(0.,0.,-1.));
#12992 = ORIENTED_EDGE('',*,*,#12901,.T.);
#12993 = PLANE('',#12994);
#12994 = AXIS2_PLACEMENT_3D('',#12995,#12996,#12997);
#12995 = CARTESIAN_POINT('',(40.191565257044,46.057469577113,223.));
#12996 = DIRECTION('',(-0.957826285221,-0.287347885566,-0.));
#12997 = DIRECTION('',(0.287347885566,-0.957826285221,0.));
#12998 = ADVANCED_FACE('',(#12999),#13005,.T.);
#12999 = FACE_BOUND('',#13000,.T.);
#13000 = EDGE_LOOP('',(#13001,#13002,#13003,#13004));
#13001 = ORIENTED_EDGE('',*,*,#12909,.T.);
#13002 = ORIENTED_EDGE('',*,*,#12980,.T.);
#13003 = ORIENTED_EDGE('',*,*,#12794,.F.);
#13004 = ORIENTED_EDGE('',*,*,#12835,.F.);
#13005 = PLANE('',#13006);
#13006 = AXIS2_PLACEMENT_3D('',#13007,#13008,#13009);
#13007 = CARTESIAN_POINT('',(-2.346674398792,41.126227562045,223.2));
#13008 = DIRECTION('',(-0.287347885566,0.957826285221,0.));
#13009 = DIRECTION('',(0.,0.,-1.));
#13010 = ADVANCED_FACE('',(#13011),#13029,.T.);
#13011 = FACE_BOUND('',#13012,.T.);
#13012 = EDGE_LOOP('',(#13013,#13014,#13022,#13028));
#13013 = ORIENTED_EDGE('',*,*,#12885,.T.);
#13014 = ORIENTED_EDGE('',*,*,#13015,.T.);
#13015 = EDGE_CURVE('',#12756,#13016,#13018,.T.);
#13016 = VERTEX_POINT('',#13017);
#13017 = CARTESIAN_POINT('',(42.346674398792,38.873772437955,223.2));
#13018 = LINE('',#13019,#13020);
#13019 = CARTESIAN_POINT('',(1.963543884703,26.758833283728,223.2));
#13020 = VECTOR('',#13021,1.);
#13021 = DIRECTION('',(0.957826285221,0.287347885566,0.));
#13022 = ORIENTED_EDGE('',*,*,#13023,.T.);
#13023 = EDGE_CURVE('',#13016,#12894,#13024,.T.);
#13024 = LINE('',#13025,#13026);
#13025 = CARTESIAN_POINT('',(42.346674398792,38.873772437955,223.2));
#13026 = VECTOR('',#13027,1.);
#13027 = DIRECTION('',(-0.287347885566,0.957826285221,0.));
#13028 = ORIENTED_EDGE('',*,*,#12893,.F.);
#13029 = PLANE('',#13030);
#13030 = AXIS2_PLACEMENT_3D('',#13031,#13032,#13033);
#13031 = CARTESIAN_POINT('',(1.963543884703,26.758833283728,223.2));
#13032 = DIRECTION('',(0.,0.,1.));
#13033 = DIRECTION('',(-0.287347885566,0.957826285221,0.));
#13034 = ADVANCED_FACE('',(#13035),#13094,.T.);
#13035 = FACE_BOUND('',#13036,.T.);
#13036 = EDGE_LOOP('',(#13037,#13038,#13039,#13047,#13055,#13063,#13071,
    #13079,#13087,#13093));
#13037 = ORIENTED_EDGE('',*,*,#13015,.F.);
#13038 = ORIENTED_EDGE('',*,*,#12942,.T.);
#13039 = ORIENTED_EDGE('',*,*,#13040,.T.);
#13040 = EDGE_CURVE('',#12935,#13041,#13043,.T.);
#13041 = VERTEX_POINT('',#13042);
#13042 = CARTESIAN_POINT('',(77.7,45.966929603458,223.2));
#13043 = LINE('',#13044,#13045);
#13044 = CARTESIAN_POINT('',(77.7,38.5,223.2));
#13045 = VECTOR('',#13046,1.);
#13046 = DIRECTION('',(0.,1.,0.));
#13047 = ORIENTED_EDGE('',*,*,#13048,.F.);
#13048 = EDGE_CURVE('',#13049,#13041,#13051,.T.);
#13049 = VERTEX_POINT('',#13050);
#13050 = CARTESIAN_POINT('',(70.,45.966929603458,223.2));
#13051 = LINE('',#13052,#13053);
#13052 = CARTESIAN_POINT('',(54.9,45.966929603458,223.2));
#13053 = VECTOR('',#13054,1.);
#13054 = DIRECTION('',(1.,0.,0.));
#13055 = ORIENTED_EDGE('',*,*,#13056,.F.);
#13056 = EDGE_CURVE('',#13057,#13049,#13059,.T.);
#13057 = VERTEX_POINT('',#13058);
#13058 = CARTESIAN_POINT('',(70.,46.143243934824,223.2));
#13059 = LINE('',#13060,#13061);
#13060 = CARTESIAN_POINT('',(70.,42.376867547806,223.2));
#13061 = VECTOR('',#13062,1.);
#13062 = DIRECTION('',(0.,-1.,0.));
#13063 = ORIENTED_EDGE('',*,*,#13064,.F.);
#13064 = EDGE_CURVE('',#13065,#13057,#13067,.T.);
#13065 = VERTEX_POINT('',#13066);
#13066 = CARTESIAN_POINT('',(77.7,46.143243934824,223.2));
#13067 = LINE('',#13068,#13069);
#13068 = CARTESIAN_POINT('',(58.65,46.143243934824,223.2));
#13069 = VECTOR('',#13070,1.);
#13070 = DIRECTION('',(-1.,0.,0.));
#13071 = ORIENTED_EDGE('',*,*,#13072,.T.);
#13072 = EDGE_CURVE('',#13065,#13073,#13075,.T.);
#13073 = VERTEX_POINT('',#13074);
#13074 = CARTESIAN_POINT('',(77.7,53.5,223.2));
#13075 = LINE('',#13076,#13077);
#13076 = CARTESIAN_POINT('',(77.7,38.5,223.2));
#13077 = VECTOR('',#13078,1.);
#13078 = DIRECTION('',(0.,1.,0.));
#13079 = ORIENTED_EDGE('',*,*,#13080,.F.);
#13080 = EDGE_CURVE('',#13081,#13073,#13083,.T.);
#13081 = VERTEX_POINT('',#13082);
#13082 = CARTESIAN_POINT('',(39.8,53.5,223.2));
#13083 = LINE('',#13084,#13085);
#13084 = CARTESIAN_POINT('',(39.8,53.5,223.2));
#13085 = VECTOR('',#13086,1.);
#13086 = DIRECTION('',(1.,0.,0.));
#13087 = ORIENTED_EDGE('',*,*,#13088,.F.);
#13088 = EDGE_CURVE('',#12894,#13081,#13089,.T.);
#13089 = LINE('',#13090,#13091);
#13090 = CARTESIAN_POINT('',(39.8,38.5,223.2));
#13091 = VECTOR('',#13092,1.);
#13092 = DIRECTION('',(0.,1.,0.));
#13093 = ORIENTED_EDGE('',*,*,#13023,.F.);
#13094 = PLANE('',#13095);
#13095 = AXIS2_PLACEMENT_3D('',#13096,#13097,#13098);
#13096 = CARTESIAN_POINT('',(39.8,38.5,223.2));
#13097 = DIRECTION('',(0.,0.,1.));
#13098 = DIRECTION('',(0.,1.,0.));
#13099 = ADVANCED_FACE('',(#13100),#13118,.F.);
#13100 = FACE_BOUND('',#13101,.F.);
#13101 = EDGE_LOOP('',(#13102,#13110,#13116,#13117));
#13102 = ORIENTED_EDGE('',*,*,#13103,.F.);
#13103 = EDGE_CURVE('',#13104,#13041,#13106,.T.);
#13104 = VERTEX_POINT('',#13105);
#13105 = CARTESIAN_POINT('',(77.7,44.790459015223,222.8));
#13106 = LINE('',#13107,#13108);
#13107 = CARTESIAN_POINT('',(77.7,46.030296727834,223.22154482228));
#13108 = VECTOR('',#13109,1.);
#13109 = DIRECTION('',(0.,0.94677274482,0.321902733239));
#13110 = ORIENTED_EDGE('',*,*,#13111,.T.);
#13111 = EDGE_CURVE('',#13104,#12927,#13112,.T.);
#13112 = LINE('',#13113,#13114);
#13113 = CARTESIAN_POINT('',(77.7,53.5,222.8));
#13114 = VECTOR('',#13115,1.);
#13115 = DIRECTION('',(0.,-1.,0.));
#13116 = ORIENTED_EDGE('',*,*,#12934,.T.);
#13117 = ORIENTED_EDGE('',*,*,#13040,.T.);
#13118 = PLANE('',#13119);
#13119 = AXIS2_PLACEMENT_3D('',#13120,#13121,#13122);
#13120 = CARTESIAN_POINT('',(77.7,46.,223.));
#13121 = DIRECTION('',(-1.,-0.,-0.));
#13122 = DIRECTION('',(0.,0.,-1.));
#13123 = ADVANCED_FACE('',(#13124),#13176,.T.);
#13124 = FACE_BOUND('',#13125,.T.);
#13125 = EDGE_LOOP('',(#13126,#13134,#13142,#13150,#13158,#13166,#13172,
    #13173,#13174,#13175));
#13126 = ORIENTED_EDGE('',*,*,#13127,.F.);
#13127 = EDGE_CURVE('',#13128,#12803,#13130,.T.);
#13128 = VERTEX_POINT('',#13129);
#13129 = CARTESIAN_POINT('',(39.8,53.5,222.8));
#13130 = LINE('',#13131,#13132);
#13131 = CARTESIAN_POINT('',(39.8,53.5,222.8));
#13132 = VECTOR('',#13133,1.);
#13133 = DIRECTION('',(0.,-1.,0.));
#13134 = ORIENTED_EDGE('',*,*,#13135,.T.);
#13135 = EDGE_CURVE('',#13128,#13136,#13138,.T.);
#13136 = VERTEX_POINT('',#13137);
#13137 = CARTESIAN_POINT('',(77.7,53.5,222.8));
#13138 = LINE('',#13139,#13140);
#13139 = CARTESIAN_POINT('',(39.8,53.5,222.8));
#13140 = VECTOR('',#13141,1.);
#13141 = DIRECTION('',(1.,0.,0.));
#13142 = ORIENTED_EDGE('',*,*,#13143,.T.);
#13143 = EDGE_CURVE('',#13136,#13144,#13146,.T.);
#13144 = VERTEX_POINT('',#13145);
#13145 = CARTESIAN_POINT('',(77.7,46.033070396542,222.8));
#13146 = LINE('',#13147,#13148);
#13147 = CARTESIAN_POINT('',(77.7,53.5,222.8));
#13148 = VECTOR('',#13149,1.);
#13149 = DIRECTION('',(0.,-1.,0.));
#13150 = ORIENTED_EDGE('',*,*,#13151,.F.);
#13151 = EDGE_CURVE('',#13152,#13144,#13154,.T.);
#13152 = VERTEX_POINT('',#13153);
#13153 = CARTESIAN_POINT('',(70.,46.033070396542,222.8));
#13154 = LINE('',#13155,#13156);
#13155 = CARTESIAN_POINT('',(62.4,46.033070396542,222.8));
#13156 = VECTOR('',#13157,1.);
#13157 = DIRECTION('',(1.,0.,0.));
#13158 = ORIENTED_EDGE('',*,*,#13159,.F.);
#13159 = EDGE_CURVE('',#13160,#13152,#13162,.T.);
#13160 = VERTEX_POINT('',#13161);
#13161 = CARTESIAN_POINT('',(70.,44.790459015223,222.8));
#13162 = LINE('',#13163,#13164);
#13163 = CARTESIAN_POINT('',(70.,49.876867547806,222.8));
#13164 = VECTOR('',#13165,1.);
#13165 = DIRECTION('',(0.,1.,0.));
#13166 = ORIENTED_EDGE('',*,*,#13167,.F.);
#13167 = EDGE_CURVE('',#13104,#13160,#13168,.T.);
#13168 = LINE('',#13169,#13170);
#13169 = CARTESIAN_POINT('',(54.9,44.790459015223,222.8));
#13170 = VECTOR('',#13171,1.);
#13171 = DIRECTION('',(-1.,-0.,-0.));
#13172 = ORIENTED_EDGE('',*,*,#13111,.T.);
#13173 = ORIENTED_EDGE('',*,*,#12926,.F.);
#13174 = ORIENTED_EDGE('',*,*,#12965,.T.);
#13175 = ORIENTED_EDGE('',*,*,#12957,.F.);
#13176 = PLANE('',#13177);
#13177 = AXIS2_PLACEMENT_3D('',#13178,#13179,#13180);
#13178 = CARTESIAN_POINT('',(39.8,53.5,222.8));
#13179 = DIRECTION('',(0.,0.,-1.));
#13180 = DIRECTION('',(0.,-1.,0.));
#13181 = ADVANCED_FACE('',(#13182),#13193,.T.);
#13182 = FACE_BOUND('',#13183,.T.);
#13183 = EDGE_LOOP('',(#13184,#13190,#13191,#13192));
#13184 = ORIENTED_EDGE('',*,*,#13185,.T.);
#13185 = EDGE_CURVE('',#13081,#13128,#13186,.T.);
#13186 = LINE('',#13187,#13188);
#13187 = CARTESIAN_POINT('',(39.8,53.5,223.2));
#13188 = VECTOR('',#13189,1.);
#13189 = DIRECTION('',(0.,0.,-1.));
#13190 = ORIENTED_EDGE('',*,*,#13127,.T.);
#13191 = ORIENTED_EDGE('',*,*,#12987,.F.);
#13192 = ORIENTED_EDGE('',*,*,#13088,.T.);
#13193 = PLANE('',#13194);
#13194 = AXIS2_PLACEMENT_3D('',#13195,#13196,#13197);
#13195 = CARTESIAN_POINT('',(39.8,46.,223.));
#13196 = DIRECTION('',(-1.,-0.,-0.));
#13197 = DIRECTION('',(0.,0.,-1.));
#13198 = ADVANCED_FACE('',(#13199),#13210,.T.);
#13199 = FACE_BOUND('',#13200,.T.);
#13200 = EDGE_LOOP('',(#13201,#13202,#13208,#13209));
#13201 = ORIENTED_EDGE('',*,*,#13080,.T.);
#13202 = ORIENTED_EDGE('',*,*,#13203,.T.);
#13203 = EDGE_CURVE('',#13073,#13136,#13204,.T.);
#13204 = LINE('',#13205,#13206);
#13205 = CARTESIAN_POINT('',(77.7,53.5,223.2));
#13206 = VECTOR('',#13207,1.);
#13207 = DIRECTION('',(0.,0.,-1.));
#13208 = ORIENTED_EDGE('',*,*,#13135,.F.);
#13209 = ORIENTED_EDGE('',*,*,#13185,.F.);
#13210 = PLANE('',#13211);
#13211 = AXIS2_PLACEMENT_3D('',#13212,#13213,#13214);
#13212 = CARTESIAN_POINT('',(39.8,53.5,223.2));
#13213 = DIRECTION('',(0.,1.,0.));
#13214 = DIRECTION('',(0.,0.,-1.));
#13215 = ADVANCED_FACE('',(#13216),#13235,.F.);
#13216 = FACE_BOUND('',#13217,.F.);
#13217 = EDGE_LOOP('',(#13218,#13219,#13220,#13228,#13234));
#13218 = ORIENTED_EDGE('',*,*,#13203,.T.);
#13219 = ORIENTED_EDGE('',*,*,#13143,.T.);
#13220 = ORIENTED_EDGE('',*,*,#13221,.F.);
#13221 = EDGE_CURVE('',#13222,#13144,#13224,.T.);
#13222 = VERTEX_POINT('',#13223);
#13223 = CARTESIAN_POINT('',(77.7,46.253735095612,222.87502599768));
#13224 = LINE('',#13225,#13226);
#13225 = CARTESIAN_POINT('',(77.7,46.15905782113,222.84283572436));
#13226 = VECTOR('',#13227,1.);
#13227 = DIRECTION('',(0.,-0.94677274482,-0.321902733239));
#13228 = ORIENTED_EDGE('',*,*,#13229,.F.);
#13229 = EDGE_CURVE('',#13065,#13222,#13230,.T.);
#13230 = LINE('',#13231,#13232);
#13231 = CARTESIAN_POINT('',(77.7,46.189354548964,223.06438054664));
#13232 = VECTOR('',#13233,1.);
#13233 = DIRECTION('',(0.,0.321902733239,-0.94677274482));
#13234 = ORIENTED_EDGE('',*,*,#13072,.T.);
#13235 = PLANE('',#13236);
#13236 = AXIS2_PLACEMENT_3D('',#13237,#13238,#13239);
#13237 = CARTESIAN_POINT('',(77.7,46.,223.));
#13238 = DIRECTION('',(-1.,-0.,-0.));
#13239 = DIRECTION('',(0.,0.,-1.));
#13240 = ADVANCED_FACE('',(#13241),#13275,.T.);
#13241 = FACE_BOUND('',#13242,.T.);
#13242 = EDGE_LOOP('',(#13243,#13253,#13259,#13260,#13261,#13269));
#13243 = ORIENTED_EDGE('',*,*,#13244,.T.);
#13244 = EDGE_CURVE('',#13245,#13247,#13249,.T.);
#13245 = VERTEX_POINT('',#13246);
#13246 = CARTESIAN_POINT('',(85.,46.124974002316,223.25373509561));
#13247 = VERTEX_POINT('',#13248);
#13248 = CARTESIAN_POINT('',(85.,46.253735095612,222.87502599768));
#13249 = LINE('',#13250,#13251);
#13250 = CARTESIAN_POINT('',(85.,46.124974002316,223.25373509561));
#13251 = VECTOR('',#13252,1.);
#13252 = DIRECTION('',(0.,0.321902733239,-0.94677274482));
#13253 = ORIENTED_EDGE('',*,*,#13254,.T.);
#13254 = EDGE_CURVE('',#13247,#13222,#13255,.T.);
#13255 = LINE('',#13256,#13257);
#13256 = CARTESIAN_POINT('',(85.,46.253735095612,222.87502599768));
#13257 = VECTOR('',#13258,1.);
#13258 = DIRECTION('',(-1.,0.,0.));
#13259 = ORIENTED_EDGE('',*,*,#13229,.F.);
#13260 = ORIENTED_EDGE('',*,*,#13064,.T.);
#13261 = ORIENTED_EDGE('',*,*,#13262,.T.);
#13262 = EDGE_CURVE('',#13057,#13263,#13265,.T.);
#13263 = VERTEX_POINT('',#13264);
#13264 = CARTESIAN_POINT('',(70.,46.124974002316,223.25373509561));
#13265 = LINE('',#13266,#13267);
#13266 = CARTESIAN_POINT('',(70.,46.253735095612,222.87502599768));
#13267 = VECTOR('',#13268,1.);
#13268 = DIRECTION('',(0.,-0.321902733239,0.94677274482));
#13269 = ORIENTED_EDGE('',*,*,#13270,.T.);
#13270 = EDGE_CURVE('',#13263,#13245,#13271,.T.);
#13271 = LINE('',#13272,#13273);
#13272 = CARTESIAN_POINT('',(70.,46.124974002316,223.25373509561));
#13273 = VECTOR('',#13274,1.);
#13274 = DIRECTION('',(1.,0.,0.));
#13275 = PLANE('',#13276);
#13276 = AXIS2_PLACEMENT_3D('',#13277,#13278,#13279);
#13277 = CARTESIAN_POINT('',(77.5,46.189354548964,223.06438054664));
#13278 = DIRECTION('',(0.,0.94677274482,0.321902733239));
#13279 = DIRECTION('',(0.,-0.321902733239,0.94677274482));
#13280 = ADVANCED_FACE('',(#13281),#13291,.T.);
#13281 = FACE_BOUND('',#13282,.T.);
#13282 = EDGE_LOOP('',(#13283,#13284,#13285));
#13283 = ORIENTED_EDGE('',*,*,#13262,.F.);
#13284 = ORIENTED_EDGE('',*,*,#13056,.T.);
#13285 = ORIENTED_EDGE('',*,*,#13286,.F.);
#13286 = EDGE_CURVE('',#13263,#13049,#13287,.T.);
#13287 = LINE('',#13288,#13289);
#13288 = CARTESIAN_POINT('',(70.,46.124974002316,223.25373509561));
#13289 = VECTOR('',#13290,1.);
#13290 = DIRECTION('',(0.,-0.94677274482,-0.321902733239));
#13291 = PLANE('',#13292);
#13292 = AXIS2_PLACEMENT_3D('',#13293,#13294,#13295);
#13293 = CARTESIAN_POINT('',(70.,46.253735095612,222.87502599768));
#13294 = DIRECTION('',(-1.,0.,0.));
#13295 = DIRECTION('',(0.,-0.321902733239,0.94677274482));
#13296 = ADVANCED_FACE('',(#13297),#13326,.T.);
#13297 = FACE_BOUND('',#13298,.T.);
#13298 = EDGE_LOOP('',(#13299,#13300,#13301,#13302,#13303,#13304,#13312,
    #13320));
#13299 = ORIENTED_EDGE('',*,*,#13270,.F.);
#13300 = ORIENTED_EDGE('',*,*,#13286,.T.);
#13301 = ORIENTED_EDGE('',*,*,#13048,.T.);
#13302 = ORIENTED_EDGE('',*,*,#13103,.F.);
#13303 = ORIENTED_EDGE('',*,*,#13167,.T.);
#13304 = ORIENTED_EDGE('',*,*,#13305,.T.);
#13305 = EDGE_CURVE('',#13160,#13306,#13308,.T.);
#13306 = VERTEX_POINT('',#13307);
#13307 = CARTESIAN_POINT('',(70.,35.960716233544,219.79788745422));
#13308 = LINE('',#13309,#13310);
#13309 = CARTESIAN_POINT('',(70.,46.124974002316,223.25373509561));
#13310 = VECTOR('',#13311,1.);
#13311 = DIRECTION('',(0.,-0.94677274482,-0.321902733239));
#13312 = ORIENTED_EDGE('',*,*,#13313,.F.);
#13313 = EDGE_CURVE('',#13314,#13306,#13316,.T.);
#13314 = VERTEX_POINT('',#13315);
#13315 = CARTESIAN_POINT('',(85.,35.960716233544,219.79788745422));
#13316 = LINE('',#13317,#13318);
#13317 = CARTESIAN_POINT('',(70.,35.960716233544,219.79788745422));
#13318 = VECTOR('',#13319,1.);
#13319 = DIRECTION('',(-1.,0.,0.));
#13320 = ORIENTED_EDGE('',*,*,#13321,.F.);
#13321 = EDGE_CURVE('',#13245,#13314,#13322,.T.);
#13322 = LINE('',#13323,#13324);
#13323 = CARTESIAN_POINT('',(85.,46.124974002316,223.25373509561));
#13324 = VECTOR('',#13325,1.);
#13325 = DIRECTION('',(0.,-0.94677274482,-0.321902733239));
#13326 = PLANE('',#13327);
#13327 = AXIS2_PLACEMENT_3D('',#13328,#13329,#13330);
#13328 = CARTESIAN_POINT('',(70.,46.124974002316,223.25373509561));
#13329 = DIRECTION('',(0.,-0.321902733239,0.94677274482));
#13330 = DIRECTION('',(1.,0.,0.));
#13331 = ADVANCED_FACE('',(#13332),#13358,.T.);
#13332 = FACE_BOUND('',#13333,.T.);
#13333 = EDGE_LOOP('',(#13334,#13335,#13336,#13344,#13352));
#13334 = ORIENTED_EDGE('',*,*,#13305,.F.);
#13335 = ORIENTED_EDGE('',*,*,#13159,.T.);
#13336 = ORIENTED_EDGE('',*,*,#13337,.T.);
#13337 = EDGE_CURVE('',#13152,#13338,#13340,.T.);
#13338 = VERTEX_POINT('',#13339);
#13339 = CARTESIAN_POINT('',(70.,36.209415580201,219.45995736244));
#13340 = LINE('',#13341,#13342);
#13341 = CARTESIAN_POINT('',(70.,46.253735095612,222.87502599768));
#13342 = VECTOR('',#13343,1.);
#13343 = DIRECTION('',(0.,-0.94677274482,-0.321902733239));
#13344 = ORIENTED_EDGE('',*,*,#13345,.T.);
#13345 = EDGE_CURVE('',#13338,#13346,#13348,.T.);
#13346 = VERTEX_POINT('',#13347);
#13347 = CARTESIAN_POINT('',(70.,36.186757353347,219.81241866907));
#13348 = LINE('',#13349,#13350);
#13349 = CARTESIAN_POINT('',(70.,36.212418669074,219.41324264665));
#13350 = VECTOR('',#13351,1.);
#13351 = DIRECTION('',(0.,-6.415328931752E-02,0.99794005605));
#13352 = ORIENTED_EDGE('',*,*,#13353,.T.);
#13353 = EDGE_CURVE('',#13346,#13306,#13354,.T.);
#13354 = LINE('',#13355,#13356);
#13355 = CARTESIAN_POINT('',(70.,36.186757353347,219.81241866907));
#13356 = VECTOR('',#13357,1.);
#13357 = DIRECTION('',(0.,-0.99794005605,-6.415328931752E-02));
#13358 = PLANE('',#13359);
#13359 = AXIS2_PLACEMENT_3D('',#13360,#13361,#13362);
#13360 = CARTESIAN_POINT('',(70.,46.253735095612,222.87502599768));
#13361 = DIRECTION('',(-1.,0.,0.));
#13362 = DIRECTION('',(0.,-0.321902733239,0.94677274482));
#13363 = ADVANCED_FACE('',(#13364),#13384,.T.);
#13364 = FACE_BOUND('',#13365,.T.);
#13365 = EDGE_LOOP('',(#13366,#13367,#13375,#13381,#13382,#13383));
#13366 = ORIENTED_EDGE('',*,*,#13254,.F.);
#13367 = ORIENTED_EDGE('',*,*,#13368,.T.);
#13368 = EDGE_CURVE('',#13247,#13369,#13371,.T.);
#13369 = VERTEX_POINT('',#13370);
#13370 = CARTESIAN_POINT('',(85.,36.209415580201,219.45995736244));
#13371 = LINE('',#13372,#13373);
#13372 = CARTESIAN_POINT('',(85.,46.253735095612,222.87502599768));
#13373 = VECTOR('',#13374,1.);
#13374 = DIRECTION('',(0.,-0.94677274482,-0.321902733239));
#13375 = ORIENTED_EDGE('',*,*,#13376,.F.);
#13376 = EDGE_CURVE('',#13338,#13369,#13377,.T.);
#13377 = LINE('',#13378,#13379);
#13378 = CARTESIAN_POINT('',(81.25,36.209415580201,219.45995736244));
#13379 = VECTOR('',#13380,1.);
#13380 = DIRECTION('',(1.,0.,0.));
#13381 = ORIENTED_EDGE('',*,*,#13337,.F.);
#13382 = ORIENTED_EDGE('',*,*,#13151,.T.);
#13383 = ORIENTED_EDGE('',*,*,#13221,.F.);
#13384 = PLANE('',#13385);
#13385 = AXIS2_PLACEMENT_3D('',#13386,#13387,#13388);
#13386 = CARTESIAN_POINT('',(85.,46.253735095612,222.87502599768));
#13387 = DIRECTION('',(0.,0.321902733239,-0.94677274482));
#13388 = DIRECTION('',(-1.,0.,0.));
#13389 = ADVANCED_FACE('',(#13390),#13409,.T.);
#13390 = FACE_BOUND('',#13391,.T.);
#13391 = EDGE_LOOP('',(#13392,#13393,#13394,#13402,#13408));
#13392 = ORIENTED_EDGE('',*,*,#13244,.F.);
#13393 = ORIENTED_EDGE('',*,*,#13321,.T.);
#13394 = ORIENTED_EDGE('',*,*,#13395,.F.);
#13395 = EDGE_CURVE('',#13396,#13314,#13398,.T.);
#13396 = VERTEX_POINT('',#13397);
#13397 = CARTESIAN_POINT('',(85.,36.186757353347,219.81241866907));
#13398 = LINE('',#13399,#13400);
#13399 = CARTESIAN_POINT('',(85.,36.186757353347,219.81241866907));
#13400 = VECTOR('',#13401,1.);
#13401 = DIRECTION('',(0.,-0.99794005605,-6.415328931752E-02));
#13402 = ORIENTED_EDGE('',*,*,#13403,.T.);
#13403 = EDGE_CURVE('',#13396,#13369,#13404,.T.);
#13404 = LINE('',#13405,#13406);
#13405 = CARTESIAN_POINT('',(85.,36.186757353347,219.81241866907));
#13406 = VECTOR('',#13407,1.);
#13407 = DIRECTION('',(0.,6.415328931752E-02,-0.99794005605));
#13408 = ORIENTED_EDGE('',*,*,#13368,.F.);
#13409 = PLANE('',#13410);
#13410 = AXIS2_PLACEMENT_3D('',#13411,#13412,#13413);
#13411 = CARTESIAN_POINT('',(85.,46.124974002316,223.25373509561));
#13412 = DIRECTION('',(1.,0.,0.));
#13413 = DIRECTION('',(0.,0.321902733239,-0.94677274482));
#13414 = ADVANCED_FACE('',(#13415),#13456,.T.);
#13415 = FACE_BOUND('',#13416,.T.);
#13416 = EDGE_LOOP('',(#13417,#13425,#13426,#13434,#13442,#13450));
#13417 = ORIENTED_EDGE('',*,*,#13418,.F.);
#13418 = EDGE_CURVE('',#13314,#13419,#13421,.T.);
#13419 = VERTEX_POINT('',#13420);
#13420 = CARTESIAN_POINT('',(85.,21.787581330926,218.88675735334));
#13421 = LINE('',#13422,#13423);
#13422 = CARTESIAN_POINT('',(85.,36.186757353347,219.81241866907));
#13423 = VECTOR('',#13424,1.);
#13424 = DIRECTION('',(0.,-0.99794005605,-6.415328931752E-02));
#13425 = ORIENTED_EDGE('',*,*,#13313,.T.);
#13426 = ORIENTED_EDGE('',*,*,#13427,.T.);
#13427 = EDGE_CURVE('',#13306,#13428,#13430,.T.);
#13428 = VERTEX_POINT('',#13429);
#13429 = CARTESIAN_POINT('',(70.,21.993578056646,218.9));
#13430 = LINE('',#13431,#13432);
#13431 = CARTESIAN_POINT('',(70.,36.186757353347,219.81241866907));
#13432 = VECTOR('',#13433,1.);
#13433 = DIRECTION('',(0.,-0.99794005605,-6.415328931752E-02));
#13434 = ORIENTED_EDGE('',*,*,#13435,.F.);
#13435 = EDGE_CURVE('',#13436,#13428,#13438,.T.);
#13436 = VERTEX_POINT('',#13437);
#13437 = CARTESIAN_POINT('',(78.151721362095,21.993578056646,218.9));
#13438 = LINE('',#13439,#13440);
#13439 = CARTESIAN_POINT('',(70.224060408912,21.993578056646,218.9));
#13440 = VECTOR('',#13441,1.);
#13441 = DIRECTION('',(-1.,0.,0.));
#13442 = ORIENTED_EDGE('',*,*,#13443,.F.);
#13443 = EDGE_CURVE('',#13444,#13436,#13446,.T.);
#13444 = VERTEX_POINT('',#13445);
#13445 = CARTESIAN_POINT('',(78.769711539254,21.787581330926,
    218.88675735334));
#13446 = LINE('',#13447,#13448);
#13447 = CARTESIAN_POINT('',(72.055881397918,24.025524711372,
    219.03062514208));
#13448 = VECTOR('',#13449,1.);
#13449 = DIRECTION('',(-0.948487329842,0.316162443281,2.032472849661E-02
    ));
#13450 = ORIENTED_EDGE('',*,*,#13451,.T.);
#13451 = EDGE_CURVE('',#13444,#13419,#13452,.T.);
#13452 = LINE('',#13453,#13454);
#13453 = CARTESIAN_POINT('',(70.,21.787581330926,218.88675735334));
#13454 = VECTOR('',#13455,1.);
#13455 = DIRECTION('',(1.,0.,0.));
#13456 = PLANE('',#13457);
#13457 = AXIS2_PLACEMENT_3D('',#13458,#13459,#13460);
#13458 = CARTESIAN_POINT('',(70.,36.186757353347,219.81241866907));
#13459 = DIRECTION('',(0.,-6.415328931752E-02,0.99794005605));
#13460 = DIRECTION('',(1.,0.,0.));
#13461 = ADVANCED_FACE('',(#13462),#13496,.T.);
#13462 = FACE_BOUND('',#13463,.T.);
#13463 = EDGE_LOOP('',(#13464,#13472,#13473,#13474,#13482,#13490));
#13464 = ORIENTED_EDGE('',*,*,#13465,.F.);
#13465 = EDGE_CURVE('',#13306,#13466,#13468,.T.);
#13466 = VERTEX_POINT('',#13467);
#13467 = CARTESIAN_POINT('',(70.,35.746264904388,219.72497400231));
#13468 = LINE('',#13469,#13470);
#13469 = CARTESIAN_POINT('',(70.,46.124974002316,223.25373509561));
#13470 = VECTOR('',#13471,1.);
#13471 = DIRECTION('',(0.,-0.94677274482,-0.321902733239));
#13472 = ORIENTED_EDGE('',*,*,#13353,.F.);
#13473 = ORIENTED_EDGE('',*,*,#13345,.F.);
#13474 = ORIENTED_EDGE('',*,*,#13475,.T.);
#13475 = EDGE_CURVE('',#13338,#13476,#13478,.T.);
#13476 = VERTEX_POINT('',#13477);
#13477 = CARTESIAN_POINT('',(70.,36.039283766456,219.40211254577));
#13478 = LINE('',#13479,#13480);
#13479 = CARTESIAN_POINT('',(70.,46.253735095612,222.87502599768));
#13480 = VECTOR('',#13481,1.);
#13481 = DIRECTION('',(0.,-0.94677274482,-0.321902733239));
#13482 = ORIENTED_EDGE('',*,*,#13483,.T.);
#13483 = EDGE_CURVE('',#13476,#13484,#13486,.T.);
#13484 = VERTEX_POINT('',#13485);
#13485 = CARTESIAN_POINT('',(70.,35.859957362444,219.39058441979));
#13486 = LINE('',#13487,#13488);
#13487 = CARTESIAN_POINT('',(70.,36.212418669074,219.41324264665));
#13488 = VECTOR('',#13489,1.);
#13489 = DIRECTION('',(0.,-0.99794005605,-6.415328931752E-02));
#13490 = ORIENTED_EDGE('',*,*,#13491,.T.);
#13491 = EDGE_CURVE('',#13484,#13466,#13492,.T.);
#13492 = LINE('',#13493,#13494);
#13493 = CARTESIAN_POINT('',(70.,35.875025997684,219.34626490438));
#13494 = VECTOR('',#13495,1.);
#13495 = DIRECTION('',(0.,-0.321902733239,0.94677274482));
#13496 = PLANE('',#13497);
#13497 = AXIS2_PLACEMENT_3D('',#13498,#13499,#13500);
#13498 = CARTESIAN_POINT('',(70.,46.253735095612,222.87502599768));
#13499 = DIRECTION('',(-1.,0.,0.));
#13500 = DIRECTION('',(0.,-0.321902733239,0.94677274482));
#13501 = ADVANCED_FACE('',(#13502),#13527,.T.);
#13502 = FACE_BOUND('',#13503,.T.);
#13503 = EDGE_LOOP('',(#13504,#13512,#13520,#13526));
#13504 = ORIENTED_EDGE('',*,*,#13505,.T.);
#13505 = EDGE_CURVE('',#13369,#13506,#13508,.T.);
#13506 = VERTEX_POINT('',#13507);
#13507 = CARTESIAN_POINT('',(85.,36.212418669074,219.41324264665));
#13508 = LINE('',#13509,#13510);
#13509 = CARTESIAN_POINT('',(85.,36.186757353347,219.81241866907));
#13510 = VECTOR('',#13511,1.);
#13511 = DIRECTION('',(0.,6.415328931752E-02,-0.99794005605));
#13512 = ORIENTED_EDGE('',*,*,#13513,.T.);
#13513 = EDGE_CURVE('',#13506,#13514,#13516,.T.);
#13514 = VERTEX_POINT('',#13515);
#13515 = CARTESIAN_POINT('',(70.,36.212418669074,219.41324264665));
#13516 = LINE('',#13517,#13518);
#13517 = CARTESIAN_POINT('',(85.,36.212418669074,219.41324264665));
#13518 = VECTOR('',#13519,1.);
#13519 = DIRECTION('',(-1.,0.,0.));
#13520 = ORIENTED_EDGE('',*,*,#13521,.T.);
#13521 = EDGE_CURVE('',#13514,#13338,#13522,.T.);
#13522 = LINE('',#13523,#13524);
#13523 = CARTESIAN_POINT('',(70.,36.212418669074,219.41324264665));
#13524 = VECTOR('',#13525,1.);
#13525 = DIRECTION('',(0.,-6.415328931752E-02,0.99794005605));
#13526 = ORIENTED_EDGE('',*,*,#13376,.T.);
#13527 = PLANE('',#13528);
#13528 = AXIS2_PLACEMENT_3D('',#13529,#13530,#13531);
#13529 = CARTESIAN_POINT('',(77.5,36.19958801121,219.61283065786));
#13530 = DIRECTION('',(0.,0.99794005605,6.415328931752E-02));
#13531 = DIRECTION('',(0.,-6.415328931752E-02,0.99794005605));
#13532 = ADVANCED_FACE('',(#13533),#13567,.T.);
#13533 = FACE_BOUND('',#13534,.T.);
#13534 = EDGE_LOOP('',(#13535,#13536,#13544,#13552,#13560,#13566));
#13535 = ORIENTED_EDGE('',*,*,#13395,.T.);
#13536 = ORIENTED_EDGE('',*,*,#13537,.T.);
#13537 = EDGE_CURVE('',#13314,#13538,#13540,.T.);
#13538 = VERTEX_POINT('',#13539);
#13539 = CARTESIAN_POINT('',(85.,35.746264904388,219.72497400231));
#13540 = LINE('',#13541,#13542);
#13541 = CARTESIAN_POINT('',(85.,46.124974002316,223.25373509561));
#13542 = VECTOR('',#13543,1.);
#13543 = DIRECTION('',(0.,-0.94677274482,-0.321902733239));
#13544 = ORIENTED_EDGE('',*,*,#13545,.T.);
#13545 = EDGE_CURVE('',#13538,#13546,#13548,.T.);
#13546 = VERTEX_POINT('',#13547);
#13547 = CARTESIAN_POINT('',(85.,35.859957362444,219.39058441979));
#13548 = LINE('',#13549,#13550);
#13549 = CARTESIAN_POINT('',(85.,35.746264904388,219.72497400231));
#13550 = VECTOR('',#13551,1.);
#13551 = DIRECTION('',(0.,0.321902733239,-0.94677274482));
#13552 = ORIENTED_EDGE('',*,*,#13553,.F.);
#13553 = EDGE_CURVE('',#13554,#13546,#13556,.T.);
#13554 = VERTEX_POINT('',#13555);
#13555 = CARTESIAN_POINT('',(85.,36.039283766456,219.40211254577));
#13556 = LINE('',#13557,#13558);
#13557 = CARTESIAN_POINT('',(85.,36.212418669074,219.41324264665));
#13558 = VECTOR('',#13559,1.);
#13559 = DIRECTION('',(0.,-0.99794005605,-6.415328931752E-02));
#13560 = ORIENTED_EDGE('',*,*,#13561,.F.);
#13561 = EDGE_CURVE('',#13369,#13554,#13562,.T.);
#13562 = LINE('',#13563,#13564);
#13563 = CARTESIAN_POINT('',(85.,46.253735095612,222.87502599768));
#13564 = VECTOR('',#13565,1.);
#13565 = DIRECTION('',(0.,-0.94677274482,-0.321902733239));
#13566 = ORIENTED_EDGE('',*,*,#13403,.F.);
#13567 = PLANE('',#13568);
#13568 = AXIS2_PLACEMENT_3D('',#13569,#13570,#13571);
#13569 = CARTESIAN_POINT('',(85.,46.124974002316,223.25373509561));
#13570 = DIRECTION('',(1.,0.,0.));
#13571 = DIRECTION('',(0.,0.321902733239,-0.94677274482));
#13572 = ADVANCED_FACE('',(#13573),#13592,.T.);
#13573 = FACE_BOUND('',#13574,.T.);
#13574 = EDGE_LOOP('',(#13575,#13576,#13577,#13585,#13591));
#13575 = ORIENTED_EDGE('',*,*,#13537,.F.);
#13576 = ORIENTED_EDGE('',*,*,#13418,.T.);
#13577 = ORIENTED_EDGE('',*,*,#13578,.T.);
#13578 = EDGE_CURVE('',#13419,#13579,#13581,.T.);
#13579 = VERTEX_POINT('',#13580);
#13580 = CARTESIAN_POINT('',(85.,21.813242646653,218.48758133092));
#13581 = LINE('',#13582,#13583);
#13582 = CARTESIAN_POINT('',(85.,21.787581330926,218.88675735334));
#13583 = VECTOR('',#13584,1.);
#13584 = DIRECTION('',(0.,6.415328931752E-02,-0.99794005605));
#13585 = ORIENTED_EDGE('',*,*,#13586,.F.);
#13586 = EDGE_CURVE('',#13546,#13579,#13587,.T.);
#13587 = LINE('',#13588,#13589);
#13588 = CARTESIAN_POINT('',(85.,36.212418669074,219.41324264665));
#13589 = VECTOR('',#13590,1.);
#13590 = DIRECTION('',(0.,-0.99794005605,-6.415328931752E-02));
#13591 = ORIENTED_EDGE('',*,*,#13545,.F.);
#13592 = PLANE('',#13593);
#13593 = AXIS2_PLACEMENT_3D('',#13594,#13595,#13596);
#13594 = CARTESIAN_POINT('',(85.,36.186757353347,219.81241866907));
#13595 = DIRECTION('',(1.,0.,0.));
#13596 = DIRECTION('',(0.,6.415328931752E-02,-0.99794005605));
#13597 = ADVANCED_FACE('',(#13598),#13632,.F.);
#13598 = FACE_BOUND('',#13599,.F.);
#13599 = EDGE_LOOP('',(#13600,#13601,#13609,#13617,#13625,#13631));
#13600 = ORIENTED_EDGE('',*,*,#13578,.T.);
#13601 = ORIENTED_EDGE('',*,*,#13602,.T.);
#13602 = EDGE_CURVE('',#13579,#13603,#13605,.T.);
#13603 = VERTEX_POINT('',#13604);
#13604 = CARTESIAN_POINT('',(70.,21.813242646653,218.48758133092));
#13605 = LINE('',#13606,#13607);
#13606 = CARTESIAN_POINT('',(85.,21.813242646653,218.48758133092));
#13607 = VECTOR('',#13608,1.);
#13608 = DIRECTION('',(-1.,0.,0.));
#13609 = ORIENTED_EDGE('',*,*,#13610,.T.);
#13610 = EDGE_CURVE('',#13603,#13611,#13613,.T.);
#13611 = VERTEX_POINT('',#13612);
#13612 = CARTESIAN_POINT('',(70.,21.812444303642,218.5));
#13613 = LINE('',#13614,#13615);
#13614 = CARTESIAN_POINT('',(70.,21.813242646653,218.48758133092));
#13615 = VECTOR('',#13616,1.);
#13616 = DIRECTION('',(0.,-6.415328931752E-02,0.99794005605));
#13617 = ORIENTED_EDGE('',*,*,#13618,.F.);
#13618 = EDGE_CURVE('',#13619,#13611,#13621,.T.);
#13619 = VERTEX_POINT('',#13620);
#13620 = CARTESIAN_POINT('',(78.695122621109,21.812444303642,218.5));
#13621 = LINE('',#13622,#13623);
#13622 = CARTESIAN_POINT('',(81.089185144291,21.812444303642,218.5));
#13623 = VECTOR('',#13624,1.);
#13624 = DIRECTION('',(-1.,0.,0.));
#13625 = ORIENTED_EDGE('',*,*,#13626,.F.);
#13626 = EDGE_CURVE('',#13444,#13619,#13627,.T.);
#13627 = LINE('',#13628,#13629);
#13628 = CARTESIAN_POINT('',(78.687243129438,21.815070800865,
    218.45914337652));
#13629 = VECTOR('',#13630,1.);
#13630 = DIRECTION('',(-0.188991495574,6.299716519134E-02,
    -0.979955902977));
#13631 = ORIENTED_EDGE('',*,*,#13451,.T.);
#13632 = PLANE('',#13633);
#13633 = AXIS2_PLACEMENT_3D('',#13634,#13635,#13636);
#13634 = CARTESIAN_POINT('',(77.5,21.80041198879,218.68716934213));
#13635 = DIRECTION('',(0.,0.99794005605,6.415328931752E-02));
#13636 = DIRECTION('',(0.,-6.415328931752E-02,0.99794005605));
#13637 = ADVANCED_FACE('',(#13638),#13664,.T.);
#13638 = FACE_BOUND('',#13639,.T.);
#13639 = EDGE_LOOP('',(#13640,#13650,#13656,#13657,#13658));
#13640 = ORIENTED_EDGE('',*,*,#13641,.T.);
#13641 = EDGE_CURVE('',#13642,#13644,#13646,.T.);
#13642 = VERTEX_POINT('',#13643);
#13643 = CARTESIAN_POINT('',(84.678370288582,19.818028414484,218.9));
#13644 = VERTEX_POINT('',#13645);
#13645 = CARTESIAN_POINT('',(84.678370288582,19.818028414484,218.5));
#13646 = LINE('',#13647,#13648);
#13647 = CARTESIAN_POINT('',(84.678370288582,19.818028414484,218.9));
#13648 = VECTOR('',#13649,1.);
#13649 = DIRECTION('',(0.,0.,-1.));
#13650 = ORIENTED_EDGE('',*,*,#13651,.T.);
#13651 = EDGE_CURVE('',#13644,#13619,#13652,.T.);
#13652 = LINE('',#13653,#13654);
#13653 = CARTESIAN_POINT('',(84.678370288582,19.818028414484,218.5));
#13654 = VECTOR('',#13655,1.);
#13655 = DIRECTION('',(-0.948683298051,0.316227766017,0.));
#13656 = ORIENTED_EDGE('',*,*,#13626,.F.);
#13657 = ORIENTED_EDGE('',*,*,#13443,.T.);
#13658 = ORIENTED_EDGE('',*,*,#13659,.T.);
#13659 = EDGE_CURVE('',#13436,#13642,#13660,.T.);
#13660 = LINE('',#13661,#13662);
#13661 = CARTESIAN_POINT('',(70.448120817825,24.561444904736,218.9));
#13662 = VECTOR('',#13663,1.);
#13663 = DIRECTION('',(0.948683298051,-0.316227766017,0.));
#13664 = PLANE('',#13665);
#13665 = AXIS2_PLACEMENT_3D('',#13666,#13667,#13668);
#13666 = CARTESIAN_POINT('',(77.563245553203,22.18973665961,218.7));
#13667 = DIRECTION('',(0.316227766017,0.948683298051,0.));
#13668 = DIRECTION('',(0.948683298051,-0.316227766017,0.));
#13669 = ADVANCED_FACE('',(#13670),#13704,.T.);
#13670 = FACE_BOUND('',#13671,.T.);
#13671 = EDGE_LOOP('',(#13672,#13680,#13688,#13696,#13702,#13703));
#13672 = ORIENTED_EDGE('',*,*,#13673,.T.);
#13673 = EDGE_CURVE('',#13428,#13674,#13676,.T.);
#13674 = VERTEX_POINT('',#13675);
#13675 = CARTESIAN_POINT('',(70.,23.217082451263,218.9));
#13676 = LINE('',#13677,#13678);
#13677 = CARTESIAN_POINT('',(70.,30.386931786905,218.9));
#13678 = VECTOR('',#13679,1.);
#13679 = DIRECTION('',(0.,1.,0.));
#13680 = ORIENTED_EDGE('',*,*,#13681,.T.);
#13681 = EDGE_CURVE('',#13674,#13682,#13684,.T.);
#13682 = VERTEX_POINT('',#13683);
#13683 = CARTESIAN_POINT('',(69.321629711418,21.181971585516,218.9));
#13684 = LINE('',#13685,#13686);
#13685 = CARTESIAN_POINT('',(70.448120817825,24.561444904736,218.9));
#13686 = VECTOR('',#13687,1.);
#13687 = DIRECTION('',(-0.316227766017,-0.948683298051,0.));
#13688 = ORIENTED_EDGE('',*,*,#13689,.T.);
#13689 = EDGE_CURVE('',#13682,#13690,#13692,.T.);
#13690 = VERTEX_POINT('',#13691);
#13691 = CARTESIAN_POINT('',(83.551879182175,16.438555095264,218.9));
#13692 = LINE('',#13693,#13694);
#13693 = CARTESIAN_POINT('',(69.321629711418,21.181971585516,218.9));
#13694 = VECTOR('',#13695,1.);
#13695 = DIRECTION('',(0.948683298051,-0.316227766017,0.));
#13696 = ORIENTED_EDGE('',*,*,#13697,.F.);
#13697 = EDGE_CURVE('',#13642,#13690,#13698,.T.);
#13698 = LINE('',#13699,#13700);
#13699 = CARTESIAN_POINT('',(84.678370288582,19.818028414484,218.9));
#13700 = VECTOR('',#13701,1.);
#13701 = DIRECTION('',(-0.316227766017,-0.948683298051,0.));
#13702 = ORIENTED_EDGE('',*,*,#13659,.F.);
#13703 = ORIENTED_EDGE('',*,*,#13435,.T.);
#13704 = PLANE('',#13705);
#13705 = AXIS2_PLACEMENT_3D('',#13706,#13707,#13708);
#13706 = CARTESIAN_POINT('',(70.448120817825,24.561444904736,218.9));
#13707 = DIRECTION('',(0.,0.,1.));
#13708 = DIRECTION('',(0.948683298051,-0.316227766017,0.));
#13709 = ADVANCED_FACE('',(#13710),#13730,.T.);
#13710 = FACE_BOUND('',#13711,.T.);
#13711 = EDGE_LOOP('',(#13712,#13713,#13721,#13727,#13728,#13729));
#13712 = ORIENTED_EDGE('',*,*,#13491,.F.);
#13713 = ORIENTED_EDGE('',*,*,#13714,.T.);
#13714 = EDGE_CURVE('',#13484,#13715,#13717,.T.);
#13715 = VERTEX_POINT('',#13716);
#13716 = CARTESIAN_POINT('',(70.,23.217082451263,218.5778281755));
#13717 = LINE('',#13718,#13719);
#13718 = CARTESIAN_POINT('',(70.,36.212418669074,219.41324264665));
#13719 = VECTOR('',#13720,1.);
#13720 = DIRECTION('',(0.,-0.99794005605,-6.415328931752E-02));
#13721 = ORIENTED_EDGE('',*,*,#13722,.F.);
#13722 = EDGE_CURVE('',#13674,#13715,#13723,.T.);
#13723 = LINE('',#13724,#13725);
#13724 = CARTESIAN_POINT('',(70.,23.217082451263,218.95662132332));
#13725 = VECTOR('',#13726,1.);
#13726 = DIRECTION('',(0.,0.,-1.));
#13727 = ORIENTED_EDGE('',*,*,#13673,.F.);
#13728 = ORIENTED_EDGE('',*,*,#13427,.F.);
#13729 = ORIENTED_EDGE('',*,*,#13465,.T.);
#13730 = PLANE('',#13731);
#13731 = AXIS2_PLACEMENT_3D('',#13732,#13733,#13734);
#13732 = CARTESIAN_POINT('',(70.,36.212418669074,219.41324264665));
#13733 = DIRECTION('',(-1.,0.,0.));
#13734 = DIRECTION('',(0.,-6.415328931752E-02,0.99794005605));
#13735 = ADVANCED_FACE('',(#13736),#13753,.T.);
#13736 = FACE_BOUND('',#13737,.T.);
#13737 = EDGE_LOOP('',(#13738,#13739,#13747));
#13738 = ORIENTED_EDGE('',*,*,#13483,.F.);
#13739 = ORIENTED_EDGE('',*,*,#13740,.T.);
#13740 = EDGE_CURVE('',#13476,#13741,#13743,.T.);
#13741 = VERTEX_POINT('',#13742);
#13742 = CARTESIAN_POINT('',(70.,35.875025997684,219.34626490438));
#13743 = LINE('',#13744,#13745);
#13744 = CARTESIAN_POINT('',(70.,46.253735095612,222.87502599768));
#13745 = VECTOR('',#13746,1.);
#13746 = DIRECTION('',(0.,-0.94677274482,-0.321902733239));
#13747 = ORIENTED_EDGE('',*,*,#13748,.T.);
#13748 = EDGE_CURVE('',#13741,#13484,#13749,.T.);
#13749 = LINE('',#13750,#13751);
#13750 = CARTESIAN_POINT('',(70.,35.875025997684,219.34626490438));
#13751 = VECTOR('',#13752,1.);
#13752 = DIRECTION('',(0.,-0.321902733239,0.94677274482));
#13753 = PLANE('',#13754);
#13754 = AXIS2_PLACEMENT_3D('',#13755,#13756,#13757);
#13755 = CARTESIAN_POINT('',(70.,46.253735095612,222.87502599768));
#13756 = DIRECTION('',(-1.,0.,0.));
#13757 = DIRECTION('',(0.,-0.321902733239,0.94677274482));
#13758 = ADVANCED_FACE('',(#13759),#13769,.T.);
#13759 = FACE_BOUND('',#13760,.T.);
#13760 = EDGE_LOOP('',(#13761,#13762,#13768));
#13761 = ORIENTED_EDGE('',*,*,#13521,.F.);
#13762 = ORIENTED_EDGE('',*,*,#13763,.T.);
#13763 = EDGE_CURVE('',#13514,#13476,#13764,.T.);
#13764 = LINE('',#13765,#13766);
#13765 = CARTESIAN_POINT('',(70.,36.212418669074,219.41324264665));
#13766 = VECTOR('',#13767,1.);
#13767 = DIRECTION('',(0.,-0.99794005605,-6.415328931752E-02));
#13768 = ORIENTED_EDGE('',*,*,#13475,.F.);
#13769 = PLANE('',#13770);
#13770 = AXIS2_PLACEMENT_3D('',#13771,#13772,#13773);
#13771 = CARTESIAN_POINT('',(70.,36.212418669074,219.41324264665));
#13772 = DIRECTION('',(-1.,0.,0.));
#13773 = DIRECTION('',(0.,-6.415328931752E-02,0.99794005605));
#13774 = ADVANCED_FACE('',(#13775),#13785,.T.);
#13775 = FACE_BOUND('',#13776,.T.);
#13776 = EDGE_LOOP('',(#13777,#13778,#13779));
#13777 = ORIENTED_EDGE('',*,*,#13505,.F.);
#13778 = ORIENTED_EDGE('',*,*,#13561,.T.);
#13779 = ORIENTED_EDGE('',*,*,#13780,.F.);
#13780 = EDGE_CURVE('',#13506,#13554,#13781,.T.);
#13781 = LINE('',#13782,#13783);
#13782 = CARTESIAN_POINT('',(85.,36.212418669074,219.41324264665));
#13783 = VECTOR('',#13784,1.);
#13784 = DIRECTION('',(0.,-0.99794005605,-6.415328931752E-02));
#13785 = PLANE('',#13786);
#13786 = AXIS2_PLACEMENT_3D('',#13787,#13788,#13789);
#13787 = CARTESIAN_POINT('',(85.,36.186757353347,219.81241866907));
#13788 = DIRECTION('',(1.,0.,0.));
#13789 = DIRECTION('',(0.,6.415328931752E-02,-0.99794005605));
#13790 = ADVANCED_FACE('',(#13791),#13802,.T.);
#13791 = FACE_BOUND('',#13792,.T.);
#13792 = EDGE_LOOP('',(#13793,#13794,#13795,#13801));
#13793 = ORIENTED_EDGE('',*,*,#13513,.F.);
#13794 = ORIENTED_EDGE('',*,*,#13780,.T.);
#13795 = ORIENTED_EDGE('',*,*,#13796,.T.);
#13796 = EDGE_CURVE('',#13554,#13476,#13797,.T.);
#13797 = LINE('',#13798,#13799);
#13798 = CARTESIAN_POINT('',(85.,36.039283766456,219.40211254577));
#13799 = VECTOR('',#13800,1.);
#13800 = DIRECTION('',(-1.,0.,0.));
#13801 = ORIENTED_EDGE('',*,*,#13763,.F.);
#13802 = PLANE('',#13803);
#13803 = AXIS2_PLACEMENT_3D('',#13804,#13805,#13806);
#13804 = CARTESIAN_POINT('',(85.,36.212418669074,219.41324264665));
#13805 = DIRECTION('',(0.,6.415328931752E-02,-0.99794005605));
#13806 = DIRECTION('',(-1.,0.,0.));
#13807 = ADVANCED_FACE('',(#13808),#13825,.T.);
#13808 = FACE_BOUND('',#13809,.T.);
#13809 = EDGE_LOOP('',(#13810,#13811,#13819));
#13810 = ORIENTED_EDGE('',*,*,#13553,.T.);
#13811 = ORIENTED_EDGE('',*,*,#13812,.T.);
#13812 = EDGE_CURVE('',#13546,#13813,#13815,.T.);
#13813 = VERTEX_POINT('',#13814);
#13814 = CARTESIAN_POINT('',(85.,35.875025997684,219.34626490438));
#13815 = LINE('',#13816,#13817);
#13816 = CARTESIAN_POINT('',(85.,35.746264904388,219.72497400231));
#13817 = VECTOR('',#13818,1.);
#13818 = DIRECTION('',(0.,0.321902733239,-0.94677274482));
#13819 = ORIENTED_EDGE('',*,*,#13820,.F.);
#13820 = EDGE_CURVE('',#13554,#13813,#13821,.T.);
#13821 = LINE('',#13822,#13823);
#13822 = CARTESIAN_POINT('',(85.,46.253735095612,222.87502599768));
#13823 = VECTOR('',#13824,1.);
#13824 = DIRECTION('',(0.,-0.94677274482,-0.321902733239));
#13825 = PLANE('',#13826);
#13826 = AXIS2_PLACEMENT_3D('',#13827,#13828,#13829);
#13827 = CARTESIAN_POINT('',(85.,46.124974002316,223.25373509561));
#13828 = DIRECTION('',(1.,0.,0.));
#13829 = DIRECTION('',(0.,0.321902733239,-0.94677274482));
#13830 = ADVANCED_FACE('',(#13831),#13872,.T.);
#13831 = FACE_BOUND('',#13832,.T.);
#13832 = EDGE_LOOP('',(#13833,#13839,#13840,#13841,#13849,#13857,#13865,
    #13871));
#13833 = ORIENTED_EDGE('',*,*,#13834,.F.);
#13834 = EDGE_CURVE('',#13546,#13484,#13835,.T.);
#13835 = LINE('',#13836,#13837);
#13836 = CARTESIAN_POINT('',(81.25,35.859957362444,219.39058441979));
#13837 = VECTOR('',#13838,1.);
#13838 = DIRECTION('',(-1.,0.,0.));
#13839 = ORIENTED_EDGE('',*,*,#13586,.T.);
#13840 = ORIENTED_EDGE('',*,*,#13602,.T.);
#13841 = ORIENTED_EDGE('',*,*,#13842,.F.);
#13842 = EDGE_CURVE('',#13843,#13603,#13845,.T.);
#13843 = VERTEX_POINT('',#13844);
#13844 = CARTESIAN_POINT('',(70.,22.006421943354,218.5));
#13845 = LINE('',#13846,#13847);
#13846 = CARTESIAN_POINT('',(70.,36.212418669074,219.41324264665));
#13847 = VECTOR('',#13848,1.);
#13848 = DIRECTION('',(0.,-0.99794005605,-6.415328931752E-02));
#13849 = ORIENTED_EDGE('',*,*,#13850,.F.);
#13850 = EDGE_CURVE('',#13851,#13843,#13853,.T.);
#13851 = VERTEX_POINT('',#13852);
#13852 = CARTESIAN_POINT('',(78.113189701973,22.006421943354,218.5));
#13853 = LINE('',#13854,#13855);
#13854 = CARTESIAN_POINT('',(84.839185144291,22.006421943353,218.5));
#13855 = VECTOR('',#13856,1.);
#13856 = DIRECTION('',(-1.,0.,0.));
#13857 = ORIENTED_EDGE('',*,*,#13858,.F.);
#13858 = EDGE_CURVE('',#13859,#13851,#13861,.T.);
#13859 = VERTEX_POINT('',#13860);
#13860 = CARTESIAN_POINT('',(70.448120817825,24.561444904736,
    218.66425147608));
#13861 = LINE('',#13862,#13863);
#13862 = CARTESIAN_POINT('',(78.795365993241,21.779029846264,
    218.48538193661));
#13863 = VECTOR('',#13864,1.);
#13864 = DIRECTION('',(0.948487329842,-0.316162443281,
    -2.032472849661E-02));
#13865 = ORIENTED_EDGE('',*,*,#13866,.F.);
#13866 = EDGE_CURVE('',#13715,#13859,#13867,.T.);
#13867 = LINE('',#13868,#13869);
#13868 = CARTESIAN_POINT('',(72.919806246406,31.976501190481,
    219.14093366588));
#13869 = VECTOR('',#13870,1.);
#13870 = DIRECTION('',(0.315641314601,0.946923943802,6.087368210153E-02)
  );
#13871 = ORIENTED_EDGE('',*,*,#13714,.F.);
#13872 = PLANE('',#13873);
#13873 = AXIS2_PLACEMENT_3D('',#13874,#13875,#13876);
#13874 = CARTESIAN_POINT('',(85.,36.212418669074,219.41324264665));
#13875 = DIRECTION('',(0.,6.415328931752E-02,-0.99794005605));
#13876 = DIRECTION('',(-1.,0.,0.));
#13877 = ADVANCED_FACE('',(#13878),#13919,.T.);
#13878 = FACE_BOUND('',#13879,.T.);
#13879 = EDGE_LOOP('',(#13880,#13881,#13889,#13897,#13905,#13911,#13912,
    #13918));
#13880 = ORIENTED_EDGE('',*,*,#13651,.F.);
#13881 = ORIENTED_EDGE('',*,*,#13882,.T.);
#13882 = EDGE_CURVE('',#13644,#13883,#13885,.T.);
#13883 = VERTEX_POINT('',#13884);
#13884 = CARTESIAN_POINT('',(83.551879182175,16.438555095264,218.5));
#13885 = LINE('',#13886,#13887);
#13886 = CARTESIAN_POINT('',(84.678370288582,19.818028414484,218.5));
#13887 = VECTOR('',#13888,1.);
#13888 = DIRECTION('',(-0.316227766017,-0.948683298051,0.));
#13889 = ORIENTED_EDGE('',*,*,#13890,.T.);
#13890 = EDGE_CURVE('',#13883,#13891,#13893,.T.);
#13891 = VERTEX_POINT('',#13892);
#13892 = CARTESIAN_POINT('',(69.321629711418,21.181971585516,218.5));
#13893 = LINE('',#13894,#13895);
#13894 = CARTESIAN_POINT('',(83.551879182175,16.438555095264,218.5));
#13895 = VECTOR('',#13896,1.);
#13896 = DIRECTION('',(-0.948683298051,0.316227766017,0.));
#13897 = ORIENTED_EDGE('',*,*,#13898,.F.);
#13898 = EDGE_CURVE('',#13899,#13891,#13901,.T.);
#13899 = VERTEX_POINT('',#13900);
#13900 = CARTESIAN_POINT('',(70.448120817825,24.561444904736,218.5));
#13901 = LINE('',#13902,#13903);
#13902 = CARTESIAN_POINT('',(70.448120817825,24.561444904736,218.5));
#13903 = VECTOR('',#13904,1.);
#13904 = DIRECTION('',(-0.316227766017,-0.948683298051,0.));
#13905 = ORIENTED_EDGE('',*,*,#13906,.F.);
#13906 = EDGE_CURVE('',#13851,#13899,#13907,.T.);
#13907 = LINE('',#13908,#13909);
#13908 = CARTESIAN_POINT('',(84.678370288582,19.818028414484,218.5));
#13909 = VECTOR('',#13910,1.);
#13910 = DIRECTION('',(-0.948683298051,0.316227766017,0.));
#13911 = ORIENTED_EDGE('',*,*,#13850,.T.);
#13912 = ORIENTED_EDGE('',*,*,#13913,.T.);
#13913 = EDGE_CURVE('',#13843,#13611,#13914,.T.);
#13914 = LINE('',#13915,#13916);
#13915 = CARTESIAN_POINT('',(70.,28.015223541779,218.5));
#13916 = VECTOR('',#13917,1.);
#13917 = DIRECTION('',(0.,-1.,0.));
#13918 = ORIENTED_EDGE('',*,*,#13618,.F.);
#13919 = PLANE('',#13920);
#13920 = AXIS2_PLACEMENT_3D('',#13921,#13922,#13923);
#13921 = CARTESIAN_POINT('',(84.678370288582,19.818028414484,218.5));
#13922 = DIRECTION('',(0.,0.,-1.));
#13923 = DIRECTION('',(-0.948683298051,0.316227766017,0.));
#13924 = ADVANCED_FACE('',(#13925),#13930,.T.);
#13925 = FACE_BOUND('',#13926,.T.);
#13926 = EDGE_LOOP('',(#13927,#13928,#13929));
#13927 = ORIENTED_EDGE('',*,*,#13913,.F.);
#13928 = ORIENTED_EDGE('',*,*,#13842,.T.);
#13929 = ORIENTED_EDGE('',*,*,#13610,.T.);
#13930 = PLANE('',#13931);
#13931 = AXIS2_PLACEMENT_3D('',#13932,#13933,#13934);
#13932 = CARTESIAN_POINT('',(70.,36.212418669074,219.41324264665));
#13933 = DIRECTION('',(-1.,0.,0.));
#13934 = DIRECTION('',(0.,-6.415328931752E-02,0.99794005605));
#13935 = ADVANCED_FACE('',(#13936),#13947,.T.);
#13936 = FACE_BOUND('',#13937,.T.);
#13937 = EDGE_LOOP('',(#13938,#13939,#13945,#13946));
#13938 = ORIENTED_EDGE('',*,*,#13697,.T.);
#13939 = ORIENTED_EDGE('',*,*,#13940,.T.);
#13940 = EDGE_CURVE('',#13690,#13883,#13941,.T.);
#13941 = LINE('',#13942,#13943);
#13942 = CARTESIAN_POINT('',(83.551879182175,16.438555095264,218.9));
#13943 = VECTOR('',#13944,1.);
#13944 = DIRECTION('',(0.,0.,-1.));
#13945 = ORIENTED_EDGE('',*,*,#13882,.F.);
#13946 = ORIENTED_EDGE('',*,*,#13641,.F.);
#13947 = PLANE('',#13948);
#13948 = AXIS2_PLACEMENT_3D('',#13949,#13950,#13951);
#13949 = CARTESIAN_POINT('',(84.678370288582,19.818028414484,218.9));
#13950 = DIRECTION('',(0.948683298051,-0.316227766017,0.));
#13951 = DIRECTION('',(0.,0.,-1.));
#13952 = ADVANCED_FACE('',(#13953),#13964,.F.);
#13953 = FACE_BOUND('',#13954,.F.);
#13954 = EDGE_LOOP('',(#13955,#13956,#13962,#13963));
#13955 = ORIENTED_EDGE('',*,*,#13890,.T.);
#13956 = ORIENTED_EDGE('',*,*,#13957,.T.);
#13957 = EDGE_CURVE('',#13891,#13682,#13958,.T.);
#13958 = LINE('',#13959,#13960);
#13959 = CARTESIAN_POINT('',(69.321629711418,21.181971585516,218.5));
#13960 = VECTOR('',#13961,1.);
#13961 = DIRECTION('',(0.,0.,1.));
#13962 = ORIENTED_EDGE('',*,*,#13689,.T.);
#13963 = ORIENTED_EDGE('',*,*,#13940,.T.);
#13964 = PLANE('',#13965);
#13965 = AXIS2_PLACEMENT_3D('',#13966,#13967,#13968);
#13966 = CARTESIAN_POINT('',(76.436754446797,18.81026334039,218.7));
#13967 = DIRECTION('',(0.316227766017,0.948683298051,0.));
#13968 = DIRECTION('',(0.948683298051,-0.316227766017,0.));
#13969 = ADVANCED_FACE('',(#13970),#13983,.T.);
#13970 = FACE_BOUND('',#13971,.T.);
#13971 = EDGE_LOOP('',(#13972,#13978,#13979,#13980,#13981,#13982));
#13972 = ORIENTED_EDGE('',*,*,#13973,.F.);
#13973 = EDGE_CURVE('',#13899,#13859,#13974,.T.);
#13974 = LINE('',#13975,#13976);
#13975 = CARTESIAN_POINT('',(70.448120817825,24.561444904736,218.5));
#13976 = VECTOR('',#13977,1.);
#13977 = DIRECTION('',(0.,0.,1.));
#13978 = ORIENTED_EDGE('',*,*,#13898,.T.);
#13979 = ORIENTED_EDGE('',*,*,#13957,.T.);
#13980 = ORIENTED_EDGE('',*,*,#13681,.F.);
#13981 = ORIENTED_EDGE('',*,*,#13722,.T.);
#13982 = ORIENTED_EDGE('',*,*,#13866,.T.);
#13983 = PLANE('',#13984);
#13984 = AXIS2_PLACEMENT_3D('',#13985,#13986,#13987);
#13985 = CARTESIAN_POINT('',(70.448120817825,24.561444904736,218.5));
#13986 = DIRECTION('',(-0.948683298051,0.316227766017,0.));
#13987 = DIRECTION('',(0.,0.,1.));
#13988 = ADVANCED_FACE('',(#13989),#14000,.F.);
#13989 = FACE_BOUND('',#13990,.F.);
#13990 = EDGE_LOOP('',(#13991,#13992,#13998,#13999));
#13991 = ORIENTED_EDGE('',*,*,#13812,.T.);
#13992 = ORIENTED_EDGE('',*,*,#13993,.T.);
#13993 = EDGE_CURVE('',#13813,#13741,#13994,.T.);
#13994 = LINE('',#13995,#13996);
#13995 = CARTESIAN_POINT('',(85.,35.875025997684,219.34626490438));
#13996 = VECTOR('',#13997,1.);
#13997 = DIRECTION('',(-1.,0.,0.));
#13998 = ORIENTED_EDGE('',*,*,#13748,.T.);
#13999 = ORIENTED_EDGE('',*,*,#13834,.F.);
#14000 = PLANE('',#14001);
#14001 = AXIS2_PLACEMENT_3D('',#14002,#14003,#14004);
#14002 = CARTESIAN_POINT('',(77.5,35.810645451036,219.53561945335));
#14003 = DIRECTION('',(0.,0.94677274482,0.321902733239));
#14004 = DIRECTION('',(0.,-0.321902733239,0.94677274482));
#14005 = ADVANCED_FACE('',(#14006),#14012,.T.);
#14006 = FACE_BOUND('',#14007,.T.);
#14007 = EDGE_LOOP('',(#14008,#14009,#14010,#14011));
#14008 = ORIENTED_EDGE('',*,*,#13796,.F.);
#14009 = ORIENTED_EDGE('',*,*,#13820,.T.);
#14010 = ORIENTED_EDGE('',*,*,#13993,.T.);
#14011 = ORIENTED_EDGE('',*,*,#13740,.F.);
#14012 = PLANE('',#14013);
#14013 = AXIS2_PLACEMENT_3D('',#14014,#14015,#14016);
#14014 = CARTESIAN_POINT('',(85.,46.253735095612,222.87502599768));
#14015 = DIRECTION('',(0.,0.321902733239,-0.94677274482));
#14016 = DIRECTION('',(-1.,0.,0.));
#14017 = ADVANCED_FACE('',(#14018),#14023,.T.);
#14018 = FACE_BOUND('',#14019,.T.);
#14019 = EDGE_LOOP('',(#14020,#14021,#14022));
#14020 = ORIENTED_EDGE('',*,*,#13858,.T.);
#14021 = ORIENTED_EDGE('',*,*,#13906,.T.);
#14022 = ORIENTED_EDGE('',*,*,#13973,.T.);
#14023 = PLANE('',#14024);
#14024 = AXIS2_PLACEMENT_3D('',#14025,#14026,#14027);
#14025 = CARTESIAN_POINT('',(77.563245553203,22.18973665961,218.7));
#14026 = DIRECTION('',(0.316227766017,0.948683298051,0.));
#14027 = DIRECTION('',(0.948683298051,-0.316227766017,0.));
#14028 = MANIFOLD_SOLID_BREP('',#14029);
#14029 = CLOSED_SHELL('',(#14030,#14072,#14081,#14117,#14152,#14188,
    #14223,#14259,#14294,#14330,#14365,#14401,#14427,#14462,#14497,
    #14538,#14549,#14592,#14659,#14684,#14709,#14760,#14777,#14794,
    #14811,#14828));
#14030 = ADVANCED_FACE('',(#14031),#14067,.T.);
#14031 = FACE_BOUND('',#14032,.T.);
#14032 = EDGE_LOOP('',(#14033,#14043,#14052,#14059,#14060));
#14033 = ORIENTED_EDGE('',*,*,#14034,.T.);
#14034 = EDGE_CURVE('',#14035,#14037,#14039,.T.);
#14035 = VERTEX_POINT('',#14036);
#14036 = CARTESIAN_POINT('',(49.,96.279785854823,215.19711632322));
#14037 = VERTEX_POINT('',#14038);
#14038 = CARTESIAN_POINT('',(49.,112.32656903096,206.24077222491));
#14039 = LINE('',#14040,#14041);
#14040 = CARTESIAN_POINT('',(49.,96.279785854823,215.19711632322));
#14041 = VECTOR('',#14042,1.);
#14042 = DIRECTION('',(0.,0.873197702015,-0.487366159264));
#14043 = ORIENTED_EDGE('',*,*,#14044,.F.);
#14044 = EDGE_CURVE('',#14045,#14037,#14047,.T.);
#14045 = VERTEX_POINT('',#14046);
#14046 = CARTESIAN_POINT('',(50.6,111.54678317613,204.84365590169));
#14047 = CIRCLE('',#14048,1.6);
#14048 = AXIS2_PLACEMENT_3D('',#14049,#14050,#14051);
#14049 = CARTESIAN_POINT('',(49.,111.54678317613,204.84365590169));
#14050 = DIRECTION('',(0.,0.873197702015,-0.487366159264));
#14051 = DIRECTION('',(0.,0.487366159264,0.873197702015));
#14052 = ORIENTED_EDGE('',*,*,#14053,.F.);
#14053 = EDGE_CURVE('',#14037,#14045,#14054,.T.);
#14054 = CIRCLE('',#14055,1.6);
#14055 = AXIS2_PLACEMENT_3D('',#14056,#14057,#14058);
#14056 = CARTESIAN_POINT('',(49.,111.54678317613,204.84365590169));
#14057 = DIRECTION('',(0.,0.873197702015,-0.487366159264));
#14058 = DIRECTION('',(0.,0.487366159264,0.873197702015));
#14059 = ORIENTED_EDGE('',*,*,#14034,.F.);
#14060 = ORIENTED_EDGE('',*,*,#14061,.T.);
#14061 = EDGE_CURVE('',#14035,#14035,#14062,.T.);
#14062 = CIRCLE('',#14063,1.6);
#14063 = AXIS2_PLACEMENT_3D('',#14064,#14065,#14066);
#14064 = CARTESIAN_POINT('',(49.,95.5,213.8));
#14065 = DIRECTION('',(0.,0.873197702015,-0.487366159264));
#14066 = DIRECTION('',(0.,0.487366159264,0.873197702015));
#14067 = CYLINDRICAL_SURFACE('',#14068,1.6);
#14068 = AXIS2_PLACEMENT_3D('',#14069,#14070,#14071);
#14069 = CARTESIAN_POINT('',(49.,95.5,213.8));
#14070 = DIRECTION('',(0.,0.873197702015,-0.487366159264));
#14071 = DIRECTION('',(0.,0.487366159264,0.873197702015));
#14072 = ADVANCED_FACE('',(#14073),#14076,.F.);
#14073 = FACE_BOUND('',#14074,.T.);
#14074 = EDGE_LOOP('',(#14075));
#14075 = ORIENTED_EDGE('',*,*,#14061,.F.);
#14076 = PLANE('',#14077);
#14077 = AXIS2_PLACEMENT_3D('',#14078,#14079,#14080);
#14078 = CARTESIAN_POINT('',(49.,95.5,213.8));
#14079 = DIRECTION('',(0.,0.873197702015,-0.487366159264));
#14080 = DIRECTION('',(0.,0.487366159264,0.873197702015));
#14081 = ADVANCED_FACE('',(#14082),#14112,.T.);
#14082 = FACE_BOUND('',#14083,.T.);
#14083 = EDGE_LOOP('',(#14084,#14085,#14086,#14095,#14104,#14111));
#14084 = ORIENTED_EDGE('',*,*,#14044,.T.);
#14085 = ORIENTED_EDGE('',*,*,#14053,.T.);
#14086 = ORIENTED_EDGE('',*,*,#14087,.T.);
#14087 = EDGE_CURVE('',#14045,#14088,#14090,.T.);
#14088 = VERTEX_POINT('',#14089);
#14089 = CARTESIAN_POINT('',(50.231204574488,117.72793803374,
    195.51385201488));
#14090 = CIRCLE('',#14091,12.17948354313);
#14091 = AXIS2_PLACEMENT_3D('',#14092,#14093,#14094);
#14092 = CARTESIAN_POINT('',(49.727395299526,105.62616927934,
    194.23588933661));
#14093 = DIRECTION('',(-0.997430162,3.491757264745E-02,
    6.256065099335E-02));
#14094 = DIRECTION('',(7.164545995596E-02,0.486113707188,0.870953725379)
  );
#14095 = ORIENTED_EDGE('',*,*,#14096,.T.);
#14096 = EDGE_CURVE('',#14088,#14097,#14099,.T.);
#14097 = VERTEX_POINT('',#14098);
#14098 = CARTESIAN_POINT('',(48.63467565998,116.07902099019,
    195.42977623893));
#14099 = CIRCLE('',#14100,1.6);
#14100 = AXIS2_PLACEMENT_3D('',#14101,#14102,#14103);
#14101 = CARTESIAN_POINT('',(48.63467565998,117.66976129003,
    195.60166369766));
#14102 = DIRECTION('',(5.849765092775E-02,-0.107245693368,0.992510144074
    ));
#14103 = DIRECTION('',(0.997830571568,3.636046481477E-02,
    -5.488230173323E-02));
#14104 = ORIENTED_EDGE('',*,*,#14105,.T.);
#14105 = EDGE_CURVE('',#14097,#14088,#14106,.T.);
#14106 = CIRCLE('',#14107,1.6);
#14107 = AXIS2_PLACEMENT_3D('',#14108,#14109,#14110);
#14108 = CARTESIAN_POINT('',(48.63467565998,117.66976129003,
    195.60166369766));
#14109 = DIRECTION('',(5.849765092775E-02,-0.107245693368,0.992510144074
    ));
#14110 = DIRECTION('',(0.997830571568,3.636046481477E-02,
    -5.488230173323E-02));
#14111 = ORIENTED_EDGE('',*,*,#14087,.F.);
#14112 = TOROIDAL_SURFACE('',#14113,12.0648508072,1.6);
#14113 = AXIS2_PLACEMENT_3D('',#14114,#14115,#14116);
#14114 = CARTESIAN_POINT('',(48.135608214618,105.68189382357,
    194.33572914501));
#14115 = DIRECTION('',(-0.997430162,3.491757264745E-02,
    6.256065099335E-02));
#14116 = DIRECTION('',(7.164545995596E-02,0.486113707188,0.870953725379)
  );
#14117 = ADVANCED_FACE('',(#14118),#14147,.T.);
#14118 = FACE_BOUND('',#14119,.T.);
#14119 = EDGE_LOOP('',(#14120,#14121,#14129,#14138,#14145,#14146));
#14120 = ORIENTED_EDGE('',*,*,#14105,.F.);
#14121 = ORIENTED_EDGE('',*,*,#14122,.T.);
#14122 = EDGE_CURVE('',#14097,#14123,#14125,.T.);
#14123 = VERTEX_POINT('',#14124);
#14124 = CARTESIAN_POINT('',(43.035788289673,126.34364783576,
    100.43532052272));
#14125 = LINE('',#14126,#14127);
#14126 = CARTESIAN_POINT('',(48.63467565998,116.07902099019,
    195.42977623893));
#14127 = VECTOR('',#14128,1.);
#14128 = DIRECTION('',(-5.849765092775E-02,0.107245693368,
    -0.992510144074));
#14129 = ORIENTED_EDGE('',*,*,#14130,.F.);
#14130 = EDGE_CURVE('',#14131,#14123,#14133,.T.);
#14131 = VERTEX_POINT('',#14132);
#14132 = CARTESIAN_POINT('',(44.633048363543,127.94444314815,
    100.51415341067));
#14133 = CIRCLE('',#14134,1.6);
#14134 = AXIS2_PLACEMENT_3D('',#14135,#14136,#14137);
#14135 = CARTESIAN_POINT('',(43.035788289673,127.9343881356,
    100.60720798145));
#14136 = DIRECTION('',(-5.849765092775E-02,0.107245693368,
    -0.992510144074));
#14137 = DIRECTION('',(8.673617379884E-19,-0.9942126874,-0.107429661703)
  );
#14138 = ORIENTED_EDGE('',*,*,#14139,.F.);
#14139 = EDGE_CURVE('',#14123,#14131,#14140,.T.);
#14140 = CIRCLE('',#14141,1.6);
#14141 = AXIS2_PLACEMENT_3D('',#14142,#14143,#14144);
#14142 = CARTESIAN_POINT('',(43.035788289673,127.9343881356,
    100.60720798145));
#14143 = DIRECTION('',(-5.849765092775E-02,0.107245693368,
    -0.992510144074));
#14144 = DIRECTION('',(8.673617379884E-19,-0.9942126874,-0.107429661703)
  );
#14145 = ORIENTED_EDGE('',*,*,#14122,.F.);
#14146 = ORIENTED_EDGE('',*,*,#14096,.F.);
#14147 = CYLINDRICAL_SURFACE('',#14148,1.6);
#14148 = AXIS2_PLACEMENT_3D('',#14149,#14150,#14151);
#14149 = CARTESIAN_POINT('',(48.63467565998,117.66976129003,
    195.60166369766));
#14150 = DIRECTION('',(-5.849765092775E-02,0.107245693368,
    -0.992510144074));
#14151 = DIRECTION('',(0.,-0.9942126874,-0.107429661703));
#14152 = ADVANCED_FACE('',(#14153),#14183,.T.);
#14153 = FACE_BOUND('',#14154,.T.);
#14154 = EDGE_LOOP('',(#14155,#14156,#14157,#14166,#14175,#14182));
#14155 = ORIENTED_EDGE('',*,*,#14130,.T.);
#14156 = ORIENTED_EDGE('',*,*,#14139,.T.);
#14157 = ORIENTED_EDGE('',*,*,#14158,.T.);
#14158 = EDGE_CURVE('',#14131,#14159,#14161,.T.);
#14159 = VERTEX_POINT('',#14160);
#14160 = CARTESIAN_POINT('',(44.512845898861,128.11326553466,
    99.204540726297));
#14161 = CIRCLE('',#14162,17.350759108568);
#14162 = AXIS2_PLACEMENT_3D('',#14163,#14164,#14165);
#14163 = CARTESIAN_POINT('',(30.010197334304,137.09839919104,
    102.36514184532));
#14164 = DIRECTION('',(0.535071964919,0.842707017349,5.952205698749E-02)
  );
#14165 = DIRECTION('',(0.842778747474,-0.52758245248,-0.106680544815));
#14166 = ORIENTED_EDGE('',*,*,#14167,.T.);
#14167 = EDGE_CURVE('',#14159,#14168,#14170,.T.);
#14168 = VERTEX_POINT('',#14169);
#14169 = CARTESIAN_POINT('',(42.924943604269,126.50776951028,
    99.162204109464));
#14170 = CIRCLE('',#14171,1.6);
#14171 = AXIS2_PLACEMENT_3D('',#14172,#14173,#14174);
#14172 = CARTESIAN_POINT('',(42.924943604269,128.09006767487,
    99.399548834152));
#14173 = DIRECTION('',(0.122683226203,-0.147219871444,0.981465809624));
#14174 = DIRECTION('',(0.99243893412,1.449866236902E-02,-0.12188006741)
  );
#14175 = ORIENTED_EDGE('',*,*,#14176,.T.);
#14176 = EDGE_CURVE('',#14168,#14159,#14177,.T.);
#14177 = CIRCLE('',#14178,1.6);
#14178 = AXIS2_PLACEMENT_3D('',#14179,#14180,#14181);
#14179 = CARTESIAN_POINT('',(42.924943604269,128.09006767487,
    99.399548834152));
#14180 = DIRECTION('',(0.122683226203,-0.147219871444,0.981465809624));
#14181 = DIRECTION('',(0.99243893412,1.449866236902E-02,-0.12188006741)
  );
#14182 = ORIENTED_EDGE('',*,*,#14158,.F.);
#14183 = TOROIDAL_SURFACE('',#14184,16.,1.6);
#14184 = AXIS2_PLACEMENT_3D('',#14185,#14186,#14187);
#14185 = CARTESIAN_POINT('',(29.551328330092,136.37570737527,
    102.31409669848));
#14186 = DIRECTION('',(0.535071964919,0.842707017349,5.952205698749E-02)
  );
#14187 = DIRECTION('',(0.842778747474,-0.52758245248,-0.106680544815));
#14188 = ADVANCED_FACE('',(#14189),#14218,.T.);
#14189 = FACE_BOUND('',#14190,.T.);
#14190 = EDGE_LOOP('',(#14191,#14192,#14200,#14209,#14216,#14217));
#14191 = ORIENTED_EDGE('',*,*,#14176,.F.);
#14192 = ORIENTED_EDGE('',*,*,#14193,.T.);
#14193 = EDGE_CURVE('',#14168,#14194,#14196,.T.);
#14194 = VERTEX_POINT('',#14195);
#14195 = CARTESIAN_POINT('',(33.291596330125,138.06778623926,
    22.09542591631));
#14196 = LINE('',#14197,#14198);
#14197 = CARTESIAN_POINT('',(42.924943604269,126.50776951028,
    99.162204109464));
#14198 = VECTOR('',#14199,1.);
#14199 = DIRECTION('',(-0.122683226203,0.147219871444,-0.981465809624));
#14200 = ORIENTED_EDGE('',*,*,#14201,.F.);
#14201 = EDGE_CURVE('',#14202,#14194,#14204,.T.);
#14202 = VERTEX_POINT('',#14203);
#14203 = CARTESIAN_POINT('',(34.879509739156,139.67920262039,
    22.138649197352));
#14204 = CIRCLE('',#14205,1.6);
#14205 = AXIS2_PLACEMENT_3D('',#14206,#14207,#14208);
#14206 = CARTESIAN_POINT('',(33.291596330125,139.65008440385,
    22.332770640999));
#14207 = DIRECTION('',(-0.122683226203,0.147219871444,-0.981465809624));
#14208 = DIRECTION('',(0.,-0.988936352868,-0.14834045293));
#14209 = ORIENTED_EDGE('',*,*,#14210,.F.);
#14210 = EDGE_CURVE('',#14194,#14202,#14211,.T.);
#14211 = CIRCLE('',#14212,1.6);
#14212 = AXIS2_PLACEMENT_3D('',#14213,#14214,#14215);
#14213 = CARTESIAN_POINT('',(33.291596330125,139.65008440385,
    22.332770640999));
#14214 = DIRECTION('',(-0.122683226203,0.147219871444,-0.981465809624));
#14215 = DIRECTION('',(0.,-0.988936352868,-0.14834045293));
#14216 = ORIENTED_EDGE('',*,*,#14193,.F.);
#14217 = ORIENTED_EDGE('',*,*,#14167,.F.);
#14218 = CYLINDRICAL_SURFACE('',#14219,1.6);
#14219 = AXIS2_PLACEMENT_3D('',#14220,#14221,#14222);
#14220 = CARTESIAN_POINT('',(42.924943604269,128.09006767487,
    99.399548834152));
#14221 = DIRECTION('',(-0.122683226203,0.147219871444,-0.981465809624));
#14222 = DIRECTION('',(0.,-0.988936352868,-0.14834045293));
#14223 = ADVANCED_FACE('',(#14224),#14254,.T.);
#14224 = FACE_BOUND('',#14225,.T.);
#14225 = EDGE_LOOP('',(#14226,#14227,#14228,#14237,#14246,#14253));
#14226 = ORIENTED_EDGE('',*,*,#14201,.T.);
#14227 = ORIENTED_EDGE('',*,*,#14210,.T.);
#14228 = ORIENTED_EDGE('',*,*,#14229,.T.);
#14229 = EDGE_CURVE('',#14202,#14230,#14232,.T.);
#14230 = VERTEX_POINT('',#14231);
#14231 = CARTESIAN_POINT('',(33.620308000827,141.0018099216,
    17.388317961014));
#14232 = CIRCLE('',#14233,14.611422234774);
#14233 = AXIS2_PLACEMENT_3D('',#14234,#14235,#14236);
#14234 = CARTESIAN_POINT('',(24.256534387594,149.32030084879,
    24.912685850557));
#14235 = DIRECTION('',(0.6755537852,0.736849205865,2.608315772974E-02));
#14236 = DIRECTION('',(0.727032261533,-0.659832976796,-0.189853979211));
#14237 = ORIENTED_EDGE('',*,*,#14238,.T.);
#14238 = EDGE_CURVE('',#14230,#14239,#14241,.T.);
#14239 = VERTEX_POINT('',#14240);
#14240 = CARTESIAN_POINT('',(30.661158403879,140.86659417911,
    18.589991941635));
#14241 = CIRCLE('',#14242,1.6);
#14242 = AXIS2_PLACEMENT_3D('',#14243,#14244,#14245);
#14243 = CARTESIAN_POINT('',(32.133405820885,140.86659417911,
    17.963503679079));
#14244 = DIRECTION('',(0.364601878415,-0.364601878415,0.856814414276));
#14245 = DIRECTION('',(0.929313862464,8.450983905492E-02,-0.359491073791
    ));
#14246 = ORIENTED_EDGE('',*,*,#14247,.T.);
#14247 = EDGE_CURVE('',#14239,#14230,#14248,.T.);
#14248 = CIRCLE('',#14249,1.6);
#14249 = AXIS2_PLACEMENT_3D('',#14250,#14251,#14252);
#14250 = CARTESIAN_POINT('',(32.133405820885,140.86659417911,
    17.963503679079));
#14251 = DIRECTION('',(0.364601878415,-0.364601878415,0.856814414276));
#14252 = DIRECTION('',(0.929313862464,8.450983905492E-02,-0.359491073791
    ));
#14253 = ORIENTED_EDGE('',*,*,#14229,.F.);
#14254 = TOROIDAL_SURFACE('',#14255,13.439316388864,1.6);
#14255 = AXIS2_PLACEMENT_3D('',#14256,#14257,#14258);
#14256 = CARTESIAN_POINT('',(23.52077974247,148.51778854282,
    24.884278335301));
#14257 = DIRECTION('',(0.6755537852,0.736849205865,2.608315772974E-02));
#14258 = DIRECTION('',(0.727032261533,-0.659832976796,-0.189853979211));
#14259 = ADVANCED_FACE('',(#14260),#14289,.T.);
#14260 = FACE_BOUND('',#14261,.T.);
#14261 = EDGE_LOOP('',(#14262,#14263,#14271,#14280,#14287,#14288));
#14262 = ORIENTED_EDGE('',*,*,#14247,.F.);
#14263 = ORIENTED_EDGE('',*,*,#14264,.T.);
#14264 = EDGE_CURVE('',#14239,#14265,#14267,.T.);
#14265 = VERTEX_POINT('',#14266);
#14266 = CARTESIAN_POINT('',(24.871366012915,146.65638657008,
    4.983979822868));
#14267 = LINE('',#14268,#14269);
#14268 = CARTESIAN_POINT('',(30.661158403879,140.86659417911,
    18.589991941635));
#14269 = VECTOR('',#14270,1.);
#14270 = DIRECTION('',(-0.364601878415,0.364601878415,-0.856814414276));
#14271 = ORIENTED_EDGE('',*,*,#14272,.F.);
#14272 = EDGE_CURVE('',#14273,#14265,#14275,.T.);
#14273 = VERTEX_POINT('',#14274);
#14274 = CARTESIAN_POINT('',(27.833475035525,146.88480536741,
    3.82070738658));
#14275 = CIRCLE('',#14276,1.6);
#14276 = AXIS2_PLACEMENT_3D('',#14277,#14278,#14279);
#14277 = CARTESIAN_POINT('',(26.34361342992,146.65638657008,
    4.357491560313));
#14278 = DIRECTION('',(-0.364601878415,0.364601878415,-0.856814414276));
#14279 = DIRECTION('',(-0.920154635629,1.387778780781E-17,0.391555164097
    ));
#14280 = ORIENTED_EDGE('',*,*,#14281,.F.);
#14281 = EDGE_CURVE('',#14265,#14273,#14282,.T.);
#14282 = CIRCLE('',#14283,1.6);
#14283 = AXIS2_PLACEMENT_3D('',#14284,#14285,#14286);
#14284 = CARTESIAN_POINT('',(26.34361342992,146.65638657008,
    4.357491560313));
#14285 = DIRECTION('',(-0.364601878415,0.364601878415,-0.856814414276));
#14286 = DIRECTION('',(-0.920154635629,1.387778780781E-17,0.391555164097
    ));
#14287 = ORIENTED_EDGE('',*,*,#14264,.F.);
#14288 = ORIENTED_EDGE('',*,*,#14238,.F.);
#14289 = CYLINDRICAL_SURFACE('',#14290,1.6);
#14290 = AXIS2_PLACEMENT_3D('',#14291,#14292,#14293);
#14291 = CARTESIAN_POINT('',(32.133405820885,140.86659417911,
    17.963503679079));
#14292 = DIRECTION('',(-0.364601878415,0.364601878415,-0.856814414276));
#14293 = DIRECTION('',(-0.920154635629,-1.387778780781E-17,
    0.391555164097));
#14294 = ADVANCED_FACE('',(#14295),#14325,.T.);
#14295 = FACE_BOUND('',#14296,.T.);
#14296 = EDGE_LOOP('',(#14297,#14298,#14299,#14308,#14317,#14324));
#14297 = ORIENTED_EDGE('',*,*,#14272,.T.);
#14298 = ORIENTED_EDGE('',*,*,#14281,.T.);
#14299 = ORIENTED_EDGE('',*,*,#14300,.T.);
#14300 = EDGE_CURVE('',#14273,#14301,#14303,.T.);
#14301 = VERTEX_POINT('',#14302);
#14302 = CARTESIAN_POINT('',(13.829412496581,150.62648826255,
    -4.972247417006));
#14303 = CIRCLE('',#14304,15.039316388864);
#14304 = AXIS2_PLACEMENT_3D('',#14305,#14306,#14307);
#14305 = CARTESIAN_POINT('',(13.829412496581,144.737766266,
    8.866249274893));
#14306 = DIRECTION('',(2.775557561563E-17,0.920154635629,0.391555164097)
  );
#14307 = DIRECTION('',(0.931163503503,0.142761748333,-0.335490108583));
#14308 = ORIENTED_EDGE('',*,*,#14309,.T.);
#14309 = EDGE_CURVE('',#14301,#14310,#14312,.T.);
#14310 = VERTEX_POINT('',#14311);
#14311 = CARTESIAN_POINT('',(13.829412496581,150.,-5.1));
#14312 = CIRCLE('',#14313,1.6);
#14313 = AXIS2_PLACEMENT_3D('',#14314,#14315,#14316);
#14314 = CARTESIAN_POINT('',(13.829412496581,150.,-3.5));
#14315 = DIRECTION('',(1.,-1.521497455071E-16,3.575519019416E-16));
#14316 = DIRECTION('',(3.885780586188E-16,0.391555164097,-0.920154635629
    ));
#14317 = ORIENTED_EDGE('',*,*,#14318,.T.);
#14318 = EDGE_CURVE('',#14310,#14301,#14319,.T.);
#14319 = CIRCLE('',#14320,1.6);
#14320 = AXIS2_PLACEMENT_3D('',#14321,#14322,#14323);
#14321 = CARTESIAN_POINT('',(13.829412496581,150.,-3.5));
#14322 = DIRECTION('',(1.,-1.521497455071E-16,3.575519019416E-16));
#14323 = DIRECTION('',(3.885780586188E-16,0.391555164097,-0.920154635629
    ));
#14324 = ORIENTED_EDGE('',*,*,#14300,.F.);
#14325 = TOROIDAL_SURFACE('',#14326,13.439316388864,1.6);
#14326 = AXIS2_PLACEMENT_3D('',#14327,#14328,#14329);
#14327 = CARTESIAN_POINT('',(13.829412496581,144.737766266,
    8.866249274893));
#14328 = DIRECTION('',(0.,0.920154635629,0.391555164097));
#14329 = DIRECTION('',(0.931163503503,0.142761748333,-0.335490108583));
#14330 = ADVANCED_FACE('',(#14331),#14360,.T.);
#14331 = FACE_BOUND('',#14332,.T.);
#14332 = EDGE_LOOP('',(#14333,#14334,#14342,#14351,#14358,#14359));
#14333 = ORIENTED_EDGE('',*,*,#14318,.F.);
#14334 = ORIENTED_EDGE('',*,*,#14335,.T.);
#14335 = EDGE_CURVE('',#14310,#14336,#14338,.T.);
#14336 = VERTEX_POINT('',#14337);
#14337 = CARTESIAN_POINT('',(-166.918173391,150.,-5.1));
#14338 = LINE('',#14339,#14340);
#14339 = CARTESIAN_POINT('',(13.829412496581,150.,-5.1));
#14340 = VECTOR('',#14341,1.);
#14341 = DIRECTION('',(-1.,0.,0.));
#14342 = ORIENTED_EDGE('',*,*,#14343,.F.);
#14343 = EDGE_CURVE('',#14344,#14336,#14346,.T.);
#14344 = VERTEX_POINT('',#14345);
#14345 = CARTESIAN_POINT('',(-166.918173391,151.6,-3.5));
#14346 = CIRCLE('',#14347,1.6);
#14347 = AXIS2_PLACEMENT_3D('',#14348,#14349,#14350);
#14348 = CARTESIAN_POINT('',(-166.918173391,150.,-3.5));
#14349 = DIRECTION('',(-1.,0.,0.));
#14350 = DIRECTION('',(0.,0.,-1.));
#14351 = ORIENTED_EDGE('',*,*,#14352,.F.);
#14352 = EDGE_CURVE('',#14336,#14344,#14353,.T.);
#14353 = CIRCLE('',#14354,1.6);
#14354 = AXIS2_PLACEMENT_3D('',#14355,#14356,#14357);
#14355 = CARTESIAN_POINT('',(-166.918173391,150.,-3.5));
#14356 = DIRECTION('',(-1.,0.,0.));
#14357 = DIRECTION('',(0.,0.,-1.));
#14358 = ORIENTED_EDGE('',*,*,#14335,.F.);
#14359 = ORIENTED_EDGE('',*,*,#14309,.F.);
#14360 = CYLINDRICAL_SURFACE('',#14361,1.6);
#14361 = AXIS2_PLACEMENT_3D('',#14362,#14363,#14364);
#14362 = CARTESIAN_POINT('',(13.829412496581,150.,-3.5));
#14363 = DIRECTION('',(-1.,0.,0.));
#14364 = DIRECTION('',(0.,0.,-1.));
#14365 = ADVANCED_FACE('',(#14366),#14396,.T.);
#14366 = FACE_BOUND('',#14367,.T.);
#14367 = EDGE_LOOP('',(#14368,#14369,#14370,#14379,#14388,#14395));
#14368 = ORIENTED_EDGE('',*,*,#14343,.T.);
#14369 = ORIENTED_EDGE('',*,*,#14352,.T.);
#14370 = ORIENTED_EDGE('',*,*,#14371,.T.);
#14371 = EDGE_CURVE('',#14344,#14372,#14374,.T.);
#14372 = VERTEX_POINT('',#14373);
#14373 = CARTESIAN_POINT('',(-173.4686664749,150.16127037319,-3.5));
#14374 = CIRCLE('',#14375,15.631464642011);
#14375 = AXIS2_PLACEMENT_3D('',#14376,#14377,#14378);
#14376 = CARTESIAN_POINT('',(-166.918173391,135.96853535798,-3.5));
#14377 = DIRECTION('',(0.,-0.,1.));
#14378 = DIRECTION('',(0.,1.,0.));
#14379 = ORIENTED_EDGE('',*,*,#14380,.T.);
#14380 = EDGE_CURVE('',#14372,#14381,#14383,.T.);
#14381 = VERTEX_POINT('',#14382);
#14382 = CARTESIAN_POINT('',(-172.127680307,147.25580034278,-3.5));
#14383 = CIRCLE('',#14384,1.6);
#14384 = AXIS2_PLACEMENT_3D('',#14385,#14386,#14387);
#14385 = CARTESIAN_POINT('',(-172.798173391,148.70853535798,-3.5));
#14386 = DIRECTION('',(0.9079593845,0.419058177462,-0.));
#14387 = DIRECTION('',(-0.419058177462,0.9079593845,0.));
#14388 = ORIENTED_EDGE('',*,*,#14389,.T.);
#14389 = EDGE_CURVE('',#14381,#14372,#14390,.T.);
#14390 = CIRCLE('',#14391,1.6);
#14391 = AXIS2_PLACEMENT_3D('',#14392,#14393,#14394);
#14392 = CARTESIAN_POINT('',(-172.798173391,148.70853535798,-3.5));
#14393 = DIRECTION('',(0.9079593845,0.419058177462,-0.));
#14394 = DIRECTION('',(-0.419058177462,0.9079593845,0.));
#14395 = ORIENTED_EDGE('',*,*,#14371,.F.);
#14396 = TOROIDAL_SURFACE('',#14397,14.031464642011,1.6);
#14397 = AXIS2_PLACEMENT_3D('',#14398,#14399,#14400);
#14398 = CARTESIAN_POINT('',(-166.918173391,135.96853535798,-3.5));
#14399 = DIRECTION('',(0.,0.,1.));
#14400 = DIRECTION('',(0.,1.,0.));
#14401 = ADVANCED_FACE('',(#14402),#14422,.T.);
#14402 = FACE_BOUND('',#14403,.T.);
#14403 = EDGE_LOOP('',(#14404,#14405,#14413,#14420,#14421));
#14404 = ORIENTED_EDGE('',*,*,#14389,.F.);
#14405 = ORIENTED_EDGE('',*,*,#14406,.T.);
#14406 = EDGE_CURVE('',#14381,#14407,#14409,.T.);
#14407 = VERTEX_POINT('',#14408);
#14408 = CARTESIAN_POINT('',(-187.6563333926,140.08872968791,-3.5));
#14409 = LINE('',#14410,#14411);
#14410 = CARTESIAN_POINT('',(-172.127680307,147.25580034278,-3.5));
#14411 = VECTOR('',#14412,1.);
#14412 = DIRECTION('',(-0.9079593845,-0.419058177462,1.232595164408E-32)
  );
#14413 = ORIENTED_EDGE('',*,*,#14414,.F.);
#14414 = EDGE_CURVE('',#14407,#14407,#14415,.T.);
#14415 = CIRCLE('',#14416,1.6);
#14416 = AXIS2_PLACEMENT_3D('',#14417,#14418,#14419);
#14417 = CARTESIAN_POINT('',(-188.3268264765,141.54146470311,-3.5));
#14418 = DIRECTION('',(-0.9079593845,-0.419058177462,0.));
#14419 = DIRECTION('',(0.419058177462,-0.9079593845,0.));
#14420 = ORIENTED_EDGE('',*,*,#14406,.F.);
#14421 = ORIENTED_EDGE('',*,*,#14380,.F.);
#14422 = CYLINDRICAL_SURFACE('',#14423,1.6);
#14423 = AXIS2_PLACEMENT_3D('',#14424,#14425,#14426);
#14424 = CARTESIAN_POINT('',(-172.798173391,148.70853535798,-3.5));
#14425 = DIRECTION('',(-0.9079593845,-0.419058177462,0.));
#14426 = DIRECTION('',(0.419058177462,-0.9079593845,0.));
#14427 = ADVANCED_FACE('',(#14428),#14457,.T.);
#14428 = FACE_BOUND('',#14429,.T.);
#14429 = EDGE_LOOP('',(#14430,#14431,#14440,#14449,#14456));
#14430 = ORIENTED_EDGE('',*,*,#14414,.T.);
#14431 = ORIENTED_EDGE('',*,*,#14432,.T.);
#14432 = EDGE_CURVE('',#14407,#14433,#14435,.T.);
#14433 = VERTEX_POINT('',#14434);
#14434 = CARTESIAN_POINT('',(-194.7028865141,129.50140514103,
    -3.233642736367));
#14435 = CIRCLE('',#14436,12.138766930976);
#14436 = AXIS2_PLACEMENT_3D('',#14437,#14438,#14439);
#14437 = CARTESIAN_POINT('',(-182.5735472133,129.07602629936,
    -3.014911002438));
#14438 = DIRECTION('',(-1.674638885324E-02,3.628384251536E-02,
    0.999201201577));
#14439 = DIRECTION('',(-0.41872343445,0.907234107976,-3.996196650947E-02
    ));
#14440 = ORIENTED_EDGE('',*,*,#14441,.T.);
#14441 = EDGE_CURVE('',#14433,#14442,#14444,.T.);
#14442 = VERTEX_POINT('',#14443);
#14443 = CARTESIAN_POINT('',(-196.3014375315,129.50264266669,
    -4.797543035367));
#14444 = CIRCLE('',#14445,1.6);
#14445 = AXIS2_PLACEMENT_3D('',#14446,#14447,#14448);
#14446 = CARTESIAN_POINT('',(-196.3014375315,129.55974911551,
    -3.198562468411));
#14447 = DIRECTION('',(3.566881875032E-02,0.998726925009,
    -3.566881875032E-02));
#14448 = DIRECTION('',(0.999094385916,-3.64649840496E-02,
    -2.192516747244E-02));
#14449 = ORIENTED_EDGE('',*,*,#14450,.T.);
#14450 = EDGE_CURVE('',#14442,#14433,#14451,.T.);
#14451 = CIRCLE('',#14452,1.6);
#14452 = AXIS2_PLACEMENT_3D('',#14453,#14454,#14455);
#14453 = CARTESIAN_POINT('',(-196.3014375315,129.55974911551,
    -3.198562468411));
#14454 = DIRECTION('',(3.566881875032E-02,0.998726925009,
    -3.566881875032E-02));
#14455 = DIRECTION('',(0.999094385916,-3.64649840496E-02,
    -2.192516747244E-02));
#14456 = ORIENTED_EDGE('',*,*,#14432,.F.);
#14457 = TOROIDAL_SURFACE('',#14458,13.737488853499,1.6);
#14458 = AXIS2_PLACEMENT_3D('',#14459,#14460,#14461);
#14459 = CARTESIAN_POINT('',(-182.5746179631,129.07834625728,
    -2.951022930512));
#14460 = DIRECTION('',(-1.674638885324E-02,3.628384251536E-02,
    0.999201201577));
#14461 = DIRECTION('',(-0.41872343445,0.907234107976,-3.996196650947E-02
    ));
#14462 = ADVANCED_FACE('',(#14463),#14492,.T.);
#14463 = FACE_BOUND('',#14464,.T.);
#14464 = EDGE_LOOP('',(#14465,#14473,#14474,#14475,#14476,#14485));
#14465 = ORIENTED_EDGE('',*,*,#14466,.F.);
#14466 = EDGE_CURVE('',#14442,#14467,#14469,.T.);
#14467 = VERTEX_POINT('',#14468);
#14468 = CARTESIAN_POINT('',(-197.,109.94289355118,-4.098980566956));
#14469 = LINE('',#14470,#14471);
#14470 = CARTESIAN_POINT('',(-196.3014375315,129.50264266669,
    -4.797543035367));
#14471 = VECTOR('',#14472,1.);
#14472 = DIRECTION('',(-3.566881875032E-02,-0.998726925009,
    3.566881875032E-02));
#14473 = ORIENTED_EDGE('',*,*,#14441,.F.);
#14474 = ORIENTED_EDGE('',*,*,#14450,.F.);
#14475 = ORIENTED_EDGE('',*,*,#14466,.T.);
#14476 = ORIENTED_EDGE('',*,*,#14477,.F.);
#14477 = EDGE_CURVE('',#14478,#14467,#14480,.T.);
#14478 = VERTEX_POINT('',#14479);
#14479 = CARTESIAN_POINT('',(-197.,110.05710644882,-0.901019433044));
#14480 = CIRCLE('',#14481,1.6);
#14481 = AXIS2_PLACEMENT_3D('',#14482,#14483,#14484);
#14482 = CARTESIAN_POINT('',(-197.,110.,-2.5));
#14483 = DIRECTION('',(-3.566881875032E-02,-0.998726925009,
    3.566881875032E-02));
#14484 = DIRECTION('',(-2.168404344971E-19,-3.569153051241E-02,
    -0.999362854348));
#14485 = ORIENTED_EDGE('',*,*,#14486,.F.);
#14486 = EDGE_CURVE('',#14467,#14478,#14487,.T.);
#14487 = ELLIPSE('',#14488,2.30420903728,1.6);
#14488 = AXIS2_PLACEMENT_3D('',#14489,#14490,#14491);
#14489 = CARTESIAN_POINT('',(-197.,110.,-2.5));
#14490 = DIRECTION('',(0.694381444614,-0.719148626994,2.56838795355E-02)
  );
#14491 = DIRECTION('',(-0.719607121543,-0.693939022496,
    2.478353651771E-02));
#14492 = CYLINDRICAL_SURFACE('',#14493,1.6);
#14493 = AXIS2_PLACEMENT_3D('',#14494,#14495,#14496);
#14494 = CARTESIAN_POINT('',(-196.3014375315,129.55974911551,
    -3.198562468411));
#14495 = DIRECTION('',(-3.566881875032E-02,-0.998726925009,
    3.566881875032E-02));
#14496 = DIRECTION('',(0.,-3.569153051241E-02,-0.999362854348));
#14497 = ADVANCED_FACE('',(#14498),#14533,.T.);
#14498 = FACE_BOUND('',#14499,.T.);
#14499 = EDGE_LOOP('',(#14500,#14509,#14517,#14524,#14525,#14532));
#14500 = ORIENTED_EDGE('',*,*,#14501,.T.);
#14501 = EDGE_CURVE('',#14478,#14502,#14504,.T.);
#14502 = VERTEX_POINT('',#14503);
#14503 = CARTESIAN_POINT('',(-197.,110.,-0.9));
#14504 = CIRCLE('',#14505,1.6);
#14505 = AXIS2_PLACEMENT_3D('',#14506,#14507,#14508);
#14506 = CARTESIAN_POINT('',(-197.,110.,-2.5));
#14507 = DIRECTION('',(1.,0.,-0.));
#14508 = DIRECTION('',(0.,0.,1.));
#14509 = ORIENTED_EDGE('',*,*,#14510,.T.);
#14510 = EDGE_CURVE('',#14502,#14511,#14513,.T.);
#14511 = VERTEX_POINT('',#14512);
#14512 = CARTESIAN_POINT('',(-194.,110.,-0.9));
#14513 = LINE('',#14514,#14515);
#14514 = CARTESIAN_POINT('',(-197.,110.,-0.9));
#14515 = VECTOR('',#14516,1.);
#14516 = DIRECTION('',(1.,0.,0.));
#14517 = ORIENTED_EDGE('',*,*,#14518,.F.);
#14518 = EDGE_CURVE('',#14511,#14511,#14519,.T.);
#14519 = CIRCLE('',#14520,1.6);
#14520 = AXIS2_PLACEMENT_3D('',#14521,#14522,#14523);
#14521 = CARTESIAN_POINT('',(-194.,110.,-2.5));
#14522 = DIRECTION('',(1.,0.,-0.));
#14523 = DIRECTION('',(0.,0.,1.));
#14524 = ORIENTED_EDGE('',*,*,#14510,.F.);
#14525 = ORIENTED_EDGE('',*,*,#14526,.T.);
#14526 = EDGE_CURVE('',#14502,#14467,#14527,.T.);
#14527 = CIRCLE('',#14528,1.6);
#14528 = AXIS2_PLACEMENT_3D('',#14529,#14530,#14531);
#14529 = CARTESIAN_POINT('',(-197.,110.,-2.5));
#14530 = DIRECTION('',(1.,0.,-0.));
#14531 = DIRECTION('',(0.,0.,1.));
#14532 = ORIENTED_EDGE('',*,*,#14486,.T.);
#14533 = CYLINDRICAL_SURFACE('',#14534,1.6);
#14534 = AXIS2_PLACEMENT_3D('',#14535,#14536,#14537);
#14535 = CARTESIAN_POINT('',(-197.,110.,-2.5));
#14536 = DIRECTION('',(1.,0.,0.));
#14537 = DIRECTION('',(0.,0.,1.));
#14538 = ADVANCED_FACE('',(#14539),#14544,.T.);
#14539 = FACE_BOUND('',#14540,.T.);
#14540 = EDGE_LOOP('',(#14541,#14542,#14543));
#14541 = ORIENTED_EDGE('',*,*,#14526,.F.);
#14542 = ORIENTED_EDGE('',*,*,#14501,.F.);
#14543 = ORIENTED_EDGE('',*,*,#14477,.T.);
#14544 = SPHERICAL_SURFACE('',#14545,1.6);
#14545 = AXIS2_PLACEMENT_3D('',#14546,#14547,#14548);
#14546 = CARTESIAN_POINT('',(-197.,110.,-2.5));
#14547 = DIRECTION('',(0.,0.,1.));
#14548 = DIRECTION('',(1.,0.,0.));
#14549 = ADVANCED_FACE('',(#14550,#14584),#14587,.F.);
#14550 = FACE_BOUND('',#14551,.F.);
#14551 = EDGE_LOOP('',(#14552,#14562,#14570,#14578));
#14552 = ORIENTED_EDGE('',*,*,#14553,.F.);
#14553 = EDGE_CURVE('',#14554,#14556,#14558,.T.);
#14554 = VERTEX_POINT('',#14555);
#14555 = CARTESIAN_POINT('',(-194.,107.9,0.5));
#14556 = VERTEX_POINT('',#14557);
#14557 = CARTESIAN_POINT('',(-194.,112.1,0.5));
#14558 = LINE('',#14559,#14560);
#14559 = CARTESIAN_POINT('',(-194.,106.4,0.5));
#14560 = VECTOR('',#14561,1.);
#14561 = DIRECTION('',(0.,1.,0.));
#14562 = ORIENTED_EDGE('',*,*,#14563,.F.);
#14563 = EDGE_CURVE('',#14564,#14554,#14566,.T.);
#14564 = VERTEX_POINT('',#14565);
#14565 = CARTESIAN_POINT('',(-194.,107.9,-5.5));
#14566 = LINE('',#14567,#14568);
#14567 = CARTESIAN_POINT('',(-194.,107.9,-5.5));
#14568 = VECTOR('',#14569,1.);
#14569 = DIRECTION('',(0.,0.,1.));
#14570 = ORIENTED_EDGE('',*,*,#14571,.T.);
#14571 = EDGE_CURVE('',#14564,#14572,#14574,.T.);
#14572 = VERTEX_POINT('',#14573);
#14573 = CARTESIAN_POINT('',(-194.,112.1,-5.5));
#14574 = LINE('',#14575,#14576);
#14575 = CARTESIAN_POINT('',(-194.,106.4,-5.5));
#14576 = VECTOR('',#14577,1.);
#14577 = DIRECTION('',(0.,1.,0.));
#14578 = ORIENTED_EDGE('',*,*,#14579,.T.);
#14579 = EDGE_CURVE('',#14572,#14556,#14580,.T.);
#14580 = LINE('',#14581,#14582);
#14581 = CARTESIAN_POINT('',(-194.,112.1,-5.5));
#14582 = VECTOR('',#14583,1.);
#14583 = DIRECTION('',(0.,0.,1.));
#14584 = FACE_BOUND('',#14585,.F.);
#14585 = EDGE_LOOP('',(#14586));
#14586 = ORIENTED_EDGE('',*,*,#14518,.F.);
#14587 = PLANE('',#14588);
#14588 = AXIS2_PLACEMENT_3D('',#14589,#14590,#14591);
#14589 = CARTESIAN_POINT('',(-194.,106.4,-5.5));
#14590 = DIRECTION('',(1.,0.,0.));
#14591 = DIRECTION('',(0.,0.,1.));
#14592 = ADVANCED_FACE('',(#14593),#14654,.T.);
#14593 = FACE_BOUND('',#14594,.T.);
#14594 = EDGE_LOOP('',(#14595,#14596,#14605,#14613,#14622,#14630,#14639,
    #14647));
#14595 = ORIENTED_EDGE('',*,*,#14553,.F.);
#14596 = ORIENTED_EDGE('',*,*,#14597,.T.);
#14597 = EDGE_CURVE('',#14554,#14598,#14600,.T.);
#14598 = VERTEX_POINT('',#14599);
#14599 = CARTESIAN_POINT('',(-192.5,106.4,0.5));
#14600 = CIRCLE('',#14601,1.5);
#14601 = AXIS2_PLACEMENT_3D('',#14602,#14603,#14604);
#14602 = CARTESIAN_POINT('',(-192.5,107.9,0.5));
#14603 = DIRECTION('',(-0.,0.,1.));
#14604 = DIRECTION('',(0.,-1.,0.));
#14605 = ORIENTED_EDGE('',*,*,#14606,.T.);
#14606 = EDGE_CURVE('',#14598,#14607,#14609,.T.);
#14607 = VERTEX_POINT('',#14608);
#14608 = CARTESIAN_POINT('',(-181.5,106.4,0.5));
#14609 = LINE('',#14610,#14611);
#14610 = CARTESIAN_POINT('',(-194.,106.4,0.5));
#14611 = VECTOR('',#14612,1.);
#14612 = DIRECTION('',(1.,0.,0.));
#14613 = ORIENTED_EDGE('',*,*,#14614,.F.);
#14614 = EDGE_CURVE('',#14615,#14607,#14617,.T.);
#14615 = VERTEX_POINT('',#14616);
#14616 = CARTESIAN_POINT('',(-180.,107.9,0.5));
#14617 = CIRCLE('',#14618,1.5);
#14618 = AXIS2_PLACEMENT_3D('',#14619,#14620,#14621);
#14619 = CARTESIAN_POINT('',(-181.5,107.9,0.5));
#14620 = DIRECTION('',(-0.,-0.,-1.));
#14621 = DIRECTION('',(0.,-1.,0.));
#14622 = ORIENTED_EDGE('',*,*,#14623,.T.);
#14623 = EDGE_CURVE('',#14615,#14624,#14626,.T.);
#14624 = VERTEX_POINT('',#14625);
#14625 = CARTESIAN_POINT('',(-180.,112.1,0.5));
#14626 = LINE('',#14627,#14628);
#14627 = CARTESIAN_POINT('',(-180.,106.4,0.5));
#14628 = VECTOR('',#14629,1.);
#14629 = DIRECTION('',(0.,1.,0.));
#14630 = ORIENTED_EDGE('',*,*,#14631,.T.);
#14631 = EDGE_CURVE('',#14624,#14632,#14634,.T.);
#14632 = VERTEX_POINT('',#14633);
#14633 = CARTESIAN_POINT('',(-181.5,113.6,0.5));
#14634 = CIRCLE('',#14635,1.5);
#14635 = AXIS2_PLACEMENT_3D('',#14636,#14637,#14638);
#14636 = CARTESIAN_POINT('',(-181.5,112.1,0.5));
#14637 = DIRECTION('',(-0.,0.,1.));
#14638 = DIRECTION('',(0.,-1.,0.));
#14639 = ORIENTED_EDGE('',*,*,#14640,.F.);
#14640 = EDGE_CURVE('',#14641,#14632,#14643,.T.);
#14641 = VERTEX_POINT('',#14642);
#14642 = CARTESIAN_POINT('',(-192.5,113.6,0.5));
#14643 = LINE('',#14644,#14645);
#14644 = CARTESIAN_POINT('',(-194.,113.6,0.5));
#14645 = VECTOR('',#14646,1.);
#14646 = DIRECTION('',(1.,0.,0.));
#14647 = ORIENTED_EDGE('',*,*,#14648,.F.);
#14648 = EDGE_CURVE('',#14556,#14641,#14649,.T.);
#14649 = CIRCLE('',#14650,1.5);
#14650 = AXIS2_PLACEMENT_3D('',#14651,#14652,#14653);
#14651 = CARTESIAN_POINT('',(-192.5,112.1,0.5));
#14652 = DIRECTION('',(-0.,-0.,-1.));
#14653 = DIRECTION('',(0.,-1.,0.));
#14654 = PLANE('',#14655);
#14655 = AXIS2_PLACEMENT_3D('',#14656,#14657,#14658);
#14656 = CARTESIAN_POINT('',(-194.,106.4,0.5));
#14657 = DIRECTION('',(0.,0.,1.));
#14658 = DIRECTION('',(1.,0.,0.));
#14659 = ADVANCED_FACE('',(#14660),#14679,.T.);
#14660 = FACE_BOUND('',#14661,.T.);
#14661 = EDGE_LOOP('',(#14662,#14671,#14677,#14678));
#14662 = ORIENTED_EDGE('',*,*,#14663,.T.);
#14663 = EDGE_CURVE('',#14564,#14664,#14666,.T.);
#14664 = VERTEX_POINT('',#14665);
#14665 = CARTESIAN_POINT('',(-192.5,106.4,-5.5));
#14666 = CIRCLE('',#14667,1.5);
#14667 = AXIS2_PLACEMENT_3D('',#14668,#14669,#14670);
#14668 = CARTESIAN_POINT('',(-192.5,107.9,-5.5));
#14669 = DIRECTION('',(-0.,0.,1.));
#14670 = DIRECTION('',(0.,-1.,0.));
#14671 = ORIENTED_EDGE('',*,*,#14672,.T.);
#14672 = EDGE_CURVE('',#14664,#14598,#14673,.T.);
#14673 = LINE('',#14674,#14675);
#14674 = CARTESIAN_POINT('',(-192.5,106.4,-5.5));
#14675 = VECTOR('',#14676,1.);
#14676 = DIRECTION('',(0.,0.,1.));
#14677 = ORIENTED_EDGE('',*,*,#14597,.F.);
#14678 = ORIENTED_EDGE('',*,*,#14563,.F.);
#14679 = CYLINDRICAL_SURFACE('',#14680,1.5);
#14680 = AXIS2_PLACEMENT_3D('',#14681,#14682,#14683);
#14681 = CARTESIAN_POINT('',(-192.5,107.9,-5.5));
#14682 = DIRECTION('',(0.,0.,1.));
#14683 = DIRECTION('',(-1.,0.,0.));
#14684 = ADVANCED_FACE('',(#14685),#14704,.T.);
#14685 = FACE_BOUND('',#14686,.F.);
#14686 = EDGE_LOOP('',(#14687,#14696,#14702,#14703));
#14687 = ORIENTED_EDGE('',*,*,#14688,.T.);
#14688 = EDGE_CURVE('',#14572,#14689,#14691,.T.);
#14689 = VERTEX_POINT('',#14690);
#14690 = CARTESIAN_POINT('',(-192.5,113.6,-5.5));
#14691 = CIRCLE('',#14692,1.5);
#14692 = AXIS2_PLACEMENT_3D('',#14693,#14694,#14695);
#14693 = CARTESIAN_POINT('',(-192.5,112.1,-5.5));
#14694 = DIRECTION('',(-0.,-0.,-1.));
#14695 = DIRECTION('',(0.,-1.,0.));
#14696 = ORIENTED_EDGE('',*,*,#14697,.T.);
#14697 = EDGE_CURVE('',#14689,#14641,#14698,.T.);
#14698 = LINE('',#14699,#14700);
#14699 = CARTESIAN_POINT('',(-192.5,113.6,-5.5));
#14700 = VECTOR('',#14701,1.);
#14701 = DIRECTION('',(0.,0.,1.));
#14702 = ORIENTED_EDGE('',*,*,#14648,.F.);
#14703 = ORIENTED_EDGE('',*,*,#14579,.F.);
#14704 = CYLINDRICAL_SURFACE('',#14705,1.5);
#14705 = AXIS2_PLACEMENT_3D('',#14706,#14707,#14708);
#14706 = CARTESIAN_POINT('',(-192.5,112.1,-5.5));
#14707 = DIRECTION('',(0.,0.,1.));
#14708 = DIRECTION('',(-1.,0.,0.));
#14709 = ADVANCED_FACE('',(#14710),#14755,.F.);
#14710 = FACE_BOUND('',#14711,.F.);
#14711 = EDGE_LOOP('',(#14712,#14713,#14714,#14722,#14731,#14739,#14748,
    #14754));
#14712 = ORIENTED_EDGE('',*,*,#14571,.F.);
#14713 = ORIENTED_EDGE('',*,*,#14663,.T.);
#14714 = ORIENTED_EDGE('',*,*,#14715,.T.);
#14715 = EDGE_CURVE('',#14664,#14716,#14718,.T.);
#14716 = VERTEX_POINT('',#14717);
#14717 = CARTESIAN_POINT('',(-181.5,106.4,-5.5));
#14718 = LINE('',#14719,#14720);
#14719 = CARTESIAN_POINT('',(-194.,106.4,-5.5));
#14720 = VECTOR('',#14721,1.);
#14721 = DIRECTION('',(1.,0.,0.));
#14722 = ORIENTED_EDGE('',*,*,#14723,.F.);
#14723 = EDGE_CURVE('',#14724,#14716,#14726,.T.);
#14724 = VERTEX_POINT('',#14725);
#14725 = CARTESIAN_POINT('',(-180.,107.9,-5.5));
#14726 = CIRCLE('',#14727,1.5);
#14727 = AXIS2_PLACEMENT_3D('',#14728,#14729,#14730);
#14728 = CARTESIAN_POINT('',(-181.5,107.9,-5.5));
#14729 = DIRECTION('',(-0.,-0.,-1.));
#14730 = DIRECTION('',(0.,-1.,0.));
#14731 = ORIENTED_EDGE('',*,*,#14732,.T.);
#14732 = EDGE_CURVE('',#14724,#14733,#14735,.T.);
#14733 = VERTEX_POINT('',#14734);
#14734 = CARTESIAN_POINT('',(-180.,112.1,-5.5));
#14735 = LINE('',#14736,#14737);
#14736 = CARTESIAN_POINT('',(-180.,106.4,-5.5));
#14737 = VECTOR('',#14738,1.);
#14738 = DIRECTION('',(0.,1.,0.));
#14739 = ORIENTED_EDGE('',*,*,#14740,.T.);
#14740 = EDGE_CURVE('',#14733,#14741,#14743,.T.);
#14741 = VERTEX_POINT('',#14742);
#14742 = CARTESIAN_POINT('',(-181.5,113.6,-5.5));
#14743 = CIRCLE('',#14744,1.5);
#14744 = AXIS2_PLACEMENT_3D('',#14745,#14746,#14747);
#14745 = CARTESIAN_POINT('',(-181.5,112.1,-5.5));
#14746 = DIRECTION('',(-0.,0.,1.));
#14747 = DIRECTION('',(0.,-1.,0.));
#14748 = ORIENTED_EDGE('',*,*,#14749,.F.);
#14749 = EDGE_CURVE('',#14689,#14741,#14750,.T.);
#14750 = LINE('',#14751,#14752);
#14751 = CARTESIAN_POINT('',(-194.,113.6,-5.5));
#14752 = VECTOR('',#14753,1.);
#14753 = DIRECTION('',(1.,0.,0.));
#14754 = ORIENTED_EDGE('',*,*,#14688,.F.);
#14755 = PLANE('',#14756);
#14756 = AXIS2_PLACEMENT_3D('',#14757,#14758,#14759);
#14757 = CARTESIAN_POINT('',(-194.,106.4,-5.5));
#14758 = DIRECTION('',(0.,0.,1.));
#14759 = DIRECTION('',(1.,0.,0.));
#14760 = ADVANCED_FACE('',(#14761),#14772,.F.);
#14761 = FACE_BOUND('',#14762,.F.);
#14762 = EDGE_LOOP('',(#14763,#14764,#14765,#14766));
#14763 = ORIENTED_EDGE('',*,*,#14715,.F.);
#14764 = ORIENTED_EDGE('',*,*,#14672,.T.);
#14765 = ORIENTED_EDGE('',*,*,#14606,.T.);
#14766 = ORIENTED_EDGE('',*,*,#14767,.F.);
#14767 = EDGE_CURVE('',#14716,#14607,#14768,.T.);
#14768 = LINE('',#14769,#14770);
#14769 = CARTESIAN_POINT('',(-181.5,106.4,-5.5));
#14770 = VECTOR('',#14771,1.);
#14771 = DIRECTION('',(0.,0.,1.));
#14772 = PLANE('',#14773);
#14773 = AXIS2_PLACEMENT_3D('',#14774,#14775,#14776);
#14774 = CARTESIAN_POINT('',(-194.,106.4,-5.5));
#14775 = DIRECTION('',(0.,1.,0.));
#14776 = DIRECTION('',(0.,0.,1.));
#14777 = ADVANCED_FACE('',(#14778),#14789,.T.);
#14778 = FACE_BOUND('',#14779,.T.);
#14779 = EDGE_LOOP('',(#14780,#14781,#14782,#14783));
#14780 = ORIENTED_EDGE('',*,*,#14749,.F.);
#14781 = ORIENTED_EDGE('',*,*,#14697,.T.);
#14782 = ORIENTED_EDGE('',*,*,#14640,.T.);
#14783 = ORIENTED_EDGE('',*,*,#14784,.F.);
#14784 = EDGE_CURVE('',#14741,#14632,#14785,.T.);
#14785 = LINE('',#14786,#14787);
#14786 = CARTESIAN_POINT('',(-181.5,113.6,-5.5));
#14787 = VECTOR('',#14788,1.);
#14788 = DIRECTION('',(0.,0.,1.));
#14789 = PLANE('',#14790);
#14790 = AXIS2_PLACEMENT_3D('',#14791,#14792,#14793);
#14791 = CARTESIAN_POINT('',(-194.,113.6,-5.5));
#14792 = DIRECTION('',(0.,1.,0.));
#14793 = DIRECTION('',(0.,0.,1.));
#14794 = ADVANCED_FACE('',(#14795),#14806,.T.);
#14795 = FACE_BOUND('',#14796,.F.);
#14796 = EDGE_LOOP('',(#14797,#14798,#14799,#14800));
#14797 = ORIENTED_EDGE('',*,*,#14723,.T.);
#14798 = ORIENTED_EDGE('',*,*,#14767,.T.);
#14799 = ORIENTED_EDGE('',*,*,#14614,.F.);
#14800 = ORIENTED_EDGE('',*,*,#14801,.F.);
#14801 = EDGE_CURVE('',#14724,#14615,#14802,.T.);
#14802 = LINE('',#14803,#14804);
#14803 = CARTESIAN_POINT('',(-180.,107.9,-5.5));
#14804 = VECTOR('',#14805,1.);
#14805 = DIRECTION('',(0.,0.,1.));
#14806 = CYLINDRICAL_SURFACE('',#14807,1.5);
#14807 = AXIS2_PLACEMENT_3D('',#14808,#14809,#14810);
#14808 = CARTESIAN_POINT('',(-181.5,107.9,-5.5));
#14809 = DIRECTION('',(0.,0.,1.));
#14810 = DIRECTION('',(1.,0.,0.));
#14811 = ADVANCED_FACE('',(#14812),#14823,.T.);
#14812 = FACE_BOUND('',#14813,.T.);
#14813 = EDGE_LOOP('',(#14814,#14815,#14816,#14817));
#14814 = ORIENTED_EDGE('',*,*,#14740,.T.);
#14815 = ORIENTED_EDGE('',*,*,#14784,.T.);
#14816 = ORIENTED_EDGE('',*,*,#14631,.F.);
#14817 = ORIENTED_EDGE('',*,*,#14818,.F.);
#14818 = EDGE_CURVE('',#14733,#14624,#14819,.T.);
#14819 = LINE('',#14820,#14821);
#14820 = CARTESIAN_POINT('',(-180.,112.1,-5.5));
#14821 = VECTOR('',#14822,1.);
#14822 = DIRECTION('',(0.,0.,1.));
#14823 = CYLINDRICAL_SURFACE('',#14824,1.5);
#14824 = AXIS2_PLACEMENT_3D('',#14825,#14826,#14827);
#14825 = CARTESIAN_POINT('',(-181.5,112.1,-5.5));
#14826 = DIRECTION('',(0.,0.,1.));
#14827 = DIRECTION('',(1.,0.,0.));
#14828 = ADVANCED_FACE('',(#14829),#14835,.T.);
#14829 = FACE_BOUND('',#14830,.T.);
#14830 = EDGE_LOOP('',(#14831,#14832,#14833,#14834));
#14831 = ORIENTED_EDGE('',*,*,#14623,.F.);
#14832 = ORIENTED_EDGE('',*,*,#14801,.F.);
#14833 = ORIENTED_EDGE('',*,*,#14732,.T.);
#14834 = ORIENTED_EDGE('',*,*,#14818,.T.);
#14835 = PLANE('',#14836);
#14836 = AXIS2_PLACEMENT_3D('',#14837,#14838,#14839);
#14837 = CARTESIAN_POINT('',(-180.,106.4,-5.5));
#14838 = DIRECTION('',(1.,0.,0.));
#14839 = DIRECTION('',(0.,0.,1.));
#14840 = MANIFOLD_SOLID_BREP('',#14841);
#14841 = CLOSED_SHELL('',(#14842,#14875,#14910,#14919,#14954,#14990,
    #15025,#15061,#15087,#15122,#15157,#15193,#15219));
#14842 = ADVANCED_FACE('',(#14843),#14870,.T.);
#14843 = FACE_BOUND('',#14844,.T.);
#14844 = EDGE_LOOP('',(#14845,#14854,#14862,#14869));
#14845 = ORIENTED_EDGE('',*,*,#14846,.F.);
#14846 = EDGE_CURVE('',#14847,#14847,#14849,.T.);
#14847 = VERTEX_POINT('',#14848);
#14848 = CARTESIAN_POINT('',(124.33839705251,-18.8,212.58736095405));
#14849 = CIRCLE('',#14850,1.75);
#14850 = AXIS2_PLACEMENT_3D('',#14851,#14852,#14853);
#14851 = CARTESIAN_POINT('',(123.55577326039,-18.8,211.0221133698));
#14852 = DIRECTION('',(0.894427191,0.,-0.4472135955));
#14853 = DIRECTION('',(0.4472135955,0.,0.894427191));
#14854 = ORIENTED_EDGE('',*,*,#14855,.F.);
#14855 = EDGE_CURVE('',#14856,#14847,#14858,.T.);
#14856 = VERTEX_POINT('',#14857);
#14857 = CARTESIAN_POINT('',(112.78262379212,-18.8,218.36524758425));
#14858 = LINE('',#14859,#14860);
#14859 = CARTESIAN_POINT('',(112.78262379212,-18.8,218.36524758425));
#14860 = VECTOR('',#14861,1.);
#14861 = DIRECTION('',(0.894427191,0.,-0.4472135955));
#14862 = ORIENTED_EDGE('',*,*,#14863,.T.);
#14863 = EDGE_CURVE('',#14856,#14856,#14864,.T.);
#14864 = CIRCLE('',#14865,1.75);
#14865 = AXIS2_PLACEMENT_3D('',#14866,#14867,#14868);
#14866 = CARTESIAN_POINT('',(112.,-18.8,216.8));
#14867 = DIRECTION('',(0.894427191,0.,-0.4472135955));
#14868 = DIRECTION('',(0.4472135955,0.,0.894427191));
#14869 = ORIENTED_EDGE('',*,*,#14855,.T.);
#14870 = CYLINDRICAL_SURFACE('',#14871,1.75);
#14871 = AXIS2_PLACEMENT_3D('',#14872,#14873,#14874);
#14872 = CARTESIAN_POINT('',(112.,-18.8,216.8));
#14873 = DIRECTION('',(0.894427191,0.,-0.4472135955));
#14874 = DIRECTION('',(0.4472135955,0.,0.894427191));
#14875 = ADVANCED_FACE('',(#14876),#14905,.T.);
#14876 = FACE_BOUND('',#14877,.T.);
#14877 = EDGE_LOOP('',(#14878,#14879,#14888,#14897,#14904));
#14878 = ORIENTED_EDGE('',*,*,#14846,.T.);
#14879 = ORIENTED_EDGE('',*,*,#14880,.T.);
#14880 = EDGE_CURVE('',#14847,#14881,#14883,.T.);
#14881 = VERTEX_POINT('',#14882);
#14882 = CARTESIAN_POINT('',(130.12971530915,-18.21461101778,
    204.01741998679));
#14883 = CIRCLE('',#14884,10.503860482597);
#14884 = AXIS2_PLACEMENT_3D('',#14885,#14886,#14887);
#14885 = CARTESIAN_POINT('',(119.67186668485,-17.59643999896,
    203.25430021872));
#14886 = DIRECTION('',(5.124291172341E-02,0.993413720456,0.102485823447)
  );
#14887 = DIRECTION('',(0.444268121744,-0.114582633979,0.888536243488));
#14888 = ORIENTED_EDGE('',*,*,#14889,.T.);
#14889 = EDGE_CURVE('',#14881,#14890,#14892,.T.);
#14890 = VERTEX_POINT('',#14891);
#14891 = CARTESIAN_POINT('',(128.38858142504,-20.05296736291,
    203.69798898424));
#14892 = CIRCLE('',#14893,1.75);
#14893 = AXIS2_PLACEMENT_3D('',#14894,#14895,#14896);
#14894 = CARTESIAN_POINT('',(128.38858142504,-18.31149763709,
    203.87056706518));
#14895 = DIRECTION('',(-7.820433403575E-02,-9.831401993066E-02,
    0.992077837482));
#14896 = DIRECTION('',(0.994933648066,5.536378245855E-02,
    8.39159552038E-02));
#14897 = ORIENTED_EDGE('',*,*,#14898,.T.);
#14898 = EDGE_CURVE('',#14890,#14881,#14899,.T.);
#14899 = CIRCLE('',#14900,1.75);
#14900 = AXIS2_PLACEMENT_3D('',#14901,#14902,#14903);
#14901 = CARTESIAN_POINT('',(128.38858142504,-18.31149763709,
    203.87056706518));
#14902 = DIRECTION('',(-7.820433403575E-02,-9.831401993066E-02,
    0.992077837482));
#14903 = DIRECTION('',(0.994933648066,5.536378245855E-02,
    8.39159552038E-02));
#14904 = ORIENTED_EDGE('',*,*,#14880,.F.);
#14905 = TOROIDAL_SURFACE('',#14906,8.765386471799,1.75);
#14906 = AXIS2_PLACEMENT_3D('',#14907,#14908,#14909);
#14907 = CARTESIAN_POINT('',(119.6615914762,-17.79563893022,
    203.23374980142));
#14908 = DIRECTION('',(5.124291172341E-02,0.993413720456,0.102485823447)
  );
#14909 = DIRECTION('',(0.444268121744,-0.114582633979,0.888536243488));
#14910 = ADVANCED_FACE('',(#14911),#14914,.F.);
#14911 = FACE_BOUND('',#14912,.T.);
#14912 = EDGE_LOOP('',(#14913));
#14913 = ORIENTED_EDGE('',*,*,#14863,.F.);
#14914 = PLANE('',#14915);
#14915 = AXIS2_PLACEMENT_3D('',#14916,#14917,#14918);
#14916 = CARTESIAN_POINT('',(112.,-18.8,216.8));
#14917 = DIRECTION('',(0.894427191,0.,-0.4472135955));
#14918 = DIRECTION('',(0.4472135955,0.,0.894427191));
#14919 = ADVANCED_FACE('',(#14920),#14949,.T.);
#14920 = FACE_BOUND('',#14921,.T.);
#14921 = EDGE_LOOP('',(#14922,#14923,#14931,#14940,#14947,#14948));
#14922 = ORIENTED_EDGE('',*,*,#14898,.F.);
#14923 = ORIENTED_EDGE('',*,*,#14924,.T.);
#14924 = EDGE_CURVE('',#14890,#14925,#14927,.T.);
#14925 = VERTEX_POINT('',#14926);
#14926 = CARTESIAN_POINT('',(134.97868533939,-11.76826529916,
    120.0978136136));
#14927 = LINE('',#14928,#14929);
#14928 = CARTESIAN_POINT('',(128.38858142504,-20.05296736291,
    203.69798898424));
#14929 = VECTOR('',#14930,1.);
#14930 = DIRECTION('',(7.820433403575E-02,9.831401993066E-02,
    -0.992077837482));
#14931 = ORIENTED_EDGE('',*,*,#14932,.F.);
#14932 = EDGE_CURVE('',#14933,#14925,#14935,.T.);
#14933 = VERTEX_POINT('',#14934);
#14934 = CARTESIAN_POINT('',(136.72332570392,-10.04029192722,
    120.40658217469));
#14935 = CIRCLE('',#14936,1.75);
#14936 = AXIS2_PLACEMENT_3D('',#14937,#14938,#14939);
#14937 = CARTESIAN_POINT('',(134.97868533939,-10.02679557333,
    120.27039169454));
#14938 = DIRECTION('',(7.820433403575E-02,9.831401993066E-02,
    -0.992077837482));
#14939 = DIRECTION('',(-8.673617379884E-19,-0.995125557617,
    -9.86160462503E-02));
#14940 = ORIENTED_EDGE('',*,*,#14941,.F.);
#14941 = EDGE_CURVE('',#14925,#14933,#14942,.T.);
#14942 = CIRCLE('',#14943,1.75);
#14943 = AXIS2_PLACEMENT_3D('',#14944,#14945,#14946);
#14944 = CARTESIAN_POINT('',(134.97868533939,-10.02679557333,
    120.27039169454));
#14945 = DIRECTION('',(7.820433403575E-02,9.831401993066E-02,
    -0.992077837482));
#14946 = DIRECTION('',(-8.673617379884E-19,-0.995125557617,
    -9.86160462503E-02));
#14947 = ORIENTED_EDGE('',*,*,#14924,.F.);
#14948 = ORIENTED_EDGE('',*,*,#14889,.F.);
#14949 = CYLINDRICAL_SURFACE('',#14950,1.75);
#14950 = AXIS2_PLACEMENT_3D('',#14951,#14952,#14953);
#14951 = CARTESIAN_POINT('',(128.38858142504,-18.31149763709,
    203.87056706518));
#14952 = DIRECTION('',(7.820433403575E-02,9.831401993066E-02,
    -0.992077837482));
#14953 = DIRECTION('',(-8.673617379884E-19,-0.995125557617,
    -9.86160462503E-02));
#14954 = ADVANCED_FACE('',(#14955),#14985,.T.);
#14955 = FACE_BOUND('',#14956,.T.);
#14956 = EDGE_LOOP('',(#14957,#14958,#14959,#14968,#14977,#14984));
#14957 = ORIENTED_EDGE('',*,*,#14932,.T.);
#14958 = ORIENTED_EDGE('',*,*,#14941,.T.);
#14959 = ORIENTED_EDGE('',*,*,#14960,.T.);
#14960 = EDGE_CURVE('',#14933,#14961,#14963,.T.);
#14961 = VERTEX_POINT('',#14962);
#14962 = CARTESIAN_POINT('',(136.75992130624,-9.984773295058,
    119.80193655243));
#14963 = CIRCLE('',#14964,15.625865500739);
#14964 = AXIS2_PLACEMENT_3D('',#14965,#14966,#14967);
#14965 = CARTESIAN_POINT('',(122.25032722316,-15.6803813561,
    118.70676487357));
#14966 = DIRECTION('',(-0.368781082594,0.9273901733,6.283294985225E-02)
  );
#14967 = DIRECTION('',(0.926220597514,0.360945729926,0.108782281598));
#14968 = ORIENTED_EDGE('',*,*,#14969,.T.);
#14969 = EDGE_CURVE('',#14961,#14970,#14972,.T.);
#14970 = VERTEX_POINT('',#14971);
#14971 = CARTESIAN_POINT('',(135.01147318288,-11.7208294282,
    119.58119404124));
#14972 = CIRCLE('',#14973,1.75);
#14973 = AXIS2_PLACEMENT_3D('',#14974,#14975,#14976);
#14974 = CARTESIAN_POINT('',(135.01147318288,-9.977053634222,
    119.72865922467));
#14975 = DIRECTION('',(-4.209556247286E-02,-8.419112494573E-02,
    0.995560052483));
#14976 = DIRECTION('',(0.999113213347,-4.411234763437E-03,
    4.18727587239E-02));
#14977 = ORIENTED_EDGE('',*,*,#14978,.T.);
#14978 = EDGE_CURVE('',#14970,#14961,#14979,.T.);
#14979 = CIRCLE('',#14980,1.75);
#14980 = AXIS2_PLACEMENT_3D('',#14981,#14982,#14983);
#14981 = CARTESIAN_POINT('',(135.01147318288,-9.977053634222,
    119.72865922467));
#14982 = DIRECTION('',(-4.209556247286E-02,-8.419112494573E-02,
    0.995560052483));
#14983 = DIRECTION('',(0.999113213347,-4.411234763437E-03,
    4.18727587239E-02));
#14984 = ORIENTED_EDGE('',*,*,#14960,.F.);
#14985 = TOROIDAL_SURFACE('',#14986,14.,1.75);
#14986 = AXIS2_PLACEMENT_3D('',#14987,#14988,#14989);
#14987 = CARTESIAN_POINT('',(122.0115969742,-15.08003579229,
    118.74743975216));
#14988 = DIRECTION('',(-0.368781082594,0.9273901733,6.283294985225E-02)
  );
#14989 = DIRECTION('',(0.926220597514,0.360945729926,0.108782281598));
#14990 = ADVANCED_FACE('',(#14991),#15020,.T.);
#14991 = FACE_BOUND('',#14992,.T.);
#14992 = EDGE_LOOP('',(#14993,#14994,#15002,#15011,#15018,#15019));
#14993 = ORIENTED_EDGE('',*,*,#14978,.F.);
#14994 = ORIENTED_EDGE('',*,*,#14995,.T.);
#14995 = EDGE_CURVE('',#14970,#14996,#14998,.T.);
#14996 = VERTEX_POINT('',#14997);
#14997 = CARTESIAN_POINT('',(139.46149883102,-2.820778131934,
    14.338087462854));
#14998 = LINE('',#14999,#15000);
#14999 = CARTESIAN_POINT('',(135.01147318288,-11.7208294282,
    119.58119404124));
#15000 = VECTOR('',#15001,1.);
#15001 = DIRECTION('',(4.209556247286E-02,8.419112494573E-02,
    -0.995560052483));
#15002 = ORIENTED_EDGE('',*,*,#15003,.F.);
#15003 = EDGE_CURVE('',#15004,#14996,#15006,.T.);
#15004 = VERTEX_POINT('',#15005);
#15005 = CARTESIAN_POINT('',(141.20994761168,-1.083209967793,
    14.558957869151));
#15006 = CIRCLE('',#15007,1.75);
#15007 = AXIS2_PLACEMENT_3D('',#15008,#15009,#15010);
#15008 = CARTESIAN_POINT('',(139.46149883102,-1.077002337952,
    14.485552646277));
#15009 = DIRECTION('',(4.209556247286E-02,8.419112494573E-02,
    -0.995560052483));
#15010 = DIRECTION('',(0.,-0.996443310847,-8.42658190991E-02));
#15011 = ORIENTED_EDGE('',*,*,#15012,.F.);
#15012 = EDGE_CURVE('',#14996,#15004,#15013,.T.);
#15013 = CIRCLE('',#15014,1.75);
#15014 = AXIS2_PLACEMENT_3D('',#15015,#15016,#15017);
#15015 = CARTESIAN_POINT('',(139.46149883102,-1.077002337952,
    14.485552646277));
#15016 = DIRECTION('',(4.209556247286E-02,8.419112494573E-02,
    -0.995560052483));
#15017 = DIRECTION('',(0.,-0.996443310847,-8.42658190991E-02));
#15018 = ORIENTED_EDGE('',*,*,#14995,.F.);
#15019 = ORIENTED_EDGE('',*,*,#14969,.F.);
#15020 = CYLINDRICAL_SURFACE('',#15021,1.75);
#15021 = AXIS2_PLACEMENT_3D('',#15022,#15023,#15024);
#15022 = CARTESIAN_POINT('',(135.01147318288,-9.977053634222,
    119.72865922467));
#15023 = DIRECTION('',(4.209556247286E-02,8.419112494573E-02,
    -0.995560052483));
#15024 = DIRECTION('',(4.336808689942E-19,-0.996443310847,
    -8.42658190991E-02));
#15025 = ADVANCED_FACE('',(#15026),#15056,.T.);
#15026 = FACE_BOUND('',#15027,.T.);
#15027 = EDGE_LOOP('',(#15028,#15029,#15030,#15039,#15048,#15055));
#15028 = ORIENTED_EDGE('',*,*,#15003,.T.);
#15029 = ORIENTED_EDGE('',*,*,#15012,.T.);
#15030 = ORIENTED_EDGE('',*,*,#15031,.T.);
#15031 = EDGE_CURVE('',#15004,#15032,#15034,.T.);
#15032 = VERTEX_POINT('',#15033);
#15033 = CARTESIAN_POINT('',(143.79820196296,12.335770890972,
    2.080359084987));
#15034 = CIRCLE('',#15035,13.717534513853);
#15035 = AXIS2_PLACEMENT_3D('',#15036,#15037,#15038);
#15036 = CARTESIAN_POINT('',(143.42211644119,12.398451811267,
    15.792593910912));
#15037 = DIRECTION('',(0.986012836402,-0.164335472734,2.779458312621E-02
    ));
#15038 = DIRECTION('',(-0.161265774639,-0.982805019768,
    -8.993132406661E-02));
#15039 = ORIENTED_EDGE('',*,*,#15040,.T.);
#15040 = EDGE_CURVE('',#15032,#15041,#15043,.T.);
#15041 = VERTEX_POINT('',#15042);
#15042 = CARTESIAN_POINT('',(143.82923875343,12.330598092561,1.75));
#15043 = CIRCLE('',#15044,1.75);
#15044 = AXIS2_PLACEMENT_3D('',#15045,#15046,#15047);
#15045 = CARTESIAN_POINT('',(142.10304938672,12.618296320345,1.75));
#15046 = DIRECTION('',(-0.164398987305,-0.986393923832,
    -8.673617379884E-17));
#15047 = DIRECTION('',(0.968658614993,-0.161443102499,0.188776619993));
#15048 = ORIENTED_EDGE('',*,*,#15049,.T.);
#15049 = EDGE_CURVE('',#15041,#15032,#15050,.T.);
#15050 = CIRCLE('',#15051,1.75);
#15051 = AXIS2_PLACEMENT_3D('',#15052,#15053,#15054);
#15052 = CARTESIAN_POINT('',(142.10304938672,12.618296320345,1.75));
#15053 = DIRECTION('',(-0.164398987305,-0.986393923832,
    -8.673617379884E-17));
#15054 = DIRECTION('',(0.968658614993,-0.161443102499,0.188776619993));
#15055 = ORIENTED_EDGE('',*,*,#15031,.F.);
#15056 = TOROIDAL_SURFACE('',#15057,14.,1.75);
#15057 = AXIS2_PLACEMENT_3D('',#15058,#15059,#15060);
#15058 = CARTESIAN_POINT('',(141.71921967596,12.682267938805,
    15.74459118321));
#15059 = DIRECTION('',(0.986012836402,-0.164335472734,2.779458312621E-02
    ));
#15060 = DIRECTION('',(-0.161265774639,-0.982805019768,
    -8.993132406661E-02));
#15061 = ADVANCED_FACE('',(#15062),#15082,.T.);
#15062 = FACE_BOUND('',#15063,.T.);
#15063 = EDGE_LOOP('',(#15064,#15065,#15073,#15080,#15081));
#15064 = ORIENTED_EDGE('',*,*,#15049,.F.);
#15065 = ORIENTED_EDGE('',*,*,#15066,.T.);
#15066 = EDGE_CURVE('',#15041,#15067,#15069,.T.);
#15067 = VERTEX_POINT('',#15068);
#15068 = CARTESIAN_POINT('',(151.63962605272,59.19292188832,1.75));
#15069 = LINE('',#15070,#15071);
#15070 = CARTESIAN_POINT('',(143.82923875343,12.330598092561,1.75));
#15071 = VECTOR('',#15072,1.);
#15072 = DIRECTION('',(0.164398987305,0.986393923832,0.));
#15073 = ORIENTED_EDGE('',*,*,#15074,.F.);
#15074 = EDGE_CURVE('',#15067,#15067,#15075,.T.);
#15075 = CIRCLE('',#15076,1.75);
#15076 = AXIS2_PLACEMENT_3D('',#15077,#15078,#15079);
#15077 = CARTESIAN_POINT('',(149.91343668601,59.480620116104,1.75));
#15078 = DIRECTION('',(0.164398987305,0.986393923832,0.));
#15079 = DIRECTION('',(0.986393923832,-0.164398987305,0.));
#15080 = ORIENTED_EDGE('',*,*,#15066,.F.);
#15081 = ORIENTED_EDGE('',*,*,#15040,.F.);
#15082 = CYLINDRICAL_SURFACE('',#15083,1.75);
#15083 = AXIS2_PLACEMENT_3D('',#15084,#15085,#15086);
#15084 = CARTESIAN_POINT('',(142.10304938672,12.618296320345,1.75));
#15085 = DIRECTION('',(0.164398987305,0.986393923832,0.));
#15086 = DIRECTION('',(0.986393923832,-0.164398987305,0.));
#15087 = ADVANCED_FACE('',(#15088),#15117,.T.);
#15088 = FACE_BOUND('',#15089,.T.);
#15089 = EDGE_LOOP('',(#15090,#15091,#15100,#15109,#15116));
#15090 = ORIENTED_EDGE('',*,*,#15074,.T.);
#15091 = ORIENTED_EDGE('',*,*,#15092,.T.);
#15092 = EDGE_CURVE('',#15067,#15093,#15095,.T.);
#15093 = VERTEX_POINT('',#15094);
#15094 = CARTESIAN_POINT('',(151.8016466523,60.304233882732,
    1.714506958778));
#15095 = CIRCLE('',#15096,14.94824488452);
#15096 = AXIS2_PLACEMENT_3D('',#15097,#15098,#15099);
#15097 = CARTESIAN_POINT('',(143.65006256624,60.524515802733,
    -10.81358858249));
#15098 = DIRECTION('',(-0.82903695618,0.13817282603,0.541854219726));
#15099 = DIRECTION('',(0.53448170994,-8.908028499002E-02,0.840472488881)
  );
#15100 = ORIENTED_EDGE('',*,*,#15101,.T.);
#15101 = EDGE_CURVE('',#15093,#15102,#15104,.T.);
#15102 = VERTEX_POINT('',#15103);
#15103 = CARTESIAN_POINT('',(151.80166576091,60.304375027798,
    1.7167584669));
#15104 = CIRCLE('',#15105,1.75);
#15105 = AXIS2_PLACEMENT_3D('',#15106,#15107,#15108);
#15106 = CARTESIAN_POINT('',(150.06517947666,60.521435813329,
    1.7167584669));
#15107 = DIRECTION('',(-0.123787312015,-0.990298496118,
    6.313152912754E-02));
#15108 = DIRECTION('',(0.992266957505,-0.124115388913,
    -1.286576070017E-03));
#15109 = ORIENTED_EDGE('',*,*,#15110,.T.);
#15110 = EDGE_CURVE('',#15102,#15093,#15111,.T.);
#15111 = CIRCLE('',#15112,1.75);
#15112 = AXIS2_PLACEMENT_3D('',#15113,#15114,#15115);
#15113 = CARTESIAN_POINT('',(150.06517947666,60.521435813329,
    1.7167584669));
#15114 = DIRECTION('',(-0.123787312015,-0.990298496118,
    6.313152912754E-02));
#15115 = DIRECTION('',(0.992266957505,-0.124115388913,
    -1.286576070017E-03));
#15116 = ORIENTED_EDGE('',*,*,#15092,.F.);
#15117 = TOROIDAL_SURFACE('',#15118,14.,1.75);
#15118 = AXIS2_PLACEMENT_3D('',#15119,#15120,#15121);
#15119 = CARTESIAN_POINT('',(142.43069274685,60.727744105964,
    -10.01661484433));
#15120 = DIRECTION('',(-0.82903695618,0.13817282603,0.541854219726));
#15121 = DIRECTION('',(0.53448170994,-8.908028499002E-02,0.840472488881)
  );
#15122 = ADVANCED_FACE('',(#15123),#15152,.T.);
#15123 = FACE_BOUND('',#15124,.T.);
#15124 = EDGE_LOOP('',(#15125,#15126,#15134,#15143,#15150,#15151));
#15125 = ORIENTED_EDGE('',*,*,#15110,.F.);
#15126 = ORIENTED_EDGE('',*,*,#15127,.T.);
#15127 = EDGE_CURVE('',#15102,#15128,#15130,.T.);
#15128 = VERTEX_POINT('',#15129);
#15129 = CARTESIAN_POINT('',(161.556359084,138.34192161255,
    -3.258135127878));
#15130 = LINE('',#15131,#15132);
#15131 = CARTESIAN_POINT('',(151.80166576091,60.304375027798,
    1.7167584669));
#15132 = VECTOR('',#15133,1.);
#15133 = DIRECTION('',(0.123787312015,0.990298496118,-6.313152912754E-02
    ));
#15134 = ORIENTED_EDGE('',*,*,#15135,.F.);
#15135 = EDGE_CURVE('',#15136,#15128,#15138,.T.);
#15136 = VERTEX_POINT('',#15137);
#15137 = CARTESIAN_POINT('',(161.55641315287,138.3427934593,
    -3.24435308303));
#15138 = CIRCLE('',#15139,1.75);
#15139 = AXIS2_PLACEMENT_3D('',#15140,#15141,#15142);
#15140 = CARTESIAN_POINT('',(159.81987279976,138.55898239808,
    -3.258135127878));
#15141 = DIRECTION('',(0.123787312015,0.990298496118,-6.313152912754E-02
    ));
#15142 = DIRECTION('',(0.992277876714,-0.124034734589,0.));
#15143 = ORIENTED_EDGE('',*,*,#15144,.F.);
#15144 = EDGE_CURVE('',#15128,#15136,#15145,.T.);
#15145 = CIRCLE('',#15146,1.75);
#15146 = AXIS2_PLACEMENT_3D('',#15147,#15148,#15149);
#15147 = CARTESIAN_POINT('',(159.81987279976,138.55898239808,
    -3.258135127878));
#15148 = DIRECTION('',(0.123787312015,0.990298496118,-6.313152912754E-02
    ));
#15149 = DIRECTION('',(0.992277876714,-0.124034734589,0.));
#15150 = ORIENTED_EDGE('',*,*,#15127,.F.);
#15151 = ORIENTED_EDGE('',*,*,#15101,.F.);
#15152 = CYLINDRICAL_SURFACE('',#15153,1.75);
#15153 = AXIS2_PLACEMENT_3D('',#15154,#15155,#15156);
#15154 = CARTESIAN_POINT('',(150.06517947666,60.521435813329,
    1.7167584669));
#15155 = DIRECTION('',(0.123787312015,0.990298496118,-6.313152912754E-02
    ));
#15156 = DIRECTION('',(0.992277876714,-0.124034734589,0.));
#15157 = ADVANCED_FACE('',(#15158),#15188,.T.);
#15158 = FACE_BOUND('',#15159,.T.);
#15159 = EDGE_LOOP('',(#15160,#15161,#15162,#15171,#15180,#15187));
#15160 = ORIENTED_EDGE('',*,*,#15135,.T.);
#15161 = ORIENTED_EDGE('',*,*,#15144,.T.);
#15162 = ORIENTED_EDGE('',*,*,#15163,.T.);
#15163 = EDGE_CURVE('',#15136,#15164,#15166,.T.);
#15164 = VERTEX_POINT('',#15165);
#15165 = CARTESIAN_POINT('',(162.12018356191,140.82711868769,
    -3.325240511159));
#15166 = CIRCLE('',#15167,12.327062212549);
#15167 = AXIS2_PLACEMENT_3D('',#15168,#15169,#15170);
#15168 = CARTESIAN_POINT('',(173.25001119017,137.11717614493,
    0.458900882449));
#15169 = DIRECTION('',(0.291225246995,-9.707508233179E-02,
    -0.951716493449));
#15170 = DIRECTION('',(-0.948611910581,9.942493136082E-02,
    -0.300416587637));
#15171 = ORIENTED_EDGE('',*,*,#15172,.T.);
#15172 = EDGE_CURVE('',#15164,#15173,#15175,.T.);
#15173 = VERTEX_POINT('',#15174);
#15174 = CARTESIAN_POINT('',(162.12034973408,140.82706329696,-3.35));
#15175 = CIRCLE('',#15176,1.75);
#15176 = AXIS2_PLACEMENT_3D('',#15177,#15178,#15179);
#15177 = CARTESIAN_POINT('',(160.46015396249,141.38046188749,-3.35));
#15178 = DIRECTION('',(-0.316227766017,-0.948683298051,
    2.949029909161E-17));
#15179 = DIRECTION('',(0.948588342524,-0.316196114175,1.414827933771E-02
    ));
#15180 = ORIENTED_EDGE('',*,*,#15181,.T.);
#15181 = EDGE_CURVE('',#15173,#15164,#15182,.T.);
#15182 = CIRCLE('',#15183,1.75);
#15183 = AXIS2_PLACEMENT_3D('',#15184,#15185,#15186);
#15184 = CARTESIAN_POINT('',(160.46015396249,141.38046188749,-3.35));
#15185 = DIRECTION('',(-0.316227766017,-0.948683298051,
    2.949029909161E-17));
#15186 = DIRECTION('',(0.948588342524,-0.316196114175,1.414827933771E-02
    ));
#15187 = ORIENTED_EDGE('',*,*,#15163,.F.);
#15188 = TOROIDAL_SURFACE('',#15189,14.,1.75);
#15189 = AXIS2_PLACEMENT_3D('',#15190,#15191,#15192);
#15190 = CARTESIAN_POINT('',(173.10043954789,137.16703335903,
    0.947697099036));
#15191 = DIRECTION('',(0.291225246995,-9.707508233179E-02,
    -0.951716493449));
#15192 = DIRECTION('',(-0.948611910581,9.942493136082E-02,
    -0.300416587637));
#15193 = ADVANCED_FACE('',(#15194),#15214,.T.);
#15194 = FACE_BOUND('',#15195,.T.);
#15195 = EDGE_LOOP('',(#15196,#15204,#15211,#15212,#15213));
#15196 = ORIENTED_EDGE('',*,*,#15197,.T.);
#15197 = EDGE_CURVE('',#15173,#15198,#15200,.T.);
#15198 = VERTEX_POINT('',#15199);
#15199 = CARTESIAN_POINT('',(201.66019577158,259.44660140947,-3.35));
#15200 = LINE('',#15201,#15202);
#15201 = CARTESIAN_POINT('',(162.12034973408,140.82706329696,-3.35));
#15202 = VECTOR('',#15203,1.);
#15203 = DIRECTION('',(0.316227766017,0.948683298051,0.));
#15204 = ORIENTED_EDGE('',*,*,#15205,.F.);
#15205 = EDGE_CURVE('',#15198,#15198,#15206,.T.);
#15206 = CIRCLE('',#15207,1.75);
#15207 = AXIS2_PLACEMENT_3D('',#15208,#15209,#15210);
#15208 = CARTESIAN_POINT('',(200.,260.,-3.35));
#15209 = DIRECTION('',(0.316227766017,0.948683298051,0.));
#15210 = DIRECTION('',(0.948683298051,-0.316227766017,0.));
#15211 = ORIENTED_EDGE('',*,*,#15197,.F.);
#15212 = ORIENTED_EDGE('',*,*,#15172,.F.);
#15213 = ORIENTED_EDGE('',*,*,#15181,.F.);
#15214 = CYLINDRICAL_SURFACE('',#15215,1.75);
#15215 = AXIS2_PLACEMENT_3D('',#15216,#15217,#15218);
#15216 = CARTESIAN_POINT('',(160.46015396249,141.38046188749,-3.35));
#15217 = DIRECTION('',(0.316227766017,0.948683298051,0.));
#15218 = DIRECTION('',(0.948683298051,-0.316227766017,0.));
#15219 = ADVANCED_FACE('',(#15220),#15223,.T.);
#15220 = FACE_BOUND('',#15221,.T.);
#15221 = EDGE_LOOP('',(#15222));
#15222 = ORIENTED_EDGE('',*,*,#15205,.T.);
#15223 = PLANE('',#15224);
#15224 = AXIS2_PLACEMENT_3D('',#15225,#15226,#15227);
#15225 = CARTESIAN_POINT('',(200.,260.,-3.35));
#15226 = DIRECTION('',(0.316227766017,0.948683298051,0.));
#15227 = DIRECTION('',(0.948683298051,-0.316227766017,0.));
#15228 = MANIFOLD_SOLID_BREP('',#15229);
#15229 = CLOSED_SHELL('',(#15230,#15272,#15281,#15317,#15352,#15388,
    #15423,#15459,#15494,#15530,#15556));
#15230 = ADVANCED_FACE('',(#15231),#15267,.T.);
#15231 = FACE_BOUND('',#15232,.T.);
#15232 = EDGE_LOOP('',(#15233,#15243,#15252,#15259,#15260));
#15233 = ORIENTED_EDGE('',*,*,#15234,.T.);
#15234 = EDGE_CURVE('',#15235,#15237,#15239,.T.);
#15235 = VERTEX_POINT('',#15236);
#15236 = CARTESIAN_POINT('',(65.75,90.021324359974,214.20331089993));
#15237 = VERTEX_POINT('',#15238);
#15238 = CARTESIAN_POINT('',(65.75,108.35319401288,206.87056303876));
#15239 = LINE('',#15240,#15241);
#15240 = CARTESIAN_POINT('',(65.75,90.021324359974,214.20331089993));
#15241 = VECTOR('',#15242,1.);
#15242 = DIRECTION('',(0.,0.928476690885,-0.371390676354));
#15243 = ORIENTED_EDGE('',*,*,#15244,.F.);
#15244 = EDGE_CURVE('',#15245,#15237,#15247,.T.);
#15245 = VERTEX_POINT('',#15246);
#15246 = CARTESIAN_POINT('',(68.5,107.33186965291,204.31725213883));
#15247 = CIRCLE('',#15248,2.75);
#15248 = AXIS2_PLACEMENT_3D('',#15249,#15250,#15251);
#15249 = CARTESIAN_POINT('',(65.75,107.33186965291,204.31725213883));
#15250 = DIRECTION('',(0.,0.928476690885,-0.371390676354));
#15251 = DIRECTION('',(0.,0.371390676354,0.928476690885));
#15252 = ORIENTED_EDGE('',*,*,#15253,.F.);
#15253 = EDGE_CURVE('',#15237,#15245,#15254,.T.);
#15254 = CIRCLE('',#15255,2.75);
#15255 = AXIS2_PLACEMENT_3D('',#15256,#15257,#15258);
#15256 = CARTESIAN_POINT('',(65.75,107.33186965291,204.31725213883));
#15257 = DIRECTION('',(0.,0.928476690885,-0.371390676354));
#15258 = DIRECTION('',(0.,0.371390676354,0.928476690885));
#15259 = ORIENTED_EDGE('',*,*,#15234,.F.);
#15260 = ORIENTED_EDGE('',*,*,#15261,.T.);
#15261 = EDGE_CURVE('',#15235,#15235,#15262,.T.);
#15262 = CIRCLE('',#15263,2.75);
#15263 = AXIS2_PLACEMENT_3D('',#15264,#15265,#15266);
#15264 = CARTESIAN_POINT('',(65.75,89.,211.65));
#15265 = DIRECTION('',(0.,0.928476690885,-0.371390676354));
#15266 = DIRECTION('',(0.,0.371390676354,0.928476690885));
#15267 = CYLINDRICAL_SURFACE('',#15268,2.75);
#15268 = AXIS2_PLACEMENT_3D('',#15269,#15270,#15271);
#15269 = CARTESIAN_POINT('',(65.75,89.,211.65));
#15270 = DIRECTION('',(0.,0.928476690885,-0.371390676354));
#15271 = DIRECTION('',(0.,0.371390676354,0.928476690885));
#15272 = ADVANCED_FACE('',(#15273),#15276,.F.);
#15273 = FACE_BOUND('',#15274,.T.);
#15274 = EDGE_LOOP('',(#15275));
#15275 = ORIENTED_EDGE('',*,*,#15261,.F.);
#15276 = PLANE('',#15277);
#15277 = AXIS2_PLACEMENT_3D('',#15278,#15279,#15280);
#15278 = CARTESIAN_POINT('',(65.75,89.,211.65));
#15279 = DIRECTION('',(0.,0.928476690885,-0.371390676354));
#15280 = DIRECTION('',(0.,0.371390676354,0.928476690885));
#15281 = ADVANCED_FACE('',(#15282),#15312,.T.);
#15282 = FACE_BOUND('',#15283,.T.);
#15283 = EDGE_LOOP('',(#15284,#15285,#15286,#15295,#15304,#15311));
#15284 = ORIENTED_EDGE('',*,*,#15244,.T.);
#15285 = ORIENTED_EDGE('',*,*,#15253,.T.);
#15286 = ORIENTED_EDGE('',*,*,#15287,.T.);
#15287 = EDGE_CURVE('',#15245,#15288,#15290,.T.);
#15288 = VERTEX_POINT('',#15289);
#15289 = CARTESIAN_POINT('',(68.326387239413,115.42867123535,
    194.54635138878));
#15290 = CIRCLE('',#15291,13.272341562141);
#15291 = AXIS2_PLACEMENT_3D('',#15292,#15293,#15294);
#15292 = CARTESIAN_POINT('',(68.120228670984,102.404664048,
    191.99923812655));
#15293 = DIRECTION('',(-0.999590543118,1.06268762059E-02,
    2.656719051476E-02));
#15294 = DIRECTION('',(2.86137398769E-02,0.371238607886,0.928096519714)
  );
#15295 = ORIENTED_EDGE('',*,*,#15296,.T.);
#15296 = EDGE_CURVE('',#15288,#15297,#15299,.T.);
#15297 = VERTEX_POINT('',#15298);
#15298 = CARTESIAN_POINT('',(65.577416538083,112.68199371751,
    194.07545244349));
#15299 = CIRCLE('',#15300,2.75);
#15300 = AXIS2_PLACEMENT_3D('',#15301,#15302,#15303);
#15301 = CARTESIAN_POINT('',(65.577416538083,115.38066769533,
    194.60428016725));
#15302 = DIRECTION('',(2.403068225742E-02,-0.192245458059,0.981052603159
    ));
#15303 = DIRECTION('',(0.999625709574,1.745583273532E-02,
    -2.106501035375E-02));
#15304 = ORIENTED_EDGE('',*,*,#15305,.T.);
#15305 = EDGE_CURVE('',#15297,#15288,#15306,.T.);
#15306 = CIRCLE('',#15307,2.75);
#15307 = AXIS2_PLACEMENT_3D('',#15308,#15309,#15310);
#15308 = CARTESIAN_POINT('',(65.577416538083,115.38066769533,
    194.60428016725));
#15309 = DIRECTION('',(2.403068225742E-02,-0.192245458059,0.981052603159
    ));
#15310 = DIRECTION('',(0.999625709574,1.745583273532E-02,
    -2.106501035375E-02));
#15311 = ORIENTED_EDGE('',*,*,#15287,.F.);
#15312 = TOROIDAL_SURFACE('',#15313,13.19365377748,2.75);
#15313 = AXIS2_PLACEMENT_3D('',#15314,#15315,#15316);
#15314 = CARTESIAN_POINT('',(65.372480222785,102.43387599163,
    192.07226798564));
#15315 = DIRECTION('',(-0.999590543118,1.06268762059E-02,
    2.656719051476E-02));
#15316 = DIRECTION('',(2.86137398769E-02,0.371238607886,0.928096519714)
  );
#15317 = ADVANCED_FACE('',(#15318),#15347,.T.);
#15318 = FACE_BOUND('',#15319,.T.);
#15319 = EDGE_LOOP('',(#15320,#15321,#15329,#15338,#15345,#15346));
#15320 = ORIENTED_EDGE('',*,*,#15305,.F.);
#15321 = ORIENTED_EDGE('',*,*,#15322,.T.);
#15322 = EDGE_CURVE('',#15297,#15323,#15325,.T.);
#15323 = VERTEX_POINT('',#15324);
#15324 = CARTESIAN_POINT('',(63.757849036519,127.23853373002,
    119.7916091921));
#15325 = LINE('',#15326,#15327);
#15326 = CARTESIAN_POINT('',(65.577416538083,112.68199371751,
    194.07545244349));
#15327 = VECTOR('',#15328,1.);
#15328 = DIRECTION('',(-2.403068225742E-02,0.192245458059,
    -0.981052603159));
#15329 = ORIENTED_EDGE('',*,*,#15330,.F.);
#15330 = EDGE_CURVE('',#15331,#15323,#15333,.T.);
#15331 = VERTEX_POINT('',#15332);
#15332 = CARTESIAN_POINT('',(66.50705489553,129.94991579885,
    120.25558593899));
#15333 = CIRCLE('',#15334,2.75);
#15334 = AXIS2_PLACEMENT_3D('',#15335,#15336,#15337);
#15335 = CARTESIAN_POINT('',(63.757849036519,129.93720770785,
    120.32043691586));
#15336 = DIRECTION('',(-2.403068225742E-02,0.192245458059,
    -0.981052603159));
#15337 = DIRECTION('',(0.,-0.981335991936,-0.192300990459));
#15338 = ORIENTED_EDGE('',*,*,#15339,.F.);
#15339 = EDGE_CURVE('',#15323,#15331,#15340,.T.);
#15340 = CIRCLE('',#15341,2.75);
#15341 = AXIS2_PLACEMENT_3D('',#15342,#15343,#15344);
#15342 = CARTESIAN_POINT('',(63.757849036519,129.93720770785,
    120.32043691586));
#15343 = DIRECTION('',(-2.403068225742E-02,0.192245458059,
    -0.981052603159));
#15344 = DIRECTION('',(0.,-0.981335991936,-0.192300990459));
#15345 = ORIENTED_EDGE('',*,*,#15322,.F.);
#15346 = ORIENTED_EDGE('',*,*,#15296,.F.);
#15347 = CYLINDRICAL_SURFACE('',#15348,2.75);
#15348 = AXIS2_PLACEMENT_3D('',#15349,#15350,#15351);
#15349 = CARTESIAN_POINT('',(65.577416538083,115.38066769533,
    194.60428016725));
#15350 = DIRECTION('',(-2.403068225742E-02,0.192245458059,
    -0.981052603159));
#15351 = DIRECTION('',(0.,-0.981335991936,-0.192300990459));
#15352 = ADVANCED_FACE('',(#15353),#15383,.T.);
#15353 = FACE_BOUND('',#15354,.T.);
#15354 = EDGE_LOOP('',(#15355,#15356,#15357,#15366,#15375,#15382));
#15355 = ORIENTED_EDGE('',*,*,#15330,.T.);
#15356 = ORIENTED_EDGE('',*,*,#15339,.T.);
#15357 = ORIENTED_EDGE('',*,*,#15358,.T.);
#15358 = EDGE_CURVE('',#15331,#15359,#15361,.T.);
#15359 = VERTEX_POINT('',#15360);
#15360 = CARTESIAN_POINT('',(66.487780239377,130.07071310754,
    119.58921622028));
#15361 = CIRCLE('',#15362,22.819302437186);
#15362 = AXIS2_PLACEMENT_3D('',#15363,#15364,#15365);
#15363 = CARTESIAN_POINT('',(59.710505395889,108.54201884754,
    116.22700967173));
#15364 = DIRECTION('',(-0.954312629933,0.287956354537,7.980314675398E-02
    ));
#15365 = DIRECTION('',(0.297842123717,0.938148613886,0.176542481013));
#15366 = ORIENTED_EDGE('',*,*,#15367,.T.);
#15367 = EDGE_CURVE('',#15359,#15368,#15370,.T.);
#15368 = VERTEX_POINT('',#15369);
#15369 = CARTESIAN_POINT('',(63.739266416102,127.34108462895,
    119.22589526796));
#15370 = CIRCLE('',#15371,2.75);
#15371 = AXIS2_PLACEMENT_3D('',#15372,#15373,#15374);
#15372 = CARTESIAN_POINT('',(63.739266416102,130.05366791949,
    119.67799248305));
#15373 = DIRECTION('',(3.286203899504E-02,-0.164310194975,0.985861169851
    ));
#15374 = DIRECTION('',(0.9994595721,6.198250201681E-03,
    -3.228227736972E-02));
#15375 = ORIENTED_EDGE('',*,*,#15376,.T.);
#15376 = EDGE_CURVE('',#15368,#15359,#15377,.T.);
#15377 = CIRCLE('',#15378,2.75);
#15378 = AXIS2_PLACEMENT_3D('',#15379,#15380,#15381);
#15379 = CARTESIAN_POINT('',(63.739266416102,130.05366791949,
    119.67799248305));
#15380 = DIRECTION('',(3.286203899504E-02,-0.164310194975,0.985861169851
    ));
#15381 = DIRECTION('',(0.9994595721,6.198250201681E-03,
    -3.228227736972E-02));
#15382 = ORIENTED_EDGE('',*,*,#15358,.F.);
#15383 = TOROIDAL_SURFACE('',#15384,22.,2.75);
#15384 = AXIS2_PLACEMENT_3D('',#15385,#15386,#15387);
#15385 = CARTESIAN_POINT('',(57.205322314736,109.29793820234,
    116.43650233357));
#15386 = DIRECTION('',(-0.954312629933,0.287956354537,7.980314675398E-02
    ));
#15387 = DIRECTION('',(0.297842123717,0.938148613886,0.176542481013));
#15388 = ADVANCED_FACE('',(#15389),#15418,.T.);
#15389 = FACE_BOUND('',#15390,.T.);
#15390 = EDGE_LOOP('',(#15391,#15392,#15400,#15409,#15416,#15417));
#15391 = ORIENTED_EDGE('',*,*,#15376,.F.);
#15392 = ORIENTED_EDGE('',*,*,#15393,.T.);
#15393 = EDGE_CURVE('',#15368,#15394,#15396,.T.);
#15394 = VERTEX_POINT('',#15395);
#15395 = CARTESIAN_POINT('',(60.76279938125,142.2234198032,
    29.931884222425));
#15396 = LINE('',#15397,#15398);
#15397 = CARTESIAN_POINT('',(63.739266416102,127.34108462895,
    119.22589526796));
#15398 = VECTOR('',#15399,1.);
#15399 = DIRECTION('',(-3.286203899504E-02,0.164310194975,
    -0.985861169851));
#15400 = ORIENTED_EDGE('',*,*,#15401,.F.);
#15401 = EDGE_CURVE('',#15402,#15394,#15404,.T.);
#15402 = VERTEX_POINT('',#15403);
#15403 = CARTESIAN_POINT('',(63.511314098939,144.95085993005,
    30.294840419644));
#15404 = CIRCLE('',#15405,2.75);
#15405 = AXIS2_PLACEMENT_3D('',#15406,#15407,#15408);
#15406 = CARTESIAN_POINT('',(60.76279938125,144.93600309374,
    30.383981437515));
#15407 = DIRECTION('',(-3.286203899504E-02,0.164310194975,
    -0.985861169851));
#15408 = DIRECTION('',(-1.734723475977E-18,-0.986393923832,
    -0.164398987305));
#15409 = ORIENTED_EDGE('',*,*,#15410,.F.);
#15410 = EDGE_CURVE('',#15394,#15402,#15411,.T.);
#15411 = CIRCLE('',#15412,2.75);
#15412 = AXIS2_PLACEMENT_3D('',#15413,#15414,#15415);
#15413 = CARTESIAN_POINT('',(60.76279938125,144.93600309374,
    30.383981437515));
#15414 = DIRECTION('',(-3.286203899504E-02,0.164310194975,
    -0.985861169851));
#15415 = DIRECTION('',(-1.734723475977E-18,-0.986393923832,
    -0.164398987305));
#15416 = ORIENTED_EDGE('',*,*,#15393,.F.);
#15417 = ORIENTED_EDGE('',*,*,#15367,.F.);
#15418 = CYLINDRICAL_SURFACE('',#15419,2.75);
#15419 = AXIS2_PLACEMENT_3D('',#15420,#15421,#15422);
#15420 = CARTESIAN_POINT('',(63.739266416102,130.05366791949,
    119.67799248305));
#15421 = DIRECTION('',(-3.286203899504E-02,0.164310194975,
    -0.985861169851));
#15422 = DIRECTION('',(-8.673617379884E-19,-0.986393923832,
    -0.164398987305));
#15423 = ADVANCED_FACE('',(#15424),#15454,.T.);
#15424 = FACE_BOUND('',#15425,.T.);
#15425 = EDGE_LOOP('',(#15426,#15427,#15428,#15437,#15446,#15453));
#15426 = ORIENTED_EDGE('',*,*,#15401,.T.);
#15427 = ORIENTED_EDGE('',*,*,#15410,.T.);
#15428 = ORIENTED_EDGE('',*,*,#15429,.T.);
#15429 = EDGE_CURVE('',#15402,#15430,#15432,.T.);
#15430 = VERTEX_POINT('',#15431);
#15431 = CARTESIAN_POINT('',(63.486980484661,145.0958339809,
    29.537447465453));
#15432 = CIRCLE('',#15433,16.075205090972);
#15433 = AXIS2_PLACEMENT_3D('',#15434,#15435,#15436);
#15434 = CARTESIAN_POINT('',(64.390869507654,160.788320364,
    32.905098645011));
#15435 = DIRECTION('',(0.997961097108,-4.860535913376E-02,
    -4.136626309256E-02));
#15436 = DIRECTION('',(-5.471503497078E-02,-0.985210474412,
    -0.162377911236));
#15437 = ORIENTED_EDGE('',*,*,#15438,.T.);
#15438 = EDGE_CURVE('',#15430,#15439,#15441,.T.);
#15439 = VERTEX_POINT('',#15440);
#15440 = CARTESIAN_POINT('',(60.738237877586,142.39453870367,
    29.037901118203));
#15441 = CIRCLE('',#15442,2.75);
#15442 = AXIS2_PLACEMENT_3D('',#15443,#15444,#15445);
#15443 = CARTESIAN_POINT('',(60.738237877586,145.08233485689,
    29.61949533992));
#15444 = DIRECTION('',(3.019890710774E-02,-0.211392349754,0.976934644935
    ));
#15445 = DIRECTION('',(0.999542766209,4.908772366681E-03,
    -2.983559071537E-02));
#15446 = ORIENTED_EDGE('',*,*,#15447,.T.);
#15447 = EDGE_CURVE('',#15439,#15430,#15448,.T.);
#15448 = CIRCLE('',#15449,2.75);
#15449 = AXIS2_PLACEMENT_3D('',#15450,#15451,#15452);
#15450 = CARTESIAN_POINT('',(60.738237877586,145.08233485689,
    29.61949533992));
#15451 = DIRECTION('',(3.019890710774E-02,-0.211392349754,0.976934644935
    ));
#15452 = DIRECTION('',(0.999542766209,4.908772366681E-03,
    -2.983559071537E-02));
#15453 = ORIENTED_EDGE('',*,*,#15429,.F.);
#15454 = TOROIDAL_SURFACE('',#15455,16.225752748332,2.75);
#15455 = AXIS2_PLACEMENT_3D('',#15456,#15457,#15458);
#15456 = CARTESIAN_POINT('',(61.650592010303,160.92178465662,
    33.018685277025));
#15457 = DIRECTION('',(0.997961097108,-4.860535913376E-02,
    -4.136626309256E-02));
#15458 = DIRECTION('',(-5.471503497078E-02,-0.985210474412,
    -0.162377911236));
#15459 = ADVANCED_FACE('',(#15460),#15489,.T.);
#15460 = FACE_BOUND('',#15461,.T.);
#15461 = EDGE_LOOP('',(#15462,#15463,#15471,#15480,#15487,#15488));
#15462 = ORIENTED_EDGE('',*,*,#15447,.F.);
#15463 = ORIENTED_EDGE('',*,*,#15464,.T.);
#15464 = EDGE_CURVE('',#15439,#15465,#15467,.T.);
#15465 = VERTEX_POINT('',#15466);
#15466 = CARTESIAN_POINT('',(60.144949698858,146.54755595477,
    9.845028536331));
#15467 = LINE('',#15468,#15469);
#15468 = CARTESIAN_POINT('',(60.738237877586,142.39453870367,
    29.037901118203));
#15469 = VECTOR('',#15470,1.);
#15470 = DIRECTION('',(-3.019890710774E-02,0.211392349754,
    -0.976934644935));
#15471 = ORIENTED_EDGE('',*,*,#15472,.F.);
#15472 = EDGE_CURVE('',#15473,#15465,#15475,.T.);
#15473 = VERTEX_POINT('',#15474);
#15474 = CARTESIAN_POINT('',(62.893695448595,149.25291561787,
    10.345454251693));
#15475 = CIRCLE('',#15476,2.75);
#15476 = AXIS2_PLACEMENT_3D('',#15477,#15478,#15479);
#15477 = CARTESIAN_POINT('',(60.144949698858,149.23535210799,
    10.426622758048));
#15478 = DIRECTION('',(-3.019890710774E-02,0.211392349754,
    -0.976934644935));
#15479 = DIRECTION('',(8.673617379884E-19,-0.977380419353,
    -0.211488807897));
#15480 = ORIENTED_EDGE('',*,*,#15481,.F.);
#15481 = EDGE_CURVE('',#15465,#15473,#15482,.T.);
#15482 = CIRCLE('',#15483,2.75);
#15483 = AXIS2_PLACEMENT_3D('',#15484,#15485,#15486);
#15484 = CARTESIAN_POINT('',(60.144949698858,149.23535210799,
    10.426622758048));
#15485 = DIRECTION('',(-3.019890710774E-02,0.211392349754,
    -0.976934644935));
#15486 = DIRECTION('',(8.673617379884E-19,-0.977380419353,
    -0.211488807897));
#15487 = ORIENTED_EDGE('',*,*,#15464,.F.);
#15488 = ORIENTED_EDGE('',*,*,#15438,.F.);
#15489 = CYLINDRICAL_SURFACE('',#15490,2.75);
#15490 = AXIS2_PLACEMENT_3D('',#15491,#15492,#15493);
#15491 = CARTESIAN_POINT('',(60.738237877586,145.08233485689,
    29.61949533992));
#15492 = DIRECTION('',(-3.019890710774E-02,0.211392349754,
    -0.976934644935));
#15493 = DIRECTION('',(0.,-0.977380419353,-0.211488807897));
#15494 = ADVANCED_FACE('',(#15495),#15525,.T.);
#15495 = FACE_BOUND('',#15496,.T.);
#15496 = EDGE_LOOP('',(#15497,#15498,#15499,#15508,#15517,#15524));
#15497 = ORIENTED_EDGE('',*,*,#15472,.T.);
#15498 = ORIENTED_EDGE('',*,*,#15481,.T.);
#15499 = ORIENTED_EDGE('',*,*,#15500,.T.);
#15500 = EDGE_CURVE('',#15473,#15501,#15503,.T.);
#15501 = VERTEX_POINT('',#15502);
#15502 = CARTESIAN_POINT('',(62.010030004005,165.1709496342,
    -2.499004855747));
#15503 = CIRCLE('',#15504,16.311901948587);
#15504 = AXIS2_PLACEMENT_3D('',#15505,#15506,#15507);
#15505 = CARTESIAN_POINT('',(62.382925855034,165.18476059165,
    13.808628422018));
#15506 = DIRECTION('',(0.999053322504,3.700197490756E-02,
    -2.287602776356E-02));
#15507 = DIRECTION('',(3.131269395625E-02,-0.97670063393,-0.212309648577
    ));
#15508 = ORIENTED_EDGE('',*,*,#15509,.T.);
#15509 = EDGE_CURVE('',#15501,#15510,#15512,.T.);
#15510 = VERTEX_POINT('',#15511);
#15511 = CARTESIAN_POINT('',(62.014067011873,165.17109915301,-2.35));
#15512 = CIRCLE('',#15513,2.75);
#15513 = AXIS2_PLACEMENT_3D('',#15514,#15515,#15516);
#15514 = CARTESIAN_POINT('',(59.265951219014,165.06931708661,-2.35));
#15515 = DIRECTION('',(3.701166050988E-02,-0.999314833767,
    1.834470075845E-16));
#15516 = DIRECTION('',(0.997846830906,3.695729003354E-02,
    -5.418358390781E-02));
#15517 = ORIENTED_EDGE('',*,*,#15518,.T.);
#15518 = EDGE_CURVE('',#15510,#15501,#15519,.T.);
#15519 = CIRCLE('',#15520,2.75);
#15520 = AXIS2_PLACEMENT_3D('',#15521,#15522,#15523);
#15521 = CARTESIAN_POINT('',(59.265951219014,165.06931708661,-2.35));
#15522 = DIRECTION('',(3.701166050988E-02,-0.999314833767,
    1.834470075845E-16));
#15523 = DIRECTION('',(0.997846830906,3.695729003354E-02,
    -5.418358390781E-02));
#15524 = ORIENTED_EDGE('',*,*,#15500,.F.);
#15525 = TOROIDAL_SURFACE('',#15526,16.225752748332,2.75);
#15526 = AXIS2_PLACEMENT_3D('',#15527,#15528,#15529);
#15527 = CARTESIAN_POINT('',(59.63687766884,165.08305510327,
    13.871506621942));
#15528 = DIRECTION('',(0.999053322504,3.700197490756E-02,
    -2.287602776356E-02));
#15529 = DIRECTION('',(3.131269395625E-02,-0.97670063393,-0.212309648577
    ));
#15530 = ADVANCED_FACE('',(#15531),#15551,.T.);
#15531 = FACE_BOUND('',#15532,.T.);
#15532 = EDGE_LOOP('',(#15533,#15541,#15548,#15549,#15550));
#15533 = ORIENTED_EDGE('',*,*,#15534,.T.);
#15534 = EDGE_CURVE('',#15510,#15535,#15537,.T.);
#15535 = VERTEX_POINT('',#15536);
#15536 = CARTESIAN_POINT('',(58.498115792859,260.1017820664,-2.35));
#15537 = LINE('',#15538,#15539);
#15538 = CARTESIAN_POINT('',(62.014067011873,165.17109915301,-2.35));
#15539 = VECTOR('',#15540,1.);
#15540 = DIRECTION('',(-3.701166050988E-02,0.999314833767,
    1.54074395551E-33));
#15541 = ORIENTED_EDGE('',*,*,#15542,.F.);
#15542 = EDGE_CURVE('',#15535,#15535,#15543,.T.);
#15543 = CIRCLE('',#15544,2.75);
#15544 = AXIS2_PLACEMENT_3D('',#15545,#15546,#15547);
#15545 = CARTESIAN_POINT('',(55.75,260.,-2.35));
#15546 = DIRECTION('',(-3.701166050988E-02,0.999314833767,0.));
#15547 = DIRECTION('',(0.999314833767,3.701166050988E-02,0.));
#15548 = ORIENTED_EDGE('',*,*,#15534,.F.);
#15549 = ORIENTED_EDGE('',*,*,#15509,.F.);
#15550 = ORIENTED_EDGE('',*,*,#15518,.F.);
#15551 = CYLINDRICAL_SURFACE('',#15552,2.75);
#15552 = AXIS2_PLACEMENT_3D('',#15553,#15554,#15555);
#15553 = CARTESIAN_POINT('',(59.265951219014,165.06931708661,-2.35));
#15554 = DIRECTION('',(-3.701166050988E-02,0.999314833767,0.));
#15555 = DIRECTION('',(0.999314833767,3.701166050988E-02,0.));
#15556 = ADVANCED_FACE('',(#15557),#15560,.T.);
#15557 = FACE_BOUND('',#15558,.T.);
#15558 = EDGE_LOOP('',(#15559));
#15559 = ORIENTED_EDGE('',*,*,#15542,.T.);
#15560 = PLANE('',#15561);
#15561 = AXIS2_PLACEMENT_3D('',#15562,#15563,#15564);
#15562 = CARTESIAN_POINT('',(55.75,260.,-2.35));
#15563 = DIRECTION('',(-3.701166050988E-02,0.999314833767,0.));
#15564 = DIRECTION('',(0.999314833767,3.701166050988E-02,0.));
#15565 = MANIFOLD_SOLID_BREP('',#15566);
#15566 = CLOSED_SHELL('',(#15567,#15609,#15618,#15654,#15689,#15725,
    #15760,#15796,#15822));
#15567 = ADVANCED_FACE('',(#15568),#15604,.T.);
#15568 = FACE_BOUND('',#15569,.T.);
#15569 = EDGE_LOOP('',(#15570,#15580,#15589,#15596,#15597));
#15570 = ORIENTED_EDGE('',*,*,#15571,.T.);
#15571 = EDGE_CURVE('',#15572,#15574,#15576,.T.);
#15572 = VERTEX_POINT('',#15573);
#15573 = CARTESIAN_POINT('',(-19.,-18.9837453227,177.7536155152));
#15574 = VERTEX_POINT('',#15575);
#15575 = CARTESIAN_POINT('',(-19.,-14.72675858833,180.75053417619));
#15576 = LINE('',#15577,#15578);
#15577 = CARTESIAN_POINT('',(-19.,-18.9837453227,177.7536155152));
#15578 = VECTOR('',#15579,1.);
#15579 = DIRECTION('',(0.,0.817692376421,0.575655433));
#15580 = ORIENTED_EDGE('',*,*,#15581,.F.);
#15581 = EDGE_CURVE('',#15582,#15574,#15584,.T.);
#15582 = VERTEX_POINT('',#15583);
#15583 = CARTESIAN_POINT('',(-17.1,-13.63301326563,179.19691866099));
#15584 = CIRCLE('',#15585,1.9);
#15585 = AXIS2_PLACEMENT_3D('',#15586,#15587,#15588);
#15586 = CARTESIAN_POINT('',(-19.,-13.63301326563,179.19691866099));
#15587 = DIRECTION('',(-0.,0.817692376421,0.575655433));
#15588 = DIRECTION('',(0.,-0.575655433,0.817692376421));
#15589 = ORIENTED_EDGE('',*,*,#15590,.F.);
#15590 = EDGE_CURVE('',#15574,#15582,#15591,.T.);
#15591 = CIRCLE('',#15592,1.9);
#15592 = AXIS2_PLACEMENT_3D('',#15593,#15594,#15595);
#15593 = CARTESIAN_POINT('',(-19.,-13.63301326563,179.19691866099));
#15594 = DIRECTION('',(-0.,0.817692376421,0.575655433));
#15595 = DIRECTION('',(0.,-0.575655433,0.817692376421));
#15596 = ORIENTED_EDGE('',*,*,#15571,.F.);
#15597 = ORIENTED_EDGE('',*,*,#15598,.T.);
#15598 = EDGE_CURVE('',#15572,#15572,#15599,.T.);
#15599 = CIRCLE('',#15600,1.9);
#15600 = AXIS2_PLACEMENT_3D('',#15601,#15602,#15603);
#15601 = CARTESIAN_POINT('',(-19.,-17.89,176.2));
#15602 = DIRECTION('',(-0.,0.817692376421,0.575655433));
#15603 = DIRECTION('',(0.,-0.575655433,0.817692376421));
#15604 = CYLINDRICAL_SURFACE('',#15605,1.9);
#15605 = AXIS2_PLACEMENT_3D('',#15606,#15607,#15608);
#15606 = CARTESIAN_POINT('',(-19.,-17.89,176.2));
#15607 = DIRECTION('',(0.,0.817692376421,0.575655433));
#15608 = DIRECTION('',(0.,-0.575655433,0.817692376421));
#15609 = ADVANCED_FACE('',(#15610),#15613,.F.);
#15610 = FACE_BOUND('',#15611,.T.);
#15611 = EDGE_LOOP('',(#15612));
#15612 = ORIENTED_EDGE('',*,*,#15598,.F.);
#15613 = PLANE('',#15614);
#15614 = AXIS2_PLACEMENT_3D('',#15615,#15616,#15617);
#15615 = CARTESIAN_POINT('',(-19.,-17.89,176.2));
#15616 = DIRECTION('',(0.,0.817692376421,0.575655433));
#15617 = DIRECTION('',(0.,-0.575655433,0.817692376421));
#15618 = ADVANCED_FACE('',(#15619),#15649,.T.);
#15619 = FACE_BOUND('',#15620,.T.);
#15620 = EDGE_LOOP('',(#15621,#15622,#15623,#15632,#15641,#15648));
#15621 = ORIENTED_EDGE('',*,*,#15581,.T.);
#15622 = ORIENTED_EDGE('',*,*,#15590,.T.);
#15623 = ORIENTED_EDGE('',*,*,#15624,.T.);
#15624 = EDGE_CURVE('',#15582,#15625,#15627,.T.);
#15625 = VERTEX_POINT('',#15626);
#15626 = CARTESIAN_POINT('',(-11.90195711772,-12.53516201252,
    186.94870926017));
#15627 = CIRCLE('',#15628,5.72054388376);
#15628 = AXIS2_PLACEMENT_3D('',#15629,#15630,#15631);
#15629 = CARTESIAN_POINT('',(-13.24779744194,-16.06750887553,
    182.65500901596));
#15630 = DIRECTION('',(0.7392801857,0.387645191894,-0.55063237485));
#15631 = DIRECTION('',(-0.673397955916,0.425570655408,-0.604503771886));
#15632 = ORIENTED_EDGE('',*,*,#15633,.T.);
#15633 = EDGE_CURVE('',#15625,#15634,#15636,.T.);
#15634 = VERTEX_POINT('',#15635);
#15635 = CARTESIAN_POINT('',(-14.03632132037,-13.57744781428,
    188.682473758));
#15636 = CIRCLE('',#15637,1.9);
#15637 = AXIS2_PLACEMENT_3D('',#15638,#15639,#15640);
#15638 = CARTESIAN_POINT('',(-12.6393635089,-12.28961674112,
    188.682473758));
#15639 = DIRECTION('',(-0.630963920637,0.684429810754,-0.365294901422));
#15640 = DIRECTION('',(0.388108626939,-0.12923435337,-0.912507630436));
#15641 = ORIENTED_EDGE('',*,*,#15642,.T.);
#15642 = EDGE_CURVE('',#15634,#15625,#15643,.T.);
#15643 = CIRCLE('',#15644,1.9);
#15644 = AXIS2_PLACEMENT_3D('',#15645,#15646,#15647);
#15645 = CARTESIAN_POINT('',(-12.6393635089,-12.28961674112,
    188.682473758));
#15646 = DIRECTION('',(-0.630963920637,0.684429810754,-0.365294901422));
#15647 = DIRECTION('',(0.388108626939,-0.12923435337,-0.912507630436));
#15648 = ORIENTED_EDGE('',*,*,#15624,.F.);
#15649 = TOROIDAL_SURFACE('',#15650,7.,1.9);
#15650 = AXIS2_PLACEMENT_3D('',#15651,#15652,#15653);
#15651 = CARTESIAN_POINT('',(-14.28621430858,-16.61200785348,
    183.42844506419));
#15652 = DIRECTION('',(0.7392801857,0.387645191894,-0.55063237485));
#15653 = DIRECTION('',(-0.673397955916,0.425570655408,-0.604503771886));
#15654 = ADVANCED_FACE('',(#15655),#15684,.T.);
#15655 = FACE_BOUND('',#15656,.T.);
#15656 = EDGE_LOOP('',(#15657,#15658,#15666,#15675,#15682,#15683));
#15657 = ORIENTED_EDGE('',*,*,#15642,.F.);
#15658 = ORIENTED_EDGE('',*,*,#15659,.T.);
#15659 = EDGE_CURVE('',#15634,#15660,#15662,.T.);
#15660 = VERTEX_POINT('',#15661);
#15661 = CARTESIAN_POINT('',(-4.286436638173,-24.15350693534,
    194.32714383716));
#15662 = LINE('',#15663,#15664);
#15663 = CARTESIAN_POINT('',(-14.03632132037,-13.57744781428,
    188.682473758));
#15664 = VECTOR('',#15665,1.);
#15665 = DIRECTION('',(0.630963920637,-0.684429810754,0.365294901422));
#15666 = ORIENTED_EDGE('',*,*,#15667,.F.);
#15667 = EDGE_CURVE('',#15668,#15660,#15670,.T.);
#15668 = VERTEX_POINT('',#15669);
#15669 = CARTESIAN_POINT('',(-1.41543569424,-21.8080539166,
    193.76266827184));
#15670 = CIRCLE('',#15671,1.9);
#15671 = AXIS2_PLACEMENT_3D('',#15672,#15673,#15674);
#15672 = CARTESIAN_POINT('',(-2.88947882671,-22.86567586218,
    194.32714383716));
#15673 = DIRECTION('',(0.630963920637,-0.684429810754,0.365294901422));
#15674 = DIRECTION('',(-0.735240953402,-0.677805827978,
    -2.775557561563E-17));
#15675 = ORIENTED_EDGE('',*,*,#15676,.F.);
#15676 = EDGE_CURVE('',#15660,#15668,#15677,.T.);
#15677 = CIRCLE('',#15678,1.9);
#15678 = AXIS2_PLACEMENT_3D('',#15679,#15680,#15681);
#15679 = CARTESIAN_POINT('',(-2.88947882671,-22.86567586218,
    194.32714383716));
#15680 = DIRECTION('',(0.630963920637,-0.684429810754,0.365294901422));
#15681 = DIRECTION('',(-0.735240953402,-0.677805827978,
    -2.775557561563E-17));
#15682 = ORIENTED_EDGE('',*,*,#15659,.F.);
#15683 = ORIENTED_EDGE('',*,*,#15633,.F.);
#15684 = CYLINDRICAL_SURFACE('',#15685,1.9);
#15685 = AXIS2_PLACEMENT_3D('',#15686,#15687,#15688);
#15686 = CARTESIAN_POINT('',(-12.6393635089,-12.28961674112,
    188.682473758));
#15687 = DIRECTION('',(0.630963920637,-0.684429810754,0.365294901422));
#15688 = DIRECTION('',(-0.735240953402,-0.677805827978,0.));
#15689 = ADVANCED_FACE('',(#15690),#15720,.T.);
#15690 = FACE_BOUND('',#15691,.T.);
#15691 = EDGE_LOOP('',(#15692,#15693,#15694,#15703,#15712,#15719));
#15692 = ORIENTED_EDGE('',*,*,#15667,.T.);
#15693 = ORIENTED_EDGE('',*,*,#15676,.T.);
#15694 = ORIENTED_EDGE('',*,*,#15695,.T.);
#15695 = EDGE_CURVE('',#15668,#15696,#15698,.T.);
#15696 = VERTEX_POINT('',#15697);
#15697 = CARTESIAN_POINT('',(3.885871445561,-23.83503068833,
    193.8103803023));
#15698 = CIRCLE('',#15699,5.183739725611);
#15699 = AXIS2_PLACEMENT_3D('',#15700,#15701,#15702);
#15700 = CARTESIAN_POINT('',(2.428926179374,-19.76636545172,
    190.94778860479));
#15701 = DIRECTION('',(0.227783267256,0.613536456466,0.756100389992));
#15702 = DIRECTION('',(-0.741619386217,-0.393864000307,0.543021026527));
#15703 = ORIENTED_EDGE('',*,*,#15704,.T.);
#15704 = EDGE_CURVE('',#15696,#15705,#15707,.T.);
#15705 = VERTEX_POINT('',#15706);
#15706 = CARTESIAN_POINT('',(4.939134032994,-25.6028575405,
    196.1695768363));
#15707 = CIRCLE('',#15708,1.9);
#15708 = AXIS2_PLACEMENT_3D('',#15709,#15710,#15711);
#15709 = CARTESIAN_POINT('',(4.269281439602,-25.6028575405,
    194.39157303903));
#15710 = DIRECTION('',(-0.932265891874,-8.672240854645E-02,
    0.351225754613));
#15711 = DIRECTION('',(-0.201794733706,0.93043518535,-0.30589091407));
#15712 = ORIENTED_EDGE('',*,*,#15713,.T.);
#15713 = EDGE_CURVE('',#15705,#15696,#15714,.T.);
#15714 = CIRCLE('',#15715,1.9);
#15715 = AXIS2_PLACEMENT_3D('',#15716,#15717,#15718);
#15716 = CARTESIAN_POINT('',(4.269281439602,-25.6028575405,
    194.39157303903));
#15717 = DIRECTION('',(-0.932265891874,-8.672240854645E-02,
    0.351225754613));
#15718 = DIRECTION('',(-0.201794733706,0.93043518535,-0.30589091407));
#15719 = ORIENTED_EDGE('',*,*,#15695,.F.);
#15720 = TOROIDAL_SURFACE('',#15721,7.,1.9);
#15721 = AXIS2_PLACEMENT_3D('',#15722,#15723,#15724);
#15722 = CARTESIAN_POINT('',(2.301856876806,-20.10862786003,
    190.52599665148));
#15723 = DIRECTION('',(0.227783267256,0.613536456466,0.756100389992));
#15724 = DIRECTION('',(-0.741619386217,-0.393864000307,0.543021026527));
#15725 = ADVANCED_FACE('',(#15726),#15755,.T.);
#15726 = FACE_BOUND('',#15727,.T.);
#15727 = EDGE_LOOP('',(#15728,#15729,#15737,#15746,#15753,#15754));
#15728 = ORIENTED_EDGE('',*,*,#15713,.F.);
#15729 = ORIENTED_EDGE('',*,*,#15730,.T.);
#15730 = EDGE_CURVE('',#15705,#15731,#15733,.T.);
#15731 = VERTEX_POINT('',#15732);
#15732 = CARTESIAN_POINT('',(17.700232478962,-24.41577861529,
    191.36190718922));
#15733 = LINE('',#15734,#15735);
#15734 = CARTESIAN_POINT('',(4.939134032994,-25.6028575405,
    196.1695768363));
#15735 = VECTOR('',#15736,1.);
#15736 = DIRECTION('',(0.932265891874,8.672240854645E-02,-0.351225754613
    ));
#15737 = ORIENTED_EDGE('',*,*,#15738,.F.);
#15738 = EDGE_CURVE('',#15739,#15731,#15741,.T.);
#15739 = VERTEX_POINT('',#15740);
#15740 = CARTESIAN_POINT('',(17.717750169856,-24.84038603124,
    191.30356342654));
#15741 = CIRCLE('',#15742,1.9);
#15742 = AXIS2_PLACEMENT_3D('',#15743,#15744,#15745);
#15743 = CARTESIAN_POINT('',(17.03037988557,-24.41577861529,
    189.58390339194));
#15744 = DIRECTION('',(0.932265891874,8.672240854645E-02,-0.351225754613
    ));
#15745 = DIRECTION('',(0.352553996522,-1.040834085586E-17,0.93579147225)
  );
#15746 = ORIENTED_EDGE('',*,*,#15747,.F.);
#15747 = EDGE_CURVE('',#15731,#15739,#15748,.T.);
#15748 = CIRCLE('',#15749,1.9);
#15749 = AXIS2_PLACEMENT_3D('',#15750,#15751,#15752);
#15750 = CARTESIAN_POINT('',(17.03037988557,-24.41577861529,
    189.58390339194));
#15751 = DIRECTION('',(0.932265891874,8.672240854645E-02,-0.351225754613
    ));
#15752 = DIRECTION('',(0.352553996522,-1.040834085586E-17,0.93579147225)
  );
#15753 = ORIENTED_EDGE('',*,*,#15730,.F.);
#15754 = ORIENTED_EDGE('',*,*,#15704,.F.);
#15755 = CYLINDRICAL_SURFACE('',#15756,1.9);
#15756 = AXIS2_PLACEMENT_3D('',#15757,#15758,#15759);
#15757 = CARTESIAN_POINT('',(4.269281439602,-25.6028575405,
    194.39157303903));
#15758 = DIRECTION('',(0.932265891874,8.672240854645E-02,-0.351225754613
    ));
#15759 = DIRECTION('',(0.352553996522,-3.469446951954E-18,0.93579147225)
  );
#15760 = ADVANCED_FACE('',(#15761),#15791,.T.);
#15761 = FACE_BOUND('',#15762,.T.);
#15762 = EDGE_LOOP('',(#15763,#15764,#15765,#15774,#15783,#15790));
#15763 = ORIENTED_EDGE('',*,*,#15738,.T.);
#15764 = ORIENTED_EDGE('',*,*,#15747,.T.);
#15765 = ORIENTED_EDGE('',*,*,#15766,.T.);
#15766 = EDGE_CURVE('',#15739,#15767,#15769,.T.);
#15767 = VERTEX_POINT('',#15768);
#15768 = CARTESIAN_POINT('',(21.429506277208,-23.15254337462,
    192.98652674826));
#15769 = CIRCLE('',#15770,3.022065245409);
#15770 = AXIS2_PLACEMENT_3D('',#15771,#15772,#15773);
#15771 = CARTESIAN_POINT('',(18.562965717556,-23.50148090348,
    193.8776306526));
#15772 = DIRECTION('',(0.229474619886,-0.892295939307,0.388779314682));
#15773 = DIRECTION('',(-0.279681436059,-0.443043091078,-0.851757661411)
  );
#15774 = ORIENTED_EDGE('',*,*,#15775,.T.);
#15775 = EDGE_CURVE('',#15767,#15776,#15778,.T.);
#15776 = VERTEX_POINT('',#15777);
#15777 = CARTESIAN_POINT('',(22.54621554862,-20.20815723986,
    191.23515636303));
#15778 = CIRCLE('',#15779,1.9);
#15779 = AXIS2_PLACEMENT_3D('',#15780,#15781,#15782);
#15780 = CARTESIAN_POINT('',(22.54621554862,-21.90756890275,
    192.08486219448));
#15781 = DIRECTION('',(-0.218217890236,-0.436435780472,-0.872871560944)
  );
#15782 = DIRECTION('',(-0.587741721796,-0.655249722033,0.474560291466));
#15783 = ORIENTED_EDGE('',*,*,#15784,.T.);
#15784 = EDGE_CURVE('',#15776,#15767,#15785,.T.);
#15785 = CIRCLE('',#15786,1.9);
#15786 = AXIS2_PLACEMENT_3D('',#15787,#15788,#15789);
#15787 = CARTESIAN_POINT('',(22.54621554862,-21.90756890275,
    192.08486219448));
#15788 = DIRECTION('',(-0.218217890236,-0.436435780472,-0.872871560944)
  );
#15789 = DIRECTION('',(-0.587741721796,-0.655249722033,0.474560291466));
#15790 = ORIENTED_EDGE('',*,*,#15766,.F.);
#15791 = TOROIDAL_SURFACE('',#15792,4.490924181057,1.9);
#15792 = AXIS2_PLACEMENT_3D('',#15793,#15794,#15795);
#15793 = CARTESIAN_POINT('',(18.28640800976,-22.42610568432,
    193.40908246997));
#15794 = DIRECTION('',(0.229474619886,-0.892295939307,0.388779314682));
#15795 = DIRECTION('',(-0.279681436059,-0.443043091078,-0.851757661411)
  );
#15796 = ADVANCED_FACE('',(#15797),#15817,.T.);
#15797 = FACE_BOUND('',#15798,.T.);
#15798 = EDGE_LOOP('',(#15799,#15807,#15814,#15815,#15816));
#15799 = ORIENTED_EDGE('',*,*,#15800,.T.);
#15800 = EDGE_CURVE('',#15776,#15801,#15803,.T.);
#15801 = VERTEX_POINT('',#15802);
#15802 = CARTESIAN_POINT('',(23.5,-18.3005883371,195.05029416855));
#15803 = LINE('',#15804,#15805);
#15804 = CARTESIAN_POINT('',(22.54621554862,-20.20815723986,
    191.23515636303));
#15805 = VECTOR('',#15806,1.);
#15806 = DIRECTION('',(0.218217890236,0.436435780472,0.872871560944));
#15807 = ORIENTED_EDGE('',*,*,#15808,.F.);
#15808 = EDGE_CURVE('',#15801,#15801,#15809,.T.);
#15809 = CIRCLE('',#15810,1.9);
#15810 = AXIS2_PLACEMENT_3D('',#15811,#15812,#15813);
#15811 = CARTESIAN_POINT('',(23.5,-20.,195.9));
#15812 = DIRECTION('',(0.218217890236,0.436435780472,0.872871560944));
#15813 = DIRECTION('',(0.,0.894427191,-0.4472135955));
#15814 = ORIENTED_EDGE('',*,*,#15800,.F.);
#15815 = ORIENTED_EDGE('',*,*,#15775,.F.);
#15816 = ORIENTED_EDGE('',*,*,#15784,.F.);
#15817 = CYLINDRICAL_SURFACE('',#15818,1.9);
#15818 = AXIS2_PLACEMENT_3D('',#15819,#15820,#15821);
#15819 = CARTESIAN_POINT('',(22.54621554862,-21.90756890275,
    192.08486219448));
#15820 = DIRECTION('',(0.218217890236,0.436435780472,0.872871560944));
#15821 = DIRECTION('',(0.,0.894427191,-0.4472135955));
#15822 = ADVANCED_FACE('',(#15823),#15826,.T.);
#15823 = FACE_BOUND('',#15824,.T.);
#15824 = EDGE_LOOP('',(#15825));
#15825 = ORIENTED_EDGE('',*,*,#15808,.T.);
#15826 = PLANE('',#15827);
#15827 = AXIS2_PLACEMENT_3D('',#15828,#15829,#15830);
#15828 = CARTESIAN_POINT('',(23.5,-20.,195.9));
#15829 = DIRECTION('',(0.218217890236,0.436435780472,0.872871560944));
#15830 = DIRECTION('',(0.,0.894427191,-0.4472135955));
#15831 = MANIFOLD_SOLID_BREP('',#15832);
#15832 = CLOSED_SHELL('',(#15833,#15875,#15884,#15920,#15955,#15991,
    #16017,#16052,#16087,#16123,#16149));
#15833 = ADVANCED_FACE('',(#15834),#15870,.T.);
#15834 = FACE_BOUND('',#15835,.T.);
#15835 = EDGE_LOOP('',(#15836,#15846,#15855,#15862,#15863));
#15836 = ORIENTED_EDGE('',*,*,#15837,.T.);
#15837 = EDGE_CURVE('',#15838,#15840,#15842,.T.);
#15838 = VERTEX_POINT('',#15839);
#15839 = CARTESIAN_POINT('',(-60.84140231792,-22.,208.79145067963));
#15840 = VERTEX_POINT('',#15841);
#15841 = CARTESIAN_POINT('',(-54.61775872338,-22.,201.40087391111));
#15842 = LINE('',#15843,#15844);
#15843 = CARTESIAN_POINT('',(-60.84140231792,-22.,208.79145067963));
#15844 = VECTOR('',#15845,1.);
#15845 = DIRECTION('',(0.644135745783,0.,-0.764911198117));
#15846 = ORIENTED_EDGE('',*,*,#15847,.F.);
#15847 = EDGE_CURVE('',#15848,#15840,#15850,.T.);
#15848 = VERTEX_POINT('',#15849);
#15849 = CARTESIAN_POINT('',(-52.93495408752,-22.,202.81797255184));
#15850 = CIRCLE('',#15851,1.1);
#15851 = AXIS2_PLACEMENT_3D('',#15852,#15853,#15854);
#15852 = CARTESIAN_POINT('',(-53.77635640545,-22.,202.10942323148));
#15853 = DIRECTION('',(0.644135745783,0.,-0.764911198117));
#15854 = DIRECTION('',(-0.764911198117,0.,-0.644135745783));
#15855 = ORIENTED_EDGE('',*,*,#15856,.F.);
#15856 = EDGE_CURVE('',#15840,#15848,#15857,.T.);
#15857 = CIRCLE('',#15858,1.1);
#15858 = AXIS2_PLACEMENT_3D('',#15859,#15860,#15861);
#15859 = CARTESIAN_POINT('',(-53.77635640545,-22.,202.10942323148));
#15860 = DIRECTION('',(0.644135745783,0.,-0.764911198117));
#15861 = DIRECTION('',(-0.764911198117,0.,-0.644135745783));
#15862 = ORIENTED_EDGE('',*,*,#15837,.F.);
#15863 = ORIENTED_EDGE('',*,*,#15864,.T.);
#15864 = EDGE_CURVE('',#15838,#15838,#15865,.T.);
#15865 = CIRCLE('',#15866,1.1);
#15866 = AXIS2_PLACEMENT_3D('',#15867,#15868,#15869);
#15867 = CARTESIAN_POINT('',(-60.,-22.,209.5));
#15868 = DIRECTION('',(0.644135745783,0.,-0.764911198117));
#15869 = DIRECTION('',(-0.764911198117,0.,-0.644135745783));
#15870 = CYLINDRICAL_SURFACE('',#15871,1.1);
#15871 = AXIS2_PLACEMENT_3D('',#15872,#15873,#15874);
#15872 = CARTESIAN_POINT('',(-60.,-22.,209.5));
#15873 = DIRECTION('',(0.644135745783,0.,-0.764911198117));
#15874 = DIRECTION('',(-0.764911198117,0.,-0.644135745783));
#15875 = ADVANCED_FACE('',(#15876),#15879,.F.);
#15876 = FACE_BOUND('',#15877,.T.);
#15877 = EDGE_LOOP('',(#15878));
#15878 = ORIENTED_EDGE('',*,*,#15864,.F.);
#15879 = PLANE('',#15880);
#15880 = AXIS2_PLACEMENT_3D('',#15881,#15882,#15883);
#15881 = CARTESIAN_POINT('',(-60.,-22.,209.5));
#15882 = DIRECTION('',(0.644135745783,0.,-0.764911198117));
#15883 = DIRECTION('',(-0.764911198117,0.,-0.644135745783));
#15884 = ADVANCED_FACE('',(#15885),#15915,.T.);
#15885 = FACE_BOUND('',#15886,.T.);
#15886 = EDGE_LOOP('',(#15887,#15888,#15889,#15898,#15907,#15914));
#15887 = ORIENTED_EDGE('',*,*,#15847,.T.);
#15888 = ORIENTED_EDGE('',*,*,#15856,.T.);
#15889 = ORIENTED_EDGE('',*,*,#15890,.T.);
#15890 = EDGE_CURVE('',#15848,#15891,#15893,.T.);
#15891 = VERTEX_POINT('',#15892);
#15892 = CARTESIAN_POINT('',(-49.26200836492,-22.68481976966,
    200.92170067704));
#15893 = CIRCLE('',#15894,5.075593116448);
#15894 = AXIS2_PLACEMENT_3D('',#15895,#15896,#15897);
#15895 = CARTESIAN_POINT('',(-49.3699405924,-24.00988059803,
    205.82008917931));
#15896 = DIRECTION('',(-0.302896654843,-0.918255122051,-0.255070867236)
  );
#15897 = DIRECTION('',(-0.702383625585,0.395989306456,-0.591480947861));
#15898 = ORIENTED_EDGE('',*,*,#15899,.T.);
#15899 = EDGE_CURVE('',#15891,#15900,#15902,.T.);
#15900 = VERTEX_POINT('',#15901);
#15901 = CARTESIAN_POINT('',(-49.04436477947,-21.77117600168,
    199.83577920449));
#15902 = CIRCLE('',#15903,1.1);
#15903 = AXIS2_PLACEMENT_3D('',#15904,#15905,#15906);
#15904 = CARTESIAN_POINT('',(-49.37246727192,-22.82110397752,
    199.83577920449));
#15905 = DIRECTION('',(-0.952786134681,0.297745667088,5.954913341754E-02
    ));
#15906 = DIRECTION('',(0.100417188174,0.123894734418,0.987201338686));
#15907 = ORIENTED_EDGE('',*,*,#15908,.T.);
#15908 = EDGE_CURVE('',#15900,#15891,#15909,.T.);
#15909 = CIRCLE('',#15910,1.1);
#15910 = AXIS2_PLACEMENT_3D('',#15911,#15912,#15913);
#15911 = CARTESIAN_POINT('',(-49.37246727192,-22.82110397752,
    199.83577920449));
#15912 = DIRECTION('',(-0.952786134681,0.297745667088,5.954913341754E-02
    ));
#15913 = DIRECTION('',(0.100417188174,0.123894734418,0.987201338686));
#15914 = ORIENTED_EDGE('',*,*,#15890,.F.);
#15915 = TOROIDAL_SURFACE('',#15916,6.085673750703,1.1);
#15916 = AXIS2_PLACEMENT_3D('',#15917,#15918,#15919);
#15917 = CARTESIAN_POINT('',(-49.50187881231,-24.40986172786,
    205.70898330991));
#15918 = DIRECTION('',(-0.302896654843,-0.918255122051,-0.255070867236)
  );
#15919 = DIRECTION('',(-0.702383625585,0.395989306456,-0.591480947861));
#15920 = ADVANCED_FACE('',(#15921),#15950,.T.);
#15921 = FACE_BOUND('',#15922,.T.);
#15922 = EDGE_LOOP('',(#15923,#15924,#15932,#15941,#15948,#15949));
#15923 = ORIENTED_EDGE('',*,*,#15908,.F.);
#15924 = ORIENTED_EDGE('',*,*,#15925,.T.);
#15925 = EDGE_CURVE('',#15900,#15926,#15928,.T.);
#15926 = VERTEX_POINT('',#15927);
#15927 = CARTESIAN_POINT('',(-20.70895039618,-30.62599299646,
    198.06481580554));
#15928 = LINE('',#15929,#15930);
#15929 = CARTESIAN_POINT('',(-49.04436477947,-21.77117600168,
    199.83577920449));
#15930 = VECTOR('',#15931,1.);
#15931 = DIRECTION('',(0.952786134681,-0.297745667088,
    -5.954913341754E-02));
#15932 = ORIENTED_EDGE('',*,*,#15933,.F.);
#15933 = EDGE_CURVE('',#15934,#15926,#15936,.T.);
#15934 = VERTEX_POINT('',#15935);
#15935 = CARTESIAN_POINT('',(-20.70304647598,-30.64820893339,
    198.27035821332));
#15936 = CIRCLE('',#15937,1.1);
#15937 = AXIS2_PLACEMENT_3D('',#15938,#15939,#15940);
#15938 = CARTESIAN_POINT('',(-21.03705288863,-31.6759209723,
    198.06481580554));
#15939 = DIRECTION('',(0.952786134681,-0.297745667088,
    -5.954913341754E-02));
#15940 = DIRECTION('',(0.298274993136,0.954479978035,0.));
#15941 = ORIENTED_EDGE('',*,*,#15942,.F.);
#15942 = EDGE_CURVE('',#15926,#15934,#15943,.T.);
#15943 = CIRCLE('',#15944,1.1);
#15944 = AXIS2_PLACEMENT_3D('',#15945,#15946,#15947);
#15945 = CARTESIAN_POINT('',(-21.03705288863,-31.6759209723,
    198.06481580554));
#15946 = DIRECTION('',(0.952786134681,-0.297745667088,
    -5.954913341754E-02));
#15947 = DIRECTION('',(0.298274993136,0.954479978035,0.));
#15948 = ORIENTED_EDGE('',*,*,#15925,.F.);
#15949 = ORIENTED_EDGE('',*,*,#15899,.F.);
#15950 = CYLINDRICAL_SURFACE('',#15951,1.1);
#15951 = AXIS2_PLACEMENT_3D('',#15952,#15953,#15954);
#15952 = CARTESIAN_POINT('',(-49.37246727192,-22.82110397752,
    199.83577920449));
#15953 = DIRECTION('',(0.952786134681,-0.297745667088,
    -5.954913341754E-02));
#15954 = DIRECTION('',(0.298274993136,0.954479978035,0.));
#15955 = ADVANCED_FACE('',(#15956),#15986,.T.);
#15956 = FACE_BOUND('',#15957,.T.);
#15957 = EDGE_LOOP('',(#15958,#15959,#15960,#15969,#15978,#15985));
#15958 = ORIENTED_EDGE('',*,*,#15933,.T.);
#15959 = ORIENTED_EDGE('',*,*,#15942,.T.);
#15960 = ORIENTED_EDGE('',*,*,#15961,.T.);
#15961 = EDGE_CURVE('',#15934,#15962,#15964,.T.);
#15962 = VERTEX_POINT('',#15963);
#15963 = CARTESIAN_POINT('',(-18.91155753543,-30.92136125674,
    198.21572774865));
#15964 = CIRCLE('',#15965,5.9);
#15965 = AXIS2_PLACEMENT_3D('',#15966,#15967,#15968);
#15966 = CARTESIAN_POINT('',(-18.91155753543,-25.13593527016,
    199.37281294596));
#15967 = DIRECTION('',(0.,-0.196116135138,0.980580675691));
#15968 = DIRECTION('',(-0.303642193314,-0.934283671734,-0.186856734347)
  );
#15969 = ORIENTED_EDGE('',*,*,#15970,.T.);
#15970 = EDGE_CURVE('',#15962,#15971,#15973,.T.);
#15971 = VERTEX_POINT('',#15972);
#15972 = CARTESIAN_POINT('',(-18.91155753543,-32.,199.1));
#15973 = CIRCLE('',#15974,1.1);
#15974 = AXIS2_PLACEMENT_3D('',#15975,#15976,#15977);
#15975 = CARTESIAN_POINT('',(-18.91155753543,-32.,198.));
#15976 = DIRECTION('',(-1.,1.905160676395E-16,3.810321352791E-17));
#15977 = DIRECTION('',(1.942890293094E-16,0.980580675691,0.196116135138)
  );
#15978 = ORIENTED_EDGE('',*,*,#15979,.T.);
#15979 = EDGE_CURVE('',#15971,#15962,#15980,.T.);
#15980 = CIRCLE('',#15981,1.1);
#15981 = AXIS2_PLACEMENT_3D('',#15982,#15983,#15984);
#15982 = CARTESIAN_POINT('',(-18.91155753543,-32.,198.));
#15983 = DIRECTION('',(-1.,1.905160676395E-16,3.810321352791E-17));
#15984 = DIRECTION('',(1.942890293094E-16,0.980580675691,0.196116135138)
  );
#15985 = ORIENTED_EDGE('',*,*,#15961,.F.);
#15986 = TOROIDAL_SURFACE('',#15987,7.,1.1);
#15987 = AXIS2_PLACEMENT_3D('',#15988,#15989,#15990);
#15988 = CARTESIAN_POINT('',(-18.91155753543,-25.13593527016,
    199.37281294596));
#15989 = DIRECTION('',(0.,-0.196116135138,0.980580675691));
#15990 = DIRECTION('',(-0.303642193314,-0.934283671734,-0.186856734347)
  );
#15991 = ADVANCED_FACE('',(#15992),#16012,.T.);
#15992 = FACE_BOUND('',#15993,.T.);
#15993 = EDGE_LOOP('',(#15994,#15995,#16003,#16010,#16011));
#15994 = ORIENTED_EDGE('',*,*,#15979,.F.);
#15995 = ORIENTED_EDGE('',*,*,#15996,.T.);
#15996 = EDGE_CURVE('',#15971,#15997,#15999,.T.);
#15997 = VERTEX_POINT('',#15998);
#15998 = CARTESIAN_POINT('',(6.306963047773,-32.,199.1));
#15999 = LINE('',#16000,#16001);
#16000 = CARTESIAN_POINT('',(-18.91155753543,-32.,199.1));
#16001 = VECTOR('',#16002,1.);
#16002 = DIRECTION('',(1.,0.,0.));
#16003 = ORIENTED_EDGE('',*,*,#16004,.F.);
#16004 = EDGE_CURVE('',#15997,#15997,#16005,.T.);
#16005 = CIRCLE('',#16006,1.1);
#16006 = AXIS2_PLACEMENT_3D('',#16007,#16008,#16009);
#16007 = CARTESIAN_POINT('',(6.306963047773,-32.,198.));
#16008 = DIRECTION('',(1.,0.,-0.));
#16009 = DIRECTION('',(0.,0.,1.));
#16010 = ORIENTED_EDGE('',*,*,#15996,.F.);
#16011 = ORIENTED_EDGE('',*,*,#15970,.F.);
#16012 = CYLINDRICAL_SURFACE('',#16013,1.1);
#16013 = AXIS2_PLACEMENT_3D('',#16014,#16015,#16016);
#16014 = CARTESIAN_POINT('',(-18.91155753543,-32.,198.));
#16015 = DIRECTION('',(1.,0.,0.));
#16016 = DIRECTION('',(0.,0.,1.));
#16017 = ADVANCED_FACE('',(#16018),#16047,.T.);
#16018 = FACE_BOUND('',#16019,.T.);
#16019 = EDGE_LOOP('',(#16020,#16021,#16030,#16039,#16046));
#16020 = ORIENTED_EDGE('',*,*,#16004,.T.);
#16021 = ORIENTED_EDGE('',*,*,#16022,.T.);
#16022 = EDGE_CURVE('',#15997,#16023,#16025,.T.);
#16023 = VERTEX_POINT('',#16024);
#16024 = CARTESIAN_POINT('',(12.45743060305,-29.0409575024,
    197.76843087608));
#16025 = CIRCLE('',#16026,7.451401145062);
#16026 = AXIS2_PLACEMENT_3D('',#16027,#16028,#16029);
#16027 = CARTESIAN_POINT('',(6.306963047773,-25.20490705213,
    196.04220817345));
#16028 = DIRECTION('',(-0.,0.410364677329,0.911921505175));
#16029 = DIRECTION('',(0.,-0.911921505175,0.410364677329));
#16030 = ORIENTED_EDGE('',*,*,#16031,.T.);
#16031 = EDGE_CURVE('',#16023,#16032,#16034,.T.);
#16032 = VERTEX_POINT('',#16033);
#16033 = CARTESIAN_POINT('',(12.96483918795,-29.88021441606,
    196.74909648723));
#16034 = CIRCLE('',#16035,1.1);
#16035 = AXIS2_PLACEMENT_3D('',#16036,#16037,#16038);
#16036 = CARTESIAN_POINT('',(12.08483918795,-29.22021441606,
    196.74909648723));
#16037 = DIRECTION('',(-0.564532447121,-0.752709929495,0.338719468273));
#16038 = DIRECTION('',(0.338719468273,0.162960830599,0.92666762623));
#16039 = ORIENTED_EDGE('',*,*,#16040,.T.);
#16040 = EDGE_CURVE('',#16032,#16023,#16041,.T.);
#16041 = CIRCLE('',#16042,1.1);
#16042 = AXIS2_PLACEMENT_3D('',#16043,#16044,#16045);
#16043 = CARTESIAN_POINT('',(12.08483918795,-29.22021441606,
    196.74909648723));
#16044 = DIRECTION('',(-0.564532447121,-0.752709929495,0.338719468273));
#16045 = DIRECTION('',(0.338719468273,0.162960830599,0.92666762623));
#16046 = ORIENTED_EDGE('',*,*,#16022,.F.);
#16047 = TOROIDAL_SURFACE('',#16048,7.,1.1);
#16048 = AXIS2_PLACEMENT_3D('',#16049,#16050,#16051);
#16049 = CARTESIAN_POINT('',(6.306963047773,-25.61654946377,
    195.12744725869));
#16050 = DIRECTION('',(0.,0.410364677329,0.911921505175));
#16051 = DIRECTION('',(0.,-0.911921505175,0.410364677329));
#16052 = ADVANCED_FACE('',(#16053),#16082,.T.);
#16053 = FACE_BOUND('',#16054,.T.);
#16054 = EDGE_LOOP('',(#16055,#16056,#16064,#16073,#16080,#16081));
#16055 = ORIENTED_EDGE('',*,*,#16040,.F.);
#16056 = ORIENTED_EDGE('',*,*,#16057,.T.);
#16057 = EDGE_CURVE('',#16032,#16058,#16060,.T.);
#16058 = VERTEX_POINT('',#16059);
#16059 = CARTESIAN_POINT('',(22.639842496196,-16.98021000507,
    190.94409450228));
#16060 = LINE('',#16061,#16062);
#16061 = CARTESIAN_POINT('',(12.96483918795,-29.88021441606,
    196.74909648723));
#16062 = VECTOR('',#16063,1.);
#16063 = DIRECTION('',(0.564532447121,0.752709929495,-0.338719468273));
#16064 = ORIENTED_EDGE('',*,*,#16065,.F.);
#16065 = EDGE_CURVE('',#16066,#16058,#16068,.T.);
#16066 = VERTEX_POINT('',#16067);
#16067 = CARTESIAN_POINT('',(22.667794461081,-16.88650021186,
    191.19892509533));
#16068 = CIRCLE('',#16069,1.1);
#16069 = AXIS2_PLACEMENT_3D('',#16070,#16071,#16072);
#16070 = CARTESIAN_POINT('',(21.759842496196,-16.32021000507,
    190.94409450228));
#16071 = DIRECTION('',(0.564532447121,0.752709929495,-0.338719468273));
#16072 = DIRECTION('',(0.8,-0.6,-2.775557561563E-17));
#16073 = ORIENTED_EDGE('',*,*,#16074,.F.);
#16074 = EDGE_CURVE('',#16058,#16066,#16075,.T.);
#16075 = CIRCLE('',#16076,1.1);
#16076 = AXIS2_PLACEMENT_3D('',#16077,#16078,#16079);
#16077 = CARTESIAN_POINT('',(21.759842496196,-16.32021000507,
    190.94409450228));
#16078 = DIRECTION('',(0.564532447121,0.752709929495,-0.338719468273));
#16079 = DIRECTION('',(0.8,-0.6,-2.775557561563E-17));
#16080 = ORIENTED_EDGE('',*,*,#16057,.F.);
#16081 = ORIENTED_EDGE('',*,*,#16031,.F.);
#16082 = CYLINDRICAL_SURFACE('',#16083,1.1);
#16083 = AXIS2_PLACEMENT_3D('',#16084,#16085,#16086);
#16084 = CARTESIAN_POINT('',(12.08483918795,-29.22021441606,
    196.74909648723));
#16085 = DIRECTION('',(0.564532447121,0.752709929495,-0.338719468273));
#16086 = DIRECTION('',(0.8,-0.6,-2.775557561563E-17));
#16087 = ADVANCED_FACE('',(#16088),#16118,.T.);
#16088 = FACE_BOUND('',#16089,.T.);
#16089 = EDGE_LOOP('',(#16090,#16091,#16092,#16101,#16110,#16117));
#16090 = ORIENTED_EDGE('',*,*,#16065,.T.);
#16091 = ORIENTED_EDGE('',*,*,#16074,.T.);
#16092 = ORIENTED_EDGE('',*,*,#16093,.T.);
#16093 = EDGE_CURVE('',#16066,#16094,#16096,.T.);
#16094 = VERTEX_POINT('',#16095);
#16095 = CARTESIAN_POINT('',(24.458698602463,-12.73891539086,
    192.76395155923));
#16096 = CIRCLE('',#16097,3.63648276845);
#16097 = AXIS2_PLACEMENT_3D('',#16098,#16099,#16100);
#16098 = CARTESIAN_POINT('',(22.386620239573,-15.22540942633,
    194.42161424954));
#16099 = DIRECTION('',(0.821781403613,-0.474104655931,0.316069770621));
#16100 = DIRECTION('',(7.732037779676E-02,-0.456785001138,
    -0.886210483978));
#16101 = ORIENTED_EDGE('',*,*,#16102,.T.);
#16102 = EDGE_CURVE('',#16094,#16103,#16105,.T.);
#16103 = VERTEX_POINT('',#16104);
#16104 = CARTESIAN_POINT('',(23.5,-11.37489484608,191.85460452937));
#16105 = CIRCLE('',#16106,1.1);
#16106 = AXIS2_PLACEMENT_3D('',#16107,#16108,#16109);
#16107 = CARTESIAN_POINT('',(23.5,-12.29015016985,192.46477474522));
#16108 = DIRECTION('',(-7.49400541622E-16,-0.554700196225,
    -0.832050294338));
#16109 = DIRECTION('',(0.871544184058,-0.407968382742,0.271978921828));
#16110 = ORIENTED_EDGE('',*,*,#16111,.T.);
#16111 = EDGE_CURVE('',#16103,#16094,#16112,.T.);
#16112 = CIRCLE('',#16113,1.1);
#16113 = AXIS2_PLACEMENT_3D('',#16114,#16115,#16116);
#16114 = CARTESIAN_POINT('',(23.5,-12.29015016985,192.46477474522));
#16115 = DIRECTION('',(-7.49400541622E-16,-0.554700196225,
    -0.832050294338));
#16116 = DIRECTION('',(0.871544184058,-0.407968382742,0.271978921828));
#16117 = ORIENTED_EDGE('',*,*,#16093,.F.);
#16118 = TOROIDAL_SURFACE('',#16119,3.533440249955,1.1);
#16119 = AXIS2_PLACEMENT_3D('',#16120,#16121,#16122);
#16120 = CARTESIAN_POINT('',(21.486635561147,-14.70618749647,
    194.0754662963));
#16121 = DIRECTION('',(0.821781403613,-0.474104655931,0.316069770621));
#16122 = DIRECTION('',(7.732037779676E-02,-0.456785001138,
    -0.886210483978));
#16123 = ADVANCED_FACE('',(#16124),#16144,.T.);
#16124 = FACE_BOUND('',#16125,.T.);
#16125 = EDGE_LOOP('',(#16126,#16134,#16141,#16142,#16143));
#16126 = ORIENTED_EDGE('',*,*,#16127,.T.);
#16127 = EDGE_CURVE('',#16103,#16128,#16130,.T.);
#16128 = VERTEX_POINT('',#16129);
#16129 = CARTESIAN_POINT('',(23.5,-9.084744676228,195.28982978415));
#16130 = LINE('',#16131,#16132);
#16131 = CARTESIAN_POINT('',(23.5,-11.37489484608,191.85460452937));
#16132 = VECTOR('',#16133,1.);
#16133 = DIRECTION('',(0.,0.554700196225,0.832050294338));
#16134 = ORIENTED_EDGE('',*,*,#16135,.F.);
#16135 = EDGE_CURVE('',#16128,#16128,#16136,.T.);
#16136 = CIRCLE('',#16137,1.1);
#16137 = AXIS2_PLACEMENT_3D('',#16138,#16139,#16140);
#16138 = CARTESIAN_POINT('',(23.5,-10.,195.9));
#16139 = DIRECTION('',(0.,0.554700196225,0.832050294338));
#16140 = DIRECTION('',(0.,0.832050294338,-0.554700196225));
#16141 = ORIENTED_EDGE('',*,*,#16127,.F.);
#16142 = ORIENTED_EDGE('',*,*,#16102,.F.);
#16143 = ORIENTED_EDGE('',*,*,#16111,.F.);
#16144 = CYLINDRICAL_SURFACE('',#16145,1.1);
#16145 = AXIS2_PLACEMENT_3D('',#16146,#16147,#16148);
#16146 = CARTESIAN_POINT('',(23.5,-12.29015016985,192.46477474522));
#16147 = DIRECTION('',(0.,0.554700196225,0.832050294338));
#16148 = DIRECTION('',(0.,0.832050294338,-0.554700196225));
#16149 = ADVANCED_FACE('',(#16150),#16153,.T.);
#16150 = FACE_BOUND('',#16151,.T.);
#16151 = EDGE_LOOP('',(#16152));
#16152 = ORIENTED_EDGE('',*,*,#16135,.T.);
#16153 = PLANE('',#16154);
#16154 = AXIS2_PLACEMENT_3D('',#16155,#16156,#16157);
#16155 = CARTESIAN_POINT('',(23.5,-10.,195.9));
#16156 = DIRECTION('',(0.,0.554700196225,0.832050294338));
#16157 = DIRECTION('',(0.,0.832050294338,-0.554700196225));
#16158 = MANIFOLD_SOLID_BREP('',#16159);
#16159 = CLOSED_SHELL('',(#16160,#16200,#16267,#16292,#16317,#16368,
    #16385,#16402,#16419,#16436));
#16160 = ADVANCED_FACE('',(#16161),#16195,.F.);
#16161 = FACE_BOUND('',#16162,.F.);
#16162 = EDGE_LOOP('',(#16163,#16173,#16181,#16189));
#16163 = ORIENTED_EDGE('',*,*,#16164,.F.);
#16164 = EDGE_CURVE('',#16165,#16167,#16169,.T.);
#16165 = VERTEX_POINT('',#16166);
#16166 = CARTESIAN_POINT('',(85.6,-21.8,220.3));
#16167 = VERTEX_POINT('',#16168);
#16168 = CARTESIAN_POINT('',(85.6,-15.8,220.3));
#16169 = LINE('',#16170,#16171);
#16170 = CARTESIAN_POINT('',(85.6,-23.3,220.3));
#16171 = VECTOR('',#16172,1.);
#16172 = DIRECTION('',(0.,1.,0.));
#16173 = ORIENTED_EDGE('',*,*,#16174,.F.);
#16174 = EDGE_CURVE('',#16175,#16165,#16177,.T.);
#16175 = VERTEX_POINT('',#16176);
#16176 = CARTESIAN_POINT('',(85.6,-21.8,213.3));
#16177 = LINE('',#16178,#16179);
#16178 = CARTESIAN_POINT('',(85.6,-21.8,213.3));
#16179 = VECTOR('',#16180,1.);
#16180 = DIRECTION('',(0.,0.,1.));
#16181 = ORIENTED_EDGE('',*,*,#16182,.T.);
#16182 = EDGE_CURVE('',#16175,#16183,#16185,.T.);
#16183 = VERTEX_POINT('',#16184);
#16184 = CARTESIAN_POINT('',(85.6,-15.8,213.3));
#16185 = LINE('',#16186,#16187);
#16186 = CARTESIAN_POINT('',(85.6,-23.3,213.3));
#16187 = VECTOR('',#16188,1.);
#16188 = DIRECTION('',(0.,1.,0.));
#16189 = ORIENTED_EDGE('',*,*,#16190,.T.);
#16190 = EDGE_CURVE('',#16183,#16167,#16191,.T.);
#16191 = LINE('',#16192,#16193);
#16192 = CARTESIAN_POINT('',(85.6,-15.8,213.3));
#16193 = VECTOR('',#16194,1.);
#16194 = DIRECTION('',(0.,0.,1.));
#16195 = PLANE('',#16196);
#16196 = AXIS2_PLACEMENT_3D('',#16197,#16198,#16199);
#16197 = CARTESIAN_POINT('',(85.6,-23.3,213.3));
#16198 = DIRECTION('',(1.,0.,0.));
#16199 = DIRECTION('',(0.,0.,1.));
#16200 = ADVANCED_FACE('',(#16201),#16262,.T.);
#16201 = FACE_BOUND('',#16202,.T.);
#16202 = EDGE_LOOP('',(#16203,#16204,#16213,#16221,#16230,#16238,#16247,
    #16255));
#16203 = ORIENTED_EDGE('',*,*,#16164,.F.);
#16204 = ORIENTED_EDGE('',*,*,#16205,.T.);
#16205 = EDGE_CURVE('',#16165,#16206,#16208,.T.);
#16206 = VERTEX_POINT('',#16207);
#16207 = CARTESIAN_POINT('',(87.1,-23.3,220.3));
#16208 = CIRCLE('',#16209,1.5);
#16209 = AXIS2_PLACEMENT_3D('',#16210,#16211,#16212);
#16210 = CARTESIAN_POINT('',(87.1,-21.8,220.3));
#16211 = DIRECTION('',(-0.,0.,1.));
#16212 = DIRECTION('',(0.,-1.,0.));
#16213 = ORIENTED_EDGE('',*,*,#16214,.T.);
#16214 = EDGE_CURVE('',#16206,#16215,#16217,.T.);
#16215 = VERTEX_POINT('',#16216);
#16216 = CARTESIAN_POINT('',(110.5,-23.3,220.3));
#16217 = LINE('',#16218,#16219);
#16218 = CARTESIAN_POINT('',(85.6,-23.3,220.3));
#16219 = VECTOR('',#16220,1.);
#16220 = DIRECTION('',(1.,0.,0.));
#16221 = ORIENTED_EDGE('',*,*,#16222,.F.);
#16222 = EDGE_CURVE('',#16223,#16215,#16225,.T.);
#16223 = VERTEX_POINT('',#16224);
#16224 = CARTESIAN_POINT('',(112.,-21.8,220.3));
#16225 = CIRCLE('',#16226,1.5);
#16226 = AXIS2_PLACEMENT_3D('',#16227,#16228,#16229);
#16227 = CARTESIAN_POINT('',(110.5,-21.8,220.3));
#16228 = DIRECTION('',(-0.,-0.,-1.));
#16229 = DIRECTION('',(0.,-1.,0.));
#16230 = ORIENTED_EDGE('',*,*,#16231,.T.);
#16231 = EDGE_CURVE('',#16223,#16232,#16234,.T.);
#16232 = VERTEX_POINT('',#16233);
#16233 = CARTESIAN_POINT('',(112.,-15.8,220.3));
#16234 = LINE('',#16235,#16236);
#16235 = CARTESIAN_POINT('',(112.,-23.3,220.3));
#16236 = VECTOR('',#16237,1.);
#16237 = DIRECTION('',(0.,1.,0.));
#16238 = ORIENTED_EDGE('',*,*,#16239,.T.);
#16239 = EDGE_CURVE('',#16232,#16240,#16242,.T.);
#16240 = VERTEX_POINT('',#16241);
#16241 = CARTESIAN_POINT('',(110.5,-14.3,220.3));
#16242 = CIRCLE('',#16243,1.5);
#16243 = AXIS2_PLACEMENT_3D('',#16244,#16245,#16246);
#16244 = CARTESIAN_POINT('',(110.5,-15.8,220.3));
#16245 = DIRECTION('',(-0.,0.,1.));
#16246 = DIRECTION('',(0.,-1.,0.));
#16247 = ORIENTED_EDGE('',*,*,#16248,.F.);
#16248 = EDGE_CURVE('',#16249,#16240,#16251,.T.);
#16249 = VERTEX_POINT('',#16250);
#16250 = CARTESIAN_POINT('',(87.1,-14.3,220.3));
#16251 = LINE('',#16252,#16253);
#16252 = CARTESIAN_POINT('',(85.6,-14.3,220.3));
#16253 = VECTOR('',#16254,1.);
#16254 = DIRECTION('',(1.,0.,0.));
#16255 = ORIENTED_EDGE('',*,*,#16256,.F.);
#16256 = EDGE_CURVE('',#16167,#16249,#16257,.T.);
#16257 = CIRCLE('',#16258,1.5);
#16258 = AXIS2_PLACEMENT_3D('',#16259,#16260,#16261);
#16259 = CARTESIAN_POINT('',(87.1,-15.8,220.3));
#16260 = DIRECTION('',(-0.,-0.,-1.));
#16261 = DIRECTION('',(0.,-1.,0.));
#16262 = PLANE('',#16263);
#16263 = AXIS2_PLACEMENT_3D('',#16264,#16265,#16266);
#16264 = CARTESIAN_POINT('',(85.6,-23.3,220.3));
#16265 = DIRECTION('',(0.,0.,1.));
#16266 = DIRECTION('',(1.,0.,0.));
#16267 = ADVANCED_FACE('',(#16268),#16287,.T.);
#16268 = FACE_BOUND('',#16269,.T.);
#16269 = EDGE_LOOP('',(#16270,#16279,#16285,#16286));
#16270 = ORIENTED_EDGE('',*,*,#16271,.T.);
#16271 = EDGE_CURVE('',#16175,#16272,#16274,.T.);
#16272 = VERTEX_POINT('',#16273);
#16273 = CARTESIAN_POINT('',(87.1,-23.3,213.3));
#16274 = CIRCLE('',#16275,1.5);
#16275 = AXIS2_PLACEMENT_3D('',#16276,#16277,#16278);
#16276 = CARTESIAN_POINT('',(87.1,-21.8,213.3));
#16277 = DIRECTION('',(-0.,0.,1.));
#16278 = DIRECTION('',(0.,-1.,0.));
#16279 = ORIENTED_EDGE('',*,*,#16280,.T.);
#16280 = EDGE_CURVE('',#16272,#16206,#16281,.T.);
#16281 = LINE('',#16282,#16283);
#16282 = CARTESIAN_POINT('',(87.1,-23.3,213.3));
#16283 = VECTOR('',#16284,1.);
#16284 = DIRECTION('',(0.,0.,1.));
#16285 = ORIENTED_EDGE('',*,*,#16205,.F.);
#16286 = ORIENTED_EDGE('',*,*,#16174,.F.);
#16287 = CYLINDRICAL_SURFACE('',#16288,1.5);
#16288 = AXIS2_PLACEMENT_3D('',#16289,#16290,#16291);
#16289 = CARTESIAN_POINT('',(87.1,-21.8,213.3));
#16290 = DIRECTION('',(0.,0.,1.));
#16291 = DIRECTION('',(-1.,0.,0.));
#16292 = ADVANCED_FACE('',(#16293),#16312,.T.);
#16293 = FACE_BOUND('',#16294,.F.);
#16294 = EDGE_LOOP('',(#16295,#16304,#16310,#16311));
#16295 = ORIENTED_EDGE('',*,*,#16296,.T.);
#16296 = EDGE_CURVE('',#16183,#16297,#16299,.T.);
#16297 = VERTEX_POINT('',#16298);
#16298 = CARTESIAN_POINT('',(87.1,-14.3,213.3));
#16299 = CIRCLE('',#16300,1.5);
#16300 = AXIS2_PLACEMENT_3D('',#16301,#16302,#16303);
#16301 = CARTESIAN_POINT('',(87.1,-15.8,213.3));
#16302 = DIRECTION('',(-0.,-0.,-1.));
#16303 = DIRECTION('',(0.,-1.,0.));
#16304 = ORIENTED_EDGE('',*,*,#16305,.T.);
#16305 = EDGE_CURVE('',#16297,#16249,#16306,.T.);
#16306 = LINE('',#16307,#16308);
#16307 = CARTESIAN_POINT('',(87.1,-14.3,213.3));
#16308 = VECTOR('',#16309,1.);
#16309 = DIRECTION('',(0.,0.,1.));
#16310 = ORIENTED_EDGE('',*,*,#16256,.F.);
#16311 = ORIENTED_EDGE('',*,*,#16190,.F.);
#16312 = CYLINDRICAL_SURFACE('',#16313,1.5);
#16313 = AXIS2_PLACEMENT_3D('',#16314,#16315,#16316);
#16314 = CARTESIAN_POINT('',(87.1,-15.8,213.3));
#16315 = DIRECTION('',(0.,0.,1.));
#16316 = DIRECTION('',(-1.,0.,0.));
#16317 = ADVANCED_FACE('',(#16318),#16363,.F.);
#16318 = FACE_BOUND('',#16319,.F.);
#16319 = EDGE_LOOP('',(#16320,#16321,#16322,#16330,#16339,#16347,#16356,
    #16362));
#16320 = ORIENTED_EDGE('',*,*,#16182,.F.);
#16321 = ORIENTED_EDGE('',*,*,#16271,.T.);
#16322 = ORIENTED_EDGE('',*,*,#16323,.T.);
#16323 = EDGE_CURVE('',#16272,#16324,#16326,.T.);
#16324 = VERTEX_POINT('',#16325);
#16325 = CARTESIAN_POINT('',(110.5,-23.3,213.3));
#16326 = LINE('',#16327,#16328);
#16327 = CARTESIAN_POINT('',(85.6,-23.3,213.3));
#16328 = VECTOR('',#16329,1.);
#16329 = DIRECTION('',(1.,0.,0.));
#16330 = ORIENTED_EDGE('',*,*,#16331,.F.);
#16331 = EDGE_CURVE('',#16332,#16324,#16334,.T.);
#16332 = VERTEX_POINT('',#16333);
#16333 = CARTESIAN_POINT('',(112.,-21.8,213.3));
#16334 = CIRCLE('',#16335,1.5);
#16335 = AXIS2_PLACEMENT_3D('',#16336,#16337,#16338);
#16336 = CARTESIAN_POINT('',(110.5,-21.8,213.3));
#16337 = DIRECTION('',(-0.,-0.,-1.));
#16338 = DIRECTION('',(0.,-1.,0.));
#16339 = ORIENTED_EDGE('',*,*,#16340,.T.);
#16340 = EDGE_CURVE('',#16332,#16341,#16343,.T.);
#16341 = VERTEX_POINT('',#16342);
#16342 = CARTESIAN_POINT('',(112.,-15.8,213.3));
#16343 = LINE('',#16344,#16345);
#16344 = CARTESIAN_POINT('',(112.,-23.3,213.3));
#16345 = VECTOR('',#16346,1.);
#16346 = DIRECTION('',(0.,1.,0.));
#16347 = ORIENTED_EDGE('',*,*,#16348,.T.);
#16348 = EDGE_CURVE('',#16341,#16349,#16351,.T.);
#16349 = VERTEX_POINT('',#16350);
#16350 = CARTESIAN_POINT('',(110.5,-14.3,213.3));
#16351 = CIRCLE('',#16352,1.5);
#16352 = AXIS2_PLACEMENT_3D('',#16353,#16354,#16355);
#16353 = CARTESIAN_POINT('',(110.5,-15.8,213.3));
#16354 = DIRECTION('',(-0.,0.,1.));
#16355 = DIRECTION('',(0.,-1.,0.));
#16356 = ORIENTED_EDGE('',*,*,#16357,.F.);
#16357 = EDGE_CURVE('',#16297,#16349,#16358,.T.);
#16358 = LINE('',#16359,#16360);
#16359 = CARTESIAN_POINT('',(85.6,-14.3,213.3));
#16360 = VECTOR('',#16361,1.);
#16361 = DIRECTION('',(1.,0.,0.));
#16362 = ORIENTED_EDGE('',*,*,#16296,.F.);
#16363 = PLANE('',#16364);
#16364 = AXIS2_PLACEMENT_3D('',#16365,#16366,#16367);
#16365 = CARTESIAN_POINT('',(85.6,-23.3,213.3));
#16366 = DIRECTION('',(0.,0.,1.));
#16367 = DIRECTION('',(1.,0.,0.));
#16368 = ADVANCED_FACE('',(#16369),#16380,.F.);
#16369 = FACE_BOUND('',#16370,.F.);
#16370 = EDGE_LOOP('',(#16371,#16372,#16373,#16374));
#16371 = ORIENTED_EDGE('',*,*,#16323,.F.);
#16372 = ORIENTED_EDGE('',*,*,#16280,.T.);
#16373 = ORIENTED_EDGE('',*,*,#16214,.T.);
#16374 = ORIENTED_EDGE('',*,*,#16375,.F.);
#16375 = EDGE_CURVE('',#16324,#16215,#16376,.T.);
#16376 = LINE('',#16377,#16378);
#16377 = CARTESIAN_POINT('',(110.5,-23.3,213.3));
#16378 = VECTOR('',#16379,1.);
#16379 = DIRECTION('',(0.,0.,1.));
#16380 = PLANE('',#16381);
#16381 = AXIS2_PLACEMENT_3D('',#16382,#16383,#16384);
#16382 = CARTESIAN_POINT('',(85.6,-23.3,213.3));
#16383 = DIRECTION('',(0.,1.,0.));
#16384 = DIRECTION('',(0.,0.,1.));
#16385 = ADVANCED_FACE('',(#16386),#16397,.T.);
#16386 = FACE_BOUND('',#16387,.T.);
#16387 = EDGE_LOOP('',(#16388,#16389,#16390,#16391));
#16388 = ORIENTED_EDGE('',*,*,#16357,.F.);
#16389 = ORIENTED_EDGE('',*,*,#16305,.T.);
#16390 = ORIENTED_EDGE('',*,*,#16248,.T.);
#16391 = ORIENTED_EDGE('',*,*,#16392,.F.);
#16392 = EDGE_CURVE('',#16349,#16240,#16393,.T.);
#16393 = LINE('',#16394,#16395);
#16394 = CARTESIAN_POINT('',(110.5,-14.3,213.3));
#16395 = VECTOR('',#16396,1.);
#16396 = DIRECTION('',(0.,0.,1.));
#16397 = PLANE('',#16398);
#16398 = AXIS2_PLACEMENT_3D('',#16399,#16400,#16401);
#16399 = CARTESIAN_POINT('',(85.6,-14.3,213.3));
#16400 = DIRECTION('',(0.,1.,0.));
#16401 = DIRECTION('',(0.,0.,1.));
#16402 = ADVANCED_FACE('',(#16403),#16414,.T.);
#16403 = FACE_BOUND('',#16404,.F.);
#16404 = EDGE_LOOP('',(#16405,#16406,#16407,#16408));
#16405 = ORIENTED_EDGE('',*,*,#16331,.T.);
#16406 = ORIENTED_EDGE('',*,*,#16375,.T.);
#16407 = ORIENTED_EDGE('',*,*,#16222,.F.);
#16408 = ORIENTED_EDGE('',*,*,#16409,.F.);
#16409 = EDGE_CURVE('',#16332,#16223,#16410,.T.);
#16410 = LINE('',#16411,#16412);
#16411 = CARTESIAN_POINT('',(112.,-21.8,213.3));
#16412 = VECTOR('',#16413,1.);
#16413 = DIRECTION('',(0.,0.,1.));
#16414 = CYLINDRICAL_SURFACE('',#16415,1.5);
#16415 = AXIS2_PLACEMENT_3D('',#16416,#16417,#16418);
#16416 = CARTESIAN_POINT('',(110.5,-21.8,213.3));
#16417 = DIRECTION('',(0.,0.,1.));
#16418 = DIRECTION('',(1.,0.,0.));
#16419 = ADVANCED_FACE('',(#16420),#16431,.T.);
#16420 = FACE_BOUND('',#16421,.T.);
#16421 = EDGE_LOOP('',(#16422,#16423,#16424,#16425));
#16422 = ORIENTED_EDGE('',*,*,#16348,.T.);
#16423 = ORIENTED_EDGE('',*,*,#16392,.T.);
#16424 = ORIENTED_EDGE('',*,*,#16239,.F.);
#16425 = ORIENTED_EDGE('',*,*,#16426,.F.);
#16426 = EDGE_CURVE('',#16341,#16232,#16427,.T.);
#16427 = LINE('',#16428,#16429);
#16428 = CARTESIAN_POINT('',(112.,-15.8,213.3));
#16429 = VECTOR('',#16430,1.);
#16430 = DIRECTION('',(0.,0.,1.));
#16431 = CYLINDRICAL_SURFACE('',#16432,1.5);
#16432 = AXIS2_PLACEMENT_3D('',#16433,#16434,#16435);
#16433 = CARTESIAN_POINT('',(110.5,-15.8,213.3));
#16434 = DIRECTION('',(0.,0.,1.));
#16435 = DIRECTION('',(1.,0.,0.));
#16436 = ADVANCED_FACE('',(#16437),#16443,.T.);
#16437 = FACE_BOUND('',#16438,.T.);
#16438 = EDGE_LOOP('',(#16439,#16440,#16441,#16442));
#16439 = ORIENTED_EDGE('',*,*,#16231,.F.);
#16440 = ORIENTED_EDGE('',*,*,#16409,.F.);
#16441 = ORIENTED_EDGE('',*,*,#16340,.T.);
#16442 = ORIENTED_EDGE('',*,*,#16426,.T.);
#16443 = PLANE('',#16444);
#16444 = AXIS2_PLACEMENT_3D('',#16445,#16446,#16447);
#16445 = CARTESIAN_POINT('',(112.,-23.3,213.3));
#16446 = DIRECTION('',(1.,0.,0.));
#16447 = DIRECTION('',(0.,0.,1.));
#16448 = MANIFOLD_SOLID_BREP('',#16449);
#16449 = CLOSED_SHELL('',(#16450,#16490,#16539,#16598,#16639,#16656,
    #16680,#16729,#16741,#16772,#16816,#16833,#16877,#16894,#16911,
    #16928));
#16450 = ADVANCED_FACE('',(#16451),#16485,.F.);
#16451 = FACE_BOUND('',#16452,.F.);
#16452 = EDGE_LOOP('',(#16453,#16463,#16471,#16479));
#16453 = ORIENTED_EDGE('',*,*,#16454,.F.);
#16454 = EDGE_CURVE('',#16455,#16457,#16459,.T.);
#16455 = VERTEX_POINT('',#16456);
#16456 = CARTESIAN_POINT('',(59.9,56.,215.65));
#16457 = VERTEX_POINT('',#16458);
#16458 = CARTESIAN_POINT('',(59.9,73.524364543663,215.65));
#16459 = LINE('',#16460,#16461);
#16460 = CARTESIAN_POINT('',(59.9,56.,215.65));
#16461 = VECTOR('',#16462,1.);
#16462 = DIRECTION('',(0.,1.,0.));
#16463 = ORIENTED_EDGE('',*,*,#16464,.F.);
#16464 = EDGE_CURVE('',#16465,#16455,#16467,.T.);
#16465 = VERTEX_POINT('',#16466);
#16466 = CARTESIAN_POINT('',(59.9,56.,207.65));
#16467 = LINE('',#16468,#16469);
#16468 = CARTESIAN_POINT('',(59.9,56.,207.65));
#16469 = VECTOR('',#16470,1.);
#16470 = DIRECTION('',(0.,0.,1.));
#16471 = ORIENTED_EDGE('',*,*,#16472,.T.);
#16472 = EDGE_CURVE('',#16465,#16473,#16475,.T.);
#16473 = VERTEX_POINT('',#16474);
#16474 = CARTESIAN_POINT('',(59.9,73.524364543663,207.65));
#16475 = LINE('',#16476,#16477);
#16476 = CARTESIAN_POINT('',(59.9,56.,207.65));
#16477 = VECTOR('',#16478,1.);
#16478 = DIRECTION('',(0.,1.,0.));
#16479 = ORIENTED_EDGE('',*,*,#16480,.T.);
#16480 = EDGE_CURVE('',#16473,#16457,#16481,.T.);
#16481 = LINE('',#16482,#16483);
#16482 = CARTESIAN_POINT('',(59.9,73.524364543663,207.25));
#16483 = VECTOR('',#16484,1.);
#16484 = DIRECTION('',(0.,0.,1.));
#16485 = PLANE('',#16486);
#16486 = AXIS2_PLACEMENT_3D('',#16487,#16488,#16489);
#16487 = CARTESIAN_POINT('',(59.9,56.,207.65));
#16488 = DIRECTION('',(1.,0.,0.));
#16489 = DIRECTION('',(0.,0.,1.));
#16490 = ADVANCED_FACE('',(#16491),#16534,.T.);
#16491 = FACE_BOUND('',#16492,.T.);
#16492 = EDGE_LOOP('',(#16493,#16494,#16502,#16510,#16519,#16527));
#16493 = ORIENTED_EDGE('',*,*,#16454,.F.);
#16494 = ORIENTED_EDGE('',*,*,#16495,.T.);
#16495 = EDGE_CURVE('',#16455,#16496,#16498,.T.);
#16496 = VERTEX_POINT('',#16497);
#16497 = CARTESIAN_POINT('',(71.6,56.,215.65));
#16498 = LINE('',#16499,#16500);
#16499 = CARTESIAN_POINT('',(59.9,56.,215.65));
#16500 = VECTOR('',#16501,1.);
#16501 = DIRECTION('',(1.,0.,0.));
#16502 = ORIENTED_EDGE('',*,*,#16503,.T.);
#16503 = EDGE_CURVE('',#16496,#16504,#16506,.T.);
#16504 = VERTEX_POINT('',#16505);
#16505 = CARTESIAN_POINT('',(71.6,73.524364543662,215.65));
#16506 = LINE('',#16507,#16508);
#16507 = CARTESIAN_POINT('',(71.6,56.,215.65));
#16508 = VECTOR('',#16509,1.);
#16509 = DIRECTION('',(0.,1.,0.));
#16510 = ORIENTED_EDGE('',*,*,#16511,.F.);
#16511 = EDGE_CURVE('',#16512,#16504,#16514,.T.);
#16512 = VERTEX_POINT('',#16513);
#16513 = CARTESIAN_POINT('',(70.25,73.,215.65));
#16514 = CIRCLE('',#16515,2.);
#16515 = AXIS2_PLACEMENT_3D('',#16516,#16517,#16518);
#16516 = CARTESIAN_POINT('',(70.25,75.,215.65));
#16517 = DIRECTION('',(0.,0.,1.));
#16518 = DIRECTION('',(1.,0.,0.));
#16519 = ORIENTED_EDGE('',*,*,#16520,.T.);
#16520 = EDGE_CURVE('',#16512,#16521,#16523,.T.);
#16521 = VERTEX_POINT('',#16522);
#16522 = CARTESIAN_POINT('',(61.25,73.,215.65));
#16523 = LINE('',#16524,#16525);
#16524 = CARTESIAN_POINT('',(59.575,73.,215.65));
#16525 = VECTOR('',#16526,1.);
#16526 = DIRECTION('',(-1.,0.,0.));
#16527 = ORIENTED_EDGE('',*,*,#16528,.F.);
#16528 = EDGE_CURVE('',#16457,#16521,#16529,.T.);
#16529 = CIRCLE('',#16530,2.);
#16530 = AXIS2_PLACEMENT_3D('',#16531,#16532,#16533);
#16531 = CARTESIAN_POINT('',(61.25,75.,215.65));
#16532 = DIRECTION('',(0.,0.,1.));
#16533 = DIRECTION('',(-1.,0.,0.));
#16534 = PLANE('',#16535);
#16535 = AXIS2_PLACEMENT_3D('',#16536,#16537,#16538);
#16536 = CARTESIAN_POINT('',(59.9,56.,215.65));
#16537 = DIRECTION('',(0.,0.,1.));
#16538 = DIRECTION('',(1.,0.,0.));
#16539 = ADVANCED_FACE('',(#16540),#16593,.T.);
#16540 = FACE_BOUND('',#16541,.T.);
#16541 = EDGE_LOOP('',(#16542,#16552,#16561,#16569,#16576,#16577,#16578,
    #16586));
#16542 = ORIENTED_EDGE('',*,*,#16543,.F.);
#16543 = EDGE_CURVE('',#16544,#16546,#16548,.T.);
#16544 = VERTEX_POINT('',#16545);
#16545 = CARTESIAN_POINT('',(59.25,75.,207.25));
#16546 = VERTEX_POINT('',#16547);
#16547 = CARTESIAN_POINT('',(59.25,75.,216.05));
#16548 = LINE('',#16549,#16550);
#16549 = CARTESIAN_POINT('',(59.25,75.,207.25));
#16550 = VECTOR('',#16551,1.);
#16551 = DIRECTION('',(0.,0.,1.));
#16552 = ORIENTED_EDGE('',*,*,#16553,.T.);
#16553 = EDGE_CURVE('',#16544,#16554,#16556,.T.);
#16554 = VERTEX_POINT('',#16555);
#16555 = CARTESIAN_POINT('',(61.25,73.,207.25));
#16556 = CIRCLE('',#16557,2.);
#16557 = AXIS2_PLACEMENT_3D('',#16558,#16559,#16560);
#16558 = CARTESIAN_POINT('',(61.25,75.,207.25));
#16559 = DIRECTION('',(-0.,0.,1.));
#16560 = DIRECTION('',(0.,-1.,0.));
#16561 = ORIENTED_EDGE('',*,*,#16562,.T.);
#16562 = EDGE_CURVE('',#16554,#16563,#16565,.T.);
#16563 = VERTEX_POINT('',#16564);
#16564 = CARTESIAN_POINT('',(61.25,73.,207.65));
#16565 = LINE('',#16566,#16567);
#16566 = CARTESIAN_POINT('',(61.25,73.,207.25));
#16567 = VECTOR('',#16568,1.);
#16568 = DIRECTION('',(0.,0.,1.));
#16569 = ORIENTED_EDGE('',*,*,#16570,.F.);
#16570 = EDGE_CURVE('',#16473,#16563,#16571,.T.);
#16571 = CIRCLE('',#16572,2.);
#16572 = AXIS2_PLACEMENT_3D('',#16573,#16574,#16575);
#16573 = CARTESIAN_POINT('',(61.25,75.,207.65));
#16574 = DIRECTION('',(0.,0.,1.));
#16575 = DIRECTION('',(-1.,0.,0.));
#16576 = ORIENTED_EDGE('',*,*,#16480,.T.);
#16577 = ORIENTED_EDGE('',*,*,#16528,.T.);
#16578 = ORIENTED_EDGE('',*,*,#16579,.T.);
#16579 = EDGE_CURVE('',#16521,#16580,#16582,.T.);
#16580 = VERTEX_POINT('',#16581);
#16581 = CARTESIAN_POINT('',(61.25,73.,216.05));
#16582 = LINE('',#16583,#16584);
#16583 = CARTESIAN_POINT('',(61.25,73.,207.25));
#16584 = VECTOR('',#16585,1.);
#16585 = DIRECTION('',(0.,0.,1.));
#16586 = ORIENTED_EDGE('',*,*,#16587,.F.);
#16587 = EDGE_CURVE('',#16546,#16580,#16588,.T.);
#16588 = CIRCLE('',#16589,2.);
#16589 = AXIS2_PLACEMENT_3D('',#16590,#16591,#16592);
#16590 = CARTESIAN_POINT('',(61.25,75.,216.05));
#16591 = DIRECTION('',(-0.,0.,1.));
#16592 = DIRECTION('',(0.,-1.,0.));
#16593 = CYLINDRICAL_SURFACE('',#16594,2.);
#16594 = AXIS2_PLACEMENT_3D('',#16595,#16596,#16597);
#16595 = CARTESIAN_POINT('',(61.25,75.,207.25));
#16596 = DIRECTION('',(0.,0.,1.));
#16597 = DIRECTION('',(-1.,0.,0.));
#16598 = ADVANCED_FACE('',(#16599),#16634,.F.);
#16599 = FACE_BOUND('',#16600,.F.);
#16600 = EDGE_LOOP('',(#16601,#16602,#16610,#16618,#16627,#16633));
#16601 = ORIENTED_EDGE('',*,*,#16472,.F.);
#16602 = ORIENTED_EDGE('',*,*,#16603,.T.);
#16603 = EDGE_CURVE('',#16465,#16604,#16606,.T.);
#16604 = VERTEX_POINT('',#16605);
#16605 = CARTESIAN_POINT('',(71.6,56.,207.65));
#16606 = LINE('',#16607,#16608);
#16607 = CARTESIAN_POINT('',(59.9,56.,207.65));
#16608 = VECTOR('',#16609,1.);
#16609 = DIRECTION('',(1.,0.,0.));
#16610 = ORIENTED_EDGE('',*,*,#16611,.T.);
#16611 = EDGE_CURVE('',#16604,#16612,#16614,.T.);
#16612 = VERTEX_POINT('',#16613);
#16613 = CARTESIAN_POINT('',(71.6,73.524364543662,207.65));
#16614 = LINE('',#16615,#16616);
#16615 = CARTESIAN_POINT('',(71.6,56.,207.65));
#16616 = VECTOR('',#16617,1.);
#16617 = DIRECTION('',(0.,1.,0.));
#16618 = ORIENTED_EDGE('',*,*,#16619,.F.);
#16619 = EDGE_CURVE('',#16620,#16612,#16622,.T.);
#16620 = VERTEX_POINT('',#16621);
#16621 = CARTESIAN_POINT('',(70.25,73.,207.65));
#16622 = CIRCLE('',#16623,2.);
#16623 = AXIS2_PLACEMENT_3D('',#16624,#16625,#16626);
#16624 = CARTESIAN_POINT('',(70.25,75.,207.65));
#16625 = DIRECTION('',(0.,0.,1.));
#16626 = DIRECTION('',(1.,0.,0.));
#16627 = ORIENTED_EDGE('',*,*,#16628,.T.);
#16628 = EDGE_CURVE('',#16620,#16563,#16629,.T.);
#16629 = LINE('',#16630,#16631);
#16630 = CARTESIAN_POINT('',(59.575,73.,207.65));
#16631 = VECTOR('',#16632,1.);
#16632 = DIRECTION('',(-1.,0.,0.));
#16633 = ORIENTED_EDGE('',*,*,#16570,.F.);
#16634 = PLANE('',#16635);
#16635 = AXIS2_PLACEMENT_3D('',#16636,#16637,#16638);
#16636 = CARTESIAN_POINT('',(59.9,56.,207.65));
#16637 = DIRECTION('',(0.,0.,1.));
#16638 = DIRECTION('',(1.,0.,0.));
#16639 = ADVANCED_FACE('',(#16640),#16651,.F.);
#16640 = FACE_BOUND('',#16641,.F.);
#16641 = EDGE_LOOP('',(#16642,#16643,#16644,#16645));
#16642 = ORIENTED_EDGE('',*,*,#16603,.F.);
#16643 = ORIENTED_EDGE('',*,*,#16464,.T.);
#16644 = ORIENTED_EDGE('',*,*,#16495,.T.);
#16645 = ORIENTED_EDGE('',*,*,#16646,.F.);
#16646 = EDGE_CURVE('',#16604,#16496,#16647,.T.);
#16647 = LINE('',#16648,#16649);
#16648 = CARTESIAN_POINT('',(71.6,56.,207.65));
#16649 = VECTOR('',#16650,1.);
#16650 = DIRECTION('',(0.,0.,1.));
#16651 = PLANE('',#16652);
#16652 = AXIS2_PLACEMENT_3D('',#16653,#16654,#16655);
#16653 = CARTESIAN_POINT('',(59.9,56.,207.65));
#16654 = DIRECTION('',(0.,1.,0.));
#16655 = DIRECTION('',(0.,0.,1.));
#16656 = ADVANCED_FACE('',(#16657),#16675,.F.);
#16657 = FACE_BOUND('',#16658,.F.);
#16658 = EDGE_LOOP('',(#16659,#16660,#16661,#16669));
#16659 = ORIENTED_EDGE('',*,*,#16520,.T.);
#16660 = ORIENTED_EDGE('',*,*,#16579,.T.);
#16661 = ORIENTED_EDGE('',*,*,#16662,.T.);
#16662 = EDGE_CURVE('',#16580,#16663,#16665,.T.);
#16663 = VERTEX_POINT('',#16664);
#16664 = CARTESIAN_POINT('',(70.25,73.,216.05));
#16665 = LINE('',#16666,#16667);
#16666 = CARTESIAN_POINT('',(59.25,73.,216.05));
#16667 = VECTOR('',#16668,1.);
#16668 = DIRECTION('',(1.,0.,0.));
#16669 = ORIENTED_EDGE('',*,*,#16670,.F.);
#16670 = EDGE_CURVE('',#16512,#16663,#16671,.T.);
#16671 = LINE('',#16672,#16673);
#16672 = CARTESIAN_POINT('',(70.25,73.,207.25));
#16673 = VECTOR('',#16674,1.);
#16674 = DIRECTION('',(0.,0.,1.));
#16675 = PLANE('',#16676);
#16676 = AXIS2_PLACEMENT_3D('',#16677,#16678,#16679);
#16677 = CARTESIAN_POINT('',(59.25,73.,207.25));
#16678 = DIRECTION('',(0.,1.,0.));
#16679 = DIRECTION('',(0.,0.,1.));
#16680 = ADVANCED_FACE('',(#16681),#16724,.T.);
#16681 = FACE_BOUND('',#16682,.F.);
#16682 = EDGE_LOOP('',(#16683,#16693,#16702,#16708,#16709,#16715,#16716,
    #16717));
#16683 = ORIENTED_EDGE('',*,*,#16684,.F.);
#16684 = EDGE_CURVE('',#16685,#16687,#16689,.T.);
#16685 = VERTEX_POINT('',#16686);
#16686 = CARTESIAN_POINT('',(72.25,75.,207.25));
#16687 = VERTEX_POINT('',#16688);
#16688 = CARTESIAN_POINT('',(72.25,75.,216.05));
#16689 = LINE('',#16690,#16691);
#16690 = CARTESIAN_POINT('',(72.25,75.,207.25));
#16691 = VECTOR('',#16692,1.);
#16692 = DIRECTION('',(0.,0.,1.));
#16693 = ORIENTED_EDGE('',*,*,#16694,.T.);
#16694 = EDGE_CURVE('',#16685,#16695,#16697,.T.);
#16695 = VERTEX_POINT('',#16696);
#16696 = CARTESIAN_POINT('',(70.25,73.,207.25));
#16697 = CIRCLE('',#16698,2.);
#16698 = AXIS2_PLACEMENT_3D('',#16699,#16700,#16701);
#16699 = CARTESIAN_POINT('',(70.25,75.,207.25));
#16700 = DIRECTION('',(-0.,-0.,-1.));
#16701 = DIRECTION('',(0.,-1.,0.));
#16702 = ORIENTED_EDGE('',*,*,#16703,.T.);
#16703 = EDGE_CURVE('',#16695,#16620,#16704,.T.);
#16704 = LINE('',#16705,#16706);
#16705 = CARTESIAN_POINT('',(70.25,73.,207.25));
#16706 = VECTOR('',#16707,1.);
#16707 = DIRECTION('',(0.,0.,1.));
#16708 = ORIENTED_EDGE('',*,*,#16619,.T.);
#16709 = ORIENTED_EDGE('',*,*,#16710,.T.);
#16710 = EDGE_CURVE('',#16612,#16504,#16711,.T.);
#16711 = LINE('',#16712,#16713);
#16712 = CARTESIAN_POINT('',(71.6,73.524364543663,207.25));
#16713 = VECTOR('',#16714,1.);
#16714 = DIRECTION('',(0.,0.,1.));
#16715 = ORIENTED_EDGE('',*,*,#16511,.F.);
#16716 = ORIENTED_EDGE('',*,*,#16670,.T.);
#16717 = ORIENTED_EDGE('',*,*,#16718,.F.);
#16718 = EDGE_CURVE('',#16687,#16663,#16719,.T.);
#16719 = CIRCLE('',#16720,2.);
#16720 = AXIS2_PLACEMENT_3D('',#16721,#16722,#16723);
#16721 = CARTESIAN_POINT('',(70.25,75.,216.05));
#16722 = DIRECTION('',(-0.,-0.,-1.));
#16723 = DIRECTION('',(0.,-1.,0.));
#16724 = CYLINDRICAL_SURFACE('',#16725,2.);
#16725 = AXIS2_PLACEMENT_3D('',#16726,#16727,#16728);
#16726 = CARTESIAN_POINT('',(70.25,75.,207.25));
#16727 = DIRECTION('',(0.,0.,1.));
#16728 = DIRECTION('',(1.,0.,0.));
#16729 = ADVANCED_FACE('',(#16730),#16736,.T.);
#16730 = FACE_BOUND('',#16731,.T.);
#16731 = EDGE_LOOP('',(#16732,#16733,#16734,#16735));
#16732 = ORIENTED_EDGE('',*,*,#16503,.F.);
#16733 = ORIENTED_EDGE('',*,*,#16646,.F.);
#16734 = ORIENTED_EDGE('',*,*,#16611,.T.);
#16735 = ORIENTED_EDGE('',*,*,#16710,.T.);
#16736 = PLANE('',#16737);
#16737 = AXIS2_PLACEMENT_3D('',#16738,#16739,#16740);
#16738 = CARTESIAN_POINT('',(71.6,56.,207.65));
#16739 = DIRECTION('',(1.,0.,0.));
#16740 = DIRECTION('',(0.,0.,1.));
#16741 = ADVANCED_FACE('',(#16742),#16767,.F.);
#16742 = FACE_BOUND('',#16743,.F.);
#16743 = EDGE_LOOP('',(#16744,#16752,#16753,#16761));
#16744 = ORIENTED_EDGE('',*,*,#16745,.F.);
#16745 = EDGE_CURVE('',#16546,#16746,#16748,.T.);
#16746 = VERTEX_POINT('',#16747);
#16747 = CARTESIAN_POINT('',(59.25,87.,216.05));
#16748 = LINE('',#16749,#16750);
#16749 = CARTESIAN_POINT('',(59.25,73.,216.05));
#16750 = VECTOR('',#16751,1.);
#16751 = DIRECTION('',(0.,1.,0.));
#16752 = ORIENTED_EDGE('',*,*,#16543,.F.);
#16753 = ORIENTED_EDGE('',*,*,#16754,.T.);
#16754 = EDGE_CURVE('',#16544,#16755,#16757,.T.);
#16755 = VERTEX_POINT('',#16756);
#16756 = CARTESIAN_POINT('',(59.25,87.,207.25));
#16757 = LINE('',#16758,#16759);
#16758 = CARTESIAN_POINT('',(59.25,73.,207.25));
#16759 = VECTOR('',#16760,1.);
#16760 = DIRECTION('',(0.,1.,0.));
#16761 = ORIENTED_EDGE('',*,*,#16762,.T.);
#16762 = EDGE_CURVE('',#16755,#16746,#16763,.T.);
#16763 = LINE('',#16764,#16765);
#16764 = CARTESIAN_POINT('',(59.25,87.,207.25));
#16765 = VECTOR('',#16766,1.);
#16766 = DIRECTION('',(0.,0.,1.));
#16767 = PLANE('',#16768);
#16768 = AXIS2_PLACEMENT_3D('',#16769,#16770,#16771);
#16769 = CARTESIAN_POINT('',(59.25,73.,207.25));
#16770 = DIRECTION('',(1.,0.,0.));
#16771 = DIRECTION('',(0.,0.,1.));
#16772 = ADVANCED_FACE('',(#16773),#16811,.T.);
#16773 = FACE_BOUND('',#16774,.T.);
#16774 = EDGE_LOOP('',(#16775,#16776,#16777,#16778,#16779,#16787,#16796,
    #16804));
#16775 = ORIENTED_EDGE('',*,*,#16745,.F.);
#16776 = ORIENTED_EDGE('',*,*,#16587,.T.);
#16777 = ORIENTED_EDGE('',*,*,#16662,.T.);
#16778 = ORIENTED_EDGE('',*,*,#16718,.F.);
#16779 = ORIENTED_EDGE('',*,*,#16780,.T.);
#16780 = EDGE_CURVE('',#16687,#16781,#16783,.T.);
#16781 = VERTEX_POINT('',#16782);
#16782 = CARTESIAN_POINT('',(72.25,87.,216.05));
#16783 = LINE('',#16784,#16785);
#16784 = CARTESIAN_POINT('',(72.25,73.,216.05));
#16785 = VECTOR('',#16786,1.);
#16786 = DIRECTION('',(0.,1.,0.));
#16787 = ORIENTED_EDGE('',*,*,#16788,.T.);
#16788 = EDGE_CURVE('',#16781,#16789,#16791,.T.);
#16789 = VERTEX_POINT('',#16790);
#16790 = CARTESIAN_POINT('',(70.25,89.,216.05));
#16791 = CIRCLE('',#16792,2.);
#16792 = AXIS2_PLACEMENT_3D('',#16793,#16794,#16795);
#16793 = CARTESIAN_POINT('',(70.25,87.,216.05));
#16794 = DIRECTION('',(-0.,0.,1.));
#16795 = DIRECTION('',(0.,-1.,0.));
#16796 = ORIENTED_EDGE('',*,*,#16797,.F.);
#16797 = EDGE_CURVE('',#16798,#16789,#16800,.T.);
#16798 = VERTEX_POINT('',#16799);
#16799 = CARTESIAN_POINT('',(61.25,89.,216.05));
#16800 = LINE('',#16801,#16802);
#16801 = CARTESIAN_POINT('',(59.25,89.,216.05));
#16802 = VECTOR('',#16803,1.);
#16803 = DIRECTION('',(1.,0.,0.));
#16804 = ORIENTED_EDGE('',*,*,#16805,.F.);
#16805 = EDGE_CURVE('',#16746,#16798,#16806,.T.);
#16806 = CIRCLE('',#16807,2.);
#16807 = AXIS2_PLACEMENT_3D('',#16808,#16809,#16810);
#16808 = CARTESIAN_POINT('',(61.25,87.,216.05));
#16809 = DIRECTION('',(-0.,-0.,-1.));
#16810 = DIRECTION('',(0.,-1.,0.));
#16811 = PLANE('',#16812);
#16812 = AXIS2_PLACEMENT_3D('',#16813,#16814,#16815);
#16813 = CARTESIAN_POINT('',(59.25,73.,216.05));
#16814 = DIRECTION('',(0.,0.,1.));
#16815 = DIRECTION('',(1.,0.,0.));
#16816 = ADVANCED_FACE('',(#16817),#16828,.F.);
#16817 = FACE_BOUND('',#16818,.F.);
#16818 = EDGE_LOOP('',(#16819,#16825,#16826,#16827));
#16819 = ORIENTED_EDGE('',*,*,#16820,.F.);
#16820 = EDGE_CURVE('',#16554,#16695,#16821,.T.);
#16821 = LINE('',#16822,#16823);
#16822 = CARTESIAN_POINT('',(59.25,73.,207.25));
#16823 = VECTOR('',#16824,1.);
#16824 = DIRECTION('',(1.,0.,0.));
#16825 = ORIENTED_EDGE('',*,*,#16562,.T.);
#16826 = ORIENTED_EDGE('',*,*,#16628,.F.);
#16827 = ORIENTED_EDGE('',*,*,#16703,.F.);
#16828 = PLANE('',#16829);
#16829 = AXIS2_PLACEMENT_3D('',#16830,#16831,#16832);
#16830 = CARTESIAN_POINT('',(59.25,73.,207.25));
#16831 = DIRECTION('',(0.,1.,0.));
#16832 = DIRECTION('',(0.,0.,1.));
#16833 = ADVANCED_FACE('',(#16834),#16872,.F.);
#16834 = FACE_BOUND('',#16835,.F.);
#16835 = EDGE_LOOP('',(#16836,#16837,#16838,#16839,#16840,#16848,#16857,
    #16865));
#16836 = ORIENTED_EDGE('',*,*,#16754,.F.);
#16837 = ORIENTED_EDGE('',*,*,#16553,.T.);
#16838 = ORIENTED_EDGE('',*,*,#16820,.T.);
#16839 = ORIENTED_EDGE('',*,*,#16694,.F.);
#16840 = ORIENTED_EDGE('',*,*,#16841,.T.);
#16841 = EDGE_CURVE('',#16685,#16842,#16844,.T.);
#16842 = VERTEX_POINT('',#16843);
#16843 = CARTESIAN_POINT('',(72.25,87.,207.25));
#16844 = LINE('',#16845,#16846);
#16845 = CARTESIAN_POINT('',(72.25,73.,207.25));
#16846 = VECTOR('',#16847,1.);
#16847 = DIRECTION('',(0.,1.,0.));
#16848 = ORIENTED_EDGE('',*,*,#16849,.T.);
#16849 = EDGE_CURVE('',#16842,#16850,#16852,.T.);
#16850 = VERTEX_POINT('',#16851);
#16851 = CARTESIAN_POINT('',(70.25,89.,207.25));
#16852 = CIRCLE('',#16853,2.);
#16853 = AXIS2_PLACEMENT_3D('',#16854,#16855,#16856);
#16854 = CARTESIAN_POINT('',(70.25,87.,207.25));
#16855 = DIRECTION('',(-0.,0.,1.));
#16856 = DIRECTION('',(0.,-1.,0.));
#16857 = ORIENTED_EDGE('',*,*,#16858,.F.);
#16858 = EDGE_CURVE('',#16859,#16850,#16861,.T.);
#16859 = VERTEX_POINT('',#16860);
#16860 = CARTESIAN_POINT('',(61.25,89.,207.25));
#16861 = LINE('',#16862,#16863);
#16862 = CARTESIAN_POINT('',(59.25,89.,207.25));
#16863 = VECTOR('',#16864,1.);
#16864 = DIRECTION('',(1.,0.,0.));
#16865 = ORIENTED_EDGE('',*,*,#16866,.F.);
#16866 = EDGE_CURVE('',#16755,#16859,#16867,.T.);
#16867 = CIRCLE('',#16868,2.);
#16868 = AXIS2_PLACEMENT_3D('',#16869,#16870,#16871);
#16869 = CARTESIAN_POINT('',(61.25,87.,207.25));
#16870 = DIRECTION('',(-0.,-0.,-1.));
#16871 = DIRECTION('',(0.,-1.,0.));
#16872 = PLANE('',#16873);
#16873 = AXIS2_PLACEMENT_3D('',#16874,#16875,#16876);
#16874 = CARTESIAN_POINT('',(59.25,73.,207.25));
#16875 = DIRECTION('',(0.,0.,1.));
#16876 = DIRECTION('',(1.,0.,0.));
#16877 = ADVANCED_FACE('',(#16878),#16889,.T.);
#16878 = FACE_BOUND('',#16879,.T.);
#16879 = EDGE_LOOP('',(#16880,#16881,#16882,#16883));
#16880 = ORIENTED_EDGE('',*,*,#16780,.F.);
#16881 = ORIENTED_EDGE('',*,*,#16684,.F.);
#16882 = ORIENTED_EDGE('',*,*,#16841,.T.);
#16883 = ORIENTED_EDGE('',*,*,#16884,.T.);
#16884 = EDGE_CURVE('',#16842,#16781,#16885,.T.);
#16885 = LINE('',#16886,#16887);
#16886 = CARTESIAN_POINT('',(72.25,87.,207.25));
#16887 = VECTOR('',#16888,1.);
#16888 = DIRECTION('',(0.,0.,1.));
#16889 = PLANE('',#16890);
#16890 = AXIS2_PLACEMENT_3D('',#16891,#16892,#16893);
#16891 = CARTESIAN_POINT('',(72.25,73.,207.25));
#16892 = DIRECTION('',(1.,0.,0.));
#16893 = DIRECTION('',(0.,0.,1.));
#16894 = ADVANCED_FACE('',(#16895),#16906,.T.);
#16895 = FACE_BOUND('',#16896,.F.);
#16896 = EDGE_LOOP('',(#16897,#16898,#16904,#16905));
#16897 = ORIENTED_EDGE('',*,*,#16866,.T.);
#16898 = ORIENTED_EDGE('',*,*,#16899,.T.);
#16899 = EDGE_CURVE('',#16859,#16798,#16900,.T.);
#16900 = LINE('',#16901,#16902);
#16901 = CARTESIAN_POINT('',(61.25,89.,207.25));
#16902 = VECTOR('',#16903,1.);
#16903 = DIRECTION('',(0.,0.,1.));
#16904 = ORIENTED_EDGE('',*,*,#16805,.F.);
#16905 = ORIENTED_EDGE('',*,*,#16762,.F.);
#16906 = CYLINDRICAL_SURFACE('',#16907,2.);
#16907 = AXIS2_PLACEMENT_3D('',#16908,#16909,#16910);
#16908 = CARTESIAN_POINT('',(61.25,87.,207.25));
#16909 = DIRECTION('',(0.,0.,1.));
#16910 = DIRECTION('',(-1.,0.,0.));
#16911 = ADVANCED_FACE('',(#16912),#16923,.T.);
#16912 = FACE_BOUND('',#16913,.T.);
#16913 = EDGE_LOOP('',(#16914,#16915,#16916,#16917));
#16914 = ORIENTED_EDGE('',*,*,#16858,.F.);
#16915 = ORIENTED_EDGE('',*,*,#16899,.T.);
#16916 = ORIENTED_EDGE('',*,*,#16797,.T.);
#16917 = ORIENTED_EDGE('',*,*,#16918,.F.);
#16918 = EDGE_CURVE('',#16850,#16789,#16919,.T.);
#16919 = LINE('',#16920,#16921);
#16920 = CARTESIAN_POINT('',(70.25,89.,207.25));
#16921 = VECTOR('',#16922,1.);
#16922 = DIRECTION('',(0.,0.,1.));
#16923 = PLANE('',#16924);
#16924 = AXIS2_PLACEMENT_3D('',#16925,#16926,#16927);
#16925 = CARTESIAN_POINT('',(59.25,89.,207.25));
#16926 = DIRECTION('',(0.,1.,0.));
#16927 = DIRECTION('',(0.,0.,1.));
#16928 = ADVANCED_FACE('',(#16929),#16935,.T.);
#16929 = FACE_BOUND('',#16930,.T.);
#16930 = EDGE_LOOP('',(#16931,#16932,#16933,#16934));
#16931 = ORIENTED_EDGE('',*,*,#16849,.T.);
#16932 = ORIENTED_EDGE('',*,*,#16918,.T.);
#16933 = ORIENTED_EDGE('',*,*,#16788,.F.);
#16934 = ORIENTED_EDGE('',*,*,#16884,.F.);
#16935 = CYLINDRICAL_SURFACE('',#16936,2.);
#16936 = AXIS2_PLACEMENT_3D('',#16937,#16938,#16939);
#16937 = CARTESIAN_POINT('',(70.25,87.,207.25));
#16938 = DIRECTION('',(0.,0.,1.));
#16939 = DIRECTION('',(1.,0.,0.));
#16940 = MANIFOLD_SOLID_BREP('',#16941);
#16941 = CLOSED_SHELL('',(#16942,#16982,#17013,#17053,#17077,#17110,
    #17127,#17158,#17175,#17217,#17241,#17276,#17327,#17378,#17395,
    #17412,#17429,#17446));
#16942 = ADVANCED_FACE('',(#16943),#16977,.F.);
#16943 = FACE_BOUND('',#16944,.F.);
#16944 = EDGE_LOOP('',(#16945,#16955,#16963,#16971));
#16945 = ORIENTED_EDGE('',*,*,#16946,.F.);
#16946 = EDGE_CURVE('',#16947,#16949,#16951,.T.);
#16947 = VERTEX_POINT('',#16948);
#16948 = CARTESIAN_POINT('',(43.,57.,211.55));
#16949 = VERTEX_POINT('',#16950);
#16950 = CARTESIAN_POINT('',(43.,57.,216.05));
#16951 = LINE('',#16952,#16953);
#16952 = CARTESIAN_POINT('',(43.,57.,211.55));
#16953 = VECTOR('',#16954,1.);
#16954 = DIRECTION('',(0.,0.,1.));
#16955 = ORIENTED_EDGE('',*,*,#16956,.T.);
#16956 = EDGE_CURVE('',#16947,#16957,#16959,.T.);
#16957 = VERTEX_POINT('',#16958);
#16958 = CARTESIAN_POINT('',(43.,65.5,211.55));
#16959 = LINE('',#16960,#16961);
#16960 = CARTESIAN_POINT('',(43.,57.,211.55));
#16961 = VECTOR('',#16962,1.);
#16962 = DIRECTION('',(0.,1.,0.));
#16963 = ORIENTED_EDGE('',*,*,#16964,.T.);
#16964 = EDGE_CURVE('',#16957,#16965,#16967,.T.);
#16965 = VERTEX_POINT('',#16966);
#16966 = CARTESIAN_POINT('',(43.,65.5,216.05));
#16967 = LINE('',#16968,#16969);
#16968 = CARTESIAN_POINT('',(43.,65.5,211.55));
#16969 = VECTOR('',#16970,1.);
#16970 = DIRECTION('',(0.,0.,1.));
#16971 = ORIENTED_EDGE('',*,*,#16972,.F.);
#16972 = EDGE_CURVE('',#16949,#16965,#16973,.T.);
#16973 = LINE('',#16974,#16975);
#16974 = CARTESIAN_POINT('',(43.,57.,216.05));
#16975 = VECTOR('',#16976,1.);
#16976 = DIRECTION('',(0.,1.,0.));
#16977 = PLANE('',#16978);
#16978 = AXIS2_PLACEMENT_3D('',#16979,#16980,#16981);
#16979 = CARTESIAN_POINT('',(43.,57.,211.55));
#16980 = DIRECTION('',(1.,0.,0.));
#16981 = DIRECTION('',(0.,0.,1.));
#16982 = ADVANCED_FACE('',(#16983),#17008,.F.);
#16983 = FACE_BOUND('',#16984,.F.);
#16984 = EDGE_LOOP('',(#16985,#16993,#16994,#17002));
#16985 = ORIENTED_EDGE('',*,*,#16986,.F.);
#16986 = EDGE_CURVE('',#16947,#16987,#16989,.T.);
#16987 = VERTEX_POINT('',#16988);
#16988 = CARTESIAN_POINT('',(55.,57.,211.55));
#16989 = LINE('',#16990,#16991);
#16990 = CARTESIAN_POINT('',(43.,57.,211.55));
#16991 = VECTOR('',#16992,1.);
#16992 = DIRECTION('',(1.,0.,0.));
#16993 = ORIENTED_EDGE('',*,*,#16946,.T.);
#16994 = ORIENTED_EDGE('',*,*,#16995,.T.);
#16995 = EDGE_CURVE('',#16949,#16996,#16998,.T.);
#16996 = VERTEX_POINT('',#16997);
#16997 = CARTESIAN_POINT('',(55.,57.,216.05));
#16998 = LINE('',#16999,#17000);
#16999 = CARTESIAN_POINT('',(43.,57.,216.05));
#17000 = VECTOR('',#17001,1.);
#17001 = DIRECTION('',(1.,0.,0.));
#17002 = ORIENTED_EDGE('',*,*,#17003,.F.);
#17003 = EDGE_CURVE('',#16987,#16996,#17004,.T.);
#17004 = LINE('',#17005,#17006);
#17005 = CARTESIAN_POINT('',(55.,57.,211.55));
#17006 = VECTOR('',#17007,1.);
#17007 = DIRECTION('',(0.,0.,1.));
#17008 = PLANE('',#17009);
#17009 = AXIS2_PLACEMENT_3D('',#17010,#17011,#17012);
#17010 = CARTESIAN_POINT('',(43.,57.,211.55));
#17011 = DIRECTION('',(0.,1.,0.));
#17012 = DIRECTION('',(0.,0.,1.));
#17013 = ADVANCED_FACE('',(#17014),#17048,.T.);
#17014 = FACE_BOUND('',#17015,.T.);
#17015 = EDGE_LOOP('',(#17016,#17017,#17018,#17026,#17034,#17042));
#17016 = ORIENTED_EDGE('',*,*,#16972,.F.);
#17017 = ORIENTED_EDGE('',*,*,#16995,.T.);
#17018 = ORIENTED_EDGE('',*,*,#17019,.T.);
#17019 = EDGE_CURVE('',#16996,#17020,#17022,.T.);
#17020 = VERTEX_POINT('',#17021);
#17021 = CARTESIAN_POINT('',(55.,65.5,216.05));
#17022 = LINE('',#17023,#17024);
#17023 = CARTESIAN_POINT('',(55.,57.,216.05));
#17024 = VECTOR('',#17025,1.);
#17025 = DIRECTION('',(0.,1.,0.));
#17026 = ORIENTED_EDGE('',*,*,#17027,.F.);
#17027 = EDGE_CURVE('',#17028,#17020,#17030,.T.);
#17028 = VERTEX_POINT('',#17029);
#17029 = CARTESIAN_POINT('',(54.5,65.5,216.05));
#17030 = LINE('',#17031,#17032);
#17031 = CARTESIAN_POINT('',(43.,65.5,216.05));
#17032 = VECTOR('',#17033,1.);
#17033 = DIRECTION('',(1.,0.,0.));
#17034 = ORIENTED_EDGE('',*,*,#17035,.F.);
#17035 = EDGE_CURVE('',#17036,#17028,#17038,.T.);
#17036 = VERTEX_POINT('',#17037);
#17037 = CARTESIAN_POINT('',(43.5,65.5,216.05));
#17038 = LINE('',#17039,#17040);
#17039 = CARTESIAN_POINT('',(43.,65.5,216.05));
#17040 = VECTOR('',#17041,1.);
#17041 = DIRECTION('',(1.,0.,0.));
#17042 = ORIENTED_EDGE('',*,*,#17043,.F.);
#17043 = EDGE_CURVE('',#16965,#17036,#17044,.T.);
#17044 = LINE('',#17045,#17046);
#17045 = CARTESIAN_POINT('',(43.,65.5,216.05));
#17046 = VECTOR('',#17047,1.);
#17047 = DIRECTION('',(1.,0.,0.));
#17048 = PLANE('',#17049);
#17049 = AXIS2_PLACEMENT_3D('',#17050,#17051,#17052);
#17050 = CARTESIAN_POINT('',(43.,57.,216.05));
#17051 = DIRECTION('',(0.,0.,1.));
#17052 = DIRECTION('',(1.,0.,0.));
#17053 = ADVANCED_FACE('',(#17054),#17072,.T.);
#17054 = FACE_BOUND('',#17055,.T.);
#17055 = EDGE_LOOP('',(#17056,#17064,#17065,#17066));
#17056 = ORIENTED_EDGE('',*,*,#17057,.F.);
#17057 = EDGE_CURVE('',#16957,#17058,#17060,.T.);
#17058 = VERTEX_POINT('',#17059);
#17059 = CARTESIAN_POINT('',(43.5,65.5,211.55));
#17060 = LINE('',#17061,#17062);
#17061 = CARTESIAN_POINT('',(43.,65.5,211.55));
#17062 = VECTOR('',#17063,1.);
#17063 = DIRECTION('',(1.,0.,0.));
#17064 = ORIENTED_EDGE('',*,*,#16964,.T.);
#17065 = ORIENTED_EDGE('',*,*,#17043,.T.);
#17066 = ORIENTED_EDGE('',*,*,#17067,.F.);
#17067 = EDGE_CURVE('',#17058,#17036,#17068,.T.);
#17068 = LINE('',#17069,#17070);
#17069 = CARTESIAN_POINT('',(43.5,65.5,210.));
#17070 = VECTOR('',#17071,1.);
#17071 = DIRECTION('',(0.,0.,1.));
#17072 = PLANE('',#17073);
#17073 = AXIS2_PLACEMENT_3D('',#17074,#17075,#17076);
#17074 = CARTESIAN_POINT('',(43.,65.5,211.55));
#17075 = DIRECTION('',(0.,1.,0.));
#17076 = DIRECTION('',(0.,0.,1.));
#17077 = ADVANCED_FACE('',(#17078),#17105,.F.);
#17078 = FACE_BOUND('',#17079,.F.);
#17079 = EDGE_LOOP('',(#17080,#17081,#17082,#17090,#17098,#17104));
#17080 = ORIENTED_EDGE('',*,*,#16956,.F.);
#17081 = ORIENTED_EDGE('',*,*,#16986,.T.);
#17082 = ORIENTED_EDGE('',*,*,#17083,.T.);
#17083 = EDGE_CURVE('',#16987,#17084,#17086,.T.);
#17084 = VERTEX_POINT('',#17085);
#17085 = CARTESIAN_POINT('',(55.,65.5,211.55));
#17086 = LINE('',#17087,#17088);
#17087 = CARTESIAN_POINT('',(55.,57.,211.55));
#17088 = VECTOR('',#17089,1.);
#17089 = DIRECTION('',(0.,1.,0.));
#17090 = ORIENTED_EDGE('',*,*,#17091,.F.);
#17091 = EDGE_CURVE('',#17092,#17084,#17094,.T.);
#17092 = VERTEX_POINT('',#17093);
#17093 = CARTESIAN_POINT('',(54.5,65.5,211.55));
#17094 = LINE('',#17095,#17096);
#17095 = CARTESIAN_POINT('',(43.,65.5,211.55));
#17096 = VECTOR('',#17097,1.);
#17097 = DIRECTION('',(1.,0.,0.));
#17098 = ORIENTED_EDGE('',*,*,#17099,.F.);
#17099 = EDGE_CURVE('',#17058,#17092,#17100,.T.);
#17100 = LINE('',#17101,#17102);
#17101 = CARTESIAN_POINT('',(43.,65.5,211.55));
#17102 = VECTOR('',#17103,1.);
#17103 = DIRECTION('',(1.,0.,0.));
#17104 = ORIENTED_EDGE('',*,*,#17057,.F.);
#17105 = PLANE('',#17106);
#17106 = AXIS2_PLACEMENT_3D('',#17107,#17108,#17109);
#17107 = CARTESIAN_POINT('',(43.,57.,211.55));
#17108 = DIRECTION('',(0.,0.,1.));
#17109 = DIRECTION('',(1.,0.,0.));
#17110 = ADVANCED_FACE('',(#17111),#17122,.T.);
#17111 = FACE_BOUND('',#17112,.T.);
#17112 = EDGE_LOOP('',(#17113,#17114,#17115,#17121));
#17113 = ORIENTED_EDGE('',*,*,#17003,.F.);
#17114 = ORIENTED_EDGE('',*,*,#17083,.T.);
#17115 = ORIENTED_EDGE('',*,*,#17116,.T.);
#17116 = EDGE_CURVE('',#17084,#17020,#17117,.T.);
#17117 = LINE('',#17118,#17119);
#17118 = CARTESIAN_POINT('',(55.,65.5,211.55));
#17119 = VECTOR('',#17120,1.);
#17120 = DIRECTION('',(0.,0.,1.));
#17121 = ORIENTED_EDGE('',*,*,#17019,.F.);
#17122 = PLANE('',#17123);
#17123 = AXIS2_PLACEMENT_3D('',#17124,#17125,#17126);
#17124 = CARTESIAN_POINT('',(55.,57.,211.55));
#17125 = DIRECTION('',(1.,0.,0.));
#17126 = DIRECTION('',(0.,0.,1.));
#17127 = ADVANCED_FACE('',(#17128),#17153,.F.);
#17128 = FACE_BOUND('',#17129,.F.);
#17129 = EDGE_LOOP('',(#17130,#17131,#17139,#17147));
#17130 = ORIENTED_EDGE('',*,*,#17035,.F.);
#17131 = ORIENTED_EDGE('',*,*,#17132,.T.);
#17132 = EDGE_CURVE('',#17036,#17133,#17135,.T.);
#17133 = VERTEX_POINT('',#17134);
#17134 = CARTESIAN_POINT('',(43.5,65.5,217.6));
#17135 = LINE('',#17136,#17137);
#17136 = CARTESIAN_POINT('',(43.5,65.5,210.));
#17137 = VECTOR('',#17138,1.);
#17138 = DIRECTION('',(0.,0.,1.));
#17139 = ORIENTED_EDGE('',*,*,#17140,.T.);
#17140 = EDGE_CURVE('',#17133,#17141,#17143,.T.);
#17141 = VERTEX_POINT('',#17142);
#17142 = CARTESIAN_POINT('',(54.5,65.5,217.6));
#17143 = LINE('',#17144,#17145);
#17144 = CARTESIAN_POINT('',(41.5,65.5,217.6));
#17145 = VECTOR('',#17146,1.);
#17146 = DIRECTION('',(1.,0.,0.));
#17147 = ORIENTED_EDGE('',*,*,#17148,.F.);
#17148 = EDGE_CURVE('',#17028,#17141,#17149,.T.);
#17149 = LINE('',#17150,#17151);
#17150 = CARTESIAN_POINT('',(54.5,65.5,210.));
#17151 = VECTOR('',#17152,1.);
#17152 = DIRECTION('',(0.,0.,1.));
#17153 = PLANE('',#17154);
#17154 = AXIS2_PLACEMENT_3D('',#17155,#17156,#17157);
#17155 = CARTESIAN_POINT('',(41.5,65.5,210.));
#17156 = DIRECTION('',(0.,1.,0.));
#17157 = DIRECTION('',(0.,0.,1.));
#17158 = ADVANCED_FACE('',(#17159),#17170,.T.);
#17159 = FACE_BOUND('',#17160,.T.);
#17160 = EDGE_LOOP('',(#17161,#17162,#17168,#17169));
#17161 = ORIENTED_EDGE('',*,*,#17091,.F.);
#17162 = ORIENTED_EDGE('',*,*,#17163,.T.);
#17163 = EDGE_CURVE('',#17092,#17028,#17164,.T.);
#17164 = LINE('',#17165,#17166);
#17165 = CARTESIAN_POINT('',(54.5,65.5,210.));
#17166 = VECTOR('',#17167,1.);
#17167 = DIRECTION('',(0.,0.,1.));
#17168 = ORIENTED_EDGE('',*,*,#17027,.T.);
#17169 = ORIENTED_EDGE('',*,*,#17116,.F.);
#17170 = PLANE('',#17171);
#17171 = AXIS2_PLACEMENT_3D('',#17172,#17173,#17174);
#17172 = CARTESIAN_POINT('',(43.,65.5,211.55));
#17173 = DIRECTION('',(0.,1.,0.));
#17174 = DIRECTION('',(0.,0.,1.));
#17175 = ADVANCED_FACE('',(#17176),#17212,.T.);
#17176 = FACE_BOUND('',#17177,.T.);
#17177 = EDGE_LOOP('',(#17178,#17189,#17195,#17196,#17197,#17206));
#17178 = ORIENTED_EDGE('',*,*,#17179,.T.);
#17179 = EDGE_CURVE('',#17180,#17182,#17184,.T.);
#17180 = VERTEX_POINT('',#17181);
#17181 = CARTESIAN_POINT('',(41.5,67.5,210.));
#17182 = VERTEX_POINT('',#17183);
#17183 = CARTESIAN_POINT('',(43.5,65.5,210.));
#17184 = CIRCLE('',#17185,2.);
#17185 = AXIS2_PLACEMENT_3D('',#17186,#17187,#17188);
#17186 = CARTESIAN_POINT('',(43.5,67.5,210.));
#17187 = DIRECTION('',(-0.,0.,1.));
#17188 = DIRECTION('',(0.,-1.,0.));
#17189 = ORIENTED_EDGE('',*,*,#17190,.T.);
#17190 = EDGE_CURVE('',#17182,#17058,#17191,.T.);
#17191 = LINE('',#17192,#17193);
#17192 = CARTESIAN_POINT('',(43.5,65.5,210.));
#17193 = VECTOR('',#17194,1.);
#17194 = DIRECTION('',(0.,0.,1.));
#17195 = ORIENTED_EDGE('',*,*,#17067,.T.);
#17196 = ORIENTED_EDGE('',*,*,#17132,.T.);
#17197 = ORIENTED_EDGE('',*,*,#17198,.F.);
#17198 = EDGE_CURVE('',#17199,#17133,#17201,.T.);
#17199 = VERTEX_POINT('',#17200);
#17200 = CARTESIAN_POINT('',(41.5,67.5,217.6));
#17201 = CIRCLE('',#17202,2.);
#17202 = AXIS2_PLACEMENT_3D('',#17203,#17204,#17205);
#17203 = CARTESIAN_POINT('',(43.5,67.5,217.6));
#17204 = DIRECTION('',(-0.,0.,1.));
#17205 = DIRECTION('',(0.,-1.,0.));
#17206 = ORIENTED_EDGE('',*,*,#17207,.F.);
#17207 = EDGE_CURVE('',#17180,#17199,#17208,.T.);
#17208 = LINE('',#17209,#17210);
#17209 = CARTESIAN_POINT('',(41.5,67.5,210.));
#17210 = VECTOR('',#17211,1.);
#17211 = DIRECTION('',(0.,0.,1.));
#17212 = CYLINDRICAL_SURFACE('',#17213,2.);
#17213 = AXIS2_PLACEMENT_3D('',#17214,#17215,#17216);
#17214 = CARTESIAN_POINT('',(43.5,67.5,210.));
#17215 = DIRECTION('',(0.,0.,1.));
#17216 = DIRECTION('',(-1.,0.,0.));
#17217 = ADVANCED_FACE('',(#17218),#17236,.F.);
#17218 = FACE_BOUND('',#17219,.F.);
#17219 = EDGE_LOOP('',(#17220,#17228,#17229,#17230));
#17220 = ORIENTED_EDGE('',*,*,#17221,.F.);
#17221 = EDGE_CURVE('',#17182,#17222,#17224,.T.);
#17222 = VERTEX_POINT('',#17223);
#17223 = CARTESIAN_POINT('',(54.5,65.5,210.));
#17224 = LINE('',#17225,#17226);
#17225 = CARTESIAN_POINT('',(41.5,65.5,210.));
#17226 = VECTOR('',#17227,1.);
#17227 = DIRECTION('',(1.,0.,0.));
#17228 = ORIENTED_EDGE('',*,*,#17190,.T.);
#17229 = ORIENTED_EDGE('',*,*,#17099,.T.);
#17230 = ORIENTED_EDGE('',*,*,#17231,.F.);
#17231 = EDGE_CURVE('',#17222,#17092,#17232,.T.);
#17232 = LINE('',#17233,#17234);
#17233 = CARTESIAN_POINT('',(54.5,65.5,210.));
#17234 = VECTOR('',#17235,1.);
#17235 = DIRECTION('',(0.,0.,1.));
#17236 = PLANE('',#17237);
#17237 = AXIS2_PLACEMENT_3D('',#17238,#17239,#17240);
#17238 = CARTESIAN_POINT('',(41.5,65.5,210.));
#17239 = DIRECTION('',(0.,1.,0.));
#17240 = DIRECTION('',(0.,0.,1.));
#17241 = ADVANCED_FACE('',(#17242),#17271,.T.);
#17242 = FACE_BOUND('',#17243,.F.);
#17243 = EDGE_LOOP('',(#17244,#17253,#17254,#17255,#17256,#17265));
#17244 = ORIENTED_EDGE('',*,*,#17245,.T.);
#17245 = EDGE_CURVE('',#17246,#17222,#17248,.T.);
#17246 = VERTEX_POINT('',#17247);
#17247 = CARTESIAN_POINT('',(56.5,67.5,210.));
#17248 = CIRCLE('',#17249,2.);
#17249 = AXIS2_PLACEMENT_3D('',#17250,#17251,#17252);
#17250 = CARTESIAN_POINT('',(54.5,67.5,210.));
#17251 = DIRECTION('',(-0.,-0.,-1.));
#17252 = DIRECTION('',(0.,-1.,0.));
#17253 = ORIENTED_EDGE('',*,*,#17231,.T.);
#17254 = ORIENTED_EDGE('',*,*,#17163,.T.);
#17255 = ORIENTED_EDGE('',*,*,#17148,.T.);
#17256 = ORIENTED_EDGE('',*,*,#17257,.F.);
#17257 = EDGE_CURVE('',#17258,#17141,#17260,.T.);
#17258 = VERTEX_POINT('',#17259);
#17259 = CARTESIAN_POINT('',(56.5,67.5,217.6));
#17260 = CIRCLE('',#17261,2.);
#17261 = AXIS2_PLACEMENT_3D('',#17262,#17263,#17264);
#17262 = CARTESIAN_POINT('',(54.5,67.5,217.6));
#17263 = DIRECTION('',(-0.,-0.,-1.));
#17264 = DIRECTION('',(0.,-1.,0.));
#17265 = ORIENTED_EDGE('',*,*,#17266,.F.);
#17266 = EDGE_CURVE('',#17246,#17258,#17267,.T.);
#17267 = LINE('',#17268,#17269);
#17268 = CARTESIAN_POINT('',(56.5,67.5,210.));
#17269 = VECTOR('',#17270,1.);
#17270 = DIRECTION('',(0.,0.,1.));
#17271 = CYLINDRICAL_SURFACE('',#17272,2.);
#17272 = AXIS2_PLACEMENT_3D('',#17273,#17274,#17275);
#17273 = CARTESIAN_POINT('',(54.5,67.5,210.));
#17274 = DIRECTION('',(0.,0.,1.));
#17275 = DIRECTION('',(1.,0.,0.));
#17276 = ADVANCED_FACE('',(#17277),#17322,.T.);
#17277 = FACE_BOUND('',#17278,.T.);
#17278 = EDGE_LOOP('',(#17279,#17287,#17288,#17289,#17290,#17298,#17307,
    #17315));
#17279 = ORIENTED_EDGE('',*,*,#17280,.F.);
#17280 = EDGE_CURVE('',#17199,#17281,#17283,.T.);
#17281 = VERTEX_POINT('',#17282);
#17282 = CARTESIAN_POINT('',(41.5,93.5,217.6));
#17283 = LINE('',#17284,#17285);
#17284 = CARTESIAN_POINT('',(41.5,65.5,217.6));
#17285 = VECTOR('',#17286,1.);
#17286 = DIRECTION('',(0.,1.,0.));
#17287 = ORIENTED_EDGE('',*,*,#17198,.T.);
#17288 = ORIENTED_EDGE('',*,*,#17140,.T.);
#17289 = ORIENTED_EDGE('',*,*,#17257,.F.);
#17290 = ORIENTED_EDGE('',*,*,#17291,.T.);
#17291 = EDGE_CURVE('',#17258,#17292,#17294,.T.);
#17292 = VERTEX_POINT('',#17293);
#17293 = CARTESIAN_POINT('',(56.5,93.5,217.6));
#17294 = LINE('',#17295,#17296);
#17295 = CARTESIAN_POINT('',(56.5,65.5,217.6));
#17296 = VECTOR('',#17297,1.);
#17297 = DIRECTION('',(0.,1.,0.));
#17298 = ORIENTED_EDGE('',*,*,#17299,.T.);
#17299 = EDGE_CURVE('',#17292,#17300,#17302,.T.);
#17300 = VERTEX_POINT('',#17301);
#17301 = CARTESIAN_POINT('',(54.5,95.5,217.6));
#17302 = CIRCLE('',#17303,2.);
#17303 = AXIS2_PLACEMENT_3D('',#17304,#17305,#17306);
#17304 = CARTESIAN_POINT('',(54.5,93.5,217.6));
#17305 = DIRECTION('',(-0.,0.,1.));
#17306 = DIRECTION('',(0.,-1.,0.));
#17307 = ORIENTED_EDGE('',*,*,#17308,.F.);
#17308 = EDGE_CURVE('',#17309,#17300,#17311,.T.);
#17309 = VERTEX_POINT('',#17310);
#17310 = CARTESIAN_POINT('',(43.5,95.5,217.6));
#17311 = LINE('',#17312,#17313);
#17312 = CARTESIAN_POINT('',(41.5,95.5,217.6));
#17313 = VECTOR('',#17314,1.);
#17314 = DIRECTION('',(1.,0.,0.));
#17315 = ORIENTED_EDGE('',*,*,#17316,.F.);
#17316 = EDGE_CURVE('',#17281,#17309,#17317,.T.);
#17317 = CIRCLE('',#17318,2.);
#17318 = AXIS2_PLACEMENT_3D('',#17319,#17320,#17321);
#17319 = CARTESIAN_POINT('',(43.5,93.5,217.6));
#17320 = DIRECTION('',(-0.,-0.,-1.));
#17321 = DIRECTION('',(0.,-1.,0.));
#17322 = PLANE('',#17323);
#17323 = AXIS2_PLACEMENT_3D('',#17324,#17325,#17326);
#17324 = CARTESIAN_POINT('',(41.5,65.5,217.6));
#17325 = DIRECTION('',(0.,0.,1.));
#17326 = DIRECTION('',(1.,0.,0.));
#17327 = ADVANCED_FACE('',(#17328),#17373,.F.);
#17328 = FACE_BOUND('',#17329,.F.);
#17329 = EDGE_LOOP('',(#17330,#17338,#17339,#17340,#17341,#17349,#17358,
    #17366));
#17330 = ORIENTED_EDGE('',*,*,#17331,.F.);
#17331 = EDGE_CURVE('',#17180,#17332,#17334,.T.);
#17332 = VERTEX_POINT('',#17333);
#17333 = CARTESIAN_POINT('',(41.5,93.5,210.));
#17334 = LINE('',#17335,#17336);
#17335 = CARTESIAN_POINT('',(41.5,65.5,210.));
#17336 = VECTOR('',#17337,1.);
#17337 = DIRECTION('',(0.,1.,0.));
#17338 = ORIENTED_EDGE('',*,*,#17179,.T.);
#17339 = ORIENTED_EDGE('',*,*,#17221,.T.);
#17340 = ORIENTED_EDGE('',*,*,#17245,.F.);
#17341 = ORIENTED_EDGE('',*,*,#17342,.T.);
#17342 = EDGE_CURVE('',#17246,#17343,#17345,.T.);
#17343 = VERTEX_POINT('',#17344);
#17344 = CARTESIAN_POINT('',(56.5,93.5,210.));
#17345 = LINE('',#17346,#17347);
#17346 = CARTESIAN_POINT('',(56.5,65.5,210.));
#17347 = VECTOR('',#17348,1.);
#17348 = DIRECTION('',(0.,1.,0.));
#17349 = ORIENTED_EDGE('',*,*,#17350,.T.);
#17350 = EDGE_CURVE('',#17343,#17351,#17353,.T.);
#17351 = VERTEX_POINT('',#17352);
#17352 = CARTESIAN_POINT('',(54.5,95.5,210.));
#17353 = CIRCLE('',#17354,2.);
#17354 = AXIS2_PLACEMENT_3D('',#17355,#17356,#17357);
#17355 = CARTESIAN_POINT('',(54.5,93.5,210.));
#17356 = DIRECTION('',(-0.,0.,1.));
#17357 = DIRECTION('',(0.,-1.,0.));
#17358 = ORIENTED_EDGE('',*,*,#17359,.F.);
#17359 = EDGE_CURVE('',#17360,#17351,#17362,.T.);
#17360 = VERTEX_POINT('',#17361);
#17361 = CARTESIAN_POINT('',(43.5,95.5,210.));
#17362 = LINE('',#17363,#17364);
#17363 = CARTESIAN_POINT('',(41.5,95.5,210.));
#17364 = VECTOR('',#17365,1.);
#17365 = DIRECTION('',(1.,0.,0.));
#17366 = ORIENTED_EDGE('',*,*,#17367,.F.);
#17367 = EDGE_CURVE('',#17332,#17360,#17368,.T.);
#17368 = CIRCLE('',#17369,2.);
#17369 = AXIS2_PLACEMENT_3D('',#17370,#17371,#17372);
#17370 = CARTESIAN_POINT('',(43.5,93.5,210.));
#17371 = DIRECTION('',(-0.,-0.,-1.));
#17372 = DIRECTION('',(0.,-1.,0.));
#17373 = PLANE('',#17374);
#17374 = AXIS2_PLACEMENT_3D('',#17375,#17376,#17377);
#17375 = CARTESIAN_POINT('',(41.5,65.5,210.));
#17376 = DIRECTION('',(0.,0.,1.));
#17377 = DIRECTION('',(1.,0.,0.));
#17378 = ADVANCED_FACE('',(#17379),#17390,.F.);
#17379 = FACE_BOUND('',#17380,.F.);
#17380 = EDGE_LOOP('',(#17381,#17382,#17383,#17384));
#17381 = ORIENTED_EDGE('',*,*,#17280,.F.);
#17382 = ORIENTED_EDGE('',*,*,#17207,.F.);
#17383 = ORIENTED_EDGE('',*,*,#17331,.T.);
#17384 = ORIENTED_EDGE('',*,*,#17385,.T.);
#17385 = EDGE_CURVE('',#17332,#17281,#17386,.T.);
#17386 = LINE('',#17387,#17388);
#17387 = CARTESIAN_POINT('',(41.5,93.5,210.));
#17388 = VECTOR('',#17389,1.);
#17389 = DIRECTION('',(0.,0.,1.));
#17390 = PLANE('',#17391);
#17391 = AXIS2_PLACEMENT_3D('',#17392,#17393,#17394);
#17392 = CARTESIAN_POINT('',(41.5,65.5,210.));
#17393 = DIRECTION('',(1.,0.,0.));
#17394 = DIRECTION('',(0.,0.,1.));
#17395 = ADVANCED_FACE('',(#17396),#17407,.T.);
#17396 = FACE_BOUND('',#17397,.T.);
#17397 = EDGE_LOOP('',(#17398,#17399,#17400,#17401));
#17398 = ORIENTED_EDGE('',*,*,#17291,.F.);
#17399 = ORIENTED_EDGE('',*,*,#17266,.F.);
#17400 = ORIENTED_EDGE('',*,*,#17342,.T.);
#17401 = ORIENTED_EDGE('',*,*,#17402,.T.);
#17402 = EDGE_CURVE('',#17343,#17292,#17403,.T.);
#17403 = LINE('',#17404,#17405);
#17404 = CARTESIAN_POINT('',(56.5,93.5,210.));
#17405 = VECTOR('',#17406,1.);
#17406 = DIRECTION('',(0.,0.,1.));
#17407 = PLANE('',#17408);
#17408 = AXIS2_PLACEMENT_3D('',#17409,#17410,#17411);
#17409 = CARTESIAN_POINT('',(56.5,65.5,210.));
#17410 = DIRECTION('',(1.,0.,0.));
#17411 = DIRECTION('',(0.,0.,1.));
#17412 = ADVANCED_FACE('',(#17413),#17424,.T.);
#17413 = FACE_BOUND('',#17414,.F.);
#17414 = EDGE_LOOP('',(#17415,#17416,#17422,#17423));
#17415 = ORIENTED_EDGE('',*,*,#17367,.T.);
#17416 = ORIENTED_EDGE('',*,*,#17417,.T.);
#17417 = EDGE_CURVE('',#17360,#17309,#17418,.T.);
#17418 = LINE('',#17419,#17420);
#17419 = CARTESIAN_POINT('',(43.5,95.5,210.));
#17420 = VECTOR('',#17421,1.);
#17421 = DIRECTION('',(0.,0.,1.));
#17422 = ORIENTED_EDGE('',*,*,#17316,.F.);
#17423 = ORIENTED_EDGE('',*,*,#17385,.F.);
#17424 = CYLINDRICAL_SURFACE('',#17425,2.);
#17425 = AXIS2_PLACEMENT_3D('',#17426,#17427,#17428);
#17426 = CARTESIAN_POINT('',(43.5,93.5,210.));
#17427 = DIRECTION('',(0.,0.,1.));
#17428 = DIRECTION('',(-1.,0.,0.));
#17429 = ADVANCED_FACE('',(#17430),#17441,.T.);
#17430 = FACE_BOUND('',#17431,.T.);
#17431 = EDGE_LOOP('',(#17432,#17433,#17434,#17435));
#17432 = ORIENTED_EDGE('',*,*,#17359,.F.);
#17433 = ORIENTED_EDGE('',*,*,#17417,.T.);
#17434 = ORIENTED_EDGE('',*,*,#17308,.T.);
#17435 = ORIENTED_EDGE('',*,*,#17436,.F.);
#17436 = EDGE_CURVE('',#17351,#17300,#17437,.T.);
#17437 = LINE('',#17438,#17439);
#17438 = CARTESIAN_POINT('',(54.5,95.5,210.));
#17439 = VECTOR('',#17440,1.);
#17440 = DIRECTION('',(0.,0.,1.));
#17441 = PLANE('',#17442);
#17442 = AXIS2_PLACEMENT_3D('',#17443,#17444,#17445);
#17443 = CARTESIAN_POINT('',(41.5,95.5,210.));
#17444 = DIRECTION('',(0.,1.,0.));
#17445 = DIRECTION('',(0.,0.,1.));
#17446 = ADVANCED_FACE('',(#17447),#17453,.T.);
#17447 = FACE_BOUND('',#17448,.T.);
#17448 = EDGE_LOOP('',(#17449,#17450,#17451,#17452));
#17449 = ORIENTED_EDGE('',*,*,#17350,.T.);
#17450 = ORIENTED_EDGE('',*,*,#17436,.T.);
#17451 = ORIENTED_EDGE('',*,*,#17299,.F.);
#17452 = ORIENTED_EDGE('',*,*,#17402,.F.);
#17453 = CYLINDRICAL_SURFACE('',#17454,2.);
#17454 = AXIS2_PLACEMENT_3D('',#17455,#17456,#17457);
#17455 = CARTESIAN_POINT('',(54.5,93.5,210.));
#17456 = DIRECTION('',(0.,0.,1.));
#17457 = DIRECTION('',(1.,0.,0.));
#17458 = MANIFOLD_SOLID_BREP('',#17459);
#17459 = CLOSED_SHELL('',(#17460,#17500,#17540,#17562,#17584,#17596));
#17460 = ADVANCED_FACE('',(#17461),#17495,.F.);
#17461 = FACE_BOUND('',#17462,.F.);
#17462 = EDGE_LOOP('',(#17463,#17473,#17481,#17489));
#17463 = ORIENTED_EDGE('',*,*,#17464,.F.);
#17464 = EDGE_CURVE('',#17465,#17467,#17469,.T.);
#17465 = VERTEX_POINT('',#17466);
#17466 = CARTESIAN_POINT('',(-29.2,-32.39,174.9));
#17467 = VERTEX_POINT('',#17468);
#17468 = CARTESIAN_POINT('',(-29.2,-32.39,177.5));
#17469 = LINE('',#17470,#17471);
#17470 = CARTESIAN_POINT('',(-29.2,-32.39,174.9));
#17471 = VECTOR('',#17472,1.);
#17472 = DIRECTION('',(0.,0.,1.));
#17473 = ORIENTED_EDGE('',*,*,#17474,.T.);
#17474 = EDGE_CURVE('',#17465,#17475,#17477,.T.);
#17475 = VERTEX_POINT('',#17476);
#17476 = CARTESIAN_POINT('',(-29.2,-18.39,174.9));
#17477 = LINE('',#17478,#17479);
#17478 = CARTESIAN_POINT('',(-29.2,-32.39,174.9));
#17479 = VECTOR('',#17480,1.);
#17480 = DIRECTION('',(0.,1.,0.));
#17481 = ORIENTED_EDGE('',*,*,#17482,.T.);
#17482 = EDGE_CURVE('',#17475,#17483,#17485,.T.);
#17483 = VERTEX_POINT('',#17484);
#17484 = CARTESIAN_POINT('',(-29.2,-18.39,177.5));
#17485 = LINE('',#17486,#17487);
#17486 = CARTESIAN_POINT('',(-29.2,-18.39,174.9));
#17487 = VECTOR('',#17488,1.);
#17488 = DIRECTION('',(0.,0.,1.));
#17489 = ORIENTED_EDGE('',*,*,#17490,.F.);
#17490 = EDGE_CURVE('',#17467,#17483,#17491,.T.);
#17491 = LINE('',#17492,#17493);
#17492 = CARTESIAN_POINT('',(-29.2,-32.39,177.5));
#17493 = VECTOR('',#17494,1.);
#17494 = DIRECTION('',(0.,1.,0.));
#17495 = PLANE('',#17496);
#17496 = AXIS2_PLACEMENT_3D('',#17497,#17498,#17499);
#17497 = CARTESIAN_POINT('',(-29.2,-32.39,174.9));
#17498 = DIRECTION('',(1.,0.,0.));
#17499 = DIRECTION('',(0.,0.,1.));
#17500 = ADVANCED_FACE('',(#17501),#17535,.T.);
#17501 = FACE_BOUND('',#17502,.T.);
#17502 = EDGE_LOOP('',(#17503,#17513,#17521,#17529));
#17503 = ORIENTED_EDGE('',*,*,#17504,.F.);
#17504 = EDGE_CURVE('',#17505,#17507,#17509,.T.);
#17505 = VERTEX_POINT('',#17506);
#17506 = CARTESIAN_POINT('',(-8.8,-32.39,174.9));
#17507 = VERTEX_POINT('',#17508);
#17508 = CARTESIAN_POINT('',(-8.8,-32.39,177.5));
#17509 = LINE('',#17510,#17511);
#17510 = CARTESIAN_POINT('',(-8.8,-32.39,174.9));
#17511 = VECTOR('',#17512,1.);
#17512 = DIRECTION('',(0.,0.,1.));
#17513 = ORIENTED_EDGE('',*,*,#17514,.T.);
#17514 = EDGE_CURVE('',#17505,#17515,#17517,.T.);
#17515 = VERTEX_POINT('',#17516);
#17516 = CARTESIAN_POINT('',(-8.8,-18.39,174.9));
#17517 = LINE('',#17518,#17519);
#17518 = CARTESIAN_POINT('',(-8.8,-32.39,174.9));
#17519 = VECTOR('',#17520,1.);
#17520 = DIRECTION('',(0.,1.,0.));
#17521 = ORIENTED_EDGE('',*,*,#17522,.T.);
#17522 = EDGE_CURVE('',#17515,#17523,#17525,.T.);
#17523 = VERTEX_POINT('',#17524);
#17524 = CARTESIAN_POINT('',(-8.8,-18.39,177.5));
#17525 = LINE('',#17526,#17527);
#17526 = CARTESIAN_POINT('',(-8.8,-18.39,174.9));
#17527 = VECTOR('',#17528,1.);
#17528 = DIRECTION('',(0.,0.,1.));
#17529 = ORIENTED_EDGE('',*,*,#17530,.F.);
#17530 = EDGE_CURVE('',#17507,#17523,#17531,.T.);
#17531 = LINE('',#17532,#17533);
#17532 = CARTESIAN_POINT('',(-8.8,-32.39,177.5));
#17533 = VECTOR('',#17534,1.);
#17534 = DIRECTION('',(0.,1.,0.));
#17535 = PLANE('',#17536);
#17536 = AXIS2_PLACEMENT_3D('',#17537,#17538,#17539);
#17537 = CARTESIAN_POINT('',(-8.8,-32.39,174.9));
#17538 = DIRECTION('',(1.,0.,0.));
#17539 = DIRECTION('',(0.,0.,1.));
#17540 = ADVANCED_FACE('',(#17541),#17557,.F.);
#17541 = FACE_BOUND('',#17542,.F.);
#17542 = EDGE_LOOP('',(#17543,#17549,#17550,#17556));
#17543 = ORIENTED_EDGE('',*,*,#17544,.F.);
#17544 = EDGE_CURVE('',#17465,#17505,#17545,.T.);
#17545 = LINE('',#17546,#17547);
#17546 = CARTESIAN_POINT('',(-29.2,-32.39,174.9));
#17547 = VECTOR('',#17548,1.);
#17548 = DIRECTION('',(1.,0.,0.));
#17549 = ORIENTED_EDGE('',*,*,#17464,.T.);
#17550 = ORIENTED_EDGE('',*,*,#17551,.T.);
#17551 = EDGE_CURVE('',#17467,#17507,#17552,.T.);
#17552 = LINE('',#17553,#17554);
#17553 = CARTESIAN_POINT('',(-29.2,-32.39,177.5));
#17554 = VECTOR('',#17555,1.);
#17555 = DIRECTION('',(1.,0.,0.));
#17556 = ORIENTED_EDGE('',*,*,#17504,.F.);
#17557 = PLANE('',#17558);
#17558 = AXIS2_PLACEMENT_3D('',#17559,#17560,#17561);
#17559 = CARTESIAN_POINT('',(-29.2,-32.39,174.9));
#17560 = DIRECTION('',(0.,1.,0.));
#17561 = DIRECTION('',(0.,0.,1.));
#17562 = ADVANCED_FACE('',(#17563),#17579,.T.);
#17563 = FACE_BOUND('',#17564,.T.);
#17564 = EDGE_LOOP('',(#17565,#17571,#17572,#17578));
#17565 = ORIENTED_EDGE('',*,*,#17566,.F.);
#17566 = EDGE_CURVE('',#17475,#17515,#17567,.T.);
#17567 = LINE('',#17568,#17569);
#17568 = CARTESIAN_POINT('',(-29.2,-18.39,174.9));
#17569 = VECTOR('',#17570,1.);
#17570 = DIRECTION('',(1.,0.,0.));
#17571 = ORIENTED_EDGE('',*,*,#17482,.T.);
#17572 = ORIENTED_EDGE('',*,*,#17573,.T.);
#17573 = EDGE_CURVE('',#17483,#17523,#17574,.T.);
#17574 = LINE('',#17575,#17576);
#17575 = CARTESIAN_POINT('',(-29.2,-18.39,177.5));
#17576 = VECTOR('',#17577,1.);
#17577 = DIRECTION('',(1.,0.,0.));
#17578 = ORIENTED_EDGE('',*,*,#17522,.F.);
#17579 = PLANE('',#17580);
#17580 = AXIS2_PLACEMENT_3D('',#17581,#17582,#17583);
#17581 = CARTESIAN_POINT('',(-29.2,-18.39,174.9));
#17582 = DIRECTION('',(0.,1.,0.));
#17583 = DIRECTION('',(0.,0.,1.));
#17584 = ADVANCED_FACE('',(#17585),#17591,.F.);
#17585 = FACE_BOUND('',#17586,.F.);
#17586 = EDGE_LOOP('',(#17587,#17588,#17589,#17590));
#17587 = ORIENTED_EDGE('',*,*,#17474,.F.);
#17588 = ORIENTED_EDGE('',*,*,#17544,.T.);
#17589 = ORIENTED_EDGE('',*,*,#17514,.T.);
#17590 = ORIENTED_EDGE('',*,*,#17566,.F.);
#17591 = PLANE('',#17592);
#17592 = AXIS2_PLACEMENT_3D('',#17593,#17594,#17595);
#17593 = CARTESIAN_POINT('',(-29.2,-32.39,174.9));
#17594 = DIRECTION('',(0.,0.,1.));
#17595 = DIRECTION('',(1.,0.,0.));
#17596 = ADVANCED_FACE('',(#17597),#17603,.T.);
#17597 = FACE_BOUND('',#17598,.T.);
#17598 = EDGE_LOOP('',(#17599,#17600,#17601,#17602));
#17599 = ORIENTED_EDGE('',*,*,#17490,.F.);
#17600 = ORIENTED_EDGE('',*,*,#17551,.T.);
#17601 = ORIENTED_EDGE('',*,*,#17530,.T.);
#17602 = ORIENTED_EDGE('',*,*,#17573,.F.);
#17603 = PLANE('',#17604);
#17604 = AXIS2_PLACEMENT_3D('',#17605,#17606,#17607);
#17605 = CARTESIAN_POINT('',(-29.2,-32.39,177.5));
#17606 = DIRECTION('',(0.,0.,1.));
#17607 = DIRECTION('',(1.,0.,0.));
#17608 = MANIFOLD_SOLID_BREP('',#17609);
#17609 = CLOSED_SHELL('',(#17610,#17643,#17652));
#17610 = ADVANCED_FACE('',(#17611),#17638,.T.);
#17611 = FACE_BOUND('',#17612,.T.);
#17612 = EDGE_LOOP('',(#17613,#17622,#17630,#17637));
#17613 = ORIENTED_EDGE('',*,*,#17614,.F.);
#17614 = EDGE_CURVE('',#17615,#17615,#17617,.T.);
#17615 = VERTEX_POINT('',#17616);
#17616 = CARTESIAN_POINT('',(77.5,-47.89,23.));
#17617 = CIRCLE('',#17618,3.);
#17618 = AXIS2_PLACEMENT_3D('',#17619,#17620,#17621);
#17619 = CARTESIAN_POINT('',(77.5,-47.89,20.));
#17620 = DIRECTION('',(0.,1.,0.));
#17621 = DIRECTION('',(0.,0.,1.));
#17622 = ORIENTED_EDGE('',*,*,#17623,.F.);
#17623 = EDGE_CURVE('',#17624,#17615,#17626,.T.);
#17624 = VERTEX_POINT('',#17625);
#17625 = CARTESIAN_POINT('',(77.5,-49.89,23.));
#17626 = LINE('',#17627,#17628);
#17627 = CARTESIAN_POINT('',(77.5,-49.89,23.));
#17628 = VECTOR('',#17629,1.);
#17629 = DIRECTION('',(0.,1.,0.));
#17630 = ORIENTED_EDGE('',*,*,#17631,.T.);
#17631 = EDGE_CURVE('',#17624,#17624,#17632,.T.);
#17632 = CIRCLE('',#17633,3.);
#17633 = AXIS2_PLACEMENT_3D('',#17634,#17635,#17636);
#17634 = CARTESIAN_POINT('',(77.5,-49.89,20.));
#17635 = DIRECTION('',(0.,1.,0.));
#17636 = DIRECTION('',(0.,0.,1.));
#17637 = ORIENTED_EDGE('',*,*,#17623,.T.);
#17638 = CYLINDRICAL_SURFACE('',#17639,3.);
#17639 = AXIS2_PLACEMENT_3D('',#17640,#17641,#17642);
#17640 = CARTESIAN_POINT('',(77.5,-49.89,20.));
#17641 = DIRECTION('',(0.,1.,0.));
#17642 = DIRECTION('',(0.,0.,1.));
#17643 = ADVANCED_FACE('',(#17644),#17647,.T.);
#17644 = FACE_BOUND('',#17645,.T.);
#17645 = EDGE_LOOP('',(#17646));
#17646 = ORIENTED_EDGE('',*,*,#17614,.T.);
#17647 = PLANE('',#17648);
#17648 = AXIS2_PLACEMENT_3D('',#17649,#17650,#17651);
#17649 = CARTESIAN_POINT('',(77.5,-47.89,20.));
#17650 = DIRECTION('',(0.,1.,0.));
#17651 = DIRECTION('',(0.,0.,1.));
#17652 = ADVANCED_FACE('',(#17653),#17656,.F.);
#17653 = FACE_BOUND('',#17654,.T.);
#17654 = EDGE_LOOP('',(#17655));
#17655 = ORIENTED_EDGE('',*,*,#17631,.F.);
#17656 = PLANE('',#17657);
#17657 = AXIS2_PLACEMENT_3D('',#17658,#17659,#17660);
#17658 = CARTESIAN_POINT('',(77.5,-49.89,20.));
#17659 = DIRECTION('',(0.,1.,0.));
#17660 = DIRECTION('',(0.,0.,1.));
#17661 = MANIFOLD_SOLID_BREP('',#17662);
#17662 = CLOSED_SHELL('',(#17663,#17696,#17705));
#17663 = ADVANCED_FACE('',(#17664),#17691,.T.);
#17664 = FACE_BOUND('',#17665,.T.);
#17665 = EDGE_LOOP('',(#17666,#17675,#17683,#17690));
#17666 = ORIENTED_EDGE('',*,*,#17667,.F.);
#17667 = EDGE_CURVE('',#17668,#17668,#17670,.T.);
#17668 = VERTEX_POINT('',#17669);
#17669 = CARTESIAN_POINT('',(-77.5,-47.89,23.));
#17670 = CIRCLE('',#17671,3.);
#17671 = AXIS2_PLACEMENT_3D('',#17672,#17673,#17674);
#17672 = CARTESIAN_POINT('',(-77.5,-47.89,20.));
#17673 = DIRECTION('',(0.,1.,0.));
#17674 = DIRECTION('',(0.,0.,1.));
#17675 = ORIENTED_EDGE('',*,*,#17676,.F.);
#17676 = EDGE_CURVE('',#17677,#17668,#17679,.T.);
#17677 = VERTEX_POINT('',#17678);
#17678 = CARTESIAN_POINT('',(-77.5,-49.89,23.));
#17679 = LINE('',#17680,#17681);
#17680 = CARTESIAN_POINT('',(-77.5,-49.89,23.));
#17681 = VECTOR('',#17682,1.);
#17682 = DIRECTION('',(0.,1.,0.));
#17683 = ORIENTED_EDGE('',*,*,#17684,.T.);
#17684 = EDGE_CURVE('',#17677,#17677,#17685,.T.);
#17685 = CIRCLE('',#17686,3.);
#17686 = AXIS2_PLACEMENT_3D('',#17687,#17688,#17689);
#17687 = CARTESIAN_POINT('',(-77.5,-49.89,20.));
#17688 = DIRECTION('',(0.,1.,0.));
#17689 = DIRECTION('',(0.,0.,1.));
#17690 = ORIENTED_EDGE('',*,*,#17676,.T.);
#17691 = CYLINDRICAL_SURFACE('',#17692,3.);
#17692 = AXIS2_PLACEMENT_3D('',#17693,#17694,#17695);
#17693 = CARTESIAN_POINT('',(-77.5,-49.89,20.));
#17694 = DIRECTION('',(0.,1.,0.));
#17695 = DIRECTION('',(0.,0.,1.));
#17696 = ADVANCED_FACE('',(#17697),#17700,.T.);
#17697 = FACE_BOUND('',#17698,.T.);
#17698 = EDGE_LOOP('',(#17699));
#17699 = ORIENTED_EDGE('',*,*,#17667,.T.);
#17700 = PLANE('',#17701);
#17701 = AXIS2_PLACEMENT_3D('',#17702,#17703,#17704);
#17702 = CARTESIAN_POINT('',(-77.5,-47.89,20.));
#17703 = DIRECTION('',(0.,1.,0.));
#17704 = DIRECTION('',(0.,0.,1.));
#17705 = ADVANCED_FACE('',(#17706),#17709,.F.);
#17706 = FACE_BOUND('',#17707,.T.);
#17707 = EDGE_LOOP('',(#17708));
#17708 = ORIENTED_EDGE('',*,*,#17684,.F.);
#17709 = PLANE('',#17710);
#17710 = AXIS2_PLACEMENT_3D('',#17711,#17712,#17713);
#17711 = CARTESIAN_POINT('',(-77.5,-49.89,20.));
#17712 = DIRECTION('',(0.,1.,0.));
#17713 = DIRECTION('',(0.,0.,1.));
#17714 = MANIFOLD_SOLID_BREP('',#17715);
#17715 = CLOSED_SHELL('',(#17716,#17749,#17758));
#17716 = ADVANCED_FACE('',(#17717),#17744,.T.);
#17717 = FACE_BOUND('',#17718,.T.);
#17718 = EDGE_LOOP('',(#17719,#17728,#17736,#17743));
#17719 = ORIENTED_EDGE('',*,*,#17720,.F.);
#17720 = EDGE_CURVE('',#17721,#17721,#17723,.T.);
#17721 = VERTEX_POINT('',#17722);
#17722 = CARTESIAN_POINT('',(77.5,-45.39,23.));
#17723 = CIRCLE('',#17724,3.);
#17724 = AXIS2_PLACEMENT_3D('',#17725,#17726,#17727);
#17725 = CARTESIAN_POINT('',(77.5,-45.39,20.));
#17726 = DIRECTION('',(0.,1.,0.));
#17727 = DIRECTION('',(0.,0.,1.));
#17728 = ORIENTED_EDGE('',*,*,#17729,.F.);
#17729 = EDGE_CURVE('',#17730,#17721,#17732,.T.);
#17730 = VERTEX_POINT('',#17731);
#17731 = CARTESIAN_POINT('',(77.5,-47.39,23.));
#17732 = LINE('',#17733,#17734);
#17733 = CARTESIAN_POINT('',(77.5,-47.39,23.));
#17734 = VECTOR('',#17735,1.);
#17735 = DIRECTION('',(0.,1.,0.));
#17736 = ORIENTED_EDGE('',*,*,#17737,.T.);
#17737 = EDGE_CURVE('',#17730,#17730,#17738,.T.);
#17738 = CIRCLE('',#17739,3.);
#17739 = AXIS2_PLACEMENT_3D('',#17740,#17741,#17742);
#17740 = CARTESIAN_POINT('',(77.5,-47.39,20.));
#17741 = DIRECTION('',(0.,1.,0.));
#17742 = DIRECTION('',(0.,0.,1.));
#17743 = ORIENTED_EDGE('',*,*,#17729,.T.);
#17744 = CYLINDRICAL_SURFACE('',#17745,3.);
#17745 = AXIS2_PLACEMENT_3D('',#17746,#17747,#17748);
#17746 = CARTESIAN_POINT('',(77.5,-47.39,20.));
#17747 = DIRECTION('',(0.,1.,0.));
#17748 = DIRECTION('',(0.,0.,1.));
#17749 = ADVANCED_FACE('',(#17750),#17753,.T.);
#17750 = FACE_BOUND('',#17751,.T.);
#17751 = EDGE_LOOP('',(#17752));
#17752 = ORIENTED_EDGE('',*,*,#17720,.T.);
#17753 = PLANE('',#17754);
#17754 = AXIS2_PLACEMENT_3D('',#17755,#17756,#17757);
#17755 = CARTESIAN_POINT('',(77.5,-45.39,20.));
#17756 = DIRECTION('',(0.,1.,0.));
#17757 = DIRECTION('',(0.,0.,1.));
#17758 = ADVANCED_FACE('',(#17759),#17762,.F.);
#17759 = FACE_BOUND('',#17760,.T.);
#17760 = EDGE_LOOP('',(#17761));
#17761 = ORIENTED_EDGE('',*,*,#17737,.F.);
#17762 = PLANE('',#17763);
#17763 = AXIS2_PLACEMENT_3D('',#17764,#17765,#17766);
#17764 = CARTESIAN_POINT('',(77.5,-47.39,20.));
#17765 = DIRECTION('',(0.,1.,0.));
#17766 = DIRECTION('',(0.,0.,1.));
#17767 = MANIFOLD_SOLID_BREP('',#17768);
#17768 = CLOSED_SHELL('',(#17769,#17802,#17811));
#17769 = ADVANCED_FACE('',(#17770),#17797,.T.);
#17770 = FACE_BOUND('',#17771,.T.);
#17771 = EDGE_LOOP('',(#17772,#17781,#17789,#17796));
#17772 = ORIENTED_EDGE('',*,*,#17773,.F.);
#17773 = EDGE_CURVE('',#17774,#17774,#17776,.T.);
#17774 = VERTEX_POINT('',#17775);
#17775 = CARTESIAN_POINT('',(-77.5,-45.39,23.));
#17776 = CIRCLE('',#17777,3.);
#17777 = AXIS2_PLACEMENT_3D('',#17778,#17779,#17780);
#17778 = CARTESIAN_POINT('',(-77.5,-45.39,20.));
#17779 = DIRECTION('',(0.,1.,0.));
#17780 = DIRECTION('',(0.,0.,1.));
#17781 = ORIENTED_EDGE('',*,*,#17782,.F.);
#17782 = EDGE_CURVE('',#17783,#17774,#17785,.T.);
#17783 = VERTEX_POINT('',#17784);
#17784 = CARTESIAN_POINT('',(-77.5,-47.39,23.));
#17785 = LINE('',#17786,#17787);
#17786 = CARTESIAN_POINT('',(-77.5,-47.39,23.));
#17787 = VECTOR('',#17788,1.);
#17788 = DIRECTION('',(0.,1.,0.));
#17789 = ORIENTED_EDGE('',*,*,#17790,.T.);
#17790 = EDGE_CURVE('',#17783,#17783,#17791,.T.);
#17791 = CIRCLE('',#17792,3.);
#17792 = AXIS2_PLACEMENT_3D('',#17793,#17794,#17795);
#17793 = CARTESIAN_POINT('',(-77.5,-47.39,20.));
#17794 = DIRECTION('',(0.,1.,0.));
#17795 = DIRECTION('',(0.,0.,1.));
#17796 = ORIENTED_EDGE('',*,*,#17782,.T.);
#17797 = CYLINDRICAL_SURFACE('',#17798,3.);
#17798 = AXIS2_PLACEMENT_3D('',#17799,#17800,#17801);
#17799 = CARTESIAN_POINT('',(-77.5,-47.39,20.));
#17800 = DIRECTION('',(0.,1.,0.));
#17801 = DIRECTION('',(0.,0.,1.));
#17802 = ADVANCED_FACE('',(#17803),#17806,.T.);
#17803 = FACE_BOUND('',#17804,.T.);
#17804 = EDGE_LOOP('',(#17805));
#17805 = ORIENTED_EDGE('',*,*,#17773,.T.);
#17806 = PLANE('',#17807);
#17807 = AXIS2_PLACEMENT_3D('',#17808,#17809,#17810);
#17808 = CARTESIAN_POINT('',(-77.5,-45.39,20.));
#17809 = DIRECTION('',(0.,1.,0.));
#17810 = DIRECTION('',(0.,0.,1.));
#17811 = ADVANCED_FACE('',(#17812),#17815,.F.);
#17812 = FACE_BOUND('',#17813,.T.);
#17813 = EDGE_LOOP('',(#17814));
#17814 = ORIENTED_EDGE('',*,*,#17790,.F.);
#17815 = PLANE('',#17816);
#17816 = AXIS2_PLACEMENT_3D('',#17817,#17818,#17819);
#17817 = CARTESIAN_POINT('',(-77.5,-47.39,20.));
#17818 = DIRECTION('',(0.,1.,0.));
#17819 = DIRECTION('',(0.,0.,1.));
#17820 = MANIFOLD_SOLID_BREP('',#17821);
#17821 = CLOSED_SHELL('',(#17822,#17855,#17864));
#17822 = ADVANCED_FACE('',(#17823),#17850,.T.);
#17823 = FACE_BOUND('',#17824,.T.);
#17824 = EDGE_LOOP('',(#17825,#17834,#17842,#17849));
#17825 = ORIENTED_EDGE('',*,*,#17826,.F.);
#17826 = EDGE_CURVE('',#17827,#17827,#17829,.T.);
#17827 = VERTEX_POINT('',#17828);
#17828 = CARTESIAN_POINT('',(-12.75,-15.,218.4));
#17829 = CIRCLE('',#17830,2.25);
#17830 = AXIS2_PLACEMENT_3D('',#17831,#17832,#17833);
#17831 = CARTESIAN_POINT('',(-15.,-15.,218.4));
#17832 = DIRECTION('',(0.,0.,1.));
#17833 = DIRECTION('',(1.,0.,0.));
#17834 = ORIENTED_EDGE('',*,*,#17835,.F.);
#17835 = EDGE_CURVE('',#17836,#17827,#17838,.T.);
#17836 = VERTEX_POINT('',#17837);
#17837 = CARTESIAN_POINT('',(-12.75,-15.,216.8));
#17838 = LINE('',#17839,#17840);
#17839 = CARTESIAN_POINT('',(-12.75,-15.,216.8));
#17840 = VECTOR('',#17841,1.);
#17841 = DIRECTION('',(0.,0.,1.));
#17842 = ORIENTED_EDGE('',*,*,#17843,.T.);
#17843 = EDGE_CURVE('',#17836,#17836,#17844,.T.);
#17844 = CIRCLE('',#17845,2.25);
#17845 = AXIS2_PLACEMENT_3D('',#17846,#17847,#17848);
#17846 = CARTESIAN_POINT('',(-15.,-15.,216.8));
#17847 = DIRECTION('',(0.,0.,1.));
#17848 = DIRECTION('',(1.,0.,0.));
#17849 = ORIENTED_EDGE('',*,*,#17835,.T.);
#17850 = CYLINDRICAL_SURFACE('',#17851,2.25);
#17851 = AXIS2_PLACEMENT_3D('',#17852,#17853,#17854);
#17852 = CARTESIAN_POINT('',(-15.,-15.,216.8));
#17853 = DIRECTION('',(0.,0.,1.));
#17854 = DIRECTION('',(1.,0.,0.));
#17855 = ADVANCED_FACE('',(#17856),#17859,.T.);
#17856 = FACE_BOUND('',#17857,.T.);
#17857 = EDGE_LOOP('',(#17858));
#17858 = ORIENTED_EDGE('',*,*,#17826,.T.);
#17859 = PLANE('',#17860);
#17860 = AXIS2_PLACEMENT_3D('',#17861,#17862,#17863);
#17861 = CARTESIAN_POINT('',(-15.,-15.,218.4));
#17862 = DIRECTION('',(0.,0.,1.));
#17863 = DIRECTION('',(1.,0.,0.));
#17864 = ADVANCED_FACE('',(#17865),#17868,.F.);
#17865 = FACE_BOUND('',#17866,.T.);
#17866 = EDGE_LOOP('',(#17867));
#17867 = ORIENTED_EDGE('',*,*,#17843,.F.);
#17868 = PLANE('',#17869);
#17869 = AXIS2_PLACEMENT_3D('',#17870,#17871,#17872);
#17870 = CARTESIAN_POINT('',(-15.,-15.,216.8));
#17871 = DIRECTION('',(0.,0.,1.));
#17872 = DIRECTION('',(1.,0.,0.));
#17873 = MANIFOLD_SOLID_BREP('',#17874);
#17874 = CLOSED_SHELL('',(#17875,#17908,#17917));
#17875 = ADVANCED_FACE('',(#17876),#17903,.T.);
#17876 = FACE_BOUND('',#17877,.T.);
#17877 = EDGE_LOOP('',(#17878,#17887,#17895,#17902));
#17878 = ORIENTED_EDGE('',*,*,#17879,.F.);
#17879 = EDGE_CURVE('',#17880,#17880,#17882,.T.);
#17880 = VERTEX_POINT('',#17881);
#17881 = CARTESIAN_POINT('',(-12.75,15.,218.4));
#17882 = CIRCLE('',#17883,2.25);
#17883 = AXIS2_PLACEMENT_3D('',#17884,#17885,#17886);
#17884 = CARTESIAN_POINT('',(-15.,15.,218.4));
#17885 = DIRECTION('',(0.,0.,1.));
#17886 = DIRECTION('',(1.,0.,0.));
#17887 = ORIENTED_EDGE('',*,*,#17888,.F.);
#17888 = EDGE_CURVE('',#17889,#17880,#17891,.T.);
#17889 = VERTEX_POINT('',#17890);
#17890 = CARTESIAN_POINT('',(-12.75,15.,216.8));
#17891 = LINE('',#17892,#17893);
#17892 = CARTESIAN_POINT('',(-12.75,15.,216.8));
#17893 = VECTOR('',#17894,1.);
#17894 = DIRECTION('',(0.,0.,1.));
#17895 = ORIENTED_EDGE('',*,*,#17896,.T.);
#17896 = EDGE_CURVE('',#17889,#17889,#17897,.T.);
#17897 = CIRCLE('',#17898,2.25);
#17898 = AXIS2_PLACEMENT_3D('',#17899,#17900,#17901);
#17899 = CARTESIAN_POINT('',(-15.,15.,216.8));
#17900 = DIRECTION('',(0.,0.,1.));
#17901 = DIRECTION('',(1.,0.,0.));
#17902 = ORIENTED_EDGE('',*,*,#17888,.T.);
#17903 = CYLINDRICAL_SURFACE('',#17904,2.25);
#17904 = AXIS2_PLACEMENT_3D('',#17905,#17906,#17907);
#17905 = CARTESIAN_POINT('',(-15.,15.,216.8));
#17906 = DIRECTION('',(0.,0.,1.));
#17907 = DIRECTION('',(1.,0.,0.));
#17908 = ADVANCED_FACE('',(#17909),#17912,.T.);
#17909 = FACE_BOUND('',#17910,.T.);
#17910 = EDGE_LOOP('',(#17911));
#17911 = ORIENTED_EDGE('',*,*,#17879,.T.);
#17912 = PLANE('',#17913);
#17913 = AXIS2_PLACEMENT_3D('',#17914,#17915,#17916);
#17914 = CARTESIAN_POINT('',(-15.,15.,218.4));
#17915 = DIRECTION('',(0.,0.,1.));
#17916 = DIRECTION('',(1.,0.,0.));
#17917 = ADVANCED_FACE('',(#17918),#17921,.F.);
#17918 = FACE_BOUND('',#17919,.T.);
#17919 = EDGE_LOOP('',(#17920));
#17920 = ORIENTED_EDGE('',*,*,#17896,.F.);
#17921 = PLANE('',#17922);
#17922 = AXIS2_PLACEMENT_3D('',#17923,#17924,#17925);
#17923 = CARTESIAN_POINT('',(-15.,15.,216.8));
#17924 = DIRECTION('',(0.,0.,1.));
#17925 = DIRECTION('',(1.,0.,0.));
#17926 = MANIFOLD_SOLID_BREP('',#17927);
#17927 = CLOSED_SHELL('',(#17928,#17961,#17970));
#17928 = ADVANCED_FACE('',(#17929),#17956,.T.);
#17929 = FACE_BOUND('',#17930,.T.);
#17930 = EDGE_LOOP('',(#17931,#17940,#17948,#17955));
#17931 = ORIENTED_EDGE('',*,*,#17932,.F.);
#17932 = EDGE_CURVE('',#17933,#17933,#17935,.T.);
#17933 = VERTEX_POINT('',#17934);
#17934 = CARTESIAN_POINT('',(17.25,-15.,218.4));
#17935 = CIRCLE('',#17936,2.25);
#17936 = AXIS2_PLACEMENT_3D('',#17937,#17938,#17939);
#17937 = CARTESIAN_POINT('',(15.,-15.,218.4));
#17938 = DIRECTION('',(0.,0.,1.));
#17939 = DIRECTION('',(1.,0.,0.));
#17940 = ORIENTED_EDGE('',*,*,#17941,.F.);
#17941 = EDGE_CURVE('',#17942,#17933,#17944,.T.);
#17942 = VERTEX_POINT('',#17943);
#17943 = CARTESIAN_POINT('',(17.25,-15.,216.8));
#17944 = LINE('',#17945,#17946);
#17945 = CARTESIAN_POINT('',(17.25,-15.,216.8));
#17946 = VECTOR('',#17947,1.);
#17947 = DIRECTION('',(0.,0.,1.));
#17948 = ORIENTED_EDGE('',*,*,#17949,.T.);
#17949 = EDGE_CURVE('',#17942,#17942,#17950,.T.);
#17950 = CIRCLE('',#17951,2.25);
#17951 = AXIS2_PLACEMENT_3D('',#17952,#17953,#17954);
#17952 = CARTESIAN_POINT('',(15.,-15.,216.8));
#17953 = DIRECTION('',(0.,0.,1.));
#17954 = DIRECTION('',(1.,0.,0.));
#17955 = ORIENTED_EDGE('',*,*,#17941,.T.);
#17956 = CYLINDRICAL_SURFACE('',#17957,2.25);
#17957 = AXIS2_PLACEMENT_3D('',#17958,#17959,#17960);
#17958 = CARTESIAN_POINT('',(15.,-15.,216.8));
#17959 = DIRECTION('',(0.,0.,1.));
#17960 = DIRECTION('',(1.,0.,0.));
#17961 = ADVANCED_FACE('',(#17962),#17965,.T.);
#17962 = FACE_BOUND('',#17963,.T.);
#17963 = EDGE_LOOP('',(#17964));
#17964 = ORIENTED_EDGE('',*,*,#17932,.T.);
#17965 = PLANE('',#17966);
#17966 = AXIS2_PLACEMENT_3D('',#17967,#17968,#17969);
#17967 = CARTESIAN_POINT('',(15.,-15.,218.4));
#17968 = DIRECTION('',(0.,0.,1.));
#17969 = DIRECTION('',(1.,0.,0.));
#17970 = ADVANCED_FACE('',(#17971),#17974,.F.);
#17971 = FACE_BOUND('',#17972,.T.);
#17972 = EDGE_LOOP('',(#17973));
#17973 = ORIENTED_EDGE('',*,*,#17949,.F.);
#17974 = PLANE('',#17975);
#17975 = AXIS2_PLACEMENT_3D('',#17976,#17977,#17978);
#17976 = CARTESIAN_POINT('',(15.,-15.,216.8));
#17977 = DIRECTION('',(0.,0.,1.));
#17978 = DIRECTION('',(1.,0.,0.));
#17979 = MANIFOLD_SOLID_BREP('',#17980);
#17980 = CLOSED_SHELL('',(#17981,#18014,#18023));
#17981 = ADVANCED_FACE('',(#17982),#18009,.T.);
#17982 = FACE_BOUND('',#17983,.T.);
#17983 = EDGE_LOOP('',(#17984,#17993,#18001,#18008));
#17984 = ORIENTED_EDGE('',*,*,#17985,.F.);
#17985 = EDGE_CURVE('',#17986,#17986,#17988,.T.);
#17986 = VERTEX_POINT('',#17987);
#17987 = CARTESIAN_POINT('',(17.25,15.,218.4));
#17988 = CIRCLE('',#17989,2.25);
#17989 = AXIS2_PLACEMENT_3D('',#17990,#17991,#17992);
#17990 = CARTESIAN_POINT('',(15.,15.,218.4));
#17991 = DIRECTION('',(0.,0.,1.));
#17992 = DIRECTION('',(1.,0.,0.));
#17993 = ORIENTED_EDGE('',*,*,#17994,.F.);
#17994 = EDGE_CURVE('',#17995,#17986,#17997,.T.);
#17995 = VERTEX_POINT('',#17996);
#17996 = CARTESIAN_POINT('',(17.25,15.,216.8));
#17997 = LINE('',#17998,#17999);
#17998 = CARTESIAN_POINT('',(17.25,15.,216.8));
#17999 = VECTOR('',#18000,1.);
#18000 = DIRECTION('',(0.,0.,1.));
#18001 = ORIENTED_EDGE('',*,*,#18002,.T.);
#18002 = EDGE_CURVE('',#17995,#17995,#18003,.T.);
#18003 = CIRCLE('',#18004,2.25);
#18004 = AXIS2_PLACEMENT_3D('',#18005,#18006,#18007);
#18005 = CARTESIAN_POINT('',(15.,15.,216.8));
#18006 = DIRECTION('',(0.,0.,1.));
#18007 = DIRECTION('',(1.,0.,0.));
#18008 = ORIENTED_EDGE('',*,*,#17994,.T.);
#18009 = CYLINDRICAL_SURFACE('',#18010,2.25);
#18010 = AXIS2_PLACEMENT_3D('',#18011,#18012,#18013);
#18011 = CARTESIAN_POINT('',(15.,15.,216.8));
#18012 = DIRECTION('',(0.,0.,1.));
#18013 = DIRECTION('',(1.,0.,0.));
#18014 = ADVANCED_FACE('',(#18015),#18018,.T.);
#18015 = FACE_BOUND('',#18016,.T.);
#18016 = EDGE_LOOP('',(#18017));
#18017 = ORIENTED_EDGE('',*,*,#17985,.T.);
#18018 = PLANE('',#18019);
#18019 = AXIS2_PLACEMENT_3D('',#18020,#18021,#18022);
#18020 = CARTESIAN_POINT('',(15.,15.,218.4));
#18021 = DIRECTION('',(0.,0.,1.));
#18022 = DIRECTION('',(1.,0.,0.));
#18023 = ADVANCED_FACE('',(#18024),#18027,.F.);
#18024 = FACE_BOUND('',#18025,.T.);
#18025 = EDGE_LOOP('',(#18026));
#18026 = ORIENTED_EDGE('',*,*,#18002,.F.);
#18027 = PLANE('',#18028);
#18028 = AXIS2_PLACEMENT_3D('',#18029,#18030,#18031);
#18029 = CARTESIAN_POINT('',(15.,15.,216.8));
#18030 = DIRECTION('',(0.,0.,1.));
#18031 = DIRECTION('',(1.,0.,0.));
#18032 = MANIFOLD_SOLID_BREP('',#18033);
#18033 = CLOSED_SHELL('',(#18034,#18067,#18076));
#18034 = ADVANCED_FACE('',(#18035),#18062,.T.);
#18035 = FACE_BOUND('',#18036,.T.);
#18036 = EDGE_LOOP('',(#18037,#18046,#18054,#18061));
#18037 = ORIENTED_EDGE('',*,*,#18038,.F.);
#18038 = EDGE_CURVE('',#18039,#18039,#18041,.T.);
#18039 = VERTEX_POINT('',#18040);
#18040 = CARTESIAN_POINT('',(25.75,-26.5,218.4));
#18041 = CIRCLE('',#18042,2.25);
#18042 = AXIS2_PLACEMENT_3D('',#18043,#18044,#18045);
#18043 = CARTESIAN_POINT('',(23.5,-26.5,218.4));
#18044 = DIRECTION('',(0.,0.,1.));
#18045 = DIRECTION('',(1.,0.,0.));
#18046 = ORIENTED_EDGE('',*,*,#18047,.F.);
#18047 = EDGE_CURVE('',#18048,#18039,#18050,.T.);
#18048 = VERTEX_POINT('',#18049);
#18049 = CARTESIAN_POINT('',(25.75,-26.5,216.8));
#18050 = LINE('',#18051,#18052);
#18051 = CARTESIAN_POINT('',(25.75,-26.5,216.8));
#18052 = VECTOR('',#18053,1.);
#18053 = DIRECTION('',(0.,0.,1.));
#18054 = ORIENTED_EDGE('',*,*,#18055,.T.);
#18055 = EDGE_CURVE('',#18048,#18048,#18056,.T.);
#18056 = CIRCLE('',#18057,2.25);
#18057 = AXIS2_PLACEMENT_3D('',#18058,#18059,#18060);
#18058 = CARTESIAN_POINT('',(23.5,-26.5,216.8));
#18059 = DIRECTION('',(0.,0.,1.));
#18060 = DIRECTION('',(1.,0.,0.));
#18061 = ORIENTED_EDGE('',*,*,#18047,.T.);
#18062 = CYLINDRICAL_SURFACE('',#18063,2.25);
#18063 = AXIS2_PLACEMENT_3D('',#18064,#18065,#18066);
#18064 = CARTESIAN_POINT('',(23.5,-26.5,216.8));
#18065 = DIRECTION('',(0.,0.,1.));
#18066 = DIRECTION('',(1.,0.,0.));
#18067 = ADVANCED_FACE('',(#18068),#18071,.T.);
#18068 = FACE_BOUND('',#18069,.T.);
#18069 = EDGE_LOOP('',(#18070));
#18070 = ORIENTED_EDGE('',*,*,#18038,.T.);
#18071 = PLANE('',#18072);
#18072 = AXIS2_PLACEMENT_3D('',#18073,#18074,#18075);
#18073 = CARTESIAN_POINT('',(23.5,-26.5,218.4));
#18074 = DIRECTION('',(0.,0.,1.));
#18075 = DIRECTION('',(1.,0.,0.));
#18076 = ADVANCED_FACE('',(#18077),#18080,.F.);
#18077 = FACE_BOUND('',#18078,.T.);
#18078 = EDGE_LOOP('',(#18079));
#18079 = ORIENTED_EDGE('',*,*,#18055,.F.);
#18080 = PLANE('',#18081);
#18081 = AXIS2_PLACEMENT_3D('',#18082,#18083,#18084);
#18082 = CARTESIAN_POINT('',(23.5,-26.5,216.8));
#18083 = DIRECTION('',(0.,0.,1.));
#18084 = DIRECTION('',(1.,0.,0.));
#18085 = MANIFOLD_SOLID_BREP('',#18086);
#18086 = CLOSED_SHELL('',(#18087,#18120,#18129));
#18087 = ADVANCED_FACE('',(#18088),#18115,.T.);
#18088 = FACE_BOUND('',#18089,.T.);
#18089 = EDGE_LOOP('',(#18090,#18099,#18107,#18114));
#18090 = ORIENTED_EDGE('',*,*,#18091,.F.);
#18091 = EDGE_CURVE('',#18092,#18092,#18094,.T.);
#18092 = VERTEX_POINT('',#18093);
#18093 = CARTESIAN_POINT('',(74.75,-26.5,218.4));
#18094 = CIRCLE('',#18095,2.25);
#18095 = AXIS2_PLACEMENT_3D('',#18096,#18097,#18098);
#18096 = CARTESIAN_POINT('',(72.5,-26.5,218.4));
#18097 = DIRECTION('',(0.,0.,1.));
#18098 = DIRECTION('',(1.,0.,0.));
#18099 = ORIENTED_EDGE('',*,*,#18100,.F.);
#18100 = EDGE_CURVE('',#18101,#18092,#18103,.T.);
#18101 = VERTEX_POINT('',#18102);
#18102 = CARTESIAN_POINT('',(74.75,-26.5,216.8));
#18103 = LINE('',#18104,#18105);
#18104 = CARTESIAN_POINT('',(74.75,-26.5,216.8));
#18105 = VECTOR('',#18106,1.);
#18106 = DIRECTION('',(0.,0.,1.));
#18107 = ORIENTED_EDGE('',*,*,#18108,.T.);
#18108 = EDGE_CURVE('',#18101,#18101,#18109,.T.);
#18109 = CIRCLE('',#18110,2.25);
#18110 = AXIS2_PLACEMENT_3D('',#18111,#18112,#18113);
#18111 = CARTESIAN_POINT('',(72.5,-26.5,216.8));
#18112 = DIRECTION('',(0.,0.,1.));
#18113 = DIRECTION('',(1.,0.,0.));
#18114 = ORIENTED_EDGE('',*,*,#18100,.T.);
#18115 = CYLINDRICAL_SURFACE('',#18116,2.25);
#18116 = AXIS2_PLACEMENT_3D('',#18117,#18118,#18119);
#18117 = CARTESIAN_POINT('',(72.5,-26.5,216.8));
#18118 = DIRECTION('',(0.,0.,1.));
#18119 = DIRECTION('',(1.,0.,0.));
#18120 = ADVANCED_FACE('',(#18121),#18124,.T.);
#18121 = FACE_BOUND('',#18122,.T.);
#18122 = EDGE_LOOP('',(#18123));
#18123 = ORIENTED_EDGE('',*,*,#18091,.T.);
#18124 = PLANE('',#18125);
#18125 = AXIS2_PLACEMENT_3D('',#18126,#18127,#18128);
#18126 = CARTESIAN_POINT('',(72.5,-26.5,218.4));
#18127 = DIRECTION('',(0.,0.,1.));
#18128 = DIRECTION('',(1.,0.,0.));
#18129 = ADVANCED_FACE('',(#18130),#18133,.F.);
#18130 = FACE_BOUND('',#18131,.T.);
#18131 = EDGE_LOOP('',(#18132));
#18132 = ORIENTED_EDGE('',*,*,#18108,.F.);
#18133 = PLANE('',#18134);
#18134 = AXIS2_PLACEMENT_3D('',#18135,#18136,#18137);
#18135 = CARTESIAN_POINT('',(72.5,-26.5,216.8));
#18136 = DIRECTION('',(0.,0.,1.));
#18137 = DIRECTION('',(1.,0.,0.));
#18138 = MANIFOLD_SOLID_BREP('',#18139);
#18139 = CLOSED_SHELL('',(#18140,#18173,#18182));
#18140 = ADVANCED_FACE('',(#18141),#18168,.T.);
#18141 = FACE_BOUND('',#18142,.T.);
#18142 = EDGE_LOOP('',(#18143,#18152,#18160,#18167));
#18143 = ORIENTED_EDGE('',*,*,#18144,.F.);
#18144 = EDGE_CURVE('',#18145,#18145,#18147,.T.);
#18145 = VERTEX_POINT('',#18146);
#18146 = CARTESIAN_POINT('',(25.75,31.5,218.4));
#18147 = CIRCLE('',#18148,2.25);
#18148 = AXIS2_PLACEMENT_3D('',#18149,#18150,#18151);
#18149 = CARTESIAN_POINT('',(23.5,31.5,218.4));
#18150 = DIRECTION('',(0.,0.,1.));
#18151 = DIRECTION('',(1.,0.,0.));
#18152 = ORIENTED_EDGE('',*,*,#18153,.F.);
#18153 = EDGE_CURVE('',#18154,#18145,#18156,.T.);
#18154 = VERTEX_POINT('',#18155);
#18155 = CARTESIAN_POINT('',(25.75,31.5,216.8));
#18156 = LINE('',#18157,#18158);
#18157 = CARTESIAN_POINT('',(25.75,31.5,216.8));
#18158 = VECTOR('',#18159,1.);
#18159 = DIRECTION('',(0.,0.,1.));
#18160 = ORIENTED_EDGE('',*,*,#18161,.T.);
#18161 = EDGE_CURVE('',#18154,#18154,#18162,.T.);
#18162 = CIRCLE('',#18163,2.25);
#18163 = AXIS2_PLACEMENT_3D('',#18164,#18165,#18166);
#18164 = CARTESIAN_POINT('',(23.5,31.5,216.8));
#18165 = DIRECTION('',(0.,0.,1.));
#18166 = DIRECTION('',(1.,0.,0.));
#18167 = ORIENTED_EDGE('',*,*,#18153,.T.);
#18168 = CYLINDRICAL_SURFACE('',#18169,2.25);
#18169 = AXIS2_PLACEMENT_3D('',#18170,#18171,#18172);
#18170 = CARTESIAN_POINT('',(23.5,31.5,216.8));
#18171 = DIRECTION('',(0.,0.,1.));
#18172 = DIRECTION('',(1.,0.,0.));
#18173 = ADVANCED_FACE('',(#18174),#18177,.T.);
#18174 = FACE_BOUND('',#18175,.T.);
#18175 = EDGE_LOOP('',(#18176));
#18176 = ORIENTED_EDGE('',*,*,#18144,.T.);
#18177 = PLANE('',#18178);
#18178 = AXIS2_PLACEMENT_3D('',#18179,#18180,#18181);
#18179 = CARTESIAN_POINT('',(23.5,31.5,218.4));
#18180 = DIRECTION('',(0.,0.,1.));
#18181 = DIRECTION('',(1.,0.,0.));
#18182 = ADVANCED_FACE('',(#18183),#18186,.F.);
#18183 = FACE_BOUND('',#18184,.T.);
#18184 = EDGE_LOOP('',(#18185));
#18185 = ORIENTED_EDGE('',*,*,#18161,.F.);
#18186 = PLANE('',#18187);
#18187 = AXIS2_PLACEMENT_3D('',#18188,#18189,#18190);
#18188 = CARTESIAN_POINT('',(23.5,31.5,216.8));
#18189 = DIRECTION('',(0.,0.,1.));
#18190 = DIRECTION('',(1.,0.,0.));
#18191 = MANIFOLD_SOLID_BREP('',#18192);
#18192 = CLOSED_SHELL('',(#18193,#18226,#18235));
#18193 = ADVANCED_FACE('',(#18194),#18221,.T.);
#18194 = FACE_BOUND('',#18195,.T.);
#18195 = EDGE_LOOP('',(#18196,#18205,#18213,#18220));
#18196 = ORIENTED_EDGE('',*,*,#18197,.F.);
#18197 = EDGE_CURVE('',#18198,#18198,#18200,.T.);
#18198 = VERTEX_POINT('',#18199);
#18199 = CARTESIAN_POINT('',(74.75,31.5,218.4));
#18200 = CIRCLE('',#18201,2.25);
#18201 = AXIS2_PLACEMENT_3D('',#18202,#18203,#18204);
#18202 = CARTESIAN_POINT('',(72.5,31.5,218.4));
#18203 = DIRECTION('',(0.,0.,1.));
#18204 = DIRECTION('',(1.,0.,0.));
#18205 = ORIENTED_EDGE('',*,*,#18206,.F.);
#18206 = EDGE_CURVE('',#18207,#18198,#18209,.T.);
#18207 = VERTEX_POINT('',#18208);
#18208 = CARTESIAN_POINT('',(74.75,31.5,216.8));
#18209 = LINE('',#18210,#18211);
#18210 = CARTESIAN_POINT('',(74.75,31.5,216.8));
#18211 = VECTOR('',#18212,1.);
#18212 = DIRECTION('',(0.,0.,1.));
#18213 = ORIENTED_EDGE('',*,*,#18214,.T.);
#18214 = EDGE_CURVE('',#18207,#18207,#18215,.T.);
#18215 = CIRCLE('',#18216,2.25);
#18216 = AXIS2_PLACEMENT_3D('',#18217,#18218,#18219);
#18217 = CARTESIAN_POINT('',(72.5,31.5,216.8));
#18218 = DIRECTION('',(0.,0.,1.));
#18219 = DIRECTION('',(1.,0.,0.));
#18220 = ORIENTED_EDGE('',*,*,#18206,.T.);
#18221 = CYLINDRICAL_SURFACE('',#18222,2.25);
#18222 = AXIS2_PLACEMENT_3D('',#18223,#18224,#18225);
#18223 = CARTESIAN_POINT('',(72.5,31.5,216.8));
#18224 = DIRECTION('',(0.,0.,1.));
#18225 = DIRECTION('',(1.,0.,0.));
#18226 = ADVANCED_FACE('',(#18227),#18230,.T.);
#18227 = FACE_BOUND('',#18228,.T.);
#18228 = EDGE_LOOP('',(#18229));
#18229 = ORIENTED_EDGE('',*,*,#18197,.T.);
#18230 = PLANE('',#18231);
#18231 = AXIS2_PLACEMENT_3D('',#18232,#18233,#18234);
#18232 = CARTESIAN_POINT('',(72.5,31.5,218.4));
#18233 = DIRECTION('',(0.,0.,1.));
#18234 = DIRECTION('',(1.,0.,0.));
#18235 = ADVANCED_FACE('',(#18236),#18239,.F.);
#18236 = FACE_BOUND('',#18237,.T.);
#18237 = EDGE_LOOP('',(#18238));
#18238 = ORIENTED_EDGE('',*,*,#18214,.F.);
#18239 = PLANE('',#18240);
#18240 = AXIS2_PLACEMENT_3D('',#18241,#18242,#18243);
#18241 = CARTESIAN_POINT('',(72.5,31.5,216.8));
#18242 = DIRECTION('',(0.,0.,1.));
#18243 = DIRECTION('',(1.,0.,0.));
#18244 = MANIFOLD_SOLID_BREP('',#18245);
#18245 = CLOSED_SHELL('',(#18246,#18279,#18288));
#18246 = ADVANCED_FACE('',(#18247),#18274,.T.);
#18247 = FACE_BOUND('',#18248,.T.);
#18248 = EDGE_LOOP('',(#18249,#18258,#18266,#18273));
#18249 = ORIENTED_EDGE('',*,*,#18250,.F.);
#18250 = EDGE_CURVE('',#18251,#18251,#18253,.T.);
#18251 = VERTEX_POINT('',#18252);
#18252 = CARTESIAN_POINT('',(-45.,-36.99,177.9));
#18253 = CIRCLE('',#18254,1.9);
#18254 = AXIS2_PLACEMENT_3D('',#18255,#18256,#18257);
#18255 = CARTESIAN_POINT('',(-45.,-36.99,176.));
#18256 = DIRECTION('',(0.,1.,0.));
#18257 = DIRECTION('',(0.,0.,1.));
#18258 = ORIENTED_EDGE('',*,*,#18259,.F.);
#18259 = EDGE_CURVE('',#18260,#18251,#18262,.T.);
#18260 = VERTEX_POINT('',#18261);
#18261 = CARTESIAN_POINT('',(-45.,-38.39,177.9));
#18262 = LINE('',#18263,#18264);
#18263 = CARTESIAN_POINT('',(-45.,-38.39,177.9));
#18264 = VECTOR('',#18265,1.);
#18265 = DIRECTION('',(0.,1.,0.));
#18266 = ORIENTED_EDGE('',*,*,#18267,.T.);
#18267 = EDGE_CURVE('',#18260,#18260,#18268,.T.);
#18268 = CIRCLE('',#18269,1.9);
#18269 = AXIS2_PLACEMENT_3D('',#18270,#18271,#18272);
#18270 = CARTESIAN_POINT('',(-45.,-38.39,176.));
#18271 = DIRECTION('',(0.,1.,0.));
#18272 = DIRECTION('',(0.,0.,1.));
#18273 = ORIENTED_EDGE('',*,*,#18259,.T.);
#18274 = CYLINDRICAL_SURFACE('',#18275,1.9);
#18275 = AXIS2_PLACEMENT_3D('',#18276,#18277,#18278);
#18276 = CARTESIAN_POINT('',(-45.,-38.39,176.));
#18277 = DIRECTION('',(0.,1.,0.));
#18278 = DIRECTION('',(0.,0.,1.));
#18279 = ADVANCED_FACE('',(#18280),#18283,.T.);
#18280 = FACE_BOUND('',#18281,.T.);
#18281 = EDGE_LOOP('',(#18282));
#18282 = ORIENTED_EDGE('',*,*,#18250,.T.);
#18283 = PLANE('',#18284);
#18284 = AXIS2_PLACEMENT_3D('',#18285,#18286,#18287);
#18285 = CARTESIAN_POINT('',(-45.,-36.99,176.));
#18286 = DIRECTION('',(0.,1.,0.));
#18287 = DIRECTION('',(0.,0.,1.));
#18288 = ADVANCED_FACE('',(#18289),#18292,.F.);
#18289 = FACE_BOUND('',#18290,.T.);
#18290 = EDGE_LOOP('',(#18291));
#18291 = ORIENTED_EDGE('',*,*,#18267,.F.);
#18292 = PLANE('',#18293);
#18293 = AXIS2_PLACEMENT_3D('',#18294,#18295,#18296);
#18294 = CARTESIAN_POINT('',(-45.,-38.39,176.));
#18295 = DIRECTION('',(0.,1.,0.));
#18296 = DIRECTION('',(0.,0.,1.));
#18297 = MANIFOLD_SOLID_BREP('',#18298);
#18298 = CLOSED_SHELL('',(#18299,#18332,#18341));
#18299 = ADVANCED_FACE('',(#18300),#18327,.T.);
#18300 = FACE_BOUND('',#18301,.T.);
#18301 = EDGE_LOOP('',(#18302,#18311,#18319,#18326));
#18302 = ORIENTED_EDGE('',*,*,#18303,.F.);
#18303 = EDGE_CURVE('',#18304,#18304,#18306,.T.);
#18304 = VERTEX_POINT('',#18305);
#18305 = CARTESIAN_POINT('',(-45.,-36.99,207.9));
#18306 = CIRCLE('',#18307,1.9);
#18307 = AXIS2_PLACEMENT_3D('',#18308,#18309,#18310);
#18308 = CARTESIAN_POINT('',(-45.,-36.99,206.));
#18309 = DIRECTION('',(0.,1.,0.));
#18310 = DIRECTION('',(0.,0.,1.));
#18311 = ORIENTED_EDGE('',*,*,#18312,.F.);
#18312 = EDGE_CURVE('',#18313,#18304,#18315,.T.);
#18313 = VERTEX_POINT('',#18314);
#18314 = CARTESIAN_POINT('',(-45.,-38.39,207.9));
#18315 = LINE('',#18316,#18317);
#18316 = CARTESIAN_POINT('',(-45.,-38.39,207.9));
#18317 = VECTOR('',#18318,1.);
#18318 = DIRECTION('',(0.,1.,0.));
#18319 = ORIENTED_EDGE('',*,*,#18320,.T.);
#18320 = EDGE_CURVE('',#18313,#18313,#18321,.T.);
#18321 = CIRCLE('',#18322,1.9);
#18322 = AXIS2_PLACEMENT_3D('',#18323,#18324,#18325);
#18323 = CARTESIAN_POINT('',(-45.,-38.39,206.));
#18324 = DIRECTION('',(0.,1.,0.));
#18325 = DIRECTION('',(0.,0.,1.));
#18326 = ORIENTED_EDGE('',*,*,#18312,.T.);
#18327 = CYLINDRICAL_SURFACE('',#18328,1.9);
#18328 = AXIS2_PLACEMENT_3D('',#18329,#18330,#18331);
#18329 = CARTESIAN_POINT('',(-45.,-38.39,206.));
#18330 = DIRECTION('',(0.,1.,0.));
#18331 = DIRECTION('',(0.,0.,1.));
#18332 = ADVANCED_FACE('',(#18333),#18336,.T.);
#18333 = FACE_BOUND('',#18334,.T.);
#18334 = EDGE_LOOP('',(#18335));
#18335 = ORIENTED_EDGE('',*,*,#18303,.T.);
#18336 = PLANE('',#18337);
#18337 = AXIS2_PLACEMENT_3D('',#18338,#18339,#18340);
#18338 = CARTESIAN_POINT('',(-45.,-36.99,206.));
#18339 = DIRECTION('',(0.,1.,0.));
#18340 = DIRECTION('',(0.,0.,1.));
#18341 = ADVANCED_FACE('',(#18342),#18345,.F.);
#18342 = FACE_BOUND('',#18343,.T.);
#18343 = EDGE_LOOP('',(#18344));
#18344 = ORIENTED_EDGE('',*,*,#18320,.F.);
#18345 = PLANE('',#18346);
#18346 = AXIS2_PLACEMENT_3D('',#18347,#18348,#18349);
#18347 = CARTESIAN_POINT('',(-45.,-38.39,206.));
#18348 = DIRECTION('',(0.,1.,0.));
#18349 = DIRECTION('',(0.,0.,1.));
#18350 = MANIFOLD_SOLID_BREP('',#18351);
#18351 = CLOSED_SHELL('',(#18352,#18385,#18394));
#18352 = ADVANCED_FACE('',(#18353),#18380,.T.);
#18353 = FACE_BOUND('',#18354,.T.);
#18354 = EDGE_LOOP('',(#18355,#18364,#18372,#18379));
#18355 = ORIENTED_EDGE('',*,*,#18356,.F.);
#18356 = EDGE_CURVE('',#18357,#18357,#18359,.T.);
#18357 = VERTEX_POINT('',#18358);
#18358 = CARTESIAN_POINT('',(7.,-36.99,177.9));
#18359 = CIRCLE('',#18360,1.9);
#18360 = AXIS2_PLACEMENT_3D('',#18361,#18362,#18363);
#18361 = CARTESIAN_POINT('',(7.,-36.99,176.));
#18362 = DIRECTION('',(0.,1.,0.));
#18363 = DIRECTION('',(0.,0.,1.));
#18364 = ORIENTED_EDGE('',*,*,#18365,.F.);
#18365 = EDGE_CURVE('',#18366,#18357,#18368,.T.);
#18366 = VERTEX_POINT('',#18367);
#18367 = CARTESIAN_POINT('',(7.,-38.39,177.9));
#18368 = LINE('',#18369,#18370);
#18369 = CARTESIAN_POINT('',(7.,-38.39,177.9));
#18370 = VECTOR('',#18371,1.);
#18371 = DIRECTION('',(0.,1.,0.));
#18372 = ORIENTED_EDGE('',*,*,#18373,.T.);
#18373 = EDGE_CURVE('',#18366,#18366,#18374,.T.);
#18374 = CIRCLE('',#18375,1.9);
#18375 = AXIS2_PLACEMENT_3D('',#18376,#18377,#18378);
#18376 = CARTESIAN_POINT('',(7.,-38.39,176.));
#18377 = DIRECTION('',(0.,1.,0.));
#18378 = DIRECTION('',(0.,0.,1.));
#18379 = ORIENTED_EDGE('',*,*,#18365,.T.);
#18380 = CYLINDRICAL_SURFACE('',#18381,1.9);
#18381 = AXIS2_PLACEMENT_3D('',#18382,#18383,#18384);
#18382 = CARTESIAN_POINT('',(7.,-38.39,176.));
#18383 = DIRECTION('',(0.,1.,0.));
#18384 = DIRECTION('',(0.,0.,1.));
#18385 = ADVANCED_FACE('',(#18386),#18389,.T.);
#18386 = FACE_BOUND('',#18387,.T.);
#18387 = EDGE_LOOP('',(#18388));
#18388 = ORIENTED_EDGE('',*,*,#18356,.T.);
#18389 = PLANE('',#18390);
#18390 = AXIS2_PLACEMENT_3D('',#18391,#18392,#18393);
#18391 = CARTESIAN_POINT('',(7.,-36.99,176.));
#18392 = DIRECTION('',(0.,1.,0.));
#18393 = DIRECTION('',(0.,0.,1.));
#18394 = ADVANCED_FACE('',(#18395),#18398,.F.);
#18395 = FACE_BOUND('',#18396,.T.);
#18396 = EDGE_LOOP('',(#18397));
#18397 = ORIENTED_EDGE('',*,*,#18373,.F.);
#18398 = PLANE('',#18399);
#18399 = AXIS2_PLACEMENT_3D('',#18400,#18401,#18402);
#18400 = CARTESIAN_POINT('',(7.,-38.39,176.));
#18401 = DIRECTION('',(0.,1.,0.));
#18402 = DIRECTION('',(0.,0.,1.));
#18403 = MANIFOLD_SOLID_BREP('',#18404);
#18404 = CLOSED_SHELL('',(#18405,#18438,#18447));
#18405 = ADVANCED_FACE('',(#18406),#18433,.T.);
#18406 = FACE_BOUND('',#18407,.T.);
#18407 = EDGE_LOOP('',(#18408,#18417,#18425,#18432));
#18408 = ORIENTED_EDGE('',*,*,#18409,.F.);
#18409 = EDGE_CURVE('',#18410,#18410,#18412,.T.);
#18410 = VERTEX_POINT('',#18411);
#18411 = CARTESIAN_POINT('',(7.,-36.99,207.9));
#18412 = CIRCLE('',#18413,1.9);
#18413 = AXIS2_PLACEMENT_3D('',#18414,#18415,#18416);
#18414 = CARTESIAN_POINT('',(7.,-36.99,206.));
#18415 = DIRECTION('',(0.,1.,0.));
#18416 = DIRECTION('',(0.,0.,1.));
#18417 = ORIENTED_EDGE('',*,*,#18418,.F.);
#18418 = EDGE_CURVE('',#18419,#18410,#18421,.T.);
#18419 = VERTEX_POINT('',#18420);
#18420 = CARTESIAN_POINT('',(7.,-38.39,207.9));
#18421 = LINE('',#18422,#18423);
#18422 = CARTESIAN_POINT('',(7.,-38.39,207.9));
#18423 = VECTOR('',#18424,1.);
#18424 = DIRECTION('',(0.,1.,0.));
#18425 = ORIENTED_EDGE('',*,*,#18426,.T.);
#18426 = EDGE_CURVE('',#18419,#18419,#18427,.T.);
#18427 = CIRCLE('',#18428,1.9);
#18428 = AXIS2_PLACEMENT_3D('',#18429,#18430,#18431);
#18429 = CARTESIAN_POINT('',(7.,-38.39,206.));
#18430 = DIRECTION('',(0.,1.,0.));
#18431 = DIRECTION('',(0.,0.,1.));
#18432 = ORIENTED_EDGE('',*,*,#18418,.T.);
#18433 = CYLINDRICAL_SURFACE('',#18434,1.9);
#18434 = AXIS2_PLACEMENT_3D('',#18435,#18436,#18437);
#18435 = CARTESIAN_POINT('',(7.,-38.39,206.));
#18436 = DIRECTION('',(0.,1.,0.));
#18437 = DIRECTION('',(0.,0.,1.));
#18438 = ADVANCED_FACE('',(#18439),#18442,.T.);
#18439 = FACE_BOUND('',#18440,.T.);
#18440 = EDGE_LOOP('',(#18441));
#18441 = ORIENTED_EDGE('',*,*,#18409,.T.);
#18442 = PLANE('',#18443);
#18443 = AXIS2_PLACEMENT_3D('',#18444,#18445,#18446);
#18444 = CARTESIAN_POINT('',(7.,-36.99,206.));
#18445 = DIRECTION('',(0.,1.,0.));
#18446 = DIRECTION('',(0.,0.,1.));
#18447 = ADVANCED_FACE('',(#18448),#18451,.F.);
#18448 = FACE_BOUND('',#18449,.T.);
#18449 = EDGE_LOOP('',(#18450));
#18450 = ORIENTED_EDGE('',*,*,#18426,.F.);
#18451 = PLANE('',#18452);
#18452 = AXIS2_PLACEMENT_3D('',#18453,#18454,#18455);
#18453 = CARTESIAN_POINT('',(7.,-38.39,206.));
#18454 = DIRECTION('',(0.,1.,0.));
#18455 = DIRECTION('',(0.,0.,1.));
#18456 = ( GEOMETRIC_REPRESENTATION_CONTEXT(3) 
GLOBAL_UNCERTAINTY_ASSIGNED_CONTEXT((#18460)) 
GLOBAL_UNIT_ASSIGNED_CONTEXT((#18457,#18458,#18459)) 
REPRESENTATION_CONTEXT('Context #1',
  '3D Context with UNIT and UNCERTAINTY') );
#18457 = ( LENGTH_UNIT() NAMED_UNIT(*) SI_UNIT(.MILLI.,.METRE.) );
#18458 = ( NAMED_UNIT(*) PLANE_ANGLE_UNIT() SI_UNIT($,.RADIAN.) );
#18459 = ( NAMED_UNIT(*) SI_UNIT($,.STERADIAN.) SOLID_ANGLE_UNIT() );
#18460 = UNCERTAINTY_MEASURE_WITH_UNIT(LENGTH_MEASURE(2.E-07),#18457,
  'distance_accuracy_value','confusion accuracy');
#18461 = PRODUCT_RELATED_PRODUCT_CATEGORY('part',$,(#7));
ENDSEC;
END-ISO-10303-21;
