ISO-10303-21;
HEADER;
FILE_DESCRIPTION(('FreeCAD Model'),'2;1');
FILE_NAME('Open CASCADE Shape Model','2026-09-09T16:42:27',('FreeCAD'),(
    'FreeCAD'),'Open CASCADE STEP processor 7.8','FreeCAD','Unknown');
FILE_SCHEMA(('AUTOMOTIVE_DESIGN { 1 0 10303 214 1 1 1 1 }'));
ENDSEC;
DATA;
#1 = APPLICATION_PROTOCOL_DEFINITION('international standard',
  'automotive_design',2000,#2);
#2 = APPLICATION_CONTEXT(
  'core data for automotive mechanical design processes');
#3 = SHAPE_DEFINITION_REPRESENTATION(#4,#10);
#4 = PRODUCT_DEFINITION_SHAPE('','',#5);
#5 = PRODUCT_DEFINITION('design','',#6,#9);
#6 = PRODUCT_DEFINITION_FORMATION('','',#7);
#7 = PRODUCT('Open CASCADE STEP translator 7.8 2',
  'Open CASCADE STEP translator 7.8 2','',(#8));
#8 = PRODUCT_CONTEXT('',#2,'mechanical');
#9 = PRODUCT_DEFINITION_CONTEXT('part definition',#2,'design');
#10 = SHAPE_REPRESENTATION('',(#11,#15,#1066,#2382,#4492,#4906,#5543,
    #6118,#6538,#6688,#6908),#7058);
#11 = AXIS2_PLACEMENT_3D('',#12,#13,#14);
#12 = CARTESIAN_POINT('',(0.,0.,0.));
#13 = DIRECTION('',(0.,0.,1.));
#14 = DIRECTION('',(1.,0.,-0.));
#15 = MANIFOLD_SOLID_BREP('',#16);
#16 = CLOSED_SHELL('',(#17,#57,#110,#168,#281,#298,#310,#335,#360,#397,
    #421,#532,#549,#566,#588,#605,#622,#639,#656,#673,#690,#750,#775,
    #795,#820,#829,#854,#874,#899,#908,#933,#953,#978,#987,#1012,#1032,
    #1057));
#17 = ADVANCED_FACE('',(#18),#52,.F.);
#18 = FACE_BOUND('',#19,.F.);
#19 = EDGE_LOOP('',(#20,#30,#38,#46));
#20 = ORIENTED_EDGE('',*,*,#21,.F.);
#21 = EDGE_CURVE('',#22,#24,#26,.T.);
#22 = VERTEX_POINT('',#23);
#23 = CARTESIAN_POINT('',(-88.,-59.,-163.));
#24 = VERTEX_POINT('',#25);
#25 = CARTESIAN_POINT('',(-88.,-59.,-3.));
#26 = LINE('',#27,#28);
#27 = CARTESIAN_POINT('',(-88.,-59.,-163.));
#28 = VECTOR('',#29,1.);
#29 = DIRECTION('',(0.,0.,1.));
#30 = ORIENTED_EDGE('',*,*,#31,.T.);
#31 = EDGE_CURVE('',#22,#32,#34,.T.);
#32 = VERTEX_POINT('',#33);
#33 = CARTESIAN_POINT('',(-88.,59.,-163.));
#34 = LINE('',#35,#36);
#35 = CARTESIAN_POINT('',(-88.,-59.,-163.));
#36 = VECTOR('',#37,1.);
#37 = DIRECTION('',(0.,1.,0.));
#38 = ORIENTED_EDGE('',*,*,#39,.T.);
#39 = EDGE_CURVE('',#32,#40,#42,.T.);
#40 = VERTEX_POINT('',#41);
#41 = CARTESIAN_POINT('',(-88.,59.,-3.));
#42 = LINE('',#43,#44);
#43 = CARTESIAN_POINT('',(-88.,59.,-163.));
#44 = VECTOR('',#45,1.);
#45 = DIRECTION('',(0.,0.,1.));
#46 = ORIENTED_EDGE('',*,*,#47,.F.);
#47 = EDGE_CURVE('',#24,#40,#48,.T.);
#48 = LINE('',#49,#50);
#49 = CARTESIAN_POINT('',(-88.,-59.,-3.));
#50 = VECTOR('',#51,1.);
#51 = DIRECTION('',(0.,1.,0.));
#52 = PLANE('',#53);
#53 = AXIS2_PLACEMENT_3D('',#54,#55,#56);
#54 = CARTESIAN_POINT('',(-88.,-59.,-163.));
#55 = DIRECTION('',(1.,0.,0.));
#56 = DIRECTION('',(0.,0.,1.));
#57 = ADVANCED_FACE('',(#58,#83,#94),#105,.F.);
#58 = FACE_BOUND('',#59,.F.);
#59 = EDGE_LOOP('',(#60,#68,#69,#77));
#60 = ORIENTED_EDGE('',*,*,#61,.F.);
#61 = EDGE_CURVE('',#22,#62,#64,.T.);
#62 = VERTEX_POINT('',#63);
#63 = CARTESIAN_POINT('',(88.,-59.,-163.));
#64 = LINE('',#65,#66);
#65 = CARTESIAN_POINT('',(-88.,-59.,-163.));
#66 = VECTOR('',#67,1.);
#67 = DIRECTION('',(1.,0.,0.));
#68 = ORIENTED_EDGE('',*,*,#21,.T.);
#69 = ORIENTED_EDGE('',*,*,#70,.T.);
#70 = EDGE_CURVE('',#24,#71,#73,.T.);
#71 = VERTEX_POINT('',#72);
#72 = CARTESIAN_POINT('',(88.,-59.,-3.));
#73 = LINE('',#74,#75);
#74 = CARTESIAN_POINT('',(-88.,-59.,-3.));
#75 = VECTOR('',#76,1.);
#76 = DIRECTION('',(1.,0.,0.));
#77 = ORIENTED_EDGE('',*,*,#78,.F.);
#78 = EDGE_CURVE('',#62,#71,#79,.T.);
#79 = LINE('',#80,#81);
#80 = CARTESIAN_POINT('',(88.,-59.,-163.));
#81 = VECTOR('',#82,1.);
#82 = DIRECTION('',(0.,0.,1.));
#83 = FACE_BOUND('',#84,.F.);
#84 = EDGE_LOOP('',(#85));
#85 = ORIENTED_EDGE('',*,*,#86,.F.);
#86 = EDGE_CURVE('',#87,#87,#89,.T.);
#87 = VERTEX_POINT('',#88);
#88 = CARTESIAN_POINT('',(40.,-59.,-42.4));
#89 = CIRCLE('',#90,2.6);
#90 = AXIS2_PLACEMENT_3D('',#91,#92,#93);
#91 = CARTESIAN_POINT('',(40.,-59.,-45.));
#92 = DIRECTION('',(0.,1.,0.));
#93 = DIRECTION('',(0.,0.,1.));
#94 = FACE_BOUND('',#95,.F.);
#95 = EDGE_LOOP('',(#96));
#96 = ORIENTED_EDGE('',*,*,#97,.F.);
#97 = EDGE_CURVE('',#98,#98,#100,.T.);
#98 = VERTEX_POINT('',#99);
#99 = CARTESIAN_POINT('',(60.,-59.,-32.8));
#100 = CIRCLE('',#101,12.2);
#101 = AXIS2_PLACEMENT_3D('',#102,#103,#104);
#102 = CARTESIAN_POINT('',(60.,-59.,-45.));
#103 = DIRECTION('',(0.,1.,0.));
#104 = DIRECTION('',(0.,0.,1.));
#105 = PLANE('',#106);
#106 = AXIS2_PLACEMENT_3D('',#107,#108,#109);
#107 = CARTESIAN_POINT('',(-88.,-59.,-163.));
#108 = DIRECTION('',(0.,1.,0.));
#109 = DIRECTION('',(0.,0.,1.));
#110 = ADVANCED_FACE('',(#111,#129),#163,.T.);
#111 = FACE_BOUND('',#112,.T.);
#112 = EDGE_LOOP('',(#113,#114,#115,#123));
#113 = ORIENTED_EDGE('',*,*,#47,.F.);
#114 = ORIENTED_EDGE('',*,*,#70,.T.);
#115 = ORIENTED_EDGE('',*,*,#116,.T.);
#116 = EDGE_CURVE('',#71,#117,#119,.T.);
#117 = VERTEX_POINT('',#118);
#118 = CARTESIAN_POINT('',(88.,59.,-3.));
#119 = LINE('',#120,#121);
#120 = CARTESIAN_POINT('',(88.,-59.,-3.));
#121 = VECTOR('',#122,1.);
#122 = DIRECTION('',(0.,1.,0.));
#123 = ORIENTED_EDGE('',*,*,#124,.F.);
#124 = EDGE_CURVE('',#40,#117,#125,.T.);
#125 = LINE('',#126,#127);
#126 = CARTESIAN_POINT('',(-88.,59.,-3.));
#127 = VECTOR('',#128,1.);
#128 = DIRECTION('',(1.,0.,0.));
#129 = FACE_BOUND('',#130,.T.);
#130 = EDGE_LOOP('',(#131,#141,#149,#157));
#131 = ORIENTED_EDGE('',*,*,#132,.T.);
#132 = EDGE_CURVE('',#133,#135,#137,.T.);
#133 = VERTEX_POINT('',#134);
#134 = CARTESIAN_POINT('',(85.,-56.,-3.));
#135 = VERTEX_POINT('',#136);
#136 = CARTESIAN_POINT('',(-85.,-56.,-3.));
#137 = LINE('',#138,#139);
#138 = CARTESIAN_POINT('',(-86.5,-56.,-3.));
#139 = VECTOR('',#140,1.);
#140 = DIRECTION('',(-1.,0.,0.));
#141 = ORIENTED_EDGE('',*,*,#142,.T.);
#142 = EDGE_CURVE('',#135,#143,#145,.T.);
#143 = VERTEX_POINT('',#144);
#144 = CARTESIAN_POINT('',(-85.,56.,-3.));
#145 = LINE('',#146,#147);
#146 = CARTESIAN_POINT('',(-85.,-57.5,-3.));
#147 = VECTOR('',#148,1.);
#148 = DIRECTION('',(0.,1.,0.));
#149 = ORIENTED_EDGE('',*,*,#150,.F.);
#150 = EDGE_CURVE('',#151,#143,#153,.T.);
#151 = VERTEX_POINT('',#152);
#152 = CARTESIAN_POINT('',(85.,56.,-3.));
#153 = LINE('',#154,#155);
#154 = CARTESIAN_POINT('',(-86.5,56.,-3.));
#155 = VECTOR('',#156,1.);
#156 = DIRECTION('',(-1.,0.,0.));
#157 = ORIENTED_EDGE('',*,*,#158,.F.);
#158 = EDGE_CURVE('',#133,#151,#159,.T.);
#159 = LINE('',#160,#161);
#160 = CARTESIAN_POINT('',(85.,-57.5,-3.));
#161 = VECTOR('',#162,1.);
#162 = DIRECTION('',(0.,1.,0.));
#163 = PLANE('',#164);
#164 = AXIS2_PLACEMENT_3D('',#165,#166,#167);
#165 = CARTESIAN_POINT('',(-88.,-59.,-3.));
#166 = DIRECTION('',(0.,0.,1.));
#167 = DIRECTION('',(1.,0.,0.));
#168 = ADVANCED_FACE('',(#169,#187,#198,#232,#243,#254,#265),#276,.T.);
#169 = FACE_BOUND('',#170,.T.);
#170 = EDGE_LOOP('',(#171,#179,#180,#181));
#171 = ORIENTED_EDGE('',*,*,#172,.F.);
#172 = EDGE_CURVE('',#32,#173,#175,.T.);
#173 = VERTEX_POINT('',#174);
#174 = CARTESIAN_POINT('',(88.,59.,-163.));
#175 = LINE('',#176,#177);
#176 = CARTESIAN_POINT('',(-88.,59.,-163.));
#177 = VECTOR('',#178,1.);
#178 = DIRECTION('',(1.,0.,0.));
#179 = ORIENTED_EDGE('',*,*,#39,.T.);
#180 = ORIENTED_EDGE('',*,*,#124,.T.);
#181 = ORIENTED_EDGE('',*,*,#182,.F.);
#182 = EDGE_CURVE('',#173,#117,#183,.T.);
#183 = LINE('',#184,#185);
#184 = CARTESIAN_POINT('',(88.,59.,-163.));
#185 = VECTOR('',#186,1.);
#186 = DIRECTION('',(0.,0.,1.));
#187 = FACE_BOUND('',#188,.T.);
#188 = EDGE_LOOP('',(#189));
#189 = ORIENTED_EDGE('',*,*,#190,.F.);
#190 = EDGE_CURVE('',#191,#191,#193,.T.);
#191 = VERTEX_POINT('',#192);
#192 = CARTESIAN_POINT('',(-49.,59.,-123.1));
#193 = CIRCLE('',#194,1.4);
#194 = AXIS2_PLACEMENT_3D('',#195,#196,#197);
#195 = CARTESIAN_POINT('',(-49.,59.,-124.5));
#196 = DIRECTION('',(0.,1.,0.));
#197 = DIRECTION('',(0.,0.,1.));
#198 = FACE_BOUND('',#199,.T.);
#199 = EDGE_LOOP('',(#200,#210,#218,#226));
#200 = ORIENTED_EDGE('',*,*,#201,.F.);
#201 = EDGE_CURVE('',#202,#204,#206,.T.);
#202 = VERTEX_POINT('',#203);
#203 = CARTESIAN_POINT('',(-10.,59.,-156.));
#204 = VERTEX_POINT('',#205);
#205 = CARTESIAN_POINT('',(10.,59.,-156.));
#206 = LINE('',#207,#208);
#207 = CARTESIAN_POINT('',(-49.,59.,-156.));
#208 = VECTOR('',#209,1.);
#209 = DIRECTION('',(1.,0.,0.));
#210 = ORIENTED_EDGE('',*,*,#211,.T.);
#211 = EDGE_CURVE('',#202,#212,#214,.T.);
#212 = VERTEX_POINT('',#213);
#213 = CARTESIAN_POINT('',(-10.,59.,-160.));
#214 = LINE('',#215,#216);
#215 = CARTESIAN_POINT('',(-10.,59.,-161.5));
#216 = VECTOR('',#217,1.);
#217 = DIRECTION('',(0.,0.,-1.));
#218 = ORIENTED_EDGE('',*,*,#219,.T.);
#219 = EDGE_CURVE('',#212,#220,#222,.T.);
#220 = VERTEX_POINT('',#221);
#221 = CARTESIAN_POINT('',(10.,59.,-160.));
#222 = LINE('',#223,#224);
#223 = CARTESIAN_POINT('',(-49.,59.,-160.));
#224 = VECTOR('',#225,1.);
#225 = DIRECTION('',(1.,0.,0.));
#226 = ORIENTED_EDGE('',*,*,#227,.F.);
#227 = EDGE_CURVE('',#204,#220,#228,.T.);
#228 = LINE('',#229,#230);
#229 = CARTESIAN_POINT('',(10.,59.,-161.5));
#230 = VECTOR('',#231,1.);
#231 = DIRECTION('',(0.,0.,-1.));
#232 = FACE_BOUND('',#233,.T.);
#233 = EDGE_LOOP('',(#234));
#234 = ORIENTED_EDGE('',*,*,#235,.F.);
#235 = EDGE_CURVE('',#236,#236,#238,.T.);
#236 = VERTEX_POINT('',#237);
#237 = CARTESIAN_POINT('',(9.,59.,-123.1));
#238 = CIRCLE('',#239,1.4);
#239 = AXIS2_PLACEMENT_3D('',#240,#241,#242);
#240 = CARTESIAN_POINT('',(9.,59.,-124.5));
#241 = DIRECTION('',(0.,1.,0.));
#242 = DIRECTION('',(0.,0.,1.));
#243 = FACE_BOUND('',#244,.T.);
#244 = EDGE_LOOP('',(#245));
#245 = ORIENTED_EDGE('',*,*,#246,.F.);
#246 = EDGE_CURVE('',#247,#247,#249,.T.);
#247 = VERTEX_POINT('',#248);
#248 = CARTESIAN_POINT('',(-49.,59.,-74.1));
#249 = CIRCLE('',#250,1.4);
#250 = AXIS2_PLACEMENT_3D('',#251,#252,#253);
#251 = CARTESIAN_POINT('',(-49.,59.,-75.5));
#252 = DIRECTION('',(0.,1.,0.));
#253 = DIRECTION('',(0.,0.,1.));
#254 = FACE_BOUND('',#255,.T.);
#255 = EDGE_LOOP('',(#256));
#256 = ORIENTED_EDGE('',*,*,#257,.F.);
#257 = EDGE_CURVE('',#258,#258,#260,.T.);
#258 = VERTEX_POINT('',#259);
#259 = CARTESIAN_POINT('',(9.,59.,-74.1));
#260 = CIRCLE('',#261,1.4);
#261 = AXIS2_PLACEMENT_3D('',#262,#263,#264);
#262 = CARTESIAN_POINT('',(9.,59.,-75.5));
#263 = DIRECTION('',(0.,1.,0.));
#264 = DIRECTION('',(0.,0.,1.));
#265 = FACE_BOUND('',#266,.T.);
#266 = EDGE_LOOP('',(#267));
#267 = ORIENTED_EDGE('',*,*,#268,.F.);
#268 = EDGE_CURVE('',#269,#269,#271,.T.);
#269 = VERTEX_POINT('',#270);
#270 = CARTESIAN_POINT('',(70.,59.,-9.));
#271 = CIRCLE('',#272,3.);
#272 = AXIS2_PLACEMENT_3D('',#273,#274,#275);
#273 = CARTESIAN_POINT('',(70.,59.,-12.));
#274 = DIRECTION('',(0.,1.,0.));
#275 = DIRECTION('',(0.,0.,1.));
#276 = PLANE('',#277);
#277 = AXIS2_PLACEMENT_3D('',#278,#279,#280);
#278 = CARTESIAN_POINT('',(-88.,59.,-163.));
#279 = DIRECTION('',(0.,1.,0.));
#280 = DIRECTION('',(0.,0.,1.));
#281 = ADVANCED_FACE('',(#282),#293,.F.);
#282 = FACE_BOUND('',#283,.F.);
#283 = EDGE_LOOP('',(#284,#285,#286,#292));
#284 = ORIENTED_EDGE('',*,*,#31,.F.);
#285 = ORIENTED_EDGE('',*,*,#61,.T.);
#286 = ORIENTED_EDGE('',*,*,#287,.T.);
#287 = EDGE_CURVE('',#62,#173,#288,.T.);
#288 = LINE('',#289,#290);
#289 = CARTESIAN_POINT('',(88.,-59.,-163.));
#290 = VECTOR('',#291,1.);
#291 = DIRECTION('',(0.,1.,0.));
#292 = ORIENTED_EDGE('',*,*,#172,.F.);
#293 = PLANE('',#294);
#294 = AXIS2_PLACEMENT_3D('',#295,#296,#297);
#295 = CARTESIAN_POINT('',(-88.,-59.,-163.));
#296 = DIRECTION('',(0.,0.,1.));
#297 = DIRECTION('',(1.,0.,0.));
#298 = ADVANCED_FACE('',(#299),#305,.T.);
#299 = FACE_BOUND('',#300,.T.);
#300 = EDGE_LOOP('',(#301,#302,#303,#304));
#301 = ORIENTED_EDGE('',*,*,#78,.F.);
#302 = ORIENTED_EDGE('',*,*,#287,.T.);
#303 = ORIENTED_EDGE('',*,*,#182,.T.);
#304 = ORIENTED_EDGE('',*,*,#116,.F.);
#305 = PLANE('',#306);
#306 = AXIS2_PLACEMENT_3D('',#307,#308,#309);
#307 = CARTESIAN_POINT('',(88.,-59.,-163.));
#308 = DIRECTION('',(1.,0.,0.));
#309 = DIRECTION('',(0.,0.,1.));
#310 = ADVANCED_FACE('',(#311),#330,.F.);
#311 = FACE_BOUND('',#312,.F.);
#312 = EDGE_LOOP('',(#313,#322,#328,#329));
#313 = ORIENTED_EDGE('',*,*,#314,.F.);
#314 = EDGE_CURVE('',#315,#315,#317,.T.);
#315 = VERTEX_POINT('',#316);
#316 = CARTESIAN_POINT('',(40.,-56.,-42.4));
#317 = CIRCLE('',#318,2.6);
#318 = AXIS2_PLACEMENT_3D('',#319,#320,#321);
#319 = CARTESIAN_POINT('',(40.,-56.,-45.));
#320 = DIRECTION('',(0.,1.,0.));
#321 = DIRECTION('',(0.,0.,1.));
#322 = ORIENTED_EDGE('',*,*,#323,.F.);
#323 = EDGE_CURVE('',#87,#315,#324,.T.);
#324 = LINE('',#325,#326);
#325 = CARTESIAN_POINT('',(40.,-60.,-42.4));
#326 = VECTOR('',#327,1.);
#327 = DIRECTION('',(0.,1.,0.));
#328 = ORIENTED_EDGE('',*,*,#86,.T.);
#329 = ORIENTED_EDGE('',*,*,#323,.T.);
#330 = CYLINDRICAL_SURFACE('',#331,2.6);
#331 = AXIS2_PLACEMENT_3D('',#332,#333,#334);
#332 = CARTESIAN_POINT('',(40.,-60.,-45.));
#333 = DIRECTION('',(0.,1.,0.));
#334 = DIRECTION('',(0.,0.,1.));
#335 = ADVANCED_FACE('',(#336),#355,.F.);
#336 = FACE_BOUND('',#337,.F.);
#337 = EDGE_LOOP('',(#338,#347,#353,#354));
#338 = ORIENTED_EDGE('',*,*,#339,.F.);
#339 = EDGE_CURVE('',#340,#340,#342,.T.);
#340 = VERTEX_POINT('',#341);
#341 = CARTESIAN_POINT('',(60.,-56.,-32.8));
#342 = CIRCLE('',#343,12.2);
#343 = AXIS2_PLACEMENT_3D('',#344,#345,#346);
#344 = CARTESIAN_POINT('',(60.,-56.,-45.));
#345 = DIRECTION('',(0.,1.,0.));
#346 = DIRECTION('',(0.,0.,1.));
#347 = ORIENTED_EDGE('',*,*,#348,.F.);
#348 = EDGE_CURVE('',#98,#340,#349,.T.);
#349 = LINE('',#350,#351);
#350 = CARTESIAN_POINT('',(60.,-60.,-32.8));
#351 = VECTOR('',#352,1.);
#352 = DIRECTION('',(0.,1.,0.));
#353 = ORIENTED_EDGE('',*,*,#97,.T.);
#354 = ORIENTED_EDGE('',*,*,#348,.T.);
#355 = CYLINDRICAL_SURFACE('',#356,12.2);
#356 = AXIS2_PLACEMENT_3D('',#357,#358,#359);
#357 = CARTESIAN_POINT('',(60.,-60.,-45.));
#358 = DIRECTION('',(0.,1.,0.));
#359 = DIRECTION('',(0.,0.,1.));
#360 = ADVANCED_FACE('',(#361,#386,#389),#392,.T.);
#361 = FACE_BOUND('',#362,.T.);
#362 = EDGE_LOOP('',(#363,#371,#379,#385));
#363 = ORIENTED_EDGE('',*,*,#364,.F.);
#364 = EDGE_CURVE('',#365,#133,#367,.T.);
#365 = VERTEX_POINT('',#366);
#366 = CARTESIAN_POINT('',(85.,-56.,-160.));
#367 = LINE('',#368,#369);
#368 = CARTESIAN_POINT('',(85.,-56.,-160.));
#369 = VECTOR('',#370,1.);
#370 = DIRECTION('',(0.,0.,1.));
#371 = ORIENTED_EDGE('',*,*,#372,.F.);
#372 = EDGE_CURVE('',#373,#365,#375,.T.);
#373 = VERTEX_POINT('',#374);
#374 = CARTESIAN_POINT('',(-85.,-56.,-160.));
#375 = LINE('',#376,#377);
#376 = CARTESIAN_POINT('',(-85.,-56.,-160.));
#377 = VECTOR('',#378,1.);
#378 = DIRECTION('',(1.,0.,0.));
#379 = ORIENTED_EDGE('',*,*,#380,.T.);
#380 = EDGE_CURVE('',#373,#135,#381,.T.);
#381 = LINE('',#382,#383);
#382 = CARTESIAN_POINT('',(-85.,-56.,-160.));
#383 = VECTOR('',#384,1.);
#384 = DIRECTION('',(0.,0.,1.));
#385 = ORIENTED_EDGE('',*,*,#132,.F.);
#386 = FACE_BOUND('',#387,.T.);
#387 = EDGE_LOOP('',(#388));
#388 = ORIENTED_EDGE('',*,*,#314,.F.);
#389 = FACE_BOUND('',#390,.T.);
#390 = EDGE_LOOP('',(#391));
#391 = ORIENTED_EDGE('',*,*,#339,.F.);
#392 = PLANE('',#393);
#393 = AXIS2_PLACEMENT_3D('',#394,#395,#396);
#394 = CARTESIAN_POINT('',(-85.,-56.,-160.));
#395 = DIRECTION('',(0.,1.,0.));
#396 = DIRECTION('',(0.,0.,1.));
#397 = ADVANCED_FACE('',(#398),#416,.F.);
#398 = FACE_BOUND('',#399,.F.);
#399 = EDGE_LOOP('',(#400,#401,#409,#415));
#400 = ORIENTED_EDGE('',*,*,#364,.F.);
#401 = ORIENTED_EDGE('',*,*,#402,.T.);
#402 = EDGE_CURVE('',#365,#403,#405,.T.);
#403 = VERTEX_POINT('',#404);
#404 = CARTESIAN_POINT('',(85.,56.,-160.));
#405 = LINE('',#406,#407);
#406 = CARTESIAN_POINT('',(85.,-56.,-160.));
#407 = VECTOR('',#408,1.);
#408 = DIRECTION('',(0.,1.,0.));
#409 = ORIENTED_EDGE('',*,*,#410,.T.);
#410 = EDGE_CURVE('',#403,#151,#411,.T.);
#411 = LINE('',#412,#413);
#412 = CARTESIAN_POINT('',(85.,56.,-160.));
#413 = VECTOR('',#414,1.);
#414 = DIRECTION('',(0.,0.,1.));
#415 = ORIENTED_EDGE('',*,*,#158,.F.);
#416 = PLANE('',#417);
#417 = AXIS2_PLACEMENT_3D('',#418,#419,#420);
#418 = CARTESIAN_POINT('',(85.,-56.,-160.));
#419 = DIRECTION('',(1.,0.,0.));
#420 = DIRECTION('',(0.,0.,1.));
#421 = ADVANCED_FACE('',(#422,#472,#483,#494,#505,#516),#527,.F.);
#422 = FACE_BOUND('',#423,.F.);
#423 = EDGE_LOOP('',(#424,#425,#433,#441,#449,#457,#465,#471));
#424 = ORIENTED_EDGE('',*,*,#410,.F.);
#425 = ORIENTED_EDGE('',*,*,#426,.F.);
#426 = EDGE_CURVE('',#427,#403,#429,.T.);
#427 = VERTEX_POINT('',#428);
#428 = CARTESIAN_POINT('',(10.,56.,-160.));
#429 = LINE('',#430,#431);
#430 = CARTESIAN_POINT('',(-85.,56.,-160.));
#431 = VECTOR('',#432,1.);
#432 = DIRECTION('',(1.,0.,0.));
#433 = ORIENTED_EDGE('',*,*,#434,.F.);
#434 = EDGE_CURVE('',#435,#427,#437,.T.);
#435 = VERTEX_POINT('',#436);
#436 = CARTESIAN_POINT('',(10.,56.,-156.));
#437 = LINE('',#438,#439);
#438 = CARTESIAN_POINT('',(10.,56.,-160.));
#439 = VECTOR('',#440,1.);
#440 = DIRECTION('',(0.,0.,-1.));
#441 = ORIENTED_EDGE('',*,*,#442,.F.);
#442 = EDGE_CURVE('',#443,#435,#445,.T.);
#443 = VERTEX_POINT('',#444);
#444 = CARTESIAN_POINT('',(-10.,56.,-156.));
#445 = LINE('',#446,#447);
#446 = CARTESIAN_POINT('',(-47.5,56.,-156.));
#447 = VECTOR('',#448,1.);
#448 = DIRECTION('',(1.,0.,0.));
#449 = ORIENTED_EDGE('',*,*,#450,.T.);
#450 = EDGE_CURVE('',#443,#451,#453,.T.);
#451 = VERTEX_POINT('',#452);
#452 = CARTESIAN_POINT('',(-10.,56.,-160.));
#453 = LINE('',#454,#455);
#454 = CARTESIAN_POINT('',(-10.,56.,-160.));
#455 = VECTOR('',#456,1.);
#456 = DIRECTION('',(0.,0.,-1.));
#457 = ORIENTED_EDGE('',*,*,#458,.F.);
#458 = EDGE_CURVE('',#459,#451,#461,.T.);
#459 = VERTEX_POINT('',#460);
#460 = CARTESIAN_POINT('',(-85.,56.,-160.));
#461 = LINE('',#462,#463);
#462 = CARTESIAN_POINT('',(-85.,56.,-160.));
#463 = VECTOR('',#464,1.);
#464 = DIRECTION('',(1.,0.,0.));
#465 = ORIENTED_EDGE('',*,*,#466,.T.);
#466 = EDGE_CURVE('',#459,#143,#467,.T.);
#467 = LINE('',#468,#469);
#468 = CARTESIAN_POINT('',(-85.,56.,-160.));
#469 = VECTOR('',#470,1.);
#470 = DIRECTION('',(0.,0.,1.));
#471 = ORIENTED_EDGE('',*,*,#150,.F.);
#472 = FACE_BOUND('',#473,.F.);
#473 = EDGE_LOOP('',(#474));
#474 = ORIENTED_EDGE('',*,*,#475,.F.);
#475 = EDGE_CURVE('',#476,#476,#478,.T.);
#476 = VERTEX_POINT('',#477);
#477 = CARTESIAN_POINT('',(-49.,56.,-123.1));
#478 = CIRCLE('',#479,1.4);
#479 = AXIS2_PLACEMENT_3D('',#480,#481,#482);
#480 = CARTESIAN_POINT('',(-49.,56.,-124.5));
#481 = DIRECTION('',(0.,1.,0.));
#482 = DIRECTION('',(0.,0.,1.));
#483 = FACE_BOUND('',#484,.F.);
#484 = EDGE_LOOP('',(#485));
#485 = ORIENTED_EDGE('',*,*,#486,.F.);
#486 = EDGE_CURVE('',#487,#487,#489,.T.);
#487 = VERTEX_POINT('',#488);
#488 = CARTESIAN_POINT('',(-49.,56.,-74.1));
#489 = CIRCLE('',#490,1.4);
#490 = AXIS2_PLACEMENT_3D('',#491,#492,#493);
#491 = CARTESIAN_POINT('',(-49.,56.,-75.5));
#492 = DIRECTION('',(0.,1.,0.));
#493 = DIRECTION('',(0.,0.,1.));
#494 = FACE_BOUND('',#495,.F.);
#495 = EDGE_LOOP('',(#496));
#496 = ORIENTED_EDGE('',*,*,#497,.F.);
#497 = EDGE_CURVE('',#498,#498,#500,.T.);
#498 = VERTEX_POINT('',#499);
#499 = CARTESIAN_POINT('',(9.,56.,-123.1));
#500 = CIRCLE('',#501,1.4);
#501 = AXIS2_PLACEMENT_3D('',#502,#503,#504);
#502 = CARTESIAN_POINT('',(9.,56.,-124.5));
#503 = DIRECTION('',(0.,1.,0.));
#504 = DIRECTION('',(0.,0.,1.));
#505 = FACE_BOUND('',#506,.F.);
#506 = EDGE_LOOP('',(#507));
#507 = ORIENTED_EDGE('',*,*,#508,.F.);
#508 = EDGE_CURVE('',#509,#509,#511,.T.);
#509 = VERTEX_POINT('',#510);
#510 = CARTESIAN_POINT('',(9.,56.,-74.1));
#511 = CIRCLE('',#512,1.4);
#512 = AXIS2_PLACEMENT_3D('',#513,#514,#515);
#513 = CARTESIAN_POINT('',(9.,56.,-75.5));
#514 = DIRECTION('',(0.,1.,0.));
#515 = DIRECTION('',(0.,0.,1.));
#516 = FACE_BOUND('',#517,.F.);
#517 = EDGE_LOOP('',(#518));
#518 = ORIENTED_EDGE('',*,*,#519,.F.);
#519 = EDGE_CURVE('',#520,#520,#522,.T.);
#520 = VERTEX_POINT('',#521);
#521 = CARTESIAN_POINT('',(70.,56.,-9.));
#522 = CIRCLE('',#523,3.);
#523 = AXIS2_PLACEMENT_3D('',#524,#525,#526);
#524 = CARTESIAN_POINT('',(70.,56.,-12.));
#525 = DIRECTION('',(0.,1.,0.));
#526 = DIRECTION('',(0.,0.,1.));
#527 = PLANE('',#528);
#528 = AXIS2_PLACEMENT_3D('',#529,#530,#531);
#529 = CARTESIAN_POINT('',(-85.,56.,-160.));
#530 = DIRECTION('',(0.,1.,0.));
#531 = DIRECTION('',(0.,0.,1.));
#532 = ADVANCED_FACE('',(#533),#544,.T.);
#533 = FACE_BOUND('',#534,.T.);
#534 = EDGE_LOOP('',(#535,#536,#542,#543));
#535 = ORIENTED_EDGE('',*,*,#380,.F.);
#536 = ORIENTED_EDGE('',*,*,#537,.T.);
#537 = EDGE_CURVE('',#373,#459,#538,.T.);
#538 = LINE('',#539,#540);
#539 = CARTESIAN_POINT('',(-85.,-56.,-160.));
#540 = VECTOR('',#541,1.);
#541 = DIRECTION('',(0.,1.,0.));
#542 = ORIENTED_EDGE('',*,*,#466,.T.);
#543 = ORIENTED_EDGE('',*,*,#142,.F.);
#544 = PLANE('',#545);
#545 = AXIS2_PLACEMENT_3D('',#546,#547,#548);
#546 = CARTESIAN_POINT('',(-85.,-56.,-160.));
#547 = DIRECTION('',(1.,0.,0.));
#548 = DIRECTION('',(0.,0.,1.));
#549 = ADVANCED_FACE('',(#550),#561,.F.);
#550 = FACE_BOUND('',#551,.F.);
#551 = EDGE_LOOP('',(#552,#553,#559,#560));
#552 = ORIENTED_EDGE('',*,*,#190,.F.);
#553 = ORIENTED_EDGE('',*,*,#554,.F.);
#554 = EDGE_CURVE('',#476,#191,#555,.T.);
#555 = LINE('',#556,#557);
#556 = CARTESIAN_POINT('',(-49.,55.,-123.1));
#557 = VECTOR('',#558,1.);
#558 = DIRECTION('',(0.,1.,0.));
#559 = ORIENTED_EDGE('',*,*,#475,.T.);
#560 = ORIENTED_EDGE('',*,*,#554,.T.);
#561 = CYLINDRICAL_SURFACE('',#562,1.4);
#562 = AXIS2_PLACEMENT_3D('',#563,#564,#565);
#563 = CARTESIAN_POINT('',(-49.,55.,-124.5));
#564 = DIRECTION('',(0.,1.,0.));
#565 = DIRECTION('',(0.,0.,1.));
#566 = ADVANCED_FACE('',(#567),#583,.F.);
#567 = FACE_BOUND('',#568,.F.);
#568 = EDGE_LOOP('',(#569,#575,#576,#582));
#569 = ORIENTED_EDGE('',*,*,#570,.F.);
#570 = EDGE_CURVE('',#443,#202,#571,.T.);
#571 = LINE('',#572,#573);
#572 = CARTESIAN_POINT('',(-10.,55.,-156.));
#573 = VECTOR('',#574,1.);
#574 = DIRECTION('',(0.,1.,0.));
#575 = ORIENTED_EDGE('',*,*,#442,.T.);
#576 = ORIENTED_EDGE('',*,*,#577,.T.);
#577 = EDGE_CURVE('',#435,#204,#578,.T.);
#578 = LINE('',#579,#580);
#579 = CARTESIAN_POINT('',(10.,55.,-156.));
#580 = VECTOR('',#581,1.);
#581 = DIRECTION('',(0.,1.,0.));
#582 = ORIENTED_EDGE('',*,*,#201,.F.);
#583 = PLANE('',#584);
#584 = AXIS2_PLACEMENT_3D('',#585,#586,#587);
#585 = CARTESIAN_POINT('',(-10.,55.,-156.));
#586 = DIRECTION('',(0.,0.,1.));
#587 = DIRECTION('',(1.,0.,0.));
#588 = ADVANCED_FACE('',(#589),#600,.T.);
#589 = FACE_BOUND('',#590,.T.);
#590 = EDGE_LOOP('',(#591,#592,#598,#599));
#591 = ORIENTED_EDGE('',*,*,#450,.T.);
#592 = ORIENTED_EDGE('',*,*,#593,.T.);
#593 = EDGE_CURVE('',#451,#212,#594,.T.);
#594 = LINE('',#595,#596);
#595 = CARTESIAN_POINT('',(-10.,55.,-160.));
#596 = VECTOR('',#597,1.);
#597 = DIRECTION('',(0.,1.,0.));
#598 = ORIENTED_EDGE('',*,*,#211,.F.);
#599 = ORIENTED_EDGE('',*,*,#570,.F.);
#600 = PLANE('',#601);
#601 = AXIS2_PLACEMENT_3D('',#602,#603,#604);
#602 = CARTESIAN_POINT('',(-10.,55.,-160.));
#603 = DIRECTION('',(1.,0.,0.));
#604 = DIRECTION('',(0.,0.,1.));
#605 = ADVANCED_FACE('',(#606),#617,.F.);
#606 = FACE_BOUND('',#607,.F.);
#607 = EDGE_LOOP('',(#608,#609,#615,#616));
#608 = ORIENTED_EDGE('',*,*,#434,.T.);
#609 = ORIENTED_EDGE('',*,*,#610,.T.);
#610 = EDGE_CURVE('',#427,#220,#611,.T.);
#611 = LINE('',#612,#613);
#612 = CARTESIAN_POINT('',(10.,55.,-160.));
#613 = VECTOR('',#614,1.);
#614 = DIRECTION('',(0.,1.,0.));
#615 = ORIENTED_EDGE('',*,*,#227,.F.);
#616 = ORIENTED_EDGE('',*,*,#577,.F.);
#617 = PLANE('',#618);
#618 = AXIS2_PLACEMENT_3D('',#619,#620,#621);
#619 = CARTESIAN_POINT('',(10.,55.,-160.));
#620 = DIRECTION('',(1.,0.,0.));
#621 = DIRECTION('',(0.,0.,1.));
#622 = ADVANCED_FACE('',(#623),#634,.F.);
#623 = FACE_BOUND('',#624,.F.);
#624 = EDGE_LOOP('',(#625,#626,#632,#633));
#625 = ORIENTED_EDGE('',*,*,#235,.F.);
#626 = ORIENTED_EDGE('',*,*,#627,.F.);
#627 = EDGE_CURVE('',#498,#236,#628,.T.);
#628 = LINE('',#629,#630);
#629 = CARTESIAN_POINT('',(9.,55.,-123.1));
#630 = VECTOR('',#631,1.);
#631 = DIRECTION('',(0.,1.,0.));
#632 = ORIENTED_EDGE('',*,*,#497,.T.);
#633 = ORIENTED_EDGE('',*,*,#627,.T.);
#634 = CYLINDRICAL_SURFACE('',#635,1.4);
#635 = AXIS2_PLACEMENT_3D('',#636,#637,#638);
#636 = CARTESIAN_POINT('',(9.,55.,-124.5));
#637 = DIRECTION('',(0.,1.,0.));
#638 = DIRECTION('',(0.,0.,1.));
#639 = ADVANCED_FACE('',(#640),#651,.F.);
#640 = FACE_BOUND('',#641,.F.);
#641 = EDGE_LOOP('',(#642,#643,#649,#650));
#642 = ORIENTED_EDGE('',*,*,#246,.F.);
#643 = ORIENTED_EDGE('',*,*,#644,.F.);
#644 = EDGE_CURVE('',#487,#247,#645,.T.);
#645 = LINE('',#646,#647);
#646 = CARTESIAN_POINT('',(-49.,55.,-74.1));
#647 = VECTOR('',#648,1.);
#648 = DIRECTION('',(0.,1.,0.));
#649 = ORIENTED_EDGE('',*,*,#486,.T.);
#650 = ORIENTED_EDGE('',*,*,#644,.T.);
#651 = CYLINDRICAL_SURFACE('',#652,1.4);
#652 = AXIS2_PLACEMENT_3D('',#653,#654,#655);
#653 = CARTESIAN_POINT('',(-49.,55.,-75.5));
#654 = DIRECTION('',(0.,1.,0.));
#655 = DIRECTION('',(0.,0.,1.));
#656 = ADVANCED_FACE('',(#657),#668,.F.);
#657 = FACE_BOUND('',#658,.F.);
#658 = EDGE_LOOP('',(#659,#660,#666,#667));
#659 = ORIENTED_EDGE('',*,*,#257,.F.);
#660 = ORIENTED_EDGE('',*,*,#661,.F.);
#661 = EDGE_CURVE('',#509,#258,#662,.T.);
#662 = LINE('',#663,#664);
#663 = CARTESIAN_POINT('',(9.,55.,-74.1));
#664 = VECTOR('',#665,1.);
#665 = DIRECTION('',(0.,1.,0.));
#666 = ORIENTED_EDGE('',*,*,#508,.T.);
#667 = ORIENTED_EDGE('',*,*,#661,.T.);
#668 = CYLINDRICAL_SURFACE('',#669,1.4);
#669 = AXIS2_PLACEMENT_3D('',#670,#671,#672);
#670 = CARTESIAN_POINT('',(9.,55.,-75.5));
#671 = DIRECTION('',(0.,1.,0.));
#672 = DIRECTION('',(0.,0.,1.));
#673 = ADVANCED_FACE('',(#674),#685,.F.);
#674 = FACE_BOUND('',#675,.F.);
#675 = EDGE_LOOP('',(#676,#677,#683,#684));
#676 = ORIENTED_EDGE('',*,*,#268,.F.);
#677 = ORIENTED_EDGE('',*,*,#678,.F.);
#678 = EDGE_CURVE('',#520,#269,#679,.T.);
#679 = LINE('',#680,#681);
#680 = CARTESIAN_POINT('',(70.,55.,-9.));
#681 = VECTOR('',#682,1.);
#682 = DIRECTION('',(0.,1.,0.));
#683 = ORIENTED_EDGE('',*,*,#519,.T.);
#684 = ORIENTED_EDGE('',*,*,#678,.T.);
#685 = CYLINDRICAL_SURFACE('',#686,3.);
#686 = AXIS2_PLACEMENT_3D('',#687,#688,#689);
#687 = CARTESIAN_POINT('',(70.,55.,-12.));
#688 = DIRECTION('',(0.,1.,0.));
#689 = DIRECTION('',(0.,0.,1.));
#690 = ADVANCED_FACE('',(#691,#701,#712,#723,#734),#745,.T.);
#691 = FACE_BOUND('',#692,.T.);
#692 = EDGE_LOOP('',(#693,#694,#695,#696,#697,#698,#699,#700));
#693 = ORIENTED_EDGE('',*,*,#593,.F.);
#694 = ORIENTED_EDGE('',*,*,#458,.F.);
#695 = ORIENTED_EDGE('',*,*,#537,.F.);
#696 = ORIENTED_EDGE('',*,*,#372,.T.);
#697 = ORIENTED_EDGE('',*,*,#402,.T.);
#698 = ORIENTED_EDGE('',*,*,#426,.F.);
#699 = ORIENTED_EDGE('',*,*,#610,.T.);
#700 = ORIENTED_EDGE('',*,*,#219,.F.);
#701 = FACE_BOUND('',#702,.T.);
#702 = EDGE_LOOP('',(#703));
#703 = ORIENTED_EDGE('',*,*,#704,.F.);
#704 = EDGE_CURVE('',#705,#705,#707,.T.);
#705 = VERTEX_POINT('',#706);
#706 = CARTESIAN_POINT('',(-12.,-15.,-160.));
#707 = CIRCLE('',#708,3.);
#708 = AXIS2_PLACEMENT_3D('',#709,#710,#711);
#709 = CARTESIAN_POINT('',(-15.,-15.,-160.));
#710 = DIRECTION('',(0.,0.,1.));
#711 = DIRECTION('',(1.,0.,0.));
#712 = FACE_BOUND('',#713,.T.);
#713 = EDGE_LOOP('',(#714));
#714 = ORIENTED_EDGE('',*,*,#715,.F.);
#715 = EDGE_CURVE('',#716,#716,#718,.T.);
#716 = VERTEX_POINT('',#717);
#717 = CARTESIAN_POINT('',(18.,-15.,-160.));
#718 = CIRCLE('',#719,3.);
#719 = AXIS2_PLACEMENT_3D('',#720,#721,#722);
#720 = CARTESIAN_POINT('',(15.,-15.,-160.));
#721 = DIRECTION('',(0.,0.,1.));
#722 = DIRECTION('',(1.,0.,0.));
#723 = FACE_BOUND('',#724,.T.);
#724 = EDGE_LOOP('',(#725));
#725 = ORIENTED_EDGE('',*,*,#726,.F.);
#726 = EDGE_CURVE('',#727,#727,#729,.T.);
#727 = VERTEX_POINT('',#728);
#728 = CARTESIAN_POINT('',(-12.,15.,-160.));
#729 = CIRCLE('',#730,3.);
#730 = AXIS2_PLACEMENT_3D('',#731,#732,#733);
#731 = CARTESIAN_POINT('',(-15.,15.,-160.));
#732 = DIRECTION('',(0.,0.,1.));
#733 = DIRECTION('',(1.,0.,0.));
#734 = FACE_BOUND('',#735,.T.);
#735 = EDGE_LOOP('',(#736));
#736 = ORIENTED_EDGE('',*,*,#737,.F.);
#737 = EDGE_CURVE('',#738,#738,#740,.T.);
#738 = VERTEX_POINT('',#739);
#739 = CARTESIAN_POINT('',(18.,15.,-160.));
#740 = CIRCLE('',#741,3.);
#741 = AXIS2_PLACEMENT_3D('',#742,#743,#744);
#742 = CARTESIAN_POINT('',(15.,15.,-160.));
#743 = DIRECTION('',(0.,0.,1.));
#744 = DIRECTION('',(1.,0.,0.));
#745 = PLANE('',#746);
#746 = AXIS2_PLACEMENT_3D('',#747,#748,#749);
#747 = CARTESIAN_POINT('',(0.,0.710526315789,-160.));
#748 = DIRECTION('',(0.,0.,1.));
#749 = DIRECTION('',(1.,0.,0.));
#750 = ADVANCED_FACE('',(#751),#770,.T.);
#751 = FACE_BOUND('',#752,.T.);
#752 = EDGE_LOOP('',(#753,#762,#768,#769));
#753 = ORIENTED_EDGE('',*,*,#754,.F.);
#754 = EDGE_CURVE('',#755,#755,#757,.T.);
#755 = VERTEX_POINT('',#756);
#756 = CARTESIAN_POINT('',(-12.,-15.,-151.6));
#757 = CIRCLE('',#758,3.);
#758 = AXIS2_PLACEMENT_3D('',#759,#760,#761);
#759 = CARTESIAN_POINT('',(-15.,-15.,-151.6));
#760 = DIRECTION('',(0.,0.,1.));
#761 = DIRECTION('',(1.,0.,0.));
#762 = ORIENTED_EDGE('',*,*,#763,.F.);
#763 = EDGE_CURVE('',#705,#755,#764,.T.);
#764 = LINE('',#765,#766);
#765 = CARTESIAN_POINT('',(-12.,-15.,-160.));
#766 = VECTOR('',#767,1.);
#767 = DIRECTION('',(0.,0.,1.));
#768 = ORIENTED_EDGE('',*,*,#704,.T.);
#769 = ORIENTED_EDGE('',*,*,#763,.T.);
#770 = CYLINDRICAL_SURFACE('',#771,3.);
#771 = AXIS2_PLACEMENT_3D('',#772,#773,#774);
#772 = CARTESIAN_POINT('',(-15.,-15.,-160.));
#773 = DIRECTION('',(0.,0.,1.));
#774 = DIRECTION('',(1.,0.,0.));
#775 = ADVANCED_FACE('',(#776,#779),#790,.T.);
#776 = FACE_BOUND('',#777,.T.);
#777 = EDGE_LOOP('',(#778));
#778 = ORIENTED_EDGE('',*,*,#754,.T.);
#779 = FACE_BOUND('',#780,.T.);
#780 = EDGE_LOOP('',(#781));
#781 = ORIENTED_EDGE('',*,*,#782,.F.);
#782 = EDGE_CURVE('',#783,#783,#785,.T.);
#783 = VERTEX_POINT('',#784);
#784 = CARTESIAN_POINT('',(-13.9,-15.,-151.6));
#785 = CIRCLE('',#786,1.1);
#786 = AXIS2_PLACEMENT_3D('',#787,#788,#789);
#787 = CARTESIAN_POINT('',(-15.,-15.,-151.6));
#788 = DIRECTION('',(0.,0.,1.));
#789 = DIRECTION('',(1.,0.,0.));
#790 = PLANE('',#791);
#791 = AXIS2_PLACEMENT_3D('',#792,#793,#794);
#792 = CARTESIAN_POINT('',(-15.,-15.,-151.6));
#793 = DIRECTION('',(0.,0.,1.));
#794 = DIRECTION('',(1.,0.,0.));
#795 = ADVANCED_FACE('',(#796),#815,.F.);
#796 = FACE_BOUND('',#797,.F.);
#797 = EDGE_LOOP('',(#798,#799,#807,#814));
#798 = ORIENTED_EDGE('',*,*,#782,.F.);
#799 = ORIENTED_EDGE('',*,*,#800,.F.);
#800 = EDGE_CURVE('',#801,#783,#803,.T.);
#801 = VERTEX_POINT('',#802);
#802 = CARTESIAN_POINT('',(-13.9,-15.,-159.));
#803 = LINE('',#804,#805);
#804 = CARTESIAN_POINT('',(-13.9,-15.,-159.));
#805 = VECTOR('',#806,1.);
#806 = DIRECTION('',(0.,0.,1.));
#807 = ORIENTED_EDGE('',*,*,#808,.T.);
#808 = EDGE_CURVE('',#801,#801,#809,.T.);
#809 = CIRCLE('',#810,1.1);
#810 = AXIS2_PLACEMENT_3D('',#811,#812,#813);
#811 = CARTESIAN_POINT('',(-15.,-15.,-159.));
#812 = DIRECTION('',(0.,0.,1.));
#813 = DIRECTION('',(1.,0.,0.));
#814 = ORIENTED_EDGE('',*,*,#800,.T.);
#815 = CYLINDRICAL_SURFACE('',#816,1.1);
#816 = AXIS2_PLACEMENT_3D('',#817,#818,#819);
#817 = CARTESIAN_POINT('',(-15.,-15.,-159.));
#818 = DIRECTION('',(0.,0.,1.));
#819 = DIRECTION('',(1.,0.,0.));
#820 = ADVANCED_FACE('',(#821),#824,.T.);
#821 = FACE_BOUND('',#822,.F.);
#822 = EDGE_LOOP('',(#823));
#823 = ORIENTED_EDGE('',*,*,#808,.F.);
#824 = PLANE('',#825);
#825 = AXIS2_PLACEMENT_3D('',#826,#827,#828);
#826 = CARTESIAN_POINT('',(-15.,-15.,-159.));
#827 = DIRECTION('',(0.,0.,1.));
#828 = DIRECTION('',(1.,0.,0.));
#829 = ADVANCED_FACE('',(#830),#849,.T.);
#830 = FACE_BOUND('',#831,.T.);
#831 = EDGE_LOOP('',(#832,#841,#847,#848));
#832 = ORIENTED_EDGE('',*,*,#833,.F.);
#833 = EDGE_CURVE('',#834,#834,#836,.T.);
#834 = VERTEX_POINT('',#835);
#835 = CARTESIAN_POINT('',(18.,-15.,-151.6));
#836 = CIRCLE('',#837,3.);
#837 = AXIS2_PLACEMENT_3D('',#838,#839,#840);
#838 = CARTESIAN_POINT('',(15.,-15.,-151.6));
#839 = DIRECTION('',(0.,0.,1.));
#840 = DIRECTION('',(1.,0.,0.));
#841 = ORIENTED_EDGE('',*,*,#842,.F.);
#842 = EDGE_CURVE('',#716,#834,#843,.T.);
#843 = LINE('',#844,#845);
#844 = CARTESIAN_POINT('',(18.,-15.,-160.));
#845 = VECTOR('',#846,1.);
#846 = DIRECTION('',(0.,0.,1.));
#847 = ORIENTED_EDGE('',*,*,#715,.T.);
#848 = ORIENTED_EDGE('',*,*,#842,.T.);
#849 = CYLINDRICAL_SURFACE('',#850,3.);
#850 = AXIS2_PLACEMENT_3D('',#851,#852,#853);
#851 = CARTESIAN_POINT('',(15.,-15.,-160.));
#852 = DIRECTION('',(0.,0.,1.));
#853 = DIRECTION('',(1.,0.,0.));
#854 = ADVANCED_FACE('',(#855,#858),#869,.T.);
#855 = FACE_BOUND('',#856,.T.);
#856 = EDGE_LOOP('',(#857));
#857 = ORIENTED_EDGE('',*,*,#833,.T.);
#858 = FACE_BOUND('',#859,.T.);
#859 = EDGE_LOOP('',(#860));
#860 = ORIENTED_EDGE('',*,*,#861,.F.);
#861 = EDGE_CURVE('',#862,#862,#864,.T.);
#862 = VERTEX_POINT('',#863);
#863 = CARTESIAN_POINT('',(16.1,-15.,-151.6));
#864 = CIRCLE('',#865,1.1);
#865 = AXIS2_PLACEMENT_3D('',#866,#867,#868);
#866 = CARTESIAN_POINT('',(15.,-15.,-151.6));
#867 = DIRECTION('',(0.,0.,1.));
#868 = DIRECTION('',(1.,0.,0.));
#869 = PLANE('',#870);
#870 = AXIS2_PLACEMENT_3D('',#871,#872,#873);
#871 = CARTESIAN_POINT('',(15.,-15.,-151.6));
#872 = DIRECTION('',(0.,0.,1.));
#873 = DIRECTION('',(1.,0.,0.));
#874 = ADVANCED_FACE('',(#875),#894,.F.);
#875 = FACE_BOUND('',#876,.F.);
#876 = EDGE_LOOP('',(#877,#878,#886,#893));
#877 = ORIENTED_EDGE('',*,*,#861,.F.);
#878 = ORIENTED_EDGE('',*,*,#879,.F.);
#879 = EDGE_CURVE('',#880,#862,#882,.T.);
#880 = VERTEX_POINT('',#881);
#881 = CARTESIAN_POINT('',(16.1,-15.,-159.));
#882 = LINE('',#883,#884);
#883 = CARTESIAN_POINT('',(16.1,-15.,-159.));
#884 = VECTOR('',#885,1.);
#885 = DIRECTION('',(0.,0.,1.));
#886 = ORIENTED_EDGE('',*,*,#887,.T.);
#887 = EDGE_CURVE('',#880,#880,#888,.T.);
#888 = CIRCLE('',#889,1.1);
#889 = AXIS2_PLACEMENT_3D('',#890,#891,#892);
#890 = CARTESIAN_POINT('',(15.,-15.,-159.));
#891 = DIRECTION('',(0.,0.,1.));
#892 = DIRECTION('',(1.,0.,0.));
#893 = ORIENTED_EDGE('',*,*,#879,.T.);
#894 = CYLINDRICAL_SURFACE('',#895,1.1);
#895 = AXIS2_PLACEMENT_3D('',#896,#897,#898);
#896 = CARTESIAN_POINT('',(15.,-15.,-159.));
#897 = DIRECTION('',(0.,0.,1.));
#898 = DIRECTION('',(1.,0.,0.));
#899 = ADVANCED_FACE('',(#900),#903,.T.);
#900 = FACE_BOUND('',#901,.F.);
#901 = EDGE_LOOP('',(#902));
#902 = ORIENTED_EDGE('',*,*,#887,.F.);
#903 = PLANE('',#904);
#904 = AXIS2_PLACEMENT_3D('',#905,#906,#907);
#905 = CARTESIAN_POINT('',(15.,-15.,-159.));
#906 = DIRECTION('',(0.,0.,1.));
#907 = DIRECTION('',(1.,0.,0.));
#908 = ADVANCED_FACE('',(#909),#928,.T.);
#909 = FACE_BOUND('',#910,.T.);
#910 = EDGE_LOOP('',(#911,#920,#926,#927));
#911 = ORIENTED_EDGE('',*,*,#912,.F.);
#912 = EDGE_CURVE('',#913,#913,#915,.T.);
#913 = VERTEX_POINT('',#914);
#914 = CARTESIAN_POINT('',(-12.,15.,-151.6));
#915 = CIRCLE('',#916,3.);
#916 = AXIS2_PLACEMENT_3D('',#917,#918,#919);
#917 = CARTESIAN_POINT('',(-15.,15.,-151.6));
#918 = DIRECTION('',(0.,0.,1.));
#919 = DIRECTION('',(1.,0.,0.));
#920 = ORIENTED_EDGE('',*,*,#921,.F.);
#921 = EDGE_CURVE('',#727,#913,#922,.T.);
#922 = LINE('',#923,#924);
#923 = CARTESIAN_POINT('',(-12.,15.,-160.));
#924 = VECTOR('',#925,1.);
#925 = DIRECTION('',(0.,0.,1.));
#926 = ORIENTED_EDGE('',*,*,#726,.T.);
#927 = ORIENTED_EDGE('',*,*,#921,.T.);
#928 = CYLINDRICAL_SURFACE('',#929,3.);
#929 = AXIS2_PLACEMENT_3D('',#930,#931,#932);
#930 = CARTESIAN_POINT('',(-15.,15.,-160.));
#931 = DIRECTION('',(0.,0.,1.));
#932 = DIRECTION('',(1.,0.,0.));
#933 = ADVANCED_FACE('',(#934,#937),#948,.T.);
#934 = FACE_BOUND('',#935,.T.);
#935 = EDGE_LOOP('',(#936));
#936 = ORIENTED_EDGE('',*,*,#912,.T.);
#937 = FACE_BOUND('',#938,.T.);
#938 = EDGE_LOOP('',(#939));
#939 = ORIENTED_EDGE('',*,*,#940,.F.);
#940 = EDGE_CURVE('',#941,#941,#943,.T.);
#941 = VERTEX_POINT('',#942);
#942 = CARTESIAN_POINT('',(-13.9,15.,-151.6));
#943 = CIRCLE('',#944,1.1);
#944 = AXIS2_PLACEMENT_3D('',#945,#946,#947);
#945 = CARTESIAN_POINT('',(-15.,15.,-151.6));
#946 = DIRECTION('',(0.,0.,1.));
#947 = DIRECTION('',(1.,0.,0.));
#948 = PLANE('',#949);
#949 = AXIS2_PLACEMENT_3D('',#950,#951,#952);
#950 = CARTESIAN_POINT('',(-15.,15.,-151.6));
#951 = DIRECTION('',(0.,0.,1.));
#952 = DIRECTION('',(1.,0.,0.));
#953 = ADVANCED_FACE('',(#954),#973,.F.);
#954 = FACE_BOUND('',#955,.F.);
#955 = EDGE_LOOP('',(#956,#957,#965,#972));
#956 = ORIENTED_EDGE('',*,*,#940,.F.);
#957 = ORIENTED_EDGE('',*,*,#958,.F.);
#958 = EDGE_CURVE('',#959,#941,#961,.T.);
#959 = VERTEX_POINT('',#960);
#960 = CARTESIAN_POINT('',(-13.9,15.,-159.));
#961 = LINE('',#962,#963);
#962 = CARTESIAN_POINT('',(-13.9,15.,-159.));
#963 = VECTOR('',#964,1.);
#964 = DIRECTION('',(0.,0.,1.));
#965 = ORIENTED_EDGE('',*,*,#966,.T.);
#966 = EDGE_CURVE('',#959,#959,#967,.T.);
#967 = CIRCLE('',#968,1.1);
#968 = AXIS2_PLACEMENT_3D('',#969,#970,#971);
#969 = CARTESIAN_POINT('',(-15.,15.,-159.));
#970 = DIRECTION('',(0.,0.,1.));
#971 = DIRECTION('',(1.,0.,0.));
#972 = ORIENTED_EDGE('',*,*,#958,.T.);
#973 = CYLINDRICAL_SURFACE('',#974,1.1);
#974 = AXIS2_PLACEMENT_3D('',#975,#976,#977);
#975 = CARTESIAN_POINT('',(-15.,15.,-159.));
#976 = DIRECTION('',(0.,0.,1.));
#977 = DIRECTION('',(1.,0.,0.));
#978 = ADVANCED_FACE('',(#979),#982,.T.);
#979 = FACE_BOUND('',#980,.F.);
#980 = EDGE_LOOP('',(#981));
#981 = ORIENTED_EDGE('',*,*,#966,.F.);
#982 = PLANE('',#983);
#983 = AXIS2_PLACEMENT_3D('',#984,#985,#986);
#984 = CARTESIAN_POINT('',(-15.,15.,-159.));
#985 = DIRECTION('',(0.,0.,1.));
#986 = DIRECTION('',(1.,0.,0.));
#987 = ADVANCED_FACE('',(#988),#1007,.T.);
#988 = FACE_BOUND('',#989,.T.);
#989 = EDGE_LOOP('',(#990,#999,#1005,#1006));
#990 = ORIENTED_EDGE('',*,*,#991,.F.);
#991 = EDGE_CURVE('',#992,#992,#994,.T.);
#992 = VERTEX_POINT('',#993);
#993 = CARTESIAN_POINT('',(18.,15.,-151.6));
#994 = CIRCLE('',#995,3.);
#995 = AXIS2_PLACEMENT_3D('',#996,#997,#998);
#996 = CARTESIAN_POINT('',(15.,15.,-151.6));
#997 = DIRECTION('',(0.,0.,1.));
#998 = DIRECTION('',(1.,0.,0.));
#999 = ORIENTED_EDGE('',*,*,#1000,.F.);
#1000 = EDGE_CURVE('',#738,#992,#1001,.T.);
#1001 = LINE('',#1002,#1003);
#1002 = CARTESIAN_POINT('',(18.,15.,-160.));
#1003 = VECTOR('',#1004,1.);
#1004 = DIRECTION('',(0.,0.,1.));
#1005 = ORIENTED_EDGE('',*,*,#737,.T.);
#1006 = ORIENTED_EDGE('',*,*,#1000,.T.);
#1007 = CYLINDRICAL_SURFACE('',#1008,3.);
#1008 = AXIS2_PLACEMENT_3D('',#1009,#1010,#1011);
#1009 = CARTESIAN_POINT('',(15.,15.,-160.));
#1010 = DIRECTION('',(0.,0.,1.));
#1011 = DIRECTION('',(1.,0.,0.));
#1012 = ADVANCED_FACE('',(#1013,#1016),#1027,.T.);
#1013 = FACE_BOUND('',#1014,.T.);
#1014 = EDGE_LOOP('',(#1015));
#1015 = ORIENTED_EDGE('',*,*,#991,.T.);
#1016 = FACE_BOUND('',#1017,.T.);
#1017 = EDGE_LOOP('',(#1018));
#1018 = ORIENTED_EDGE('',*,*,#1019,.F.);
#1019 = EDGE_CURVE('',#1020,#1020,#1022,.T.);
#1020 = VERTEX_POINT('',#1021);
#1021 = CARTESIAN_POINT('',(16.1,15.,-151.6));
#1022 = CIRCLE('',#1023,1.1);
#1023 = AXIS2_PLACEMENT_3D('',#1024,#1025,#1026);
#1024 = CARTESIAN_POINT('',(15.,15.,-151.6));
#1025 = DIRECTION('',(0.,0.,1.));
#1026 = DIRECTION('',(1.,0.,0.));
#1027 = PLANE('',#1028);
#1028 = AXIS2_PLACEMENT_3D('',#1029,#1030,#1031);
#1029 = CARTESIAN_POINT('',(15.,15.,-151.6));
#1030 = DIRECTION('',(0.,0.,1.));
#1031 = DIRECTION('',(1.,0.,0.));
#1032 = ADVANCED_FACE('',(#1033),#1052,.F.);
#1033 = FACE_BOUND('',#1034,.F.);
#1034 = EDGE_LOOP('',(#1035,#1036,#1044,#1051));
#1035 = ORIENTED_EDGE('',*,*,#1019,.F.);
#1036 = ORIENTED_EDGE('',*,*,#1037,.F.);
#1037 = EDGE_CURVE('',#1038,#1020,#1040,.T.);
#1038 = VERTEX_POINT('',#1039);
#1039 = CARTESIAN_POINT('',(16.1,15.,-159.));
#1040 = LINE('',#1041,#1042);
#1041 = CARTESIAN_POINT('',(16.1,15.,-159.));
#1042 = VECTOR('',#1043,1.);
#1043 = DIRECTION('',(0.,0.,1.));
#1044 = ORIENTED_EDGE('',*,*,#1045,.T.);
#1045 = EDGE_CURVE('',#1038,#1038,#1046,.T.);
#1046 = CIRCLE('',#1047,1.1);
#1047 = AXIS2_PLACEMENT_3D('',#1048,#1049,#1050);
#1048 = CARTESIAN_POINT('',(15.,15.,-159.));
#1049 = DIRECTION('',(0.,0.,1.));
#1050 = DIRECTION('',(1.,0.,0.));
#1051 = ORIENTED_EDGE('',*,*,#1037,.T.);
#1052 = CYLINDRICAL_SURFACE('',#1053,1.1);
#1053 = AXIS2_PLACEMENT_3D('',#1054,#1055,#1056);
#1054 = CARTESIAN_POINT('',(15.,15.,-159.));
#1055 = DIRECTION('',(0.,0.,1.));
#1056 = DIRECTION('',(1.,0.,0.));
#1057 = ADVANCED_FACE('',(#1058),#1061,.T.);
#1058 = FACE_BOUND('',#1059,.F.);
#1059 = EDGE_LOOP('',(#1060));
#1060 = ORIENTED_EDGE('',*,*,#1045,.F.);
#1061 = PLANE('',#1062);
#1062 = AXIS2_PLACEMENT_3D('',#1063,#1064,#1065);
#1063 = CARTESIAN_POINT('',(15.,15.,-159.));
#1064 = DIRECTION('',(0.,0.,1.));
#1065 = DIRECTION('',(1.,0.,0.));
#1066 = MANIFOLD_SOLID_BREP('',#1067);
#1067 = CLOSED_SHELL('',(#1068,#1108,#1171,#1250,#1274,#1325,#1381,#1437
    ,#1449,#1473,#1497,#1521,#1545,#1562,#1593,#1617,#1641,#1658,#1711,
    #1735,#1830,#1854,#1878,#1895,#1941,#1972,#1996,#2020,#2037,#2054,
    #2066,#2106,#2137,#2161,#2185,#2209,#2242,#2273,#2289,#2306,#2328,
    #2345,#2356));
#1068 = ADVANCED_FACE('',(#1069),#1103,.F.);
#1069 = FACE_BOUND('',#1070,.F.);
#1070 = EDGE_LOOP('',(#1071,#1081,#1089,#1097));
#1071 = ORIENTED_EDGE('',*,*,#1072,.F.);
#1072 = EDGE_CURVE('',#1073,#1075,#1077,.T.);
#1073 = VERTEX_POINT('',#1074);
#1074 = CARTESIAN_POINT('',(-88.,-59.,-3.));
#1075 = VERTEX_POINT('',#1076);
#1076 = CARTESIAN_POINT('',(-88.,-59.,6.));
#1077 = LINE('',#1078,#1079);
#1078 = CARTESIAN_POINT('',(-88.,-59.,-3.));
#1079 = VECTOR('',#1080,1.);
#1080 = DIRECTION('',(0.,0.,1.));
#1081 = ORIENTED_EDGE('',*,*,#1082,.T.);
#1082 = EDGE_CURVE('',#1073,#1083,#1085,.T.);
#1083 = VERTEX_POINT('',#1084);
#1084 = CARTESIAN_POINT('',(-88.,59.,-3.));
#1085 = LINE('',#1086,#1087);
#1086 = CARTESIAN_POINT('',(-88.,-59.,-3.));
#1087 = VECTOR('',#1088,1.);
#1088 = DIRECTION('',(0.,1.,0.));
#1089 = ORIENTED_EDGE('',*,*,#1090,.T.);
#1090 = EDGE_CURVE('',#1083,#1091,#1093,.T.);
#1091 = VERTEX_POINT('',#1092);
#1092 = CARTESIAN_POINT('',(-88.,59.,6.));
#1093 = LINE('',#1094,#1095);
#1094 = CARTESIAN_POINT('',(-88.,59.,-3.));
#1095 = VECTOR('',#1096,1.);
#1096 = DIRECTION('',(0.,0.,1.));
#1097 = ORIENTED_EDGE('',*,*,#1098,.F.);
#1098 = EDGE_CURVE('',#1075,#1091,#1099,.T.);
#1099 = LINE('',#1100,#1101);
#1100 = CARTESIAN_POINT('',(-88.,-59.,6.));
#1101 = VECTOR('',#1102,1.);
#1102 = DIRECTION('',(0.,1.,0.));
#1103 = PLANE('',#1104);
#1104 = AXIS2_PLACEMENT_3D('',#1105,#1106,#1107);
#1105 = CARTESIAN_POINT('',(-88.,-59.,-3.));
#1106 = DIRECTION('',(1.,0.,0.));
#1107 = DIRECTION('',(0.,0.,1.));
#1108 = ADVANCED_FACE('',(#1109),#1166,.F.);
#1109 = FACE_BOUND('',#1110,.F.);
#1110 = EDGE_LOOP('',(#1111,#1121,#1129,#1135,#1136,#1144,#1152,#1160));
#1111 = ORIENTED_EDGE('',*,*,#1112,.T.);
#1112 = EDGE_CURVE('',#1113,#1115,#1117,.T.);
#1113 = VERTEX_POINT('',#1114);
#1114 = CARTESIAN_POINT('',(75.,-59.,6.));
#1115 = VERTEX_POINT('',#1116);
#1116 = CARTESIAN_POINT('',(88.,-59.,6.));
#1117 = LINE('',#1118,#1119);
#1118 = CARTESIAN_POINT('',(-88.,-59.,6.));
#1119 = VECTOR('',#1120,1.);
#1120 = DIRECTION('',(1.,0.,0.));
#1121 = ORIENTED_EDGE('',*,*,#1122,.F.);
#1122 = EDGE_CURVE('',#1123,#1115,#1125,.T.);
#1123 = VERTEX_POINT('',#1124);
#1124 = CARTESIAN_POINT('',(88.,-59.,-3.));
#1125 = LINE('',#1126,#1127);
#1126 = CARTESIAN_POINT('',(88.,-59.,-3.));
#1127 = VECTOR('',#1128,1.);
#1128 = DIRECTION('',(0.,0.,1.));
#1129 = ORIENTED_EDGE('',*,*,#1130,.F.);
#1130 = EDGE_CURVE('',#1073,#1123,#1131,.T.);
#1131 = LINE('',#1132,#1133);
#1132 = CARTESIAN_POINT('',(-88.,-59.,-3.));
#1133 = VECTOR('',#1134,1.);
#1134 = DIRECTION('',(1.,0.,0.));
#1135 = ORIENTED_EDGE('',*,*,#1072,.T.);
#1136 = ORIENTED_EDGE('',*,*,#1137,.T.);
#1137 = EDGE_CURVE('',#1075,#1138,#1140,.T.);
#1138 = VERTEX_POINT('',#1139);
#1139 = CARTESIAN_POINT('',(-75.,-59.,6.));
#1140 = LINE('',#1141,#1142);
#1141 = CARTESIAN_POINT('',(-88.,-59.,6.));
#1142 = VECTOR('',#1143,1.);
#1143 = DIRECTION('',(1.,0.,0.));
#1144 = ORIENTED_EDGE('',*,*,#1145,.T.);
#1145 = EDGE_CURVE('',#1138,#1146,#1148,.T.);
#1146 = VERTEX_POINT('',#1147);
#1147 = CARTESIAN_POINT('',(-75.,-59.,0.));
#1148 = LINE('',#1149,#1150);
#1149 = CARTESIAN_POINT('',(-75.,-59.,-1.5));
#1150 = VECTOR('',#1151,1.);
#1151 = DIRECTION('',(0.,0.,-1.));
#1152 = ORIENTED_EDGE('',*,*,#1153,.T.);
#1153 = EDGE_CURVE('',#1146,#1154,#1156,.T.);
#1154 = VERTEX_POINT('',#1155);
#1155 = CARTESIAN_POINT('',(75.,-59.,0.));
#1156 = LINE('',#1157,#1158);
#1157 = CARTESIAN_POINT('',(-81.5,-59.,0.));
#1158 = VECTOR('',#1159,1.);
#1159 = DIRECTION('',(1.,0.,0.));
#1160 = ORIENTED_EDGE('',*,*,#1161,.F.);
#1161 = EDGE_CURVE('',#1113,#1154,#1162,.T.);
#1162 = LINE('',#1163,#1164);
#1163 = CARTESIAN_POINT('',(75.,-59.,-1.5));
#1164 = VECTOR('',#1165,1.);
#1165 = DIRECTION('',(0.,0.,-1.));
#1166 = PLANE('',#1167);
#1167 = AXIS2_PLACEMENT_3D('',#1168,#1169,#1170);
#1168 = CARTESIAN_POINT('',(-88.,-59.,-3.));
#1169 = DIRECTION('',(0.,1.,0.));
#1170 = DIRECTION('',(0.,0.,1.));
#1171 = ADVANCED_FACE('',(#1172),#1245,.T.);
#1172 = FACE_BOUND('',#1173,.T.);
#1173 = EDGE_LOOP('',(#1174,#1182,#1188,#1189,#1190,#1198,#1206,#1214,
    #1222,#1230,#1238,#1244));
#1174 = ORIENTED_EDGE('',*,*,#1175,.T.);
#1175 = EDGE_CURVE('',#1115,#1176,#1178,.T.);
#1176 = VERTEX_POINT('',#1177);
#1177 = CARTESIAN_POINT('',(88.,59.,6.));
#1178 = LINE('',#1179,#1180);
#1179 = CARTESIAN_POINT('',(88.,-59.,6.));
#1180 = VECTOR('',#1181,1.);
#1181 = DIRECTION('',(0.,1.,0.));
#1182 = ORIENTED_EDGE('',*,*,#1183,.F.);
#1183 = EDGE_CURVE('',#1091,#1176,#1184,.T.);
#1184 = LINE('',#1185,#1186);
#1185 = CARTESIAN_POINT('',(-88.,59.,6.));
#1186 = VECTOR('',#1187,1.);
#1187 = DIRECTION('',(1.,0.,0.));
#1188 = ORIENTED_EDGE('',*,*,#1098,.F.);
#1189 = ORIENTED_EDGE('',*,*,#1137,.T.);
#1190 = ORIENTED_EDGE('',*,*,#1191,.T.);
#1191 = EDGE_CURVE('',#1138,#1192,#1194,.T.);
#1192 = VERTEX_POINT('',#1193);
#1193 = CARTESIAN_POINT('',(-75.,-55.,6.));
#1194 = LINE('',#1195,#1196);
#1195 = CARTESIAN_POINT('',(-75.,-59.5,6.));
#1196 = VECTOR('',#1197,1.);
#1197 = DIRECTION('',(0.,1.,0.));
#1198 = ORIENTED_EDGE('',*,*,#1199,.T.);
#1199 = EDGE_CURVE('',#1192,#1200,#1202,.T.);
#1200 = VERTEX_POINT('',#1201);
#1201 = CARTESIAN_POINT('',(-84.,-55.,6.));
#1202 = LINE('',#1203,#1204);
#1203 = CARTESIAN_POINT('',(-86.,-55.,6.));
#1204 = VECTOR('',#1205,1.);
#1205 = DIRECTION('',(-1.,0.,0.));
#1206 = ORIENTED_EDGE('',*,*,#1207,.T.);
#1207 = EDGE_CURVE('',#1200,#1208,#1210,.T.);
#1208 = VERTEX_POINT('',#1209);
#1209 = CARTESIAN_POINT('',(-84.,55.,6.));
#1210 = LINE('',#1211,#1212);
#1211 = CARTESIAN_POINT('',(-84.,-57.,6.));
#1212 = VECTOR('',#1213,1.);
#1213 = DIRECTION('',(0.,1.,0.));
#1214 = ORIENTED_EDGE('',*,*,#1215,.F.);
#1215 = EDGE_CURVE('',#1216,#1208,#1218,.T.);
#1216 = VERTEX_POINT('',#1217);
#1217 = CARTESIAN_POINT('',(84.,55.,6.));
#1218 = LINE('',#1219,#1220);
#1219 = CARTESIAN_POINT('',(-86.,55.,6.));
#1220 = VECTOR('',#1221,1.);
#1221 = DIRECTION('',(-1.,0.,0.));
#1222 = ORIENTED_EDGE('',*,*,#1223,.F.);
#1223 = EDGE_CURVE('',#1224,#1216,#1226,.T.);
#1224 = VERTEX_POINT('',#1225);
#1225 = CARTESIAN_POINT('',(84.,-55.,6.));
#1226 = LINE('',#1227,#1228);
#1227 = CARTESIAN_POINT('',(84.,-57.,6.));
#1228 = VECTOR('',#1229,1.);
#1229 = DIRECTION('',(0.,1.,0.));
#1230 = ORIENTED_EDGE('',*,*,#1231,.T.);
#1231 = EDGE_CURVE('',#1224,#1232,#1234,.T.);
#1232 = VERTEX_POINT('',#1233);
#1233 = CARTESIAN_POINT('',(75.,-55.,6.));
#1234 = LINE('',#1235,#1236);
#1235 = CARTESIAN_POINT('',(-86.,-55.,6.));
#1236 = VECTOR('',#1237,1.);
#1237 = DIRECTION('',(-1.,0.,0.));
#1238 = ORIENTED_EDGE('',*,*,#1239,.F.);
#1239 = EDGE_CURVE('',#1113,#1232,#1240,.T.);
#1240 = LINE('',#1241,#1242);
#1241 = CARTESIAN_POINT('',(75.,-59.5,6.));
#1242 = VECTOR('',#1243,1.);
#1243 = DIRECTION('',(0.,1.,0.));
#1244 = ORIENTED_EDGE('',*,*,#1112,.T.);
#1245 = PLANE('',#1246);
#1246 = AXIS2_PLACEMENT_3D('',#1247,#1248,#1249);
#1247 = CARTESIAN_POINT('',(-88.,-59.,6.));
#1248 = DIRECTION('',(0.,0.,1.));
#1249 = DIRECTION('',(1.,0.,0.));
#1250 = ADVANCED_FACE('',(#1251),#1269,.T.);
#1251 = FACE_BOUND('',#1252,.T.);
#1252 = EDGE_LOOP('',(#1253,#1261,#1262,#1263));
#1253 = ORIENTED_EDGE('',*,*,#1254,.F.);
#1254 = EDGE_CURVE('',#1083,#1255,#1257,.T.);
#1255 = VERTEX_POINT('',#1256);
#1256 = CARTESIAN_POINT('',(88.,59.,-3.));
#1257 = LINE('',#1258,#1259);
#1258 = CARTESIAN_POINT('',(-88.,59.,-3.));
#1259 = VECTOR('',#1260,1.);
#1260 = DIRECTION('',(1.,0.,0.));
#1261 = ORIENTED_EDGE('',*,*,#1090,.T.);
#1262 = ORIENTED_EDGE('',*,*,#1183,.T.);
#1263 = ORIENTED_EDGE('',*,*,#1264,.F.);
#1264 = EDGE_CURVE('',#1255,#1176,#1265,.T.);
#1265 = LINE('',#1266,#1267);
#1266 = CARTESIAN_POINT('',(88.,59.,-3.));
#1267 = VECTOR('',#1268,1.);
#1268 = DIRECTION('',(0.,0.,1.));
#1269 = PLANE('',#1270);
#1270 = AXIS2_PLACEMENT_3D('',#1271,#1272,#1273);
#1271 = CARTESIAN_POINT('',(-88.,59.,-3.));
#1272 = DIRECTION('',(0.,1.,0.));
#1273 = DIRECTION('',(0.,0.,1.));
#1274 = ADVANCED_FACE('',(#1275,#1286),#1320,.F.);
#1275 = FACE_BOUND('',#1276,.F.);
#1276 = EDGE_LOOP('',(#1277,#1278,#1279,#1285));
#1277 = ORIENTED_EDGE('',*,*,#1082,.F.);
#1278 = ORIENTED_EDGE('',*,*,#1130,.T.);
#1279 = ORIENTED_EDGE('',*,*,#1280,.T.);
#1280 = EDGE_CURVE('',#1123,#1255,#1281,.T.);
#1281 = LINE('',#1282,#1283);
#1282 = CARTESIAN_POINT('',(88.,-59.,-3.));
#1283 = VECTOR('',#1284,1.);
#1284 = DIRECTION('',(0.,1.,0.));
#1285 = ORIENTED_EDGE('',*,*,#1254,.F.);
#1286 = FACE_BOUND('',#1287,.F.);
#1287 = EDGE_LOOP('',(#1288,#1298,#1306,#1314));
#1288 = ORIENTED_EDGE('',*,*,#1289,.F.);
#1289 = EDGE_CURVE('',#1290,#1292,#1294,.T.);
#1290 = VERTEX_POINT('',#1291);
#1291 = CARTESIAN_POINT('',(-84.8,-55.8,-3.));
#1292 = VERTEX_POINT('',#1293);
#1293 = CARTESIAN_POINT('',(84.8,-55.8,-3.));
#1294 = LINE('',#1295,#1296);
#1295 = CARTESIAN_POINT('',(-84.8,-55.8,-3.));
#1296 = VECTOR('',#1297,1.);
#1297 = DIRECTION('',(1.,0.,0.));
#1298 = ORIENTED_EDGE('',*,*,#1299,.T.);
#1299 = EDGE_CURVE('',#1290,#1300,#1302,.T.);
#1300 = VERTEX_POINT('',#1301);
#1301 = CARTESIAN_POINT('',(-84.8,55.8,-3.));
#1302 = LINE('',#1303,#1304);
#1303 = CARTESIAN_POINT('',(-84.8,-55.8,-3.));
#1304 = VECTOR('',#1305,1.);
#1305 = DIRECTION('',(0.,1.,0.));
#1306 = ORIENTED_EDGE('',*,*,#1307,.T.);
#1307 = EDGE_CURVE('',#1300,#1308,#1310,.T.);
#1308 = VERTEX_POINT('',#1309);
#1309 = CARTESIAN_POINT('',(84.8,55.8,-3.));
#1310 = LINE('',#1311,#1312);
#1311 = CARTESIAN_POINT('',(-84.8,55.8,-3.));
#1312 = VECTOR('',#1313,1.);
#1313 = DIRECTION('',(1.,0.,0.));
#1314 = ORIENTED_EDGE('',*,*,#1315,.F.);
#1315 = EDGE_CURVE('',#1292,#1308,#1316,.T.);
#1316 = LINE('',#1317,#1318);
#1317 = CARTESIAN_POINT('',(84.8,-55.8,-3.));
#1318 = VECTOR('',#1319,1.);
#1319 = DIRECTION('',(0.,1.,0.));
#1320 = PLANE('',#1321);
#1321 = AXIS2_PLACEMENT_3D('',#1322,#1323,#1324);
#1322 = CARTESIAN_POINT('',(-88.,-59.,-3.));
#1323 = DIRECTION('',(0.,0.,1.));
#1324 = DIRECTION('',(1.,0.,0.));
#1325 = ADVANCED_FACE('',(#1326),#1376,.F.);
#1326 = FACE_BOUND('',#1327,.F.);
#1327 = EDGE_LOOP('',(#1328,#1329,#1330,#1338,#1346,#1354,#1362,#1370));
#1328 = ORIENTED_EDGE('',*,*,#1239,.F.);
#1329 = ORIENTED_EDGE('',*,*,#1161,.T.);
#1330 = ORIENTED_EDGE('',*,*,#1331,.T.);
#1331 = EDGE_CURVE('',#1154,#1332,#1334,.T.);
#1332 = VERTEX_POINT('',#1333);
#1333 = CARTESIAN_POINT('',(75.,-37.035,0.));
#1334 = LINE('',#1335,#1336);
#1335 = CARTESIAN_POINT('',(75.,-60.,0.));
#1336 = VECTOR('',#1337,1.);
#1337 = DIRECTION('',(0.,1.,0.));
#1338 = ORIENTED_EDGE('',*,*,#1339,.T.);
#1339 = EDGE_CURVE('',#1332,#1340,#1342,.T.);
#1340 = VERTEX_POINT('',#1341);
#1341 = CARTESIAN_POINT('',(75.,-37.035,6.));
#1342 = LINE('',#1343,#1344);
#1343 = CARTESIAN_POINT('',(75.,-37.035,0.));
#1344 = VECTOR('',#1345,1.);
#1345 = DIRECTION('',(0.,0.,1.));
#1346 = ORIENTED_EDGE('',*,*,#1347,.F.);
#1347 = EDGE_CURVE('',#1348,#1340,#1350,.T.);
#1348 = VERTEX_POINT('',#1349);
#1349 = CARTESIAN_POINT('',(75.,-53.,6.));
#1350 = LINE('',#1351,#1352);
#1351 = CARTESIAN_POINT('',(75.,-59.5,6.));
#1352 = VECTOR('',#1353,1.);
#1353 = DIRECTION('',(0.,1.,0.));
#1354 = ORIENTED_EDGE('',*,*,#1355,.F.);
#1355 = EDGE_CURVE('',#1356,#1348,#1358,.T.);
#1356 = VERTEX_POINT('',#1357);
#1357 = CARTESIAN_POINT('',(75.,-53.,4.));
#1358 = LINE('',#1359,#1360);
#1359 = CARTESIAN_POINT('',(75.,-53.,1.5));
#1360 = VECTOR('',#1361,1.);
#1361 = DIRECTION('',(0.,0.,1.));
#1362 = ORIENTED_EDGE('',*,*,#1363,.T.);
#1363 = EDGE_CURVE('',#1356,#1364,#1366,.T.);
#1364 = VERTEX_POINT('',#1365);
#1365 = CARTESIAN_POINT('',(75.,-55.,4.));
#1366 = LINE('',#1367,#1368);
#1367 = CARTESIAN_POINT('',(75.,-57.5,4.));
#1368 = VECTOR('',#1369,1.);
#1369 = DIRECTION('',(0.,-1.,0.));
#1370 = ORIENTED_EDGE('',*,*,#1371,.T.);
#1371 = EDGE_CURVE('',#1364,#1232,#1372,.T.);
#1372 = LINE('',#1373,#1374);
#1373 = CARTESIAN_POINT('',(75.,-55.,2.));
#1374 = VECTOR('',#1375,1.);
#1375 = DIRECTION('',(0.,0.,1.));
#1376 = PLANE('',#1377);
#1377 = AXIS2_PLACEMENT_3D('',#1378,#1379,#1380);
#1378 = CARTESIAN_POINT('',(75.,-60.,0.));
#1379 = DIRECTION('',(1.,0.,0.));
#1380 = DIRECTION('',(0.,0.,1.));
#1381 = ADVANCED_FACE('',(#1382),#1432,.T.);
#1382 = FACE_BOUND('',#1383,.T.);
#1383 = EDGE_LOOP('',(#1384,#1385,#1386,#1394,#1402,#1410,#1418,#1426));
#1384 = ORIENTED_EDGE('',*,*,#1191,.F.);
#1385 = ORIENTED_EDGE('',*,*,#1145,.T.);
#1386 = ORIENTED_EDGE('',*,*,#1387,.T.);
#1387 = EDGE_CURVE('',#1146,#1388,#1390,.T.);
#1388 = VERTEX_POINT('',#1389);
#1389 = CARTESIAN_POINT('',(-75.,-37.035,0.));
#1390 = LINE('',#1391,#1392);
#1391 = CARTESIAN_POINT('',(-75.,-60.,0.));
#1392 = VECTOR('',#1393,1.);
#1393 = DIRECTION('',(0.,1.,0.));
#1394 = ORIENTED_EDGE('',*,*,#1395,.T.);
#1395 = EDGE_CURVE('',#1388,#1396,#1398,.T.);
#1396 = VERTEX_POINT('',#1397);
#1397 = CARTESIAN_POINT('',(-75.,-37.035,6.));
#1398 = LINE('',#1399,#1400);
#1399 = CARTESIAN_POINT('',(-75.,-37.035,0.));
#1400 = VECTOR('',#1401,1.);
#1401 = DIRECTION('',(0.,0.,1.));
#1402 = ORIENTED_EDGE('',*,*,#1403,.F.);
#1403 = EDGE_CURVE('',#1404,#1396,#1406,.T.);
#1404 = VERTEX_POINT('',#1405);
#1405 = CARTESIAN_POINT('',(-75.,-53.,6.));
#1406 = LINE('',#1407,#1408);
#1407 = CARTESIAN_POINT('',(-75.,-59.5,6.));
#1408 = VECTOR('',#1409,1.);
#1409 = DIRECTION('',(0.,1.,0.));
#1410 = ORIENTED_EDGE('',*,*,#1411,.F.);
#1411 = EDGE_CURVE('',#1412,#1404,#1414,.T.);
#1412 = VERTEX_POINT('',#1413);
#1413 = CARTESIAN_POINT('',(-75.,-53.,4.));
#1414 = LINE('',#1415,#1416);
#1415 = CARTESIAN_POINT('',(-75.,-53.,1.5));
#1416 = VECTOR('',#1417,1.);
#1417 = DIRECTION('',(0.,0.,1.));
#1418 = ORIENTED_EDGE('',*,*,#1419,.T.);
#1419 = EDGE_CURVE('',#1412,#1420,#1422,.T.);
#1420 = VERTEX_POINT('',#1421);
#1421 = CARTESIAN_POINT('',(-75.,-55.,4.));
#1422 = LINE('',#1423,#1424);
#1423 = CARTESIAN_POINT('',(-75.,-57.5,4.));
#1424 = VECTOR('',#1425,1.);
#1425 = DIRECTION('',(0.,-1.,0.));
#1426 = ORIENTED_EDGE('',*,*,#1427,.T.);
#1427 = EDGE_CURVE('',#1420,#1192,#1428,.T.);
#1428 = LINE('',#1429,#1430);
#1429 = CARTESIAN_POINT('',(-75.,-55.,2.));
#1430 = VECTOR('',#1431,1.);
#1431 = DIRECTION('',(0.,0.,1.));
#1432 = PLANE('',#1433);
#1433 = AXIS2_PLACEMENT_3D('',#1434,#1435,#1436);
#1434 = CARTESIAN_POINT('',(-75.,-60.,0.));
#1435 = DIRECTION('',(1.,0.,0.));
#1436 = DIRECTION('',(0.,0.,1.));
#1437 = ADVANCED_FACE('',(#1438),#1444,.T.);
#1438 = FACE_BOUND('',#1439,.T.);
#1439 = EDGE_LOOP('',(#1440,#1441,#1442,#1443));
#1440 = ORIENTED_EDGE('',*,*,#1122,.F.);
#1441 = ORIENTED_EDGE('',*,*,#1280,.T.);
#1442 = ORIENTED_EDGE('',*,*,#1264,.T.);
#1443 = ORIENTED_EDGE('',*,*,#1175,.F.);
#1444 = PLANE('',#1445);
#1445 = AXIS2_PLACEMENT_3D('',#1446,#1447,#1448);
#1446 = CARTESIAN_POINT('',(88.,-59.,-3.));
#1447 = DIRECTION('',(1.,0.,0.));
#1448 = DIRECTION('',(0.,0.,1.));
#1449 = ADVANCED_FACE('',(#1450),#1468,.T.);
#1450 = FACE_BOUND('',#1451,.T.);
#1451 = EDGE_LOOP('',(#1452,#1460,#1461,#1462));
#1452 = ORIENTED_EDGE('',*,*,#1453,.F.);
#1453 = EDGE_CURVE('',#1364,#1454,#1456,.T.);
#1454 = VERTEX_POINT('',#1455);
#1455 = CARTESIAN_POINT('',(84.,-55.,4.));
#1456 = LINE('',#1457,#1458);
#1457 = CARTESIAN_POINT('',(-84.,-55.,4.));
#1458 = VECTOR('',#1459,1.);
#1459 = DIRECTION('',(1.,0.,0.));
#1460 = ORIENTED_EDGE('',*,*,#1371,.T.);
#1461 = ORIENTED_EDGE('',*,*,#1231,.F.);
#1462 = ORIENTED_EDGE('',*,*,#1463,.F.);
#1463 = EDGE_CURVE('',#1454,#1224,#1464,.T.);
#1464 = LINE('',#1465,#1466);
#1465 = CARTESIAN_POINT('',(84.,-55.,4.));
#1466 = VECTOR('',#1467,1.);
#1467 = DIRECTION('',(0.,0.,1.));
#1468 = PLANE('',#1469);
#1469 = AXIS2_PLACEMENT_3D('',#1470,#1471,#1472);
#1470 = CARTESIAN_POINT('',(-84.,-55.,4.));
#1471 = DIRECTION('',(0.,1.,0.));
#1472 = DIRECTION('',(0.,0.,1.));
#1473 = ADVANCED_FACE('',(#1474),#1492,.F.);
#1474 = FACE_BOUND('',#1475,.F.);
#1475 = EDGE_LOOP('',(#1476,#1477,#1485,#1491));
#1476 = ORIENTED_EDGE('',*,*,#1463,.F.);
#1477 = ORIENTED_EDGE('',*,*,#1478,.T.);
#1478 = EDGE_CURVE('',#1454,#1479,#1481,.T.);
#1479 = VERTEX_POINT('',#1480);
#1480 = CARTESIAN_POINT('',(84.,55.,4.));
#1481 = LINE('',#1482,#1483);
#1482 = CARTESIAN_POINT('',(84.,-55.,4.));
#1483 = VECTOR('',#1484,1.);
#1484 = DIRECTION('',(0.,1.,0.));
#1485 = ORIENTED_EDGE('',*,*,#1486,.T.);
#1486 = EDGE_CURVE('',#1479,#1216,#1487,.T.);
#1487 = LINE('',#1488,#1489);
#1488 = CARTESIAN_POINT('',(84.,55.,4.));
#1489 = VECTOR('',#1490,1.);
#1490 = DIRECTION('',(0.,0.,1.));
#1491 = ORIENTED_EDGE('',*,*,#1223,.F.);
#1492 = PLANE('',#1493);
#1493 = AXIS2_PLACEMENT_3D('',#1494,#1495,#1496);
#1494 = CARTESIAN_POINT('',(84.,-55.,4.));
#1495 = DIRECTION('',(1.,0.,0.));
#1496 = DIRECTION('',(0.,0.,1.));
#1497 = ADVANCED_FACE('',(#1498),#1516,.F.);
#1498 = FACE_BOUND('',#1499,.F.);
#1499 = EDGE_LOOP('',(#1500,#1501,#1509,#1515));
#1500 = ORIENTED_EDGE('',*,*,#1486,.F.);
#1501 = ORIENTED_EDGE('',*,*,#1502,.F.);
#1502 = EDGE_CURVE('',#1503,#1479,#1505,.T.);
#1503 = VERTEX_POINT('',#1504);
#1504 = CARTESIAN_POINT('',(-84.,55.,4.));
#1505 = LINE('',#1506,#1507);
#1506 = CARTESIAN_POINT('',(-84.,55.,4.));
#1507 = VECTOR('',#1508,1.);
#1508 = DIRECTION('',(1.,0.,0.));
#1509 = ORIENTED_EDGE('',*,*,#1510,.T.);
#1510 = EDGE_CURVE('',#1503,#1208,#1511,.T.);
#1511 = LINE('',#1512,#1513);
#1512 = CARTESIAN_POINT('',(-84.,55.,4.));
#1513 = VECTOR('',#1514,1.);
#1514 = DIRECTION('',(0.,0.,1.));
#1515 = ORIENTED_EDGE('',*,*,#1215,.F.);
#1516 = PLANE('',#1517);
#1517 = AXIS2_PLACEMENT_3D('',#1518,#1519,#1520);
#1518 = CARTESIAN_POINT('',(-84.,55.,4.));
#1519 = DIRECTION('',(0.,1.,0.));
#1520 = DIRECTION('',(0.,0.,1.));
#1521 = ADVANCED_FACE('',(#1522),#1540,.T.);
#1522 = FACE_BOUND('',#1523,.T.);
#1523 = EDGE_LOOP('',(#1524,#1532,#1538,#1539));
#1524 = ORIENTED_EDGE('',*,*,#1525,.F.);
#1525 = EDGE_CURVE('',#1526,#1200,#1528,.T.);
#1526 = VERTEX_POINT('',#1527);
#1527 = CARTESIAN_POINT('',(-84.,-55.,4.));
#1528 = LINE('',#1529,#1530);
#1529 = CARTESIAN_POINT('',(-84.,-55.,4.));
#1530 = VECTOR('',#1531,1.);
#1531 = DIRECTION('',(0.,0.,1.));
#1532 = ORIENTED_EDGE('',*,*,#1533,.T.);
#1533 = EDGE_CURVE('',#1526,#1503,#1534,.T.);
#1534 = LINE('',#1535,#1536);
#1535 = CARTESIAN_POINT('',(-84.,-55.,4.));
#1536 = VECTOR('',#1537,1.);
#1537 = DIRECTION('',(0.,1.,0.));
#1538 = ORIENTED_EDGE('',*,*,#1510,.T.);
#1539 = ORIENTED_EDGE('',*,*,#1207,.F.);
#1540 = PLANE('',#1541);
#1541 = AXIS2_PLACEMENT_3D('',#1542,#1543,#1544);
#1542 = CARTESIAN_POINT('',(-84.,-55.,4.));
#1543 = DIRECTION('',(1.,0.,0.));
#1544 = DIRECTION('',(0.,0.,1.));
#1545 = ADVANCED_FACE('',(#1546),#1557,.T.);
#1546 = FACE_BOUND('',#1547,.T.);
#1547 = EDGE_LOOP('',(#1548,#1554,#1555,#1556));
#1548 = ORIENTED_EDGE('',*,*,#1549,.F.);
#1549 = EDGE_CURVE('',#1526,#1420,#1550,.T.);
#1550 = LINE('',#1551,#1552);
#1551 = CARTESIAN_POINT('',(-84.,-55.,4.));
#1552 = VECTOR('',#1553,1.);
#1553 = DIRECTION('',(1.,0.,0.));
#1554 = ORIENTED_EDGE('',*,*,#1525,.T.);
#1555 = ORIENTED_EDGE('',*,*,#1199,.F.);
#1556 = ORIENTED_EDGE('',*,*,#1427,.F.);
#1557 = PLANE('',#1558);
#1558 = AXIS2_PLACEMENT_3D('',#1559,#1560,#1561);
#1559 = CARTESIAN_POINT('',(-84.,-55.,4.));
#1560 = DIRECTION('',(0.,1.,0.));
#1561 = DIRECTION('',(0.,0.,1.));
#1562 = ADVANCED_FACE('',(#1563),#1588,.F.);
#1563 = FACE_BOUND('',#1564,.F.);
#1564 = EDGE_LOOP('',(#1565,#1575,#1581,#1582));
#1565 = ORIENTED_EDGE('',*,*,#1566,.F.);
#1566 = EDGE_CURVE('',#1567,#1569,#1571,.T.);
#1567 = VERTEX_POINT('',#1568);
#1568 = CARTESIAN_POINT('',(-84.8,-55.8,-7.));
#1569 = VERTEX_POINT('',#1570);
#1570 = CARTESIAN_POINT('',(84.8,-55.8,-7.));
#1571 = LINE('',#1572,#1573);
#1572 = CARTESIAN_POINT('',(-84.8,-55.8,-7.));
#1573 = VECTOR('',#1574,1.);
#1574 = DIRECTION('',(1.,0.,0.));
#1575 = ORIENTED_EDGE('',*,*,#1576,.T.);
#1576 = EDGE_CURVE('',#1567,#1290,#1577,.T.);
#1577 = LINE('',#1578,#1579);
#1578 = CARTESIAN_POINT('',(-84.8,-55.8,-7.));
#1579 = VECTOR('',#1580,1.);
#1580 = DIRECTION('',(0.,0.,1.));
#1581 = ORIENTED_EDGE('',*,*,#1289,.T.);
#1582 = ORIENTED_EDGE('',*,*,#1583,.F.);
#1583 = EDGE_CURVE('',#1569,#1292,#1584,.T.);
#1584 = LINE('',#1585,#1586);
#1585 = CARTESIAN_POINT('',(84.8,-55.8,-7.));
#1586 = VECTOR('',#1587,1.);
#1587 = DIRECTION('',(0.,0.,1.));
#1588 = PLANE('',#1589);
#1589 = AXIS2_PLACEMENT_3D('',#1590,#1591,#1592);
#1590 = CARTESIAN_POINT('',(-84.8,-55.8,-7.));
#1591 = DIRECTION('',(0.,1.,0.));
#1592 = DIRECTION('',(0.,0.,1.));
#1593 = ADVANCED_FACE('',(#1594),#1612,.T.);
#1594 = FACE_BOUND('',#1595,.T.);
#1595 = EDGE_LOOP('',(#1596,#1597,#1605,#1611));
#1596 = ORIENTED_EDGE('',*,*,#1583,.F.);
#1597 = ORIENTED_EDGE('',*,*,#1598,.T.);
#1598 = EDGE_CURVE('',#1569,#1599,#1601,.T.);
#1599 = VERTEX_POINT('',#1600);
#1600 = CARTESIAN_POINT('',(84.8,55.8,-7.));
#1601 = LINE('',#1602,#1603);
#1602 = CARTESIAN_POINT('',(84.8,-55.8,-7.));
#1603 = VECTOR('',#1604,1.);
#1604 = DIRECTION('',(0.,1.,0.));
#1605 = ORIENTED_EDGE('',*,*,#1606,.T.);
#1606 = EDGE_CURVE('',#1599,#1308,#1607,.T.);
#1607 = LINE('',#1608,#1609);
#1608 = CARTESIAN_POINT('',(84.8,55.8,-7.));
#1609 = VECTOR('',#1610,1.);
#1610 = DIRECTION('',(0.,0.,1.));
#1611 = ORIENTED_EDGE('',*,*,#1315,.F.);
#1612 = PLANE('',#1613);
#1613 = AXIS2_PLACEMENT_3D('',#1614,#1615,#1616);
#1614 = CARTESIAN_POINT('',(84.8,-55.8,-7.));
#1615 = DIRECTION('',(1.,0.,0.));
#1616 = DIRECTION('',(0.,0.,1.));
#1617 = ADVANCED_FACE('',(#1618),#1636,.T.);
#1618 = FACE_BOUND('',#1619,.T.);
#1619 = EDGE_LOOP('',(#1620,#1628,#1634,#1635));
#1620 = ORIENTED_EDGE('',*,*,#1621,.F.);
#1621 = EDGE_CURVE('',#1622,#1599,#1624,.T.);
#1622 = VERTEX_POINT('',#1623);
#1623 = CARTESIAN_POINT('',(-84.8,55.8,-7.));
#1624 = LINE('',#1625,#1626);
#1625 = CARTESIAN_POINT('',(-84.8,55.8,-7.));
#1626 = VECTOR('',#1627,1.);
#1627 = DIRECTION('',(1.,0.,0.));
#1628 = ORIENTED_EDGE('',*,*,#1629,.T.);
#1629 = EDGE_CURVE('',#1622,#1300,#1630,.T.);
#1630 = LINE('',#1631,#1632);
#1631 = CARTESIAN_POINT('',(-84.8,55.8,-7.));
#1632 = VECTOR('',#1633,1.);
#1633 = DIRECTION('',(0.,0.,1.));
#1634 = ORIENTED_EDGE('',*,*,#1307,.T.);
#1635 = ORIENTED_EDGE('',*,*,#1606,.F.);
#1636 = PLANE('',#1637);
#1637 = AXIS2_PLACEMENT_3D('',#1638,#1639,#1640);
#1638 = CARTESIAN_POINT('',(-84.8,55.8,-7.));
#1639 = DIRECTION('',(0.,1.,0.));
#1640 = DIRECTION('',(0.,0.,1.));
#1641 = ADVANCED_FACE('',(#1642),#1653,.F.);
#1642 = FACE_BOUND('',#1643,.F.);
#1643 = EDGE_LOOP('',(#1644,#1645,#1651,#1652));
#1644 = ORIENTED_EDGE('',*,*,#1576,.F.);
#1645 = ORIENTED_EDGE('',*,*,#1646,.T.);
#1646 = EDGE_CURVE('',#1567,#1622,#1647,.T.);
#1647 = LINE('',#1648,#1649);
#1648 = CARTESIAN_POINT('',(-84.8,-55.8,-7.));
#1649 = VECTOR('',#1650,1.);
#1650 = DIRECTION('',(0.,1.,0.));
#1651 = ORIENTED_EDGE('',*,*,#1629,.T.);
#1652 = ORIENTED_EDGE('',*,*,#1299,.F.);
#1653 = PLANE('',#1654);
#1654 = AXIS2_PLACEMENT_3D('',#1655,#1656,#1657);
#1655 = CARTESIAN_POINT('',(-84.8,-55.8,-7.));
#1656 = DIRECTION('',(1.,0.,0.));
#1657 = DIRECTION('',(0.,0.,1.));
#1658 = ADVANCED_FACE('',(#1659),#1706,.T.);
#1659 = FACE_BOUND('',#1660,.T.);
#1660 = EDGE_LOOP('',(#1661,#1662,#1663,#1664,#1665,#1673,#1681,#1689,
    #1697,#1703,#1704,#1705));
#1661 = ORIENTED_EDGE('',*,*,#1502,.F.);
#1662 = ORIENTED_EDGE('',*,*,#1533,.F.);
#1663 = ORIENTED_EDGE('',*,*,#1549,.T.);
#1664 = ORIENTED_EDGE('',*,*,#1419,.F.);
#1665 = ORIENTED_EDGE('',*,*,#1666,.T.);
#1666 = EDGE_CURVE('',#1412,#1667,#1669,.T.);
#1667 = VERTEX_POINT('',#1668);
#1668 = CARTESIAN_POINT('',(-82.,-53.,4.));
#1669 = LINE('',#1670,#1671);
#1670 = CARTESIAN_POINT('',(-83.,-53.,4.));
#1671 = VECTOR('',#1672,1.);
#1672 = DIRECTION('',(-1.,0.,0.));
#1673 = ORIENTED_EDGE('',*,*,#1674,.T.);
#1674 = EDGE_CURVE('',#1667,#1675,#1677,.T.);
#1675 = VERTEX_POINT('',#1676);
#1676 = CARTESIAN_POINT('',(-82.,53.,4.));
#1677 = LINE('',#1678,#1679);
#1678 = CARTESIAN_POINT('',(-82.,-54.,4.));
#1679 = VECTOR('',#1680,1.);
#1680 = DIRECTION('',(0.,1.,0.));
#1681 = ORIENTED_EDGE('',*,*,#1682,.F.);
#1682 = EDGE_CURVE('',#1683,#1675,#1685,.T.);
#1683 = VERTEX_POINT('',#1684);
#1684 = CARTESIAN_POINT('',(82.,53.,4.));
#1685 = LINE('',#1686,#1687);
#1686 = CARTESIAN_POINT('',(-83.,53.,4.));
#1687 = VECTOR('',#1688,1.);
#1688 = DIRECTION('',(-1.,0.,0.));
#1689 = ORIENTED_EDGE('',*,*,#1690,.F.);
#1690 = EDGE_CURVE('',#1691,#1683,#1693,.T.);
#1691 = VERTEX_POINT('',#1692);
#1692 = CARTESIAN_POINT('',(82.,-53.,4.));
#1693 = LINE('',#1694,#1695);
#1694 = CARTESIAN_POINT('',(82.,-54.,4.));
#1695 = VECTOR('',#1696,1.);
#1696 = DIRECTION('',(0.,1.,0.));
#1697 = ORIENTED_EDGE('',*,*,#1698,.T.);
#1698 = EDGE_CURVE('',#1691,#1356,#1699,.T.);
#1699 = LINE('',#1700,#1701);
#1700 = CARTESIAN_POINT('',(-83.,-53.,4.));
#1701 = VECTOR('',#1702,1.);
#1702 = DIRECTION('',(-1.,0.,0.));
#1703 = ORIENTED_EDGE('',*,*,#1363,.T.);
#1704 = ORIENTED_EDGE('',*,*,#1453,.T.);
#1705 = ORIENTED_EDGE('',*,*,#1478,.T.);
#1706 = PLANE('',#1707);
#1707 = AXIS2_PLACEMENT_3D('',#1708,#1709,#1710);
#1708 = CARTESIAN_POINT('',(-84.,-55.,4.));
#1709 = DIRECTION('',(0.,0.,1.));
#1710 = DIRECTION('',(1.,0.,0.));
#1711 = ADVANCED_FACE('',(#1712),#1730,.F.);
#1712 = FACE_BOUND('',#1713,.F.);
#1713 = EDGE_LOOP('',(#1714,#1722,#1723,#1724));
#1714 = ORIENTED_EDGE('',*,*,#1715,.F.);
#1715 = EDGE_CURVE('',#1691,#1716,#1718,.T.);
#1716 = VERTEX_POINT('',#1717);
#1717 = CARTESIAN_POINT('',(82.,-53.,6.));
#1718 = LINE('',#1719,#1720);
#1719 = CARTESIAN_POINT('',(82.,-53.,3.));
#1720 = VECTOR('',#1721,1.);
#1721 = DIRECTION('',(0.,0.,1.));
#1722 = ORIENTED_EDGE('',*,*,#1698,.T.);
#1723 = ORIENTED_EDGE('',*,*,#1355,.T.);
#1724 = ORIENTED_EDGE('',*,*,#1725,.F.);
#1725 = EDGE_CURVE('',#1716,#1348,#1726,.T.);
#1726 = LINE('',#1727,#1728);
#1727 = CARTESIAN_POINT('',(-85.,-53.,6.));
#1728 = VECTOR('',#1729,1.);
#1729 = DIRECTION('',(-1.,0.,0.));
#1730 = PLANE('',#1731);
#1731 = AXIS2_PLACEMENT_3D('',#1732,#1733,#1734);
#1732 = CARTESIAN_POINT('',(-82.,-53.,3.));
#1733 = DIRECTION('',(0.,1.,0.));
#1734 = DIRECTION('',(0.,0.,1.));
#1735 = ADVANCED_FACE('',(#1736),#1825,.T.);
#1736 = FACE_BOUND('',#1737,.T.);
#1737 = EDGE_LOOP('',(#1738,#1739,#1740,#1748,#1756,#1764,#1770,#1771,
    #1779,#1787,#1795,#1803,#1811,#1819));
#1738 = ORIENTED_EDGE('',*,*,#1347,.F.);
#1739 = ORIENTED_EDGE('',*,*,#1725,.F.);
#1740 = ORIENTED_EDGE('',*,*,#1741,.T.);
#1741 = EDGE_CURVE('',#1716,#1742,#1744,.T.);
#1742 = VERTEX_POINT('',#1743);
#1743 = CARTESIAN_POINT('',(82.,53.,6.));
#1744 = LINE('',#1745,#1746);
#1745 = CARTESIAN_POINT('',(82.,-56.,6.));
#1746 = VECTOR('',#1747,1.);
#1747 = DIRECTION('',(0.,1.,0.));
#1748 = ORIENTED_EDGE('',*,*,#1749,.T.);
#1749 = EDGE_CURVE('',#1742,#1750,#1752,.T.);
#1750 = VERTEX_POINT('',#1751);
#1751 = CARTESIAN_POINT('',(-82.,53.,6.));
#1752 = LINE('',#1753,#1754);
#1753 = CARTESIAN_POINT('',(-85.,53.,6.));
#1754 = VECTOR('',#1755,1.);
#1755 = DIRECTION('',(-1.,0.,0.));
#1756 = ORIENTED_EDGE('',*,*,#1757,.F.);
#1757 = EDGE_CURVE('',#1758,#1750,#1760,.T.);
#1758 = VERTEX_POINT('',#1759);
#1759 = CARTESIAN_POINT('',(-82.,-53.,6.));
#1760 = LINE('',#1761,#1762);
#1761 = CARTESIAN_POINT('',(-82.,-56.,6.));
#1762 = VECTOR('',#1763,1.);
#1763 = DIRECTION('',(0.,1.,0.));
#1764 = ORIENTED_EDGE('',*,*,#1765,.F.);
#1765 = EDGE_CURVE('',#1404,#1758,#1766,.T.);
#1766 = LINE('',#1767,#1768);
#1767 = CARTESIAN_POINT('',(-85.,-53.,6.));
#1768 = VECTOR('',#1769,1.);
#1769 = DIRECTION('',(-1.,0.,0.));
#1770 = ORIENTED_EDGE('',*,*,#1403,.T.);
#1771 = ORIENTED_EDGE('',*,*,#1772,.F.);
#1772 = EDGE_CURVE('',#1773,#1396,#1775,.T.);
#1773 = VERTEX_POINT('',#1774);
#1774 = CARTESIAN_POINT('',(-67.18,-37.035,6.));
#1775 = LINE('',#1776,#1777);
#1776 = CARTESIAN_POINT('',(-81.5,-37.035,6.));
#1777 = VECTOR('',#1778,1.);
#1778 = DIRECTION('',(-1.,0.,0.));
#1779 = ORIENTED_EDGE('',*,*,#1780,.F.);
#1780 = EDGE_CURVE('',#1781,#1773,#1783,.T.);
#1781 = VERTEX_POINT('',#1782);
#1782 = CARTESIAN_POINT('',(-64.18,-34.035,6.));
#1783 = LINE('',#1784,#1785);
#1784 = CARTESIAN_POINT('',(-77.87625,-47.73125,6.));
#1785 = VECTOR('',#1786,1.);
#1786 = DIRECTION('',(-0.707106781187,-0.707106781187,0.));
#1787 = ORIENTED_EDGE('',*,*,#1788,.T.);
#1788 = EDGE_CURVE('',#1781,#1789,#1791,.T.);
#1789 = VERTEX_POINT('',#1790);
#1790 = CARTESIAN_POINT('',(-64.18,43.035,6.));
#1791 = LINE('',#1792,#1793);
#1792 = CARTESIAN_POINT('',(-64.18,-59.5,6.));
#1793 = VECTOR('',#1794,1.);
#1794 = DIRECTION('',(0.,1.,0.));
#1795 = ORIENTED_EDGE('',*,*,#1796,.F.);
#1796 = EDGE_CURVE('',#1797,#1789,#1799,.T.);
#1797 = VERTEX_POINT('',#1798);
#1798 = CARTESIAN_POINT('',(64.18,43.035,6.));
#1799 = LINE('',#1800,#1801);
#1800 = CARTESIAN_POINT('',(-76.09,43.035,6.));
#1801 = VECTOR('',#1802,1.);
#1802 = DIRECTION('',(-1.,0.,0.));
#1803 = ORIENTED_EDGE('',*,*,#1804,.F.);
#1804 = EDGE_CURVE('',#1805,#1797,#1807,.T.);
#1805 = VERTEX_POINT('',#1806);
#1806 = CARTESIAN_POINT('',(64.18,-34.035,6.));
#1807 = LINE('',#1808,#1809);
#1808 = CARTESIAN_POINT('',(64.18,-59.5,6.));
#1809 = VECTOR('',#1810,1.);
#1810 = DIRECTION('',(0.,1.,0.));
#1811 = ORIENTED_EDGE('',*,*,#1812,.T.);
#1812 = EDGE_CURVE('',#1805,#1813,#1815,.T.);
#1813 = VERTEX_POINT('',#1814);
#1814 = CARTESIAN_POINT('',(67.18,-37.035,6.));
#1815 = LINE('',#1816,#1817);
#1816 = CARTESIAN_POINT('',(33.87625,-3.73125,6.));
#1817 = VECTOR('',#1818,1.);
#1818 = DIRECTION('',(0.707106781187,-0.707106781187,0.));
#1819 = ORIENTED_EDGE('',*,*,#1820,.F.);
#1820 = EDGE_CURVE('',#1340,#1813,#1821,.T.);
#1821 = LINE('',#1822,#1823);
#1822 = CARTESIAN_POINT('',(-81.5,-37.035,6.));
#1823 = VECTOR('',#1824,1.);
#1824 = DIRECTION('',(-1.,0.,0.));
#1825 = PLANE('',#1826);
#1826 = AXIS2_PLACEMENT_3D('',#1827,#1828,#1829);
#1827 = CARTESIAN_POINT('',(-88.,-59.,6.));
#1828 = DIRECTION('',(0.,0.,1.));
#1829 = DIRECTION('',(1.,0.,0.));
#1830 = ADVANCED_FACE('',(#1831),#1849,.F.);
#1831 = FACE_BOUND('',#1832,.F.);
#1832 = EDGE_LOOP('',(#1833,#1841,#1847,#1848));
#1833 = ORIENTED_EDGE('',*,*,#1834,.F.);
#1834 = EDGE_CURVE('',#1835,#1332,#1837,.T.);
#1835 = VERTEX_POINT('',#1836);
#1836 = CARTESIAN_POINT('',(67.18,-37.035,0.));
#1837 = LINE('',#1838,#1839);
#1838 = CARTESIAN_POINT('',(-75.,-37.035,0.));
#1839 = VECTOR('',#1840,1.);
#1840 = DIRECTION('',(1.,0.,0.));
#1841 = ORIENTED_EDGE('',*,*,#1842,.T.);
#1842 = EDGE_CURVE('',#1835,#1813,#1843,.T.);
#1843 = LINE('',#1844,#1845);
#1844 = CARTESIAN_POINT('',(67.18,-37.035,-1.));
#1845 = VECTOR('',#1846,1.);
#1846 = DIRECTION('',(0.,0.,1.));
#1847 = ORIENTED_EDGE('',*,*,#1820,.F.);
#1848 = ORIENTED_EDGE('',*,*,#1339,.F.);
#1849 = PLANE('',#1850);
#1850 = AXIS2_PLACEMENT_3D('',#1851,#1852,#1853);
#1851 = CARTESIAN_POINT('',(-75.,-37.035,0.));
#1852 = DIRECTION('',(0.,1.,0.));
#1853 = DIRECTION('',(0.,0.,1.));
#1854 = ADVANCED_FACE('',(#1855),#1873,.F.);
#1855 = FACE_BOUND('',#1856,.F.);
#1856 = EDGE_LOOP('',(#1857,#1865,#1866,#1867));
#1857 = ORIENTED_EDGE('',*,*,#1858,.F.);
#1858 = EDGE_CURVE('',#1388,#1859,#1861,.T.);
#1859 = VERTEX_POINT('',#1860);
#1860 = CARTESIAN_POINT('',(-67.18,-37.035,0.));
#1861 = LINE('',#1862,#1863);
#1862 = CARTESIAN_POINT('',(-75.,-37.035,0.));
#1863 = VECTOR('',#1864,1.);
#1864 = DIRECTION('',(1.,0.,0.));
#1865 = ORIENTED_EDGE('',*,*,#1395,.T.);
#1866 = ORIENTED_EDGE('',*,*,#1772,.F.);
#1867 = ORIENTED_EDGE('',*,*,#1868,.F.);
#1868 = EDGE_CURVE('',#1859,#1773,#1869,.T.);
#1869 = LINE('',#1870,#1871);
#1870 = CARTESIAN_POINT('',(-67.18,-37.035,-1.));
#1871 = VECTOR('',#1872,1.);
#1872 = DIRECTION('',(0.,0.,1.));
#1873 = PLANE('',#1874);
#1874 = AXIS2_PLACEMENT_3D('',#1875,#1876,#1877);
#1875 = CARTESIAN_POINT('',(-75.,-37.035,0.));
#1876 = DIRECTION('',(0.,1.,0.));
#1877 = DIRECTION('',(0.,0.,1.));
#1878 = ADVANCED_FACE('',(#1879),#1890,.F.);
#1879 = FACE_BOUND('',#1880,.F.);
#1880 = EDGE_LOOP('',(#1881,#1882,#1883,#1889));
#1881 = ORIENTED_EDGE('',*,*,#1411,.F.);
#1882 = ORIENTED_EDGE('',*,*,#1666,.T.);
#1883 = ORIENTED_EDGE('',*,*,#1884,.T.);
#1884 = EDGE_CURVE('',#1667,#1758,#1885,.T.);
#1885 = LINE('',#1886,#1887);
#1886 = CARTESIAN_POINT('',(-82.,-53.,3.));
#1887 = VECTOR('',#1888,1.);
#1888 = DIRECTION('',(0.,0.,1.));
#1889 = ORIENTED_EDGE('',*,*,#1765,.F.);
#1890 = PLANE('',#1891);
#1891 = AXIS2_PLACEMENT_3D('',#1892,#1893,#1894);
#1892 = CARTESIAN_POINT('',(-82.,-53.,3.));
#1893 = DIRECTION('',(0.,1.,0.));
#1894 = DIRECTION('',(0.,0.,1.));
#1895 = ADVANCED_FACE('',(#1896,#1902),#1936,.F.);
#1896 = FACE_BOUND('',#1897,.F.);
#1897 = EDGE_LOOP('',(#1898,#1899,#1900,#1901));
#1898 = ORIENTED_EDGE('',*,*,#1646,.F.);
#1899 = ORIENTED_EDGE('',*,*,#1566,.T.);
#1900 = ORIENTED_EDGE('',*,*,#1598,.T.);
#1901 = ORIENTED_EDGE('',*,*,#1621,.F.);
#1902 = FACE_BOUND('',#1903,.F.);
#1903 = EDGE_LOOP('',(#1904,#1914,#1922,#1930));
#1904 = ORIENTED_EDGE('',*,*,#1905,.T.);
#1905 = EDGE_CURVE('',#1906,#1908,#1910,.T.);
#1906 = VERTEX_POINT('',#1907);
#1907 = CARTESIAN_POINT('',(60.5,-39.5,-7.));
#1908 = VERTEX_POINT('',#1909);
#1909 = CARTESIAN_POINT('',(-60.5,-39.5,-7.));
#1910 = LINE('',#1911,#1912);
#1911 = CARTESIAN_POINT('',(-72.65,-39.5,-7.));
#1912 = VECTOR('',#1913,1.);
#1913 = DIRECTION('',(-1.,0.,0.));
#1914 = ORIENTED_EDGE('',*,*,#1915,.T.);
#1915 = EDGE_CURVE('',#1908,#1916,#1918,.T.);
#1916 = VERTEX_POINT('',#1917);
#1917 = CARTESIAN_POINT('',(-60.5,39.5,-7.));
#1918 = LINE('',#1919,#1920);
#1919 = CARTESIAN_POINT('',(-60.5,-47.65,-7.));
#1920 = VECTOR('',#1921,1.);
#1921 = DIRECTION('',(0.,1.,0.));
#1922 = ORIENTED_EDGE('',*,*,#1923,.F.);
#1923 = EDGE_CURVE('',#1924,#1916,#1926,.T.);
#1924 = VERTEX_POINT('',#1925);
#1925 = CARTESIAN_POINT('',(60.5,39.5,-7.));
#1926 = LINE('',#1927,#1928);
#1927 = CARTESIAN_POINT('',(-72.65,39.5,-7.));
#1928 = VECTOR('',#1929,1.);
#1929 = DIRECTION('',(-1.,0.,0.));
#1930 = ORIENTED_EDGE('',*,*,#1931,.F.);
#1931 = EDGE_CURVE('',#1906,#1924,#1932,.T.);
#1932 = LINE('',#1933,#1934);
#1933 = CARTESIAN_POINT('',(60.5,-47.65,-7.));
#1934 = VECTOR('',#1935,1.);
#1935 = DIRECTION('',(0.,1.,0.));
#1936 = PLANE('',#1937);
#1937 = AXIS2_PLACEMENT_3D('',#1938,#1939,#1940);
#1938 = CARTESIAN_POINT('',(-84.8,-55.8,-7.));
#1939 = DIRECTION('',(0.,0.,1.));
#1940 = DIRECTION('',(1.,0.,0.));
#1941 = ADVANCED_FACE('',(#1942),#1967,.T.);
#1942 = FACE_BOUND('',#1943,.T.);
#1943 = EDGE_LOOP('',(#1944,#1952,#1953,#1961));
#1944 = ORIENTED_EDGE('',*,*,#1945,.F.);
#1945 = EDGE_CURVE('',#1908,#1946,#1948,.T.);
#1946 = VERTEX_POINT('',#1947);
#1947 = CARTESIAN_POINT('',(-60.5,-39.5,0.));
#1948 = LINE('',#1949,#1950);
#1949 = CARTESIAN_POINT('',(-60.5,-39.5,-8.));
#1950 = VECTOR('',#1951,1.);
#1951 = DIRECTION('',(0.,0.,1.));
#1952 = ORIENTED_EDGE('',*,*,#1915,.T.);
#1953 = ORIENTED_EDGE('',*,*,#1954,.T.);
#1954 = EDGE_CURVE('',#1916,#1955,#1957,.T.);
#1955 = VERTEX_POINT('',#1956);
#1956 = CARTESIAN_POINT('',(-60.5,39.5,0.));
#1957 = LINE('',#1958,#1959);
#1958 = CARTESIAN_POINT('',(-60.5,39.5,-8.));
#1959 = VECTOR('',#1960,1.);
#1960 = DIRECTION('',(0.,0.,1.));
#1961 = ORIENTED_EDGE('',*,*,#1962,.F.);
#1962 = EDGE_CURVE('',#1946,#1955,#1963,.T.);
#1963 = LINE('',#1964,#1965);
#1964 = CARTESIAN_POINT('',(-60.5,-39.5,0.));
#1965 = VECTOR('',#1966,1.);
#1966 = DIRECTION('',(0.,1.,0.));
#1967 = PLANE('',#1968);
#1968 = AXIS2_PLACEMENT_3D('',#1969,#1970,#1971);
#1969 = CARTESIAN_POINT('',(-60.5,-39.5,-8.));
#1970 = DIRECTION('',(1.,0.,0.));
#1971 = DIRECTION('',(0.,0.,1.));
#1972 = ADVANCED_FACE('',(#1973),#1991,.T.);
#1973 = FACE_BOUND('',#1974,.T.);
#1974 = EDGE_LOOP('',(#1975,#1983,#1984,#1985));
#1975 = ORIENTED_EDGE('',*,*,#1976,.F.);
#1976 = EDGE_CURVE('',#1906,#1977,#1979,.T.);
#1977 = VERTEX_POINT('',#1978);
#1978 = CARTESIAN_POINT('',(60.5,-39.5,0.));
#1979 = LINE('',#1980,#1981);
#1980 = CARTESIAN_POINT('',(60.5,-39.5,-8.));
#1981 = VECTOR('',#1982,1.);
#1982 = DIRECTION('',(0.,0.,1.));
#1983 = ORIENTED_EDGE('',*,*,#1905,.T.);
#1984 = ORIENTED_EDGE('',*,*,#1945,.T.);
#1985 = ORIENTED_EDGE('',*,*,#1986,.T.);
#1986 = EDGE_CURVE('',#1946,#1977,#1987,.T.);
#1987 = LINE('',#1988,#1989);
#1988 = CARTESIAN_POINT('',(-60.5,-39.5,0.));
#1989 = VECTOR('',#1990,1.);
#1990 = DIRECTION('',(1.,0.,0.));
#1991 = PLANE('',#1992);
#1992 = AXIS2_PLACEMENT_3D('',#1993,#1994,#1995);
#1993 = CARTESIAN_POINT('',(-60.5,-39.5,-8.));
#1994 = DIRECTION('',(0.,1.,0.));
#1995 = DIRECTION('',(0.,0.,1.));
#1996 = ADVANCED_FACE('',(#1997),#2015,.F.);
#1997 = FACE_BOUND('',#1998,.F.);
#1998 = EDGE_LOOP('',(#1999,#2000,#2001,#2009));
#1999 = ORIENTED_EDGE('',*,*,#1976,.F.);
#2000 = ORIENTED_EDGE('',*,*,#1931,.T.);
#2001 = ORIENTED_EDGE('',*,*,#2002,.T.);
#2002 = EDGE_CURVE('',#1924,#2003,#2005,.T.);
#2003 = VERTEX_POINT('',#2004);
#2004 = CARTESIAN_POINT('',(60.5,39.5,0.));
#2005 = LINE('',#2006,#2007);
#2006 = CARTESIAN_POINT('',(60.5,39.5,-8.));
#2007 = VECTOR('',#2008,1.);
#2008 = DIRECTION('',(0.,0.,1.));
#2009 = ORIENTED_EDGE('',*,*,#2010,.F.);
#2010 = EDGE_CURVE('',#1977,#2003,#2011,.T.);
#2011 = LINE('',#2012,#2013);
#2012 = CARTESIAN_POINT('',(60.5,-39.5,0.));
#2013 = VECTOR('',#2014,1.);
#2014 = DIRECTION('',(0.,1.,0.));
#2015 = PLANE('',#2016);
#2016 = AXIS2_PLACEMENT_3D('',#2017,#2018,#2019);
#2017 = CARTESIAN_POINT('',(60.5,-39.5,-8.));
#2018 = DIRECTION('',(1.,0.,0.));
#2019 = DIRECTION('',(0.,0.,1.));
#2020 = ADVANCED_FACE('',(#2021),#2032,.T.);
#2021 = FACE_BOUND('',#2022,.T.);
#2022 = EDGE_LOOP('',(#2023,#2024,#2025,#2031));
#2023 = ORIENTED_EDGE('',*,*,#1715,.F.);
#2024 = ORIENTED_EDGE('',*,*,#1690,.T.);
#2025 = ORIENTED_EDGE('',*,*,#2026,.T.);
#2026 = EDGE_CURVE('',#1683,#1742,#2027,.T.);
#2027 = LINE('',#2028,#2029);
#2028 = CARTESIAN_POINT('',(82.,53.,3.));
#2029 = VECTOR('',#2030,1.);
#2030 = DIRECTION('',(0.,0.,1.));
#2031 = ORIENTED_EDGE('',*,*,#1741,.F.);
#2032 = PLANE('',#2033);
#2033 = AXIS2_PLACEMENT_3D('',#2034,#2035,#2036);
#2034 = CARTESIAN_POINT('',(82.,-53.,3.));
#2035 = DIRECTION('',(1.,0.,0.));
#2036 = DIRECTION('',(0.,0.,1.));
#2037 = ADVANCED_FACE('',(#2038),#2049,.T.);
#2038 = FACE_BOUND('',#2039,.T.);
#2039 = EDGE_LOOP('',(#2040,#2041,#2042,#2048));
#2040 = ORIENTED_EDGE('',*,*,#2026,.F.);
#2041 = ORIENTED_EDGE('',*,*,#1682,.T.);
#2042 = ORIENTED_EDGE('',*,*,#2043,.T.);
#2043 = EDGE_CURVE('',#1675,#1750,#2044,.T.);
#2044 = LINE('',#2045,#2046);
#2045 = CARTESIAN_POINT('',(-82.,53.,3.));
#2046 = VECTOR('',#2047,1.);
#2047 = DIRECTION('',(0.,0.,1.));
#2048 = ORIENTED_EDGE('',*,*,#1749,.F.);
#2049 = PLANE('',#2050);
#2050 = AXIS2_PLACEMENT_3D('',#2051,#2052,#2053);
#2051 = CARTESIAN_POINT('',(-82.,53.,3.));
#2052 = DIRECTION('',(0.,1.,0.));
#2053 = DIRECTION('',(0.,0.,1.));
#2054 = ADVANCED_FACE('',(#2055),#2061,.F.);
#2055 = FACE_BOUND('',#2056,.F.);
#2056 = EDGE_LOOP('',(#2057,#2058,#2059,#2060));
#2057 = ORIENTED_EDGE('',*,*,#1884,.F.);
#2058 = ORIENTED_EDGE('',*,*,#1674,.T.);
#2059 = ORIENTED_EDGE('',*,*,#2043,.T.);
#2060 = ORIENTED_EDGE('',*,*,#1757,.F.);
#2061 = PLANE('',#2062);
#2062 = AXIS2_PLACEMENT_3D('',#2063,#2064,#2065);
#2063 = CARTESIAN_POINT('',(-82.,-53.,3.));
#2064 = DIRECTION('',(1.,0.,0.));
#2065 = DIRECTION('',(0.,0.,1.));
#2066 = ADVANCED_FACE('',(#2067),#2101,.T.);
#2067 = FACE_BOUND('',#2068,.T.);
#2068 = EDGE_LOOP('',(#2069,#2079,#2085,#2086,#2087,#2095));
#2069 = ORIENTED_EDGE('',*,*,#2070,.F.);
#2070 = EDGE_CURVE('',#2071,#2073,#2075,.T.);
#2071 = VERTEX_POINT('',#2072);
#2072 = CARTESIAN_POINT('',(67.18,-37.035,-1.));
#2073 = VERTEX_POINT('',#2074);
#2074 = CARTESIAN_POINT('',(64.18,-34.035,-1.));
#2075 = LINE('',#2076,#2077);
#2076 = CARTESIAN_POINT('',(67.18,-37.035,-1.));
#2077 = VECTOR('',#2078,1.);
#2078 = DIRECTION('',(-0.707106781187,0.707106781187,0.));
#2079 = ORIENTED_EDGE('',*,*,#2080,.T.);
#2080 = EDGE_CURVE('',#2071,#1835,#2081,.T.);
#2081 = LINE('',#2082,#2083);
#2082 = CARTESIAN_POINT('',(67.18,-37.035,-1.));
#2083 = VECTOR('',#2084,1.);
#2084 = DIRECTION('',(0.,0.,1.));
#2085 = ORIENTED_EDGE('',*,*,#1842,.T.);
#2086 = ORIENTED_EDGE('',*,*,#1812,.F.);
#2087 = ORIENTED_EDGE('',*,*,#2088,.F.);
#2088 = EDGE_CURVE('',#2089,#1805,#2091,.T.);
#2089 = VERTEX_POINT('',#2090);
#2090 = CARTESIAN_POINT('',(64.18,-34.035,0.));
#2091 = LINE('',#2092,#2093);
#2092 = CARTESIAN_POINT('',(64.18,-34.035,-1.));
#2093 = VECTOR('',#2094,1.);
#2094 = DIRECTION('',(0.,0.,1.));
#2095 = ORIENTED_EDGE('',*,*,#2096,.F.);
#2096 = EDGE_CURVE('',#2073,#2089,#2097,.T.);
#2097 = LINE('',#2098,#2099);
#2098 = CARTESIAN_POINT('',(64.18,-34.035,-1.));
#2099 = VECTOR('',#2100,1.);
#2100 = DIRECTION('',(0.,0.,1.));
#2101 = PLANE('',#2102);
#2102 = AXIS2_PLACEMENT_3D('',#2103,#2104,#2105);
#2103 = CARTESIAN_POINT('',(67.18,-37.035,-1.));
#2104 = DIRECTION('',(-0.707106781187,-0.707106781187,0.));
#2105 = DIRECTION('',(-0.707106781187,0.707106781187,0.));
#2106 = ADVANCED_FACE('',(#2107),#2132,.T.);
#2107 = FACE_BOUND('',#2108,.T.);
#2108 = EDGE_LOOP('',(#2109,#2117,#2125,#2131));
#2109 = ORIENTED_EDGE('',*,*,#2110,.F.);
#2110 = EDGE_CURVE('',#2111,#2071,#2113,.T.);
#2111 = VERTEX_POINT('',#2112);
#2112 = CARTESIAN_POINT('',(64.18,-37.035,-1.));
#2113 = LINE('',#2114,#2115);
#2114 = CARTESIAN_POINT('',(64.18,-37.035,-1.));
#2115 = VECTOR('',#2116,1.);
#2116 = DIRECTION('',(1.,0.,0.));
#2117 = ORIENTED_EDGE('',*,*,#2118,.T.);
#2118 = EDGE_CURVE('',#2111,#2119,#2121,.T.);
#2119 = VERTEX_POINT('',#2120);
#2120 = CARTESIAN_POINT('',(64.18,-37.035,0.));
#2121 = LINE('',#2122,#2123);
#2122 = CARTESIAN_POINT('',(64.18,-37.035,-1.));
#2123 = VECTOR('',#2124,1.);
#2124 = DIRECTION('',(0.,0.,1.));
#2125 = ORIENTED_EDGE('',*,*,#2126,.T.);
#2126 = EDGE_CURVE('',#2119,#1835,#2127,.T.);
#2127 = LINE('',#2128,#2129);
#2128 = CARTESIAN_POINT('',(-75.,-37.035,0.));
#2129 = VECTOR('',#2130,1.);
#2130 = DIRECTION('',(1.,0.,0.));
#2131 = ORIENTED_EDGE('',*,*,#2080,.F.);
#2132 = PLANE('',#2133);
#2133 = AXIS2_PLACEMENT_3D('',#2134,#2135,#2136);
#2134 = CARTESIAN_POINT('',(64.18,-37.035,-1.));
#2135 = DIRECTION('',(0.,1.,0.));
#2136 = DIRECTION('',(1.,0.,0.));
#2137 = ADVANCED_FACE('',(#2138),#2156,.F.);
#2138 = FACE_BOUND('',#2139,.F.);
#2139 = EDGE_LOOP('',(#2140,#2141,#2142,#2150));
#2140 = ORIENTED_EDGE('',*,*,#1804,.F.);
#2141 = ORIENTED_EDGE('',*,*,#2088,.F.);
#2142 = ORIENTED_EDGE('',*,*,#2143,.T.);
#2143 = EDGE_CURVE('',#2089,#2144,#2146,.T.);
#2144 = VERTEX_POINT('',#2145);
#2145 = CARTESIAN_POINT('',(64.18,43.035,0.));
#2146 = LINE('',#2147,#2148);
#2147 = CARTESIAN_POINT('',(64.18,-60.,0.));
#2148 = VECTOR('',#2149,1.);
#2149 = DIRECTION('',(0.,1.,0.));
#2150 = ORIENTED_EDGE('',*,*,#2151,.T.);
#2151 = EDGE_CURVE('',#2144,#1797,#2152,.T.);
#2152 = LINE('',#2153,#2154);
#2153 = CARTESIAN_POINT('',(64.18,43.035,0.));
#2154 = VECTOR('',#2155,1.);
#2155 = DIRECTION('',(0.,0.,1.));
#2156 = PLANE('',#2157);
#2157 = AXIS2_PLACEMENT_3D('',#2158,#2159,#2160);
#2158 = CARTESIAN_POINT('',(64.18,-60.,0.));
#2159 = DIRECTION('',(1.,0.,0.));
#2160 = DIRECTION('',(0.,0.,1.));
#2161 = ADVANCED_FACE('',(#2162),#2180,.F.);
#2162 = FACE_BOUND('',#2163,.F.);
#2163 = EDGE_LOOP('',(#2164,#2165,#2173,#2179));
#2164 = ORIENTED_EDGE('',*,*,#2151,.F.);
#2165 = ORIENTED_EDGE('',*,*,#2166,.F.);
#2166 = EDGE_CURVE('',#2167,#2144,#2169,.T.);
#2167 = VERTEX_POINT('',#2168);
#2168 = CARTESIAN_POINT('',(-64.18,43.035,0.));
#2169 = LINE('',#2170,#2171);
#2170 = CARTESIAN_POINT('',(-64.18,43.035,0.));
#2171 = VECTOR('',#2172,1.);
#2172 = DIRECTION('',(1.,0.,0.));
#2173 = ORIENTED_EDGE('',*,*,#2174,.T.);
#2174 = EDGE_CURVE('',#2167,#1789,#2175,.T.);
#2175 = LINE('',#2176,#2177);
#2176 = CARTESIAN_POINT('',(-64.18,43.035,0.));
#2177 = VECTOR('',#2178,1.);
#2178 = DIRECTION('',(0.,0.,1.));
#2179 = ORIENTED_EDGE('',*,*,#1796,.F.);
#2180 = PLANE('',#2181);
#2181 = AXIS2_PLACEMENT_3D('',#2182,#2183,#2184);
#2182 = CARTESIAN_POINT('',(-64.18,43.035,0.));
#2183 = DIRECTION('',(0.,1.,0.));
#2184 = DIRECTION('',(0.,0.,1.));
#2185 = ADVANCED_FACE('',(#2186),#2204,.T.);
#2186 = FACE_BOUND('',#2187,.T.);
#2187 = EDGE_LOOP('',(#2188,#2189,#2197,#2203));
#2188 = ORIENTED_EDGE('',*,*,#1788,.F.);
#2189 = ORIENTED_EDGE('',*,*,#2190,.F.);
#2190 = EDGE_CURVE('',#2191,#1781,#2193,.T.);
#2191 = VERTEX_POINT('',#2192);
#2192 = CARTESIAN_POINT('',(-64.18,-34.035,0.));
#2193 = LINE('',#2194,#2195);
#2194 = CARTESIAN_POINT('',(-64.18,-34.035,-1.));
#2195 = VECTOR('',#2196,1.);
#2196 = DIRECTION('',(0.,0.,1.));
#2197 = ORIENTED_EDGE('',*,*,#2198,.T.);
#2198 = EDGE_CURVE('',#2191,#2167,#2199,.T.);
#2199 = LINE('',#2200,#2201);
#2200 = CARTESIAN_POINT('',(-64.18,-60.,0.));
#2201 = VECTOR('',#2202,1.);
#2202 = DIRECTION('',(0.,1.,0.));
#2203 = ORIENTED_EDGE('',*,*,#2174,.T.);
#2204 = PLANE('',#2205);
#2205 = AXIS2_PLACEMENT_3D('',#2206,#2207,#2208);
#2206 = CARTESIAN_POINT('',(-64.18,-60.,0.));
#2207 = DIRECTION('',(1.,0.,0.));
#2208 = DIRECTION('',(0.,0.,1.));
#2209 = ADVANCED_FACE('',(#2210),#2237,.F.);
#2210 = FACE_BOUND('',#2211,.F.);
#2211 = EDGE_LOOP('',(#2212,#2222,#2228,#2229,#2230,#2231));
#2212 = ORIENTED_EDGE('',*,*,#2213,.F.);
#2213 = EDGE_CURVE('',#2214,#2216,#2218,.T.);
#2214 = VERTEX_POINT('',#2215);
#2215 = CARTESIAN_POINT('',(-67.18,-37.035,-1.));
#2216 = VERTEX_POINT('',#2217);
#2217 = CARTESIAN_POINT('',(-64.18,-34.035,-1.));
#2218 = LINE('',#2219,#2220);
#2219 = CARTESIAN_POINT('',(-67.18,-37.035,-1.));
#2220 = VECTOR('',#2221,1.);
#2221 = DIRECTION('',(0.707106781187,0.707106781187,0.));
#2222 = ORIENTED_EDGE('',*,*,#2223,.T.);
#2223 = EDGE_CURVE('',#2214,#1859,#2224,.T.);
#2224 = LINE('',#2225,#2226);
#2225 = CARTESIAN_POINT('',(-67.18,-37.035,-1.));
#2226 = VECTOR('',#2227,1.);
#2227 = DIRECTION('',(0.,0.,1.));
#2228 = ORIENTED_EDGE('',*,*,#1868,.T.);
#2229 = ORIENTED_EDGE('',*,*,#1780,.F.);
#2230 = ORIENTED_EDGE('',*,*,#2190,.F.);
#2231 = ORIENTED_EDGE('',*,*,#2232,.F.);
#2232 = EDGE_CURVE('',#2216,#2191,#2233,.T.);
#2233 = LINE('',#2234,#2235);
#2234 = CARTESIAN_POINT('',(-64.18,-34.035,-1.));
#2235 = VECTOR('',#2236,1.);
#2236 = DIRECTION('',(0.,0.,1.));
#2237 = PLANE('',#2238);
#2238 = AXIS2_PLACEMENT_3D('',#2239,#2240,#2241);
#2239 = CARTESIAN_POINT('',(-67.18,-37.035,-1.));
#2240 = DIRECTION('',(-0.707106781187,0.707106781187,0.));
#2241 = DIRECTION('',(0.707106781187,0.707106781187,0.));
#2242 = ADVANCED_FACE('',(#2243),#2268,.F.);
#2243 = FACE_BOUND('',#2244,.F.);
#2244 = EDGE_LOOP('',(#2245,#2253,#2261,#2267));
#2245 = ORIENTED_EDGE('',*,*,#2246,.F.);
#2246 = EDGE_CURVE('',#2247,#2214,#2249,.T.);
#2247 = VERTEX_POINT('',#2248);
#2248 = CARTESIAN_POINT('',(-64.18,-37.035,-1.));
#2249 = LINE('',#2250,#2251);
#2250 = CARTESIAN_POINT('',(-64.18,-37.035,-1.));
#2251 = VECTOR('',#2252,1.);
#2252 = DIRECTION('',(-1.,0.,0.));
#2253 = ORIENTED_EDGE('',*,*,#2254,.T.);
#2254 = EDGE_CURVE('',#2247,#2255,#2257,.T.);
#2255 = VERTEX_POINT('',#2256);
#2256 = CARTESIAN_POINT('',(-64.18,-37.035,0.));
#2257 = LINE('',#2258,#2259);
#2258 = CARTESIAN_POINT('',(-64.18,-37.035,-1.));
#2259 = VECTOR('',#2260,1.);
#2260 = DIRECTION('',(0.,0.,1.));
#2261 = ORIENTED_EDGE('',*,*,#2262,.F.);
#2262 = EDGE_CURVE('',#1859,#2255,#2263,.T.);
#2263 = LINE('',#2264,#2265);
#2264 = CARTESIAN_POINT('',(-75.,-37.035,0.));
#2265 = VECTOR('',#2266,1.);
#2266 = DIRECTION('',(1.,0.,0.));
#2267 = ORIENTED_EDGE('',*,*,#2223,.F.);
#2268 = PLANE('',#2269);
#2269 = AXIS2_PLACEMENT_3D('',#2270,#2271,#2272);
#2270 = CARTESIAN_POINT('',(-64.18,-37.035,-1.));
#2271 = DIRECTION('',(0.,-1.,0.));
#2272 = DIRECTION('',(-1.,0.,0.));
#2273 = ADVANCED_FACE('',(#2274),#2284,.T.);
#2274 = FACE_BOUND('',#2275,.T.);
#2275 = EDGE_LOOP('',(#2276,#2277,#2278));
#2276 = ORIENTED_EDGE('',*,*,#2110,.T.);
#2277 = ORIENTED_EDGE('',*,*,#2070,.T.);
#2278 = ORIENTED_EDGE('',*,*,#2279,.T.);
#2279 = EDGE_CURVE('',#2073,#2111,#2280,.T.);
#2280 = LINE('',#2281,#2282);
#2281 = CARTESIAN_POINT('',(64.18,-34.035,-1.));
#2282 = VECTOR('',#2283,1.);
#2283 = DIRECTION('',(0.,-1.,0.));
#2284 = PLANE('',#2285);
#2285 = AXIS2_PLACEMENT_3D('',#2286,#2287,#2288);
#2286 = CARTESIAN_POINT('',(65.24066017178,-35.97433982822,-1.));
#2287 = DIRECTION('',(0.,0.,1.));
#2288 = DIRECTION('',(1.,0.,0.));
#2289 = ADVANCED_FACE('',(#2290),#2301,.T.);
#2290 = FACE_BOUND('',#2291,.T.);
#2291 = EDGE_LOOP('',(#2292,#2293,#2294,#2300));
#2292 = ORIENTED_EDGE('',*,*,#2279,.F.);
#2293 = ORIENTED_EDGE('',*,*,#2096,.T.);
#2294 = ORIENTED_EDGE('',*,*,#2295,.F.);
#2295 = EDGE_CURVE('',#2119,#2089,#2296,.T.);
#2296 = LINE('',#2297,#2298);
#2297 = CARTESIAN_POINT('',(64.18,-60.,0.));
#2298 = VECTOR('',#2299,1.);
#2299 = DIRECTION('',(0.,1.,0.));
#2300 = ORIENTED_EDGE('',*,*,#2118,.F.);
#2301 = PLANE('',#2302);
#2302 = AXIS2_PLACEMENT_3D('',#2303,#2304,#2305);
#2303 = CARTESIAN_POINT('',(64.18,-34.035,-1.));
#2304 = DIRECTION('',(1.,0.,0.));
#2305 = DIRECTION('',(0.,-1.,0.));
#2306 = ADVANCED_FACE('',(#2307),#2323,.F.);
#2307 = FACE_BOUND('',#2308,.F.);
#2308 = EDGE_LOOP('',(#2309,#2315,#2316,#2322));
#2309 = ORIENTED_EDGE('',*,*,#2310,.F.);
#2310 = EDGE_CURVE('',#2216,#2247,#2311,.T.);
#2311 = LINE('',#2312,#2313);
#2312 = CARTESIAN_POINT('',(-64.18,-34.035,-1.));
#2313 = VECTOR('',#2314,1.);
#2314 = DIRECTION('',(0.,-1.,0.));
#2315 = ORIENTED_EDGE('',*,*,#2232,.T.);
#2316 = ORIENTED_EDGE('',*,*,#2317,.F.);
#2317 = EDGE_CURVE('',#2255,#2191,#2318,.T.);
#2318 = LINE('',#2319,#2320);
#2319 = CARTESIAN_POINT('',(-64.18,-60.,0.));
#2320 = VECTOR('',#2321,1.);
#2321 = DIRECTION('',(0.,1.,0.));
#2322 = ORIENTED_EDGE('',*,*,#2254,.F.);
#2323 = PLANE('',#2324);
#2324 = AXIS2_PLACEMENT_3D('',#2325,#2326,#2327);
#2325 = CARTESIAN_POINT('',(-64.18,-34.035,-1.));
#2326 = DIRECTION('',(1.,0.,0.));
#2327 = DIRECTION('',(0.,-1.,0.));
#2328 = ADVANCED_FACE('',(#2329),#2340,.F.);
#2329 = FACE_BOUND('',#2330,.F.);
#2330 = EDGE_LOOP('',(#2331,#2332,#2333,#2334));
#2331 = ORIENTED_EDGE('',*,*,#2002,.F.);
#2332 = ORIENTED_EDGE('',*,*,#1923,.T.);
#2333 = ORIENTED_EDGE('',*,*,#1954,.T.);
#2334 = ORIENTED_EDGE('',*,*,#2335,.T.);
#2335 = EDGE_CURVE('',#1955,#2003,#2336,.T.);
#2336 = LINE('',#2337,#2338);
#2337 = CARTESIAN_POINT('',(-60.5,39.5,0.));
#2338 = VECTOR('',#2339,1.);
#2339 = DIRECTION('',(1.,0.,0.));
#2340 = PLANE('',#2341);
#2341 = AXIS2_PLACEMENT_3D('',#2342,#2343,#2344);
#2342 = CARTESIAN_POINT('',(-60.5,39.5,-8.));
#2343 = DIRECTION('',(0.,1.,0.));
#2344 = DIRECTION('',(0.,0.,1.));
#2345 = ADVANCED_FACE('',(#2346),#2351,.F.);
#2346 = FACE_BOUND('',#2347,.F.);
#2347 = EDGE_LOOP('',(#2348,#2349,#2350));
#2348 = ORIENTED_EDGE('',*,*,#2246,.T.);
#2349 = ORIENTED_EDGE('',*,*,#2213,.T.);
#2350 = ORIENTED_EDGE('',*,*,#2310,.T.);
#2351 = PLANE('',#2352);
#2352 = AXIS2_PLACEMENT_3D('',#2353,#2354,#2355);
#2353 = CARTESIAN_POINT('',(-65.24066017178,-35.97433982822,-1.));
#2354 = DIRECTION('',(-0.,-0.,-1.));
#2355 = DIRECTION('',(-1.,0.,0.));
#2356 = ADVANCED_FACE('',(#2357,#2371),#2377,.T.);
#2357 = FACE_BOUND('',#2358,.T.);
#2358 = EDGE_LOOP('',(#2359,#2360,#2361,#2362,#2363,#2364,#2365,#2366,
    #2367,#2368,#2369,#2370));
#2359 = ORIENTED_EDGE('',*,*,#1153,.T.);
#2360 = ORIENTED_EDGE('',*,*,#1331,.T.);
#2361 = ORIENTED_EDGE('',*,*,#1834,.F.);
#2362 = ORIENTED_EDGE('',*,*,#2126,.F.);
#2363 = ORIENTED_EDGE('',*,*,#2295,.T.);
#2364 = ORIENTED_EDGE('',*,*,#2143,.T.);
#2365 = ORIENTED_EDGE('',*,*,#2166,.F.);
#2366 = ORIENTED_EDGE('',*,*,#2198,.F.);
#2367 = ORIENTED_EDGE('',*,*,#2317,.F.);
#2368 = ORIENTED_EDGE('',*,*,#2262,.F.);
#2369 = ORIENTED_EDGE('',*,*,#1858,.F.);
#2370 = ORIENTED_EDGE('',*,*,#1387,.F.);
#2371 = FACE_BOUND('',#2372,.T.);
#2372 = EDGE_LOOP('',(#2373,#2374,#2375,#2376));
#2373 = ORIENTED_EDGE('',*,*,#1962,.T.);
#2374 = ORIENTED_EDGE('',*,*,#2335,.T.);
#2375 = ORIENTED_EDGE('',*,*,#2010,.F.);
#2376 = ORIENTED_EDGE('',*,*,#1986,.F.);
#2377 = PLANE('',#2378);
#2378 = AXIS2_PLACEMENT_3D('',#2379,#2380,#2381);
#2379 = CARTESIAN_POINT('',(-1.804302382155E-15,-11.41994876703,0.));
#2380 = DIRECTION('',(0.,0.,1.));
#2381 = DIRECTION('',(1.,0.,0.));
#2382 = MANIFOLD_SOLID_BREP('',#2383);
#2383 = CLOSED_SHELL('',(#2384,#2424,#2455,#2486,#2508,#2554,#2594,#2777
    ,#2819,#2891,#2938,#2962,#3002,#3019,#3050,#3081,#3112,#3143,#3202,
    #3274,#3337,#3408,#3462,#3486,#3510,#3534,#3558,#3575,#3600,#3633,
    #3658,#3680,#3702,#3733,#3755,#3767,#3798,#3815,#3832,#3863,#3880,
    #3897,#3928,#3945,#3962,#3977,#4001,#4025,#4042,#4064,#4081,#4098,
    #4110,#4180,#4205,#4214,#4239,#4248,#4273,#4282,#4307,#4316,#4339,
    #4364,#4379,#4402,#4427,#4442,#4464,#4478));
#2384 = ADVANCED_FACE('',(#2385),#2419,.F.);
#2385 = FACE_BOUND('',#2386,.F.);
#2386 = EDGE_LOOP('',(#2387,#2397,#2405,#2413));
#2387 = ORIENTED_EDGE('',*,*,#2388,.F.);
#2388 = EDGE_CURVE('',#2389,#2391,#2393,.T.);
#2389 = VERTEX_POINT('',#2390);
#2390 = CARTESIAN_POINT('',(-77.5,-48.5,43.));
#2391 = VERTEX_POINT('',#2392);
#2392 = CARTESIAN_POINT('',(77.5,-48.5,43.));
#2393 = LINE('',#2394,#2395);
#2394 = CARTESIAN_POINT('',(-77.5,-48.5,43.));
#2395 = VECTOR('',#2396,1.);
#2396 = DIRECTION('',(1.,0.,0.));
#2397 = ORIENTED_EDGE('',*,*,#2398,.T.);
#2398 = EDGE_CURVE('',#2389,#2399,#2401,.T.);
#2399 = VERTEX_POINT('',#2400);
#2400 = CARTESIAN_POINT('',(-77.5,-48.5,49.));
#2401 = LINE('',#2402,#2403);
#2402 = CARTESIAN_POINT('',(-77.5,-48.5,43.));
#2403 = VECTOR('',#2404,1.);
#2404 = DIRECTION('',(0.,0.,1.));
#2405 = ORIENTED_EDGE('',*,*,#2406,.T.);
#2406 = EDGE_CURVE('',#2399,#2407,#2409,.T.);
#2407 = VERTEX_POINT('',#2408);
#2408 = CARTESIAN_POINT('',(77.5,-48.5,49.));
#2409 = LINE('',#2410,#2411);
#2410 = CARTESIAN_POINT('',(-77.5,-48.5,49.));
#2411 = VECTOR('',#2412,1.);
#2412 = DIRECTION('',(1.,0.,0.));
#2413 = ORIENTED_EDGE('',*,*,#2414,.F.);
#2414 = EDGE_CURVE('',#2391,#2407,#2415,.T.);
#2415 = LINE('',#2416,#2417);
#2416 = CARTESIAN_POINT('',(77.5,-48.5,43.));
#2417 = VECTOR('',#2418,1.);
#2418 = DIRECTION('',(0.,0.,1.));
#2419 = PLANE('',#2420);
#2420 = AXIS2_PLACEMENT_3D('',#2421,#2422,#2423);
#2421 = CARTESIAN_POINT('',(-77.5,-48.5,43.));
#2422 = DIRECTION('',(0.,1.,0.));
#2423 = DIRECTION('',(0.,0.,1.));
#2424 = ADVANCED_FACE('',(#2425),#2450,.T.);
#2425 = FACE_BOUND('',#2426,.T.);
#2426 = EDGE_LOOP('',(#2427,#2428,#2436,#2444));
#2427 = ORIENTED_EDGE('',*,*,#2414,.F.);
#2428 = ORIENTED_EDGE('',*,*,#2429,.T.);
#2429 = EDGE_CURVE('',#2391,#2430,#2432,.T.);
#2430 = VERTEX_POINT('',#2431);
#2431 = CARTESIAN_POINT('',(77.5,48.5,43.));
#2432 = LINE('',#2433,#2434);
#2433 = CARTESIAN_POINT('',(77.5,-48.5,43.));
#2434 = VECTOR('',#2435,1.);
#2435 = DIRECTION('',(0.,1.,0.));
#2436 = ORIENTED_EDGE('',*,*,#2437,.T.);
#2437 = EDGE_CURVE('',#2430,#2438,#2440,.T.);
#2438 = VERTEX_POINT('',#2439);
#2439 = CARTESIAN_POINT('',(77.5,48.5,49.));
#2440 = LINE('',#2441,#2442);
#2441 = CARTESIAN_POINT('',(77.5,48.5,43.));
#2442 = VECTOR('',#2443,1.);
#2443 = DIRECTION('',(0.,0.,1.));
#2444 = ORIENTED_EDGE('',*,*,#2445,.F.);
#2445 = EDGE_CURVE('',#2407,#2438,#2446,.T.);
#2446 = LINE('',#2447,#2448);
#2447 = CARTESIAN_POINT('',(77.5,-48.5,49.));
#2448 = VECTOR('',#2449,1.);
#2449 = DIRECTION('',(0.,1.,0.));
#2450 = PLANE('',#2451);
#2451 = AXIS2_PLACEMENT_3D('',#2452,#2453,#2454);
#2452 = CARTESIAN_POINT('',(77.5,-48.5,43.));
#2453 = DIRECTION('',(1.,0.,0.));
#2454 = DIRECTION('',(0.,0.,1.));
#2455 = ADVANCED_FACE('',(#2456),#2481,.F.);
#2456 = FACE_BOUND('',#2457,.F.);
#2457 = EDGE_LOOP('',(#2458,#2459,#2467,#2475));
#2458 = ORIENTED_EDGE('',*,*,#2398,.F.);
#2459 = ORIENTED_EDGE('',*,*,#2460,.T.);
#2460 = EDGE_CURVE('',#2389,#2461,#2463,.T.);
#2461 = VERTEX_POINT('',#2462);
#2462 = CARTESIAN_POINT('',(-77.5,48.5,43.));
#2463 = LINE('',#2464,#2465);
#2464 = CARTESIAN_POINT('',(-77.5,-48.5,43.));
#2465 = VECTOR('',#2466,1.);
#2466 = DIRECTION('',(0.,1.,0.));
#2467 = ORIENTED_EDGE('',*,*,#2468,.T.);
#2468 = EDGE_CURVE('',#2461,#2469,#2471,.T.);
#2469 = VERTEX_POINT('',#2470);
#2470 = CARTESIAN_POINT('',(-77.5,48.5,49.));
#2471 = LINE('',#2472,#2473);
#2472 = CARTESIAN_POINT('',(-77.5,48.5,43.));
#2473 = VECTOR('',#2474,1.);
#2474 = DIRECTION('',(0.,0.,1.));
#2475 = ORIENTED_EDGE('',*,*,#2476,.F.);
#2476 = EDGE_CURVE('',#2399,#2469,#2477,.T.);
#2477 = LINE('',#2478,#2479);
#2478 = CARTESIAN_POINT('',(-77.5,-48.5,49.));
#2479 = VECTOR('',#2480,1.);
#2480 = DIRECTION('',(0.,1.,0.));
#2481 = PLANE('',#2482);
#2482 = AXIS2_PLACEMENT_3D('',#2483,#2484,#2485);
#2483 = CARTESIAN_POINT('',(-77.5,-48.5,43.));
#2484 = DIRECTION('',(1.,0.,0.));
#2485 = DIRECTION('',(0.,0.,1.));
#2486 = ADVANCED_FACE('',(#2487),#2503,.T.);
#2487 = FACE_BOUND('',#2488,.T.);
#2488 = EDGE_LOOP('',(#2489,#2495,#2496,#2502));
#2489 = ORIENTED_EDGE('',*,*,#2490,.F.);
#2490 = EDGE_CURVE('',#2461,#2430,#2491,.T.);
#2491 = LINE('',#2492,#2493);
#2492 = CARTESIAN_POINT('',(-77.5,48.5,43.));
#2493 = VECTOR('',#2494,1.);
#2494 = DIRECTION('',(1.,0.,0.));
#2495 = ORIENTED_EDGE('',*,*,#2468,.T.);
#2496 = ORIENTED_EDGE('',*,*,#2497,.T.);
#2497 = EDGE_CURVE('',#2469,#2438,#2498,.T.);
#2498 = LINE('',#2499,#2500);
#2499 = CARTESIAN_POINT('',(-77.5,48.5,49.));
#2500 = VECTOR('',#2501,1.);
#2501 = DIRECTION('',(1.,0.,0.));
#2502 = ORIENTED_EDGE('',*,*,#2437,.F.);
#2503 = PLANE('',#2504);
#2504 = AXIS2_PLACEMENT_3D('',#2505,#2506,#2507);
#2505 = CARTESIAN_POINT('',(-77.5,48.5,43.));
#2506 = DIRECTION('',(0.,1.,0.));
#2507 = DIRECTION('',(0.,0.,1.));
#2508 = ADVANCED_FACE('',(#2509,#2515),#2549,.T.);
#2509 = FACE_BOUND('',#2510,.T.);
#2510 = EDGE_LOOP('',(#2511,#2512,#2513,#2514));
#2511 = ORIENTED_EDGE('',*,*,#2476,.F.);
#2512 = ORIENTED_EDGE('',*,*,#2406,.T.);
#2513 = ORIENTED_EDGE('',*,*,#2445,.T.);
#2514 = ORIENTED_EDGE('',*,*,#2497,.F.);
#2515 = FACE_BOUND('',#2516,.T.);
#2516 = EDGE_LOOP('',(#2517,#2527,#2535,#2543));
#2517 = ORIENTED_EDGE('',*,*,#2518,.T.);
#2518 = EDGE_CURVE('',#2519,#2521,#2523,.T.);
#2519 = VERTEX_POINT('',#2520);
#2520 = CARTESIAN_POINT('',(76.,-47.,49.));
#2521 = VERTEX_POINT('',#2522);
#2522 = CARTESIAN_POINT('',(-76.,-47.,49.));
#2523 = LINE('',#2524,#2525);
#2524 = CARTESIAN_POINT('',(-76.75,-47.,49.));
#2525 = VECTOR('',#2526,1.);
#2526 = DIRECTION('',(-1.,0.,0.));
#2527 = ORIENTED_EDGE('',*,*,#2528,.T.);
#2528 = EDGE_CURVE('',#2521,#2529,#2531,.T.);
#2529 = VERTEX_POINT('',#2530);
#2530 = CARTESIAN_POINT('',(-76.,47.,49.));
#2531 = LINE('',#2532,#2533);
#2532 = CARTESIAN_POINT('',(-76.,-47.75,49.));
#2533 = VECTOR('',#2534,1.);
#2534 = DIRECTION('',(0.,1.,0.));
#2535 = ORIENTED_EDGE('',*,*,#2536,.F.);
#2536 = EDGE_CURVE('',#2537,#2529,#2539,.T.);
#2537 = VERTEX_POINT('',#2538);
#2538 = CARTESIAN_POINT('',(76.,47.,49.));
#2539 = LINE('',#2540,#2541);
#2540 = CARTESIAN_POINT('',(-76.75,47.,49.));
#2541 = VECTOR('',#2542,1.);
#2542 = DIRECTION('',(-1.,0.,0.));
#2543 = ORIENTED_EDGE('',*,*,#2544,.F.);
#2544 = EDGE_CURVE('',#2519,#2537,#2545,.T.);
#2545 = LINE('',#2546,#2547);
#2546 = CARTESIAN_POINT('',(76.,-47.75,49.));
#2547 = VECTOR('',#2548,1.);
#2548 = DIRECTION('',(0.,1.,0.));
#2549 = PLANE('',#2550);
#2550 = AXIS2_PLACEMENT_3D('',#2551,#2552,#2553);
#2551 = CARTESIAN_POINT('',(-77.5,-48.5,49.));
#2552 = DIRECTION('',(0.,0.,1.));
#2553 = DIRECTION('',(1.,0.,0.));
#2554 = ADVANCED_FACE('',(#2555),#2589,.F.);
#2555 = FACE_BOUND('',#2556,.F.);
#2556 = EDGE_LOOP('',(#2557,#2567,#2575,#2583));
#2557 = ORIENTED_EDGE('',*,*,#2558,.F.);
#2558 = EDGE_CURVE('',#2559,#2561,#2563,.T.);
#2559 = VERTEX_POINT('',#2560);
#2560 = CARTESIAN_POINT('',(-88.,-59.,6.));
#2561 = VERTEX_POINT('',#2562);
#2562 = CARTESIAN_POINT('',(-88.,-59.,145.));
#2563 = LINE('',#2564,#2565);
#2564 = CARTESIAN_POINT('',(-88.,-59.,6.));
#2565 = VECTOR('',#2566,1.);
#2566 = DIRECTION('',(0.,0.,1.));
#2567 = ORIENTED_EDGE('',*,*,#2568,.T.);
#2568 = EDGE_CURVE('',#2559,#2569,#2571,.T.);
#2569 = VERTEX_POINT('',#2570);
#2570 = CARTESIAN_POINT('',(-88.,59.,6.));
#2571 = LINE('',#2572,#2573);
#2572 = CARTESIAN_POINT('',(-88.,-59.,6.));
#2573 = VECTOR('',#2574,1.);
#2574 = DIRECTION('',(0.,1.,0.));
#2575 = ORIENTED_EDGE('',*,*,#2576,.T.);
#2576 = EDGE_CURVE('',#2569,#2577,#2579,.T.);
#2577 = VERTEX_POINT('',#2578);
#2578 = CARTESIAN_POINT('',(-88.,59.,145.));
#2579 = LINE('',#2580,#2581);
#2580 = CARTESIAN_POINT('',(-88.,59.,6.));
#2581 = VECTOR('',#2582,1.);
#2582 = DIRECTION('',(0.,0.,1.));
#2583 = ORIENTED_EDGE('',*,*,#2584,.F.);
#2584 = EDGE_CURVE('',#2561,#2577,#2585,.T.);
#2585 = LINE('',#2586,#2587);
#2586 = CARTESIAN_POINT('',(-88.,-59.,145.));
#2587 = VECTOR('',#2588,1.);
#2588 = DIRECTION('',(0.,1.,0.));
#2589 = PLANE('',#2590);
#2590 = AXIS2_PLACEMENT_3D('',#2591,#2592,#2593);
#2591 = CARTESIAN_POINT('',(-88.,-59.,6.));
#2592 = DIRECTION('',(1.,0.,0.));
#2593 = DIRECTION('',(0.,0.,1.));
#2594 = ADVANCED_FACE('',(#2595,#2704,#2738),#2772,.F.);
#2595 = FACE_BOUND('',#2596,.F.);
#2596 = EDGE_LOOP('',(#2597,#2605,#2606,#2614,#2622,#2630,#2638,#2647,
    #2656,#2664,#2672,#2680,#2689,#2698));
#2597 = ORIENTED_EDGE('',*,*,#2598,.F.);
#2598 = EDGE_CURVE('',#2559,#2599,#2601,.T.);
#2599 = VERTEX_POINT('',#2600);
#2600 = CARTESIAN_POINT('',(-75.,-59.,6.));
#2601 = LINE('',#2602,#2603);
#2602 = CARTESIAN_POINT('',(-88.,-59.,6.));
#2603 = VECTOR('',#2604,1.);
#2604 = DIRECTION('',(1.,0.,0.));
#2605 = ORIENTED_EDGE('',*,*,#2558,.T.);
#2606 = ORIENTED_EDGE('',*,*,#2607,.T.);
#2607 = EDGE_CURVE('',#2561,#2608,#2610,.T.);
#2608 = VERTEX_POINT('',#2609);
#2609 = CARTESIAN_POINT('',(88.,-59.,145.));
#2610 = LINE('',#2611,#2612);
#2611 = CARTESIAN_POINT('',(-88.,-59.,145.));
#2612 = VECTOR('',#2613,1.);
#2613 = DIRECTION('',(1.,0.,0.));
#2614 = ORIENTED_EDGE('',*,*,#2615,.F.);
#2615 = EDGE_CURVE('',#2616,#2608,#2618,.T.);
#2616 = VERTEX_POINT('',#2617);
#2617 = CARTESIAN_POINT('',(88.,-59.,6.));
#2618 = LINE('',#2619,#2620);
#2619 = CARTESIAN_POINT('',(88.,-59.,6.));
#2620 = VECTOR('',#2621,1.);
#2621 = DIRECTION('',(0.,0.,1.));
#2622 = ORIENTED_EDGE('',*,*,#2623,.F.);
#2623 = EDGE_CURVE('',#2624,#2616,#2626,.T.);
#2624 = VERTEX_POINT('',#2625);
#2625 = CARTESIAN_POINT('',(75.,-59.,6.));
#2626 = LINE('',#2627,#2628);
#2627 = CARTESIAN_POINT('',(-88.,-59.,6.));
#2628 = VECTOR('',#2629,1.);
#2629 = DIRECTION('',(1.,0.,0.));
#2630 = ORIENTED_EDGE('',*,*,#2631,.F.);
#2631 = EDGE_CURVE('',#2632,#2624,#2634,.T.);
#2632 = VERTEX_POINT('',#2633);
#2633 = CARTESIAN_POINT('',(75.,-59.,18.166969722018));
#2634 = LINE('',#2635,#2636);
#2635 = CARTESIAN_POINT('',(75.,-59.,4.5));
#2636 = VECTOR('',#2637,1.);
#2637 = DIRECTION('',(0.,0.,-1.));
#2638 = ORIENTED_EDGE('',*,*,#2639,.F.);
#2639 = EDGE_CURVE('',#2640,#2632,#2642,.T.);
#2640 = VERTEX_POINT('',#2641);
#2641 = CARTESIAN_POINT('',(77.5,-59.,23.1));
#2642 = CIRCLE('',#2643,3.1);
#2643 = AXIS2_PLACEMENT_3D('',#2644,#2645,#2646);
#2644 = CARTESIAN_POINT('',(77.5,-59.,20.));
#2645 = DIRECTION('',(0.,1.,0.));
#2646 = DIRECTION('',(0.,0.,1.));
#2647 = ORIENTED_EDGE('',*,*,#2648,.F.);
#2648 = EDGE_CURVE('',#2649,#2640,#2651,.T.);
#2649 = VERTEX_POINT('',#2650);
#2650 = CARTESIAN_POINT('',(75.,-59.,21.833030277982));
#2651 = CIRCLE('',#2652,3.1);
#2652 = AXIS2_PLACEMENT_3D('',#2653,#2654,#2655);
#2653 = CARTESIAN_POINT('',(77.5,-59.,20.));
#2654 = DIRECTION('',(0.,1.,0.));
#2655 = DIRECTION('',(0.,0.,1.));
#2656 = ORIENTED_EDGE('',*,*,#2657,.F.);
#2657 = EDGE_CURVE('',#2658,#2649,#2660,.T.);
#2658 = VERTEX_POINT('',#2659);
#2659 = CARTESIAN_POINT('',(75.,-59.,34.));
#2660 = LINE('',#2661,#2662);
#2661 = CARTESIAN_POINT('',(75.,-59.,4.5));
#2662 = VECTOR('',#2663,1.);
#2663 = DIRECTION('',(0.,0.,-1.));
#2664 = ORIENTED_EDGE('',*,*,#2665,.F.);
#2665 = EDGE_CURVE('',#2666,#2658,#2668,.T.);
#2666 = VERTEX_POINT('',#2667);
#2667 = CARTESIAN_POINT('',(-75.,-59.,34.));
#2668 = LINE('',#2669,#2670);
#2669 = CARTESIAN_POINT('',(-81.5,-59.,34.));
#2670 = VECTOR('',#2671,1.);
#2671 = DIRECTION('',(1.,0.,0.));
#2672 = ORIENTED_EDGE('',*,*,#2673,.T.);
#2673 = EDGE_CURVE('',#2666,#2674,#2676,.T.);
#2674 = VERTEX_POINT('',#2675);
#2675 = CARTESIAN_POINT('',(-75.,-59.,21.833030277982));
#2676 = LINE('',#2677,#2678);
#2677 = CARTESIAN_POINT('',(-75.,-59.,4.5));
#2678 = VECTOR('',#2679,1.);
#2679 = DIRECTION('',(0.,0.,-1.));
#2680 = ORIENTED_EDGE('',*,*,#2681,.F.);
#2681 = EDGE_CURVE('',#2682,#2674,#2684,.T.);
#2682 = VERTEX_POINT('',#2683);
#2683 = CARTESIAN_POINT('',(-77.5,-59.,23.1));
#2684 = CIRCLE('',#2685,3.1);
#2685 = AXIS2_PLACEMENT_3D('',#2686,#2687,#2688);
#2686 = CARTESIAN_POINT('',(-77.5,-59.,20.));
#2687 = DIRECTION('',(0.,1.,0.));
#2688 = DIRECTION('',(0.,0.,1.));
#2689 = ORIENTED_EDGE('',*,*,#2690,.F.);
#2690 = EDGE_CURVE('',#2691,#2682,#2693,.T.);
#2691 = VERTEX_POINT('',#2692);
#2692 = CARTESIAN_POINT('',(-75.,-59.,18.166969722018));
#2693 = CIRCLE('',#2694,3.1);
#2694 = AXIS2_PLACEMENT_3D('',#2695,#2696,#2697);
#2695 = CARTESIAN_POINT('',(-77.5,-59.,20.));
#2696 = DIRECTION('',(0.,1.,0.));
#2697 = DIRECTION('',(0.,0.,1.));
#2698 = ORIENTED_EDGE('',*,*,#2699,.T.);
#2699 = EDGE_CURVE('',#2691,#2599,#2700,.T.);
#2700 = LINE('',#2701,#2702);
#2701 = CARTESIAN_POINT('',(-75.,-59.,4.5));
#2702 = VECTOR('',#2703,1.);
#2703 = DIRECTION('',(0.,0.,-1.));
#2704 = FACE_BOUND('',#2705,.F.);
#2705 = EDGE_LOOP('',(#2706,#2716,#2724,#2732));
#2706 = ORIENTED_EDGE('',*,*,#2707,.T.);
#2707 = EDGE_CURVE('',#2708,#2710,#2712,.T.);
#2708 = VERTEX_POINT('',#2709);
#2709 = CARTESIAN_POINT('',(-85.,-59.,48.));
#2710 = VERTEX_POINT('',#2711);
#2711 = CARTESIAN_POINT('',(-85.,-59.,35.));
#2712 = LINE('',#2713,#2714);
#2713 = CARTESIAN_POINT('',(-85.,-59.,40.));
#2714 = VECTOR('',#2715,1.);
#2715 = DIRECTION('',(0.,0.,-1.));
#2716 = ORIENTED_EDGE('',*,*,#2717,.T.);
#2717 = EDGE_CURVE('',#2710,#2718,#2720,.T.);
#2718 = VERTEX_POINT('',#2719);
#2719 = CARTESIAN_POINT('',(-80.5,-59.,35.));
#2720 = LINE('',#2721,#2722);
#2721 = CARTESIAN_POINT('',(-85.,-59.,35.));
#2722 = VECTOR('',#2723,1.);
#2723 = DIRECTION('',(1.,0.,0.));
#2724 = ORIENTED_EDGE('',*,*,#2725,.T.);
#2725 = EDGE_CURVE('',#2718,#2726,#2728,.T.);
#2726 = VERTEX_POINT('',#2727);
#2727 = CARTESIAN_POINT('',(-80.5,-59.,48.));
#2728 = LINE('',#2729,#2730);
#2729 = CARTESIAN_POINT('',(-80.5,-59.,40.));
#2730 = VECTOR('',#2731,1.);
#2731 = DIRECTION('',(0.,0.,1.));
#2732 = ORIENTED_EDGE('',*,*,#2733,.F.);
#2733 = EDGE_CURVE('',#2708,#2726,#2734,.T.);
#2734 = LINE('',#2735,#2736);
#2735 = CARTESIAN_POINT('',(-85.,-59.,48.));
#2736 = VECTOR('',#2737,1.);
#2737 = DIRECTION('',(1.,0.,0.));
#2738 = FACE_BOUND('',#2739,.F.);
#2739 = EDGE_LOOP('',(#2740,#2750,#2758,#2766));
#2740 = ORIENTED_EDGE('',*,*,#2741,.T.);
#2741 = EDGE_CURVE('',#2742,#2744,#2746,.T.);
#2742 = VERTEX_POINT('',#2743);
#2743 = CARTESIAN_POINT('',(80.5,-59.,48.));
#2744 = VERTEX_POINT('',#2745);
#2745 = CARTESIAN_POINT('',(80.5,-59.,35.));
#2746 = LINE('',#2747,#2748);
#2747 = CARTESIAN_POINT('',(80.5,-59.,40.));
#2748 = VECTOR('',#2749,1.);
#2749 = DIRECTION('',(0.,0.,-1.));
#2750 = ORIENTED_EDGE('',*,*,#2751,.T.);
#2751 = EDGE_CURVE('',#2744,#2752,#2754,.T.);
#2752 = VERTEX_POINT('',#2753);
#2753 = CARTESIAN_POINT('',(85.,-59.,35.));
#2754 = LINE('',#2755,#2756);
#2755 = CARTESIAN_POINT('',(80.5,-59.,35.));
#2756 = VECTOR('',#2757,1.);
#2757 = DIRECTION('',(1.,0.,0.));
#2758 = ORIENTED_EDGE('',*,*,#2759,.T.);
#2759 = EDGE_CURVE('',#2752,#2760,#2762,.T.);
#2760 = VERTEX_POINT('',#2761);
#2761 = CARTESIAN_POINT('',(85.,-59.,48.));
#2762 = LINE('',#2763,#2764);
#2763 = CARTESIAN_POINT('',(85.,-59.,40.));
#2764 = VECTOR('',#2765,1.);
#2765 = DIRECTION('',(0.,0.,1.));
#2766 = ORIENTED_EDGE('',*,*,#2767,.F.);
#2767 = EDGE_CURVE('',#2742,#2760,#2768,.T.);
#2768 = LINE('',#2769,#2770);
#2769 = CARTESIAN_POINT('',(80.5,-59.,48.));
#2770 = VECTOR('',#2771,1.);
#2771 = DIRECTION('',(1.,0.,0.));
#2772 = PLANE('',#2773);
#2773 = AXIS2_PLACEMENT_3D('',#2774,#2775,#2776);
#2774 = CARTESIAN_POINT('',(-88.,-59.,6.));
#2775 = DIRECTION('',(0.,1.,0.));
#2776 = DIRECTION('',(0.,0.,1.));
#2777 = ADVANCED_FACE('',(#2778,#2803),#2814,.T.);
#2778 = FACE_BOUND('',#2779,.T.);
#2779 = EDGE_LOOP('',(#2780,#2788,#2789,#2797));
#2780 = ORIENTED_EDGE('',*,*,#2781,.F.);
#2781 = EDGE_CURVE('',#2569,#2782,#2784,.T.);
#2782 = VERTEX_POINT('',#2783);
#2783 = CARTESIAN_POINT('',(88.,59.,6.));
#2784 = LINE('',#2785,#2786);
#2785 = CARTESIAN_POINT('',(-88.,59.,6.));
#2786 = VECTOR('',#2787,1.);
#2787 = DIRECTION('',(1.,0.,0.));
#2788 = ORIENTED_EDGE('',*,*,#2576,.T.);
#2789 = ORIENTED_EDGE('',*,*,#2790,.T.);
#2790 = EDGE_CURVE('',#2577,#2791,#2793,.T.);
#2791 = VERTEX_POINT('',#2792);
#2792 = CARTESIAN_POINT('',(88.,59.,145.));
#2793 = LINE('',#2794,#2795);
#2794 = CARTESIAN_POINT('',(-88.,59.,145.));
#2795 = VECTOR('',#2796,1.);
#2796 = DIRECTION('',(1.,0.,0.));
#2797 = ORIENTED_EDGE('',*,*,#2798,.F.);
#2798 = EDGE_CURVE('',#2782,#2791,#2799,.T.);
#2799 = LINE('',#2800,#2801);
#2800 = CARTESIAN_POINT('',(88.,59.,6.));
#2801 = VECTOR('',#2802,1.);
#2802 = DIRECTION('',(0.,0.,1.));
#2803 = FACE_BOUND('',#2804,.T.);
#2804 = EDGE_LOOP('',(#2805));
#2805 = ORIENTED_EDGE('',*,*,#2806,.F.);
#2806 = EDGE_CURVE('',#2807,#2807,#2809,.T.);
#2807 = VERTEX_POINT('',#2808);
#2808 = CARTESIAN_POINT('',(70.,59.,48.));
#2809 = CIRCLE('',#2810,3.);
#2810 = AXIS2_PLACEMENT_3D('',#2811,#2812,#2813);
#2811 = CARTESIAN_POINT('',(70.,59.,45.));
#2812 = DIRECTION('',(0.,1.,0.));
#2813 = DIRECTION('',(0.,0.,1.));
#2814 = PLANE('',#2815);
#2815 = AXIS2_PLACEMENT_3D('',#2816,#2817,#2818);
#2816 = CARTESIAN_POINT('',(-88.,59.,6.));
#2817 = DIRECTION('',(0.,1.,0.));
#2818 = DIRECTION('',(0.,0.,1.));
#2819 = ADVANCED_FACE('',(#2820),#2886,.F.);
#2820 = FACE_BOUND('',#2821,.F.);
#2821 = EDGE_LOOP('',(#2822,#2823,#2824,#2825,#2833,#2841,#2849,#2857,
    #2865,#2873,#2879,#2880));
#2822 = ORIENTED_EDGE('',*,*,#2781,.F.);
#2823 = ORIENTED_EDGE('',*,*,#2568,.F.);
#2824 = ORIENTED_EDGE('',*,*,#2598,.T.);
#2825 = ORIENTED_EDGE('',*,*,#2826,.T.);
#2826 = EDGE_CURVE('',#2599,#2827,#2829,.T.);
#2827 = VERTEX_POINT('',#2828);
#2828 = CARTESIAN_POINT('',(-75.,-56.,6.));
#2829 = LINE('',#2830,#2831);
#2830 = CARTESIAN_POINT('',(-75.,-59.5,6.));
#2831 = VECTOR('',#2832,1.);
#2832 = DIRECTION('',(0.,1.,0.));
#2833 = ORIENTED_EDGE('',*,*,#2834,.T.);
#2834 = EDGE_CURVE('',#2827,#2835,#2837,.T.);
#2835 = VERTEX_POINT('',#2836);
#2836 = CARTESIAN_POINT('',(-85.,-56.,6.));
#2837 = LINE('',#2838,#2839);
#2838 = CARTESIAN_POINT('',(-86.5,-56.,6.));
#2839 = VECTOR('',#2840,1.);
#2840 = DIRECTION('',(-1.,0.,0.));
#2841 = ORIENTED_EDGE('',*,*,#2842,.T.);
#2842 = EDGE_CURVE('',#2835,#2843,#2845,.T.);
#2843 = VERTEX_POINT('',#2844);
#2844 = CARTESIAN_POINT('',(-85.,56.,6.));
#2845 = LINE('',#2846,#2847);
#2846 = CARTESIAN_POINT('',(-85.,-57.5,6.));
#2847 = VECTOR('',#2848,1.);
#2848 = DIRECTION('',(0.,1.,0.));
#2849 = ORIENTED_EDGE('',*,*,#2850,.F.);
#2850 = EDGE_CURVE('',#2851,#2843,#2853,.T.);
#2851 = VERTEX_POINT('',#2852);
#2852 = CARTESIAN_POINT('',(85.,56.,6.));
#2853 = LINE('',#2854,#2855);
#2854 = CARTESIAN_POINT('',(-86.5,56.,6.));
#2855 = VECTOR('',#2856,1.);
#2856 = DIRECTION('',(-1.,0.,0.));
#2857 = ORIENTED_EDGE('',*,*,#2858,.F.);
#2858 = EDGE_CURVE('',#2859,#2851,#2861,.T.);
#2859 = VERTEX_POINT('',#2860);
#2860 = CARTESIAN_POINT('',(85.,-56.,6.));
#2861 = LINE('',#2862,#2863);
#2862 = CARTESIAN_POINT('',(85.,-57.5,6.));
#2863 = VECTOR('',#2864,1.);
#2864 = DIRECTION('',(0.,1.,0.));
#2865 = ORIENTED_EDGE('',*,*,#2866,.T.);
#2866 = EDGE_CURVE('',#2859,#2867,#2869,.T.);
#2867 = VERTEX_POINT('',#2868);
#2868 = CARTESIAN_POINT('',(75.,-56.,6.));
#2869 = LINE('',#2870,#2871);
#2870 = CARTESIAN_POINT('',(-86.5,-56.,6.));
#2871 = VECTOR('',#2872,1.);
#2872 = DIRECTION('',(-1.,0.,0.));
#2873 = ORIENTED_EDGE('',*,*,#2874,.F.);
#2874 = EDGE_CURVE('',#2624,#2867,#2875,.T.);
#2875 = LINE('',#2876,#2877);
#2876 = CARTESIAN_POINT('',(75.,-59.5,6.));
#2877 = VECTOR('',#2878,1.);
#2878 = DIRECTION('',(0.,1.,0.));
#2879 = ORIENTED_EDGE('',*,*,#2623,.T.);
#2880 = ORIENTED_EDGE('',*,*,#2881,.T.);
#2881 = EDGE_CURVE('',#2616,#2782,#2882,.T.);
#2882 = LINE('',#2883,#2884);
#2883 = CARTESIAN_POINT('',(88.,-59.,6.));
#2884 = VECTOR('',#2885,1.);
#2885 = DIRECTION('',(0.,1.,0.));
#2886 = PLANE('',#2887);
#2887 = AXIS2_PLACEMENT_3D('',#2888,#2889,#2890);
#2888 = CARTESIAN_POINT('',(-88.,-59.,6.));
#2889 = DIRECTION('',(0.,0.,1.));
#2890 = DIRECTION('',(1.,0.,0.));
#2891 = ADVANCED_FACE('',(#2892),#2933,.T.);
#2892 = FACE_BOUND('',#2893,.T.);
#2893 = EDGE_LOOP('',(#2894,#2902,#2903,#2911,#2919,#2925,#2926,#2927));
#2894 = ORIENTED_EDGE('',*,*,#2895,.F.);
#2895 = EDGE_CURVE('',#2666,#2896,#2898,.T.);
#2896 = VERTEX_POINT('',#2897);
#2897 = CARTESIAN_POINT('',(-75.,-56.,34.));
#2898 = LINE('',#2899,#2900);
#2899 = CARTESIAN_POINT('',(-75.,-60.,34.));
#2900 = VECTOR('',#2901,1.);
#2901 = DIRECTION('',(0.,1.,0.));
#2902 = ORIENTED_EDGE('',*,*,#2673,.T.);
#2903 = ORIENTED_EDGE('',*,*,#2904,.T.);
#2904 = EDGE_CURVE('',#2674,#2905,#2907,.T.);
#2905 = VERTEX_POINT('',#2906);
#2906 = CARTESIAN_POINT('',(-75.,-57.01,21.833030277982));
#2907 = LINE('',#2908,#2909);
#2908 = CARTESIAN_POINT('',(-75.,-59.01,21.833030277982));
#2909 = VECTOR('',#2910,1.);
#2910 = DIRECTION('',(0.,1.,0.));
#2911 = ORIENTED_EDGE('',*,*,#2912,.F.);
#2912 = EDGE_CURVE('',#2913,#2905,#2915,.T.);
#2913 = VERTEX_POINT('',#2914);
#2914 = CARTESIAN_POINT('',(-75.,-57.01,18.166969722018));
#2915 = LINE('',#2916,#2917);
#2916 = CARTESIAN_POINT('',(-75.,-57.01,11.5));
#2917 = VECTOR('',#2918,1.);
#2918 = DIRECTION('',(0.,0.,1.));
#2919 = ORIENTED_EDGE('',*,*,#2920,.F.);
#2920 = EDGE_CURVE('',#2691,#2913,#2921,.T.);
#2921 = LINE('',#2922,#2923);
#2922 = CARTESIAN_POINT('',(-75.,-59.01,18.166969722018));
#2923 = VECTOR('',#2924,1.);
#2924 = DIRECTION('',(0.,1.,0.));
#2925 = ORIENTED_EDGE('',*,*,#2699,.T.);
#2926 = ORIENTED_EDGE('',*,*,#2826,.T.);
#2927 = ORIENTED_EDGE('',*,*,#2928,.F.);
#2928 = EDGE_CURVE('',#2896,#2827,#2929,.T.);
#2929 = LINE('',#2930,#2931);
#2930 = CARTESIAN_POINT('',(-75.,-56.,4.));
#2931 = VECTOR('',#2932,1.);
#2932 = DIRECTION('',(0.,0.,-1.));
#2933 = PLANE('',#2934);
#2934 = AXIS2_PLACEMENT_3D('',#2935,#2936,#2937);
#2935 = CARTESIAN_POINT('',(-75.,-60.,3.));
#2936 = DIRECTION('',(1.,0.,0.));
#2937 = DIRECTION('',(0.,0.,1.));
#2938 = ADVANCED_FACE('',(#2939),#2957,.F.);
#2939 = FACE_BOUND('',#2940,.F.);
#2940 = EDGE_LOOP('',(#2941,#2942,#2943,#2951));
#2941 = ORIENTED_EDGE('',*,*,#2895,.F.);
#2942 = ORIENTED_EDGE('',*,*,#2665,.T.);
#2943 = ORIENTED_EDGE('',*,*,#2944,.T.);
#2944 = EDGE_CURVE('',#2658,#2945,#2947,.T.);
#2945 = VERTEX_POINT('',#2946);
#2946 = CARTESIAN_POINT('',(75.,-56.,34.));
#2947 = LINE('',#2948,#2949);
#2948 = CARTESIAN_POINT('',(75.,-60.,34.));
#2949 = VECTOR('',#2950,1.);
#2950 = DIRECTION('',(0.,1.,0.));
#2951 = ORIENTED_EDGE('',*,*,#2952,.F.);
#2952 = EDGE_CURVE('',#2896,#2945,#2953,.T.);
#2953 = LINE('',#2954,#2955);
#2954 = CARTESIAN_POINT('',(-80.,-56.,34.));
#2955 = VECTOR('',#2956,1.);
#2956 = DIRECTION('',(1.,0.,0.));
#2957 = PLANE('',#2958);
#2958 = AXIS2_PLACEMENT_3D('',#2959,#2960,#2961);
#2959 = CARTESIAN_POINT('',(-75.,-60.,34.));
#2960 = DIRECTION('',(0.,0.,1.));
#2961 = DIRECTION('',(1.,0.,0.));
#2962 = ADVANCED_FACE('',(#2963),#2997,.F.);
#2963 = FACE_BOUND('',#2964,.F.);
#2964 = EDGE_LOOP('',(#2965,#2966,#2967,#2975,#2983,#2989,#2990,#2991));
#2965 = ORIENTED_EDGE('',*,*,#2944,.F.);
#2966 = ORIENTED_EDGE('',*,*,#2657,.T.);
#2967 = ORIENTED_EDGE('',*,*,#2968,.T.);
#2968 = EDGE_CURVE('',#2649,#2969,#2971,.T.);
#2969 = VERTEX_POINT('',#2970);
#2970 = CARTESIAN_POINT('',(75.,-57.01,21.833030277982));
#2971 = LINE('',#2972,#2973);
#2972 = CARTESIAN_POINT('',(75.,-59.01,21.833030277982));
#2973 = VECTOR('',#2974,1.);
#2974 = DIRECTION('',(0.,1.,0.));
#2975 = ORIENTED_EDGE('',*,*,#2976,.F.);
#2976 = EDGE_CURVE('',#2977,#2969,#2979,.T.);
#2977 = VERTEX_POINT('',#2978);
#2978 = CARTESIAN_POINT('',(75.,-57.01,18.166969722018));
#2979 = LINE('',#2980,#2981);
#2980 = CARTESIAN_POINT('',(75.,-57.01,11.5));
#2981 = VECTOR('',#2982,1.);
#2982 = DIRECTION('',(0.,0.,1.));
#2983 = ORIENTED_EDGE('',*,*,#2984,.F.);
#2984 = EDGE_CURVE('',#2632,#2977,#2985,.T.);
#2985 = LINE('',#2986,#2987);
#2986 = CARTESIAN_POINT('',(75.,-59.01,18.166969722018));
#2987 = VECTOR('',#2988,1.);
#2988 = DIRECTION('',(0.,1.,0.));
#2989 = ORIENTED_EDGE('',*,*,#2631,.T.);
#2990 = ORIENTED_EDGE('',*,*,#2874,.T.);
#2991 = ORIENTED_EDGE('',*,*,#2992,.F.);
#2992 = EDGE_CURVE('',#2945,#2867,#2993,.T.);
#2993 = LINE('',#2994,#2995);
#2994 = CARTESIAN_POINT('',(75.,-56.,4.));
#2995 = VECTOR('',#2996,1.);
#2996 = DIRECTION('',(0.,0.,-1.));
#2997 = PLANE('',#2998);
#2998 = AXIS2_PLACEMENT_3D('',#2999,#3000,#3001);
#2999 = CARTESIAN_POINT('',(75.,-60.,3.));
#3000 = DIRECTION('',(1.,0.,0.));
#3001 = DIRECTION('',(0.,0.,1.));
#3002 = ADVANCED_FACE('',(#3003),#3014,.T.);
#3003 = FACE_BOUND('',#3004,.T.);
#3004 = EDGE_LOOP('',(#3005,#3006,#3007,#3008));
#3005 = ORIENTED_EDGE('',*,*,#2615,.F.);
#3006 = ORIENTED_EDGE('',*,*,#2881,.T.);
#3007 = ORIENTED_EDGE('',*,*,#2798,.T.);
#3008 = ORIENTED_EDGE('',*,*,#3009,.F.);
#3009 = EDGE_CURVE('',#2608,#2791,#3010,.T.);
#3010 = LINE('',#3011,#3012);
#3011 = CARTESIAN_POINT('',(88.,-59.,145.));
#3012 = VECTOR('',#3013,1.);
#3013 = DIRECTION('',(0.,1.,0.));
#3014 = PLANE('',#3015);
#3015 = AXIS2_PLACEMENT_3D('',#3016,#3017,#3018);
#3016 = CARTESIAN_POINT('',(88.,-59.,6.));
#3017 = DIRECTION('',(1.,0.,0.));
#3018 = DIRECTION('',(0.,0.,1.));
#3019 = ADVANCED_FACE('',(#3020),#3045,.T.);
#3020 = FACE_BOUND('',#3021,.T.);
#3021 = EDGE_LOOP('',(#3022,#3030,#3038,#3044));
#3022 = ORIENTED_EDGE('',*,*,#3023,.F.);
#3023 = EDGE_CURVE('',#3024,#2708,#3026,.T.);
#3024 = VERTEX_POINT('',#3025);
#3025 = CARTESIAN_POINT('',(-85.,-64.,48.));
#3026 = LINE('',#3027,#3028);
#3027 = CARTESIAN_POINT('',(-85.,-64.,48.));
#3028 = VECTOR('',#3029,1.);
#3029 = DIRECTION('',(0.,1.,0.));
#3030 = ORIENTED_EDGE('',*,*,#3031,.T.);
#3031 = EDGE_CURVE('',#3024,#3032,#3034,.T.);
#3032 = VERTEX_POINT('',#3033);
#3033 = CARTESIAN_POINT('',(-80.5,-64.,48.));
#3034 = LINE('',#3035,#3036);
#3035 = CARTESIAN_POINT('',(-85.,-64.,48.));
#3036 = VECTOR('',#3037,1.);
#3037 = DIRECTION('',(1.,0.,0.));
#3038 = ORIENTED_EDGE('',*,*,#3039,.T.);
#3039 = EDGE_CURVE('',#3032,#2726,#3040,.T.);
#3040 = LINE('',#3041,#3042);
#3041 = CARTESIAN_POINT('',(-80.5,-64.,48.));
#3042 = VECTOR('',#3043,1.);
#3043 = DIRECTION('',(0.,1.,0.));
#3044 = ORIENTED_EDGE('',*,*,#2733,.F.);
#3045 = PLANE('',#3046);
#3046 = AXIS2_PLACEMENT_3D('',#3047,#3048,#3049);
#3047 = CARTESIAN_POINT('',(-85.,-64.,48.));
#3048 = DIRECTION('',(0.,0.,1.));
#3049 = DIRECTION('',(1.,0.,0.));
#3050 = ADVANCED_FACE('',(#3051),#3076,.T.);
#3051 = FACE_BOUND('',#3052,.T.);
#3052 = EDGE_LOOP('',(#3053,#3054,#3062,#3070));
#3053 = ORIENTED_EDGE('',*,*,#2717,.T.);
#3054 = ORIENTED_EDGE('',*,*,#3055,.T.);
#3055 = EDGE_CURVE('',#2718,#3056,#3058,.T.);
#3056 = VERTEX_POINT('',#3057);
#3057 = CARTESIAN_POINT('',(-80.5,-64.,40.));
#3058 = LINE('',#3059,#3060);
#3059 = CARTESIAN_POINT('',(-80.5,-59.,35.));
#3060 = VECTOR('',#3061,1.);
#3061 = DIRECTION('',(0.,-0.707106781187,0.707106781187));
#3062 = ORIENTED_EDGE('',*,*,#3063,.F.);
#3063 = EDGE_CURVE('',#3064,#3056,#3066,.T.);
#3064 = VERTEX_POINT('',#3065);
#3065 = CARTESIAN_POINT('',(-85.,-64.,40.));
#3066 = LINE('',#3067,#3068);
#3067 = CARTESIAN_POINT('',(-85.,-64.,40.));
#3068 = VECTOR('',#3069,1.);
#3069 = DIRECTION('',(1.,0.,0.));
#3070 = ORIENTED_EDGE('',*,*,#3071,.F.);
#3071 = EDGE_CURVE('',#2710,#3064,#3072,.T.);
#3072 = LINE('',#3073,#3074);
#3073 = CARTESIAN_POINT('',(-85.,-59.,35.));
#3074 = VECTOR('',#3075,1.);
#3075 = DIRECTION('',(0.,-0.707106781187,0.707106781187));
#3076 = PLANE('',#3077);
#3077 = AXIS2_PLACEMENT_3D('',#3078,#3079,#3080);
#3078 = CARTESIAN_POINT('',(-85.,-59.,35.));
#3079 = DIRECTION('',(0.,-0.707106781187,-0.707106781187));
#3080 = DIRECTION('',(0.,-0.707106781187,0.707106781187));
#3081 = ADVANCED_FACE('',(#3082),#3107,.T.);
#3082 = FACE_BOUND('',#3083,.T.);
#3083 = EDGE_LOOP('',(#3084,#3092,#3100,#3106));
#3084 = ORIENTED_EDGE('',*,*,#3085,.F.);
#3085 = EDGE_CURVE('',#3086,#2742,#3088,.T.);
#3086 = VERTEX_POINT('',#3087);
#3087 = CARTESIAN_POINT('',(80.5,-64.,48.));
#3088 = LINE('',#3089,#3090);
#3089 = CARTESIAN_POINT('',(80.5,-64.,48.));
#3090 = VECTOR('',#3091,1.);
#3091 = DIRECTION('',(0.,1.,0.));
#3092 = ORIENTED_EDGE('',*,*,#3093,.T.);
#3093 = EDGE_CURVE('',#3086,#3094,#3096,.T.);
#3094 = VERTEX_POINT('',#3095);
#3095 = CARTESIAN_POINT('',(85.,-64.,48.));
#3096 = LINE('',#3097,#3098);
#3097 = CARTESIAN_POINT('',(80.5,-64.,48.));
#3098 = VECTOR('',#3099,1.);
#3099 = DIRECTION('',(1.,0.,0.));
#3100 = ORIENTED_EDGE('',*,*,#3101,.T.);
#3101 = EDGE_CURVE('',#3094,#2760,#3102,.T.);
#3102 = LINE('',#3103,#3104);
#3103 = CARTESIAN_POINT('',(85.,-64.,48.));
#3104 = VECTOR('',#3105,1.);
#3105 = DIRECTION('',(0.,1.,0.));
#3106 = ORIENTED_EDGE('',*,*,#2767,.F.);
#3107 = PLANE('',#3108);
#3108 = AXIS2_PLACEMENT_3D('',#3109,#3110,#3111);
#3109 = CARTESIAN_POINT('',(80.5,-64.,48.));
#3110 = DIRECTION('',(0.,0.,1.));
#3111 = DIRECTION('',(1.,0.,0.));
#3112 = ADVANCED_FACE('',(#3113),#3138,.T.);
#3113 = FACE_BOUND('',#3114,.T.);
#3114 = EDGE_LOOP('',(#3115,#3116,#3124,#3132));
#3115 = ORIENTED_EDGE('',*,*,#2751,.T.);
#3116 = ORIENTED_EDGE('',*,*,#3117,.T.);
#3117 = EDGE_CURVE('',#2752,#3118,#3120,.T.);
#3118 = VERTEX_POINT('',#3119);
#3119 = CARTESIAN_POINT('',(85.,-64.,40.));
#3120 = LINE('',#3121,#3122);
#3121 = CARTESIAN_POINT('',(85.,-59.,35.));
#3122 = VECTOR('',#3123,1.);
#3123 = DIRECTION('',(0.,-0.707106781187,0.707106781187));
#3124 = ORIENTED_EDGE('',*,*,#3125,.F.);
#3125 = EDGE_CURVE('',#3126,#3118,#3128,.T.);
#3126 = VERTEX_POINT('',#3127);
#3127 = CARTESIAN_POINT('',(80.5,-64.,40.));
#3128 = LINE('',#3129,#3130);
#3129 = CARTESIAN_POINT('',(80.5,-64.,40.));
#3130 = VECTOR('',#3131,1.);
#3131 = DIRECTION('',(1.,0.,0.));
#3132 = ORIENTED_EDGE('',*,*,#3133,.F.);
#3133 = EDGE_CURVE('',#2744,#3126,#3134,.T.);
#3134 = LINE('',#3135,#3136);
#3135 = CARTESIAN_POINT('',(80.5,-59.,35.));
#3136 = VECTOR('',#3137,1.);
#3137 = DIRECTION('',(0.,-0.707106781187,0.707106781187));
#3138 = PLANE('',#3139);
#3139 = AXIS2_PLACEMENT_3D('',#3140,#3141,#3142);
#3140 = CARTESIAN_POINT('',(80.5,-59.,35.));
#3141 = DIRECTION('',(0.,-0.707106781187,-0.707106781187));
#3142 = DIRECTION('',(0.,-0.707106781187,0.707106781187));
#3143 = ADVANCED_FACE('',(#3144),#3197,.F.);
#3144 = FACE_BOUND('',#3145,.F.);
#3145 = EDGE_LOOP('',(#3146,#3147,#3155,#3164,#3172,#3181,#3189,#3196));
#3146 = ORIENTED_EDGE('',*,*,#2806,.F.);
#3147 = ORIENTED_EDGE('',*,*,#3148,.F.);
#3148 = EDGE_CURVE('',#3149,#2807,#3151,.T.);
#3149 = VERTEX_POINT('',#3150);
#3150 = CARTESIAN_POINT('',(70.,56.,48.));
#3151 = LINE('',#3152,#3153);
#3152 = CARTESIAN_POINT('',(70.,55.,48.));
#3153 = VECTOR('',#3154,1.);
#3154 = DIRECTION('',(0.,1.,0.));
#3155 = ORIENTED_EDGE('',*,*,#3156,.T.);
#3156 = EDGE_CURVE('',#3149,#3157,#3159,.T.);
#3157 = VERTEX_POINT('',#3158);
#3158 = CARTESIAN_POINT('',(72.2360679775,56.,43.));
#3159 = CIRCLE('',#3160,3.);
#3160 = AXIS2_PLACEMENT_3D('',#3161,#3162,#3163);
#3161 = CARTESIAN_POINT('',(70.,56.,45.));
#3162 = DIRECTION('',(0.,1.,0.));
#3163 = DIRECTION('',(0.,0.,1.));
#3164 = ORIENTED_EDGE('',*,*,#3165,.F.);
#3165 = EDGE_CURVE('',#3166,#3157,#3168,.T.);
#3166 = VERTEX_POINT('',#3167);
#3167 = CARTESIAN_POINT('',(72.2360679775,55.,43.));
#3168 = LINE('',#3169,#3170);
#3169 = CARTESIAN_POINT('',(72.2360679775,55.,43.));
#3170 = VECTOR('',#3171,1.);
#3171 = DIRECTION('',(0.,1.,0.));
#3172 = ORIENTED_EDGE('',*,*,#3173,.T.);
#3173 = EDGE_CURVE('',#3166,#3174,#3176,.T.);
#3174 = VERTEX_POINT('',#3175);
#3175 = CARTESIAN_POINT('',(67.7639320225,55.,43.));
#3176 = CIRCLE('',#3177,3.);
#3177 = AXIS2_PLACEMENT_3D('',#3178,#3179,#3180);
#3178 = CARTESIAN_POINT('',(70.,55.,45.));
#3179 = DIRECTION('',(0.,1.,0.));
#3180 = DIRECTION('',(0.,0.,1.));
#3181 = ORIENTED_EDGE('',*,*,#3182,.T.);
#3182 = EDGE_CURVE('',#3174,#3183,#3185,.T.);
#3183 = VERTEX_POINT('',#3184);
#3184 = CARTESIAN_POINT('',(67.7639320225,56.,43.));
#3185 = LINE('',#3186,#3187);
#3186 = CARTESIAN_POINT('',(67.7639320225,55.,43.));
#3187 = VECTOR('',#3188,1.);
#3188 = DIRECTION('',(0.,1.,0.));
#3189 = ORIENTED_EDGE('',*,*,#3190,.T.);
#3190 = EDGE_CURVE('',#3183,#3149,#3191,.T.);
#3191 = CIRCLE('',#3192,3.);
#3192 = AXIS2_PLACEMENT_3D('',#3193,#3194,#3195);
#3193 = CARTESIAN_POINT('',(70.,56.,45.));
#3194 = DIRECTION('',(0.,1.,0.));
#3195 = DIRECTION('',(0.,0.,1.));
#3196 = ORIENTED_EDGE('',*,*,#3148,.T.);
#3197 = CYLINDRICAL_SURFACE('',#3198,3.);
#3198 = AXIS2_PLACEMENT_3D('',#3199,#3200,#3201);
#3199 = CARTESIAN_POINT('',(70.,55.,45.));
#3200 = DIRECTION('',(0.,1.,0.));
#3201 = DIRECTION('',(0.,0.,1.));
#3202 = ADVANCED_FACE('',(#3203),#3269,.T.);
#3203 = FACE_BOUND('',#3204,.T.);
#3204 = EDGE_LOOP('',(#3205,#3215,#3223,#3231,#3239,#3247,#3255,#3263));
#3205 = ORIENTED_EDGE('',*,*,#3206,.F.);
#3206 = EDGE_CURVE('',#3207,#3209,#3211,.T.);
#3207 = VERTEX_POINT('',#3208);
#3208 = CARTESIAN_POINT('',(-85.,-56.,43.));
#3209 = VERTEX_POINT('',#3210);
#3210 = CARTESIAN_POINT('',(85.,-56.,43.));
#3211 = LINE('',#3212,#3213);
#3212 = CARTESIAN_POINT('',(0.,-56.,43.));
#3213 = VECTOR('',#3214,1.);
#3214 = DIRECTION('',(1.,0.,0.));
#3215 = ORIENTED_EDGE('',*,*,#3216,.T.);
#3216 = EDGE_CURVE('',#3207,#3217,#3219,.T.);
#3217 = VERTEX_POINT('',#3218);
#3218 = CARTESIAN_POINT('',(-85.,-56.,133.));
#3219 = LINE('',#3220,#3221);
#3220 = CARTESIAN_POINT('',(-85.,-56.,5.));
#3221 = VECTOR('',#3222,1.);
#3222 = DIRECTION('',(0.,0.,1.));
#3223 = ORIENTED_EDGE('',*,*,#3224,.T.);
#3224 = EDGE_CURVE('',#3217,#3225,#3227,.T.);
#3225 = VERTEX_POINT('',#3226);
#3226 = CARTESIAN_POINT('',(-76.,-56.,133.));
#3227 = LINE('',#3228,#3229);
#3228 = CARTESIAN_POINT('',(-85.,-56.,133.));
#3229 = VECTOR('',#3230,1.);
#3230 = DIRECTION('',(1.,0.,0.));
#3231 = ORIENTED_EDGE('',*,*,#3232,.T.);
#3232 = EDGE_CURVE('',#3225,#3233,#3235,.T.);
#3233 = VERTEX_POINT('',#3234);
#3234 = CARTESIAN_POINT('',(-76.,-56.,145.));
#3235 = LINE('',#3236,#3237);
#3236 = CARTESIAN_POINT('',(-76.,-56.,133.));
#3237 = VECTOR('',#3238,1.);
#3238 = DIRECTION('',(0.,0.,1.));
#3239 = ORIENTED_EDGE('',*,*,#3240,.F.);
#3240 = EDGE_CURVE('',#3241,#3233,#3243,.T.);
#3241 = VERTEX_POINT('',#3242);
#3242 = CARTESIAN_POINT('',(76.,-56.,145.));
#3243 = LINE('',#3244,#3245);
#3244 = CARTESIAN_POINT('',(-86.5,-56.,145.));
#3245 = VECTOR('',#3246,1.);
#3246 = DIRECTION('',(-1.,0.,0.));
#3247 = ORIENTED_EDGE('',*,*,#3248,.F.);
#3248 = EDGE_CURVE('',#3249,#3241,#3251,.T.);
#3249 = VERTEX_POINT('',#3250);
#3250 = CARTESIAN_POINT('',(76.,-56.,133.));
#3251 = LINE('',#3252,#3253);
#3252 = CARTESIAN_POINT('',(76.,-56.,133.));
#3253 = VECTOR('',#3254,1.);
#3254 = DIRECTION('',(0.,0.,1.));
#3255 = ORIENTED_EDGE('',*,*,#3256,.T.);
#3256 = EDGE_CURVE('',#3249,#3257,#3259,.T.);
#3257 = VERTEX_POINT('',#3258);
#3258 = CARTESIAN_POINT('',(85.,-56.,133.));
#3259 = LINE('',#3260,#3261);
#3260 = CARTESIAN_POINT('',(76.,-56.,133.));
#3261 = VECTOR('',#3262,1.);
#3262 = DIRECTION('',(1.,0.,0.));
#3263 = ORIENTED_EDGE('',*,*,#3264,.F.);
#3264 = EDGE_CURVE('',#3209,#3257,#3265,.T.);
#3265 = LINE('',#3266,#3267);
#3266 = CARTESIAN_POINT('',(85.,-56.,5.));
#3267 = VECTOR('',#3268,1.);
#3268 = DIRECTION('',(0.,0.,1.));
#3269 = PLANE('',#3270);
#3270 = AXIS2_PLACEMENT_3D('',#3271,#3272,#3273);
#3271 = CARTESIAN_POINT('',(-85.,-56.,5.));
#3272 = DIRECTION('',(0.,1.,0.));
#3273 = DIRECTION('',(0.,0.,1.));
#3274 = ADVANCED_FACE('',(#3275),#3332,.F.);
#3275 = FACE_BOUND('',#3276,.F.);
#3276 = EDGE_LOOP('',(#3277,#3278,#3286,#3294,#3302,#3310,#3318,#3326));
#3277 = ORIENTED_EDGE('',*,*,#3264,.F.);
#3278 = ORIENTED_EDGE('',*,*,#3279,.T.);
#3279 = EDGE_CURVE('',#3209,#3280,#3282,.T.);
#3280 = VERTEX_POINT('',#3281);
#3281 = CARTESIAN_POINT('',(85.,56.,43.));
#3282 = LINE('',#3283,#3284);
#3283 = CARTESIAN_POINT('',(85.,0.,43.));
#3284 = VECTOR('',#3285,1.);
#3285 = DIRECTION('',(0.,1.,0.));
#3286 = ORIENTED_EDGE('',*,*,#3287,.T.);
#3287 = EDGE_CURVE('',#3280,#3288,#3290,.T.);
#3288 = VERTEX_POINT('',#3289);
#3289 = CARTESIAN_POINT('',(85.,56.,133.));
#3290 = LINE('',#3291,#3292);
#3291 = CARTESIAN_POINT('',(85.,56.,5.));
#3292 = VECTOR('',#3293,1.);
#3293 = DIRECTION('',(0.,0.,1.));
#3294 = ORIENTED_EDGE('',*,*,#3295,.F.);
#3295 = EDGE_CURVE('',#3296,#3288,#3298,.T.);
#3296 = VERTEX_POINT('',#3297);
#3297 = CARTESIAN_POINT('',(85.,47.,133.));
#3298 = LINE('',#3299,#3300);
#3299 = CARTESIAN_POINT('',(85.,47.,133.));
#3300 = VECTOR('',#3301,1.);
#3301 = DIRECTION('',(0.,1.,0.));
#3302 = ORIENTED_EDGE('',*,*,#3303,.T.);
#3303 = EDGE_CURVE('',#3296,#3304,#3306,.T.);
#3304 = VERTEX_POINT('',#3305);
#3305 = CARTESIAN_POINT('',(85.,47.,145.));
#3306 = LINE('',#3307,#3308);
#3307 = CARTESIAN_POINT('',(85.,47.,133.));
#3308 = VECTOR('',#3309,1.);
#3309 = DIRECTION('',(0.,0.,1.));
#3310 = ORIENTED_EDGE('',*,*,#3311,.F.);
#3311 = EDGE_CURVE('',#3312,#3304,#3314,.T.);
#3312 = VERTEX_POINT('',#3313);
#3313 = CARTESIAN_POINT('',(85.,-47.,145.));
#3314 = LINE('',#3315,#3316);
#3315 = CARTESIAN_POINT('',(85.,-57.5,145.));
#3316 = VECTOR('',#3317,1.);
#3317 = DIRECTION('',(0.,1.,0.));
#3318 = ORIENTED_EDGE('',*,*,#3319,.F.);
#3319 = EDGE_CURVE('',#3320,#3312,#3322,.T.);
#3320 = VERTEX_POINT('',#3321);
#3321 = CARTESIAN_POINT('',(85.,-47.,133.));
#3322 = LINE('',#3323,#3324);
#3323 = CARTESIAN_POINT('',(85.,-47.,133.));
#3324 = VECTOR('',#3325,1.);
#3325 = DIRECTION('',(0.,0.,1.));
#3326 = ORIENTED_EDGE('',*,*,#3327,.F.);
#3327 = EDGE_CURVE('',#3257,#3320,#3328,.T.);
#3328 = LINE('',#3329,#3330);
#3329 = CARTESIAN_POINT('',(85.,-56.,133.));
#3330 = VECTOR('',#3331,1.);
#3331 = DIRECTION('',(0.,1.,0.));
#3332 = PLANE('',#3333);
#3333 = AXIS2_PLACEMENT_3D('',#3334,#3335,#3336);
#3334 = CARTESIAN_POINT('',(85.,-56.,5.));
#3335 = DIRECTION('',(1.,0.,0.));
#3336 = DIRECTION('',(0.,0.,1.));
#3337 = ADVANCED_FACE('',(#3338),#3403,.F.);
#3338 = FACE_BOUND('',#3339,.F.);
#3339 = EDGE_LOOP('',(#3340,#3341,#3347,#3348,#3349,#3357,#3365,#3373,
    #3381,#3389,#3397));
#3340 = ORIENTED_EDGE('',*,*,#3287,.F.);
#3341 = ORIENTED_EDGE('',*,*,#3342,.F.);
#3342 = EDGE_CURVE('',#3157,#3280,#3343,.T.);
#3343 = LINE('',#3344,#3345);
#3344 = CARTESIAN_POINT('',(-86.,56.,43.));
#3345 = VECTOR('',#3346,1.);
#3346 = DIRECTION('',(1.,0.,0.));
#3347 = ORIENTED_EDGE('',*,*,#3156,.F.);
#3348 = ORIENTED_EDGE('',*,*,#3190,.F.);
#3349 = ORIENTED_EDGE('',*,*,#3350,.F.);
#3350 = EDGE_CURVE('',#3351,#3183,#3353,.T.);
#3351 = VERTEX_POINT('',#3352);
#3352 = CARTESIAN_POINT('',(-85.,56.,43.));
#3353 = LINE('',#3354,#3355);
#3354 = CARTESIAN_POINT('',(-86.,56.,43.));
#3355 = VECTOR('',#3356,1.);
#3356 = DIRECTION('',(1.,0.,0.));
#3357 = ORIENTED_EDGE('',*,*,#3358,.T.);
#3358 = EDGE_CURVE('',#3351,#3359,#3361,.T.);
#3359 = VERTEX_POINT('',#3360);
#3360 = CARTESIAN_POINT('',(-85.,56.,133.));
#3361 = LINE('',#3362,#3363);
#3362 = CARTESIAN_POINT('',(-85.,56.,5.));
#3363 = VECTOR('',#3364,1.);
#3364 = DIRECTION('',(0.,0.,1.));
#3365 = ORIENTED_EDGE('',*,*,#3366,.T.);
#3366 = EDGE_CURVE('',#3359,#3367,#3369,.T.);
#3367 = VERTEX_POINT('',#3368);
#3368 = CARTESIAN_POINT('',(-76.,56.,133.));
#3369 = LINE('',#3370,#3371);
#3370 = CARTESIAN_POINT('',(-85.,56.,133.));
#3371 = VECTOR('',#3372,1.);
#3372 = DIRECTION('',(1.,0.,0.));
#3373 = ORIENTED_EDGE('',*,*,#3374,.T.);
#3374 = EDGE_CURVE('',#3367,#3375,#3377,.T.);
#3375 = VERTEX_POINT('',#3376);
#3376 = CARTESIAN_POINT('',(-76.,56.,145.));
#3377 = LINE('',#3378,#3379);
#3378 = CARTESIAN_POINT('',(-76.,56.,133.));
#3379 = VECTOR('',#3380,1.);
#3380 = DIRECTION('',(0.,0.,1.));
#3381 = ORIENTED_EDGE('',*,*,#3382,.F.);
#3382 = EDGE_CURVE('',#3383,#3375,#3385,.T.);
#3383 = VERTEX_POINT('',#3384);
#3384 = CARTESIAN_POINT('',(76.,56.,145.));
#3385 = LINE('',#3386,#3387);
#3386 = CARTESIAN_POINT('',(-86.5,56.,145.));
#3387 = VECTOR('',#3388,1.);
#3388 = DIRECTION('',(-1.,0.,0.));
#3389 = ORIENTED_EDGE('',*,*,#3390,.F.);
#3390 = EDGE_CURVE('',#3391,#3383,#3393,.T.);
#3391 = VERTEX_POINT('',#3392);
#3392 = CARTESIAN_POINT('',(76.,56.,133.));
#3393 = LINE('',#3394,#3395);
#3394 = CARTESIAN_POINT('',(76.,56.,133.));
#3395 = VECTOR('',#3396,1.);
#3396 = DIRECTION('',(0.,0.,1.));
#3397 = ORIENTED_EDGE('',*,*,#3398,.T.);
#3398 = EDGE_CURVE('',#3391,#3288,#3399,.T.);
#3399 = LINE('',#3400,#3401);
#3400 = CARTESIAN_POINT('',(76.,56.,133.));
#3401 = VECTOR('',#3402,1.);
#3402 = DIRECTION('',(1.,0.,0.));
#3403 = PLANE('',#3404);
#3404 = AXIS2_PLACEMENT_3D('',#3405,#3406,#3407);
#3405 = CARTESIAN_POINT('',(-85.,56.,5.));
#3406 = DIRECTION('',(0.,1.,0.));
#3407 = DIRECTION('',(0.,0.,1.));
#3408 = ADVANCED_FACE('',(#3409),#3457,.T.);
#3409 = FACE_BOUND('',#3410,.T.);
#3410 = EDGE_LOOP('',(#3411,#3417,#3418,#3426,#3434,#3442,#3450,#3456));
#3411 = ORIENTED_EDGE('',*,*,#3412,.F.);
#3412 = EDGE_CURVE('',#3351,#3207,#3413,.T.);
#3413 = LINE('',#3414,#3415);
#3414 = CARTESIAN_POINT('',(-85.,-56.,43.));
#3415 = VECTOR('',#3416,1.);
#3416 = DIRECTION('',(0.,-1.,0.));
#3417 = ORIENTED_EDGE('',*,*,#3358,.T.);
#3418 = ORIENTED_EDGE('',*,*,#3419,.F.);
#3419 = EDGE_CURVE('',#3420,#3359,#3422,.T.);
#3420 = VERTEX_POINT('',#3421);
#3421 = CARTESIAN_POINT('',(-85.,47.,133.));
#3422 = LINE('',#3423,#3424);
#3423 = CARTESIAN_POINT('',(-85.,47.,133.));
#3424 = VECTOR('',#3425,1.);
#3425 = DIRECTION('',(0.,1.,0.));
#3426 = ORIENTED_EDGE('',*,*,#3427,.T.);
#3427 = EDGE_CURVE('',#3420,#3428,#3430,.T.);
#3428 = VERTEX_POINT('',#3429);
#3429 = CARTESIAN_POINT('',(-85.,47.,145.));
#3430 = LINE('',#3431,#3432);
#3431 = CARTESIAN_POINT('',(-85.,47.,133.));
#3432 = VECTOR('',#3433,1.);
#3433 = DIRECTION('',(0.,0.,1.));
#3434 = ORIENTED_EDGE('',*,*,#3435,.F.);
#3435 = EDGE_CURVE('',#3436,#3428,#3438,.T.);
#3436 = VERTEX_POINT('',#3437);
#3437 = CARTESIAN_POINT('',(-85.,-47.,145.));
#3438 = LINE('',#3439,#3440);
#3439 = CARTESIAN_POINT('',(-85.,-57.5,145.));
#3440 = VECTOR('',#3441,1.);
#3441 = DIRECTION('',(0.,1.,0.));
#3442 = ORIENTED_EDGE('',*,*,#3443,.F.);
#3443 = EDGE_CURVE('',#3444,#3436,#3446,.T.);
#3444 = VERTEX_POINT('',#3445);
#3445 = CARTESIAN_POINT('',(-85.,-47.,133.));
#3446 = LINE('',#3447,#3448);
#3447 = CARTESIAN_POINT('',(-85.,-47.,133.));
#3448 = VECTOR('',#3449,1.);
#3449 = DIRECTION('',(0.,0.,1.));
#3450 = ORIENTED_EDGE('',*,*,#3451,.F.);
#3451 = EDGE_CURVE('',#3217,#3444,#3452,.T.);
#3452 = LINE('',#3453,#3454);
#3453 = CARTESIAN_POINT('',(-85.,-56.,133.));
#3454 = VECTOR('',#3455,1.);
#3455 = DIRECTION('',(0.,1.,0.));
#3456 = ORIENTED_EDGE('',*,*,#3216,.F.);
#3457 = PLANE('',#3458);
#3458 = AXIS2_PLACEMENT_3D('',#3459,#3460,#3461);
#3459 = CARTESIAN_POINT('',(-85.,-56.,5.));
#3460 = DIRECTION('',(1.,0.,0.));
#3461 = DIRECTION('',(0.,0.,1.));
#3462 = ADVANCED_FACE('',(#3463),#3481,.T.);
#3463 = FACE_BOUND('',#3464,.T.);
#3464 = EDGE_LOOP('',(#3465,#3473,#3474,#3475));
#3465 = ORIENTED_EDGE('',*,*,#3466,.F.);
#3466 = EDGE_CURVE('',#2859,#3467,#3469,.T.);
#3467 = VERTEX_POINT('',#3468);
#3468 = CARTESIAN_POINT('',(85.,-56.,34.));
#3469 = LINE('',#3470,#3471);
#3470 = CARTESIAN_POINT('',(85.,-56.,5.));
#3471 = VECTOR('',#3472,1.);
#3472 = DIRECTION('',(0.,0.,1.));
#3473 = ORIENTED_EDGE('',*,*,#2866,.T.);
#3474 = ORIENTED_EDGE('',*,*,#2992,.F.);
#3475 = ORIENTED_EDGE('',*,*,#3476,.T.);
#3476 = EDGE_CURVE('',#2945,#3467,#3477,.T.);
#3477 = LINE('',#3478,#3479);
#3478 = CARTESIAN_POINT('',(-86.,-56.,34.));
#3479 = VECTOR('',#3480,1.);
#3480 = DIRECTION('',(1.,0.,0.));
#3481 = PLANE('',#3482);
#3482 = AXIS2_PLACEMENT_3D('',#3483,#3484,#3485);
#3483 = CARTESIAN_POINT('',(-85.,-56.,5.));
#3484 = DIRECTION('',(0.,1.,0.));
#3485 = DIRECTION('',(0.,0.,1.));
#3486 = ADVANCED_FACE('',(#3487),#3505,.F.);
#3487 = FACE_BOUND('',#3488,.F.);
#3488 = EDGE_LOOP('',(#3489,#3490,#3491,#3499));
#3489 = ORIENTED_EDGE('',*,*,#3466,.F.);
#3490 = ORIENTED_EDGE('',*,*,#2858,.T.);
#3491 = ORIENTED_EDGE('',*,*,#3492,.T.);
#3492 = EDGE_CURVE('',#2851,#3493,#3495,.T.);
#3493 = VERTEX_POINT('',#3494);
#3494 = CARTESIAN_POINT('',(85.,56.,34.));
#3495 = LINE('',#3496,#3497);
#3496 = CARTESIAN_POINT('',(85.,56.,5.));
#3497 = VECTOR('',#3498,1.);
#3498 = DIRECTION('',(0.,0.,1.));
#3499 = ORIENTED_EDGE('',*,*,#3500,.F.);
#3500 = EDGE_CURVE('',#3467,#3493,#3501,.T.);
#3501 = LINE('',#3502,#3503);
#3502 = CARTESIAN_POINT('',(85.,-57.,34.));
#3503 = VECTOR('',#3504,1.);
#3504 = DIRECTION('',(0.,1.,0.));
#3505 = PLANE('',#3506);
#3506 = AXIS2_PLACEMENT_3D('',#3507,#3508,#3509);
#3507 = CARTESIAN_POINT('',(85.,-56.,5.));
#3508 = DIRECTION('',(1.,0.,0.));
#3509 = DIRECTION('',(0.,0.,1.));
#3510 = ADVANCED_FACE('',(#3511),#3529,.F.);
#3511 = FACE_BOUND('',#3512,.F.);
#3512 = EDGE_LOOP('',(#3513,#3514,#3515,#3523));
#3513 = ORIENTED_EDGE('',*,*,#3492,.F.);
#3514 = ORIENTED_EDGE('',*,*,#2850,.T.);
#3515 = ORIENTED_EDGE('',*,*,#3516,.T.);
#3516 = EDGE_CURVE('',#2843,#3517,#3519,.T.);
#3517 = VERTEX_POINT('',#3518);
#3518 = CARTESIAN_POINT('',(-85.,56.,34.));
#3519 = LINE('',#3520,#3521);
#3520 = CARTESIAN_POINT('',(-85.,56.,5.));
#3521 = VECTOR('',#3522,1.);
#3522 = DIRECTION('',(0.,0.,1.));
#3523 = ORIENTED_EDGE('',*,*,#3524,.T.);
#3524 = EDGE_CURVE('',#3517,#3493,#3525,.T.);
#3525 = LINE('',#3526,#3527);
#3526 = CARTESIAN_POINT('',(-86.,56.,34.));
#3527 = VECTOR('',#3528,1.);
#3528 = DIRECTION('',(1.,0.,0.));
#3529 = PLANE('',#3530);
#3530 = AXIS2_PLACEMENT_3D('',#3531,#3532,#3533);
#3531 = CARTESIAN_POINT('',(-85.,56.,5.));
#3532 = DIRECTION('',(0.,1.,0.));
#3533 = DIRECTION('',(0.,0.,1.));
#3534 = ADVANCED_FACE('',(#3535),#3553,.T.);
#3535 = FACE_BOUND('',#3536,.T.);
#3536 = EDGE_LOOP('',(#3537,#3545,#3546,#3547));
#3537 = ORIENTED_EDGE('',*,*,#3538,.F.);
#3538 = EDGE_CURVE('',#2835,#3539,#3541,.T.);
#3539 = VERTEX_POINT('',#3540);
#3540 = CARTESIAN_POINT('',(-85.,-56.,34.));
#3541 = LINE('',#3542,#3543);
#3542 = CARTESIAN_POINT('',(-85.,-56.,5.));
#3543 = VECTOR('',#3544,1.);
#3544 = DIRECTION('',(0.,0.,1.));
#3545 = ORIENTED_EDGE('',*,*,#2842,.T.);
#3546 = ORIENTED_EDGE('',*,*,#3516,.T.);
#3547 = ORIENTED_EDGE('',*,*,#3548,.F.);
#3548 = EDGE_CURVE('',#3539,#3517,#3549,.T.);
#3549 = LINE('',#3550,#3551);
#3550 = CARTESIAN_POINT('',(-85.,-57.,34.));
#3551 = VECTOR('',#3552,1.);
#3552 = DIRECTION('',(0.,1.,0.));
#3553 = PLANE('',#3554);
#3554 = AXIS2_PLACEMENT_3D('',#3555,#3556,#3557);
#3555 = CARTESIAN_POINT('',(-85.,-56.,5.));
#3556 = DIRECTION('',(1.,0.,0.));
#3557 = DIRECTION('',(0.,0.,1.));
#3558 = ADVANCED_FACE('',(#3559),#3570,.T.);
#3559 = FACE_BOUND('',#3560,.T.);
#3560 = EDGE_LOOP('',(#3561,#3567,#3568,#3569));
#3561 = ORIENTED_EDGE('',*,*,#3562,.T.);
#3562 = EDGE_CURVE('',#3539,#2896,#3563,.T.);
#3563 = LINE('',#3564,#3565);
#3564 = CARTESIAN_POINT('',(-86.,-56.,34.));
#3565 = VECTOR('',#3566,1.);
#3566 = DIRECTION('',(1.,0.,0.));
#3567 = ORIENTED_EDGE('',*,*,#2928,.T.);
#3568 = ORIENTED_EDGE('',*,*,#2834,.T.);
#3569 = ORIENTED_EDGE('',*,*,#3538,.T.);
#3570 = PLANE('',#3571);
#3571 = AXIS2_PLACEMENT_3D('',#3572,#3573,#3574);
#3572 = CARTESIAN_POINT('',(-85.,-56.,5.));
#3573 = DIRECTION('',(0.,1.,0.));
#3574 = DIRECTION('',(0.,0.,1.));
#3575 = ADVANCED_FACE('',(#3576),#3595,.F.);
#3576 = FACE_BOUND('',#3577,.F.);
#3577 = EDGE_LOOP('',(#3578,#3587,#3594));
#3578 = ORIENTED_EDGE('',*,*,#3579,.T.);
#3579 = EDGE_CURVE('',#2913,#3580,#3582,.T.);
#3580 = VERTEX_POINT('',#3581);
#3581 = CARTESIAN_POINT('',(-77.5,-57.01,23.1));
#3582 = CIRCLE('',#3583,3.1);
#3583 = AXIS2_PLACEMENT_3D('',#3584,#3585,#3586);
#3584 = CARTESIAN_POINT('',(-77.5,-57.01,20.));
#3585 = DIRECTION('',(0.,1.,0.));
#3586 = DIRECTION('',(0.,0.,1.));
#3587 = ORIENTED_EDGE('',*,*,#3588,.T.);
#3588 = EDGE_CURVE('',#3580,#2905,#3589,.T.);
#3589 = CIRCLE('',#3590,3.1);
#3590 = AXIS2_PLACEMENT_3D('',#3591,#3592,#3593);
#3591 = CARTESIAN_POINT('',(-77.5,-57.01,20.));
#3592 = DIRECTION('',(0.,1.,0.));
#3593 = DIRECTION('',(0.,0.,1.));
#3594 = ORIENTED_EDGE('',*,*,#2912,.F.);
#3595 = PLANE('',#3596);
#3596 = AXIS2_PLACEMENT_3D('',#3597,#3598,#3599);
#3597 = CARTESIAN_POINT('',(-77.5,-57.01,20.));
#3598 = DIRECTION('',(0.,1.,0.));
#3599 = DIRECTION('',(0.,0.,1.));
#3600 = ADVANCED_FACE('',(#3601),#3628,.T.);
#3601 = FACE_BOUND('',#3602,.T.);
#3602 = EDGE_LOOP('',(#3603,#3611,#3619,#3625,#3626,#3627));
#3603 = ORIENTED_EDGE('',*,*,#3604,.T.);
#3604 = EDGE_CURVE('',#3539,#3605,#3607,.T.);
#3605 = VERTEX_POINT('',#3606);
#3606 = CARTESIAN_POINT('',(-76.,-47.,43.));
#3607 = LINE('',#3608,#3609);
#3608 = CARTESIAN_POINT('',(-79.33333333333,-50.33333333333,
    39.666666666667));
#3609 = VECTOR('',#3610,1.);
#3610 = DIRECTION('',(0.57735026919,0.57735026919,0.57735026919));
#3611 = ORIENTED_EDGE('',*,*,#3612,.T.);
#3612 = EDGE_CURVE('',#3605,#3613,#3615,.T.);
#3613 = VERTEX_POINT('',#3614);
#3614 = CARTESIAN_POINT('',(76.,-47.,43.));
#3615 = LINE('',#3616,#3617);
#3616 = CARTESIAN_POINT('',(-86.,-47.,43.));
#3617 = VECTOR('',#3618,1.);
#3618 = DIRECTION('',(1.,0.,0.));
#3619 = ORIENTED_EDGE('',*,*,#3620,.T.);
#3620 = EDGE_CURVE('',#3613,#3467,#3621,.T.);
#3621 = LINE('',#3622,#3623);
#3622 = CARTESIAN_POINT('',(50.666666666667,-21.66666666666,
    68.333333333333));
#3623 = VECTOR('',#3624,1.);
#3624 = DIRECTION('',(0.57735026919,-0.57735026919,-0.57735026919));
#3625 = ORIENTED_EDGE('',*,*,#3476,.F.);
#3626 = ORIENTED_EDGE('',*,*,#2952,.F.);
#3627 = ORIENTED_EDGE('',*,*,#3562,.F.);
#3628 = PLANE('',#3629);
#3629 = AXIS2_PLACEMENT_3D('',#3630,#3631,#3632);
#3630 = CARTESIAN_POINT('',(-86.,-47.,43.));
#3631 = DIRECTION('',(0.,0.707106781187,-0.707106781187));
#3632 = DIRECTION('',(0.,-0.707106781187,-0.707106781187));
#3633 = ADVANCED_FACE('',(#3634),#3653,.F.);
#3634 = FACE_BOUND('',#3635,.F.);
#3635 = EDGE_LOOP('',(#3636,#3645,#3652));
#3636 = ORIENTED_EDGE('',*,*,#3637,.T.);
#3637 = EDGE_CURVE('',#2969,#3638,#3640,.T.);
#3638 = VERTEX_POINT('',#3639);
#3639 = CARTESIAN_POINT('',(77.5,-57.01,23.1));
#3640 = CIRCLE('',#3641,3.1);
#3641 = AXIS2_PLACEMENT_3D('',#3642,#3643,#3644);
#3642 = CARTESIAN_POINT('',(77.5,-57.01,20.));
#3643 = DIRECTION('',(0.,1.,0.));
#3644 = DIRECTION('',(0.,0.,1.));
#3645 = ORIENTED_EDGE('',*,*,#3646,.T.);
#3646 = EDGE_CURVE('',#3638,#2977,#3647,.T.);
#3647 = CIRCLE('',#3648,3.1);
#3648 = AXIS2_PLACEMENT_3D('',#3649,#3650,#3651);
#3649 = CARTESIAN_POINT('',(77.5,-57.01,20.));
#3650 = DIRECTION('',(0.,1.,0.));
#3651 = DIRECTION('',(0.,0.,1.));
#3652 = ORIENTED_EDGE('',*,*,#2976,.T.);
#3653 = PLANE('',#3654);
#3654 = AXIS2_PLACEMENT_3D('',#3655,#3656,#3657);
#3655 = CARTESIAN_POINT('',(77.5,-57.01,20.));
#3656 = DIRECTION('',(0.,1.,0.));
#3657 = DIRECTION('',(0.,0.,1.));
#3658 = ADVANCED_FACE('',(#3659),#3675,.F.);
#3659 = FACE_BOUND('',#3660,.F.);
#3660 = EDGE_LOOP('',(#3661,#3662,#3668,#3669));
#3661 = ORIENTED_EDGE('',*,*,#3063,.F.);
#3662 = ORIENTED_EDGE('',*,*,#3663,.T.);
#3663 = EDGE_CURVE('',#3064,#3024,#3664,.T.);
#3664 = LINE('',#3665,#3666);
#3665 = CARTESIAN_POINT('',(-85.,-64.,40.));
#3666 = VECTOR('',#3667,1.);
#3667 = DIRECTION('',(0.,0.,1.));
#3668 = ORIENTED_EDGE('',*,*,#3031,.T.);
#3669 = ORIENTED_EDGE('',*,*,#3670,.F.);
#3670 = EDGE_CURVE('',#3056,#3032,#3671,.T.);
#3671 = LINE('',#3672,#3673);
#3672 = CARTESIAN_POINT('',(-80.5,-64.,40.));
#3673 = VECTOR('',#3674,1.);
#3674 = DIRECTION('',(0.,0.,1.));
#3675 = PLANE('',#3676);
#3676 = AXIS2_PLACEMENT_3D('',#3677,#3678,#3679);
#3677 = CARTESIAN_POINT('',(-85.,-64.,40.));
#3678 = DIRECTION('',(0.,1.,0.));
#3679 = DIRECTION('',(0.,0.,1.));
#3680 = ADVANCED_FACE('',(#3681),#3697,.F.);
#3681 = FACE_BOUND('',#3682,.F.);
#3682 = EDGE_LOOP('',(#3683,#3684,#3690,#3691));
#3683 = ORIENTED_EDGE('',*,*,#3125,.F.);
#3684 = ORIENTED_EDGE('',*,*,#3685,.T.);
#3685 = EDGE_CURVE('',#3126,#3086,#3686,.T.);
#3686 = LINE('',#3687,#3688);
#3687 = CARTESIAN_POINT('',(80.5,-64.,40.));
#3688 = VECTOR('',#3689,1.);
#3689 = DIRECTION('',(0.,0.,1.));
#3690 = ORIENTED_EDGE('',*,*,#3093,.T.);
#3691 = ORIENTED_EDGE('',*,*,#3692,.F.);
#3692 = EDGE_CURVE('',#3118,#3094,#3693,.T.);
#3693 = LINE('',#3694,#3695);
#3694 = CARTESIAN_POINT('',(85.,-64.,40.));
#3695 = VECTOR('',#3696,1.);
#3696 = DIRECTION('',(0.,0.,1.));
#3697 = PLANE('',#3698);
#3698 = AXIS2_PLACEMENT_3D('',#3699,#3700,#3701);
#3699 = CARTESIAN_POINT('',(80.5,-64.,40.));
#3700 = DIRECTION('',(0.,1.,0.));
#3701 = DIRECTION('',(0.,0.,1.));
#3702 = ADVANCED_FACE('',(#3703),#3728,.F.);
#3703 = FACE_BOUND('',#3704,.F.);
#3704 = EDGE_LOOP('',(#3705,#3706,#3714,#3722));
#3705 = ORIENTED_EDGE('',*,*,#3248,.F.);
#3706 = ORIENTED_EDGE('',*,*,#3707,.T.);
#3707 = EDGE_CURVE('',#3249,#3708,#3710,.T.);
#3708 = VERTEX_POINT('',#3709);
#3709 = CARTESIAN_POINT('',(76.,-47.,133.));
#3710 = LINE('',#3711,#3712);
#3711 = CARTESIAN_POINT('',(76.,-56.,133.));
#3712 = VECTOR('',#3713,1.);
#3713 = DIRECTION('',(0.,1.,0.));
#3714 = ORIENTED_EDGE('',*,*,#3715,.T.);
#3715 = EDGE_CURVE('',#3708,#3716,#3718,.T.);
#3716 = VERTEX_POINT('',#3717);
#3717 = CARTESIAN_POINT('',(76.,-47.,145.));
#3718 = LINE('',#3719,#3720);
#3719 = CARTESIAN_POINT('',(76.,-47.,133.));
#3720 = VECTOR('',#3721,1.);
#3721 = DIRECTION('',(0.,0.,1.));
#3722 = ORIENTED_EDGE('',*,*,#3723,.F.);
#3723 = EDGE_CURVE('',#3241,#3716,#3724,.T.);
#3724 = LINE('',#3725,#3726);
#3725 = CARTESIAN_POINT('',(76.,-56.,145.));
#3726 = VECTOR('',#3727,1.);
#3727 = DIRECTION('',(0.,1.,0.));
#3728 = PLANE('',#3729);
#3729 = AXIS2_PLACEMENT_3D('',#3730,#3731,#3732);
#3730 = CARTESIAN_POINT('',(76.,-56.,133.));
#3731 = DIRECTION('',(1.,0.,0.));
#3732 = DIRECTION('',(0.,0.,1.));
#3733 = ADVANCED_FACE('',(#3734),#3750,.T.);
#3734 = FACE_BOUND('',#3735,.T.);
#3735 = EDGE_LOOP('',(#3736,#3742,#3743,#3749));
#3736 = ORIENTED_EDGE('',*,*,#3737,.F.);
#3737 = EDGE_CURVE('',#3708,#3320,#3738,.T.);
#3738 = LINE('',#3739,#3740);
#3739 = CARTESIAN_POINT('',(76.,-47.,133.));
#3740 = VECTOR('',#3741,1.);
#3741 = DIRECTION('',(1.,0.,0.));
#3742 = ORIENTED_EDGE('',*,*,#3715,.T.);
#3743 = ORIENTED_EDGE('',*,*,#3744,.T.);
#3744 = EDGE_CURVE('',#3716,#3312,#3745,.T.);
#3745 = LINE('',#3746,#3747);
#3746 = CARTESIAN_POINT('',(76.,-47.,145.));
#3747 = VECTOR('',#3748,1.);
#3748 = DIRECTION('',(1.,0.,0.));
#3749 = ORIENTED_EDGE('',*,*,#3319,.F.);
#3750 = PLANE('',#3751);
#3751 = AXIS2_PLACEMENT_3D('',#3752,#3753,#3754);
#3752 = CARTESIAN_POINT('',(76.,-47.,133.));
#3753 = DIRECTION('',(0.,1.,0.));
#3754 = DIRECTION('',(0.,0.,1.));
#3755 = ADVANCED_FACE('',(#3756),#3762,.F.);
#3756 = FACE_BOUND('',#3757,.F.);
#3757 = EDGE_LOOP('',(#3758,#3759,#3760,#3761));
#3758 = ORIENTED_EDGE('',*,*,#3707,.F.);
#3759 = ORIENTED_EDGE('',*,*,#3256,.T.);
#3760 = ORIENTED_EDGE('',*,*,#3327,.T.);
#3761 = ORIENTED_EDGE('',*,*,#3737,.F.);
#3762 = PLANE('',#3763);
#3763 = AXIS2_PLACEMENT_3D('',#3764,#3765,#3766);
#3764 = CARTESIAN_POINT('',(76.,-56.,133.));
#3765 = DIRECTION('',(0.,0.,1.));
#3766 = DIRECTION('',(1.,0.,0.));
#3767 = ADVANCED_FACE('',(#3768),#3793,.T.);
#3768 = FACE_BOUND('',#3769,.T.);
#3769 = EDGE_LOOP('',(#3770,#3771,#3779,#3787));
#3770 = ORIENTED_EDGE('',*,*,#3232,.F.);
#3771 = ORIENTED_EDGE('',*,*,#3772,.T.);
#3772 = EDGE_CURVE('',#3225,#3773,#3775,.T.);
#3773 = VERTEX_POINT('',#3774);
#3774 = CARTESIAN_POINT('',(-76.,-47.,133.));
#3775 = LINE('',#3776,#3777);
#3776 = CARTESIAN_POINT('',(-76.,-56.,133.));
#3777 = VECTOR('',#3778,1.);
#3778 = DIRECTION('',(0.,1.,0.));
#3779 = ORIENTED_EDGE('',*,*,#3780,.T.);
#3780 = EDGE_CURVE('',#3773,#3781,#3783,.T.);
#3781 = VERTEX_POINT('',#3782);
#3782 = CARTESIAN_POINT('',(-76.,-47.,145.));
#3783 = LINE('',#3784,#3785);
#3784 = CARTESIAN_POINT('',(-76.,-47.,133.));
#3785 = VECTOR('',#3786,1.);
#3786 = DIRECTION('',(0.,0.,1.));
#3787 = ORIENTED_EDGE('',*,*,#3788,.F.);
#3788 = EDGE_CURVE('',#3233,#3781,#3789,.T.);
#3789 = LINE('',#3790,#3791);
#3790 = CARTESIAN_POINT('',(-76.,-56.,145.));
#3791 = VECTOR('',#3792,1.);
#3792 = DIRECTION('',(0.,1.,0.));
#3793 = PLANE('',#3794);
#3794 = AXIS2_PLACEMENT_3D('',#3795,#3796,#3797);
#3795 = CARTESIAN_POINT('',(-76.,-56.,133.));
#3796 = DIRECTION('',(1.,0.,0.));
#3797 = DIRECTION('',(0.,0.,1.));
#3798 = ADVANCED_FACE('',(#3799),#3810,.F.);
#3799 = FACE_BOUND('',#3800,.F.);
#3800 = EDGE_LOOP('',(#3801,#3802,#3803,#3804));
#3801 = ORIENTED_EDGE('',*,*,#3451,.F.);
#3802 = ORIENTED_EDGE('',*,*,#3224,.T.);
#3803 = ORIENTED_EDGE('',*,*,#3772,.T.);
#3804 = ORIENTED_EDGE('',*,*,#3805,.F.);
#3805 = EDGE_CURVE('',#3444,#3773,#3806,.T.);
#3806 = LINE('',#3807,#3808);
#3807 = CARTESIAN_POINT('',(-85.,-47.,133.));
#3808 = VECTOR('',#3809,1.);
#3809 = DIRECTION('',(1.,0.,0.));
#3810 = PLANE('',#3811);
#3811 = AXIS2_PLACEMENT_3D('',#3812,#3813,#3814);
#3812 = CARTESIAN_POINT('',(-85.,-56.,133.));
#3813 = DIRECTION('',(0.,0.,1.));
#3814 = DIRECTION('',(1.,0.,0.));
#3815 = ADVANCED_FACE('',(#3816),#3827,.T.);
#3816 = FACE_BOUND('',#3817,.T.);
#3817 = EDGE_LOOP('',(#3818,#3819,#3820,#3826));
#3818 = ORIENTED_EDGE('',*,*,#3805,.F.);
#3819 = ORIENTED_EDGE('',*,*,#3443,.T.);
#3820 = ORIENTED_EDGE('',*,*,#3821,.T.);
#3821 = EDGE_CURVE('',#3436,#3781,#3822,.T.);
#3822 = LINE('',#3823,#3824);
#3823 = CARTESIAN_POINT('',(-85.,-47.,145.));
#3824 = VECTOR('',#3825,1.);
#3825 = DIRECTION('',(1.,0.,0.));
#3826 = ORIENTED_EDGE('',*,*,#3780,.F.);
#3827 = PLANE('',#3828);
#3828 = AXIS2_PLACEMENT_3D('',#3829,#3830,#3831);
#3829 = CARTESIAN_POINT('',(-85.,-47.,133.));
#3830 = DIRECTION('',(0.,1.,0.));
#3831 = DIRECTION('',(0.,0.,1.));
#3832 = ADVANCED_FACE('',(#3833),#3858,.F.);
#3833 = FACE_BOUND('',#3834,.F.);
#3834 = EDGE_LOOP('',(#3835,#3843,#3851,#3857));
#3835 = ORIENTED_EDGE('',*,*,#3836,.F.);
#3836 = EDGE_CURVE('',#3837,#3296,#3839,.T.);
#3837 = VERTEX_POINT('',#3838);
#3838 = CARTESIAN_POINT('',(76.,47.,133.));
#3839 = LINE('',#3840,#3841);
#3840 = CARTESIAN_POINT('',(76.,47.,133.));
#3841 = VECTOR('',#3842,1.);
#3842 = DIRECTION('',(1.,0.,0.));
#3843 = ORIENTED_EDGE('',*,*,#3844,.T.);
#3844 = EDGE_CURVE('',#3837,#3845,#3847,.T.);
#3845 = VERTEX_POINT('',#3846);
#3846 = CARTESIAN_POINT('',(76.,47.,145.));
#3847 = LINE('',#3848,#3849);
#3848 = CARTESIAN_POINT('',(76.,47.,133.));
#3849 = VECTOR('',#3850,1.);
#3850 = DIRECTION('',(0.,0.,1.));
#3851 = ORIENTED_EDGE('',*,*,#3852,.T.);
#3852 = EDGE_CURVE('',#3845,#3304,#3853,.T.);
#3853 = LINE('',#3854,#3855);
#3854 = CARTESIAN_POINT('',(76.,47.,145.));
#3855 = VECTOR('',#3856,1.);
#3856 = DIRECTION('',(1.,0.,0.));
#3857 = ORIENTED_EDGE('',*,*,#3303,.F.);
#3858 = PLANE('',#3859);
#3859 = AXIS2_PLACEMENT_3D('',#3860,#3861,#3862);
#3860 = CARTESIAN_POINT('',(76.,47.,133.));
#3861 = DIRECTION('',(0.,1.,0.));
#3862 = DIRECTION('',(0.,0.,1.));
#3863 = ADVANCED_FACE('',(#3864),#3875,.F.);
#3864 = FACE_BOUND('',#3865,.F.);
#3865 = EDGE_LOOP('',(#3866,#3872,#3873,#3874));
#3866 = ORIENTED_EDGE('',*,*,#3867,.F.);
#3867 = EDGE_CURVE('',#3837,#3391,#3868,.T.);
#3868 = LINE('',#3869,#3870);
#3869 = CARTESIAN_POINT('',(76.,47.,133.));
#3870 = VECTOR('',#3871,1.);
#3871 = DIRECTION('',(0.,1.,0.));
#3872 = ORIENTED_EDGE('',*,*,#3836,.T.);
#3873 = ORIENTED_EDGE('',*,*,#3295,.T.);
#3874 = ORIENTED_EDGE('',*,*,#3398,.F.);
#3875 = PLANE('',#3876);
#3876 = AXIS2_PLACEMENT_3D('',#3877,#3878,#3879);
#3877 = CARTESIAN_POINT('',(76.,47.,133.));
#3878 = DIRECTION('',(0.,0.,1.));
#3879 = DIRECTION('',(1.,0.,0.));
#3880 = ADVANCED_FACE('',(#3881),#3892,.F.);
#3881 = FACE_BOUND('',#3882,.F.);
#3882 = EDGE_LOOP('',(#3883,#3884,#3885,#3886));
#3883 = ORIENTED_EDGE('',*,*,#3844,.F.);
#3884 = ORIENTED_EDGE('',*,*,#3867,.T.);
#3885 = ORIENTED_EDGE('',*,*,#3390,.T.);
#3886 = ORIENTED_EDGE('',*,*,#3887,.F.);
#3887 = EDGE_CURVE('',#3845,#3383,#3888,.T.);
#3888 = LINE('',#3889,#3890);
#3889 = CARTESIAN_POINT('',(76.,47.,145.));
#3890 = VECTOR('',#3891,1.);
#3891 = DIRECTION('',(0.,1.,0.));
#3892 = PLANE('',#3893);
#3893 = AXIS2_PLACEMENT_3D('',#3894,#3895,#3896);
#3894 = CARTESIAN_POINT('',(76.,47.,133.));
#3895 = DIRECTION('',(1.,0.,0.));
#3896 = DIRECTION('',(0.,0.,1.));
#3897 = ADVANCED_FACE('',(#3898),#3923,.T.);
#3898 = FACE_BOUND('',#3899,.T.);
#3899 = EDGE_LOOP('',(#3900,#3910,#3916,#3917));
#3900 = ORIENTED_EDGE('',*,*,#3901,.F.);
#3901 = EDGE_CURVE('',#3902,#3904,#3906,.T.);
#3902 = VERTEX_POINT('',#3903);
#3903 = CARTESIAN_POINT('',(-76.,47.,133.));
#3904 = VERTEX_POINT('',#3905);
#3905 = CARTESIAN_POINT('',(-76.,47.,145.));
#3906 = LINE('',#3907,#3908);
#3907 = CARTESIAN_POINT('',(-76.,47.,133.));
#3908 = VECTOR('',#3909,1.);
#3909 = DIRECTION('',(0.,0.,1.));
#3910 = ORIENTED_EDGE('',*,*,#3911,.T.);
#3911 = EDGE_CURVE('',#3902,#3367,#3912,.T.);
#3912 = LINE('',#3913,#3914);
#3913 = CARTESIAN_POINT('',(-76.,47.,133.));
#3914 = VECTOR('',#3915,1.);
#3915 = DIRECTION('',(0.,1.,0.));
#3916 = ORIENTED_EDGE('',*,*,#3374,.T.);
#3917 = ORIENTED_EDGE('',*,*,#3918,.F.);
#3918 = EDGE_CURVE('',#3904,#3375,#3919,.T.);
#3919 = LINE('',#3920,#3921);
#3920 = CARTESIAN_POINT('',(-76.,47.,145.));
#3921 = VECTOR('',#3922,1.);
#3922 = DIRECTION('',(0.,1.,0.));
#3923 = PLANE('',#3924);
#3924 = AXIS2_PLACEMENT_3D('',#3925,#3926,#3927);
#3925 = CARTESIAN_POINT('',(-76.,47.,133.));
#3926 = DIRECTION('',(1.,0.,0.));
#3927 = DIRECTION('',(0.,0.,1.));
#3928 = ADVANCED_FACE('',(#3929),#3940,.F.);
#3929 = FACE_BOUND('',#3930,.F.);
#3930 = EDGE_LOOP('',(#3931,#3932,#3938,#3939));
#3931 = ORIENTED_EDGE('',*,*,#3419,.F.);
#3932 = ORIENTED_EDGE('',*,*,#3933,.T.);
#3933 = EDGE_CURVE('',#3420,#3902,#3934,.T.);
#3934 = LINE('',#3935,#3936);
#3935 = CARTESIAN_POINT('',(-85.,47.,133.));
#3936 = VECTOR('',#3937,1.);
#3937 = DIRECTION('',(1.,0.,0.));
#3938 = ORIENTED_EDGE('',*,*,#3911,.T.);
#3939 = ORIENTED_EDGE('',*,*,#3366,.F.);
#3940 = PLANE('',#3941);
#3941 = AXIS2_PLACEMENT_3D('',#3942,#3943,#3944);
#3942 = CARTESIAN_POINT('',(-85.,47.,133.));
#3943 = DIRECTION('',(0.,0.,1.));
#3944 = DIRECTION('',(1.,0.,0.));
#3945 = ADVANCED_FACE('',(#3946),#3957,.F.);
#3946 = FACE_BOUND('',#3947,.F.);
#3947 = EDGE_LOOP('',(#3948,#3949,#3950,#3956));
#3948 = ORIENTED_EDGE('',*,*,#3933,.F.);
#3949 = ORIENTED_EDGE('',*,*,#3427,.T.);
#3950 = ORIENTED_EDGE('',*,*,#3951,.T.);
#3951 = EDGE_CURVE('',#3428,#3904,#3952,.T.);
#3952 = LINE('',#3953,#3954);
#3953 = CARTESIAN_POINT('',(-85.,47.,145.));
#3954 = VECTOR('',#3955,1.);
#3955 = DIRECTION('',(1.,0.,0.));
#3956 = ORIENTED_EDGE('',*,*,#3901,.F.);
#3957 = PLANE('',#3958);
#3958 = AXIS2_PLACEMENT_3D('',#3959,#3960,#3961);
#3959 = CARTESIAN_POINT('',(-85.,47.,133.));
#3960 = DIRECTION('',(0.,1.,0.));
#3961 = DIRECTION('',(0.,0.,1.));
#3962 = ADVANCED_FACE('',(#3963),#3972,.T.);
#3963 = FACE_BOUND('',#3964,.T.);
#3964 = EDGE_LOOP('',(#3965,#3971));
#3965 = ORIENTED_EDGE('',*,*,#3966,.T.);
#3966 = EDGE_CURVE('',#3174,#3166,#3967,.T.);
#3967 = LINE('',#3968,#3969);
#3968 = CARTESIAN_POINT('',(-8.,55.,43.));
#3969 = VECTOR('',#3970,1.);
#3970 = DIRECTION('',(1.,0.,0.));
#3971 = ORIENTED_EDGE('',*,*,#3173,.T.);
#3972 = PLANE('',#3973);
#3973 = AXIS2_PLACEMENT_3D('',#3974,#3975,#3976);
#3974 = CARTESIAN_POINT('',(70.,55.,45.));
#3975 = DIRECTION('',(0.,1.,0.));
#3976 = DIRECTION('',(0.,0.,1.));
#3977 = ADVANCED_FACE('',(#3978),#3996,.T.);
#3978 = FACE_BOUND('',#3979,.T.);
#3979 = EDGE_LOOP('',(#3980,#3981,#3989,#3995));
#3980 = ORIENTED_EDGE('',*,*,#3620,.F.);
#3981 = ORIENTED_EDGE('',*,*,#3982,.T.);
#3982 = EDGE_CURVE('',#3613,#3983,#3985,.T.);
#3983 = VERTEX_POINT('',#3984);
#3984 = CARTESIAN_POINT('',(76.,47.,43.));
#3985 = LINE('',#3986,#3987);
#3986 = CARTESIAN_POINT('',(76.,-57.,43.));
#3987 = VECTOR('',#3988,1.);
#3988 = DIRECTION('',(0.,1.,0.));
#3989 = ORIENTED_EDGE('',*,*,#3990,.F.);
#3990 = EDGE_CURVE('',#3493,#3983,#3991,.T.);
#3991 = LINE('',#3992,#3993);
#3992 = CARTESIAN_POINT('',(31.666666666667,2.666666666667,
    87.333333333333));
#3993 = VECTOR('',#3994,1.);
#3994 = DIRECTION('',(-0.57735026919,-0.57735026919,0.57735026919));
#3995 = ORIENTED_EDGE('',*,*,#3500,.F.);
#3996 = PLANE('',#3997);
#3997 = AXIS2_PLACEMENT_3D('',#3998,#3999,#4000);
#3998 = CARTESIAN_POINT('',(76.,-57.,43.));
#3999 = DIRECTION('',(-0.707106781187,0.,-0.707106781187));
#4000 = DIRECTION('',(0.707106781187,0.,-0.707106781187));
#4001 = ADVANCED_FACE('',(#4002),#4020,.F.);
#4002 = FACE_BOUND('',#4003,.F.);
#4003 = EDGE_LOOP('',(#4004,#4005,#4013,#4019));
#4004 = ORIENTED_EDGE('',*,*,#3524,.F.);
#4005 = ORIENTED_EDGE('',*,*,#4006,.T.);
#4006 = EDGE_CURVE('',#3517,#4007,#4009,.T.);
#4007 = VERTEX_POINT('',#4008);
#4008 = CARTESIAN_POINT('',(-76.,47.,43.));
#4009 = LINE('',#4010,#4011);
#4010 = CARTESIAN_POINT('',(-60.33333333333,31.333333333333,
    58.666666666667));
#4011 = VECTOR('',#4012,1.);
#4012 = DIRECTION('',(0.57735026919,-0.57735026919,0.57735026919));
#4013 = ORIENTED_EDGE('',*,*,#4014,.T.);
#4014 = EDGE_CURVE('',#4007,#3983,#4015,.T.);
#4015 = LINE('',#4016,#4017);
#4016 = CARTESIAN_POINT('',(-86.,47.,43.));
#4017 = VECTOR('',#4018,1.);
#4018 = DIRECTION('',(1.,0.,0.));
#4019 = ORIENTED_EDGE('',*,*,#3990,.F.);
#4020 = PLANE('',#4021);
#4021 = AXIS2_PLACEMENT_3D('',#4022,#4023,#4024);
#4022 = CARTESIAN_POINT('',(-86.,47.,43.));
#4023 = DIRECTION('',(0.,0.707106781187,0.707106781187));
#4024 = DIRECTION('',(0.,0.707106781187,-0.707106781187));
#4025 = ADVANCED_FACE('',(#4026),#4037,.F.);
#4026 = FACE_BOUND('',#4027,.F.);
#4027 = EDGE_LOOP('',(#4028,#4029,#4035,#4036));
#4028 = ORIENTED_EDGE('',*,*,#3604,.T.);
#4029 = ORIENTED_EDGE('',*,*,#4030,.T.);
#4030 = EDGE_CURVE('',#3605,#4007,#4031,.T.);
#4031 = LINE('',#4032,#4033);
#4032 = CARTESIAN_POINT('',(-76.,-57.,43.));
#4033 = VECTOR('',#4034,1.);
#4034 = DIRECTION('',(0.,1.,0.));
#4035 = ORIENTED_EDGE('',*,*,#4006,.F.);
#4036 = ORIENTED_EDGE('',*,*,#3548,.F.);
#4037 = PLANE('',#4038);
#4038 = AXIS2_PLACEMENT_3D('',#4039,#4040,#4041);
#4039 = CARTESIAN_POINT('',(-76.,-57.,43.));
#4040 = DIRECTION('',(-0.707106781187,0.,0.707106781187));
#4041 = DIRECTION('',(-0.707106781187,0.,-0.707106781187));
#4042 = ADVANCED_FACE('',(#4043),#4059,.T.);
#4043 = FACE_BOUND('',#4044,.T.);
#4044 = EDGE_LOOP('',(#4045,#4051,#4052,#4058));
#4045 = ORIENTED_EDGE('',*,*,#4046,.F.);
#4046 = EDGE_CURVE('',#3613,#2519,#4047,.T.);
#4047 = LINE('',#4048,#4049);
#4048 = CARTESIAN_POINT('',(76.,-47.,42.));
#4049 = VECTOR('',#4050,1.);
#4050 = DIRECTION('',(0.,0.,1.));
#4051 = ORIENTED_EDGE('',*,*,#3612,.F.);
#4052 = ORIENTED_EDGE('',*,*,#4053,.T.);
#4053 = EDGE_CURVE('',#3605,#2521,#4054,.T.);
#4054 = LINE('',#4055,#4056);
#4055 = CARTESIAN_POINT('',(-76.,-47.,42.));
#4056 = VECTOR('',#4057,1.);
#4057 = DIRECTION('',(0.,0.,1.));
#4058 = ORIENTED_EDGE('',*,*,#2518,.F.);
#4059 = PLANE('',#4060);
#4060 = AXIS2_PLACEMENT_3D('',#4061,#4062,#4063);
#4061 = CARTESIAN_POINT('',(-76.,-47.,42.));
#4062 = DIRECTION('',(0.,1.,0.));
#4063 = DIRECTION('',(0.,0.,1.));
#4064 = ADVANCED_FACE('',(#4065),#4076,.F.);
#4065 = FACE_BOUND('',#4066,.F.);
#4066 = EDGE_LOOP('',(#4067,#4068,#4069,#4075));
#4067 = ORIENTED_EDGE('',*,*,#4046,.F.);
#4068 = ORIENTED_EDGE('',*,*,#3982,.T.);
#4069 = ORIENTED_EDGE('',*,*,#4070,.T.);
#4070 = EDGE_CURVE('',#3983,#2537,#4071,.T.);
#4071 = LINE('',#4072,#4073);
#4072 = CARTESIAN_POINT('',(76.,47.,42.));
#4073 = VECTOR('',#4074,1.);
#4074 = DIRECTION('',(0.,0.,1.));
#4075 = ORIENTED_EDGE('',*,*,#2544,.F.);
#4076 = PLANE('',#4077);
#4077 = AXIS2_PLACEMENT_3D('',#4078,#4079,#4080);
#4078 = CARTESIAN_POINT('',(76.,-47.,42.));
#4079 = DIRECTION('',(1.,0.,0.));
#4080 = DIRECTION('',(0.,0.,1.));
#4081 = ADVANCED_FACE('',(#4082),#4093,.F.);
#4082 = FACE_BOUND('',#4083,.F.);
#4083 = EDGE_LOOP('',(#4084,#4085,#4086,#4092));
#4084 = ORIENTED_EDGE('',*,*,#4070,.F.);
#4085 = ORIENTED_EDGE('',*,*,#4014,.F.);
#4086 = ORIENTED_EDGE('',*,*,#4087,.T.);
#4087 = EDGE_CURVE('',#4007,#2529,#4088,.T.);
#4088 = LINE('',#4089,#4090);
#4089 = CARTESIAN_POINT('',(-76.,47.,42.));
#4090 = VECTOR('',#4091,1.);
#4091 = DIRECTION('',(0.,0.,1.));
#4092 = ORIENTED_EDGE('',*,*,#2536,.F.);
#4093 = PLANE('',#4094);
#4094 = AXIS2_PLACEMENT_3D('',#4095,#4096,#4097);
#4095 = CARTESIAN_POINT('',(-76.,47.,42.));
#4096 = DIRECTION('',(0.,1.,0.));
#4097 = DIRECTION('',(0.,0.,1.));
#4098 = ADVANCED_FACE('',(#4099),#4105,.T.);
#4099 = FACE_BOUND('',#4100,.T.);
#4100 = EDGE_LOOP('',(#4101,#4102,#4103,#4104));
#4101 = ORIENTED_EDGE('',*,*,#4053,.F.);
#4102 = ORIENTED_EDGE('',*,*,#4030,.T.);
#4103 = ORIENTED_EDGE('',*,*,#4087,.T.);
#4104 = ORIENTED_EDGE('',*,*,#2528,.F.);
#4105 = PLANE('',#4106);
#4106 = AXIS2_PLACEMENT_3D('',#4107,#4108,#4109);
#4107 = CARTESIAN_POINT('',(-76.,-47.,42.));
#4108 = DIRECTION('',(1.,0.,0.));
#4109 = DIRECTION('',(0.,0.,1.));
#4110 = ADVANCED_FACE('',(#4111,#4117,#4131,#4142,#4153,#4164),#4175,.T.
  );
#4111 = FACE_BOUND('',#4112,.T.);
#4112 = EDGE_LOOP('',(#4113,#4114,#4115,#4116));
#4113 = ORIENTED_EDGE('',*,*,#2584,.F.);
#4114 = ORIENTED_EDGE('',*,*,#2607,.T.);
#4115 = ORIENTED_EDGE('',*,*,#3009,.T.);
#4116 = ORIENTED_EDGE('',*,*,#2790,.F.);
#4117 = FACE_BOUND('',#4118,.T.);
#4118 = EDGE_LOOP('',(#4119,#4120,#4121,#4122,#4123,#4124,#4125,#4126,
    #4127,#4128,#4129,#4130));
#4119 = ORIENTED_EDGE('',*,*,#3240,.T.);
#4120 = ORIENTED_EDGE('',*,*,#3788,.T.);
#4121 = ORIENTED_EDGE('',*,*,#3821,.F.);
#4122 = ORIENTED_EDGE('',*,*,#3435,.T.);
#4123 = ORIENTED_EDGE('',*,*,#3951,.T.);
#4124 = ORIENTED_EDGE('',*,*,#3918,.T.);
#4125 = ORIENTED_EDGE('',*,*,#3382,.F.);
#4126 = ORIENTED_EDGE('',*,*,#3887,.F.);
#4127 = ORIENTED_EDGE('',*,*,#3852,.T.);
#4128 = ORIENTED_EDGE('',*,*,#3311,.F.);
#4129 = ORIENTED_EDGE('',*,*,#3744,.F.);
#4130 = ORIENTED_EDGE('',*,*,#3723,.F.);
#4131 = FACE_BOUND('',#4132,.T.);
#4132 = EDGE_LOOP('',(#4133));
#4133 = ORIENTED_EDGE('',*,*,#4134,.F.);
#4134 = EDGE_CURVE('',#4135,#4135,#4137,.T.);
#4135 = VERTEX_POINT('',#4136);
#4136 = CARTESIAN_POINT('',(81.8,-51.5,145.));
#4137 = CIRCLE('',#4138,1.3);
#4138 = AXIS2_PLACEMENT_3D('',#4139,#4140,#4141);
#4139 = CARTESIAN_POINT('',(80.5,-51.5,145.));
#4140 = DIRECTION('',(0.,0.,1.));
#4141 = DIRECTION('',(1.,0.,0.));
#4142 = FACE_BOUND('',#4143,.T.);
#4143 = EDGE_LOOP('',(#4144));
#4144 = ORIENTED_EDGE('',*,*,#4145,.F.);
#4145 = EDGE_CURVE('',#4146,#4146,#4148,.T.);
#4146 = VERTEX_POINT('',#4147);
#4147 = CARTESIAN_POINT('',(-79.2,-51.5,145.));
#4148 = CIRCLE('',#4149,1.3);
#4149 = AXIS2_PLACEMENT_3D('',#4150,#4151,#4152);
#4150 = CARTESIAN_POINT('',(-80.5,-51.5,145.));
#4151 = DIRECTION('',(0.,0.,1.));
#4152 = DIRECTION('',(1.,0.,0.));
#4153 = FACE_BOUND('',#4154,.T.);
#4154 = EDGE_LOOP('',(#4155));
#4155 = ORIENTED_EDGE('',*,*,#4156,.F.);
#4156 = EDGE_CURVE('',#4157,#4157,#4159,.T.);
#4157 = VERTEX_POINT('',#4158);
#4158 = CARTESIAN_POINT('',(81.8,51.5,145.));
#4159 = CIRCLE('',#4160,1.3);
#4160 = AXIS2_PLACEMENT_3D('',#4161,#4162,#4163);
#4161 = CARTESIAN_POINT('',(80.5,51.5,145.));
#4162 = DIRECTION('',(0.,0.,1.));
#4163 = DIRECTION('',(1.,0.,0.));
#4164 = FACE_BOUND('',#4165,.T.);
#4165 = EDGE_LOOP('',(#4166));
#4166 = ORIENTED_EDGE('',*,*,#4167,.F.);
#4167 = EDGE_CURVE('',#4168,#4168,#4170,.T.);
#4168 = VERTEX_POINT('',#4169);
#4169 = CARTESIAN_POINT('',(-79.2,51.5,145.));
#4170 = CIRCLE('',#4171,1.3);
#4171 = AXIS2_PLACEMENT_3D('',#4172,#4173,#4174);
#4172 = CARTESIAN_POINT('',(-80.5,51.5,145.));
#4173 = DIRECTION('',(0.,0.,1.));
#4174 = DIRECTION('',(1.,0.,0.));
#4175 = PLANE('',#4176);
#4176 = AXIS2_PLACEMENT_3D('',#4177,#4178,#4179);
#4177 = CARTESIAN_POINT('',(-88.,-59.,145.));
#4178 = DIRECTION('',(0.,0.,1.));
#4179 = DIRECTION('',(1.,0.,0.));
#4180 = ADVANCED_FACE('',(#4181),#4200,.F.);
#4181 = FACE_BOUND('',#4182,.F.);
#4182 = EDGE_LOOP('',(#4183,#4184,#4192,#4199));
#4183 = ORIENTED_EDGE('',*,*,#4134,.F.);
#4184 = ORIENTED_EDGE('',*,*,#4185,.F.);
#4185 = EDGE_CURVE('',#4186,#4135,#4188,.T.);
#4186 = VERTEX_POINT('',#4187);
#4187 = CARTESIAN_POINT('',(81.8,-51.5,135.));
#4188 = LINE('',#4189,#4190);
#4189 = CARTESIAN_POINT('',(81.8,-51.5,135.));
#4190 = VECTOR('',#4191,1.);
#4191 = DIRECTION('',(0.,0.,1.));
#4192 = ORIENTED_EDGE('',*,*,#4193,.T.);
#4193 = EDGE_CURVE('',#4186,#4186,#4194,.T.);
#4194 = CIRCLE('',#4195,1.3);
#4195 = AXIS2_PLACEMENT_3D('',#4196,#4197,#4198);
#4196 = CARTESIAN_POINT('',(80.5,-51.5,135.));
#4197 = DIRECTION('',(0.,0.,1.));
#4198 = DIRECTION('',(1.,0.,0.));
#4199 = ORIENTED_EDGE('',*,*,#4185,.T.);
#4200 = CYLINDRICAL_SURFACE('',#4201,1.3);
#4201 = AXIS2_PLACEMENT_3D('',#4202,#4203,#4204);
#4202 = CARTESIAN_POINT('',(80.5,-51.5,135.));
#4203 = DIRECTION('',(0.,0.,1.));
#4204 = DIRECTION('',(1.,0.,0.));
#4205 = ADVANCED_FACE('',(#4206),#4209,.T.);
#4206 = FACE_BOUND('',#4207,.F.);
#4207 = EDGE_LOOP('',(#4208));
#4208 = ORIENTED_EDGE('',*,*,#4193,.F.);
#4209 = PLANE('',#4210);
#4210 = AXIS2_PLACEMENT_3D('',#4211,#4212,#4213);
#4211 = CARTESIAN_POINT('',(80.5,-51.5,135.));
#4212 = DIRECTION('',(0.,0.,1.));
#4213 = DIRECTION('',(1.,0.,0.));
#4214 = ADVANCED_FACE('',(#4215),#4234,.F.);
#4215 = FACE_BOUND('',#4216,.F.);
#4216 = EDGE_LOOP('',(#4217,#4218,#4226,#4233));
#4217 = ORIENTED_EDGE('',*,*,#4145,.F.);
#4218 = ORIENTED_EDGE('',*,*,#4219,.F.);
#4219 = EDGE_CURVE('',#4220,#4146,#4222,.T.);
#4220 = VERTEX_POINT('',#4221);
#4221 = CARTESIAN_POINT('',(-79.2,-51.5,135.));
#4222 = LINE('',#4223,#4224);
#4223 = CARTESIAN_POINT('',(-79.2,-51.5,135.));
#4224 = VECTOR('',#4225,1.);
#4225 = DIRECTION('',(0.,0.,1.));
#4226 = ORIENTED_EDGE('',*,*,#4227,.T.);
#4227 = EDGE_CURVE('',#4220,#4220,#4228,.T.);
#4228 = CIRCLE('',#4229,1.3);
#4229 = AXIS2_PLACEMENT_3D('',#4230,#4231,#4232);
#4230 = CARTESIAN_POINT('',(-80.5,-51.5,135.));
#4231 = DIRECTION('',(0.,0.,1.));
#4232 = DIRECTION('',(1.,0.,0.));
#4233 = ORIENTED_EDGE('',*,*,#4219,.T.);
#4234 = CYLINDRICAL_SURFACE('',#4235,1.3);
#4235 = AXIS2_PLACEMENT_3D('',#4236,#4237,#4238);
#4236 = CARTESIAN_POINT('',(-80.5,-51.5,135.));
#4237 = DIRECTION('',(0.,0.,1.));
#4238 = DIRECTION('',(1.,0.,0.));
#4239 = ADVANCED_FACE('',(#4240),#4243,.T.);
#4240 = FACE_BOUND('',#4241,.F.);
#4241 = EDGE_LOOP('',(#4242));
#4242 = ORIENTED_EDGE('',*,*,#4227,.F.);
#4243 = PLANE('',#4244);
#4244 = AXIS2_PLACEMENT_3D('',#4245,#4246,#4247);
#4245 = CARTESIAN_POINT('',(-80.5,-51.5,135.));
#4246 = DIRECTION('',(0.,0.,1.));
#4247 = DIRECTION('',(1.,0.,0.));
#4248 = ADVANCED_FACE('',(#4249),#4268,.F.);
#4249 = FACE_BOUND('',#4250,.F.);
#4250 = EDGE_LOOP('',(#4251,#4252,#4260,#4267));
#4251 = ORIENTED_EDGE('',*,*,#4156,.F.);
#4252 = ORIENTED_EDGE('',*,*,#4253,.F.);
#4253 = EDGE_CURVE('',#4254,#4157,#4256,.T.);
#4254 = VERTEX_POINT('',#4255);
#4255 = CARTESIAN_POINT('',(81.8,51.5,135.));
#4256 = LINE('',#4257,#4258);
#4257 = CARTESIAN_POINT('',(81.8,51.5,135.));
#4258 = VECTOR('',#4259,1.);
#4259 = DIRECTION('',(0.,0.,1.));
#4260 = ORIENTED_EDGE('',*,*,#4261,.T.);
#4261 = EDGE_CURVE('',#4254,#4254,#4262,.T.);
#4262 = CIRCLE('',#4263,1.3);
#4263 = AXIS2_PLACEMENT_3D('',#4264,#4265,#4266);
#4264 = CARTESIAN_POINT('',(80.5,51.5,135.));
#4265 = DIRECTION('',(0.,0.,1.));
#4266 = DIRECTION('',(1.,0.,0.));
#4267 = ORIENTED_EDGE('',*,*,#4253,.T.);
#4268 = CYLINDRICAL_SURFACE('',#4269,1.3);
#4269 = AXIS2_PLACEMENT_3D('',#4270,#4271,#4272);
#4270 = CARTESIAN_POINT('',(80.5,51.5,135.));
#4271 = DIRECTION('',(0.,0.,1.));
#4272 = DIRECTION('',(1.,0.,0.));
#4273 = ADVANCED_FACE('',(#4274),#4277,.T.);
#4274 = FACE_BOUND('',#4275,.F.);
#4275 = EDGE_LOOP('',(#4276));
#4276 = ORIENTED_EDGE('',*,*,#4261,.F.);
#4277 = PLANE('',#4278);
#4278 = AXIS2_PLACEMENT_3D('',#4279,#4280,#4281);
#4279 = CARTESIAN_POINT('',(80.5,51.5,135.));
#4280 = DIRECTION('',(0.,0.,1.));
#4281 = DIRECTION('',(1.,0.,0.));
#4282 = ADVANCED_FACE('',(#4283),#4302,.F.);
#4283 = FACE_BOUND('',#4284,.F.);
#4284 = EDGE_LOOP('',(#4285,#4286,#4294,#4301));
#4285 = ORIENTED_EDGE('',*,*,#4167,.F.);
#4286 = ORIENTED_EDGE('',*,*,#4287,.F.);
#4287 = EDGE_CURVE('',#4288,#4168,#4290,.T.);
#4288 = VERTEX_POINT('',#4289);
#4289 = CARTESIAN_POINT('',(-79.2,51.5,135.));
#4290 = LINE('',#4291,#4292);
#4291 = CARTESIAN_POINT('',(-79.2,51.5,135.));
#4292 = VECTOR('',#4293,1.);
#4293 = DIRECTION('',(0.,0.,1.));
#4294 = ORIENTED_EDGE('',*,*,#4295,.T.);
#4295 = EDGE_CURVE('',#4288,#4288,#4296,.T.);
#4296 = CIRCLE('',#4297,1.3);
#4297 = AXIS2_PLACEMENT_3D('',#4298,#4299,#4300);
#4298 = CARTESIAN_POINT('',(-80.5,51.5,135.));
#4299 = DIRECTION('',(0.,0.,1.));
#4300 = DIRECTION('',(1.,0.,0.));
#4301 = ORIENTED_EDGE('',*,*,#4287,.T.);
#4302 = CYLINDRICAL_SURFACE('',#4303,1.3);
#4303 = AXIS2_PLACEMENT_3D('',#4304,#4305,#4306);
#4304 = CARTESIAN_POINT('',(-80.5,51.5,135.));
#4305 = DIRECTION('',(0.,0.,1.));
#4306 = DIRECTION('',(1.,0.,0.));
#4307 = ADVANCED_FACE('',(#4308),#4311,.T.);
#4308 = FACE_BOUND('',#4309,.F.);
#4309 = EDGE_LOOP('',(#4310));
#4310 = ORIENTED_EDGE('',*,*,#4295,.F.);
#4311 = PLANE('',#4312);
#4312 = AXIS2_PLACEMENT_3D('',#4313,#4314,#4315);
#4313 = CARTESIAN_POINT('',(-80.5,51.5,135.));
#4314 = DIRECTION('',(0.,0.,1.));
#4315 = DIRECTION('',(1.,0.,0.));
#4316 = ADVANCED_FACE('',(#4317,#4323),#4334,.T.);
#4317 = FACE_BOUND('',#4318,.T.);
#4318 = EDGE_LOOP('',(#4319,#4320,#4321,#4322));
#4319 = ORIENTED_EDGE('',*,*,#3663,.T.);
#4320 = ORIENTED_EDGE('',*,*,#3023,.T.);
#4321 = ORIENTED_EDGE('',*,*,#2707,.T.);
#4322 = ORIENTED_EDGE('',*,*,#3071,.T.);
#4323 = FACE_BOUND('',#4324,.T.);
#4324 = EDGE_LOOP('',(#4325));
#4325 = ORIENTED_EDGE('',*,*,#4326,.T.);
#4326 = EDGE_CURVE('',#4327,#4327,#4329,.T.);
#4327 = VERTEX_POINT('',#4328);
#4328 = CARTESIAN_POINT('',(-85.,-61.5,45.));
#4329 = CIRCLE('',#4330,1.);
#4330 = AXIS2_PLACEMENT_3D('',#4331,#4332,#4333);
#4331 = CARTESIAN_POINT('',(-85.,-61.5,44.));
#4332 = DIRECTION('',(1.,0.,-0.));
#4333 = DIRECTION('',(0.,0.,1.));
#4334 = PLANE('',#4335);
#4335 = AXIS2_PLACEMENT_3D('',#4336,#4337,#4338);
#4336 = CARTESIAN_POINT('',(-85.,-61.12202611445,42.232233047034));
#4337 = DIRECTION('',(-1.,-0.,-0.));
#4338 = DIRECTION('',(0.,0.,-1.));
#4339 = ADVANCED_FACE('',(#4340),#4359,.F.);
#4340 = FACE_BOUND('',#4341,.F.);
#4341 = EDGE_LOOP('',(#4342,#4351,#4357,#4358));
#4342 = ORIENTED_EDGE('',*,*,#4343,.F.);
#4343 = EDGE_CURVE('',#4344,#4344,#4346,.T.);
#4344 = VERTEX_POINT('',#4345);
#4345 = CARTESIAN_POINT('',(-80.5,-61.5,45.));
#4346 = CIRCLE('',#4347,1.);
#4347 = AXIS2_PLACEMENT_3D('',#4348,#4349,#4350);
#4348 = CARTESIAN_POINT('',(-80.5,-61.5,44.));
#4349 = DIRECTION('',(1.,0.,-0.));
#4350 = DIRECTION('',(0.,0.,1.));
#4351 = ORIENTED_EDGE('',*,*,#4352,.F.);
#4352 = EDGE_CURVE('',#4327,#4344,#4353,.T.);
#4353 = LINE('',#4354,#4355);
#4354 = CARTESIAN_POINT('',(-85.1,-61.5,45.));
#4355 = VECTOR('',#4356,1.);
#4356 = DIRECTION('',(1.,0.,0.));
#4357 = ORIENTED_EDGE('',*,*,#4326,.T.);
#4358 = ORIENTED_EDGE('',*,*,#4352,.T.);
#4359 = CYLINDRICAL_SURFACE('',#4360,1.);
#4360 = AXIS2_PLACEMENT_3D('',#4361,#4362,#4363);
#4361 = CARTESIAN_POINT('',(-85.1,-61.5,44.));
#4362 = DIRECTION('',(1.,0.,0.));
#4363 = DIRECTION('',(0.,0.,1.));
#4364 = ADVANCED_FACE('',(#4365,#4371),#4374,.T.);
#4365 = FACE_BOUND('',#4366,.T.);
#4366 = EDGE_LOOP('',(#4367,#4368,#4369,#4370));
#4367 = ORIENTED_EDGE('',*,*,#3670,.F.);
#4368 = ORIENTED_EDGE('',*,*,#3055,.F.);
#4369 = ORIENTED_EDGE('',*,*,#2725,.T.);
#4370 = ORIENTED_EDGE('',*,*,#3039,.F.);
#4371 = FACE_BOUND('',#4372,.T.);
#4372 = EDGE_LOOP('',(#4373));
#4373 = ORIENTED_EDGE('',*,*,#4343,.F.);
#4374 = PLANE('',#4375);
#4375 = AXIS2_PLACEMENT_3D('',#4376,#4377,#4378);
#4376 = CARTESIAN_POINT('',(-80.5,-61.12202611445,42.232233047034));
#4377 = DIRECTION('',(1.,0.,0.));
#4378 = DIRECTION('',(0.,0.,1.));
#4379 = ADVANCED_FACE('',(#4380,#4386),#4397,.T.);
#4380 = FACE_BOUND('',#4381,.T.);
#4381 = EDGE_LOOP('',(#4382,#4383,#4384,#4385));
#4382 = ORIENTED_EDGE('',*,*,#3685,.T.);
#4383 = ORIENTED_EDGE('',*,*,#3085,.T.);
#4384 = ORIENTED_EDGE('',*,*,#2741,.T.);
#4385 = ORIENTED_EDGE('',*,*,#3133,.T.);
#4386 = FACE_BOUND('',#4387,.T.);
#4387 = EDGE_LOOP('',(#4388));
#4388 = ORIENTED_EDGE('',*,*,#4389,.T.);
#4389 = EDGE_CURVE('',#4390,#4390,#4392,.T.);
#4390 = VERTEX_POINT('',#4391);
#4391 = CARTESIAN_POINT('',(80.5,-61.5,45.));
#4392 = CIRCLE('',#4393,1.);
#4393 = AXIS2_PLACEMENT_3D('',#4394,#4395,#4396);
#4394 = CARTESIAN_POINT('',(80.5,-61.5,44.));
#4395 = DIRECTION('',(1.,0.,-0.));
#4396 = DIRECTION('',(0.,0.,1.));
#4397 = PLANE('',#4398);
#4398 = AXIS2_PLACEMENT_3D('',#4399,#4400,#4401);
#4399 = CARTESIAN_POINT('',(80.5,-61.12202611445,42.232233047034));
#4400 = DIRECTION('',(-1.,-0.,-0.));
#4401 = DIRECTION('',(0.,0.,-1.));
#4402 = ADVANCED_FACE('',(#4403),#4422,.F.);
#4403 = FACE_BOUND('',#4404,.F.);
#4404 = EDGE_LOOP('',(#4405,#4414,#4420,#4421));
#4405 = ORIENTED_EDGE('',*,*,#4406,.F.);
#4406 = EDGE_CURVE('',#4407,#4407,#4409,.T.);
#4407 = VERTEX_POINT('',#4408);
#4408 = CARTESIAN_POINT('',(85.,-61.5,45.));
#4409 = CIRCLE('',#4410,1.);
#4410 = AXIS2_PLACEMENT_3D('',#4411,#4412,#4413);
#4411 = CARTESIAN_POINT('',(85.,-61.5,44.));
#4412 = DIRECTION('',(1.,0.,-0.));
#4413 = DIRECTION('',(0.,0.,1.));
#4414 = ORIENTED_EDGE('',*,*,#4415,.F.);
#4415 = EDGE_CURVE('',#4390,#4407,#4416,.T.);
#4416 = LINE('',#4417,#4418);
#4417 = CARTESIAN_POINT('',(80.4,-61.5,45.));
#4418 = VECTOR('',#4419,1.);
#4419 = DIRECTION('',(1.,0.,0.));
#4420 = ORIENTED_EDGE('',*,*,#4389,.T.);
#4421 = ORIENTED_EDGE('',*,*,#4415,.T.);
#4422 = CYLINDRICAL_SURFACE('',#4423,1.);
#4423 = AXIS2_PLACEMENT_3D('',#4424,#4425,#4426);
#4424 = CARTESIAN_POINT('',(80.4,-61.5,44.));
#4425 = DIRECTION('',(1.,0.,0.));
#4426 = DIRECTION('',(0.,0.,1.));
#4427 = ADVANCED_FACE('',(#4428,#4434),#4437,.T.);
#4428 = FACE_BOUND('',#4429,.T.);
#4429 = EDGE_LOOP('',(#4430,#4431,#4432,#4433));
#4430 = ORIENTED_EDGE('',*,*,#3692,.F.);
#4431 = ORIENTED_EDGE('',*,*,#3117,.F.);
#4432 = ORIENTED_EDGE('',*,*,#2759,.T.);
#4433 = ORIENTED_EDGE('',*,*,#3101,.F.);
#4434 = FACE_BOUND('',#4435,.T.);
#4435 = EDGE_LOOP('',(#4436));
#4436 = ORIENTED_EDGE('',*,*,#4406,.F.);
#4437 = PLANE('',#4438);
#4438 = AXIS2_PLACEMENT_3D('',#4439,#4440,#4441);
#4439 = CARTESIAN_POINT('',(85.,-61.12202611445,42.232233047034));
#4440 = DIRECTION('',(1.,0.,0.));
#4441 = DIRECTION('',(0.,0.,1.));
#4442 = ADVANCED_FACE('',(#4443,#4453),#4459,.T.);
#4443 = FACE_BOUND('',#4444,.T.);
#4444 = EDGE_LOOP('',(#4445,#4446,#4447,#4448,#4449,#4450,#4451,#4452));
#4445 = ORIENTED_EDGE('',*,*,#3279,.T.);
#4446 = ORIENTED_EDGE('',*,*,#3342,.F.);
#4447 = ORIENTED_EDGE('',*,*,#3165,.F.);
#4448 = ORIENTED_EDGE('',*,*,#3966,.F.);
#4449 = ORIENTED_EDGE('',*,*,#3182,.T.);
#4450 = ORIENTED_EDGE('',*,*,#3350,.F.);
#4451 = ORIENTED_EDGE('',*,*,#3412,.T.);
#4452 = ORIENTED_EDGE('',*,*,#3206,.T.);
#4453 = FACE_BOUND('',#4454,.T.);
#4454 = EDGE_LOOP('',(#4455,#4456,#4457,#4458));
#4455 = ORIENTED_EDGE('',*,*,#2388,.F.);
#4456 = ORIENTED_EDGE('',*,*,#2460,.T.);
#4457 = ORIENTED_EDGE('',*,*,#2490,.T.);
#4458 = ORIENTED_EDGE('',*,*,#2429,.F.);
#4459 = PLANE('',#4460);
#4460 = AXIS2_PLACEMENT_3D('',#4461,#4462,#4463);
#4461 = CARTESIAN_POINT('',(0.247349823322,0.188211773931,43.));
#4462 = DIRECTION('',(0.,0.,1.));
#4463 = DIRECTION('',(1.,0.,0.));
#4464 = ADVANCED_FACE('',(#4465),#4473,.F.);
#4465 = FACE_BOUND('',#4466,.F.);
#4466 = EDGE_LOOP('',(#4467,#4468,#4469,#4470,#4471,#4472));
#4467 = ORIENTED_EDGE('',*,*,#2904,.T.);
#4468 = ORIENTED_EDGE('',*,*,#3588,.F.);
#4469 = ORIENTED_EDGE('',*,*,#3579,.F.);
#4470 = ORIENTED_EDGE('',*,*,#2920,.F.);
#4471 = ORIENTED_EDGE('',*,*,#2690,.T.);
#4472 = ORIENTED_EDGE('',*,*,#2681,.T.);
#4473 = CYLINDRICAL_SURFACE('',#4474,3.1);
#4474 = AXIS2_PLACEMENT_3D('',#4475,#4476,#4477);
#4475 = CARTESIAN_POINT('',(-77.5,-59.01,20.));
#4476 = DIRECTION('',(0.,1.,0.));
#4477 = DIRECTION('',(0.,0.,1.));
#4478 = ADVANCED_FACE('',(#4479),#4487,.F.);
#4479 = FACE_BOUND('',#4480,.F.);
#4480 = EDGE_LOOP('',(#4481,#4482,#4483,#4484,#4485,#4486));
#4481 = ORIENTED_EDGE('',*,*,#2984,.T.);
#4482 = ORIENTED_EDGE('',*,*,#3646,.F.);
#4483 = ORIENTED_EDGE('',*,*,#3637,.F.);
#4484 = ORIENTED_EDGE('',*,*,#2968,.F.);
#4485 = ORIENTED_EDGE('',*,*,#2648,.T.);
#4486 = ORIENTED_EDGE('',*,*,#2639,.T.);
#4487 = CYLINDRICAL_SURFACE('',#4488,3.1);
#4488 = AXIS2_PLACEMENT_3D('',#4489,#4490,#4491);
#4489 = CARTESIAN_POINT('',(77.5,-59.01,20.));
#4490 = DIRECTION('',(0.,1.,0.));
#4491 = DIRECTION('',(0.,0.,1.));
#4492 = MANIFOLD_SOLID_BREP('',#4493);
#4493 = CLOSED_SHELL('',(#4494,#4534,#4565,#4653,#4677,#4758,#4775,#4792
    ,#4809,#4826,#4843,#4860,#4877,#4894));
#4494 = ADVANCED_FACE('',(#4495),#4529,.F.);
#4495 = FACE_BOUND('',#4496,.F.);
#4496 = EDGE_LOOP('',(#4497,#4507,#4515,#4523));
#4497 = ORIENTED_EDGE('',*,*,#4498,.F.);
#4498 = EDGE_CURVE('',#4499,#4501,#4503,.T.);
#4499 = VERTEX_POINT('',#4500);
#4500 = CARTESIAN_POINT('',(-83.7,-54.7,4.4));
#4501 = VERTEX_POINT('',#4502);
#4502 = CARTESIAN_POINT('',(-83.7,-54.7,6.));
#4503 = LINE('',#4504,#4505);
#4504 = CARTESIAN_POINT('',(-83.7,-54.7,4.4));
#4505 = VECTOR('',#4506,1.);
#4506 = DIRECTION('',(0.,0.,1.));
#4507 = ORIENTED_EDGE('',*,*,#4508,.T.);
#4508 = EDGE_CURVE('',#4499,#4509,#4511,.T.);
#4509 = VERTEX_POINT('',#4510);
#4510 = CARTESIAN_POINT('',(-83.7,54.7,4.4));
#4511 = LINE('',#4512,#4513);
#4512 = CARTESIAN_POINT('',(-83.7,-54.7,4.4));
#4513 = VECTOR('',#4514,1.);
#4514 = DIRECTION('',(0.,1.,0.));
#4515 = ORIENTED_EDGE('',*,*,#4516,.T.);
#4516 = EDGE_CURVE('',#4509,#4517,#4519,.T.);
#4517 = VERTEX_POINT('',#4518);
#4518 = CARTESIAN_POINT('',(-83.7,54.7,6.));
#4519 = LINE('',#4520,#4521);
#4520 = CARTESIAN_POINT('',(-83.7,54.7,4.4));
#4521 = VECTOR('',#4522,1.);
#4522 = DIRECTION('',(0.,0.,1.));
#4523 = ORIENTED_EDGE('',*,*,#4524,.F.);
#4524 = EDGE_CURVE('',#4501,#4517,#4525,.T.);
#4525 = LINE('',#4526,#4527);
#4526 = CARTESIAN_POINT('',(-83.7,-54.7,6.));
#4527 = VECTOR('',#4528,1.);
#4528 = DIRECTION('',(0.,1.,0.));
#4529 = PLANE('',#4530);
#4530 = AXIS2_PLACEMENT_3D('',#4531,#4532,#4533);
#4531 = CARTESIAN_POINT('',(-83.7,-54.7,4.4));
#4532 = DIRECTION('',(1.,0.,0.));
#4533 = DIRECTION('',(0.,0.,1.));
#4534 = ADVANCED_FACE('',(#4535),#4560,.F.);
#4535 = FACE_BOUND('',#4536,.F.);
#4536 = EDGE_LOOP('',(#4537,#4545,#4546,#4554));
#4537 = ORIENTED_EDGE('',*,*,#4538,.F.);
#4538 = EDGE_CURVE('',#4499,#4539,#4541,.T.);
#4539 = VERTEX_POINT('',#4540);
#4540 = CARTESIAN_POINT('',(-75.,-54.7,4.4));
#4541 = LINE('',#4542,#4543);
#4542 = CARTESIAN_POINT('',(-83.7,-54.7,4.4));
#4543 = VECTOR('',#4544,1.);
#4544 = DIRECTION('',(1.,0.,0.));
#4545 = ORIENTED_EDGE('',*,*,#4498,.T.);
#4546 = ORIENTED_EDGE('',*,*,#4547,.T.);
#4547 = EDGE_CURVE('',#4501,#4548,#4550,.T.);
#4548 = VERTEX_POINT('',#4549);
#4549 = CARTESIAN_POINT('',(-75.,-54.7,6.));
#4550 = LINE('',#4551,#4552);
#4551 = CARTESIAN_POINT('',(-83.7,-54.7,6.));
#4552 = VECTOR('',#4553,1.);
#4553 = DIRECTION('',(1.,0.,0.));
#4554 = ORIENTED_EDGE('',*,*,#4555,.T.);
#4555 = EDGE_CURVE('',#4548,#4539,#4556,.T.);
#4556 = LINE('',#4557,#4558);
#4557 = CARTESIAN_POINT('',(-75.,-54.7,3.7));
#4558 = VECTOR('',#4559,1.);
#4559 = DIRECTION('',(0.,0.,-1.));
#4560 = PLANE('',#4561);
#4561 = AXIS2_PLACEMENT_3D('',#4562,#4563,#4564);
#4562 = CARTESIAN_POINT('',(-83.7,-54.7,4.4));
#4563 = DIRECTION('',(0.,1.,0.));
#4564 = DIRECTION('',(0.,0.,1.));
#4565 = ADVANCED_FACE('',(#4566),#4648,.T.);
#4566 = FACE_BOUND('',#4567,.T.);
#4567 = EDGE_LOOP('',(#4568,#4576,#4577,#4578,#4586,#4594,#4602,#4610,
    #4618,#4626,#4634,#4642));
#4568 = ORIENTED_EDGE('',*,*,#4569,.F.);
#4569 = EDGE_CURVE('',#4517,#4570,#4572,.T.);
#4570 = VERTEX_POINT('',#4571);
#4571 = CARTESIAN_POINT('',(83.7,54.7,6.));
#4572 = LINE('',#4573,#4574);
#4573 = CARTESIAN_POINT('',(-83.7,54.7,6.));
#4574 = VECTOR('',#4575,1.);
#4575 = DIRECTION('',(1.,0.,0.));
#4576 = ORIENTED_EDGE('',*,*,#4524,.F.);
#4577 = ORIENTED_EDGE('',*,*,#4547,.T.);
#4578 = ORIENTED_EDGE('',*,*,#4579,.T.);
#4579 = EDGE_CURVE('',#4548,#4580,#4582,.T.);
#4580 = VERTEX_POINT('',#4581);
#4581 = CARTESIAN_POINT('',(-75.,-53.3,6.));
#4582 = LINE('',#4583,#4584);
#4583 = CARTESIAN_POINT('',(-75.,-57.35,6.));
#4584 = VECTOR('',#4585,1.);
#4585 = DIRECTION('',(0.,1.,0.));
#4586 = ORIENTED_EDGE('',*,*,#4587,.T.);
#4587 = EDGE_CURVE('',#4580,#4588,#4590,.T.);
#4588 = VERTEX_POINT('',#4589);
#4589 = CARTESIAN_POINT('',(-82.3,-53.3,6.));
#4590 = LINE('',#4591,#4592);
#4591 = CARTESIAN_POINT('',(-83.,-53.3,6.));
#4592 = VECTOR('',#4593,1.);
#4593 = DIRECTION('',(-1.,0.,0.));
#4594 = ORIENTED_EDGE('',*,*,#4595,.T.);
#4595 = EDGE_CURVE('',#4588,#4596,#4598,.T.);
#4596 = VERTEX_POINT('',#4597);
#4597 = CARTESIAN_POINT('',(-82.3,53.3,6.));
#4598 = LINE('',#4599,#4600);
#4599 = CARTESIAN_POINT('',(-82.3,-54.,6.));
#4600 = VECTOR('',#4601,1.);
#4601 = DIRECTION('',(0.,1.,0.));
#4602 = ORIENTED_EDGE('',*,*,#4603,.F.);
#4603 = EDGE_CURVE('',#4604,#4596,#4606,.T.);
#4604 = VERTEX_POINT('',#4605);
#4605 = CARTESIAN_POINT('',(82.3,53.3,6.));
#4606 = LINE('',#4607,#4608);
#4607 = CARTESIAN_POINT('',(-83.,53.3,6.));
#4608 = VECTOR('',#4609,1.);
#4609 = DIRECTION('',(-1.,0.,0.));
#4610 = ORIENTED_EDGE('',*,*,#4611,.F.);
#4611 = EDGE_CURVE('',#4612,#4604,#4614,.T.);
#4612 = VERTEX_POINT('',#4613);
#4613 = CARTESIAN_POINT('',(82.3,-53.3,6.));
#4614 = LINE('',#4615,#4616);
#4615 = CARTESIAN_POINT('',(82.3,-54.,6.));
#4616 = VECTOR('',#4617,1.);
#4617 = DIRECTION('',(0.,1.,0.));
#4618 = ORIENTED_EDGE('',*,*,#4619,.T.);
#4619 = EDGE_CURVE('',#4612,#4620,#4622,.T.);
#4620 = VERTEX_POINT('',#4621);
#4621 = CARTESIAN_POINT('',(75.,-53.3,6.));
#4622 = LINE('',#4623,#4624);
#4623 = CARTESIAN_POINT('',(-83.,-53.3,6.));
#4624 = VECTOR('',#4625,1.);
#4625 = DIRECTION('',(-1.,0.,0.));
#4626 = ORIENTED_EDGE('',*,*,#4627,.F.);
#4627 = EDGE_CURVE('',#4628,#4620,#4630,.T.);
#4628 = VERTEX_POINT('',#4629);
#4629 = CARTESIAN_POINT('',(75.,-54.7,6.));
#4630 = LINE('',#4631,#4632);
#4631 = CARTESIAN_POINT('',(75.,-57.35,6.));
#4632 = VECTOR('',#4633,1.);
#4633 = DIRECTION('',(0.,1.,0.));
#4634 = ORIENTED_EDGE('',*,*,#4635,.T.);
#4635 = EDGE_CURVE('',#4628,#4636,#4638,.T.);
#4636 = VERTEX_POINT('',#4637);
#4637 = CARTESIAN_POINT('',(83.7,-54.7,6.));
#4638 = LINE('',#4639,#4640);
#4639 = CARTESIAN_POINT('',(-83.7,-54.7,6.));
#4640 = VECTOR('',#4641,1.);
#4641 = DIRECTION('',(1.,0.,0.));
#4642 = ORIENTED_EDGE('',*,*,#4643,.T.);
#4643 = EDGE_CURVE('',#4636,#4570,#4644,.T.);
#4644 = LINE('',#4645,#4646);
#4645 = CARTESIAN_POINT('',(83.7,-54.7,6.));
#4646 = VECTOR('',#4647,1.);
#4647 = DIRECTION('',(0.,1.,0.));
#4648 = PLANE('',#4649);
#4649 = AXIS2_PLACEMENT_3D('',#4650,#4651,#4652);
#4650 = CARTESIAN_POINT('',(-83.7,-54.7,6.));
#4651 = DIRECTION('',(0.,0.,1.));
#4652 = DIRECTION('',(1.,0.,0.));
#4653 = ADVANCED_FACE('',(#4654),#4672,.T.);
#4654 = FACE_BOUND('',#4655,.T.);
#4655 = EDGE_LOOP('',(#4656,#4664,#4665,#4666));
#4656 = ORIENTED_EDGE('',*,*,#4657,.F.);
#4657 = EDGE_CURVE('',#4509,#4658,#4660,.T.);
#4658 = VERTEX_POINT('',#4659);
#4659 = CARTESIAN_POINT('',(83.7,54.7,4.4));
#4660 = LINE('',#4661,#4662);
#4661 = CARTESIAN_POINT('',(-83.7,54.7,4.4));
#4662 = VECTOR('',#4663,1.);
#4663 = DIRECTION('',(1.,0.,0.));
#4664 = ORIENTED_EDGE('',*,*,#4516,.T.);
#4665 = ORIENTED_EDGE('',*,*,#4569,.T.);
#4666 = ORIENTED_EDGE('',*,*,#4667,.F.);
#4667 = EDGE_CURVE('',#4658,#4570,#4668,.T.);
#4668 = LINE('',#4669,#4670);
#4669 = CARTESIAN_POINT('',(83.7,54.7,4.4));
#4670 = VECTOR('',#4671,1.);
#4671 = DIRECTION('',(0.,0.,1.));
#4672 = PLANE('',#4673);
#4673 = AXIS2_PLACEMENT_3D('',#4674,#4675,#4676);
#4674 = CARTESIAN_POINT('',(-83.7,54.7,4.4));
#4675 = DIRECTION('',(0.,1.,0.));
#4676 = DIRECTION('',(0.,0.,1.));
#4677 = ADVANCED_FACE('',(#4678),#4753,.F.);
#4678 = FACE_BOUND('',#4679,.F.);
#4679 = EDGE_LOOP('',(#4680,#4681,#4682,#4683,#4691,#4699,#4707,#4715,
    #4723,#4731,#4739,#4747));
#4680 = ORIENTED_EDGE('',*,*,#4657,.F.);
#4681 = ORIENTED_EDGE('',*,*,#4508,.F.);
#4682 = ORIENTED_EDGE('',*,*,#4538,.T.);
#4683 = ORIENTED_EDGE('',*,*,#4684,.T.);
#4684 = EDGE_CURVE('',#4539,#4685,#4687,.T.);
#4685 = VERTEX_POINT('',#4686);
#4686 = CARTESIAN_POINT('',(-75.,-53.3,4.4));
#4687 = LINE('',#4688,#4689);
#4688 = CARTESIAN_POINT('',(-75.,-57.35,4.4));
#4689 = VECTOR('',#4690,1.);
#4690 = DIRECTION('',(0.,1.,0.));
#4691 = ORIENTED_EDGE('',*,*,#4692,.T.);
#4692 = EDGE_CURVE('',#4685,#4693,#4695,.T.);
#4693 = VERTEX_POINT('',#4694);
#4694 = CARTESIAN_POINT('',(-82.3,-53.3,4.4));
#4695 = LINE('',#4696,#4697);
#4696 = CARTESIAN_POINT('',(-83.,-53.3,4.4));
#4697 = VECTOR('',#4698,1.);
#4698 = DIRECTION('',(-1.,0.,0.));
#4699 = ORIENTED_EDGE('',*,*,#4700,.T.);
#4700 = EDGE_CURVE('',#4693,#4701,#4703,.T.);
#4701 = VERTEX_POINT('',#4702);
#4702 = CARTESIAN_POINT('',(-82.3,53.3,4.4));
#4703 = LINE('',#4704,#4705);
#4704 = CARTESIAN_POINT('',(-82.3,-54.,4.4));
#4705 = VECTOR('',#4706,1.);
#4706 = DIRECTION('',(0.,1.,0.));
#4707 = ORIENTED_EDGE('',*,*,#4708,.F.);
#4708 = EDGE_CURVE('',#4709,#4701,#4711,.T.);
#4709 = VERTEX_POINT('',#4710);
#4710 = CARTESIAN_POINT('',(82.3,53.3,4.4));
#4711 = LINE('',#4712,#4713);
#4712 = CARTESIAN_POINT('',(-83.,53.3,4.4));
#4713 = VECTOR('',#4714,1.);
#4714 = DIRECTION('',(-1.,0.,0.));
#4715 = ORIENTED_EDGE('',*,*,#4716,.F.);
#4716 = EDGE_CURVE('',#4717,#4709,#4719,.T.);
#4717 = VERTEX_POINT('',#4718);
#4718 = CARTESIAN_POINT('',(82.3,-53.3,4.4));
#4719 = LINE('',#4720,#4721);
#4720 = CARTESIAN_POINT('',(82.3,-54.,4.4));
#4721 = VECTOR('',#4722,1.);
#4722 = DIRECTION('',(0.,1.,0.));
#4723 = ORIENTED_EDGE('',*,*,#4724,.T.);
#4724 = EDGE_CURVE('',#4717,#4725,#4727,.T.);
#4725 = VERTEX_POINT('',#4726);
#4726 = CARTESIAN_POINT('',(75.,-53.3,4.4));
#4727 = LINE('',#4728,#4729);
#4728 = CARTESIAN_POINT('',(-83.,-53.3,4.4));
#4729 = VECTOR('',#4730,1.);
#4730 = DIRECTION('',(-1.,0.,0.));
#4731 = ORIENTED_EDGE('',*,*,#4732,.F.);
#4732 = EDGE_CURVE('',#4733,#4725,#4735,.T.);
#4733 = VERTEX_POINT('',#4734);
#4734 = CARTESIAN_POINT('',(75.,-54.7,4.4));
#4735 = LINE('',#4736,#4737);
#4736 = CARTESIAN_POINT('',(75.,-57.35,4.4));
#4737 = VECTOR('',#4738,1.);
#4738 = DIRECTION('',(0.,1.,0.));
#4739 = ORIENTED_EDGE('',*,*,#4740,.T.);
#4740 = EDGE_CURVE('',#4733,#4741,#4743,.T.);
#4741 = VERTEX_POINT('',#4742);
#4742 = CARTESIAN_POINT('',(83.7,-54.7,4.4));
#4743 = LINE('',#4744,#4745);
#4744 = CARTESIAN_POINT('',(-83.7,-54.7,4.4));
#4745 = VECTOR('',#4746,1.);
#4746 = DIRECTION('',(1.,0.,0.));
#4747 = ORIENTED_EDGE('',*,*,#4748,.T.);
#4748 = EDGE_CURVE('',#4741,#4658,#4749,.T.);
#4749 = LINE('',#4750,#4751);
#4750 = CARTESIAN_POINT('',(83.7,-54.7,4.4));
#4751 = VECTOR('',#4752,1.);
#4752 = DIRECTION('',(0.,1.,0.));
#4753 = PLANE('',#4754);
#4754 = AXIS2_PLACEMENT_3D('',#4755,#4756,#4757);
#4755 = CARTESIAN_POINT('',(-83.7,-54.7,4.4));
#4756 = DIRECTION('',(0.,0.,1.));
#4757 = DIRECTION('',(1.,0.,0.));
#4758 = ADVANCED_FACE('',(#4759),#4770,.T.);
#4759 = FACE_BOUND('',#4760,.T.);
#4760 = EDGE_LOOP('',(#4761,#4762,#4763,#4764));
#4761 = ORIENTED_EDGE('',*,*,#4579,.F.);
#4762 = ORIENTED_EDGE('',*,*,#4555,.T.);
#4763 = ORIENTED_EDGE('',*,*,#4684,.T.);
#4764 = ORIENTED_EDGE('',*,*,#4765,.F.);
#4765 = EDGE_CURVE('',#4580,#4685,#4766,.T.);
#4766 = LINE('',#4767,#4768);
#4767 = CARTESIAN_POINT('',(-75.,-53.3,3.));
#4768 = VECTOR('',#4769,1.);
#4769 = DIRECTION('',(0.,0.,-1.));
#4770 = PLANE('',#4771);
#4771 = AXIS2_PLACEMENT_3D('',#4772,#4773,#4774);
#4772 = CARTESIAN_POINT('',(-75.,-60.,3.));
#4773 = DIRECTION('',(1.,0.,0.));
#4774 = DIRECTION('',(0.,0.,1.));
#4775 = ADVANCED_FACE('',(#4776),#4787,.T.);
#4776 = FACE_BOUND('',#4777,.T.);
#4777 = EDGE_LOOP('',(#4778,#4784,#4785,#4786));
#4778 = ORIENTED_EDGE('',*,*,#4779,.F.);
#4779 = EDGE_CURVE('',#4741,#4636,#4780,.T.);
#4780 = LINE('',#4781,#4782);
#4781 = CARTESIAN_POINT('',(83.7,-54.7,4.4));
#4782 = VECTOR('',#4783,1.);
#4783 = DIRECTION('',(0.,0.,1.));
#4784 = ORIENTED_EDGE('',*,*,#4748,.T.);
#4785 = ORIENTED_EDGE('',*,*,#4667,.T.);
#4786 = ORIENTED_EDGE('',*,*,#4643,.F.);
#4787 = PLANE('',#4788);
#4788 = AXIS2_PLACEMENT_3D('',#4789,#4790,#4791);
#4789 = CARTESIAN_POINT('',(83.7,-54.7,4.4));
#4790 = DIRECTION('',(1.,0.,0.));
#4791 = DIRECTION('',(0.,0.,1.));
#4792 = ADVANCED_FACE('',(#4793),#4804,.F.);
#4793 = FACE_BOUND('',#4794,.F.);
#4794 = EDGE_LOOP('',(#4795,#4796,#4802,#4803));
#4795 = ORIENTED_EDGE('',*,*,#4740,.F.);
#4796 = ORIENTED_EDGE('',*,*,#4797,.F.);
#4797 = EDGE_CURVE('',#4628,#4733,#4798,.T.);
#4798 = LINE('',#4799,#4800);
#4799 = CARTESIAN_POINT('',(75.,-54.7,3.7));
#4800 = VECTOR('',#4801,1.);
#4801 = DIRECTION('',(0.,0.,-1.));
#4802 = ORIENTED_EDGE('',*,*,#4635,.T.);
#4803 = ORIENTED_EDGE('',*,*,#4779,.F.);
#4804 = PLANE('',#4805);
#4805 = AXIS2_PLACEMENT_3D('',#4806,#4807,#4808);
#4806 = CARTESIAN_POINT('',(-83.7,-54.7,4.4));
#4807 = DIRECTION('',(0.,1.,0.));
#4808 = DIRECTION('',(0.,0.,1.));
#4809 = ADVANCED_FACE('',(#4810),#4821,.F.);
#4810 = FACE_BOUND('',#4811,.F.);
#4811 = EDGE_LOOP('',(#4812,#4813,#4814,#4815));
#4812 = ORIENTED_EDGE('',*,*,#4627,.F.);
#4813 = ORIENTED_EDGE('',*,*,#4797,.T.);
#4814 = ORIENTED_EDGE('',*,*,#4732,.T.);
#4815 = ORIENTED_EDGE('',*,*,#4816,.F.);
#4816 = EDGE_CURVE('',#4620,#4725,#4817,.T.);
#4817 = LINE('',#4818,#4819);
#4818 = CARTESIAN_POINT('',(75.,-53.3,3.));
#4819 = VECTOR('',#4820,1.);
#4820 = DIRECTION('',(0.,0.,-1.));
#4821 = PLANE('',#4822);
#4822 = AXIS2_PLACEMENT_3D('',#4823,#4824,#4825);
#4823 = CARTESIAN_POINT('',(75.,-60.,3.));
#4824 = DIRECTION('',(1.,0.,0.));
#4825 = DIRECTION('',(0.,0.,1.));
#4826 = ADVANCED_FACE('',(#4827),#4838,.T.);
#4827 = FACE_BOUND('',#4828,.T.);
#4828 = EDGE_LOOP('',(#4829,#4835,#4836,#4837));
#4829 = ORIENTED_EDGE('',*,*,#4830,.F.);
#4830 = EDGE_CURVE('',#4717,#4612,#4831,.T.);
#4831 = LINE('',#4832,#4833);
#4832 = CARTESIAN_POINT('',(82.3,-53.3,3.));
#4833 = VECTOR('',#4834,1.);
#4834 = DIRECTION('',(0.,0.,1.));
#4835 = ORIENTED_EDGE('',*,*,#4724,.T.);
#4836 = ORIENTED_EDGE('',*,*,#4816,.F.);
#4837 = ORIENTED_EDGE('',*,*,#4619,.F.);
#4838 = PLANE('',#4839);
#4839 = AXIS2_PLACEMENT_3D('',#4840,#4841,#4842);
#4840 = CARTESIAN_POINT('',(-82.3,-53.3,3.));
#4841 = DIRECTION('',(0.,1.,0.));
#4842 = DIRECTION('',(0.,0.,1.));
#4843 = ADVANCED_FACE('',(#4844),#4855,.F.);
#4844 = FACE_BOUND('',#4845,.F.);
#4845 = EDGE_LOOP('',(#4846,#4847,#4848,#4854));
#4846 = ORIENTED_EDGE('',*,*,#4830,.F.);
#4847 = ORIENTED_EDGE('',*,*,#4716,.T.);
#4848 = ORIENTED_EDGE('',*,*,#4849,.T.);
#4849 = EDGE_CURVE('',#4709,#4604,#4850,.T.);
#4850 = LINE('',#4851,#4852);
#4851 = CARTESIAN_POINT('',(82.3,53.3,3.));
#4852 = VECTOR('',#4853,1.);
#4853 = DIRECTION('',(0.,0.,1.));
#4854 = ORIENTED_EDGE('',*,*,#4611,.F.);
#4855 = PLANE('',#4856);
#4856 = AXIS2_PLACEMENT_3D('',#4857,#4858,#4859);
#4857 = CARTESIAN_POINT('',(82.3,-53.3,3.));
#4858 = DIRECTION('',(1.,0.,0.));
#4859 = DIRECTION('',(0.,0.,1.));
#4860 = ADVANCED_FACE('',(#4861),#4872,.F.);
#4861 = FACE_BOUND('',#4862,.F.);
#4862 = EDGE_LOOP('',(#4863,#4864,#4865,#4871));
#4863 = ORIENTED_EDGE('',*,*,#4849,.F.);
#4864 = ORIENTED_EDGE('',*,*,#4708,.T.);
#4865 = ORIENTED_EDGE('',*,*,#4866,.T.);
#4866 = EDGE_CURVE('',#4701,#4596,#4867,.T.);
#4867 = LINE('',#4868,#4869);
#4868 = CARTESIAN_POINT('',(-82.3,53.3,3.));
#4869 = VECTOR('',#4870,1.);
#4870 = DIRECTION('',(0.,0.,1.));
#4871 = ORIENTED_EDGE('',*,*,#4603,.F.);
#4872 = PLANE('',#4873);
#4873 = AXIS2_PLACEMENT_3D('',#4874,#4875,#4876);
#4874 = CARTESIAN_POINT('',(-82.3,53.3,3.));
#4875 = DIRECTION('',(0.,1.,0.));
#4876 = DIRECTION('',(0.,0.,1.));
#4877 = ADVANCED_FACE('',(#4878),#4889,.T.);
#4878 = FACE_BOUND('',#4879,.T.);
#4879 = EDGE_LOOP('',(#4880,#4886,#4887,#4888));
#4880 = ORIENTED_EDGE('',*,*,#4881,.F.);
#4881 = EDGE_CURVE('',#4693,#4588,#4882,.T.);
#4882 = LINE('',#4883,#4884);
#4883 = CARTESIAN_POINT('',(-82.3,-53.3,3.));
#4884 = VECTOR('',#4885,1.);
#4885 = DIRECTION('',(0.,0.,1.));
#4886 = ORIENTED_EDGE('',*,*,#4700,.T.);
#4887 = ORIENTED_EDGE('',*,*,#4866,.T.);
#4888 = ORIENTED_EDGE('',*,*,#4595,.F.);
#4889 = PLANE('',#4890);
#4890 = AXIS2_PLACEMENT_3D('',#4891,#4892,#4893);
#4891 = CARTESIAN_POINT('',(-82.3,-53.3,3.));
#4892 = DIRECTION('',(1.,0.,0.));
#4893 = DIRECTION('',(0.,0.,1.));
#4894 = ADVANCED_FACE('',(#4895),#4901,.T.);
#4895 = FACE_BOUND('',#4896,.T.);
#4896 = EDGE_LOOP('',(#4897,#4898,#4899,#4900));
#4897 = ORIENTED_EDGE('',*,*,#4765,.T.);
#4898 = ORIENTED_EDGE('',*,*,#4692,.T.);
#4899 = ORIENTED_EDGE('',*,*,#4881,.T.);
#4900 = ORIENTED_EDGE('',*,*,#4587,.F.);
#4901 = PLANE('',#4902);
#4902 = AXIS2_PLACEMENT_3D('',#4903,#4904,#4905);
#4903 = CARTESIAN_POINT('',(-82.3,-53.3,3.));
#4904 = DIRECTION('',(0.,1.,0.));
#4905 = DIRECTION('',(0.,0.,1.));
#4906 = MANIFOLD_SOLID_BREP('',#4907);
#4907 = CLOSED_SHELL('',(#4908,#4948,#4979,#5136,#5160,#5310,#5322,#5339
    ,#5356,#5373,#5390,#5407,#5424,#5441,#5458,#5480,#5497,#5514,#5526)
  );
#4908 = ADVANCED_FACE('',(#4909),#4943,.F.);
#4909 = FACE_BOUND('',#4910,.F.);
#4910 = EDGE_LOOP('',(#4911,#4921,#4929,#4937));
#4911 = ORIENTED_EDGE('',*,*,#4912,.F.);
#4912 = EDGE_CURVE('',#4913,#4915,#4917,.T.);
#4913 = VERTEX_POINT('',#4914);
#4914 = CARTESIAN_POINT('',(-88.,-59.,145.));
#4915 = VERTEX_POINT('',#4916);
#4916 = CARTESIAN_POINT('',(-88.,-59.,148.));
#4917 = LINE('',#4918,#4919);
#4918 = CARTESIAN_POINT('',(-88.,-59.,145.));
#4919 = VECTOR('',#4920,1.);
#4920 = DIRECTION('',(0.,0.,1.));
#4921 = ORIENTED_EDGE('',*,*,#4922,.T.);
#4922 = EDGE_CURVE('',#4913,#4923,#4925,.T.);
#4923 = VERTEX_POINT('',#4924);
#4924 = CARTESIAN_POINT('',(-88.,59.,145.));
#4925 = LINE('',#4926,#4927);
#4926 = CARTESIAN_POINT('',(-88.,-59.,145.));
#4927 = VECTOR('',#4928,1.);
#4928 = DIRECTION('',(0.,1.,0.));
#4929 = ORIENTED_EDGE('',*,*,#4930,.T.);
#4930 = EDGE_CURVE('',#4923,#4931,#4933,.T.);
#4931 = VERTEX_POINT('',#4932);
#4932 = CARTESIAN_POINT('',(-88.,59.,148.));
#4933 = LINE('',#4934,#4935);
#4934 = CARTESIAN_POINT('',(-88.,59.,145.));
#4935 = VECTOR('',#4936,1.);
#4936 = DIRECTION('',(0.,0.,1.));
#4937 = ORIENTED_EDGE('',*,*,#4938,.F.);
#4938 = EDGE_CURVE('',#4915,#4931,#4939,.T.);
#4939 = LINE('',#4940,#4941);
#4940 = CARTESIAN_POINT('',(-88.,-59.,148.));
#4941 = VECTOR('',#4942,1.);
#4942 = DIRECTION('',(0.,1.,0.));
#4943 = PLANE('',#4944);
#4944 = AXIS2_PLACEMENT_3D('',#4945,#4946,#4947);
#4945 = CARTESIAN_POINT('',(-88.,-59.,145.));
#4946 = DIRECTION('',(1.,0.,0.));
#4947 = DIRECTION('',(0.,0.,1.));
#4948 = ADVANCED_FACE('',(#4949),#4974,.F.);
#4949 = FACE_BOUND('',#4950,.F.);
#4950 = EDGE_LOOP('',(#4951,#4959,#4960,#4968));
#4951 = ORIENTED_EDGE('',*,*,#4952,.F.);
#4952 = EDGE_CURVE('',#4913,#4953,#4955,.T.);
#4953 = VERTEX_POINT('',#4954);
#4954 = CARTESIAN_POINT('',(88.,-59.,145.));
#4955 = LINE('',#4956,#4957);
#4956 = CARTESIAN_POINT('',(-88.,-59.,145.));
#4957 = VECTOR('',#4958,1.);
#4958 = DIRECTION('',(1.,0.,0.));
#4959 = ORIENTED_EDGE('',*,*,#4912,.T.);
#4960 = ORIENTED_EDGE('',*,*,#4961,.T.);
#4961 = EDGE_CURVE('',#4915,#4962,#4964,.T.);
#4962 = VERTEX_POINT('',#4963);
#4963 = CARTESIAN_POINT('',(88.,-59.,148.));
#4964 = LINE('',#4965,#4966);
#4965 = CARTESIAN_POINT('',(-88.,-59.,148.));
#4966 = VECTOR('',#4967,1.);
#4967 = DIRECTION('',(1.,0.,0.));
#4968 = ORIENTED_EDGE('',*,*,#4969,.F.);
#4969 = EDGE_CURVE('',#4953,#4962,#4970,.T.);
#4970 = LINE('',#4971,#4972);
#4971 = CARTESIAN_POINT('',(88.,-59.,145.));
#4972 = VECTOR('',#4973,1.);
#4973 = DIRECTION('',(0.,0.,1.));
#4974 = PLANE('',#4975);
#4975 = AXIS2_PLACEMENT_3D('',#4976,#4977,#4978);
#4976 = CARTESIAN_POINT('',(-88.,-59.,145.));
#4977 = DIRECTION('',(0.,1.,0.));
#4978 = DIRECTION('',(0.,0.,1.));
#4979 = ADVANCED_FACE('',(#4980,#4998,#5009,#5020,#5031,#5042,#5053,
    #5064,#5075,#5086,#5120),#5131,.T.);
#4980 = FACE_BOUND('',#4981,.T.);
#4981 = EDGE_LOOP('',(#4982,#4983,#4984,#4992));
#4982 = ORIENTED_EDGE('',*,*,#4938,.F.);
#4983 = ORIENTED_EDGE('',*,*,#4961,.T.);
#4984 = ORIENTED_EDGE('',*,*,#4985,.T.);
#4985 = EDGE_CURVE('',#4962,#4986,#4988,.T.);
#4986 = VERTEX_POINT('',#4987);
#4987 = CARTESIAN_POINT('',(88.,59.,148.));
#4988 = LINE('',#4989,#4990);
#4989 = CARTESIAN_POINT('',(88.,-59.,148.));
#4990 = VECTOR('',#4991,1.);
#4991 = DIRECTION('',(0.,1.,0.));
#4992 = ORIENTED_EDGE('',*,*,#4993,.F.);
#4993 = EDGE_CURVE('',#4931,#4986,#4994,.T.);
#4994 = LINE('',#4995,#4996);
#4995 = CARTESIAN_POINT('',(-88.,59.,148.));
#4996 = VECTOR('',#4997,1.);
#4997 = DIRECTION('',(1.,0.,0.));
#4998 = FACE_BOUND('',#4999,.T.);
#4999 = EDGE_LOOP('',(#5000));
#5000 = ORIENTED_EDGE('',*,*,#5001,.F.);
#5001 = EDGE_CURVE('',#5002,#5002,#5004,.T.);
#5002 = VERTEX_POINT('',#5003);
#5003 = CARTESIAN_POINT('',(-78.8,-51.5,148.));
#5004 = CIRCLE('',#5005,1.7);
#5005 = AXIS2_PLACEMENT_3D('',#5006,#5007,#5008);
#5006 = CARTESIAN_POINT('',(-80.5,-51.5,148.));
#5007 = DIRECTION('',(0.,0.,1.));
#5008 = DIRECTION('',(1.,0.,0.));
#5009 = FACE_BOUND('',#5010,.T.);
#5010 = EDGE_LOOP('',(#5011));
#5011 = ORIENTED_EDGE('',*,*,#5012,.F.);
#5012 = EDGE_CURVE('',#5013,#5013,#5015,.T.);
#5013 = VERTEX_POINT('',#5014);
#5014 = CARTESIAN_POINT('',(-9.5,-6.25,148.));
#5015 = CIRCLE('',#5016,1.);
#5016 = AXIS2_PLACEMENT_3D('',#5017,#5018,#5019);
#5017 = CARTESIAN_POINT('',(-10.5,-6.25,148.));
#5018 = DIRECTION('',(0.,0.,1.));
#5019 = DIRECTION('',(1.,0.,0.));
#5020 = FACE_BOUND('',#5021,.T.);
#5021 = EDGE_LOOP('',(#5022));
#5022 = ORIENTED_EDGE('',*,*,#5023,.F.);
#5023 = EDGE_CURVE('',#5024,#5024,#5026,.T.);
#5024 = VERTEX_POINT('',#5025);
#5025 = CARTESIAN_POINT('',(82.2,-51.5,148.));
#5026 = CIRCLE('',#5027,1.7);
#5027 = AXIS2_PLACEMENT_3D('',#5028,#5029,#5030);
#5028 = CARTESIAN_POINT('',(80.5,-51.5,148.));
#5029 = DIRECTION('',(0.,0.,1.));
#5030 = DIRECTION('',(1.,0.,0.));
#5031 = FACE_BOUND('',#5032,.T.);
#5032 = EDGE_LOOP('',(#5033));
#5033 = ORIENTED_EDGE('',*,*,#5034,.F.);
#5034 = EDGE_CURVE('',#5035,#5035,#5037,.T.);
#5035 = VERTEX_POINT('',#5036);
#5036 = CARTESIAN_POINT('',(11.5,-6.25,148.));
#5037 = CIRCLE('',#5038,1.);
#5038 = AXIS2_PLACEMENT_3D('',#5039,#5040,#5041);
#5039 = CARTESIAN_POINT('',(10.5,-6.25,148.));
#5040 = DIRECTION('',(0.,0.,1.));
#5041 = DIRECTION('',(1.,0.,0.));
#5042 = FACE_BOUND('',#5043,.T.);
#5043 = EDGE_LOOP('',(#5044));
#5044 = ORIENTED_EDGE('',*,*,#5045,.F.);
#5045 = EDGE_CURVE('',#5046,#5046,#5048,.T.);
#5046 = VERTEX_POINT('',#5047);
#5047 = CARTESIAN_POINT('',(-9.5,6.25,148.));
#5048 = CIRCLE('',#5049,1.);
#5049 = AXIS2_PLACEMENT_3D('',#5050,#5051,#5052);
#5050 = CARTESIAN_POINT('',(-10.5,6.25,148.));
#5051 = DIRECTION('',(0.,0.,1.));
#5052 = DIRECTION('',(1.,0.,0.));
#5053 = FACE_BOUND('',#5054,.T.);
#5054 = EDGE_LOOP('',(#5055));
#5055 = ORIENTED_EDGE('',*,*,#5056,.F.);
#5056 = EDGE_CURVE('',#5057,#5057,#5059,.T.);
#5057 = VERTEX_POINT('',#5058);
#5058 = CARTESIAN_POINT('',(-78.8,51.5,148.));
#5059 = CIRCLE('',#5060,1.7);
#5060 = AXIS2_PLACEMENT_3D('',#5061,#5062,#5063);
#5061 = CARTESIAN_POINT('',(-80.5,51.5,148.));
#5062 = DIRECTION('',(0.,0.,1.));
#5063 = DIRECTION('',(1.,0.,0.));
#5064 = FACE_BOUND('',#5065,.T.);
#5065 = EDGE_LOOP('',(#5066));
#5066 = ORIENTED_EDGE('',*,*,#5067,.F.);
#5067 = EDGE_CURVE('',#5068,#5068,#5070,.T.);
#5068 = VERTEX_POINT('',#5069);
#5069 = CARTESIAN_POINT('',(6.,-1.469576158977E-15,148.));
#5070 = CIRCLE('',#5071,6.);
#5071 = AXIS2_PLACEMENT_3D('',#5072,#5073,#5074);
#5072 = CARTESIAN_POINT('',(0.,0.,148.));
#5073 = DIRECTION('',(0.,0.,1.));
#5074 = DIRECTION('',(1.,0.,0.));
#5075 = FACE_BOUND('',#5076,.T.);
#5076 = EDGE_LOOP('',(#5077));
#5077 = ORIENTED_EDGE('',*,*,#5078,.F.);
#5078 = EDGE_CURVE('',#5079,#5079,#5081,.T.);
#5079 = VERTEX_POINT('',#5080);
#5080 = CARTESIAN_POINT('',(11.5,6.25,148.));
#5081 = CIRCLE('',#5082,1.);
#5082 = AXIS2_PLACEMENT_3D('',#5083,#5084,#5085);
#5083 = CARTESIAN_POINT('',(10.5,6.25,148.));
#5084 = DIRECTION('',(0.,0.,1.));
#5085 = DIRECTION('',(1.,0.,0.));
#5086 = FACE_BOUND('',#5087,.T.);
#5087 = EDGE_LOOP('',(#5088,#5098,#5106,#5114));
#5088 = ORIENTED_EDGE('',*,*,#5089,.T.);
#5089 = EDGE_CURVE('',#5090,#5092,#5094,.T.);
#5090 = VERTEX_POINT('',#5091);
#5091 = CARTESIAN_POINT('',(12.,12.5,148.));
#5092 = VERTEX_POINT('',#5093);
#5093 = CARTESIAN_POINT('',(-12.,12.5,148.));
#5094 = LINE('',#5095,#5096);
#5095 = CARTESIAN_POINT('',(-50.,12.5,148.));
#5096 = VECTOR('',#5097,1.);
#5097 = DIRECTION('',(-1.,0.,0.));
#5098 = ORIENTED_EDGE('',*,*,#5099,.T.);
#5099 = EDGE_CURVE('',#5092,#5100,#5102,.T.);
#5100 = VERTEX_POINT('',#5101);
#5101 = CARTESIAN_POINT('',(-12.,15.5,148.));
#5102 = LINE('',#5103,#5104);
#5103 = CARTESIAN_POINT('',(-12.,-23.25,148.));
#5104 = VECTOR('',#5105,1.);
#5105 = DIRECTION('',(0.,1.,0.));
#5106 = ORIENTED_EDGE('',*,*,#5107,.F.);
#5107 = EDGE_CURVE('',#5108,#5100,#5110,.T.);
#5108 = VERTEX_POINT('',#5109);
#5109 = CARTESIAN_POINT('',(12.,15.5,148.));
#5110 = LINE('',#5111,#5112);
#5111 = CARTESIAN_POINT('',(-50.,15.5,148.));
#5112 = VECTOR('',#5113,1.);
#5113 = DIRECTION('',(-1.,0.,0.));
#5114 = ORIENTED_EDGE('',*,*,#5115,.F.);
#5115 = EDGE_CURVE('',#5090,#5108,#5116,.T.);
#5116 = LINE('',#5117,#5118);
#5117 = CARTESIAN_POINT('',(12.,-23.25,148.));
#5118 = VECTOR('',#5119,1.);
#5119 = DIRECTION('',(0.,1.,0.));
#5120 = FACE_BOUND('',#5121,.T.);
#5121 = EDGE_LOOP('',(#5122));
#5122 = ORIENTED_EDGE('',*,*,#5123,.F.);
#5123 = EDGE_CURVE('',#5124,#5124,#5126,.T.);
#5124 = VERTEX_POINT('',#5125);
#5125 = CARTESIAN_POINT('',(82.2,51.5,148.));
#5126 = CIRCLE('',#5127,1.7);
#5127 = AXIS2_PLACEMENT_3D('',#5128,#5129,#5130);
#5128 = CARTESIAN_POINT('',(80.5,51.5,148.));
#5129 = DIRECTION('',(0.,0.,1.));
#5130 = DIRECTION('',(1.,0.,0.));
#5131 = PLANE('',#5132);
#5132 = AXIS2_PLACEMENT_3D('',#5133,#5134,#5135);
#5133 = CARTESIAN_POINT('',(-88.,-59.,148.));
#5134 = DIRECTION('',(0.,0.,1.));
#5135 = DIRECTION('',(1.,0.,0.));
#5136 = ADVANCED_FACE('',(#5137),#5155,.T.);
#5137 = FACE_BOUND('',#5138,.T.);
#5138 = EDGE_LOOP('',(#5139,#5147,#5148,#5149));
#5139 = ORIENTED_EDGE('',*,*,#5140,.F.);
#5140 = EDGE_CURVE('',#4923,#5141,#5143,.T.);
#5141 = VERTEX_POINT('',#5142);
#5142 = CARTESIAN_POINT('',(88.,59.,145.));
#5143 = LINE('',#5144,#5145);
#5144 = CARTESIAN_POINT('',(-88.,59.,145.));
#5145 = VECTOR('',#5146,1.);
#5146 = DIRECTION('',(1.,0.,0.));
#5147 = ORIENTED_EDGE('',*,*,#4930,.T.);
#5148 = ORIENTED_EDGE('',*,*,#4993,.T.);
#5149 = ORIENTED_EDGE('',*,*,#5150,.F.);
#5150 = EDGE_CURVE('',#5141,#4986,#5151,.T.);
#5151 = LINE('',#5152,#5153);
#5152 = CARTESIAN_POINT('',(88.,59.,145.));
#5153 = VECTOR('',#5154,1.);
#5154 = DIRECTION('',(0.,0.,1.));
#5155 = PLANE('',#5156);
#5156 = AXIS2_PLACEMENT_3D('',#5157,#5158,#5159);
#5157 = CARTESIAN_POINT('',(-88.,59.,145.));
#5158 = DIRECTION('',(0.,1.,0.));
#5159 = DIRECTION('',(0.,0.,1.));
#5160 = ADVANCED_FACE('',(#5161,#5172,#5183,#5194,#5205,#5216,#5227,
    #5238,#5249,#5260,#5294),#5305,.F.);
#5161 = FACE_BOUND('',#5162,.F.);
#5162 = EDGE_LOOP('',(#5163,#5164,#5165,#5171));
#5163 = ORIENTED_EDGE('',*,*,#4922,.F.);
#5164 = ORIENTED_EDGE('',*,*,#4952,.T.);
#5165 = ORIENTED_EDGE('',*,*,#5166,.T.);
#5166 = EDGE_CURVE('',#4953,#5141,#5167,.T.);
#5167 = LINE('',#5168,#5169);
#5168 = CARTESIAN_POINT('',(88.,-59.,145.));
#5169 = VECTOR('',#5170,1.);
#5170 = DIRECTION('',(0.,1.,0.));
#5171 = ORIENTED_EDGE('',*,*,#5140,.F.);
#5172 = FACE_BOUND('',#5173,.F.);
#5173 = EDGE_LOOP('',(#5174));
#5174 = ORIENTED_EDGE('',*,*,#5175,.F.);
#5175 = EDGE_CURVE('',#5176,#5176,#5178,.T.);
#5176 = VERTEX_POINT('',#5177);
#5177 = CARTESIAN_POINT('',(-78.8,-51.5,145.));
#5178 = CIRCLE('',#5179,1.7);
#5179 = AXIS2_PLACEMENT_3D('',#5180,#5181,#5182);
#5180 = CARTESIAN_POINT('',(-80.5,-51.5,145.));
#5181 = DIRECTION('',(0.,0.,1.));
#5182 = DIRECTION('',(1.,0.,0.));
#5183 = FACE_BOUND('',#5184,.F.);
#5184 = EDGE_LOOP('',(#5185));
#5185 = ORIENTED_EDGE('',*,*,#5186,.F.);
#5186 = EDGE_CURVE('',#5187,#5187,#5189,.T.);
#5187 = VERTEX_POINT('',#5188);
#5188 = CARTESIAN_POINT('',(-9.5,-6.25,145.));
#5189 = CIRCLE('',#5190,1.);
#5190 = AXIS2_PLACEMENT_3D('',#5191,#5192,#5193);
#5191 = CARTESIAN_POINT('',(-10.5,-6.25,145.));
#5192 = DIRECTION('',(0.,0.,1.));
#5193 = DIRECTION('',(1.,0.,0.));
#5194 = FACE_BOUND('',#5195,.F.);
#5195 = EDGE_LOOP('',(#5196));
#5196 = ORIENTED_EDGE('',*,*,#5197,.F.);
#5197 = EDGE_CURVE('',#5198,#5198,#5200,.T.);
#5198 = VERTEX_POINT('',#5199);
#5199 = CARTESIAN_POINT('',(82.2,-51.5,145.));
#5200 = CIRCLE('',#5201,1.7);
#5201 = AXIS2_PLACEMENT_3D('',#5202,#5203,#5204);
#5202 = CARTESIAN_POINT('',(80.5,-51.5,145.));
#5203 = DIRECTION('',(0.,0.,1.));
#5204 = DIRECTION('',(1.,0.,0.));
#5205 = FACE_BOUND('',#5206,.F.);
#5206 = EDGE_LOOP('',(#5207));
#5207 = ORIENTED_EDGE('',*,*,#5208,.F.);
#5208 = EDGE_CURVE('',#5209,#5209,#5211,.T.);
#5209 = VERTEX_POINT('',#5210);
#5210 = CARTESIAN_POINT('',(11.5,-6.25,145.));
#5211 = CIRCLE('',#5212,1.);
#5212 = AXIS2_PLACEMENT_3D('',#5213,#5214,#5215);
#5213 = CARTESIAN_POINT('',(10.5,-6.25,145.));
#5214 = DIRECTION('',(0.,0.,1.));
#5215 = DIRECTION('',(1.,0.,0.));
#5216 = FACE_BOUND('',#5217,.F.);
#5217 = EDGE_LOOP('',(#5218));
#5218 = ORIENTED_EDGE('',*,*,#5219,.F.);
#5219 = EDGE_CURVE('',#5220,#5220,#5222,.T.);
#5220 = VERTEX_POINT('',#5221);
#5221 = CARTESIAN_POINT('',(-9.5,6.25,145.));
#5222 = CIRCLE('',#5223,1.);
#5223 = AXIS2_PLACEMENT_3D('',#5224,#5225,#5226);
#5224 = CARTESIAN_POINT('',(-10.5,6.25,145.));
#5225 = DIRECTION('',(0.,0.,1.));
#5226 = DIRECTION('',(1.,0.,0.));
#5227 = FACE_BOUND('',#5228,.F.);
#5228 = EDGE_LOOP('',(#5229));
#5229 = ORIENTED_EDGE('',*,*,#5230,.F.);
#5230 = EDGE_CURVE('',#5231,#5231,#5233,.T.);
#5231 = VERTEX_POINT('',#5232);
#5232 = CARTESIAN_POINT('',(-78.8,51.5,145.));
#5233 = CIRCLE('',#5234,1.7);
#5234 = AXIS2_PLACEMENT_3D('',#5235,#5236,#5237);
#5235 = CARTESIAN_POINT('',(-80.5,51.5,145.));
#5236 = DIRECTION('',(0.,0.,1.));
#5237 = DIRECTION('',(1.,0.,0.));
#5238 = FACE_BOUND('',#5239,.F.);
#5239 = EDGE_LOOP('',(#5240));
#5240 = ORIENTED_EDGE('',*,*,#5241,.F.);
#5241 = EDGE_CURVE('',#5242,#5242,#5244,.T.);
#5242 = VERTEX_POINT('',#5243);
#5243 = CARTESIAN_POINT('',(6.,-1.469576158977E-15,145.));
#5244 = CIRCLE('',#5245,6.);
#5245 = AXIS2_PLACEMENT_3D('',#5246,#5247,#5248);
#5246 = CARTESIAN_POINT('',(0.,0.,145.));
#5247 = DIRECTION('',(0.,0.,1.));
#5248 = DIRECTION('',(1.,0.,0.));
#5249 = FACE_BOUND('',#5250,.F.);
#5250 = EDGE_LOOP('',(#5251));
#5251 = ORIENTED_EDGE('',*,*,#5252,.F.);
#5252 = EDGE_CURVE('',#5253,#5253,#5255,.T.);
#5253 = VERTEX_POINT('',#5254);
#5254 = CARTESIAN_POINT('',(11.5,6.25,145.));
#5255 = CIRCLE('',#5256,1.);
#5256 = AXIS2_PLACEMENT_3D('',#5257,#5258,#5259);
#5257 = CARTESIAN_POINT('',(10.5,6.25,145.));
#5258 = DIRECTION('',(0.,0.,1.));
#5259 = DIRECTION('',(1.,0.,0.));
#5260 = FACE_BOUND('',#5261,.F.);
#5261 = EDGE_LOOP('',(#5262,#5272,#5280,#5288));
#5262 = ORIENTED_EDGE('',*,*,#5263,.T.);
#5263 = EDGE_CURVE('',#5264,#5266,#5268,.T.);
#5264 = VERTEX_POINT('',#5265);
#5265 = CARTESIAN_POINT('',(12.,12.5,145.));
#5266 = VERTEX_POINT('',#5267);
#5267 = CARTESIAN_POINT('',(-12.,12.5,145.));
#5268 = LINE('',#5269,#5270);
#5269 = CARTESIAN_POINT('',(-50.,12.5,145.));
#5270 = VECTOR('',#5271,1.);
#5271 = DIRECTION('',(-1.,0.,0.));
#5272 = ORIENTED_EDGE('',*,*,#5273,.T.);
#5273 = EDGE_CURVE('',#5266,#5274,#5276,.T.);
#5274 = VERTEX_POINT('',#5275);
#5275 = CARTESIAN_POINT('',(-12.,15.5,145.));
#5276 = LINE('',#5277,#5278);
#5277 = CARTESIAN_POINT('',(-12.,-23.25,145.));
#5278 = VECTOR('',#5279,1.);
#5279 = DIRECTION('',(0.,1.,0.));
#5280 = ORIENTED_EDGE('',*,*,#5281,.F.);
#5281 = EDGE_CURVE('',#5282,#5274,#5284,.T.);
#5282 = VERTEX_POINT('',#5283);
#5283 = CARTESIAN_POINT('',(12.,15.5,145.));
#5284 = LINE('',#5285,#5286);
#5285 = CARTESIAN_POINT('',(-50.,15.5,145.));
#5286 = VECTOR('',#5287,1.);
#5287 = DIRECTION('',(-1.,0.,0.));
#5288 = ORIENTED_EDGE('',*,*,#5289,.F.);
#5289 = EDGE_CURVE('',#5264,#5282,#5290,.T.);
#5290 = LINE('',#5291,#5292);
#5291 = CARTESIAN_POINT('',(12.,-23.25,145.));
#5292 = VECTOR('',#5293,1.);
#5293 = DIRECTION('',(0.,1.,0.));
#5294 = FACE_BOUND('',#5295,.F.);
#5295 = EDGE_LOOP('',(#5296));
#5296 = ORIENTED_EDGE('',*,*,#5297,.F.);
#5297 = EDGE_CURVE('',#5298,#5298,#5300,.T.);
#5298 = VERTEX_POINT('',#5299);
#5299 = CARTESIAN_POINT('',(82.2,51.5,145.));
#5300 = CIRCLE('',#5301,1.7);
#5301 = AXIS2_PLACEMENT_3D('',#5302,#5303,#5304);
#5302 = CARTESIAN_POINT('',(80.5,51.5,145.));
#5303 = DIRECTION('',(0.,0.,1.));
#5304 = DIRECTION('',(1.,0.,0.));
#5305 = PLANE('',#5306);
#5306 = AXIS2_PLACEMENT_3D('',#5307,#5308,#5309);
#5307 = CARTESIAN_POINT('',(-88.,-59.,145.));
#5308 = DIRECTION('',(0.,0.,1.));
#5309 = DIRECTION('',(1.,0.,0.));
#5310 = ADVANCED_FACE('',(#5311),#5317,.T.);
#5311 = FACE_BOUND('',#5312,.T.);
#5312 = EDGE_LOOP('',(#5313,#5314,#5315,#5316));
#5313 = ORIENTED_EDGE('',*,*,#4969,.F.);
#5314 = ORIENTED_EDGE('',*,*,#5166,.T.);
#5315 = ORIENTED_EDGE('',*,*,#5150,.T.);
#5316 = ORIENTED_EDGE('',*,*,#4985,.F.);
#5317 = PLANE('',#5318);
#5318 = AXIS2_PLACEMENT_3D('',#5319,#5320,#5321);
#5319 = CARTESIAN_POINT('',(88.,-59.,145.));
#5320 = DIRECTION('',(1.,0.,0.));
#5321 = DIRECTION('',(0.,0.,1.));
#5322 = ADVANCED_FACE('',(#5323),#5334,.F.);
#5323 = FACE_BOUND('',#5324,.F.);
#5324 = EDGE_LOOP('',(#5325,#5326,#5332,#5333));
#5325 = ORIENTED_EDGE('',*,*,#5001,.F.);
#5326 = ORIENTED_EDGE('',*,*,#5327,.F.);
#5327 = EDGE_CURVE('',#5176,#5002,#5328,.T.);
#5328 = LINE('',#5329,#5330);
#5329 = CARTESIAN_POINT('',(-78.8,-51.5,144.));
#5330 = VECTOR('',#5331,1.);
#5331 = DIRECTION('',(0.,0.,1.));
#5332 = ORIENTED_EDGE('',*,*,#5175,.T.);
#5333 = ORIENTED_EDGE('',*,*,#5327,.T.);
#5334 = CYLINDRICAL_SURFACE('',#5335,1.7);
#5335 = AXIS2_PLACEMENT_3D('',#5336,#5337,#5338);
#5336 = CARTESIAN_POINT('',(-80.5,-51.5,144.));
#5337 = DIRECTION('',(0.,0.,1.));
#5338 = DIRECTION('',(1.,0.,0.));
#5339 = ADVANCED_FACE('',(#5340),#5351,.F.);
#5340 = FACE_BOUND('',#5341,.F.);
#5341 = EDGE_LOOP('',(#5342,#5343,#5349,#5350));
#5342 = ORIENTED_EDGE('',*,*,#5012,.F.);
#5343 = ORIENTED_EDGE('',*,*,#5344,.F.);
#5344 = EDGE_CURVE('',#5187,#5013,#5345,.T.);
#5345 = LINE('',#5346,#5347);
#5346 = CARTESIAN_POINT('',(-9.5,-6.25,144.));
#5347 = VECTOR('',#5348,1.);
#5348 = DIRECTION('',(0.,0.,1.));
#5349 = ORIENTED_EDGE('',*,*,#5186,.T.);
#5350 = ORIENTED_EDGE('',*,*,#5344,.T.);
#5351 = CYLINDRICAL_SURFACE('',#5352,1.);
#5352 = AXIS2_PLACEMENT_3D('',#5353,#5354,#5355);
#5353 = CARTESIAN_POINT('',(-10.5,-6.25,144.));
#5354 = DIRECTION('',(0.,0.,1.));
#5355 = DIRECTION('',(1.,0.,0.));
#5356 = ADVANCED_FACE('',(#5357),#5368,.F.);
#5357 = FACE_BOUND('',#5358,.F.);
#5358 = EDGE_LOOP('',(#5359,#5360,#5366,#5367));
#5359 = ORIENTED_EDGE('',*,*,#5023,.F.);
#5360 = ORIENTED_EDGE('',*,*,#5361,.F.);
#5361 = EDGE_CURVE('',#5198,#5024,#5362,.T.);
#5362 = LINE('',#5363,#5364);
#5363 = CARTESIAN_POINT('',(82.2,-51.5,144.));
#5364 = VECTOR('',#5365,1.);
#5365 = DIRECTION('',(0.,0.,1.));
#5366 = ORIENTED_EDGE('',*,*,#5197,.T.);
#5367 = ORIENTED_EDGE('',*,*,#5361,.T.);
#5368 = CYLINDRICAL_SURFACE('',#5369,1.7);
#5369 = AXIS2_PLACEMENT_3D('',#5370,#5371,#5372);
#5370 = CARTESIAN_POINT('',(80.5,-51.5,144.));
#5371 = DIRECTION('',(0.,0.,1.));
#5372 = DIRECTION('',(1.,0.,0.));
#5373 = ADVANCED_FACE('',(#5374),#5385,.F.);
#5374 = FACE_BOUND('',#5375,.F.);
#5375 = EDGE_LOOP('',(#5376,#5377,#5383,#5384));
#5376 = ORIENTED_EDGE('',*,*,#5034,.F.);
#5377 = ORIENTED_EDGE('',*,*,#5378,.F.);
#5378 = EDGE_CURVE('',#5209,#5035,#5379,.T.);
#5379 = LINE('',#5380,#5381);
#5380 = CARTESIAN_POINT('',(11.5,-6.25,144.));
#5381 = VECTOR('',#5382,1.);
#5382 = DIRECTION('',(0.,0.,1.));
#5383 = ORIENTED_EDGE('',*,*,#5208,.T.);
#5384 = ORIENTED_EDGE('',*,*,#5378,.T.);
#5385 = CYLINDRICAL_SURFACE('',#5386,1.);
#5386 = AXIS2_PLACEMENT_3D('',#5387,#5388,#5389);
#5387 = CARTESIAN_POINT('',(10.5,-6.25,144.));
#5388 = DIRECTION('',(0.,0.,1.));
#5389 = DIRECTION('',(1.,0.,0.));
#5390 = ADVANCED_FACE('',(#5391),#5402,.F.);
#5391 = FACE_BOUND('',#5392,.F.);
#5392 = EDGE_LOOP('',(#5393,#5394,#5400,#5401));
#5393 = ORIENTED_EDGE('',*,*,#5045,.F.);
#5394 = ORIENTED_EDGE('',*,*,#5395,.F.);
#5395 = EDGE_CURVE('',#5220,#5046,#5396,.T.);
#5396 = LINE('',#5397,#5398);
#5397 = CARTESIAN_POINT('',(-9.5,6.25,144.));
#5398 = VECTOR('',#5399,1.);
#5399 = DIRECTION('',(0.,0.,1.));
#5400 = ORIENTED_EDGE('',*,*,#5219,.T.);
#5401 = ORIENTED_EDGE('',*,*,#5395,.T.);
#5402 = CYLINDRICAL_SURFACE('',#5403,1.);
#5403 = AXIS2_PLACEMENT_3D('',#5404,#5405,#5406);
#5404 = CARTESIAN_POINT('',(-10.5,6.25,144.));
#5405 = DIRECTION('',(0.,0.,1.));
#5406 = DIRECTION('',(1.,0.,0.));
#5407 = ADVANCED_FACE('',(#5408),#5419,.F.);
#5408 = FACE_BOUND('',#5409,.F.);
#5409 = EDGE_LOOP('',(#5410,#5411,#5417,#5418));
#5410 = ORIENTED_EDGE('',*,*,#5056,.F.);
#5411 = ORIENTED_EDGE('',*,*,#5412,.F.);
#5412 = EDGE_CURVE('',#5231,#5057,#5413,.T.);
#5413 = LINE('',#5414,#5415);
#5414 = CARTESIAN_POINT('',(-78.8,51.5,144.));
#5415 = VECTOR('',#5416,1.);
#5416 = DIRECTION('',(0.,0.,1.));
#5417 = ORIENTED_EDGE('',*,*,#5230,.T.);
#5418 = ORIENTED_EDGE('',*,*,#5412,.T.);
#5419 = CYLINDRICAL_SURFACE('',#5420,1.7);
#5420 = AXIS2_PLACEMENT_3D('',#5421,#5422,#5423);
#5421 = CARTESIAN_POINT('',(-80.5,51.5,144.));
#5422 = DIRECTION('',(0.,0.,1.));
#5423 = DIRECTION('',(1.,0.,0.));
#5424 = ADVANCED_FACE('',(#5425),#5436,.F.);
#5425 = FACE_BOUND('',#5426,.F.);
#5426 = EDGE_LOOP('',(#5427,#5428,#5434,#5435));
#5427 = ORIENTED_EDGE('',*,*,#5067,.F.);
#5428 = ORIENTED_EDGE('',*,*,#5429,.F.);
#5429 = EDGE_CURVE('',#5242,#5068,#5430,.T.);
#5430 = LINE('',#5431,#5432);
#5431 = CARTESIAN_POINT('',(6.,-1.469576158977E-15,144.));
#5432 = VECTOR('',#5433,1.);
#5433 = DIRECTION('',(0.,0.,1.));
#5434 = ORIENTED_EDGE('',*,*,#5241,.T.);
#5435 = ORIENTED_EDGE('',*,*,#5429,.T.);
#5436 = CYLINDRICAL_SURFACE('',#5437,6.);
#5437 = AXIS2_PLACEMENT_3D('',#5438,#5439,#5440);
#5438 = CARTESIAN_POINT('',(0.,0.,144.));
#5439 = DIRECTION('',(0.,0.,1.));
#5440 = DIRECTION('',(1.,0.,0.));
#5441 = ADVANCED_FACE('',(#5442),#5453,.F.);
#5442 = FACE_BOUND('',#5443,.F.);
#5443 = EDGE_LOOP('',(#5444,#5445,#5451,#5452));
#5444 = ORIENTED_EDGE('',*,*,#5078,.F.);
#5445 = ORIENTED_EDGE('',*,*,#5446,.F.);
#5446 = EDGE_CURVE('',#5253,#5079,#5447,.T.);
#5447 = LINE('',#5448,#5449);
#5448 = CARTESIAN_POINT('',(11.5,6.25,144.));
#5449 = VECTOR('',#5450,1.);
#5450 = DIRECTION('',(0.,0.,1.));
#5451 = ORIENTED_EDGE('',*,*,#5252,.T.);
#5452 = ORIENTED_EDGE('',*,*,#5446,.T.);
#5453 = CYLINDRICAL_SURFACE('',#5454,1.);
#5454 = AXIS2_PLACEMENT_3D('',#5455,#5456,#5457);
#5455 = CARTESIAN_POINT('',(10.5,6.25,144.));
#5456 = DIRECTION('',(0.,0.,1.));
#5457 = DIRECTION('',(1.,0.,0.));
#5458 = ADVANCED_FACE('',(#5459),#5475,.T.);
#5459 = FACE_BOUND('',#5460,.T.);
#5460 = EDGE_LOOP('',(#5461,#5467,#5468,#5474));
#5461 = ORIENTED_EDGE('',*,*,#5462,.F.);
#5462 = EDGE_CURVE('',#5264,#5090,#5463,.T.);
#5463 = LINE('',#5464,#5465);
#5464 = CARTESIAN_POINT('',(12.,12.5,144.));
#5465 = VECTOR('',#5466,1.);
#5466 = DIRECTION('',(0.,0.,1.));
#5467 = ORIENTED_EDGE('',*,*,#5263,.T.);
#5468 = ORIENTED_EDGE('',*,*,#5469,.T.);
#5469 = EDGE_CURVE('',#5266,#5092,#5470,.T.);
#5470 = LINE('',#5471,#5472);
#5471 = CARTESIAN_POINT('',(-12.,12.5,144.));
#5472 = VECTOR('',#5473,1.);
#5473 = DIRECTION('',(0.,0.,1.));
#5474 = ORIENTED_EDGE('',*,*,#5089,.F.);
#5475 = PLANE('',#5476);
#5476 = AXIS2_PLACEMENT_3D('',#5477,#5478,#5479);
#5477 = CARTESIAN_POINT('',(-12.,12.5,144.));
#5478 = DIRECTION('',(0.,1.,0.));
#5479 = DIRECTION('',(0.,0.,1.));
#5480 = ADVANCED_FACE('',(#5481),#5492,.F.);
#5481 = FACE_BOUND('',#5482,.F.);
#5482 = EDGE_LOOP('',(#5483,#5484,#5485,#5491));
#5483 = ORIENTED_EDGE('',*,*,#5462,.F.);
#5484 = ORIENTED_EDGE('',*,*,#5289,.T.);
#5485 = ORIENTED_EDGE('',*,*,#5486,.T.);
#5486 = EDGE_CURVE('',#5282,#5108,#5487,.T.);
#5487 = LINE('',#5488,#5489);
#5488 = CARTESIAN_POINT('',(12.,15.5,144.));
#5489 = VECTOR('',#5490,1.);
#5490 = DIRECTION('',(0.,0.,1.));
#5491 = ORIENTED_EDGE('',*,*,#5115,.F.);
#5492 = PLANE('',#5493);
#5493 = AXIS2_PLACEMENT_3D('',#5494,#5495,#5496);
#5494 = CARTESIAN_POINT('',(12.,12.5,144.));
#5495 = DIRECTION('',(1.,0.,0.));
#5496 = DIRECTION('',(0.,0.,1.));
#5497 = ADVANCED_FACE('',(#5498),#5509,.F.);
#5498 = FACE_BOUND('',#5499,.F.);
#5499 = EDGE_LOOP('',(#5500,#5501,#5502,#5508));
#5500 = ORIENTED_EDGE('',*,*,#5486,.F.);
#5501 = ORIENTED_EDGE('',*,*,#5281,.T.);
#5502 = ORIENTED_EDGE('',*,*,#5503,.T.);
#5503 = EDGE_CURVE('',#5274,#5100,#5504,.T.);
#5504 = LINE('',#5505,#5506);
#5505 = CARTESIAN_POINT('',(-12.,15.5,144.));
#5506 = VECTOR('',#5507,1.);
#5507 = DIRECTION('',(0.,0.,1.));
#5508 = ORIENTED_EDGE('',*,*,#5107,.F.);
#5509 = PLANE('',#5510);
#5510 = AXIS2_PLACEMENT_3D('',#5511,#5512,#5513);
#5511 = CARTESIAN_POINT('',(-12.,15.5,144.));
#5512 = DIRECTION('',(0.,1.,0.));
#5513 = DIRECTION('',(0.,0.,1.));
#5514 = ADVANCED_FACE('',(#5515),#5521,.T.);
#5515 = FACE_BOUND('',#5516,.T.);
#5516 = EDGE_LOOP('',(#5517,#5518,#5519,#5520));
#5517 = ORIENTED_EDGE('',*,*,#5469,.F.);
#5518 = ORIENTED_EDGE('',*,*,#5273,.T.);
#5519 = ORIENTED_EDGE('',*,*,#5503,.T.);
#5520 = ORIENTED_EDGE('',*,*,#5099,.F.);
#5521 = PLANE('',#5522);
#5522 = AXIS2_PLACEMENT_3D('',#5523,#5524,#5525);
#5523 = CARTESIAN_POINT('',(-12.,12.5,144.));
#5524 = DIRECTION('',(1.,0.,0.));
#5525 = DIRECTION('',(0.,0.,1.));
#5526 = ADVANCED_FACE('',(#5527),#5538,.F.);
#5527 = FACE_BOUND('',#5528,.F.);
#5528 = EDGE_LOOP('',(#5529,#5530,#5536,#5537));
#5529 = ORIENTED_EDGE('',*,*,#5123,.F.);
#5530 = ORIENTED_EDGE('',*,*,#5531,.F.);
#5531 = EDGE_CURVE('',#5298,#5124,#5532,.T.);
#5532 = LINE('',#5533,#5534);
#5533 = CARTESIAN_POINT('',(82.2,51.5,144.));
#5534 = VECTOR('',#5535,1.);
#5535 = DIRECTION('',(0.,0.,1.));
#5536 = ORIENTED_EDGE('',*,*,#5297,.T.);
#5537 = ORIENTED_EDGE('',*,*,#5531,.T.);
#5538 = CYLINDRICAL_SURFACE('',#5539,1.7);
#5539 = AXIS2_PLACEMENT_3D('',#5540,#5541,#5542);
#5540 = CARTESIAN_POINT('',(80.5,51.5,144.));
#5541 = DIRECTION('',(0.,0.,1.));
#5542 = DIRECTION('',(1.,0.,0.));
#5543 = MANIFOLD_SOLID_BREP('',#5544);
#5544 = CLOSED_SHELL('',(#5545,#5585,#5627,#5669,#5700,#5725,#5756,#5781
    ,#5847,#5872,#5903,#5935,#5960,#6027,#6065,#6090,#6104));
#5545 = ADVANCED_FACE('',(#5546),#5580,.T.);
#5546 = FACE_BOUND('',#5547,.T.);
#5547 = EDGE_LOOP('',(#5548,#5558,#5566,#5574));
#5548 = ORIENTED_EDGE('',*,*,#5549,.F.);
#5549 = EDGE_CURVE('',#5550,#5552,#5554,.T.);
#5550 = VERTEX_POINT('',#5551);
#5551 = CARTESIAN_POINT('',(-75.5,-59.5,40.));
#5552 = VERTEX_POINT('',#5553);
#5553 = CARTESIAN_POINT('',(75.5,-59.5,40.));
#5554 = LINE('',#5555,#5556);
#5555 = CARTESIAN_POINT('',(-80.,-59.5,40.));
#5556 = VECTOR('',#5557,1.);
#5557 = DIRECTION('',(1.,0.,0.));
#5558 = ORIENTED_EDGE('',*,*,#5559,.F.);
#5559 = EDGE_CURVE('',#5560,#5550,#5562,.T.);
#5560 = VERTEX_POINT('',#5561);
#5561 = CARTESIAN_POINT('',(-75.5,-62.5,40.));
#5562 = LINE('',#5563,#5564);
#5563 = CARTESIAN_POINT('',(-75.5,-62.5,40.));
#5564 = VECTOR('',#5565,1.);
#5565 = DIRECTION('',(0.,1.,0.));
#5566 = ORIENTED_EDGE('',*,*,#5567,.T.);
#5567 = EDGE_CURVE('',#5560,#5568,#5570,.T.);
#5568 = VERTEX_POINT('',#5569);
#5569 = CARTESIAN_POINT('',(75.5,-62.5,40.));
#5570 = LINE('',#5571,#5572);
#5571 = CARTESIAN_POINT('',(-80.,-62.5,40.));
#5572 = VECTOR('',#5573,1.);
#5573 = DIRECTION('',(1.,0.,0.));
#5574 = ORIENTED_EDGE('',*,*,#5575,.T.);
#5575 = EDGE_CURVE('',#5568,#5552,#5576,.T.);
#5576 = LINE('',#5577,#5578);
#5577 = CARTESIAN_POINT('',(75.5,-62.5,40.));
#5578 = VECTOR('',#5579,1.);
#5579 = DIRECTION('',(0.,1.,0.));
#5580 = PLANE('',#5581);
#5581 = AXIS2_PLACEMENT_3D('',#5582,#5583,#5584);
#5582 = CARTESIAN_POINT('',(-80.,-62.5,40.));
#5583 = DIRECTION('',(0.,0.,1.));
#5584 = DIRECTION('',(1.,0.,0.));
#5585 = ADVANCED_FACE('',(#5586,#5611),#5622,.F.);
#5586 = FACE_BOUND('',#5587,.F.);
#5587 = EDGE_LOOP('',(#5588,#5596,#5597,#5605));
#5588 = ORIENTED_EDGE('',*,*,#5589,.F.);
#5589 = EDGE_CURVE('',#5568,#5590,#5592,.T.);
#5590 = VERTEX_POINT('',#5591);
#5591 = CARTESIAN_POINT('',(75.5,-62.5,48.));
#5592 = LINE('',#5593,#5594);
#5593 = CARTESIAN_POINT('',(75.5,-62.5,38.));
#5594 = VECTOR('',#5595,1.);
#5595 = DIRECTION('',(0.,0.,1.));
#5596 = ORIENTED_EDGE('',*,*,#5575,.T.);
#5597 = ORIENTED_EDGE('',*,*,#5598,.T.);
#5598 = EDGE_CURVE('',#5552,#5599,#5601,.T.);
#5599 = VERTEX_POINT('',#5600);
#5600 = CARTESIAN_POINT('',(75.5,-59.5,48.));
#5601 = LINE('',#5602,#5603);
#5602 = CARTESIAN_POINT('',(75.5,-59.5,38.));
#5603 = VECTOR('',#5604,1.);
#5604 = DIRECTION('',(0.,0.,1.));
#5605 = ORIENTED_EDGE('',*,*,#5606,.F.);
#5606 = EDGE_CURVE('',#5590,#5599,#5607,.T.);
#5607 = LINE('',#5608,#5609);
#5608 = CARTESIAN_POINT('',(75.5,-62.5,48.));
#5609 = VECTOR('',#5610,1.);
#5610 = DIRECTION('',(0.,1.,0.));
#5611 = FACE_BOUND('',#5612,.F.);
#5612 = EDGE_LOOP('',(#5613));
#5613 = ORIENTED_EDGE('',*,*,#5614,.F.);
#5614 = EDGE_CURVE('',#5615,#5615,#5617,.T.);
#5615 = VERTEX_POINT('',#5616);
#5616 = CARTESIAN_POINT('',(75.5,-61.,45.));
#5617 = CIRCLE('',#5618,1.);
#5618 = AXIS2_PLACEMENT_3D('',#5619,#5620,#5621);
#5619 = CARTESIAN_POINT('',(75.5,-61.,44.));
#5620 = DIRECTION('',(1.,0.,-0.));
#5621 = DIRECTION('',(0.,0.,1.));
#5622 = PLANE('',#5623);
#5623 = AXIS2_PLACEMENT_3D('',#5624,#5625,#5626);
#5624 = CARTESIAN_POINT('',(75.5,-62.5,38.));
#5625 = DIRECTION('',(1.,0.,0.));
#5626 = DIRECTION('',(0.,0.,1.));
#5627 = ADVANCED_FACE('',(#5628,#5653),#5664,.T.);
#5628 = FACE_BOUND('',#5629,.T.);
#5629 = EDGE_LOOP('',(#5630,#5638,#5639,#5647));
#5630 = ORIENTED_EDGE('',*,*,#5631,.F.);
#5631 = EDGE_CURVE('',#5560,#5632,#5634,.T.);
#5632 = VERTEX_POINT('',#5633);
#5633 = CARTESIAN_POINT('',(-75.5,-62.5,48.));
#5634 = LINE('',#5635,#5636);
#5635 = CARTESIAN_POINT('',(-75.5,-62.5,38.));
#5636 = VECTOR('',#5637,1.);
#5637 = DIRECTION('',(0.,0.,1.));
#5638 = ORIENTED_EDGE('',*,*,#5559,.T.);
#5639 = ORIENTED_EDGE('',*,*,#5640,.T.);
#5640 = EDGE_CURVE('',#5550,#5641,#5643,.T.);
#5641 = VERTEX_POINT('',#5642);
#5642 = CARTESIAN_POINT('',(-75.5,-59.5,48.));
#5643 = LINE('',#5644,#5645);
#5644 = CARTESIAN_POINT('',(-75.5,-59.5,38.));
#5645 = VECTOR('',#5646,1.);
#5646 = DIRECTION('',(0.,0.,1.));
#5647 = ORIENTED_EDGE('',*,*,#5648,.F.);
#5648 = EDGE_CURVE('',#5632,#5641,#5649,.T.);
#5649 = LINE('',#5650,#5651);
#5650 = CARTESIAN_POINT('',(-75.5,-62.5,48.));
#5651 = VECTOR('',#5652,1.);
#5652 = DIRECTION('',(0.,1.,0.));
#5653 = FACE_BOUND('',#5654,.T.);
#5654 = EDGE_LOOP('',(#5655));
#5655 = ORIENTED_EDGE('',*,*,#5656,.F.);
#5656 = EDGE_CURVE('',#5657,#5657,#5659,.T.);
#5657 = VERTEX_POINT('',#5658);
#5658 = CARTESIAN_POINT('',(-75.5,-61.,45.));
#5659 = CIRCLE('',#5660,1.);
#5660 = AXIS2_PLACEMENT_3D('',#5661,#5662,#5663);
#5661 = CARTESIAN_POINT('',(-75.5,-61.,44.));
#5662 = DIRECTION('',(1.,0.,-0.));
#5663 = DIRECTION('',(0.,0.,1.));
#5664 = PLANE('',#5665);
#5665 = AXIS2_PLACEMENT_3D('',#5666,#5667,#5668);
#5666 = CARTESIAN_POINT('',(-75.5,-62.5,38.));
#5667 = DIRECTION('',(1.,0.,0.));
#5668 = DIRECTION('',(0.,0.,1.));
#5669 = ADVANCED_FACE('',(#5670),#5695,.T.);
#5670 = FACE_BOUND('',#5671,.T.);
#5671 = EDGE_LOOP('',(#5672,#5682,#5688,#5689));
#5672 = ORIENTED_EDGE('',*,*,#5673,.F.);
#5673 = EDGE_CURVE('',#5674,#5676,#5678,.T.);
#5674 = VERTEX_POINT('',#5675);
#5675 = CARTESIAN_POINT('',(-80.,-62.5,48.));
#5676 = VERTEX_POINT('',#5677);
#5677 = CARTESIAN_POINT('',(-80.,-59.5,48.));
#5678 = LINE('',#5679,#5680);
#5679 = CARTESIAN_POINT('',(-80.,-62.5,48.));
#5680 = VECTOR('',#5681,1.);
#5681 = DIRECTION('',(0.,1.,0.));
#5682 = ORIENTED_EDGE('',*,*,#5683,.T.);
#5683 = EDGE_CURVE('',#5674,#5632,#5684,.T.);
#5684 = LINE('',#5685,#5686);
#5685 = CARTESIAN_POINT('',(-80.,-62.5,48.));
#5686 = VECTOR('',#5687,1.);
#5687 = DIRECTION('',(1.,0.,0.));
#5688 = ORIENTED_EDGE('',*,*,#5648,.T.);
#5689 = ORIENTED_EDGE('',*,*,#5690,.F.);
#5690 = EDGE_CURVE('',#5676,#5641,#5691,.T.);
#5691 = LINE('',#5692,#5693);
#5692 = CARTESIAN_POINT('',(-80.,-59.5,48.));
#5693 = VECTOR('',#5694,1.);
#5694 = DIRECTION('',(1.,0.,0.));
#5695 = PLANE('',#5696);
#5696 = AXIS2_PLACEMENT_3D('',#5697,#5698,#5699);
#5697 = CARTESIAN_POINT('',(-80.,-62.5,48.));
#5698 = DIRECTION('',(0.,0.,1.));
#5699 = DIRECTION('',(1.,0.,0.));
#5700 = ADVANCED_FACE('',(#5701),#5720,.F.);
#5701 = FACE_BOUND('',#5702,.F.);
#5702 = EDGE_LOOP('',(#5703,#5704,#5712,#5719));
#5703 = ORIENTED_EDGE('',*,*,#5656,.F.);
#5704 = ORIENTED_EDGE('',*,*,#5705,.F.);
#5705 = EDGE_CURVE('',#5706,#5657,#5708,.T.);
#5706 = VERTEX_POINT('',#5707);
#5707 = CARTESIAN_POINT('',(-80.,-61.,45.));
#5708 = LINE('',#5709,#5710);
#5709 = CARTESIAN_POINT('',(-86.5,-61.,45.));
#5710 = VECTOR('',#5711,1.);
#5711 = DIRECTION('',(1.,0.,0.));
#5712 = ORIENTED_EDGE('',*,*,#5713,.T.);
#5713 = EDGE_CURVE('',#5706,#5706,#5714,.T.);
#5714 = CIRCLE('',#5715,1.);
#5715 = AXIS2_PLACEMENT_3D('',#5716,#5717,#5718);
#5716 = CARTESIAN_POINT('',(-80.,-61.,44.));
#5717 = DIRECTION('',(1.,0.,-0.));
#5718 = DIRECTION('',(0.,0.,1.));
#5719 = ORIENTED_EDGE('',*,*,#5705,.T.);
#5720 = CYLINDRICAL_SURFACE('',#5721,1.);
#5721 = AXIS2_PLACEMENT_3D('',#5722,#5723,#5724);
#5722 = CARTESIAN_POINT('',(-86.5,-61.,44.));
#5723 = DIRECTION('',(1.,0.,0.));
#5724 = DIRECTION('',(0.,0.,1.));
#5725 = ADVANCED_FACE('',(#5726),#5751,.T.);
#5726 = FACE_BOUND('',#5727,.T.);
#5727 = EDGE_LOOP('',(#5728,#5729,#5737,#5745));
#5728 = ORIENTED_EDGE('',*,*,#5606,.F.);
#5729 = ORIENTED_EDGE('',*,*,#5730,.T.);
#5730 = EDGE_CURVE('',#5590,#5731,#5733,.T.);
#5731 = VERTEX_POINT('',#5732);
#5732 = CARTESIAN_POINT('',(80.,-62.5,48.));
#5733 = LINE('',#5734,#5735);
#5734 = CARTESIAN_POINT('',(75.5,-62.5,48.));
#5735 = VECTOR('',#5736,1.);
#5736 = DIRECTION('',(1.,0.,0.));
#5737 = ORIENTED_EDGE('',*,*,#5738,.T.);
#5738 = EDGE_CURVE('',#5731,#5739,#5741,.T.);
#5739 = VERTEX_POINT('',#5740);
#5740 = CARTESIAN_POINT('',(80.,-59.5,48.));
#5741 = LINE('',#5742,#5743);
#5742 = CARTESIAN_POINT('',(80.,-62.5,48.));
#5743 = VECTOR('',#5744,1.);
#5744 = DIRECTION('',(0.,1.,0.));
#5745 = ORIENTED_EDGE('',*,*,#5746,.F.);
#5746 = EDGE_CURVE('',#5599,#5739,#5747,.T.);
#5747 = LINE('',#5748,#5749);
#5748 = CARTESIAN_POINT('',(75.5,-59.5,48.));
#5749 = VECTOR('',#5750,1.);
#5750 = DIRECTION('',(1.,0.,0.));
#5751 = PLANE('',#5752);
#5752 = AXIS2_PLACEMENT_3D('',#5753,#5754,#5755);
#5753 = CARTESIAN_POINT('',(75.5,-62.5,48.));
#5754 = DIRECTION('',(0.,0.,1.));
#5755 = DIRECTION('',(1.,0.,0.));
#5756 = ADVANCED_FACE('',(#5757),#5776,.F.);
#5757 = FACE_BOUND('',#5758,.F.);
#5758 = EDGE_LOOP('',(#5759,#5768,#5774,#5775));
#5759 = ORIENTED_EDGE('',*,*,#5760,.F.);
#5760 = EDGE_CURVE('',#5761,#5761,#5763,.T.);
#5761 = VERTEX_POINT('',#5762);
#5762 = CARTESIAN_POINT('',(80.,-61.,45.));
#5763 = CIRCLE('',#5764,1.);
#5764 = AXIS2_PLACEMENT_3D('',#5765,#5766,#5767);
#5765 = CARTESIAN_POINT('',(80.,-61.,44.));
#5766 = DIRECTION('',(1.,0.,-0.));
#5767 = DIRECTION('',(0.,0.,1.));
#5768 = ORIENTED_EDGE('',*,*,#5769,.F.);
#5769 = EDGE_CURVE('',#5615,#5761,#5770,.T.);
#5770 = LINE('',#5771,#5772);
#5771 = CARTESIAN_POINT('',(74.5,-61.,45.));
#5772 = VECTOR('',#5773,1.);
#5773 = DIRECTION('',(1.,0.,0.));
#5774 = ORIENTED_EDGE('',*,*,#5614,.T.);
#5775 = ORIENTED_EDGE('',*,*,#5769,.T.);
#5776 = CYLINDRICAL_SURFACE('',#5777,1.);
#5777 = AXIS2_PLACEMENT_3D('',#5778,#5779,#5780);
#5778 = CARTESIAN_POINT('',(74.5,-61.,44.));
#5779 = DIRECTION('',(1.,0.,0.));
#5780 = DIRECTION('',(0.,0.,1.));
#5781 = ADVANCED_FACE('',(#5782,#5839),#5842,.T.);
#5782 = FACE_BOUND('',#5783,.T.);
#5783 = EDGE_LOOP('',(#5784,#5792,#5793,#5801,#5809,#5817,#5825,#5833));
#5784 = ORIENTED_EDGE('',*,*,#5785,.T.);
#5785 = EDGE_CURVE('',#5786,#5674,#5788,.T.);
#5786 = VERTEX_POINT('',#5787);
#5787 = CARTESIAN_POINT('',(-80.,-62.5,-2.));
#5788 = LINE('',#5789,#5790);
#5789 = CARTESIAN_POINT('',(-80.,-62.5,-2.));
#5790 = VECTOR('',#5791,1.);
#5791 = DIRECTION('',(0.,0.,1.));
#5792 = ORIENTED_EDGE('',*,*,#5673,.T.);
#5793 = ORIENTED_EDGE('',*,*,#5794,.F.);
#5794 = EDGE_CURVE('',#5795,#5676,#5797,.T.);
#5795 = VERTEX_POINT('',#5796);
#5796 = CARTESIAN_POINT('',(-80.,-59.5,21.833030277982));
#5797 = LINE('',#5798,#5799);
#5798 = CARTESIAN_POINT('',(-80.,-59.5,38.));
#5799 = VECTOR('',#5800,1.);
#5800 = DIRECTION('',(0.,0.,1.));
#5801 = ORIENTED_EDGE('',*,*,#5802,.F.);
#5802 = EDGE_CURVE('',#5803,#5795,#5805,.T.);
#5803 = VERTEX_POINT('',#5804);
#5804 = CARTESIAN_POINT('',(-80.,-61.49,21.833030277982));
#5805 = LINE('',#5806,#5807);
#5806 = CARTESIAN_POINT('',(-80.,-61.49,21.833030277982));
#5807 = VECTOR('',#5808,1.);
#5808 = DIRECTION('',(0.,1.,0.));
#5809 = ORIENTED_EDGE('',*,*,#5810,.F.);
#5810 = EDGE_CURVE('',#5811,#5803,#5813,.T.);
#5811 = VERTEX_POINT('',#5812);
#5812 = CARTESIAN_POINT('',(-80.,-61.49,18.166969722018));
#5813 = LINE('',#5814,#5815);
#5814 = CARTESIAN_POINT('',(-80.,-61.49,9.));
#5815 = VECTOR('',#5816,1.);
#5816 = DIRECTION('',(0.,0.,1.));
#5817 = ORIENTED_EDGE('',*,*,#5818,.T.);
#5818 = EDGE_CURVE('',#5811,#5819,#5821,.T.);
#5819 = VERTEX_POINT('',#5820);
#5820 = CARTESIAN_POINT('',(-80.,-59.5,18.166969722018));
#5821 = LINE('',#5822,#5823);
#5822 = CARTESIAN_POINT('',(-80.,-61.49,18.166969722018));
#5823 = VECTOR('',#5824,1.);
#5824 = DIRECTION('',(0.,1.,0.));
#5825 = ORIENTED_EDGE('',*,*,#5826,.F.);
#5826 = EDGE_CURVE('',#5827,#5819,#5829,.T.);
#5827 = VERTEX_POINT('',#5828);
#5828 = CARTESIAN_POINT('',(-80.,-59.5,-2.));
#5829 = LINE('',#5830,#5831);
#5830 = CARTESIAN_POINT('',(-80.,-59.5,-2.));
#5831 = VECTOR('',#5832,1.);
#5832 = DIRECTION('',(0.,0.,1.));
#5833 = ORIENTED_EDGE('',*,*,#5834,.F.);
#5834 = EDGE_CURVE('',#5786,#5827,#5835,.T.);
#5835 = LINE('',#5836,#5837);
#5836 = CARTESIAN_POINT('',(-80.,-62.5,-2.));
#5837 = VECTOR('',#5838,1.);
#5838 = DIRECTION('',(0.,1.,0.));
#5839 = FACE_BOUND('',#5840,.T.);
#5840 = EDGE_LOOP('',(#5841));
#5841 = ORIENTED_EDGE('',*,*,#5713,.T.);
#5842 = PLANE('',#5843);
#5843 = AXIS2_PLACEMENT_3D('',#5844,#5845,#5846);
#5844 = CARTESIAN_POINT('',(-80.,-61.04805928811,22.891434806328));
#5845 = DIRECTION('',(-1.,-0.,-0.));
#5846 = DIRECTION('',(0.,0.,-1.));
#5847 = ADVANCED_FACE('',(#5848),#5867,.T.);
#5848 = FACE_BOUND('',#5849,.T.);
#5849 = EDGE_LOOP('',(#5850,#5859,#5866));
#5850 = ORIENTED_EDGE('',*,*,#5851,.T.);
#5851 = EDGE_CURVE('',#5803,#5852,#5854,.T.);
#5852 = VERTEX_POINT('',#5853);
#5853 = CARTESIAN_POINT('',(-77.5,-61.49,23.1));
#5854 = CIRCLE('',#5855,3.1);
#5855 = AXIS2_PLACEMENT_3D('',#5856,#5857,#5858);
#5856 = CARTESIAN_POINT('',(-77.5,-61.49,20.));
#5857 = DIRECTION('',(0.,1.,0.));
#5858 = DIRECTION('',(0.,0.,1.));
#5859 = ORIENTED_EDGE('',*,*,#5860,.T.);
#5860 = EDGE_CURVE('',#5852,#5811,#5861,.T.);
#5861 = CIRCLE('',#5862,3.1);
#5862 = AXIS2_PLACEMENT_3D('',#5863,#5864,#5865);
#5863 = CARTESIAN_POINT('',(-77.5,-61.49,20.));
#5864 = DIRECTION('',(0.,1.,0.));
#5865 = DIRECTION('',(0.,0.,1.));
#5866 = ORIENTED_EDGE('',*,*,#5810,.T.);
#5867 = PLANE('',#5868);
#5868 = AXIS2_PLACEMENT_3D('',#5869,#5870,#5871);
#5869 = CARTESIAN_POINT('',(-77.5,-61.49,20.));
#5870 = DIRECTION('',(0.,1.,0.));
#5871 = DIRECTION('',(0.,0.,1.));
#5872 = ADVANCED_FACE('',(#5873),#5898,.F.);
#5873 = FACE_BOUND('',#5874,.F.);
#5874 = EDGE_LOOP('',(#5875,#5876,#5884,#5892));
#5875 = ORIENTED_EDGE('',*,*,#5834,.F.);
#5876 = ORIENTED_EDGE('',*,*,#5877,.T.);
#5877 = EDGE_CURVE('',#5786,#5878,#5880,.T.);
#5878 = VERTEX_POINT('',#5879);
#5879 = CARTESIAN_POINT('',(80.,-62.5,-2.));
#5880 = LINE('',#5881,#5882);
#5881 = CARTESIAN_POINT('',(-80.,-62.5,-2.));
#5882 = VECTOR('',#5883,1.);
#5883 = DIRECTION('',(1.,0.,0.));
#5884 = ORIENTED_EDGE('',*,*,#5885,.T.);
#5885 = EDGE_CURVE('',#5878,#5886,#5888,.T.);
#5886 = VERTEX_POINT('',#5887);
#5887 = CARTESIAN_POINT('',(80.,-59.5,-2.));
#5888 = LINE('',#5889,#5890);
#5889 = CARTESIAN_POINT('',(80.,-62.5,-2.));
#5890 = VECTOR('',#5891,1.);
#5891 = DIRECTION('',(0.,1.,0.));
#5892 = ORIENTED_EDGE('',*,*,#5893,.F.);
#5893 = EDGE_CURVE('',#5827,#5886,#5894,.T.);
#5894 = LINE('',#5895,#5896);
#5895 = CARTESIAN_POINT('',(-80.,-59.5,-2.));
#5896 = VECTOR('',#5897,1.);
#5897 = DIRECTION('',(1.,0.,0.));
#5898 = PLANE('',#5899);
#5899 = AXIS2_PLACEMENT_3D('',#5900,#5901,#5902);
#5900 = CARTESIAN_POINT('',(-80.,-62.5,-2.));
#5901 = DIRECTION('',(0.,0.,1.));
#5902 = DIRECTION('',(1.,0.,0.));
#5903 = ADVANCED_FACE('',(#5904,#5919),#5930,.T.);
#5904 = FACE_BOUND('',#5905,.T.);
#5905 = EDGE_LOOP('',(#5906,#5912,#5913,#5914,#5915,#5916,#5917,#5918));
#5906 = ORIENTED_EDGE('',*,*,#5907,.T.);
#5907 = EDGE_CURVE('',#5878,#5731,#5908,.T.);
#5908 = LINE('',#5909,#5910);
#5909 = CARTESIAN_POINT('',(80.,-62.5,-2.));
#5910 = VECTOR('',#5911,1.);
#5911 = DIRECTION('',(0.,0.,1.));
#5912 = ORIENTED_EDGE('',*,*,#5730,.F.);
#5913 = ORIENTED_EDGE('',*,*,#5589,.F.);
#5914 = ORIENTED_EDGE('',*,*,#5567,.F.);
#5915 = ORIENTED_EDGE('',*,*,#5631,.T.);
#5916 = ORIENTED_EDGE('',*,*,#5683,.F.);
#5917 = ORIENTED_EDGE('',*,*,#5785,.F.);
#5918 = ORIENTED_EDGE('',*,*,#5877,.T.);
#5919 = FACE_BOUND('',#5920,.T.);
#5920 = EDGE_LOOP('',(#5921));
#5921 = ORIENTED_EDGE('',*,*,#5922,.T.);
#5922 = EDGE_CURVE('',#5923,#5923,#5925,.T.);
#5923 = VERTEX_POINT('',#5924);
#5924 = CARTESIAN_POINT('',(-1.959434878636E-15,-62.5,16.));
#5925 = CIRCLE('',#5926,8.);
#5926 = AXIS2_PLACEMENT_3D('',#5927,#5928,#5929);
#5927 = CARTESIAN_POINT('',(0.,-62.5,8.));
#5928 = DIRECTION('',(0.,1.,0.));
#5929 = DIRECTION('',(0.,0.,1.));
#5930 = PLANE('',#5931);
#5931 = AXIS2_PLACEMENT_3D('',#5932,#5933,#5934);
#5932 = CARTESIAN_POINT('',(0.,-62.5,21.));
#5933 = DIRECTION('',(-0.,-1.,-0.));
#5934 = DIRECTION('',(0.,0.,-1.));
#5935 = ADVANCED_FACE('',(#5936),#5955,.F.);
#5936 = FACE_BOUND('',#5937,.F.);
#5937 = EDGE_LOOP('',(#5938,#5947,#5953,#5954));
#5938 = ORIENTED_EDGE('',*,*,#5939,.F.);
#5939 = EDGE_CURVE('',#5940,#5940,#5942,.T.);
#5940 = VERTEX_POINT('',#5941);
#5941 = CARTESIAN_POINT('',(-1.959434878636E-15,-59.5,16.));
#5942 = CIRCLE('',#5943,8.);
#5943 = AXIS2_PLACEMENT_3D('',#5944,#5945,#5946);
#5944 = CARTESIAN_POINT('',(0.,-59.5,8.));
#5945 = DIRECTION('',(0.,1.,0.));
#5946 = DIRECTION('',(0.,0.,1.));
#5947 = ORIENTED_EDGE('',*,*,#5948,.F.);
#5948 = EDGE_CURVE('',#5923,#5940,#5949,.T.);
#5949 = LINE('',#5950,#5951);
#5950 = CARTESIAN_POINT('',(-1.959434878636E-15,-64.,16.));
#5951 = VECTOR('',#5952,1.);
#5952 = DIRECTION('',(0.,1.,0.));
#5953 = ORIENTED_EDGE('',*,*,#5922,.T.);
#5954 = ORIENTED_EDGE('',*,*,#5948,.T.);
#5955 = CYLINDRICAL_SURFACE('',#5956,8.);
#5956 = AXIS2_PLACEMENT_3D('',#5957,#5958,#5959);
#5957 = CARTESIAN_POINT('',(0.,-64.,8.));
#5958 = DIRECTION('',(0.,1.,0.));
#5959 = DIRECTION('',(0.,0.,1.));
#5960 = ADVANCED_FACE('',(#5961,#6019),#6022,.T.);
#5961 = FACE_BOUND('',#5962,.T.);
#5962 = EDGE_LOOP('',(#5963,#5971,#5972,#5973,#5982,#5989,#5990,#5991,
    #5992,#5993,#5994,#5995,#6003,#6012));
#5963 = ORIENTED_EDGE('',*,*,#5964,.F.);
#5964 = EDGE_CURVE('',#5886,#5965,#5967,.T.);
#5965 = VERTEX_POINT('',#5966);
#5966 = CARTESIAN_POINT('',(80.,-59.5,18.166969722018));
#5967 = LINE('',#5968,#5969);
#5968 = CARTESIAN_POINT('',(80.,-59.5,-2.));
#5969 = VECTOR('',#5970,1.);
#5970 = DIRECTION('',(0.,0.,1.));
#5971 = ORIENTED_EDGE('',*,*,#5893,.F.);
#5972 = ORIENTED_EDGE('',*,*,#5826,.T.);
#5973 = ORIENTED_EDGE('',*,*,#5974,.F.);
#5974 = EDGE_CURVE('',#5975,#5819,#5977,.T.);
#5975 = VERTEX_POINT('',#5976);
#5976 = CARTESIAN_POINT('',(-77.5,-59.5,23.1));
#5977 = CIRCLE('',#5978,3.1);
#5978 = AXIS2_PLACEMENT_3D('',#5979,#5980,#5981);
#5979 = CARTESIAN_POINT('',(-77.5,-59.5,20.));
#5980 = DIRECTION('',(0.,1.,0.));
#5981 = DIRECTION('',(0.,0.,1.));
#5982 = ORIENTED_EDGE('',*,*,#5983,.F.);
#5983 = EDGE_CURVE('',#5795,#5975,#5984,.T.);
#5984 = CIRCLE('',#5985,3.1);
#5985 = AXIS2_PLACEMENT_3D('',#5986,#5987,#5988);
#5986 = CARTESIAN_POINT('',(-77.5,-59.5,20.));
#5987 = DIRECTION('',(0.,1.,0.));
#5988 = DIRECTION('',(0.,0.,1.));
#5989 = ORIENTED_EDGE('',*,*,#5794,.T.);
#5990 = ORIENTED_EDGE('',*,*,#5690,.T.);
#5991 = ORIENTED_EDGE('',*,*,#5640,.F.);
#5992 = ORIENTED_EDGE('',*,*,#5549,.T.);
#5993 = ORIENTED_EDGE('',*,*,#5598,.T.);
#5994 = ORIENTED_EDGE('',*,*,#5746,.T.);
#5995 = ORIENTED_EDGE('',*,*,#5996,.F.);
#5996 = EDGE_CURVE('',#5997,#5739,#5999,.T.);
#5997 = VERTEX_POINT('',#5998);
#5998 = CARTESIAN_POINT('',(80.,-59.5,21.833030277982));
#5999 = LINE('',#6000,#6001);
#6000 = CARTESIAN_POINT('',(80.,-59.5,38.));
#6001 = VECTOR('',#6002,1.);
#6002 = DIRECTION('',(0.,0.,1.));
#6003 = ORIENTED_EDGE('',*,*,#6004,.F.);
#6004 = EDGE_CURVE('',#6005,#5997,#6007,.T.);
#6005 = VERTEX_POINT('',#6006);
#6006 = CARTESIAN_POINT('',(77.5,-59.5,23.1));
#6007 = CIRCLE('',#6008,3.1);
#6008 = AXIS2_PLACEMENT_3D('',#6009,#6010,#6011);
#6009 = CARTESIAN_POINT('',(77.5,-59.5,20.));
#6010 = DIRECTION('',(0.,1.,0.));
#6011 = DIRECTION('',(0.,0.,1.));
#6012 = ORIENTED_EDGE('',*,*,#6013,.F.);
#6013 = EDGE_CURVE('',#5965,#6005,#6014,.T.);
#6014 = CIRCLE('',#6015,3.1);
#6015 = AXIS2_PLACEMENT_3D('',#6016,#6017,#6018);
#6016 = CARTESIAN_POINT('',(77.5,-59.5,20.));
#6017 = DIRECTION('',(0.,1.,0.));
#6018 = DIRECTION('',(0.,0.,1.));
#6019 = FACE_BOUND('',#6020,.T.);
#6020 = EDGE_LOOP('',(#6021));
#6021 = ORIENTED_EDGE('',*,*,#5939,.F.);
#6022 = PLANE('',#6023);
#6023 = AXIS2_PLACEMENT_3D('',#6024,#6025,#6026);
#6024 = CARTESIAN_POINT('',(2.669286016821E-15,-59.5,20.959392302539));
#6025 = DIRECTION('',(0.,1.,0.));
#6026 = DIRECTION('',(0.,0.,1.));
#6027 = ADVANCED_FACE('',(#6028,#6057),#6060,.T.);
#6028 = FACE_BOUND('',#6029,.T.);
#6029 = EDGE_LOOP('',(#6030,#6031,#6032,#6033,#6041,#6049,#6055,#6056));
#6030 = ORIENTED_EDGE('',*,*,#5907,.F.);
#6031 = ORIENTED_EDGE('',*,*,#5885,.T.);
#6032 = ORIENTED_EDGE('',*,*,#5964,.T.);
#6033 = ORIENTED_EDGE('',*,*,#6034,.F.);
#6034 = EDGE_CURVE('',#6035,#5965,#6037,.T.);
#6035 = VERTEX_POINT('',#6036);
#6036 = CARTESIAN_POINT('',(80.,-61.49,18.166969722018));
#6037 = LINE('',#6038,#6039);
#6038 = CARTESIAN_POINT('',(80.,-61.49,18.166969722018));
#6039 = VECTOR('',#6040,1.);
#6040 = DIRECTION('',(0.,1.,0.));
#6041 = ORIENTED_EDGE('',*,*,#6042,.T.);
#6042 = EDGE_CURVE('',#6035,#6043,#6045,.T.);
#6043 = VERTEX_POINT('',#6044);
#6044 = CARTESIAN_POINT('',(80.,-61.49,21.833030277982));
#6045 = LINE('',#6046,#6047);
#6046 = CARTESIAN_POINT('',(80.,-61.49,9.));
#6047 = VECTOR('',#6048,1.);
#6048 = DIRECTION('',(0.,0.,1.));
#6049 = ORIENTED_EDGE('',*,*,#6050,.T.);
#6050 = EDGE_CURVE('',#6043,#5997,#6051,.T.);
#6051 = LINE('',#6052,#6053);
#6052 = CARTESIAN_POINT('',(80.,-61.49,21.833030277982));
#6053 = VECTOR('',#6054,1.);
#6054 = DIRECTION('',(0.,1.,0.));
#6055 = ORIENTED_EDGE('',*,*,#5996,.T.);
#6056 = ORIENTED_EDGE('',*,*,#5738,.F.);
#6057 = FACE_BOUND('',#6058,.T.);
#6058 = EDGE_LOOP('',(#6059));
#6059 = ORIENTED_EDGE('',*,*,#5760,.F.);
#6060 = PLANE('',#6061);
#6061 = AXIS2_PLACEMENT_3D('',#6062,#6063,#6064);
#6062 = CARTESIAN_POINT('',(80.,-61.04805928811,22.891434806328));
#6063 = DIRECTION('',(1.,0.,0.));
#6064 = DIRECTION('',(0.,0.,1.));
#6065 = ADVANCED_FACE('',(#6066),#6085,.T.);
#6066 = FACE_BOUND('',#6067,.T.);
#6067 = EDGE_LOOP('',(#6068,#6077,#6084));
#6068 = ORIENTED_EDGE('',*,*,#6069,.T.);
#6069 = EDGE_CURVE('',#6035,#6070,#6072,.T.);
#6070 = VERTEX_POINT('',#6071);
#6071 = CARTESIAN_POINT('',(77.5,-61.49,23.1));
#6072 = CIRCLE('',#6073,3.1);
#6073 = AXIS2_PLACEMENT_3D('',#6074,#6075,#6076);
#6074 = CARTESIAN_POINT('',(77.5,-61.49,20.));
#6075 = DIRECTION('',(0.,1.,0.));
#6076 = DIRECTION('',(0.,0.,1.));
#6077 = ORIENTED_EDGE('',*,*,#6078,.T.);
#6078 = EDGE_CURVE('',#6070,#6043,#6079,.T.);
#6079 = CIRCLE('',#6080,3.1);
#6080 = AXIS2_PLACEMENT_3D('',#6081,#6082,#6083);
#6081 = CARTESIAN_POINT('',(77.5,-61.49,20.));
#6082 = DIRECTION('',(0.,1.,0.));
#6083 = DIRECTION('',(0.,0.,1.));
#6084 = ORIENTED_EDGE('',*,*,#6042,.F.);
#6085 = PLANE('',#6086);
#6086 = AXIS2_PLACEMENT_3D('',#6087,#6088,#6089);
#6087 = CARTESIAN_POINT('',(77.5,-61.49,20.));
#6088 = DIRECTION('',(0.,1.,0.));
#6089 = DIRECTION('',(0.,0.,1.));
#6090 = ADVANCED_FACE('',(#6091),#6099,.F.);
#6091 = FACE_BOUND('',#6092,.F.);
#6092 = EDGE_LOOP('',(#6093,#6094,#6095,#6096,#6097,#6098));
#6093 = ORIENTED_EDGE('',*,*,#5818,.T.);
#6094 = ORIENTED_EDGE('',*,*,#5974,.F.);
#6095 = ORIENTED_EDGE('',*,*,#5983,.F.);
#6096 = ORIENTED_EDGE('',*,*,#5802,.F.);
#6097 = ORIENTED_EDGE('',*,*,#5851,.T.);
#6098 = ORIENTED_EDGE('',*,*,#5860,.T.);
#6099 = CYLINDRICAL_SURFACE('',#6100,3.1);
#6100 = AXIS2_PLACEMENT_3D('',#6101,#6102,#6103);
#6101 = CARTESIAN_POINT('',(-77.5,-61.49,20.));
#6102 = DIRECTION('',(0.,1.,0.));
#6103 = DIRECTION('',(0.,0.,1.));
#6104 = ADVANCED_FACE('',(#6105),#6113,.F.);
#6105 = FACE_BOUND('',#6106,.F.);
#6106 = EDGE_LOOP('',(#6107,#6108,#6109,#6110,#6111,#6112));
#6107 = ORIENTED_EDGE('',*,*,#6050,.T.);
#6108 = ORIENTED_EDGE('',*,*,#6004,.F.);
#6109 = ORIENTED_EDGE('',*,*,#6013,.F.);
#6110 = ORIENTED_EDGE('',*,*,#6034,.F.);
#6111 = ORIENTED_EDGE('',*,*,#6069,.T.);
#6112 = ORIENTED_EDGE('',*,*,#6078,.T.);
#6113 = CYLINDRICAL_SURFACE('',#6114,3.1);
#6114 = AXIS2_PLACEMENT_3D('',#6115,#6116,#6117);
#6115 = CARTESIAN_POINT('',(77.5,-61.49,20.));
#6116 = DIRECTION('',(0.,1.,0.));
#6117 = DIRECTION('',(0.,0.,1.));
#6118 = MANIFOLD_SOLID_BREP('',#6119);
#6119 = CLOSED_SHELL('',(#6120,#6160,#6191,#6281,#6305,#6322,#6334,#6359
    ,#6384,#6409,#6434,#6459,#6484,#6493,#6502,#6511,#6520,#6529));
#6120 = ADVANCED_FACE('',(#6121),#6155,.F.);
#6121 = FACE_BOUND('',#6122,.F.);
#6122 = EDGE_LOOP('',(#6123,#6133,#6141,#6149));
#6123 = ORIENTED_EDGE('',*,*,#6124,.F.);
#6124 = EDGE_CURVE('',#6125,#6127,#6129,.T.);
#6125 = VERTEX_POINT('',#6126);
#6126 = CARTESIAN_POINT('',(-63.88,-42.735,0.));
#6127 = VERTEX_POINT('',#6128);
#6128 = CARTESIAN_POINT('',(-63.88,-42.735,20.));
#6129 = LINE('',#6130,#6131);
#6130 = CARTESIAN_POINT('',(-63.88,-42.735,0.));
#6131 = VECTOR('',#6132,1.);
#6132 = DIRECTION('',(0.,0.,1.));
#6133 = ORIENTED_EDGE('',*,*,#6134,.T.);
#6134 = EDGE_CURVE('',#6125,#6135,#6137,.T.);
#6135 = VERTEX_POINT('',#6136);
#6136 = CARTESIAN_POINT('',(-63.88,42.735,0.));
#6137 = LINE('',#6138,#6139);
#6138 = CARTESIAN_POINT('',(-63.88,-42.735,0.));
#6139 = VECTOR('',#6140,1.);
#6140 = DIRECTION('',(0.,1.,0.));
#6141 = ORIENTED_EDGE('',*,*,#6142,.T.);
#6142 = EDGE_CURVE('',#6135,#6143,#6145,.T.);
#6143 = VERTEX_POINT('',#6144);
#6144 = CARTESIAN_POINT('',(-63.88,42.735,20.));
#6145 = LINE('',#6146,#6147);
#6146 = CARTESIAN_POINT('',(-63.88,42.735,0.));
#6147 = VECTOR('',#6148,1.);
#6148 = DIRECTION('',(0.,0.,1.));
#6149 = ORIENTED_EDGE('',*,*,#6150,.F.);
#6150 = EDGE_CURVE('',#6127,#6143,#6151,.T.);
#6151 = LINE('',#6152,#6153);
#6152 = CARTESIAN_POINT('',(-63.88,-42.735,20.));
#6153 = VECTOR('',#6154,1.);
#6154 = DIRECTION('',(0.,1.,0.));
#6155 = PLANE('',#6156);
#6156 = AXIS2_PLACEMENT_3D('',#6157,#6158,#6159);
#6157 = CARTESIAN_POINT('',(-63.88,-42.735,0.));
#6158 = DIRECTION('',(1.,0.,0.));
#6159 = DIRECTION('',(0.,0.,1.));
#6160 = ADVANCED_FACE('',(#6161),#6186,.F.);
#6161 = FACE_BOUND('',#6162,.F.);
#6162 = EDGE_LOOP('',(#6163,#6171,#6172,#6180));
#6163 = ORIENTED_EDGE('',*,*,#6164,.F.);
#6164 = EDGE_CURVE('',#6125,#6165,#6167,.T.);
#6165 = VERTEX_POINT('',#6166);
#6166 = CARTESIAN_POINT('',(63.88,-42.735,0.));
#6167 = LINE('',#6168,#6169);
#6168 = CARTESIAN_POINT('',(-63.88,-42.735,0.));
#6169 = VECTOR('',#6170,1.);
#6170 = DIRECTION('',(1.,0.,0.));
#6171 = ORIENTED_EDGE('',*,*,#6124,.T.);
#6172 = ORIENTED_EDGE('',*,*,#6173,.T.);
#6173 = EDGE_CURVE('',#6127,#6174,#6176,.T.);
#6174 = VERTEX_POINT('',#6175);
#6175 = CARTESIAN_POINT('',(63.88,-42.735,20.));
#6176 = LINE('',#6177,#6178);
#6177 = CARTESIAN_POINT('',(-63.88,-42.735,20.));
#6178 = VECTOR('',#6179,1.);
#6179 = DIRECTION('',(1.,0.,0.));
#6180 = ORIENTED_EDGE('',*,*,#6181,.F.);
#6181 = EDGE_CURVE('',#6165,#6174,#6182,.T.);
#6182 = LINE('',#6183,#6184);
#6183 = CARTESIAN_POINT('',(63.88,-42.735,0.));
#6184 = VECTOR('',#6185,1.);
#6185 = DIRECTION('',(0.,0.,1.));
#6186 = PLANE('',#6187);
#6187 = AXIS2_PLACEMENT_3D('',#6188,#6189,#6190);
#6188 = CARTESIAN_POINT('',(-63.88,-42.735,0.));
#6189 = DIRECTION('',(0.,1.,0.));
#6190 = DIRECTION('',(0.,0.,1.));
#6191 = ADVANCED_FACE('',(#6192,#6210,#6221,#6232,#6243,#6254,#6265),
  #6276,.T.);
#6192 = FACE_BOUND('',#6193,.T.);
#6193 = EDGE_LOOP('',(#6194,#6195,#6196,#6204));
#6194 = ORIENTED_EDGE('',*,*,#6150,.F.);
#6195 = ORIENTED_EDGE('',*,*,#6173,.T.);
#6196 = ORIENTED_EDGE('',*,*,#6197,.T.);
#6197 = EDGE_CURVE('',#6174,#6198,#6200,.T.);
#6198 = VERTEX_POINT('',#6199);
#6199 = CARTESIAN_POINT('',(63.88,42.735,20.));
#6200 = LINE('',#6201,#6202);
#6201 = CARTESIAN_POINT('',(63.88,-42.735,20.));
#6202 = VECTOR('',#6203,1.);
#6203 = DIRECTION('',(0.,1.,0.));
#6204 = ORIENTED_EDGE('',*,*,#6205,.F.);
#6205 = EDGE_CURVE('',#6143,#6198,#6206,.T.);
#6206 = LINE('',#6207,#6208);
#6207 = CARTESIAN_POINT('',(-63.88,42.735,20.));
#6208 = VECTOR('',#6209,1.);
#6209 = DIRECTION('',(1.,0.,0.));
#6210 = FACE_BOUND('',#6211,.T.);
#6211 = EDGE_LOOP('',(#6212));
#6212 = ORIENTED_EDGE('',*,*,#6213,.F.);
#6213 = EDGE_CURVE('',#6214,#6214,#6216,.T.);
#6214 = VERTEX_POINT('',#6215);
#6215 = CARTESIAN_POINT('',(-21.72,-19.56,20.));
#6216 = CIRCLE('',#6217,17.4);
#6217 = AXIS2_PLACEMENT_3D('',#6218,#6219,#6220);
#6218 = CARTESIAN_POINT('',(-39.12,-19.56,20.));
#6219 = DIRECTION('',(0.,0.,1.));
#6220 = DIRECTION('',(1.,0.,0.));
#6221 = FACE_BOUND('',#6222,.T.);
#6222 = EDGE_LOOP('',(#6223));
#6223 = ORIENTED_EDGE('',*,*,#6224,.F.);
#6224 = EDGE_CURVE('',#6225,#6225,#6227,.T.);
#6225 = VERTEX_POINT('',#6226);
#6226 = CARTESIAN_POINT('',(17.4,-19.56,20.));
#6227 = CIRCLE('',#6228,17.4);
#6228 = AXIS2_PLACEMENT_3D('',#6229,#6230,#6231);
#6229 = CARTESIAN_POINT('',(0.,-19.56,20.));
#6230 = DIRECTION('',(0.,0.,1.));
#6231 = DIRECTION('',(1.,0.,0.));
#6232 = FACE_BOUND('',#6233,.T.);
#6233 = EDGE_LOOP('',(#6234));
#6234 = ORIENTED_EDGE('',*,*,#6235,.F.);
#6235 = EDGE_CURVE('',#6236,#6236,#6238,.T.);
#6236 = VERTEX_POINT('',#6237);
#6237 = CARTESIAN_POINT('',(56.52,-19.56,20.));
#6238 = CIRCLE('',#6239,17.4);
#6239 = AXIS2_PLACEMENT_3D('',#6240,#6241,#6242);
#6240 = CARTESIAN_POINT('',(39.12,-19.56,20.));
#6241 = DIRECTION('',(0.,0.,1.));
#6242 = DIRECTION('',(1.,0.,0.));
#6243 = FACE_BOUND('',#6244,.T.);
#6244 = EDGE_LOOP('',(#6245));
#6245 = ORIENTED_EDGE('',*,*,#6246,.F.);
#6246 = EDGE_CURVE('',#6247,#6247,#6249,.T.);
#6247 = VERTEX_POINT('',#6248);
#6248 = CARTESIAN_POINT('',(-21.72,19.56,20.));
#6249 = CIRCLE('',#6250,17.4);
#6250 = AXIS2_PLACEMENT_3D('',#6251,#6252,#6253);
#6251 = CARTESIAN_POINT('',(-39.12,19.56,20.));
#6252 = DIRECTION('',(0.,0.,1.));
#6253 = DIRECTION('',(1.,0.,0.));
#6254 = FACE_BOUND('',#6255,.T.);
#6255 = EDGE_LOOP('',(#6256));
#6256 = ORIENTED_EDGE('',*,*,#6257,.F.);
#6257 = EDGE_CURVE('',#6258,#6258,#6260,.T.);
#6258 = VERTEX_POINT('',#6259);
#6259 = CARTESIAN_POINT('',(17.4,19.56,20.));
#6260 = CIRCLE('',#6261,17.4);
#6261 = AXIS2_PLACEMENT_3D('',#6262,#6263,#6264);
#6262 = CARTESIAN_POINT('',(0.,19.56,20.));
#6263 = DIRECTION('',(0.,0.,1.));
#6264 = DIRECTION('',(1.,0.,0.));
#6265 = FACE_BOUND('',#6266,.T.);
#6266 = EDGE_LOOP('',(#6267));
#6267 = ORIENTED_EDGE('',*,*,#6268,.F.);
#6268 = EDGE_CURVE('',#6269,#6269,#6271,.T.);
#6269 = VERTEX_POINT('',#6270);
#6270 = CARTESIAN_POINT('',(56.52,19.56,20.));
#6271 = CIRCLE('',#6272,17.4);
#6272 = AXIS2_PLACEMENT_3D('',#6273,#6274,#6275);
#6273 = CARTESIAN_POINT('',(39.12,19.56,20.));
#6274 = DIRECTION('',(0.,0.,1.));
#6275 = DIRECTION('',(1.,0.,0.));
#6276 = PLANE('',#6277);
#6277 = AXIS2_PLACEMENT_3D('',#6278,#6279,#6280);
#6278 = CARTESIAN_POINT('',(-63.88,-42.735,20.));
#6279 = DIRECTION('',(0.,0.,1.));
#6280 = DIRECTION('',(1.,0.,0.));
#6281 = ADVANCED_FACE('',(#6282),#6300,.T.);
#6282 = FACE_BOUND('',#6283,.T.);
#6283 = EDGE_LOOP('',(#6284,#6292,#6293,#6294));
#6284 = ORIENTED_EDGE('',*,*,#6285,.F.);
#6285 = EDGE_CURVE('',#6135,#6286,#6288,.T.);
#6286 = VERTEX_POINT('',#6287);
#6287 = CARTESIAN_POINT('',(63.88,42.735,0.));
#6288 = LINE('',#6289,#6290);
#6289 = CARTESIAN_POINT('',(-63.88,42.735,0.));
#6290 = VECTOR('',#6291,1.);
#6291 = DIRECTION('',(1.,0.,0.));
#6292 = ORIENTED_EDGE('',*,*,#6142,.T.);
#6293 = ORIENTED_EDGE('',*,*,#6205,.T.);
#6294 = ORIENTED_EDGE('',*,*,#6295,.F.);
#6295 = EDGE_CURVE('',#6286,#6198,#6296,.T.);
#6296 = LINE('',#6297,#6298);
#6297 = CARTESIAN_POINT('',(63.88,42.735,0.));
#6298 = VECTOR('',#6299,1.);
#6299 = DIRECTION('',(0.,0.,1.));
#6300 = PLANE('',#6301);
#6301 = AXIS2_PLACEMENT_3D('',#6302,#6303,#6304);
#6302 = CARTESIAN_POINT('',(-63.88,42.735,0.));
#6303 = DIRECTION('',(0.,1.,0.));
#6304 = DIRECTION('',(0.,0.,1.));
#6305 = ADVANCED_FACE('',(#6306),#6317,.F.);
#6306 = FACE_BOUND('',#6307,.F.);
#6307 = EDGE_LOOP('',(#6308,#6309,#6310,#6316));
#6308 = ORIENTED_EDGE('',*,*,#6134,.F.);
#6309 = ORIENTED_EDGE('',*,*,#6164,.T.);
#6310 = ORIENTED_EDGE('',*,*,#6311,.T.);
#6311 = EDGE_CURVE('',#6165,#6286,#6312,.T.);
#6312 = LINE('',#6313,#6314);
#6313 = CARTESIAN_POINT('',(63.88,-42.735,0.));
#6314 = VECTOR('',#6315,1.);
#6315 = DIRECTION('',(0.,1.,0.));
#6316 = ORIENTED_EDGE('',*,*,#6285,.F.);
#6317 = PLANE('',#6318);
#6318 = AXIS2_PLACEMENT_3D('',#6319,#6320,#6321);
#6319 = CARTESIAN_POINT('',(-63.88,-42.735,0.));
#6320 = DIRECTION('',(0.,0.,1.));
#6321 = DIRECTION('',(1.,0.,0.));
#6322 = ADVANCED_FACE('',(#6323),#6329,.T.);
#6323 = FACE_BOUND('',#6324,.T.);
#6324 = EDGE_LOOP('',(#6325,#6326,#6327,#6328));
#6325 = ORIENTED_EDGE('',*,*,#6181,.F.);
#6326 = ORIENTED_EDGE('',*,*,#6311,.T.);
#6327 = ORIENTED_EDGE('',*,*,#6295,.T.);
#6328 = ORIENTED_EDGE('',*,*,#6197,.F.);
#6329 = PLANE('',#6330);
#6330 = AXIS2_PLACEMENT_3D('',#6331,#6332,#6333);
#6331 = CARTESIAN_POINT('',(63.88,-42.735,0.));
#6332 = DIRECTION('',(1.,0.,0.));
#6333 = DIRECTION('',(0.,0.,1.));
#6334 = ADVANCED_FACE('',(#6335),#6354,.F.);
#6335 = FACE_BOUND('',#6336,.F.);
#6336 = EDGE_LOOP('',(#6337,#6338,#6346,#6353));
#6337 = ORIENTED_EDGE('',*,*,#6213,.F.);
#6338 = ORIENTED_EDGE('',*,*,#6339,.F.);
#6339 = EDGE_CURVE('',#6340,#6214,#6342,.T.);
#6340 = VERTEX_POINT('',#6341);
#6341 = CARTESIAN_POINT('',(-21.72,-19.56,1.5));
#6342 = LINE('',#6343,#6344);
#6343 = CARTESIAN_POINT('',(-21.72,-19.56,1.5));
#6344 = VECTOR('',#6345,1.);
#6345 = DIRECTION('',(0.,0.,1.));
#6346 = ORIENTED_EDGE('',*,*,#6347,.T.);
#6347 = EDGE_CURVE('',#6340,#6340,#6348,.T.);
#6348 = CIRCLE('',#6349,17.4);
#6349 = AXIS2_PLACEMENT_3D('',#6350,#6351,#6352);
#6350 = CARTESIAN_POINT('',(-39.12,-19.56,1.5));
#6351 = DIRECTION('',(0.,0.,1.));
#6352 = DIRECTION('',(1.,0.,0.));
#6353 = ORIENTED_EDGE('',*,*,#6339,.T.);
#6354 = CYLINDRICAL_SURFACE('',#6355,17.4);
#6355 = AXIS2_PLACEMENT_3D('',#6356,#6357,#6358);
#6356 = CARTESIAN_POINT('',(-39.12,-19.56,1.5));
#6357 = DIRECTION('',(0.,0.,1.));
#6358 = DIRECTION('',(1.,0.,0.));
#6359 = ADVANCED_FACE('',(#6360),#6379,.F.);
#6360 = FACE_BOUND('',#6361,.F.);
#6361 = EDGE_LOOP('',(#6362,#6363,#6371,#6378));
#6362 = ORIENTED_EDGE('',*,*,#6224,.F.);
#6363 = ORIENTED_EDGE('',*,*,#6364,.F.);
#6364 = EDGE_CURVE('',#6365,#6225,#6367,.T.);
#6365 = VERTEX_POINT('',#6366);
#6366 = CARTESIAN_POINT('',(17.4,-19.56,1.5));
#6367 = LINE('',#6368,#6369);
#6368 = CARTESIAN_POINT('',(17.4,-19.56,1.5));
#6369 = VECTOR('',#6370,1.);
#6370 = DIRECTION('',(0.,0.,1.));
#6371 = ORIENTED_EDGE('',*,*,#6372,.T.);
#6372 = EDGE_CURVE('',#6365,#6365,#6373,.T.);
#6373 = CIRCLE('',#6374,17.4);
#6374 = AXIS2_PLACEMENT_3D('',#6375,#6376,#6377);
#6375 = CARTESIAN_POINT('',(0.,-19.56,1.5));
#6376 = DIRECTION('',(0.,0.,1.));
#6377 = DIRECTION('',(1.,0.,0.));
#6378 = ORIENTED_EDGE('',*,*,#6364,.T.);
#6379 = CYLINDRICAL_SURFACE('',#6380,17.4);
#6380 = AXIS2_PLACEMENT_3D('',#6381,#6382,#6383);
#6381 = CARTESIAN_POINT('',(0.,-19.56,1.5));
#6382 = DIRECTION('',(0.,0.,1.));
#6383 = DIRECTION('',(1.,0.,0.));
#6384 = ADVANCED_FACE('',(#6385),#6404,.F.);
#6385 = FACE_BOUND('',#6386,.F.);
#6386 = EDGE_LOOP('',(#6387,#6388,#6396,#6403));
#6387 = ORIENTED_EDGE('',*,*,#6235,.F.);
#6388 = ORIENTED_EDGE('',*,*,#6389,.F.);
#6389 = EDGE_CURVE('',#6390,#6236,#6392,.T.);
#6390 = VERTEX_POINT('',#6391);
#6391 = CARTESIAN_POINT('',(56.52,-19.56,1.5));
#6392 = LINE('',#6393,#6394);
#6393 = CARTESIAN_POINT('',(56.52,-19.56,1.5));
#6394 = VECTOR('',#6395,1.);
#6395 = DIRECTION('',(0.,0.,1.));
#6396 = ORIENTED_EDGE('',*,*,#6397,.T.);
#6397 = EDGE_CURVE('',#6390,#6390,#6398,.T.);
#6398 = CIRCLE('',#6399,17.4);
#6399 = AXIS2_PLACEMENT_3D('',#6400,#6401,#6402);
#6400 = CARTESIAN_POINT('',(39.12,-19.56,1.5));
#6401 = DIRECTION('',(0.,0.,1.));
#6402 = DIRECTION('',(1.,0.,0.));
#6403 = ORIENTED_EDGE('',*,*,#6389,.T.);
#6404 = CYLINDRICAL_SURFACE('',#6405,17.4);
#6405 = AXIS2_PLACEMENT_3D('',#6406,#6407,#6408);
#6406 = CARTESIAN_POINT('',(39.12,-19.56,1.5));
#6407 = DIRECTION('',(0.,0.,1.));
#6408 = DIRECTION('',(1.,0.,0.));
#6409 = ADVANCED_FACE('',(#6410),#6429,.F.);
#6410 = FACE_BOUND('',#6411,.F.);
#6411 = EDGE_LOOP('',(#6412,#6413,#6421,#6428));
#6412 = ORIENTED_EDGE('',*,*,#6246,.F.);
#6413 = ORIENTED_EDGE('',*,*,#6414,.F.);
#6414 = EDGE_CURVE('',#6415,#6247,#6417,.T.);
#6415 = VERTEX_POINT('',#6416);
#6416 = CARTESIAN_POINT('',(-21.72,19.56,1.5));
#6417 = LINE('',#6418,#6419);
#6418 = CARTESIAN_POINT('',(-21.72,19.56,1.5));
#6419 = VECTOR('',#6420,1.);
#6420 = DIRECTION('',(0.,0.,1.));
#6421 = ORIENTED_EDGE('',*,*,#6422,.T.);
#6422 = EDGE_CURVE('',#6415,#6415,#6423,.T.);
#6423 = CIRCLE('',#6424,17.4);
#6424 = AXIS2_PLACEMENT_3D('',#6425,#6426,#6427);
#6425 = CARTESIAN_POINT('',(-39.12,19.56,1.5));
#6426 = DIRECTION('',(0.,0.,1.));
#6427 = DIRECTION('',(1.,0.,0.));
#6428 = ORIENTED_EDGE('',*,*,#6414,.T.);
#6429 = CYLINDRICAL_SURFACE('',#6430,17.4);
#6430 = AXIS2_PLACEMENT_3D('',#6431,#6432,#6433);
#6431 = CARTESIAN_POINT('',(-39.12,19.56,1.5));
#6432 = DIRECTION('',(0.,0.,1.));
#6433 = DIRECTION('',(1.,0.,0.));
#6434 = ADVANCED_FACE('',(#6435),#6454,.F.);
#6435 = FACE_BOUND('',#6436,.F.);
#6436 = EDGE_LOOP('',(#6437,#6438,#6446,#6453));
#6437 = ORIENTED_EDGE('',*,*,#6257,.F.);
#6438 = ORIENTED_EDGE('',*,*,#6439,.F.);
#6439 = EDGE_CURVE('',#6440,#6258,#6442,.T.);
#6440 = VERTEX_POINT('',#6441);
#6441 = CARTESIAN_POINT('',(17.4,19.56,1.5));
#6442 = LINE('',#6443,#6444);
#6443 = CARTESIAN_POINT('',(17.4,19.56,1.5));
#6444 = VECTOR('',#6445,1.);
#6445 = DIRECTION('',(0.,0.,1.));
#6446 = ORIENTED_EDGE('',*,*,#6447,.T.);
#6447 = EDGE_CURVE('',#6440,#6440,#6448,.T.);
#6448 = CIRCLE('',#6449,17.4);
#6449 = AXIS2_PLACEMENT_3D('',#6450,#6451,#6452);
#6450 = CARTESIAN_POINT('',(0.,19.56,1.5));
#6451 = DIRECTION('',(0.,0.,1.));
#6452 = DIRECTION('',(1.,0.,0.));
#6453 = ORIENTED_EDGE('',*,*,#6439,.T.);
#6454 = CYLINDRICAL_SURFACE('',#6455,17.4);
#6455 = AXIS2_PLACEMENT_3D('',#6456,#6457,#6458);
#6456 = CARTESIAN_POINT('',(0.,19.56,1.5));
#6457 = DIRECTION('',(0.,0.,1.));
#6458 = DIRECTION('',(1.,0.,0.));
#6459 = ADVANCED_FACE('',(#6460),#6479,.F.);
#6460 = FACE_BOUND('',#6461,.F.);
#6461 = EDGE_LOOP('',(#6462,#6463,#6471,#6478));
#6462 = ORIENTED_EDGE('',*,*,#6268,.F.);
#6463 = ORIENTED_EDGE('',*,*,#6464,.F.);
#6464 = EDGE_CURVE('',#6465,#6269,#6467,.T.);
#6465 = VERTEX_POINT('',#6466);
#6466 = CARTESIAN_POINT('',(56.52,19.56,1.5));
#6467 = LINE('',#6468,#6469);
#6468 = CARTESIAN_POINT('',(56.52,19.56,1.5));
#6469 = VECTOR('',#6470,1.);
#6470 = DIRECTION('',(0.,0.,1.));
#6471 = ORIENTED_EDGE('',*,*,#6472,.T.);
#6472 = EDGE_CURVE('',#6465,#6465,#6473,.T.);
#6473 = CIRCLE('',#6474,17.4);
#6474 = AXIS2_PLACEMENT_3D('',#6475,#6476,#6477);
#6475 = CARTESIAN_POINT('',(39.12,19.56,1.5));
#6476 = DIRECTION('',(0.,0.,1.));
#6477 = DIRECTION('',(1.,0.,0.));
#6478 = ORIENTED_EDGE('',*,*,#6464,.T.);
#6479 = CYLINDRICAL_SURFACE('',#6480,17.4);
#6480 = AXIS2_PLACEMENT_3D('',#6481,#6482,#6483);
#6481 = CARTESIAN_POINT('',(39.12,19.56,1.5));
#6482 = DIRECTION('',(0.,0.,1.));
#6483 = DIRECTION('',(1.,0.,0.));
#6484 = ADVANCED_FACE('',(#6485),#6488,.T.);
#6485 = FACE_BOUND('',#6486,.F.);
#6486 = EDGE_LOOP('',(#6487));
#6487 = ORIENTED_EDGE('',*,*,#6347,.F.);
#6488 = PLANE('',#6489);
#6489 = AXIS2_PLACEMENT_3D('',#6490,#6491,#6492);
#6490 = CARTESIAN_POINT('',(-39.12,-19.56,1.5));
#6491 = DIRECTION('',(0.,0.,1.));
#6492 = DIRECTION('',(1.,0.,0.));
#6493 = ADVANCED_FACE('',(#6494),#6497,.T.);
#6494 = FACE_BOUND('',#6495,.F.);
#6495 = EDGE_LOOP('',(#6496));
#6496 = ORIENTED_EDGE('',*,*,#6372,.F.);
#6497 = PLANE('',#6498);
#6498 = AXIS2_PLACEMENT_3D('',#6499,#6500,#6501);
#6499 = CARTESIAN_POINT('',(0.,-19.56,1.5));
#6500 = DIRECTION('',(0.,0.,1.));
#6501 = DIRECTION('',(1.,0.,0.));
#6502 = ADVANCED_FACE('',(#6503),#6506,.T.);
#6503 = FACE_BOUND('',#6504,.F.);
#6504 = EDGE_LOOP('',(#6505));
#6505 = ORIENTED_EDGE('',*,*,#6397,.F.);
#6506 = PLANE('',#6507);
#6507 = AXIS2_PLACEMENT_3D('',#6508,#6509,#6510);
#6508 = CARTESIAN_POINT('',(39.12,-19.56,1.5));
#6509 = DIRECTION('',(0.,0.,1.));
#6510 = DIRECTION('',(1.,0.,0.));
#6511 = ADVANCED_FACE('',(#6512),#6515,.T.);
#6512 = FACE_BOUND('',#6513,.F.);
#6513 = EDGE_LOOP('',(#6514));
#6514 = ORIENTED_EDGE('',*,*,#6422,.F.);
#6515 = PLANE('',#6516);
#6516 = AXIS2_PLACEMENT_3D('',#6517,#6518,#6519);
#6517 = CARTESIAN_POINT('',(-39.12,19.56,1.5));
#6518 = DIRECTION('',(0.,0.,1.));
#6519 = DIRECTION('',(1.,0.,0.));
#6520 = ADVANCED_FACE('',(#6521),#6524,.T.);
#6521 = FACE_BOUND('',#6522,.F.);
#6522 = EDGE_LOOP('',(#6523));
#6523 = ORIENTED_EDGE('',*,*,#6447,.F.);
#6524 = PLANE('',#6525);
#6525 = AXIS2_PLACEMENT_3D('',#6526,#6527,#6528);
#6526 = CARTESIAN_POINT('',(0.,19.56,1.5));
#6527 = DIRECTION('',(0.,0.,1.));
#6528 = DIRECTION('',(1.,0.,0.));
#6529 = ADVANCED_FACE('',(#6530),#6533,.T.);
#6530 = FACE_BOUND('',#6531,.F.);
#6531 = EDGE_LOOP('',(#6532));
#6532 = ORIENTED_EDGE('',*,*,#6472,.F.);
#6533 = PLANE('',#6534);
#6534 = AXIS2_PLACEMENT_3D('',#6535,#6536,#6537);
#6535 = CARTESIAN_POINT('',(39.12,19.56,1.5));
#6536 = DIRECTION('',(0.,0.,1.));
#6537 = DIRECTION('',(1.,0.,0.));
#6538 = MANIFOLD_SOLID_BREP('',#6539);
#6539 = CLOSED_SHELL('',(#6540,#6580,#6620,#6642,#6664,#6676));
#6540 = ADVANCED_FACE('',(#6541),#6575,.F.);
#6541 = FACE_BOUND('',#6542,.F.);
#6542 = EDGE_LOOP('',(#6543,#6553,#6561,#6569));
#6543 = ORIENTED_EDGE('',*,*,#6544,.F.);
#6544 = EDGE_CURVE('',#6545,#6547,#6549,.T.);
#6545 = VERTEX_POINT('',#6546);
#6546 = CARTESIAN_POINT('',(-64.28,-43.135,20.));
#6547 = VERTEX_POINT('',#6548);
#6548 = CARTESIAN_POINT('',(-64.28,-43.135,22.5));
#6549 = LINE('',#6550,#6551);
#6550 = CARTESIAN_POINT('',(-64.28,-43.135,20.));
#6551 = VECTOR('',#6552,1.);
#6552 = DIRECTION('',(0.,0.,1.));
#6553 = ORIENTED_EDGE('',*,*,#6554,.T.);
#6554 = EDGE_CURVE('',#6545,#6555,#6557,.T.);
#6555 = VERTEX_POINT('',#6556);
#6556 = CARTESIAN_POINT('',(-64.28,43.135,20.));
#6557 = LINE('',#6558,#6559);
#6558 = CARTESIAN_POINT('',(-64.28,-43.135,20.));
#6559 = VECTOR('',#6560,1.);
#6560 = DIRECTION('',(0.,1.,0.));
#6561 = ORIENTED_EDGE('',*,*,#6562,.T.);
#6562 = EDGE_CURVE('',#6555,#6563,#6565,.T.);
#6563 = VERTEX_POINT('',#6564);
#6564 = CARTESIAN_POINT('',(-64.28,43.135,22.5));
#6565 = LINE('',#6566,#6567);
#6566 = CARTESIAN_POINT('',(-64.28,43.135,20.));
#6567 = VECTOR('',#6568,1.);
#6568 = DIRECTION('',(0.,0.,1.));
#6569 = ORIENTED_EDGE('',*,*,#6570,.F.);
#6570 = EDGE_CURVE('',#6547,#6563,#6571,.T.);
#6571 = LINE('',#6572,#6573);
#6572 = CARTESIAN_POINT('',(-64.28,-43.135,22.5));
#6573 = VECTOR('',#6574,1.);
#6574 = DIRECTION('',(0.,1.,0.));
#6575 = PLANE('',#6576);
#6576 = AXIS2_PLACEMENT_3D('',#6577,#6578,#6579);
#6577 = CARTESIAN_POINT('',(-64.28,-43.135,20.));
#6578 = DIRECTION('',(1.,0.,0.));
#6579 = DIRECTION('',(0.,0.,1.));
#6580 = ADVANCED_FACE('',(#6581),#6615,.T.);
#6581 = FACE_BOUND('',#6582,.T.);
#6582 = EDGE_LOOP('',(#6583,#6593,#6601,#6609));
#6583 = ORIENTED_EDGE('',*,*,#6584,.F.);
#6584 = EDGE_CURVE('',#6585,#6587,#6589,.T.);
#6585 = VERTEX_POINT('',#6586);
#6586 = CARTESIAN_POINT('',(64.28,-43.135,20.));
#6587 = VERTEX_POINT('',#6588);
#6588 = CARTESIAN_POINT('',(64.28,-43.135,22.5));
#6589 = LINE('',#6590,#6591);
#6590 = CARTESIAN_POINT('',(64.28,-43.135,20.));
#6591 = VECTOR('',#6592,1.);
#6592 = DIRECTION('',(0.,0.,1.));
#6593 = ORIENTED_EDGE('',*,*,#6594,.T.);
#6594 = EDGE_CURVE('',#6585,#6595,#6597,.T.);
#6595 = VERTEX_POINT('',#6596);
#6596 = CARTESIAN_POINT('',(64.28,43.135,20.));
#6597 = LINE('',#6598,#6599);
#6598 = CARTESIAN_POINT('',(64.28,-43.135,20.));
#6599 = VECTOR('',#6600,1.);
#6600 = DIRECTION('',(0.,1.,0.));
#6601 = ORIENTED_EDGE('',*,*,#6602,.T.);
#6602 = EDGE_CURVE('',#6595,#6603,#6605,.T.);
#6603 = VERTEX_POINT('',#6604);
#6604 = CARTESIAN_POINT('',(64.28,43.135,22.5));
#6605 = LINE('',#6606,#6607);
#6606 = CARTESIAN_POINT('',(64.28,43.135,20.));
#6607 = VECTOR('',#6608,1.);
#6608 = DIRECTION('',(0.,0.,1.));
#6609 = ORIENTED_EDGE('',*,*,#6610,.F.);
#6610 = EDGE_CURVE('',#6587,#6603,#6611,.T.);
#6611 = LINE('',#6612,#6613);
#6612 = CARTESIAN_POINT('',(64.28,-43.135,22.5));
#6613 = VECTOR('',#6614,1.);
#6614 = DIRECTION('',(0.,1.,0.));
#6615 = PLANE('',#6616);
#6616 = AXIS2_PLACEMENT_3D('',#6617,#6618,#6619);
#6617 = CARTESIAN_POINT('',(64.28,-43.135,20.));
#6618 = DIRECTION('',(1.,0.,0.));
#6619 = DIRECTION('',(0.,0.,1.));
#6620 = ADVANCED_FACE('',(#6621),#6637,.F.);
#6621 = FACE_BOUND('',#6622,.F.);
#6622 = EDGE_LOOP('',(#6623,#6629,#6630,#6636));
#6623 = ORIENTED_EDGE('',*,*,#6624,.F.);
#6624 = EDGE_CURVE('',#6545,#6585,#6625,.T.);
#6625 = LINE('',#6626,#6627);
#6626 = CARTESIAN_POINT('',(-64.28,-43.135,20.));
#6627 = VECTOR('',#6628,1.);
#6628 = DIRECTION('',(1.,0.,0.));
#6629 = ORIENTED_EDGE('',*,*,#6544,.T.);
#6630 = ORIENTED_EDGE('',*,*,#6631,.T.);
#6631 = EDGE_CURVE('',#6547,#6587,#6632,.T.);
#6632 = LINE('',#6633,#6634);
#6633 = CARTESIAN_POINT('',(-64.28,-43.135,22.5));
#6634 = VECTOR('',#6635,1.);
#6635 = DIRECTION('',(1.,0.,0.));
#6636 = ORIENTED_EDGE('',*,*,#6584,.F.);
#6637 = PLANE('',#6638);
#6638 = AXIS2_PLACEMENT_3D('',#6639,#6640,#6641);
#6639 = CARTESIAN_POINT('',(-64.28,-43.135,20.));
#6640 = DIRECTION('',(0.,1.,0.));
#6641 = DIRECTION('',(0.,0.,1.));
#6642 = ADVANCED_FACE('',(#6643),#6659,.T.);
#6643 = FACE_BOUND('',#6644,.T.);
#6644 = EDGE_LOOP('',(#6645,#6651,#6652,#6658));
#6645 = ORIENTED_EDGE('',*,*,#6646,.F.);
#6646 = EDGE_CURVE('',#6555,#6595,#6647,.T.);
#6647 = LINE('',#6648,#6649);
#6648 = CARTESIAN_POINT('',(-64.28,43.135,20.));
#6649 = VECTOR('',#6650,1.);
#6650 = DIRECTION('',(1.,0.,0.));
#6651 = ORIENTED_EDGE('',*,*,#6562,.T.);
#6652 = ORIENTED_EDGE('',*,*,#6653,.T.);
#6653 = EDGE_CURVE('',#6563,#6603,#6654,.T.);
#6654 = LINE('',#6655,#6656);
#6655 = CARTESIAN_POINT('',(-64.28,43.135,22.5));
#6656 = VECTOR('',#6657,1.);
#6657 = DIRECTION('',(1.,0.,0.));
#6658 = ORIENTED_EDGE('',*,*,#6602,.F.);
#6659 = PLANE('',#6660);
#6660 = AXIS2_PLACEMENT_3D('',#6661,#6662,#6663);
#6661 = CARTESIAN_POINT('',(-64.28,43.135,20.));
#6662 = DIRECTION('',(0.,1.,0.));
#6663 = DIRECTION('',(0.,0.,1.));
#6664 = ADVANCED_FACE('',(#6665),#6671,.F.);
#6665 = FACE_BOUND('',#6666,.F.);
#6666 = EDGE_LOOP('',(#6667,#6668,#6669,#6670));
#6667 = ORIENTED_EDGE('',*,*,#6554,.F.);
#6668 = ORIENTED_EDGE('',*,*,#6624,.T.);
#6669 = ORIENTED_EDGE('',*,*,#6594,.T.);
#6670 = ORIENTED_EDGE('',*,*,#6646,.F.);
#6671 = PLANE('',#6672);
#6672 = AXIS2_PLACEMENT_3D('',#6673,#6674,#6675);
#6673 = CARTESIAN_POINT('',(-64.28,-43.135,20.));
#6674 = DIRECTION('',(0.,0.,1.));
#6675 = DIRECTION('',(1.,0.,0.));
#6676 = ADVANCED_FACE('',(#6677),#6683,.T.);
#6677 = FACE_BOUND('',#6678,.T.);
#6678 = EDGE_LOOP('',(#6679,#6680,#6681,#6682));
#6679 = ORIENTED_EDGE('',*,*,#6570,.F.);
#6680 = ORIENTED_EDGE('',*,*,#6631,.T.);
#6681 = ORIENTED_EDGE('',*,*,#6610,.T.);
#6682 = ORIENTED_EDGE('',*,*,#6653,.F.);
#6683 = PLANE('',#6684);
#6684 = AXIS2_PLACEMENT_3D('',#6685,#6686,#6687);
#6685 = CARTESIAN_POINT('',(-64.28,-43.135,22.5));
#6686 = DIRECTION('',(0.,0.,1.));
#6687 = DIRECTION('',(1.,0.,0.));
#6688 = MANIFOLD_SOLID_BREP('',#6689);
#6689 = CLOSED_SHELL('',(#6690,#6730,#6761,#6796,#6820,#6837,#6849,#6874
    ,#6899));
#6690 = ADVANCED_FACE('',(#6691),#6725,.F.);
#6691 = FACE_BOUND('',#6692,.F.);
#6692 = EDGE_LOOP('',(#6693,#6703,#6711,#6719));
#6693 = ORIENTED_EDGE('',*,*,#6694,.F.);
#6694 = EDGE_CURVE('',#6695,#6697,#6699,.T.);
#6695 = VERTEX_POINT('',#6696);
#6696 = CARTESIAN_POINT('',(-19.,-19.,-151.6));
#6697 = VERTEX_POINT('',#6698);
#6698 = CARTESIAN_POINT('',(-19.,-19.,-150.));
#6699 = LINE('',#6700,#6701);
#6700 = CARTESIAN_POINT('',(-19.,-19.,-151.6));
#6701 = VECTOR('',#6702,1.);
#6702 = DIRECTION('',(0.,0.,1.));
#6703 = ORIENTED_EDGE('',*,*,#6704,.T.);
#6704 = EDGE_CURVE('',#6695,#6705,#6707,.T.);
#6705 = VERTEX_POINT('',#6706);
#6706 = CARTESIAN_POINT('',(-19.,19.,-151.6));
#6707 = LINE('',#6708,#6709);
#6708 = CARTESIAN_POINT('',(-19.,-19.,-151.6));
#6709 = VECTOR('',#6710,1.);
#6710 = DIRECTION('',(0.,1.,0.));
#6711 = ORIENTED_EDGE('',*,*,#6712,.T.);
#6712 = EDGE_CURVE('',#6705,#6713,#6715,.T.);
#6713 = VERTEX_POINT('',#6714);
#6714 = CARTESIAN_POINT('',(-19.,19.,-150.));
#6715 = LINE('',#6716,#6717);
#6716 = CARTESIAN_POINT('',(-19.,19.,-151.6));
#6717 = VECTOR('',#6718,1.);
#6718 = DIRECTION('',(0.,0.,1.));
#6719 = ORIENTED_EDGE('',*,*,#6720,.F.);
#6720 = EDGE_CURVE('',#6697,#6713,#6721,.T.);
#6721 = LINE('',#6722,#6723);
#6722 = CARTESIAN_POINT('',(-19.,-19.,-150.));
#6723 = VECTOR('',#6724,1.);
#6724 = DIRECTION('',(0.,1.,0.));
#6725 = PLANE('',#6726);
#6726 = AXIS2_PLACEMENT_3D('',#6727,#6728,#6729);
#6727 = CARTESIAN_POINT('',(-19.,-19.,-151.6));
#6728 = DIRECTION('',(1.,0.,0.));
#6729 = DIRECTION('',(0.,0.,1.));
#6730 = ADVANCED_FACE('',(#6731),#6756,.F.);
#6731 = FACE_BOUND('',#6732,.F.);
#6732 = EDGE_LOOP('',(#6733,#6741,#6742,#6750));
#6733 = ORIENTED_EDGE('',*,*,#6734,.F.);
#6734 = EDGE_CURVE('',#6695,#6735,#6737,.T.);
#6735 = VERTEX_POINT('',#6736);
#6736 = CARTESIAN_POINT('',(19.,-19.,-151.6));
#6737 = LINE('',#6738,#6739);
#6738 = CARTESIAN_POINT('',(-19.,-19.,-151.6));
#6739 = VECTOR('',#6740,1.);
#6740 = DIRECTION('',(1.,0.,0.));
#6741 = ORIENTED_EDGE('',*,*,#6694,.T.);
#6742 = ORIENTED_EDGE('',*,*,#6743,.T.);
#6743 = EDGE_CURVE('',#6697,#6744,#6746,.T.);
#6744 = VERTEX_POINT('',#6745);
#6745 = CARTESIAN_POINT('',(19.,-19.,-150.));
#6746 = LINE('',#6747,#6748);
#6747 = CARTESIAN_POINT('',(-19.,-19.,-150.));
#6748 = VECTOR('',#6749,1.);
#6749 = DIRECTION('',(1.,0.,0.));
#6750 = ORIENTED_EDGE('',*,*,#6751,.F.);
#6751 = EDGE_CURVE('',#6735,#6744,#6752,.T.);
#6752 = LINE('',#6753,#6754);
#6753 = CARTESIAN_POINT('',(19.,-19.,-151.6));
#6754 = VECTOR('',#6755,1.);
#6755 = DIRECTION('',(0.,0.,1.));
#6756 = PLANE('',#6757);
#6757 = AXIS2_PLACEMENT_3D('',#6758,#6759,#6760);
#6758 = CARTESIAN_POINT('',(-19.,-19.,-151.6));
#6759 = DIRECTION('',(0.,1.,0.));
#6760 = DIRECTION('',(0.,0.,1.));
#6761 = ADVANCED_FACE('',(#6762,#6780),#6791,.T.);
#6762 = FACE_BOUND('',#6763,.T.);
#6763 = EDGE_LOOP('',(#6764,#6765,#6766,#6774));
#6764 = ORIENTED_EDGE('',*,*,#6720,.F.);
#6765 = ORIENTED_EDGE('',*,*,#6743,.T.);
#6766 = ORIENTED_EDGE('',*,*,#6767,.T.);
#6767 = EDGE_CURVE('',#6744,#6768,#6770,.T.);
#6768 = VERTEX_POINT('',#6769);
#6769 = CARTESIAN_POINT('',(19.,19.,-150.));
#6770 = LINE('',#6771,#6772);
#6771 = CARTESIAN_POINT('',(19.,-19.,-150.));
#6772 = VECTOR('',#6773,1.);
#6773 = DIRECTION('',(0.,1.,0.));
#6774 = ORIENTED_EDGE('',*,*,#6775,.F.);
#6775 = EDGE_CURVE('',#6713,#6768,#6776,.T.);
#6776 = LINE('',#6777,#6778);
#6777 = CARTESIAN_POINT('',(-19.,19.,-150.));
#6778 = VECTOR('',#6779,1.);
#6779 = DIRECTION('',(1.,0.,0.));
#6780 = FACE_BOUND('',#6781,.T.);
#6781 = EDGE_LOOP('',(#6782));
#6782 = ORIENTED_EDGE('',*,*,#6783,.F.);
#6783 = EDGE_CURVE('',#6784,#6784,#6786,.T.);
#6784 = VERTEX_POINT('',#6785);
#6785 = CARTESIAN_POINT('',(15.,-3.673940397442E-15,-150.));
#6786 = CIRCLE('',#6787,15.);
#6787 = AXIS2_PLACEMENT_3D('',#6788,#6789,#6790);
#6788 = CARTESIAN_POINT('',(0.,0.,-150.));
#6789 = DIRECTION('',(0.,0.,1.));
#6790 = DIRECTION('',(1.,0.,0.));
#6791 = PLANE('',#6792);
#6792 = AXIS2_PLACEMENT_3D('',#6793,#6794,#6795);
#6793 = CARTESIAN_POINT('',(-19.,-19.,-150.));
#6794 = DIRECTION('',(0.,0.,1.));
#6795 = DIRECTION('',(1.,0.,0.));
#6796 = ADVANCED_FACE('',(#6797),#6815,.T.);
#6797 = FACE_BOUND('',#6798,.T.);
#6798 = EDGE_LOOP('',(#6799,#6807,#6808,#6809));
#6799 = ORIENTED_EDGE('',*,*,#6800,.F.);
#6800 = EDGE_CURVE('',#6705,#6801,#6803,.T.);
#6801 = VERTEX_POINT('',#6802);
#6802 = CARTESIAN_POINT('',(19.,19.,-151.6));
#6803 = LINE('',#6804,#6805);
#6804 = CARTESIAN_POINT('',(-19.,19.,-151.6));
#6805 = VECTOR('',#6806,1.);
#6806 = DIRECTION('',(1.,0.,0.));
#6807 = ORIENTED_EDGE('',*,*,#6712,.T.);
#6808 = ORIENTED_EDGE('',*,*,#6775,.T.);
#6809 = ORIENTED_EDGE('',*,*,#6810,.F.);
#6810 = EDGE_CURVE('',#6801,#6768,#6811,.T.);
#6811 = LINE('',#6812,#6813);
#6812 = CARTESIAN_POINT('',(19.,19.,-151.6));
#6813 = VECTOR('',#6814,1.);
#6814 = DIRECTION('',(0.,0.,1.));
#6815 = PLANE('',#6816);
#6816 = AXIS2_PLACEMENT_3D('',#6817,#6818,#6819);
#6817 = CARTESIAN_POINT('',(-19.,19.,-151.6));
#6818 = DIRECTION('',(0.,1.,0.));
#6819 = DIRECTION('',(0.,0.,1.));
#6820 = ADVANCED_FACE('',(#6821),#6832,.F.);
#6821 = FACE_BOUND('',#6822,.F.);
#6822 = EDGE_LOOP('',(#6823,#6824,#6825,#6831));
#6823 = ORIENTED_EDGE('',*,*,#6704,.F.);
#6824 = ORIENTED_EDGE('',*,*,#6734,.T.);
#6825 = ORIENTED_EDGE('',*,*,#6826,.T.);
#6826 = EDGE_CURVE('',#6735,#6801,#6827,.T.);
#6827 = LINE('',#6828,#6829);
#6828 = CARTESIAN_POINT('',(19.,-19.,-151.6));
#6829 = VECTOR('',#6830,1.);
#6830 = DIRECTION('',(0.,1.,0.));
#6831 = ORIENTED_EDGE('',*,*,#6800,.F.);
#6832 = PLANE('',#6833);
#6833 = AXIS2_PLACEMENT_3D('',#6834,#6835,#6836);
#6834 = CARTESIAN_POINT('',(-19.,-19.,-151.6));
#6835 = DIRECTION('',(0.,0.,1.));
#6836 = DIRECTION('',(1.,0.,0.));
#6837 = ADVANCED_FACE('',(#6838),#6844,.T.);
#6838 = FACE_BOUND('',#6839,.T.);
#6839 = EDGE_LOOP('',(#6840,#6841,#6842,#6843));
#6840 = ORIENTED_EDGE('',*,*,#6751,.F.);
#6841 = ORIENTED_EDGE('',*,*,#6826,.T.);
#6842 = ORIENTED_EDGE('',*,*,#6810,.T.);
#6843 = ORIENTED_EDGE('',*,*,#6767,.F.);
#6844 = PLANE('',#6845);
#6845 = AXIS2_PLACEMENT_3D('',#6846,#6847,#6848);
#6846 = CARTESIAN_POINT('',(19.,-19.,-151.6));
#6847 = DIRECTION('',(1.,0.,0.));
#6848 = DIRECTION('',(0.,0.,1.));
#6849 = ADVANCED_FACE('',(#6850),#6869,.T.);
#6850 = FACE_BOUND('',#6851,.T.);
#6851 = EDGE_LOOP('',(#6852,#6861,#6867,#6868));
#6852 = ORIENTED_EDGE('',*,*,#6853,.F.);
#6853 = EDGE_CURVE('',#6854,#6854,#6856,.T.);
#6854 = VERTEX_POINT('',#6855);
#6855 = CARTESIAN_POINT('',(15.,-3.673940397442E-15,-137.5));
#6856 = CIRCLE('',#6857,15.);
#6857 = AXIS2_PLACEMENT_3D('',#6858,#6859,#6860);
#6858 = CARTESIAN_POINT('',(0.,0.,-137.5));
#6859 = DIRECTION('',(0.,0.,1.));
#6860 = DIRECTION('',(1.,0.,0.));
#6861 = ORIENTED_EDGE('',*,*,#6862,.F.);
#6862 = EDGE_CURVE('',#6784,#6854,#6863,.T.);
#6863 = LINE('',#6864,#6865);
#6864 = CARTESIAN_POINT('',(15.,-3.673940397442E-15,-150.));
#6865 = VECTOR('',#6866,1.);
#6866 = DIRECTION('',(0.,0.,1.));
#6867 = ORIENTED_EDGE('',*,*,#6783,.T.);
#6868 = ORIENTED_EDGE('',*,*,#6862,.T.);
#6869 = CYLINDRICAL_SURFACE('',#6870,15.);
#6870 = AXIS2_PLACEMENT_3D('',#6871,#6872,#6873);
#6871 = CARTESIAN_POINT('',(0.,0.,-150.));
#6872 = DIRECTION('',(0.,0.,1.));
#6873 = DIRECTION('',(1.,0.,0.));
#6874 = ADVANCED_FACE('',(#6875),#6894,.T.);
#6875 = FACE_BOUND('',#6876,.T.);
#6876 = EDGE_LOOP('',(#6877,#6886,#6892,#6893));
#6877 = ORIENTED_EDGE('',*,*,#6878,.F.);
#6878 = EDGE_CURVE('',#6879,#6879,#6881,.T.);
#6879 = VERTEX_POINT('',#6880);
#6880 = CARTESIAN_POINT('',(15.,-3.673940397442E-15,-107.5));
#6881 = CIRCLE('',#6882,15.);
#6882 = AXIS2_PLACEMENT_3D('',#6883,#6884,#6885);
#6883 = CARTESIAN_POINT('',(0.,0.,-107.5));
#6884 = DIRECTION('',(0.,0.,1.));
#6885 = DIRECTION('',(1.,0.,0.));
#6886 = ORIENTED_EDGE('',*,*,#6887,.F.);
#6887 = EDGE_CURVE('',#6854,#6879,#6888,.T.);
#6888 = LINE('',#6889,#6890);
#6889 = CARTESIAN_POINT('',(15.,-3.673940397442E-15,-137.5));
#6890 = VECTOR('',#6891,1.);
#6891 = DIRECTION('',(0.,0.,1.));
#6892 = ORIENTED_EDGE('',*,*,#6853,.T.);
#6893 = ORIENTED_EDGE('',*,*,#6887,.T.);
#6894 = CYLINDRICAL_SURFACE('',#6895,15.);
#6895 = AXIS2_PLACEMENT_3D('',#6896,#6897,#6898);
#6896 = CARTESIAN_POINT('',(0.,0.,-137.5));
#6897 = DIRECTION('',(0.,0.,1.));
#6898 = DIRECTION('',(1.,0.,0.));
#6899 = ADVANCED_FACE('',(#6900),#6903,.T.);
#6900 = FACE_BOUND('',#6901,.T.);
#6901 = EDGE_LOOP('',(#6902));
#6902 = ORIENTED_EDGE('',*,*,#6878,.T.);
#6903 = PLANE('',#6904);
#6904 = AXIS2_PLACEMENT_3D('',#6905,#6906,#6907);
#6905 = CARTESIAN_POINT('',(0.,0.,-107.5));
#6906 = DIRECTION('',(0.,0.,1.));
#6907 = DIRECTION('',(1.,0.,0.));
#6908 = MANIFOLD_SOLID_BREP('',#6909);
#6909 = CLOSED_SHELL('',(#6910,#6950,#6990,#7012,#7034,#7046));
#6910 = ADVANCED_FACE('',(#6911),#6945,.F.);
#6911 = FACE_BOUND('',#6912,.F.);
#6912 = EDGE_LOOP('',(#6913,#6923,#6931,#6939));
#6913 = ORIENTED_EDGE('',*,*,#6914,.F.);
#6914 = EDGE_CURVE('',#6915,#6917,#6919,.T.);
#6915 = VERTEX_POINT('',#6916);
#6916 = CARTESIAN_POINT('',(-12.5,-12.,150.));
#6917 = VERTEX_POINT('',#6918);
#6918 = CARTESIAN_POINT('',(-12.5,-12.,151.6));
#6919 = LINE('',#6920,#6921);
#6920 = CARTESIAN_POINT('',(-12.5,-12.,150.));
#6921 = VECTOR('',#6922,1.);
#6922 = DIRECTION('',(0.,0.,1.));
#6923 = ORIENTED_EDGE('',*,*,#6924,.T.);
#6924 = EDGE_CURVE('',#6915,#6925,#6927,.T.);
#6925 = VERTEX_POINT('',#6926);
#6926 = CARTESIAN_POINT('',(-12.5,12.,150.));
#6927 = LINE('',#6928,#6929);
#6928 = CARTESIAN_POINT('',(-12.5,-12.,150.));
#6929 = VECTOR('',#6930,1.);
#6930 = DIRECTION('',(0.,1.,0.));
#6931 = ORIENTED_EDGE('',*,*,#6932,.T.);
#6932 = EDGE_CURVE('',#6925,#6933,#6935,.T.);
#6933 = VERTEX_POINT('',#6934);
#6934 = CARTESIAN_POINT('',(-12.5,12.,151.6));
#6935 = LINE('',#6936,#6937);
#6936 = CARTESIAN_POINT('',(-12.5,12.,150.));
#6937 = VECTOR('',#6938,1.);
#6938 = DIRECTION('',(0.,0.,1.));
#6939 = ORIENTED_EDGE('',*,*,#6940,.F.);
#6940 = EDGE_CURVE('',#6917,#6933,#6941,.T.);
#6941 = LINE('',#6942,#6943);
#6942 = CARTESIAN_POINT('',(-12.5,-12.,151.6));
#6943 = VECTOR('',#6944,1.);
#6944 = DIRECTION('',(0.,1.,0.));
#6945 = PLANE('',#6946);
#6946 = AXIS2_PLACEMENT_3D('',#6947,#6948,#6949);
#6947 = CARTESIAN_POINT('',(-12.5,-12.,150.));
#6948 = DIRECTION('',(1.,0.,0.));
#6949 = DIRECTION('',(0.,0.,1.));
#6950 = ADVANCED_FACE('',(#6951),#6985,.T.);
#6951 = FACE_BOUND('',#6952,.T.);
#6952 = EDGE_LOOP('',(#6953,#6963,#6971,#6979));
#6953 = ORIENTED_EDGE('',*,*,#6954,.F.);
#6954 = EDGE_CURVE('',#6955,#6957,#6959,.T.);
#6955 = VERTEX_POINT('',#6956);
#6956 = CARTESIAN_POINT('',(12.5,-12.,150.));
#6957 = VERTEX_POINT('',#6958);
#6958 = CARTESIAN_POINT('',(12.5,-12.,151.6));
#6959 = LINE('',#6960,#6961);
#6960 = CARTESIAN_POINT('',(12.5,-12.,150.));
#6961 = VECTOR('',#6962,1.);
#6962 = DIRECTION('',(0.,0.,1.));
#6963 = ORIENTED_EDGE('',*,*,#6964,.T.);
#6964 = EDGE_CURVE('',#6955,#6965,#6967,.T.);
#6965 = VERTEX_POINT('',#6966);
#6966 = CARTESIAN_POINT('',(12.5,12.,150.));
#6967 = LINE('',#6968,#6969);
#6968 = CARTESIAN_POINT('',(12.5,-12.,150.));
#6969 = VECTOR('',#6970,1.);
#6970 = DIRECTION('',(0.,1.,0.));
#6971 = ORIENTED_EDGE('',*,*,#6972,.T.);
#6972 = EDGE_CURVE('',#6965,#6973,#6975,.T.);
#6973 = VERTEX_POINT('',#6974);
#6974 = CARTESIAN_POINT('',(12.5,12.,151.6));
#6975 = LINE('',#6976,#6977);
#6976 = CARTESIAN_POINT('',(12.5,12.,150.));
#6977 = VECTOR('',#6978,1.);
#6978 = DIRECTION('',(0.,0.,1.));
#6979 = ORIENTED_EDGE('',*,*,#6980,.F.);
#6980 = EDGE_CURVE('',#6957,#6973,#6981,.T.);
#6981 = LINE('',#6982,#6983);
#6982 = CARTESIAN_POINT('',(12.5,-12.,151.6));
#6983 = VECTOR('',#6984,1.);
#6984 = DIRECTION('',(0.,1.,0.));
#6985 = PLANE('',#6986);
#6986 = AXIS2_PLACEMENT_3D('',#6987,#6988,#6989);
#6987 = CARTESIAN_POINT('',(12.5,-12.,150.));
#6988 = DIRECTION('',(1.,0.,0.));
#6989 = DIRECTION('',(0.,0.,1.));
#6990 = ADVANCED_FACE('',(#6991),#7007,.F.);
#6991 = FACE_BOUND('',#6992,.F.);
#6992 = EDGE_LOOP('',(#6993,#6999,#7000,#7006));
#6993 = ORIENTED_EDGE('',*,*,#6994,.F.);
#6994 = EDGE_CURVE('',#6915,#6955,#6995,.T.);
#6995 = LINE('',#6996,#6997);
#6996 = CARTESIAN_POINT('',(-12.5,-12.,150.));
#6997 = VECTOR('',#6998,1.);
#6998 = DIRECTION('',(1.,0.,0.));
#6999 = ORIENTED_EDGE('',*,*,#6914,.T.);
#7000 = ORIENTED_EDGE('',*,*,#7001,.T.);
#7001 = EDGE_CURVE('',#6917,#6957,#7002,.T.);
#7002 = LINE('',#7003,#7004);
#7003 = CARTESIAN_POINT('',(-12.5,-12.,151.6));
#7004 = VECTOR('',#7005,1.);
#7005 = DIRECTION('',(1.,0.,0.));
#7006 = ORIENTED_EDGE('',*,*,#6954,.F.);
#7007 = PLANE('',#7008);
#7008 = AXIS2_PLACEMENT_3D('',#7009,#7010,#7011);
#7009 = CARTESIAN_POINT('',(-12.5,-12.,150.));
#7010 = DIRECTION('',(0.,1.,0.));
#7011 = DIRECTION('',(0.,0.,1.));
#7012 = ADVANCED_FACE('',(#7013),#7029,.T.);
#7013 = FACE_BOUND('',#7014,.T.);
#7014 = EDGE_LOOP('',(#7015,#7021,#7022,#7028));
#7015 = ORIENTED_EDGE('',*,*,#7016,.F.);
#7016 = EDGE_CURVE('',#6925,#6965,#7017,.T.);
#7017 = LINE('',#7018,#7019);
#7018 = CARTESIAN_POINT('',(-12.5,12.,150.));
#7019 = VECTOR('',#7020,1.);
#7020 = DIRECTION('',(1.,0.,0.));
#7021 = ORIENTED_EDGE('',*,*,#6932,.T.);
#7022 = ORIENTED_EDGE('',*,*,#7023,.T.);
#7023 = EDGE_CURVE('',#6933,#6973,#7024,.T.);
#7024 = LINE('',#7025,#7026);
#7025 = CARTESIAN_POINT('',(-12.5,12.,151.6));
#7026 = VECTOR('',#7027,1.);
#7027 = DIRECTION('',(1.,0.,0.));
#7028 = ORIENTED_EDGE('',*,*,#6972,.F.);
#7029 = PLANE('',#7030);
#7030 = AXIS2_PLACEMENT_3D('',#7031,#7032,#7033);
#7031 = CARTESIAN_POINT('',(-12.5,12.,150.));
#7032 = DIRECTION('',(0.,1.,0.));
#7033 = DIRECTION('',(0.,0.,1.));
#7034 = ADVANCED_FACE('',(#7035),#7041,.F.);
#7035 = FACE_BOUND('',#7036,.F.);
#7036 = EDGE_LOOP('',(#7037,#7038,#7039,#7040));
#7037 = ORIENTED_EDGE('',*,*,#6924,.F.);
#7038 = ORIENTED_EDGE('',*,*,#6994,.T.);
#7039 = ORIENTED_EDGE('',*,*,#6964,.T.);
#7040 = ORIENTED_EDGE('',*,*,#7016,.F.);
#7041 = PLANE('',#7042);
#7042 = AXIS2_PLACEMENT_3D('',#7043,#7044,#7045);
#7043 = CARTESIAN_POINT('',(-12.5,-12.,150.));
#7044 = DIRECTION('',(0.,0.,1.));
#7045 = DIRECTION('',(1.,0.,0.));
#7046 = ADVANCED_FACE('',(#7047),#7053,.T.);
#7047 = FACE_BOUND('',#7048,.T.);
#7048 = EDGE_LOOP('',(#7049,#7050,#7051,#7052));
#7049 = ORIENTED_EDGE('',*,*,#6940,.F.);
#7050 = ORIENTED_EDGE('',*,*,#7001,.T.);
#7051 = ORIENTED_EDGE('',*,*,#6980,.T.);
#7052 = ORIENTED_EDGE('',*,*,#7023,.F.);
#7053 = PLANE('',#7054);
#7054 = AXIS2_PLACEMENT_3D('',#7055,#7056,#7057);
#7055 = CARTESIAN_POINT('',(-12.5,-12.,151.6));
#7056 = DIRECTION('',(0.,0.,1.));
#7057 = DIRECTION('',(1.,0.,0.));
#7058 = ( GEOMETRIC_REPRESENTATION_CONTEXT(3) 
GLOBAL_UNCERTAINTY_ASSIGNED_CONTEXT((#7062)) 
GLOBAL_UNIT_ASSIGNED_CONTEXT((#7059,#7060,#7061)) REPRESENTATION_CONTEXT
('Context #1','3D Context with UNIT and UNCERTAINTY') );
#7059 = ( LENGTH_UNIT() NAMED_UNIT(*) SI_UNIT(.MILLI.,.METRE.) );
#7060 = ( NAMED_UNIT(*) PLANE_ANGLE_UNIT() SI_UNIT($,.RADIAN.) );
#7061 = ( NAMED_UNIT(*) SI_UNIT($,.STERADIAN.) SOLID_ANGLE_UNIT() );
#7062 = UNCERTAINTY_MEASURE_WITH_UNIT(LENGTH_MEASURE(1.E-07),#7059,
  'distance_accuracy_value','confusion accuracy');
#7063 = PRODUCT_RELATED_PRODUCT_CATEGORY('part',$,(#7));
ENDSEC;
END-ISO-10303-21;
