ISO-10303-21;
HEADER;
FILE_DESCRIPTION(('FreeCAD Model'),'2;1');
FILE_NAME('Open CASCADE Shape Model','2026-06-14T11:37:47',('FreeCAD'),(
    'FreeCAD'),'Open CASCADE STEP processor 7.8','FreeCAD','Unknown');
FILE_SCHEMA(('AUTOMOTIVE_DESIGN { 1 0 10303 214 1 1 1 1 }'));
ENDSEC;
DATA;
#1 = APPLICATION_PROTOCOL_DEFINITION('international standard',
  'automotive_design',2000,#2);
#2 = APPLICATION_CONTEXT(
  'core data for automotive mechanical design processes');
#3 = SHAPE_DEFINITION_REPRESENTATION(#4,#10);
#4 = PRODUCT_DEFINITION_SHAPE('','',#5);
#5 = PRODUCT_DEFINITION('design','',#6,#9);
#6 = PRODUCT_DEFINITION_FORMATION('','',#7);
#7 = PRODUCT('Open CASCADE STEP translator 7.8 1',
  'Open CASCADE STEP translator 7.8 1','',(#8));
#8 = PRODUCT_CONTEXT('',#2,'mechanical');
#9 = PRODUCT_DEFINITION_CONTEXT('part definition',#2,'design');
#10 = SHAPE_REPRESENTATION('',(#11,#15,#101,#4487,#4573,#14074),#15051);
#11 = AXIS2_PLACEMENT_3D('',#12,#13,#14);
#12 = CARTESIAN_POINT('',(0.,0.,0.));
#13 = DIRECTION('',(0.,0.,1.));
#14 = DIRECTION('',(1.,0.,-0.));
#15 = MANIFOLD_SOLID_BREP('',#16);
#16 = CLOSED_SHELL('',(#17,#59,#74,#91));
#17 = ADVANCED_FACE('',(#18),#54,.T.);
#18 = FACE_BOUND('',#19,.T.);
#19 = EDGE_LOOP('',(#20,#31,#39,#48));
#20 = ORIENTED_EDGE('',*,*,#21,.F.);
#21 = EDGE_CURVE('',#22,#24,#26,.T.);
#22 = VERTEX_POINT('',#23);
#23 = CARTESIAN_POINT('',(4.,3.,26.));
#24 = VERTEX_POINT('',#25);
#25 = CARTESIAN_POINT('',(4.,-3.,26.));
#26 = CIRCLE('',#27,5.);
#27 = AXIS2_PLACEMENT_3D('',#28,#29,#30);
#28 = CARTESIAN_POINT('',(0.,0.,26.));
#29 = DIRECTION('',(0.,0.,1.));
#30 = DIRECTION('',(1.,0.,-0.));
#31 = ORIENTED_EDGE('',*,*,#32,.F.);
#32 = EDGE_CURVE('',#33,#22,#35,.T.);
#33 = VERTEX_POINT('',#34);
#34 = CARTESIAN_POINT('',(4.,3.,-20.));
#35 = LINE('',#36,#37);
#36 = CARTESIAN_POINT('',(4.,3.,-20.));
#37 = VECTOR('',#38,1.);
#38 = DIRECTION('',(0.,0.,1.));
#39 = ORIENTED_EDGE('',*,*,#40,.T.);
#40 = EDGE_CURVE('',#33,#41,#43,.T.);
#41 = VERTEX_POINT('',#42);
#42 = CARTESIAN_POINT('',(4.,-3.,-20.));
#43 = CIRCLE('',#44,5.);
#44 = AXIS2_PLACEMENT_3D('',#45,#46,#47);
#45 = CARTESIAN_POINT('',(0.,0.,-20.));
#46 = DIRECTION('',(0.,0.,1.));
#47 = DIRECTION('',(1.,0.,-0.));
#48 = ORIENTED_EDGE('',*,*,#49,.T.);
#49 = EDGE_CURVE('',#41,#24,#50,.T.);
#50 = LINE('',#51,#52);
#51 = CARTESIAN_POINT('',(4.,-3.,-20.));
#52 = VECTOR('',#53,1.);
#53 = DIRECTION('',(0.,0.,1.));
#54 = CYLINDRICAL_SURFACE('',#55,5.);
#55 = AXIS2_PLACEMENT_3D('',#56,#57,#58);
#56 = CARTESIAN_POINT('',(0.,0.,-20.));
#57 = DIRECTION('',(0.,0.,1.));
#58 = DIRECTION('',(1.,0.,-0.));
#59 = ADVANCED_FACE('',(#60),#69,.T.);
#60 = FACE_BOUND('',#61,.T.);
#61 = EDGE_LOOP('',(#62,#68));
#62 = ORIENTED_EDGE('',*,*,#63,.T.);
#63 = EDGE_CURVE('',#24,#22,#64,.T.);
#64 = LINE('',#65,#66);
#65 = CARTESIAN_POINT('',(4.,-10.,26.));
#66 = VECTOR('',#67,1.);
#67 = DIRECTION('',(-0.,1.,0.));
#68 = ORIENTED_EDGE('',*,*,#21,.T.);
#69 = PLANE('',#70);
#70 = AXIS2_PLACEMENT_3D('',#71,#72,#73);
#71 = CARTESIAN_POINT('',(0.,0.,26.));
#72 = DIRECTION('',(0.,0.,1.));
#73 = DIRECTION('',(1.,0.,-0.));
#74 = ADVANCED_FACE('',(#75),#86,.T.);
#75 = FACE_BOUND('',#76,.T.);
#76 = EDGE_LOOP('',(#77,#78,#84,#85));
#77 = ORIENTED_EDGE('',*,*,#49,.F.);
#78 = ORIENTED_EDGE('',*,*,#79,.T.);
#79 = EDGE_CURVE('',#41,#33,#80,.T.);
#80 = LINE('',#81,#82);
#81 = CARTESIAN_POINT('',(4.,-10.,-20.));
#82 = VECTOR('',#83,1.);
#83 = DIRECTION('',(-0.,1.,0.));
#84 = ORIENTED_EDGE('',*,*,#32,.T.);
#85 = ORIENTED_EDGE('',*,*,#63,.F.);
#86 = PLANE('',#87);
#87 = AXIS2_PLACEMENT_3D('',#88,#89,#90);
#88 = CARTESIAN_POINT('',(4.,-20.,-200.));
#89 = DIRECTION('',(1.,0.,-0.));
#90 = DIRECTION('',(0.,0.,1.));
#91 = ADVANCED_FACE('',(#92),#96,.F.);
#92 = FACE_BOUND('',#93,.F.);
#93 = EDGE_LOOP('',(#94,#95));
#94 = ORIENTED_EDGE('',*,*,#79,.T.);
#95 = ORIENTED_EDGE('',*,*,#40,.T.);
#96 = PLANE('',#97);
#97 = AXIS2_PLACEMENT_3D('',#98,#99,#100);
#98 = CARTESIAN_POINT('',(0.,0.,-20.));
#99 = DIRECTION('',(0.,0.,1.));
#100 = DIRECTION('',(1.,0.,-0.));
#101 = MANIFOLD_SOLID_BREP('',#102);
#102 = CLOSED_SHELL('',(#103,#143,#176,#212,#1270,#2328,#2345,#2365,
    #2382,#2399,#2416,#2436,#2456,#2476,#2496,#2513,#2530,#2547,#2567,
    #2584,#2604,#2621,#2638,#2655,#2672,#2692,#2709,#2729,#2746,#2763,
    #2780,#2800,#2820,#2840,#2860,#2877,#2894,#2911,#2931,#2948,#2968,
    #2985,#3002,#3019,#3036,#3056,#3073,#3093,#3110,#3127,#3144,#3164,
    #3184,#3204,#3224,#3241,#3258,#3275,#3295,#3312,#3332,#3349,#3366,
    #3383,#3400,#3420,#3437,#3457,#3474,#3491,#3508,#3528,#3548,#3568,
    #3588,#3605,#3622,#3639,#3659,#3676,#3696,#3713,#3730,#3747,#3764,
    #3784,#3801,#3821,#3838,#3855,#3872,#3892,#3912,#3932,#3952,#3969,
    #3986,#4003,#4023,#4040,#4060,#4077,#4094,#4111,#4128,#4148,#4165,
    #4185,#4202,#4219,#4236,#4256,#4276,#4296,#4316,#4333,#4350,#4367,
    #4387,#4404,#4424,#4441,#4453,#4475));
#103 = ADVANCED_FACE('',(#104),#138,.F.);
#104 = FACE_BOUND('',#105,.F.);
#105 = EDGE_LOOP('',(#106,#116,#124,#132));
#106 = ORIENTED_EDGE('',*,*,#107,.T.);
#107 = EDGE_CURVE('',#108,#110,#112,.T.);
#108 = VERTEX_POINT('',#109);
#109 = CARTESIAN_POINT('',(10.151135273309,-1.490655112017,0.));
#110 = VERTEX_POINT('',#111);
#111 = CARTESIAN_POINT('',(10.151135273309,-1.490655112017,6.));
#112 = LINE('',#113,#114);
#113 = CARTESIAN_POINT('',(10.151135273309,-1.490655112017,0.));
#114 = VECTOR('',#115,1.);
#115 = DIRECTION('',(0.,0.,1.));
#116 = ORIENTED_EDGE('',*,*,#117,.T.);
#117 = EDGE_CURVE('',#110,#118,#120,.T.);
#118 = VERTEX_POINT('',#119);
#119 = CARTESIAN_POINT('',(11.188455403903,-1.641328723877,6.));
#120 = LINE('',#121,#122);
#121 = CARTESIAN_POINT('',(10.151135273309,-1.490655112017,6.));
#122 = VECTOR('',#123,1.);
#123 = DIRECTION('',(0.989614863989,-0.143744290224,0.));
#124 = ORIENTED_EDGE('',*,*,#125,.F.);
#125 = EDGE_CURVE('',#126,#118,#128,.T.);
#126 = VERTEX_POINT('',#127);
#127 = CARTESIAN_POINT('',(11.188455403903,-1.641328723877,0.));
#128 = LINE('',#129,#130);
#129 = CARTESIAN_POINT('',(11.188455403903,-1.641328723877,0.));
#130 = VECTOR('',#131,1.);
#131 = DIRECTION('',(0.,0.,1.));
#132 = ORIENTED_EDGE('',*,*,#133,.F.);
#133 = EDGE_CURVE('',#108,#126,#134,.T.);
#134 = LINE('',#135,#136);
#135 = CARTESIAN_POINT('',(10.151135273309,-1.490655112017,0.));
#136 = VECTOR('',#137,1.);
#137 = DIRECTION('',(0.989614863989,-0.143744290224,0.));
#138 = PLANE('',#139);
#139 = AXIS2_PLACEMENT_3D('',#140,#141,#142);
#140 = CARTESIAN_POINT('',(10.151135273309,-1.490655112017,0.));
#141 = DIRECTION('',(0.143744290224,0.989614863989,0.));
#142 = DIRECTION('',(0.989614863989,-0.143744290224,0.));
#143 = ADVANCED_FACE('',(#144),#171,.F.);
#144 = FACE_BOUND('',#145,.F.);
#145 = EDGE_LOOP('',(#146,#156,#163,#164));
#146 = ORIENTED_EDGE('',*,*,#147,.T.);
#147 = EDGE_CURVE('',#148,#150,#152,.T.);
#148 = VERTEX_POINT('',#149);
#149 = CARTESIAN_POINT('',(9.271558031067,-2.070799767374,0.));
#150 = VERTEX_POINT('',#151);
#151 = CARTESIAN_POINT('',(9.271558031067,-2.070799767374,6.));
#152 = LINE('',#153,#154);
#153 = CARTESIAN_POINT('',(9.271558031067,-2.070799767374,0.));
#154 = VECTOR('',#155,1.);
#155 = DIRECTION('',(0.,0.,1.));
#156 = ORIENTED_EDGE('',*,*,#157,.T.);
#157 = EDGE_CURVE('',#150,#110,#158,.T.);
#158 = CIRCLE('',#159,0.76);
#159 = AXIS2_PLACEMENT_3D('',#160,#161,#162);
#160 = CARTESIAN_POINT('',(10.012941198146,-2.237985291784,6.));
#161 = DIRECTION('',(0.,0.,-1.));
#162 = DIRECTION('',(-0.975504167209,0.21998095317,0.));
#163 = ORIENTED_EDGE('',*,*,#107,.F.);
#164 = ORIENTED_EDGE('',*,*,#165,.F.);
#165 = EDGE_CURVE('',#148,#108,#166,.T.);
#166 = CIRCLE('',#167,0.76);
#167 = AXIS2_PLACEMENT_3D('',#168,#169,#170);
#168 = CARTESIAN_POINT('',(10.012941198146,-2.237985291784,0.));
#169 = DIRECTION('',(0.,0.,-1.));
#170 = DIRECTION('',(-0.975504167209,0.21998095317,0.));
#171 = CYLINDRICAL_SURFACE('',#172,0.76);
#172 = AXIS2_PLACEMENT_3D('',#173,#174,#175);
#173 = CARTESIAN_POINT('',(10.012941198146,-2.237985291784,0.));
#174 = DIRECTION('',(0.,0.,-1.));
#175 = DIRECTION('',(-0.975504167209,0.21998095317,0.));
#176 = ADVANCED_FACE('',(#177),#204,.F.);
#177 = FACE_BOUND('',#178,.F.);
#178 = EDGE_LOOP('',(#179,#180,#189,#197));
#179 = ORIENTED_EDGE('',*,*,#125,.T.);
#180 = ORIENTED_EDGE('',*,*,#181,.T.);
#181 = EDGE_CURVE('',#118,#182,#184,.T.);
#182 = VERTEX_POINT('',#183);
#183 = CARTESIAN_POINT('',(11.936923974571,-1.557672797214,6.));
#184 = B_SPLINE_CURVE_WITH_KNOTS('',3,(#185,#186,#187,#188),
  .UNSPECIFIED.,.F.,.F.,(4,4),(0.,1.),.PIECEWISE_BEZIER_KNOTS.);
#185 = CARTESIAN_POINT('',(11.188455403903,-1.641328723877,6.));
#186 = CARTESIAN_POINT('',(11.271162806903,-1.64721782065,6.));
#187 = CARTESIAN_POINT('',(11.519475276617,-1.652719142625,6.));
#188 = CARTESIAN_POINT('',(11.936923974571,-1.557672797214,6.));
#189 = ORIENTED_EDGE('',*,*,#190,.F.);
#190 = EDGE_CURVE('',#191,#182,#193,.T.);
#191 = VERTEX_POINT('',#192);
#192 = CARTESIAN_POINT('',(11.936923974571,-1.557672797214,0.));
#193 = LINE('',#194,#195);
#194 = CARTESIAN_POINT('',(11.936923974571,-1.557672797214,0.));
#195 = VECTOR('',#196,1.);
#196 = DIRECTION('',(0.,0.,1.));
#197 = ORIENTED_EDGE('',*,*,#198,.F.);
#198 = EDGE_CURVE('',#126,#191,#199,.T.);
#199 = B_SPLINE_CURVE_WITH_KNOTS('',3,(#200,#201,#202,#203),
  .UNSPECIFIED.,.F.,.F.,(4,4),(0.,1.),.PIECEWISE_BEZIER_KNOTS.);
#200 = CARTESIAN_POINT('',(11.188455403903,-1.641328723877,0.));
#201 = CARTESIAN_POINT('',(11.271162806903,-1.64721782065,0.));
#202 = CARTESIAN_POINT('',(11.519475276617,-1.652719142625,0.));
#203 = CARTESIAN_POINT('',(11.936923974571,-1.557672797214,0.));
#204 = SURFACE_OF_LINEAR_EXTRUSION('',#205,#210);
#205 = B_SPLINE_CURVE_WITH_KNOTS('',3,(#206,#207,#208,#209),
  .UNSPECIFIED.,.F.,.F.,(4,4),(0.,1.),.PIECEWISE_BEZIER_KNOTS.);
#206 = CARTESIAN_POINT('',(11.188455403903,-1.641328723877,0.));
#207 = CARTESIAN_POINT('',(11.271162806903,-1.64721782065,0.));
#208 = CARTESIAN_POINT('',(11.519475276617,-1.652719142625,0.));
#209 = CARTESIAN_POINT('',(11.936923974571,-1.557672797214,0.));
#210 = VECTOR('',#211,1.);
#211 = DIRECTION('',(-0.,-0.,-1.));
#212 = ADVANCED_FACE('',(#213,#1246),#1265,.F.);
#213 = FACE_BOUND('',#214,.F.);
#214 = EDGE_LOOP('',(#215,#216,#217,#226,#235,#244,#253,#261,#270,#279,
    #288,#296,#305,#314,#323,#332,#341,#349,#358,#367,#376,#384,#393,
    #402,#411,#420,#429,#437,#446,#455,#464,#472,#481,#490,#499,#508,
    #517,#525,#534,#543,#552,#560,#569,#578,#587,#596,#605,#613,#622,
    #631,#640,#648,#657,#666,#675,#684,#693,#701,#710,#719,#728,#736,
    #745,#754,#763,#772,#781,#789,#798,#807,#816,#824,#833,#842,#851,
    #860,#869,#877,#886,#895,#904,#912,#921,#930,#939,#948,#957,#965,
    #974,#983,#992,#1000,#1009,#1018,#1027,#1036,#1045,#1053,#1062,#1071
    ,#1080,#1088,#1097,#1106,#1115,#1124,#1133,#1141,#1150,#1159,#1168,
    #1176,#1185,#1194,#1203,#1212,#1221,#1229,#1238,#1245));
#215 = ORIENTED_EDGE('',*,*,#133,.T.);
#216 = ORIENTED_EDGE('',*,*,#198,.T.);
#217 = ORIENTED_EDGE('',*,*,#218,.T.);
#218 = EDGE_CURVE('',#191,#219,#221,.T.);
#219 = VERTEX_POINT('',#220);
#220 = CARTESIAN_POINT('',(13.989027054105,-0.619513117423,0.));
#221 = B_SPLINE_CURVE_WITH_KNOTS('',3,(#222,#223,#224,#225),
  .UNSPECIFIED.,.F.,.F.,(4,4),(0.,1.),.PIECEWISE_BEZIER_KNOTS.);
#222 = CARTESIAN_POINT('',(11.936923974571,-1.557672797214,0.));
#223 = CARTESIAN_POINT('',(12.433826884147,-1.441619516014,0.));
#224 = CARTESIAN_POINT('',(13.141380162824,-1.18392049433,0.));
#225 = CARTESIAN_POINT('',(13.989027054105,-0.619513117423,0.));
#226 = ORIENTED_EDGE('',*,*,#227,.T.);
#227 = EDGE_CURVE('',#219,#228,#230,.T.);
#228 = VERTEX_POINT('',#229);
#229 = CARTESIAN_POINT('',(13.986233873372,0.620694803698,0.));
#230 = CIRCLE('',#231,14.000000000002);
#231 = AXIS2_PLACEMENT_3D('',#232,#233,#234);
#232 = CARTESIAN_POINT('',(1.405923037086E-03,-3.090875644007E-02,0.));
#233 = DIRECTION('',(-0.,0.,1.));
#234 = DIRECTION('',(0.999115795076,-4.20431686416E-02,0.));
#235 = ORIENTED_EDGE('',*,*,#236,.T.);
#236 = EDGE_CURVE('',#228,#237,#239,.T.);
#237 = VERTEX_POINT('',#238);
#238 = CARTESIAN_POINT('',(11.936923974571,1.557672797214,0.));
#239 = B_SPLINE_CURVE_WITH_KNOTS('',3,(#240,#241,#242,#243),
  .UNSPECIFIED.,.F.,.F.,(4,4),(0.,1.),.PIECEWISE_BEZIER_KNOTS.);
#240 = CARTESIAN_POINT('',(13.986233873372,0.620694803698,0.));
#241 = CARTESIAN_POINT('',(13.141380162824,1.18392049433,0.));
#242 = CARTESIAN_POINT('',(12.433826884147,1.441619516014,0.));
#243 = CARTESIAN_POINT('',(11.936923974571,1.557672797214,0.));
#244 = ORIENTED_EDGE('',*,*,#245,.T.);
#245 = EDGE_CURVE('',#237,#246,#248,.T.);
#246 = VERTEX_POINT('',#247);
#247 = CARTESIAN_POINT('',(11.188455403903,1.641328723877,0.));
#248 = B_SPLINE_CURVE_WITH_KNOTS('',3,(#249,#250,#251,#252),
  .UNSPECIFIED.,.F.,.F.,(4,4),(0.,1.),.PIECEWISE_BEZIER_KNOTS.);
#249 = CARTESIAN_POINT('',(11.936923974571,1.557672797214,0.));
#250 = CARTESIAN_POINT('',(11.519475276617,1.652719142625,0.));
#251 = CARTESIAN_POINT('',(11.271162806903,1.64721782065,0.));
#252 = CARTESIAN_POINT('',(11.188455403903,1.641328723877,0.));
#253 = ORIENTED_EDGE('',*,*,#254,.T.);
#254 = EDGE_CURVE('',#246,#255,#257,.T.);
#255 = VERTEX_POINT('',#256);
#256 = CARTESIAN_POINT('',(10.151135273309,1.490655112017,0.));
#257 = LINE('',#258,#259);
#258 = CARTESIAN_POINT('',(11.188455403903,1.641328723877,0.));
#259 = VECTOR('',#260,1.);
#260 = DIRECTION('',(-0.989614863989,-0.143744290224,0.));
#261 = ORIENTED_EDGE('',*,*,#262,.T.);
#262 = EDGE_CURVE('',#255,#263,#265,.T.);
#263 = VERTEX_POINT('',#264);
#264 = CARTESIAN_POINT('',(9.271558031067,2.070799767374,0.));
#265 = CIRCLE('',#266,0.76);
#266 = AXIS2_PLACEMENT_3D('',#267,#268,#269);
#267 = CARTESIAN_POINT('',(10.012941198146,2.237985291784,0.));
#268 = DIRECTION('',(0.,0.,-1.));
#269 = DIRECTION('',(0.181834309425,-0.983329183903,0.));
#270 = ORIENTED_EDGE('',*,*,#271,.T.);
#271 = EDGE_CURVE('',#263,#272,#274,.T.);
#272 = VERTEX_POINT('',#273);
#273 = CARTESIAN_POINT('',(9.064804671253,2.842413810836,0.));
#274 = CIRCLE('',#275,9.500000000002);
#275 = AXIS2_PLACEMENT_3D('',#276,#277,#278);
#276 = CARTESIAN_POINT('',(-1.464606214086E-12,-3.894662370385E-13,0.));
#277 = DIRECTION('',(0.,-0.,1.));
#278 = DIRECTION('',(0.975953476954,0.217978922882,0.));
#279 = ORIENTED_EDGE('',*,*,#280,.T.);
#280 = EDGE_CURVE('',#272,#281,#283,.T.);
#281 = VERTEX_POINT('',#282);
#282 = CARTESIAN_POINT('',(9.536468579947,3.784622441366,0.));
#283 = CIRCLE('',#284,0.76);
#284 = AXIS2_PLACEMENT_3D('',#285,#286,#287);
#285 = CARTESIAN_POINT('',(9.790454090086,3.068318483092,0.));
#286 = DIRECTION('',(0.,0.,-1.));
#287 = DIRECTION('',(-0.954801866886,-0.29724298981,-0.));
#288 = ORIENTED_EDGE('',*,*,#289,.T.);
#289 = EDGE_CURVE('',#281,#290,#292,.T.);
#290 = VERTEX_POINT('',#291);
#291 = CARTESIAN_POINT('',(10.510150970828,4.172795331113,0.));
#292 = LINE('',#293,#294);
#293 = CARTESIAN_POINT('',(9.536468579947,3.784622441366,0.));
#294 = VECTOR('',#295,1.);
#295 = DIRECTION('',(0.928903757289,0.370321225012,0.));
#296 = ORIENTED_EDGE('',*,*,#297,.T.);
#297 = EDGE_CURVE('',#290,#298,#300,.T.);
#298 = VERTEX_POINT('',#299);
#299 = CARTESIAN_POINT('',(11.11651580363,4.619477774114,0.));
#300 = B_SPLINE_CURVE_WITH_KNOTS('',3,(#301,#302,#303,#304),
  .UNSPECIFIED.,.F.,.F.,(4,4),(0.,1.),.PIECEWISE_BEZIER_KNOTS.);
#301 = CARTESIAN_POINT('',(10.510150970828,4.172795331113,0.));
#302 = CARTESIAN_POINT('',(10.584722231294,4.209048925202,0.));
#303 = CARTESIAN_POINT('',(10.80251779913,4.328440875474,0.));
#304 = CARTESIAN_POINT('',(11.11651580363,4.619477774114,0.));
#305 = ORIENTED_EDGE('',*,*,#306,.T.);
#306 = EDGE_CURVE('',#298,#307,#309,.T.);
#307 = VERTEX_POINT('',#308);
#308 = CARTESIAN_POINT('',(12.424609361794,6.457999429387,0.));
#309 = B_SPLINE_CURVE_WITH_KNOTS('',3,(#310,#311,#312,#313),
  .UNSPECIFIED.,.F.,.F.,(4,4),(0.,1.),.PIECEWISE_BEZIER_KNOTS.);
#310 = CARTESIAN_POINT('',(11.11651580363,4.619477774114,0.));
#311 = CARTESIAN_POINT('',(11.488819705936,4.968434318614,0.));
#312 = CARTESIAN_POINT('',(11.972729308959,5.545384857262,0.));
#313 = CARTESIAN_POINT('',(12.424609361794,6.457999429387,0.));
#314 = ORIENTED_EDGE('',*,*,#315,.T.);
#315 = EDGE_CURVE('',#307,#316,#318,.T.);
#316 = VERTEX_POINT('',#317);
#317 = CARTESIAN_POINT('',(11.802086435762,7.530654404686,0.));
#318 = CIRCLE('',#319,14.000000000002);
#319 = AXIS2_PLACEMENT_3D('',#320,#321,#322);
#320 = CARTESIAN_POINT('',(1.667194328625E-02,-2.606480675778E-02,0.));
#321 = DIRECTION('',(0.,-0.,1.));
#322 = DIRECTION('',(0.886281244179,0.463147445439,0.));
#323 = ORIENTED_EDGE('',*,*,#324,.T.);
#324 = EDGE_CURVE('',#316,#325,#327,.T.);
#325 = VERTEX_POINT('',#326);
#326 = CARTESIAN_POINT('',(9.558843006415,7.317446200457,0.));
#327 = B_SPLINE_CURVE_WITH_KNOTS('',3,(#328,#329,#330,#331),
  .UNSPECIFIED.,.F.,.F.,(4,4),(0.,1.),.PIECEWISE_BEZIER_KNOTS.);
#328 = CARTESIAN_POINT('',(11.802086435762,7.530654404686,0.));
#329 = CARTESIAN_POINT('',(10.78880881463,7.595995305562,0.));
#330 = CARTESIAN_POINT('',(10.047200189923,7.465392565533,0.));
#331 = CARTESIAN_POINT('',(9.558843006415,7.317446200457,0.));
#332 = ORIENTED_EDGE('',*,*,#333,.T.);
#333 = EDGE_CURVE('',#325,#334,#336,.T.);
#334 = VERTEX_POINT('',#335);
#335 = CARTESIAN_POINT('',(8.868822246951,7.01566007279,0.));
#336 = B_SPLINE_CURVE_WITH_KNOTS('',3,(#337,#338,#339,#340),
  .UNSPECIFIED.,.F.,.F.,(4,4),(0.,1.),.PIECEWISE_BEZIER_KNOTS.);
#337 = CARTESIAN_POINT('',(9.558843006415,7.317446200457,0.));
#338 = CARTESIAN_POINT('',(9.149798656505,7.191034401143,0.));
#339 = CARTESIAN_POINT('',(8.937504410644,7.062113881701,0.));
#340 = CARTESIAN_POINT('',(8.868822246951,7.01566007279,0.));
#341 = ORIENTED_EDGE('',*,*,#342,.T.);
#342 = EDGE_CURVE('',#334,#343,#345,.T.);
#343 = VERTEX_POINT('',#344);
#344 = CARTESIAN_POINT('',(8.045813467929,6.366512831943,0.));
#345 = LINE('',#346,#347);
#346 = CARTESIAN_POINT('',(8.868822246951,7.01566007279,0.));
#347 = VECTOR('',#348,1.);
#348 = DIRECTION('',(-0.785159467065,-0.619293638977,0.));
#349 = ORIENTED_EDGE('',*,*,#350,.T.);
#350 = EDGE_CURVE('',#343,#351,#353,.T.);
#351 = VERTEX_POINT('',#352);
#352 = CARTESIAN_POINT('',(6.994004903878,6.429144220231,0.));
#353 = CIRCLE('',#354,0.76);
#354 = AXIS2_PLACEMENT_3D('',#355,#356,#357);
#355 = CARTESIAN_POINT('',(7.552468798302,6.944622715054,0.));
#356 = DIRECTION('',(0.,-0.,-1.));
#357 = DIRECTION('',(0.649137723193,-0.76067089883,0.));
#358 = ORIENTED_EDGE('',*,*,#359,.T.);
#359 = EDGE_CURVE('',#351,#360,#362,.T.);
#360 = VERTEX_POINT('',#361);
#361 = CARTESIAN_POINT('',(6.429144220231,6.994004903878,0.));
#362 = CIRCLE('',#363,9.500000000001);
#363 = AXIS2_PLACEMENT_3D('',#364,#365,#366);
#364 = CARTESIAN_POINT('',(-8.113509863961E-13,-8.131273432355E-13,0.));
#365 = DIRECTION('',(0.,-0.,1.));
#366 = DIRECTION('',(0.736211042514,0.676752023182,0.));
#367 = ORIENTED_EDGE('',*,*,#368,.T.);
#368 = EDGE_CURVE('',#360,#369,#371,.T.);
#369 = VERTEX_POINT('',#370);
#370 = CARTESIAN_POINT('',(6.366512831943,8.045813467929,0.));
#371 = CIRCLE('',#372,0.76);
#372 = AXIS2_PLACEMENT_3D('',#373,#374,#375);
#373 = CARTESIAN_POINT('',(6.944622715054,7.552468798302,0.));
#374 = DIRECTION('',(0.,0.,-1.));
#375 = DIRECTION('',(-0.678261177399,-0.734820913715,-0.));
#376 = ORIENTED_EDGE('',*,*,#377,.T.);
#377 = EDGE_CURVE('',#369,#378,#380,.T.);
#378 = VERTEX_POINT('',#379);
#379 = CARTESIAN_POINT('',(7.01566007279,8.868822246951,0.));
#380 = LINE('',#381,#382);
#381 = CARTESIAN_POINT('',(6.366512831943,8.045813467929,0.));
#382 = VECTOR('',#383,1.);
#383 = DIRECTION('',(0.619293638977,0.785159467065,0.));
#384 = ORIENTED_EDGE('',*,*,#385,.T.);
#385 = EDGE_CURVE('',#378,#386,#388,.T.);
#386 = VERTEX_POINT('',#387);
#387 = CARTESIAN_POINT('',(7.317446200457,9.558843006415,0.));
#388 = B_SPLINE_CURVE_WITH_KNOTS('',3,(#389,#390,#391,#392),
  .UNSPECIFIED.,.F.,.F.,(4,4),(0.,1.),.PIECEWISE_BEZIER_KNOTS.);
#389 = CARTESIAN_POINT('',(7.01566007279,8.868822246951,0.));
#390 = CARTESIAN_POINT('',(7.062113881701,8.937504410644,0.));
#391 = CARTESIAN_POINT('',(7.191034401143,9.149798656505,0.));
#392 = CARTESIAN_POINT('',(7.317446200457,9.558843006415,0.));
#393 = ORIENTED_EDGE('',*,*,#394,.T.);
#394 = EDGE_CURVE('',#386,#395,#397,.T.);
#395 = VERTEX_POINT('',#396);
#396 = CARTESIAN_POINT('',(7.531027624718,11.805096244371,0.));
#397 = B_SPLINE_CURVE_WITH_KNOTS('',3,(#398,#399,#400,#401),
  .UNSPECIFIED.,.F.,.F.,(4,4),(0.,1.),.PIECEWISE_BEZIER_KNOTS.);
#398 = CARTESIAN_POINT('',(7.317446200457,9.558843006415,0.));
#399 = CARTESIAN_POINT('',(7.465392565533,10.047200189923,0.));
#400 = CARTESIAN_POINT('',(7.595995305562,10.78880881463,0.));
#401 = CARTESIAN_POINT('',(7.531027624718,11.805096244371,0.));
#402 = ORIENTED_EDGE('',*,*,#403,.T.);
#403 = EDGE_CURVE('',#395,#404,#406,.T.);
#404 = VERTEX_POINT('',#405);
#405 = CARTESIAN_POINT('',(6.455579468687,12.42278123946,0.));
#406 = CIRCLE('',#407,14.);
#407 = AXIS2_PLACEMENT_3D('',#408,#409,#410);
#408 = CARTESIAN_POINT('',(2.747072979589E-02,-1.423681315266E-02,0.));
#409 = DIRECTION('',(0.,-0.,1.));
#410 = DIRECTION('',(0.535968349637,0.844238075537,0.));
#411 = ORIENTED_EDGE('',*,*,#412,.T.);
#412 = EDGE_CURVE('',#404,#413,#415,.T.);
#413 = VERTEX_POINT('',#414);
#414 = CARTESIAN_POINT('',(4.619477774114,11.11651580363,0.));
#415 = B_SPLINE_CURVE_WITH_KNOTS('',3,(#416,#417,#418,#419),
  .UNSPECIFIED.,.F.,.F.,(4,4),(0.,1.),.PIECEWISE_BEZIER_KNOTS.);
#416 = CARTESIAN_POINT('',(6.455579468687,12.42278123946,0.));
#417 = CARTESIAN_POINT('',(5.545384857262,11.972729308959,0.));
#418 = CARTESIAN_POINT('',(4.968434318614,11.488819705936,0.));
#419 = CARTESIAN_POINT('',(4.619477774114,11.11651580363,0.));
#420 = ORIENTED_EDGE('',*,*,#421,.T.);
#421 = EDGE_CURVE('',#413,#422,#424,.T.);
#422 = VERTEX_POINT('',#423);
#423 = CARTESIAN_POINT('',(4.172795331113,10.510150970828,0.));
#424 = B_SPLINE_CURVE_WITH_KNOTS('',3,(#425,#426,#427,#428),
  .UNSPECIFIED.,.F.,.F.,(4,4),(0.,1.),.PIECEWISE_BEZIER_KNOTS.);
#425 = CARTESIAN_POINT('',(4.619477774114,11.11651580363,0.));
#426 = CARTESIAN_POINT('',(4.328440875474,10.80251779913,0.));
#427 = CARTESIAN_POINT('',(4.209048925202,10.584722231294,0.));
#428 = CARTESIAN_POINT('',(4.172795331113,10.510150970828,0.));
#429 = ORIENTED_EDGE('',*,*,#430,.T.);
#430 = EDGE_CURVE('',#422,#431,#433,.T.);
#431 = VERTEX_POINT('',#432);
#432 = CARTESIAN_POINT('',(3.784622441366,9.536468579947,0.));
#433 = LINE('',#434,#435);
#434 = CARTESIAN_POINT('',(4.172795331113,10.510150970828,0.));
#435 = VECTOR('',#436,1.);
#436 = DIRECTION('',(-0.370321225012,-0.928903757289,0.));
#437 = ORIENTED_EDGE('',*,*,#438,.T.);
#438 = EDGE_CURVE('',#431,#439,#441,.T.);
#439 = VERTEX_POINT('',#440);
#440 = CARTESIAN_POINT('',(2.842413810836,9.064804671253,0.));
#441 = CIRCLE('',#442,0.76);
#442 = AXIS2_PLACEMENT_3D('',#443,#444,#445);
#443 = CARTESIAN_POINT('',(3.068318483092,9.790454090086,0.));
#444 = DIRECTION('',(0.,0.,-1.));
#445 = DIRECTION('',(0.942505208255,-0.33419146071,0.));
#446 = ORIENTED_EDGE('',*,*,#447,.T.);
#447 = EDGE_CURVE('',#439,#448,#450,.T.);
#448 = VERTEX_POINT('',#449);
#449 = CARTESIAN_POINT('',(2.070799767374,9.271558031067,0.));
#450 = CIRCLE('',#451,9.499999999997);
#451 = AXIS2_PLACEMENT_3D('',#452,#453,#454);
#452 = CARTESIAN_POINT('',(6.57474075183E-13,2.437161583657E-12,0.));
#453 = DIRECTION('',(0.,-0.,1.));
#454 = DIRECTION('',(0.299201453772,0.954189965395,0.));
#455 = ORIENTED_EDGE('',*,*,#456,.T.);
#456 = EDGE_CURVE('',#448,#457,#459,.T.);
#457 = VERTEX_POINT('',#458);
#458 = CARTESIAN_POINT('',(1.490655112017,10.151135273309,0.));
#459 = CIRCLE('',#460,0.76);
#460 = AXIS2_PLACEMENT_3D('',#461,#462,#463);
#461 = CARTESIAN_POINT('',(2.237985291784,10.012941198146,0.));
#462 = DIRECTION('',(0.,0.,-1.));
#463 = DIRECTION('',(-0.21998095317,-0.975504167209,-0.));
#464 = ORIENTED_EDGE('',*,*,#465,.T.);
#465 = EDGE_CURVE('',#457,#466,#468,.T.);
#466 = VERTEX_POINT('',#467);
#467 = CARTESIAN_POINT('',(1.641328723877,11.188455403903,0.));
#468 = LINE('',#469,#470);
#469 = CARTESIAN_POINT('',(1.490655112017,10.151135273309,0.));
#470 = VECTOR('',#471,1.);
#471 = DIRECTION('',(0.143744290224,0.989614863989,0.));
#472 = ORIENTED_EDGE('',*,*,#473,.T.);
#473 = EDGE_CURVE('',#466,#474,#476,.T.);
#474 = VERTEX_POINT('',#475);
#475 = CARTESIAN_POINT('',(1.557672797214,11.936923974571,0.));
#476 = B_SPLINE_CURVE_WITH_KNOTS('',3,(#477,#478,#479,#480),
  .UNSPECIFIED.,.F.,.F.,(4,4),(0.,1.),.PIECEWISE_BEZIER_KNOTS.);
#477 = CARTESIAN_POINT('',(1.641328723877,11.188455403903,0.));
#478 = CARTESIAN_POINT('',(1.64721782065,11.271162806903,0.));
#479 = CARTESIAN_POINT('',(1.652719142625,11.519475276617,0.));
#480 = CARTESIAN_POINT('',(1.557672797214,11.936923974571,0.));
#481 = ORIENTED_EDGE('',*,*,#482,.T.);
#482 = EDGE_CURVE('',#474,#483,#485,.T.);
#483 = VERTEX_POINT('',#484);
#484 = CARTESIAN_POINT('',(0.619513117423,13.989027054105,0.));
#485 = B_SPLINE_CURVE_WITH_KNOTS('',3,(#486,#487,#488,#489),
  .UNSPECIFIED.,.F.,.F.,(4,4),(0.,1.),.PIECEWISE_BEZIER_KNOTS.);
#486 = CARTESIAN_POINT('',(1.557672797214,11.936923974571,0.));
#487 = CARTESIAN_POINT('',(1.441619516014,12.433826884147,0.));
#488 = CARTESIAN_POINT('',(1.18392049433,13.141380162824,0.));
#489 = CARTESIAN_POINT('',(0.619513117423,13.989027054105,0.));
#490 = ORIENTED_EDGE('',*,*,#491,.T.);
#491 = EDGE_CURVE('',#483,#492,#494,.T.);
#492 = VERTEX_POINT('',#493);
#493 = CARTESIAN_POINT('',(-0.620694803698,13.986233873372,0.));
#494 = CIRCLE('',#495,14.000000000002);
#495 = AXIS2_PLACEMENT_3D('',#496,#497,#498);
#496 = CARTESIAN_POINT('',(3.090875644007E-02,1.405923037086E-03,0.));
#497 = DIRECTION('',(0.,-0.,1.));
#498 = DIRECTION('',(4.20431686416E-02,0.999115795076,0.));
#499 = ORIENTED_EDGE('',*,*,#500,.T.);
#500 = EDGE_CURVE('',#492,#501,#503,.T.);
#501 = VERTEX_POINT('',#502);
#502 = CARTESIAN_POINT('',(-1.557672797214,11.936923974571,0.));
#503 = B_SPLINE_CURVE_WITH_KNOTS('',3,(#504,#505,#506,#507),
  .UNSPECIFIED.,.F.,.F.,(4,4),(0.,1.),.PIECEWISE_BEZIER_KNOTS.);
#504 = CARTESIAN_POINT('',(-0.620694803698,13.986233873372,0.));
#505 = CARTESIAN_POINT('',(-1.18392049433,13.141380162824,0.));
#506 = CARTESIAN_POINT('',(-1.441619516014,12.433826884147,0.));
#507 = CARTESIAN_POINT('',(-1.557672797214,11.936923974571,0.));
#508 = ORIENTED_EDGE('',*,*,#509,.T.);
#509 = EDGE_CURVE('',#501,#510,#512,.T.);
#510 = VERTEX_POINT('',#511);
#511 = CARTESIAN_POINT('',(-1.641328723877,11.188455403903,0.));
#512 = B_SPLINE_CURVE_WITH_KNOTS('',3,(#513,#514,#515,#516),
  .UNSPECIFIED.,.F.,.F.,(4,4),(0.,1.),.PIECEWISE_BEZIER_KNOTS.);
#513 = CARTESIAN_POINT('',(-1.557672797214,11.936923974571,0.));
#514 = CARTESIAN_POINT('',(-1.652719142625,11.519475276617,0.));
#515 = CARTESIAN_POINT('',(-1.64721782065,11.271162806903,0.));
#516 = CARTESIAN_POINT('',(-1.641328723877,11.188455403903,0.));
#517 = ORIENTED_EDGE('',*,*,#518,.T.);
#518 = EDGE_CURVE('',#510,#519,#521,.T.);
#519 = VERTEX_POINT('',#520);
#520 = CARTESIAN_POINT('',(-1.490655112017,10.151135273309,0.));
#521 = LINE('',#522,#523);
#522 = CARTESIAN_POINT('',(-1.641328723877,11.188455403903,0.));
#523 = VECTOR('',#524,1.);
#524 = DIRECTION('',(0.143744290224,-0.989614863989,0.));
#525 = ORIENTED_EDGE('',*,*,#526,.T.);
#526 = EDGE_CURVE('',#519,#527,#529,.T.);
#527 = VERTEX_POINT('',#528);
#528 = CARTESIAN_POINT('',(-2.070799767374,9.271558031067,0.));
#529 = CIRCLE('',#530,0.76);
#530 = AXIS2_PLACEMENT_3D('',#531,#532,#533);
#531 = CARTESIAN_POINT('',(-2.237985291784,10.012941198146,0.));
#532 = DIRECTION('',(0.,0.,-1.));
#533 = DIRECTION('',(0.983329183903,0.181834309425,0.));
#534 = ORIENTED_EDGE('',*,*,#535,.T.);
#535 = EDGE_CURVE('',#527,#536,#538,.T.);
#536 = VERTEX_POINT('',#537);
#537 = CARTESIAN_POINT('',(-2.842413810836,9.064804671253,0.));
#538 = CIRCLE('',#539,9.500000000002);
#539 = AXIS2_PLACEMENT_3D('',#540,#541,#542);
#540 = CARTESIAN_POINT('',(3.899103262484E-13,-1.464606214086E-12,0.));
#541 = DIRECTION('',(0.,0.,1.));
#542 = DIRECTION('',(-0.217978922882,0.975953476954,0.));
#543 = ORIENTED_EDGE('',*,*,#544,.T.);
#544 = EDGE_CURVE('',#536,#545,#547,.T.);
#545 = VERTEX_POINT('',#546);
#546 = CARTESIAN_POINT('',(-3.784622441366,9.536468579947,0.));
#547 = CIRCLE('',#548,0.76);
#548 = AXIS2_PLACEMENT_3D('',#549,#550,#551);
#549 = CARTESIAN_POINT('',(-3.068318483092,9.790454090086,0.));
#550 = DIRECTION('',(0.,0.,-1.));
#551 = DIRECTION('',(0.29724298981,-0.954801866886,0.));
#552 = ORIENTED_EDGE('',*,*,#553,.T.);
#553 = EDGE_CURVE('',#545,#554,#556,.T.);
#554 = VERTEX_POINT('',#555);
#555 = CARTESIAN_POINT('',(-4.172795331113,10.510150970828,0.));
#556 = LINE('',#557,#558);
#557 = CARTESIAN_POINT('',(-3.784622441366,9.536468579947,0.));
#558 = VECTOR('',#559,1.);
#559 = DIRECTION('',(-0.370321225012,0.928903757289,0.));
#560 = ORIENTED_EDGE('',*,*,#561,.T.);
#561 = EDGE_CURVE('',#554,#562,#564,.T.);
#562 = VERTEX_POINT('',#563);
#563 = CARTESIAN_POINT('',(-4.619477774114,11.11651580363,0.));
#564 = B_SPLINE_CURVE_WITH_KNOTS('',3,(#565,#566,#567,#568),
  .UNSPECIFIED.,.F.,.F.,(4,4),(0.,1.),.PIECEWISE_BEZIER_KNOTS.);
#565 = CARTESIAN_POINT('',(-4.172795331113,10.510150970828,0.));
#566 = CARTESIAN_POINT('',(-4.209048925202,10.584722231294,0.));
#567 = CARTESIAN_POINT('',(-4.328440875474,10.80251779913,0.));
#568 = CARTESIAN_POINT('',(-4.619477774114,11.11651580363,0.));
#569 = ORIENTED_EDGE('',*,*,#570,.T.);
#570 = EDGE_CURVE('',#562,#571,#573,.T.);
#571 = VERTEX_POINT('',#572);
#572 = CARTESIAN_POINT('',(-6.457999429387,12.424609361794,0.));
#573 = B_SPLINE_CURVE_WITH_KNOTS('',3,(#574,#575,#576,#577),
  .UNSPECIFIED.,.F.,.F.,(4,4),(0.,1.),.PIECEWISE_BEZIER_KNOTS.);
#574 = CARTESIAN_POINT('',(-4.619477774114,11.11651580363,0.));
#575 = CARTESIAN_POINT('',(-4.968434318614,11.488819705936,0.));
#576 = CARTESIAN_POINT('',(-5.545384857262,11.972729308959,0.));
#577 = CARTESIAN_POINT('',(-6.457999429387,12.424609361794,0.));
#578 = ORIENTED_EDGE('',*,*,#579,.T.);
#579 = EDGE_CURVE('',#571,#580,#582,.T.);
#580 = VERTEX_POINT('',#581);
#581 = CARTESIAN_POINT('',(-7.530654404686,11.802086435762,0.));
#582 = CIRCLE('',#583,14.000000000002);
#583 = AXIS2_PLACEMENT_3D('',#584,#585,#586);
#584 = CARTESIAN_POINT('',(2.606480675778E-02,1.667194328625E-02,0.));
#585 = DIRECTION('',(0.,0.,1.));
#586 = DIRECTION('',(-0.463147445439,0.886281244179,0.));
#587 = ORIENTED_EDGE('',*,*,#588,.T.);
#588 = EDGE_CURVE('',#580,#589,#591,.T.);
#589 = VERTEX_POINT('',#590);
#590 = CARTESIAN_POINT('',(-7.317446200457,9.558843006415,0.));
#591 = B_SPLINE_CURVE_WITH_KNOTS('',3,(#592,#593,#594,#595),
  .UNSPECIFIED.,.F.,.F.,(4,4),(0.,1.),.PIECEWISE_BEZIER_KNOTS.);
#592 = CARTESIAN_POINT('',(-7.530654404686,11.802086435762,0.));
#593 = CARTESIAN_POINT('',(-7.595995305562,10.78880881463,0.));
#594 = CARTESIAN_POINT('',(-7.465392565533,10.047200189923,0.));
#595 = CARTESIAN_POINT('',(-7.317446200457,9.558843006415,0.));
#596 = ORIENTED_EDGE('',*,*,#597,.T.);
#597 = EDGE_CURVE('',#589,#598,#600,.T.);
#598 = VERTEX_POINT('',#599);
#599 = CARTESIAN_POINT('',(-7.01566007279,8.868822246951,0.));
#600 = B_SPLINE_CURVE_WITH_KNOTS('',3,(#601,#602,#603,#604),
  .UNSPECIFIED.,.F.,.F.,(4,4),(0.,1.),.PIECEWISE_BEZIER_KNOTS.);
#601 = CARTESIAN_POINT('',(-7.317446200457,9.558843006415,0.));
#602 = CARTESIAN_POINT('',(-7.191034401143,9.149798656505,0.));
#603 = CARTESIAN_POINT('',(-7.062113881701,8.937504410644,0.));
#604 = CARTESIAN_POINT('',(-7.01566007279,8.868822246951,0.));
#605 = ORIENTED_EDGE('',*,*,#606,.T.);
#606 = EDGE_CURVE('',#598,#607,#609,.T.);
#607 = VERTEX_POINT('',#608);
#608 = CARTESIAN_POINT('',(-6.366512831943,8.045813467929,0.));
#609 = LINE('',#610,#611);
#610 = CARTESIAN_POINT('',(-7.01566007279,8.868822246951,0.));
#611 = VECTOR('',#612,1.);
#612 = DIRECTION('',(0.619293638977,-0.785159467065,0.));
#613 = ORIENTED_EDGE('',*,*,#614,.T.);
#614 = EDGE_CURVE('',#607,#615,#617,.T.);
#615 = VERTEX_POINT('',#616);
#616 = CARTESIAN_POINT('',(-6.429144220231,6.994004903878,0.));
#617 = CIRCLE('',#618,0.76);
#618 = AXIS2_PLACEMENT_3D('',#619,#620,#621);
#619 = CARTESIAN_POINT('',(-6.944622715054,7.552468798302,0.));
#620 = DIRECTION('',(0.,0.,-1.));
#621 = DIRECTION('',(0.76067089883,0.649137723193,0.));
#622 = ORIENTED_EDGE('',*,*,#623,.T.);
#623 = EDGE_CURVE('',#615,#624,#626,.T.);
#624 = VERTEX_POINT('',#625);
#625 = CARTESIAN_POINT('',(-6.994004903878,6.429144220231,0.));
#626 = CIRCLE('',#627,9.500000000001);
#627 = AXIS2_PLACEMENT_3D('',#628,#629,#630);
#628 = CARTESIAN_POINT('',(8.242295734817E-13,-8.433254095053E-13,0.));
#629 = DIRECTION('',(0.,0.,1.));
#630 = DIRECTION('',(-0.676752023182,0.736211042514,0.));
#631 = ORIENTED_EDGE('',*,*,#632,.T.);
#632 = EDGE_CURVE('',#624,#633,#635,.T.);
#633 = VERTEX_POINT('',#634);
#634 = CARTESIAN_POINT('',(-8.045813467929,6.366512831943,0.));
#635 = CIRCLE('',#636,0.76);
#636 = AXIS2_PLACEMENT_3D('',#637,#638,#639);
#637 = CARTESIAN_POINT('',(-7.552468798302,6.944622715054,0.));
#638 = DIRECTION('',(0.,-0.,-1.));
#639 = DIRECTION('',(0.734820913715,-0.678261177399,0.));
#640 = ORIENTED_EDGE('',*,*,#641,.T.);
#641 = EDGE_CURVE('',#633,#642,#644,.T.);
#642 = VERTEX_POINT('',#643);
#643 = CARTESIAN_POINT('',(-8.868822246951,7.01566007279,0.));
#644 = LINE('',#645,#646);
#645 = CARTESIAN_POINT('',(-8.045813467929,6.366512831943,0.));
#646 = VECTOR('',#647,1.);
#647 = DIRECTION('',(-0.785159467065,0.619293638977,0.));
#648 = ORIENTED_EDGE('',*,*,#649,.T.);
#649 = EDGE_CURVE('',#642,#650,#652,.T.);
#650 = VERTEX_POINT('',#651);
#651 = CARTESIAN_POINT('',(-9.558843006415,7.317446200457,0.));
#652 = B_SPLINE_CURVE_WITH_KNOTS('',3,(#653,#654,#655,#656),
  .UNSPECIFIED.,.F.,.F.,(4,4),(0.,1.),.PIECEWISE_BEZIER_KNOTS.);
#653 = CARTESIAN_POINT('',(-8.868822246951,7.01566007279,0.));
#654 = CARTESIAN_POINT('',(-8.937504410644,7.062113881701,0.));
#655 = CARTESIAN_POINT('',(-9.149798656505,7.191034401143,0.));
#656 = CARTESIAN_POINT('',(-9.558843006415,7.317446200457,0.));
#657 = ORIENTED_EDGE('',*,*,#658,.T.);
#658 = EDGE_CURVE('',#650,#659,#661,.T.);
#659 = VERTEX_POINT('',#660);
#660 = CARTESIAN_POINT('',(-11.80509624437,7.531027624718,0.));
#661 = B_SPLINE_CURVE_WITH_KNOTS('',3,(#662,#663,#664,#665),
  .UNSPECIFIED.,.F.,.F.,(4,4),(0.,1.),.PIECEWISE_BEZIER_KNOTS.);
#662 = CARTESIAN_POINT('',(-9.558843006415,7.317446200457,0.));
#663 = CARTESIAN_POINT('',(-10.04720018992,7.465392565533,0.));
#664 = CARTESIAN_POINT('',(-10.78880881463,7.595995305562,0.));
#665 = CARTESIAN_POINT('',(-11.80509624437,7.531027624718,0.));
#666 = ORIENTED_EDGE('',*,*,#667,.T.);
#667 = EDGE_CURVE('',#659,#668,#670,.T.);
#668 = VERTEX_POINT('',#669);
#669 = CARTESIAN_POINT('',(-12.42278123946,6.455579468687,0.));
#670 = CIRCLE('',#671,14.000000000002);
#671 = AXIS2_PLACEMENT_3D('',#672,#673,#674);
#672 = CARTESIAN_POINT('',(1.423681315393E-02,2.747072979514E-02,0.));
#673 = DIRECTION('',(0.,0.,1.));
#674 = DIRECTION('',(-0.844238075537,0.535968349637,0.));
#675 = ORIENTED_EDGE('',*,*,#676,.T.);
#676 = EDGE_CURVE('',#668,#677,#679,.T.);
#677 = VERTEX_POINT('',#678);
#678 = CARTESIAN_POINT('',(-11.11651580363,4.619477774114,0.));
#679 = B_SPLINE_CURVE_WITH_KNOTS('',3,(#680,#681,#682,#683),
  .UNSPECIFIED.,.F.,.F.,(4,4),(0.,1.),.PIECEWISE_BEZIER_KNOTS.);
#680 = CARTESIAN_POINT('',(-12.42278123946,6.455579468687,0.));
#681 = CARTESIAN_POINT('',(-11.97272930895,5.545384857262,0.));
#682 = CARTESIAN_POINT('',(-11.48881970593,4.968434318614,0.));
#683 = CARTESIAN_POINT('',(-11.11651580363,4.619477774114,0.));
#684 = ORIENTED_EDGE('',*,*,#685,.T.);
#685 = EDGE_CURVE('',#677,#686,#688,.T.);
#686 = VERTEX_POINT('',#687);
#687 = CARTESIAN_POINT('',(-10.51015097082,4.172795331113,0.));
#688 = B_SPLINE_CURVE_WITH_KNOTS('',3,(#689,#690,#691,#692),
  .UNSPECIFIED.,.F.,.F.,(4,4),(0.,1.),.PIECEWISE_BEZIER_KNOTS.);
#689 = CARTESIAN_POINT('',(-11.11651580363,4.619477774114,0.));
#690 = CARTESIAN_POINT('',(-10.80251779913,4.328440875474,0.));
#691 = CARTESIAN_POINT('',(-10.58472223129,4.209048925202,0.));
#692 = CARTESIAN_POINT('',(-10.51015097082,4.172795331113,0.));
#693 = ORIENTED_EDGE('',*,*,#694,.T.);
#694 = EDGE_CURVE('',#686,#695,#697,.T.);
#695 = VERTEX_POINT('',#696);
#696 = CARTESIAN_POINT('',(-9.536468579947,3.784622441366,0.));
#697 = LINE('',#698,#699);
#698 = CARTESIAN_POINT('',(-10.51015097082,4.172795331113,0.));
#699 = VECTOR('',#700,1.);
#700 = DIRECTION('',(0.928903757289,-0.370321225012,0.));
#701 = ORIENTED_EDGE('',*,*,#702,.T.);
#702 = EDGE_CURVE('',#695,#703,#705,.T.);
#703 = VERTEX_POINT('',#704);
#704 = CARTESIAN_POINT('',(-9.064804671253,2.842413810836,0.));
#705 = CIRCLE('',#706,0.76);
#706 = AXIS2_PLACEMENT_3D('',#707,#708,#709);
#707 = CARTESIAN_POINT('',(-9.790454090086,3.068318483092,0.));
#708 = DIRECTION('',(0.,0.,-1.));
#709 = DIRECTION('',(0.33419146071,0.942505208255,0.));
#710 = ORIENTED_EDGE('',*,*,#711,.T.);
#711 = EDGE_CURVE('',#703,#712,#714,.T.);
#712 = VERTEX_POINT('',#713);
#713 = CARTESIAN_POINT('',(-9.271558031067,2.070799767374,0.));
#714 = CIRCLE('',#715,9.500000000001);
#715 = AXIS2_PLACEMENT_3D('',#716,#717,#718);
#716 = CARTESIAN_POINT('',(5.053735208094E-13,-1.501021529293E-13,0.));
#717 = DIRECTION('',(0.,0.,1.));
#718 = DIRECTION('',(-0.954189965395,0.299201453772,0.));
#719 = ORIENTED_EDGE('',*,*,#720,.T.);
#720 = EDGE_CURVE('',#712,#721,#723,.T.);
#721 = VERTEX_POINT('',#722);
#722 = CARTESIAN_POINT('',(-10.1511352733,1.490655112017,0.));
#723 = CIRCLE('',#724,0.76);
#724 = AXIS2_PLACEMENT_3D('',#725,#726,#727);
#725 = CARTESIAN_POINT('',(-10.01294119814,2.237985291784,0.));
#726 = DIRECTION('',(0.,0.,-1.));
#727 = DIRECTION('',(0.975504167209,-0.21998095317,0.));
#728 = ORIENTED_EDGE('',*,*,#729,.T.);
#729 = EDGE_CURVE('',#721,#730,#732,.T.);
#730 = VERTEX_POINT('',#731);
#731 = CARTESIAN_POINT('',(-11.1884554039,1.641328723877,0.));
#732 = LINE('',#733,#734);
#733 = CARTESIAN_POINT('',(-10.1511352733,1.490655112017,0.));
#734 = VECTOR('',#735,1.);
#735 = DIRECTION('',(-0.989614863989,0.143744290224,0.));
#736 = ORIENTED_EDGE('',*,*,#737,.T.);
#737 = EDGE_CURVE('',#730,#738,#740,.T.);
#738 = VERTEX_POINT('',#739);
#739 = CARTESIAN_POINT('',(-11.93692397457,1.557672797214,0.));
#740 = B_SPLINE_CURVE_WITH_KNOTS('',3,(#741,#742,#743,#744),
  .UNSPECIFIED.,.F.,.F.,(4,4),(0.,1.),.PIECEWISE_BEZIER_KNOTS.);
#741 = CARTESIAN_POINT('',(-11.1884554039,1.641328723877,0.));
#742 = CARTESIAN_POINT('',(-11.2711628069,1.64721782065,0.));
#743 = CARTESIAN_POINT('',(-11.51947527661,1.652719142625,0.));
#744 = CARTESIAN_POINT('',(-11.93692397457,1.557672797214,0.));
#745 = ORIENTED_EDGE('',*,*,#746,.T.);
#746 = EDGE_CURVE('',#738,#747,#749,.T.);
#747 = VERTEX_POINT('',#748);
#748 = CARTESIAN_POINT('',(-13.9890270541,0.619513117423,0.));
#749 = B_SPLINE_CURVE_WITH_KNOTS('',3,(#750,#751,#752,#753),
  .UNSPECIFIED.,.F.,.F.,(4,4),(0.,1.),.PIECEWISE_BEZIER_KNOTS.);
#750 = CARTESIAN_POINT('',(-11.93692397457,1.557672797214,0.));
#751 = CARTESIAN_POINT('',(-12.43382688414,1.441619516014,0.));
#752 = CARTESIAN_POINT('',(-13.14138016282,1.18392049433,0.));
#753 = CARTESIAN_POINT('',(-13.9890270541,0.619513117423,0.));
#754 = ORIENTED_EDGE('',*,*,#755,.T.);
#755 = EDGE_CURVE('',#747,#756,#758,.T.);
#756 = VERTEX_POINT('',#757);
#757 = CARTESIAN_POINT('',(-13.98623387337,-0.620694803698,0.));
#758 = CIRCLE('',#759,14.000000000002);
#759 = AXIS2_PLACEMENT_3D('',#760,#761,#762);
#760 = CARTESIAN_POINT('',(-1.405923037086E-03,3.090875644008E-02,0.));
#761 = DIRECTION('',(0.,0.,1.));
#762 = DIRECTION('',(-0.999115795076,4.20431686416E-02,0.));
#763 = ORIENTED_EDGE('',*,*,#764,.T.);
#764 = EDGE_CURVE('',#756,#765,#767,.T.);
#765 = VERTEX_POINT('',#766);
#766 = CARTESIAN_POINT('',(-11.93692397457,-1.557672797214,0.));
#767 = B_SPLINE_CURVE_WITH_KNOTS('',3,(#768,#769,#770,#771),
  .UNSPECIFIED.,.F.,.F.,(4,4),(0.,1.),.PIECEWISE_BEZIER_KNOTS.);
#768 = CARTESIAN_POINT('',(-13.98623387337,-0.620694803698,0.));
#769 = CARTESIAN_POINT('',(-13.14138016282,-1.18392049433,0.));
#770 = CARTESIAN_POINT('',(-12.43382688414,-1.441619516014,0.));
#771 = CARTESIAN_POINT('',(-11.93692397457,-1.557672797214,0.));
#772 = ORIENTED_EDGE('',*,*,#773,.T.);
#773 = EDGE_CURVE('',#765,#774,#776,.T.);
#774 = VERTEX_POINT('',#775);
#775 = CARTESIAN_POINT('',(-11.1884554039,-1.641328723877,0.));
#776 = B_SPLINE_CURVE_WITH_KNOTS('',3,(#777,#778,#779,#780),
  .UNSPECIFIED.,.F.,.F.,(4,4),(0.,1.),.PIECEWISE_BEZIER_KNOTS.);
#777 = CARTESIAN_POINT('',(-11.93692397457,-1.557672797214,0.));
#778 = CARTESIAN_POINT('',(-11.51947527661,-1.652719142625,0.));
#779 = CARTESIAN_POINT('',(-11.2711628069,-1.64721782065,0.));
#780 = CARTESIAN_POINT('',(-11.1884554039,-1.641328723877,0.));
#781 = ORIENTED_EDGE('',*,*,#782,.T.);
#782 = EDGE_CURVE('',#774,#783,#785,.T.);
#783 = VERTEX_POINT('',#784);
#784 = CARTESIAN_POINT('',(-10.1511352733,-1.490655112017,0.));
#785 = LINE('',#786,#787);
#786 = CARTESIAN_POINT('',(-11.1884554039,-1.641328723877,0.));
#787 = VECTOR('',#788,1.);
#788 = DIRECTION('',(0.989614863989,0.143744290224,0.));
#789 = ORIENTED_EDGE('',*,*,#790,.T.);
#790 = EDGE_CURVE('',#783,#791,#793,.T.);
#791 = VERTEX_POINT('',#792);
#792 = CARTESIAN_POINT('',(-9.271558031067,-2.070799767374,0.));
#793 = CIRCLE('',#794,0.76);
#794 = AXIS2_PLACEMENT_3D('',#795,#796,#797);
#795 = CARTESIAN_POINT('',(-10.01294119814,-2.237985291784,0.));
#796 = DIRECTION('',(0.,0.,-1.));
#797 = DIRECTION('',(-0.181834309425,0.983329183903,0.));
#798 = ORIENTED_EDGE('',*,*,#799,.T.);
#799 = EDGE_CURVE('',#791,#800,#802,.T.);
#800 = VERTEX_POINT('',#801);
#801 = CARTESIAN_POINT('',(-9.064804671253,-2.842413810836,0.));
#802 = CIRCLE('',#803,9.5);
#803 = AXIS2_PLACEMENT_3D('',#804,#805,#806);
#804 = CARTESIAN_POINT('',(1.163513729807E-13,2.731148640578E-14,0.));
#805 = DIRECTION('',(0.,0.,1.));
#806 = DIRECTION('',(-0.975953476954,-0.217978922882,0.));
#807 = ORIENTED_EDGE('',*,*,#808,.T.);
#808 = EDGE_CURVE('',#800,#809,#811,.T.);
#809 = VERTEX_POINT('',#810);
#810 = CARTESIAN_POINT('',(-9.536468579947,-3.784622441366,0.));
#811 = CIRCLE('',#812,0.76);
#812 = AXIS2_PLACEMENT_3D('',#813,#814,#815);
#813 = CARTESIAN_POINT('',(-9.790454090086,-3.068318483092,0.));
#814 = DIRECTION('',(0.,0.,-1.));
#815 = DIRECTION('',(0.954801866886,0.29724298981,0.));
#816 = ORIENTED_EDGE('',*,*,#817,.T.);
#817 = EDGE_CURVE('',#809,#818,#820,.T.);
#818 = VERTEX_POINT('',#819);
#819 = CARTESIAN_POINT('',(-10.51015097082,-4.172795331113,0.));
#820 = LINE('',#821,#822);
#821 = CARTESIAN_POINT('',(-9.536468579947,-3.784622441366,0.));
#822 = VECTOR('',#823,1.);
#823 = DIRECTION('',(-0.928903757289,-0.370321225012,0.));
#824 = ORIENTED_EDGE('',*,*,#825,.T.);
#825 = EDGE_CURVE('',#818,#826,#828,.T.);
#826 = VERTEX_POINT('',#827);
#827 = CARTESIAN_POINT('',(-11.11651580363,-4.619477774114,0.));
#828 = B_SPLINE_CURVE_WITH_KNOTS('',3,(#829,#830,#831,#832),
  .UNSPECIFIED.,.F.,.F.,(4,4),(0.,1.),.PIECEWISE_BEZIER_KNOTS.);
#829 = CARTESIAN_POINT('',(-10.51015097082,-4.172795331113,0.));
#830 = CARTESIAN_POINT('',(-10.58472223129,-4.209048925202,0.));
#831 = CARTESIAN_POINT('',(-10.80251779913,-4.328440875474,0.));
#832 = CARTESIAN_POINT('',(-11.11651580363,-4.619477774114,0.));
#833 = ORIENTED_EDGE('',*,*,#834,.T.);
#834 = EDGE_CURVE('',#826,#835,#837,.T.);
#835 = VERTEX_POINT('',#836);
#836 = CARTESIAN_POINT('',(-12.42460936179,-6.457999429387,0.));
#837 = B_SPLINE_CURVE_WITH_KNOTS('',3,(#838,#839,#840,#841),
  .UNSPECIFIED.,.F.,.F.,(4,4),(0.,1.),.PIECEWISE_BEZIER_KNOTS.);
#838 = CARTESIAN_POINT('',(-11.11651580363,-4.619477774114,0.));
#839 = CARTESIAN_POINT('',(-11.48881970593,-4.968434318614,0.));
#840 = CARTESIAN_POINT('',(-11.97272930895,-5.545384857262,0.));
#841 = CARTESIAN_POINT('',(-12.42460936179,-6.457999429387,0.));
#842 = ORIENTED_EDGE('',*,*,#843,.T.);
#843 = EDGE_CURVE('',#835,#844,#846,.T.);
#844 = VERTEX_POINT('',#845);
#845 = CARTESIAN_POINT('',(-11.80208643576,-7.530654404686,0.));
#846 = CIRCLE('',#847,14.);
#847 = AXIS2_PLACEMENT_3D('',#848,#849,#850);
#848 = CARTESIAN_POINT('',(-1.667194328804E-02,2.606480675675E-02,0.));
#849 = DIRECTION('',(0.,0.,1.));
#850 = DIRECTION('',(-0.886281244179,-0.463147445439,0.));
#851 = ORIENTED_EDGE('',*,*,#852,.T.);
#852 = EDGE_CURVE('',#844,#853,#855,.T.);
#853 = VERTEX_POINT('',#854);
#854 = CARTESIAN_POINT('',(-9.558843006415,-7.317446200457,0.));
#855 = B_SPLINE_CURVE_WITH_KNOTS('',3,(#856,#857,#858,#859),
  .UNSPECIFIED.,.F.,.F.,(4,4),(0.,1.),.PIECEWISE_BEZIER_KNOTS.);
#856 = CARTESIAN_POINT('',(-11.80208643576,-7.530654404686,0.));
#857 = CARTESIAN_POINT('',(-10.78880881463,-7.595995305562,0.));
#858 = CARTESIAN_POINT('',(-10.04720018992,-7.465392565533,0.));
#859 = CARTESIAN_POINT('',(-9.558843006415,-7.317446200457,0.));
#860 = ORIENTED_EDGE('',*,*,#861,.T.);
#861 = EDGE_CURVE('',#853,#862,#864,.T.);
#862 = VERTEX_POINT('',#863);
#863 = CARTESIAN_POINT('',(-8.868822246951,-7.01566007279,0.));
#864 = B_SPLINE_CURVE_WITH_KNOTS('',3,(#865,#866,#867,#868),
  .UNSPECIFIED.,.F.,.F.,(4,4),(0.,1.),.PIECEWISE_BEZIER_KNOTS.);
#865 = CARTESIAN_POINT('',(-9.558843006415,-7.317446200457,0.));
#866 = CARTESIAN_POINT('',(-9.149798656505,-7.191034401143,0.));
#867 = CARTESIAN_POINT('',(-8.937504410644,-7.062113881701,0.));
#868 = CARTESIAN_POINT('',(-8.868822246951,-7.01566007279,0.));
#869 = ORIENTED_EDGE('',*,*,#870,.T.);
#870 = EDGE_CURVE('',#862,#871,#873,.T.);
#871 = VERTEX_POINT('',#872);
#872 = CARTESIAN_POINT('',(-8.045813467929,-6.366512831943,0.));
#873 = LINE('',#874,#875);
#874 = CARTESIAN_POINT('',(-8.868822246951,-7.01566007279,0.));
#875 = VECTOR('',#876,1.);
#876 = DIRECTION('',(0.785159467065,0.619293638977,0.));
#877 = ORIENTED_EDGE('',*,*,#878,.T.);
#878 = EDGE_CURVE('',#871,#879,#881,.T.);
#879 = VERTEX_POINT('',#880);
#880 = CARTESIAN_POINT('',(-6.994004903878,-6.429144220231,0.));
#881 = CIRCLE('',#882,0.76);
#882 = AXIS2_PLACEMENT_3D('',#883,#884,#885);
#883 = CARTESIAN_POINT('',(-7.552468798302,-6.944622715054,0.));
#884 = DIRECTION('',(0.,0.,-1.));
#885 = DIRECTION('',(-0.649137723193,0.76067089883,0.));
#886 = ORIENTED_EDGE('',*,*,#887,.T.);
#887 = EDGE_CURVE('',#879,#888,#890,.T.);
#888 = VERTEX_POINT('',#889);
#889 = CARTESIAN_POINT('',(-6.429144220231,-6.994004903878,0.));
#890 = CIRCLE('',#891,9.500000000002);
#891 = AXIS2_PLACEMENT_3D('',#892,#893,#894);
#892 = CARTESIAN_POINT('',(1.187050457929E-12,1.192379528447E-12,0.));
#893 = DIRECTION('',(0.,0.,1.));
#894 = DIRECTION('',(-0.736211042514,-0.676752023182,0.));
#895 = ORIENTED_EDGE('',*,*,#896,.T.);
#896 = EDGE_CURVE('',#888,#897,#899,.T.);
#897 = VERTEX_POINT('',#898);
#898 = CARTESIAN_POINT('',(-6.366512831943,-8.045813467929,0.));
#899 = CIRCLE('',#900,0.76);
#900 = AXIS2_PLACEMENT_3D('',#901,#902,#903);
#901 = CARTESIAN_POINT('',(-6.944622715054,-7.552468798302,0.));
#902 = DIRECTION('',(0.,0.,-1.));
#903 = DIRECTION('',(0.678261177399,0.734820913715,0.));
#904 = ORIENTED_EDGE('',*,*,#905,.T.);
#905 = EDGE_CURVE('',#897,#906,#908,.T.);
#906 = VERTEX_POINT('',#907);
#907 = CARTESIAN_POINT('',(-7.01566007279,-8.868822246951,0.));
#908 = LINE('',#909,#910);
#909 = CARTESIAN_POINT('',(-6.366512831943,-8.045813467929,0.));
#910 = VECTOR('',#911,1.);
#911 = DIRECTION('',(-0.619293638977,-0.785159467065,0.));
#912 = ORIENTED_EDGE('',*,*,#913,.T.);
#913 = EDGE_CURVE('',#906,#914,#916,.T.);
#914 = VERTEX_POINT('',#915);
#915 = CARTESIAN_POINT('',(-7.317446200457,-9.558843006415,0.));
#916 = B_SPLINE_CURVE_WITH_KNOTS('',3,(#917,#918,#919,#920),
  .UNSPECIFIED.,.F.,.F.,(4,4),(0.,1.),.PIECEWISE_BEZIER_KNOTS.);
#917 = CARTESIAN_POINT('',(-7.01566007279,-8.868822246951,0.));
#918 = CARTESIAN_POINT('',(-7.062113881701,-8.937504410644,0.));
#919 = CARTESIAN_POINT('',(-7.191034401143,-9.149798656505,0.));
#920 = CARTESIAN_POINT('',(-7.317446200457,-9.558843006415,0.));
#921 = ORIENTED_EDGE('',*,*,#922,.T.);
#922 = EDGE_CURVE('',#914,#923,#925,.T.);
#923 = VERTEX_POINT('',#924);
#924 = CARTESIAN_POINT('',(-7.531027624718,-11.80509624437,0.));
#925 = B_SPLINE_CURVE_WITH_KNOTS('',3,(#926,#927,#928,#929),
  .UNSPECIFIED.,.F.,.F.,(4,4),(0.,1.),.PIECEWISE_BEZIER_KNOTS.);
#926 = CARTESIAN_POINT('',(-7.317446200457,-9.558843006415,0.));
#927 = CARTESIAN_POINT('',(-7.465392565533,-10.04720018992,0.));
#928 = CARTESIAN_POINT('',(-7.595995305562,-10.78880881463,0.));
#929 = CARTESIAN_POINT('',(-7.531027624718,-11.80509624437,0.));
#930 = ORIENTED_EDGE('',*,*,#931,.T.);
#931 = EDGE_CURVE('',#923,#932,#934,.T.);
#932 = VERTEX_POINT('',#933);
#933 = CARTESIAN_POINT('',(-6.455579468687,-12.42278123946,0.));
#934 = CIRCLE('',#935,14.000000000002);
#935 = AXIS2_PLACEMENT_3D('',#936,#937,#938);
#936 = CARTESIAN_POINT('',(-2.747072979515E-02,1.423681315393E-02,0.));
#937 = DIRECTION('',(0.,0.,1.));
#938 = DIRECTION('',(-0.535968349637,-0.844238075537,0.));
#939 = ORIENTED_EDGE('',*,*,#940,.T.);
#940 = EDGE_CURVE('',#932,#941,#943,.T.);
#941 = VERTEX_POINT('',#942);
#942 = CARTESIAN_POINT('',(-4.619477774114,-11.11651580363,0.));
#943 = B_SPLINE_CURVE_WITH_KNOTS('',3,(#944,#945,#946,#947),
  .UNSPECIFIED.,.F.,.F.,(4,4),(0.,1.),.PIECEWISE_BEZIER_KNOTS.);
#944 = CARTESIAN_POINT('',(-6.455579468687,-12.42278123946,0.));
#945 = CARTESIAN_POINT('',(-5.545384857262,-11.97272930895,0.));
#946 = CARTESIAN_POINT('',(-4.968434318614,-11.48881970593,0.));
#947 = CARTESIAN_POINT('',(-4.619477774114,-11.11651580363,0.));
#948 = ORIENTED_EDGE('',*,*,#949,.T.);
#949 = EDGE_CURVE('',#941,#950,#952,.T.);
#950 = VERTEX_POINT('',#951);
#951 = CARTESIAN_POINT('',(-4.172795331113,-10.51015097082,0.));
#952 = B_SPLINE_CURVE_WITH_KNOTS('',3,(#953,#954,#955,#956),
  .UNSPECIFIED.,.F.,.F.,(4,4),(0.,1.),.PIECEWISE_BEZIER_KNOTS.);
#953 = CARTESIAN_POINT('',(-4.619477774114,-11.11651580363,0.));
#954 = CARTESIAN_POINT('',(-4.328440875474,-10.80251779913,0.));
#955 = CARTESIAN_POINT('',(-4.209048925202,-10.58472223129,0.));
#956 = CARTESIAN_POINT('',(-4.172795331113,-10.51015097082,0.));
#957 = ORIENTED_EDGE('',*,*,#958,.T.);
#958 = EDGE_CURVE('',#950,#959,#961,.T.);
#959 = VERTEX_POINT('',#960);
#960 = CARTESIAN_POINT('',(-3.784622441366,-9.536468579947,0.));
#961 = LINE('',#962,#963);
#962 = CARTESIAN_POINT('',(-4.172795331113,-10.51015097082,0.));
#963 = VECTOR('',#964,1.);
#964 = DIRECTION('',(0.370321225012,0.928903757289,0.));
#965 = ORIENTED_EDGE('',*,*,#966,.T.);
#966 = EDGE_CURVE('',#959,#967,#969,.T.);
#967 = VERTEX_POINT('',#968);
#968 = CARTESIAN_POINT('',(-2.842413810836,-9.064804671253,0.));
#969 = CIRCLE('',#970,0.76);
#970 = AXIS2_PLACEMENT_3D('',#971,#972,#973);
#971 = CARTESIAN_POINT('',(-3.068318483092,-9.790454090086,0.));
#972 = DIRECTION('',(0.,0.,-1.));
#973 = DIRECTION('',(-0.942505208255,0.33419146071,0.));
#974 = ORIENTED_EDGE('',*,*,#975,.T.);
#975 = EDGE_CURVE('',#967,#976,#978,.T.);
#976 = VERTEX_POINT('',#977);
#977 = CARTESIAN_POINT('',(-2.070799767374,-9.271558031067,0.));
#978 = CIRCLE('',#979,9.499999999996);
#979 = AXIS2_PLACEMENT_3D('',#980,#981,#982);
#980 = CARTESIAN_POINT('',(-9.21263065834E-13,-3.489653011002E-12,0.));
#981 = DIRECTION('',(0.,0.,1.));
#982 = DIRECTION('',(-0.299201453772,-0.954189965395,0.));
#983 = ORIENTED_EDGE('',*,*,#984,.T.);
#984 = EDGE_CURVE('',#976,#985,#987,.T.);
#985 = VERTEX_POINT('',#986);
#986 = CARTESIAN_POINT('',(-1.490655112017,-10.1511352733,0.));
#987 = CIRCLE('',#988,0.76);
#988 = AXIS2_PLACEMENT_3D('',#989,#990,#991);
#989 = CARTESIAN_POINT('',(-2.237985291784,-10.01294119814,0.));
#990 = DIRECTION('',(0.,0.,-1.));
#991 = DIRECTION('',(0.21998095317,0.975504167209,0.));
#992 = ORIENTED_EDGE('',*,*,#993,.T.);
#993 = EDGE_CURVE('',#985,#994,#996,.T.);
#994 = VERTEX_POINT('',#995);
#995 = CARTESIAN_POINT('',(-1.641328723877,-11.1884554039,0.));
#996 = LINE('',#997,#998);
#997 = CARTESIAN_POINT('',(-1.490655112017,-10.1511352733,0.));
#998 = VECTOR('',#999,1.);
#999 = DIRECTION('',(-0.143744290224,-0.989614863989,0.));
#1000 = ORIENTED_EDGE('',*,*,#1001,.T.);
#1001 = EDGE_CURVE('',#994,#1002,#1004,.T.);
#1002 = VERTEX_POINT('',#1003);
#1003 = CARTESIAN_POINT('',(-1.557672797214,-11.93692397457,0.));
#1004 = B_SPLINE_CURVE_WITH_KNOTS('',3,(#1005,#1006,#1007,#1008),
  .UNSPECIFIED.,.F.,.F.,(4,4),(0.,1.),.PIECEWISE_BEZIER_KNOTS.);
#1005 = CARTESIAN_POINT('',(-1.641328723877,-11.1884554039,0.));
#1006 = CARTESIAN_POINT('',(-1.64721782065,-11.2711628069,0.));
#1007 = CARTESIAN_POINT('',(-1.652719142625,-11.51947527661,0.));
#1008 = CARTESIAN_POINT('',(-1.557672797214,-11.93692397457,0.));
#1009 = ORIENTED_EDGE('',*,*,#1010,.T.);
#1010 = EDGE_CURVE('',#1002,#1011,#1013,.T.);
#1011 = VERTEX_POINT('',#1012);
#1012 = CARTESIAN_POINT('',(-0.619513117423,-13.9890270541,0.));
#1013 = B_SPLINE_CURVE_WITH_KNOTS('',3,(#1014,#1015,#1016,#1017),
  .UNSPECIFIED.,.F.,.F.,(4,4),(0.,1.),.PIECEWISE_BEZIER_KNOTS.);
#1014 = CARTESIAN_POINT('',(-1.557672797214,-11.93692397457,0.));
#1015 = CARTESIAN_POINT('',(-1.441619516014,-12.43382688414,0.));
#1016 = CARTESIAN_POINT('',(-1.18392049433,-13.14138016282,0.));
#1017 = CARTESIAN_POINT('',(-0.619513117423,-13.9890270541,0.));
#1018 = ORIENTED_EDGE('',*,*,#1019,.T.);
#1019 = EDGE_CURVE('',#1011,#1020,#1022,.T.);
#1020 = VERTEX_POINT('',#1021);
#1021 = CARTESIAN_POINT('',(0.620694803698,-13.98623387337,0.));
#1022 = CIRCLE('',#1023,14.000000000002);
#1023 = AXIS2_PLACEMENT_3D('',#1024,#1025,#1026);
#1024 = CARTESIAN_POINT('',(-3.090875644008E-02,-1.405923037086E-03,0.)
  );
#1025 = DIRECTION('',(0.,0.,1.));
#1026 = DIRECTION('',(-4.20431686416E-02,-0.999115795076,0.));
#1027 = ORIENTED_EDGE('',*,*,#1028,.T.);
#1028 = EDGE_CURVE('',#1020,#1029,#1031,.T.);
#1029 = VERTEX_POINT('',#1030);
#1030 = CARTESIAN_POINT('',(1.557672797214,-11.93692397457,0.));
#1031 = B_SPLINE_CURVE_WITH_KNOTS('',3,(#1032,#1033,#1034,#1035),
  .UNSPECIFIED.,.F.,.F.,(4,4),(0.,1.),.PIECEWISE_BEZIER_KNOTS.);
#1032 = CARTESIAN_POINT('',(0.620694803698,-13.98623387337,0.));
#1033 = CARTESIAN_POINT('',(1.18392049433,-13.14138016282,0.));
#1034 = CARTESIAN_POINT('',(1.441619516014,-12.43382688414,0.));
#1035 = CARTESIAN_POINT('',(1.557672797214,-11.93692397457,0.));
#1036 = ORIENTED_EDGE('',*,*,#1037,.T.);
#1037 = EDGE_CURVE('',#1029,#1038,#1040,.T.);
#1038 = VERTEX_POINT('',#1039);
#1039 = CARTESIAN_POINT('',(1.641328723877,-11.1884554039,0.));
#1040 = B_SPLINE_CURVE_WITH_KNOTS('',3,(#1041,#1042,#1043,#1044),
  .UNSPECIFIED.,.F.,.F.,(4,4),(0.,1.),.PIECEWISE_BEZIER_KNOTS.);
#1041 = CARTESIAN_POINT('',(1.557672797214,-11.93692397457,0.));
#1042 = CARTESIAN_POINT('',(1.652719142625,-11.51947527661,0.));
#1043 = CARTESIAN_POINT('',(1.64721782065,-11.2711628069,0.));
#1044 = CARTESIAN_POINT('',(1.641328723877,-11.1884554039,0.));
#1045 = ORIENTED_EDGE('',*,*,#1046,.T.);
#1046 = EDGE_CURVE('',#1038,#1047,#1049,.T.);
#1047 = VERTEX_POINT('',#1048);
#1048 = CARTESIAN_POINT('',(1.490655112017,-10.1511352733,0.));
#1049 = LINE('',#1050,#1051);
#1050 = CARTESIAN_POINT('',(1.641328723877,-11.1884554039,0.));
#1051 = VECTOR('',#1052,1.);
#1052 = DIRECTION('',(-0.143744290224,0.989614863989,0.));
#1053 = ORIENTED_EDGE('',*,*,#1054,.T.);
#1054 = EDGE_CURVE('',#1047,#1055,#1057,.T.);
#1055 = VERTEX_POINT('',#1056);
#1056 = CARTESIAN_POINT('',(2.070799767374,-9.271558031067,0.));
#1057 = CIRCLE('',#1058,0.76);
#1058 = AXIS2_PLACEMENT_3D('',#1059,#1060,#1061);
#1059 = CARTESIAN_POINT('',(2.237985291784,-10.01294119814,0.));
#1060 = DIRECTION('',(0.,0.,-1.));
#1061 = DIRECTION('',(-0.983329183903,-0.181834309425,-0.));
#1062 = ORIENTED_EDGE('',*,*,#1063,.T.);
#1063 = EDGE_CURVE('',#1055,#1064,#1066,.T.);
#1064 = VERTEX_POINT('',#1065);
#1065 = CARTESIAN_POINT('',(2.842413810836,-9.064804671253,0.));
#1066 = CIRCLE('',#1067,9.500000000002);
#1067 = AXIS2_PLACEMENT_3D('',#1068,#1069,#1070);
#1068 = CARTESIAN_POINT('',(-3.912425938779E-13,1.464606214086E-12,0.));
#1069 = DIRECTION('',(-0.,0.,1.));
#1070 = DIRECTION('',(0.217978922882,-0.975953476954,0.));
#1071 = ORIENTED_EDGE('',*,*,#1072,.T.);
#1072 = EDGE_CURVE('',#1064,#1073,#1075,.T.);
#1073 = VERTEX_POINT('',#1074);
#1074 = CARTESIAN_POINT('',(3.784622441366,-9.536468579947,0.));
#1075 = CIRCLE('',#1076,0.76);
#1076 = AXIS2_PLACEMENT_3D('',#1077,#1078,#1079);
#1077 = CARTESIAN_POINT('',(3.068318483092,-9.790454090086,0.));
#1078 = DIRECTION('',(0.,0.,-1.));
#1079 = DIRECTION('',(-0.29724298981,0.954801866886,0.));
#1080 = ORIENTED_EDGE('',*,*,#1081,.T.);
#1081 = EDGE_CURVE('',#1073,#1082,#1084,.T.);
#1082 = VERTEX_POINT('',#1083);
#1083 = CARTESIAN_POINT('',(4.172795331113,-10.51015097082,0.));
#1084 = LINE('',#1085,#1086);
#1085 = CARTESIAN_POINT('',(3.784622441366,-9.536468579947,0.));
#1086 = VECTOR('',#1087,1.);
#1087 = DIRECTION('',(0.370321225012,-0.928903757289,0.));
#1088 = ORIENTED_EDGE('',*,*,#1089,.T.);
#1089 = EDGE_CURVE('',#1082,#1090,#1092,.T.);
#1090 = VERTEX_POINT('',#1091);
#1091 = CARTESIAN_POINT('',(4.619477774114,-11.11651580363,0.));
#1092 = B_SPLINE_CURVE_WITH_KNOTS('',3,(#1093,#1094,#1095,#1096),
  .UNSPECIFIED.,.F.,.F.,(4,4),(0.,1.),.PIECEWISE_BEZIER_KNOTS.);
#1093 = CARTESIAN_POINT('',(4.172795331113,-10.51015097082,0.));
#1094 = CARTESIAN_POINT('',(4.209048925202,-10.58472223129,0.));
#1095 = CARTESIAN_POINT('',(4.328440875474,-10.80251779913,0.));
#1096 = CARTESIAN_POINT('',(4.619477774114,-11.11651580363,0.));
#1097 = ORIENTED_EDGE('',*,*,#1098,.T.);
#1098 = EDGE_CURVE('',#1090,#1099,#1101,.T.);
#1099 = VERTEX_POINT('',#1100);
#1100 = CARTESIAN_POINT('',(6.457999429387,-12.42460936179,0.));
#1101 = B_SPLINE_CURVE_WITH_KNOTS('',3,(#1102,#1103,#1104,#1105),
  .UNSPECIFIED.,.F.,.F.,(4,4),(0.,1.),.PIECEWISE_BEZIER_KNOTS.);
#1102 = CARTESIAN_POINT('',(4.619477774114,-11.11651580363,0.));
#1103 = CARTESIAN_POINT('',(4.968434318614,-11.48881970593,0.));
#1104 = CARTESIAN_POINT('',(5.545384857262,-11.97272930895,0.));
#1105 = CARTESIAN_POINT('',(6.457999429387,-12.42460936179,0.));
#1106 = ORIENTED_EDGE('',*,*,#1107,.T.);
#1107 = EDGE_CURVE('',#1099,#1108,#1110,.T.);
#1108 = VERTEX_POINT('',#1109);
#1109 = CARTESIAN_POINT('',(7.530654404685,-11.80208643576,0.));
#1110 = CIRCLE('',#1111,14.000000000003);
#1111 = AXIS2_PLACEMENT_3D('',#1112,#1113,#1114);
#1112 = CARTESIAN_POINT('',(-2.606480675831E-02,-1.667194328528E-02,0.)
  );
#1113 = DIRECTION('',(-0.,0.,1.));
#1114 = DIRECTION('',(0.463147445439,-0.886281244179,0.));
#1115 = ORIENTED_EDGE('',*,*,#1116,.T.);
#1116 = EDGE_CURVE('',#1108,#1117,#1119,.T.);
#1117 = VERTEX_POINT('',#1118);
#1118 = CARTESIAN_POINT('',(7.317446200457,-9.558843006415,0.));
#1119 = B_SPLINE_CURVE_WITH_KNOTS('',3,(#1120,#1121,#1122,#1123),
  .UNSPECIFIED.,.F.,.F.,(4,4),(0.,1.),.PIECEWISE_BEZIER_KNOTS.);
#1120 = CARTESIAN_POINT('',(7.530654404685,-11.80208643576,0.));
#1121 = CARTESIAN_POINT('',(7.595995305562,-10.78880881463,0.));
#1122 = CARTESIAN_POINT('',(7.465392565533,-10.04720018992,0.));
#1123 = CARTESIAN_POINT('',(7.317446200457,-9.558843006415,0.));
#1124 = ORIENTED_EDGE('',*,*,#1125,.T.);
#1125 = EDGE_CURVE('',#1117,#1126,#1128,.T.);
#1126 = VERTEX_POINT('',#1127);
#1127 = CARTESIAN_POINT('',(7.01566007279,-8.868822246951,0.));
#1128 = B_SPLINE_CURVE_WITH_KNOTS('',3,(#1129,#1130,#1131,#1132),
  .UNSPECIFIED.,.F.,.F.,(4,4),(0.,1.),.PIECEWISE_BEZIER_KNOTS.);
#1129 = CARTESIAN_POINT('',(7.317446200457,-9.558843006415,0.));
#1130 = CARTESIAN_POINT('',(7.191034401143,-9.149798656505,0.));
#1131 = CARTESIAN_POINT('',(7.062113881701,-8.937504410644,0.));
#1132 = CARTESIAN_POINT('',(7.01566007279,-8.868822246951,0.));
#1133 = ORIENTED_EDGE('',*,*,#1134,.T.);
#1134 = EDGE_CURVE('',#1126,#1135,#1137,.T.);
#1135 = VERTEX_POINT('',#1136);
#1136 = CARTESIAN_POINT('',(6.366512831943,-8.045813467929,0.));
#1137 = LINE('',#1138,#1139);
#1138 = CARTESIAN_POINT('',(7.01566007279,-8.868822246951,0.));
#1139 = VECTOR('',#1140,1.);
#1140 = DIRECTION('',(-0.619293638977,0.785159467065,0.));
#1141 = ORIENTED_EDGE('',*,*,#1142,.T.);
#1142 = EDGE_CURVE('',#1135,#1143,#1145,.T.);
#1143 = VERTEX_POINT('',#1144);
#1144 = CARTESIAN_POINT('',(6.429144220231,-6.994004903878,0.));
#1145 = CIRCLE('',#1146,0.76);
#1146 = AXIS2_PLACEMENT_3D('',#1147,#1148,#1149);
#1147 = CARTESIAN_POINT('',(6.944622715054,-7.552468798302,0.));
#1148 = DIRECTION('',(0.,0.,-1.));
#1149 = DIRECTION('',(-0.76067089883,-0.649137723193,-0.));
#1150 = ORIENTED_EDGE('',*,*,#1151,.T.);
#1151 = EDGE_CURVE('',#1143,#1152,#1154,.T.);
#1152 = VERTEX_POINT('',#1153);
#1153 = CARTESIAN_POINT('',(6.994004903878,-6.429144220231,0.));
#1154 = CIRCLE('',#1155,9.500000000001);
#1155 = AXIS2_PLACEMENT_3D('',#1156,#1157,#1158);
#1156 = CARTESIAN_POINT('',(-8.277822871605E-13,8.379963389871E-13,0.));
#1157 = DIRECTION('',(-0.,0.,1.));
#1158 = DIRECTION('',(0.676752023182,-0.736211042514,0.));
#1159 = ORIENTED_EDGE('',*,*,#1160,.T.);
#1160 = EDGE_CURVE('',#1152,#1161,#1163,.T.);
#1161 = VERTEX_POINT('',#1162);
#1162 = CARTESIAN_POINT('',(8.045813467929,-6.366512831943,0.));
#1163 = CIRCLE('',#1164,0.76);
#1164 = AXIS2_PLACEMENT_3D('',#1165,#1166,#1167);
#1165 = CARTESIAN_POINT('',(7.552468798302,-6.944622715054,0.));
#1166 = DIRECTION('',(0.,0.,-1.));
#1167 = DIRECTION('',(-0.734820913715,0.678261177399,0.));
#1168 = ORIENTED_EDGE('',*,*,#1169,.T.);
#1169 = EDGE_CURVE('',#1161,#1170,#1172,.T.);
#1170 = VERTEX_POINT('',#1171);
#1171 = CARTESIAN_POINT('',(8.868822246951,-7.01566007279,0.));
#1172 = LINE('',#1173,#1174);
#1173 = CARTESIAN_POINT('',(8.045813467929,-6.366512831943,0.));
#1174 = VECTOR('',#1175,1.);
#1175 = DIRECTION('',(0.785159467065,-0.619293638977,0.));
#1176 = ORIENTED_EDGE('',*,*,#1177,.T.);
#1177 = EDGE_CURVE('',#1170,#1178,#1180,.T.);
#1178 = VERTEX_POINT('',#1179);
#1179 = CARTESIAN_POINT('',(9.558843006415,-7.317446200457,0.));
#1180 = B_SPLINE_CURVE_WITH_KNOTS('',3,(#1181,#1182,#1183,#1184),
  .UNSPECIFIED.,.F.,.F.,(4,4),(0.,1.),.PIECEWISE_BEZIER_KNOTS.);
#1181 = CARTESIAN_POINT('',(8.868822246951,-7.01566007279,0.));
#1182 = CARTESIAN_POINT('',(8.937504410644,-7.062113881701,0.));
#1183 = CARTESIAN_POINT('',(9.149798656505,-7.191034401143,0.));
#1184 = CARTESIAN_POINT('',(9.558843006415,-7.317446200457,0.));
#1185 = ORIENTED_EDGE('',*,*,#1186,.T.);
#1186 = EDGE_CURVE('',#1178,#1187,#1189,.T.);
#1187 = VERTEX_POINT('',#1188);
#1188 = CARTESIAN_POINT('',(11.805096244371,-7.531027624718,0.));
#1189 = B_SPLINE_CURVE_WITH_KNOTS('',3,(#1190,#1191,#1192,#1193),
  .UNSPECIFIED.,.F.,.F.,(4,4),(0.,1.),.PIECEWISE_BEZIER_KNOTS.);
#1190 = CARTESIAN_POINT('',(9.558843006415,-7.317446200457,0.));
#1191 = CARTESIAN_POINT('',(10.047200189923,-7.465392565533,0.));
#1192 = CARTESIAN_POINT('',(10.78880881463,-7.595995305562,0.));
#1193 = CARTESIAN_POINT('',(11.805096244371,-7.531027624718,0.));
#1194 = ORIENTED_EDGE('',*,*,#1195,.T.);
#1195 = EDGE_CURVE('',#1187,#1196,#1198,.T.);
#1196 = VERTEX_POINT('',#1197);
#1197 = CARTESIAN_POINT('',(12.42278123946,-6.455579468687,0.));
#1198 = CIRCLE('',#1199,14.000000000002);
#1199 = AXIS2_PLACEMENT_3D('',#1200,#1201,#1202);
#1200 = CARTESIAN_POINT('',(-1.423681315393E-02,-2.747072979515E-02,0.)
  );
#1201 = DIRECTION('',(-0.,0.,1.));
#1202 = DIRECTION('',(0.844238075537,-0.535968349637,0.));
#1203 = ORIENTED_EDGE('',*,*,#1204,.T.);
#1204 = EDGE_CURVE('',#1196,#1205,#1207,.T.);
#1205 = VERTEX_POINT('',#1206);
#1206 = CARTESIAN_POINT('',(11.11651580363,-4.619477774114,0.));
#1207 = B_SPLINE_CURVE_WITH_KNOTS('',3,(#1208,#1209,#1210,#1211),
  .UNSPECIFIED.,.F.,.F.,(4,4),(0.,1.),.PIECEWISE_BEZIER_KNOTS.);
#1208 = CARTESIAN_POINT('',(12.42278123946,-6.455579468687,0.));
#1209 = CARTESIAN_POINT('',(11.972729308959,-5.545384857262,0.));
#1210 = CARTESIAN_POINT('',(11.488819705936,-4.968434318614,0.));
#1211 = CARTESIAN_POINT('',(11.11651580363,-4.619477774114,0.));
#1212 = ORIENTED_EDGE('',*,*,#1213,.T.);
#1213 = EDGE_CURVE('',#1205,#1214,#1216,.T.);
#1214 = VERTEX_POINT('',#1215);
#1215 = CARTESIAN_POINT('',(10.510150970828,-4.172795331113,0.));
#1216 = B_SPLINE_CURVE_WITH_KNOTS('',3,(#1217,#1218,#1219,#1220),
  .UNSPECIFIED.,.F.,.F.,(4,4),(0.,1.),.PIECEWISE_BEZIER_KNOTS.);
#1217 = CARTESIAN_POINT('',(11.11651580363,-4.619477774114,0.));
#1218 = CARTESIAN_POINT('',(10.80251779913,-4.328440875474,0.));
#1219 = CARTESIAN_POINT('',(10.584722231294,-4.209048925202,0.));
#1220 = CARTESIAN_POINT('',(10.510150970828,-4.172795331113,0.));
#1221 = ORIENTED_EDGE('',*,*,#1222,.T.);
#1222 = EDGE_CURVE('',#1214,#1223,#1225,.T.);
#1223 = VERTEX_POINT('',#1224);
#1224 = CARTESIAN_POINT('',(9.536468579947,-3.784622441366,0.));
#1225 = LINE('',#1226,#1227);
#1226 = CARTESIAN_POINT('',(10.510150970828,-4.172795331113,0.));
#1227 = VECTOR('',#1228,1.);
#1228 = DIRECTION('',(-0.928903757289,0.370321225012,0.));
#1229 = ORIENTED_EDGE('',*,*,#1230,.T.);
#1230 = EDGE_CURVE('',#1223,#1231,#1233,.T.);
#1231 = VERTEX_POINT('',#1232);
#1232 = CARTESIAN_POINT('',(9.064804671253,-2.842413810836,0.));
#1233 = CIRCLE('',#1234,0.76);
#1234 = AXIS2_PLACEMENT_3D('',#1235,#1236,#1237);
#1235 = CARTESIAN_POINT('',(9.790454090086,-3.068318483092,0.));
#1236 = DIRECTION('',(0.,0.,-1.));
#1237 = DIRECTION('',(-0.33419146071,-0.942505208255,-0.));
#1238 = ORIENTED_EDGE('',*,*,#1239,.T.);
#1239 = EDGE_CURVE('',#1231,#148,#1240,.T.);
#1240 = CIRCLE('',#1241,9.499999999996);
#1241 = AXIS2_PLACEMENT_3D('',#1242,#1243,#1244);
#1242 = CARTESIAN_POINT('',(3.489653011002E-12,-9.21263065834E-13,0.));
#1243 = DIRECTION('',(-0.,0.,1.));
#1244 = DIRECTION('',(0.954189965395,-0.299201453772,0.));
#1245 = ORIENTED_EDGE('',*,*,#165,.T.);
#1246 = FACE_BOUND('',#1247,.F.);
#1247 = EDGE_LOOP('',(#1248,#1259));
#1248 = ORIENTED_EDGE('',*,*,#1249,.F.);
#1249 = EDGE_CURVE('',#1250,#1252,#1254,.T.);
#1250 = VERTEX_POINT('',#1251);
#1251 = CARTESIAN_POINT('',(4.1,3.033150177621,0.));
#1252 = VERTEX_POINT('',#1253);
#1253 = CARTESIAN_POINT('',(4.1,-3.033150177621,0.));
#1254 = CIRCLE('',#1255,5.1);
#1255 = AXIS2_PLACEMENT_3D('',#1256,#1257,#1258);
#1256 = CARTESIAN_POINT('',(0.,0.,0.));
#1257 = DIRECTION('',(0.,0.,1.));
#1258 = DIRECTION('',(1.,0.,-0.));
#1259 = ORIENTED_EDGE('',*,*,#1260,.F.);
#1260 = EDGE_CURVE('',#1252,#1250,#1261,.T.);
#1261 = LINE('',#1262,#1263);
#1262 = CARTESIAN_POINT('',(4.1,-10.,0.));
#1263 = VECTOR('',#1264,1.);
#1264 = DIRECTION('',(-0.,1.,0.));
#1265 = PLANE('',#1266);
#1266 = AXIS2_PLACEMENT_3D('',#1267,#1268,#1269);
#1267 = CARTESIAN_POINT('',(-7.190827240057E-16,5.967645286851E-16,0.));
#1268 = DIRECTION('',(0.,0.,1.));
#1269 = DIRECTION('',(1.,0.,0.));
#1270 = ADVANCED_FACE('',(#1271,#2304),#2323,.T.);
#1271 = FACE_BOUND('',#1272,.T.);
#1272 = EDGE_LOOP('',(#1273,#1274,#1275,#1284,#1293,#1302,#1311,#1319,
    #1328,#1337,#1346,#1354,#1363,#1372,#1381,#1390,#1399,#1407,#1416,
    #1425,#1434,#1442,#1451,#1460,#1469,#1478,#1487,#1495,#1504,#1513,
    #1522,#1530,#1539,#1548,#1557,#1566,#1575,#1583,#1592,#1601,#1610,
    #1618,#1627,#1636,#1645,#1654,#1663,#1671,#1680,#1689,#1698,#1706,
    #1715,#1724,#1733,#1742,#1751,#1759,#1768,#1777,#1786,#1794,#1803,
    #1812,#1821,#1830,#1839,#1847,#1856,#1865,#1874,#1882,#1891,#1900,
    #1909,#1918,#1927,#1935,#1944,#1953,#1962,#1970,#1979,#1988,#1997,
    #2006,#2015,#2023,#2032,#2041,#2050,#2058,#2067,#2076,#2085,#2094,
    #2103,#2111,#2120,#2129,#2138,#2146,#2155,#2164,#2173,#2182,#2191,
    #2199,#2208,#2217,#2226,#2234,#2243,#2252,#2261,#2270,#2279,#2287,
    #2296,#2303));
#1273 = ORIENTED_EDGE('',*,*,#117,.T.);
#1274 = ORIENTED_EDGE('',*,*,#181,.T.);
#1275 = ORIENTED_EDGE('',*,*,#1276,.T.);
#1276 = EDGE_CURVE('',#182,#1277,#1279,.T.);
#1277 = VERTEX_POINT('',#1278);
#1278 = CARTESIAN_POINT('',(13.989027054105,-0.619513117423,6.));
#1279 = B_SPLINE_CURVE_WITH_KNOTS('',3,(#1280,#1281,#1282,#1283),
  .UNSPECIFIED.,.F.,.F.,(4,4),(0.,1.),.PIECEWISE_BEZIER_KNOTS.);
#1280 = CARTESIAN_POINT('',(11.936923974571,-1.557672797214,6.));
#1281 = CARTESIAN_POINT('',(12.433826884147,-1.441619516014,6.));
#1282 = CARTESIAN_POINT('',(13.141380162824,-1.18392049433,6.));
#1283 = CARTESIAN_POINT('',(13.989027054105,-0.619513117423,6.));
#1284 = ORIENTED_EDGE('',*,*,#1285,.T.);
#1285 = EDGE_CURVE('',#1277,#1286,#1288,.T.);
#1286 = VERTEX_POINT('',#1287);
#1287 = CARTESIAN_POINT('',(13.986233873372,0.620694803698,6.));
#1288 = CIRCLE('',#1289,14.000000000002);
#1289 = AXIS2_PLACEMENT_3D('',#1290,#1291,#1292);
#1290 = CARTESIAN_POINT('',(1.405923037086E-03,-3.090875644007E-02,6.));
#1291 = DIRECTION('',(-0.,0.,1.));
#1292 = DIRECTION('',(0.999115795076,-4.20431686416E-02,0.));
#1293 = ORIENTED_EDGE('',*,*,#1294,.T.);
#1294 = EDGE_CURVE('',#1286,#1295,#1297,.T.);
#1295 = VERTEX_POINT('',#1296);
#1296 = CARTESIAN_POINT('',(11.936923974571,1.557672797214,6.));
#1297 = B_SPLINE_CURVE_WITH_KNOTS('',3,(#1298,#1299,#1300,#1301),
  .UNSPECIFIED.,.F.,.F.,(4,4),(0.,1.),.PIECEWISE_BEZIER_KNOTS.);
#1298 = CARTESIAN_POINT('',(13.986233873372,0.620694803698,6.));
#1299 = CARTESIAN_POINT('',(13.141380162824,1.18392049433,6.));
#1300 = CARTESIAN_POINT('',(12.433826884147,1.441619516014,6.));
#1301 = CARTESIAN_POINT('',(11.936923974571,1.557672797214,6.));
#1302 = ORIENTED_EDGE('',*,*,#1303,.T.);
#1303 = EDGE_CURVE('',#1295,#1304,#1306,.T.);
#1304 = VERTEX_POINT('',#1305);
#1305 = CARTESIAN_POINT('',(11.188455403903,1.641328723877,6.));
#1306 = B_SPLINE_CURVE_WITH_KNOTS('',3,(#1307,#1308,#1309,#1310),
  .UNSPECIFIED.,.F.,.F.,(4,4),(0.,1.),.PIECEWISE_BEZIER_KNOTS.);
#1307 = CARTESIAN_POINT('',(11.936923974571,1.557672797214,6.));
#1308 = CARTESIAN_POINT('',(11.519475276617,1.652719142625,6.));
#1309 = CARTESIAN_POINT('',(11.271162806903,1.64721782065,6.));
#1310 = CARTESIAN_POINT('',(11.188455403903,1.641328723877,6.));
#1311 = ORIENTED_EDGE('',*,*,#1312,.T.);
#1312 = EDGE_CURVE('',#1304,#1313,#1315,.T.);
#1313 = VERTEX_POINT('',#1314);
#1314 = CARTESIAN_POINT('',(10.151135273309,1.490655112017,6.));
#1315 = LINE('',#1316,#1317);
#1316 = CARTESIAN_POINT('',(11.188455403903,1.641328723877,6.));
#1317 = VECTOR('',#1318,1.);
#1318 = DIRECTION('',(-0.989614863989,-0.143744290224,0.));
#1319 = ORIENTED_EDGE('',*,*,#1320,.T.);
#1320 = EDGE_CURVE('',#1313,#1321,#1323,.T.);
#1321 = VERTEX_POINT('',#1322);
#1322 = CARTESIAN_POINT('',(9.271558031067,2.070799767374,6.));
#1323 = CIRCLE('',#1324,0.76);
#1324 = AXIS2_PLACEMENT_3D('',#1325,#1326,#1327);
#1325 = CARTESIAN_POINT('',(10.012941198146,2.237985291784,6.));
#1326 = DIRECTION('',(0.,0.,-1.));
#1327 = DIRECTION('',(0.181834309425,-0.983329183903,0.));
#1328 = ORIENTED_EDGE('',*,*,#1329,.T.);
#1329 = EDGE_CURVE('',#1321,#1330,#1332,.T.);
#1330 = VERTEX_POINT('',#1331);
#1331 = CARTESIAN_POINT('',(9.064804671253,2.842413810836,6.));
#1332 = CIRCLE('',#1333,9.500000000002);
#1333 = AXIS2_PLACEMENT_3D('',#1334,#1335,#1336);
#1334 = CARTESIAN_POINT('',(-1.464606214086E-12,-3.894662370385E-13,6.)
  );
#1335 = DIRECTION('',(0.,-0.,1.));
#1336 = DIRECTION('',(0.975953476954,0.217978922882,0.));
#1337 = ORIENTED_EDGE('',*,*,#1338,.T.);
#1338 = EDGE_CURVE('',#1330,#1339,#1341,.T.);
#1339 = VERTEX_POINT('',#1340);
#1340 = CARTESIAN_POINT('',(9.536468579947,3.784622441366,6.));
#1341 = CIRCLE('',#1342,0.76);
#1342 = AXIS2_PLACEMENT_3D('',#1343,#1344,#1345);
#1343 = CARTESIAN_POINT('',(9.790454090086,3.068318483092,6.));
#1344 = DIRECTION('',(0.,0.,-1.));
#1345 = DIRECTION('',(-0.954801866886,-0.29724298981,-0.));
#1346 = ORIENTED_EDGE('',*,*,#1347,.T.);
#1347 = EDGE_CURVE('',#1339,#1348,#1350,.T.);
#1348 = VERTEX_POINT('',#1349);
#1349 = CARTESIAN_POINT('',(10.510150970828,4.172795331113,6.));
#1350 = LINE('',#1351,#1352);
#1351 = CARTESIAN_POINT('',(9.536468579947,3.784622441366,6.));
#1352 = VECTOR('',#1353,1.);
#1353 = DIRECTION('',(0.928903757289,0.370321225012,0.));
#1354 = ORIENTED_EDGE('',*,*,#1355,.T.);
#1355 = EDGE_CURVE('',#1348,#1356,#1358,.T.);
#1356 = VERTEX_POINT('',#1357);
#1357 = CARTESIAN_POINT('',(11.11651580363,4.619477774114,6.));
#1358 = B_SPLINE_CURVE_WITH_KNOTS('',3,(#1359,#1360,#1361,#1362),
  .UNSPECIFIED.,.F.,.F.,(4,4),(0.,1.),.PIECEWISE_BEZIER_KNOTS.);
#1359 = CARTESIAN_POINT('',(10.510150970828,4.172795331113,6.));
#1360 = CARTESIAN_POINT('',(10.584722231294,4.209048925202,6.));
#1361 = CARTESIAN_POINT('',(10.80251779913,4.328440875474,6.));
#1362 = CARTESIAN_POINT('',(11.11651580363,4.619477774114,6.));
#1363 = ORIENTED_EDGE('',*,*,#1364,.T.);
#1364 = EDGE_CURVE('',#1356,#1365,#1367,.T.);
#1365 = VERTEX_POINT('',#1366);
#1366 = CARTESIAN_POINT('',(12.424609361794,6.457999429387,6.));
#1367 = B_SPLINE_CURVE_WITH_KNOTS('',3,(#1368,#1369,#1370,#1371),
  .UNSPECIFIED.,.F.,.F.,(4,4),(0.,1.),.PIECEWISE_BEZIER_KNOTS.);
#1368 = CARTESIAN_POINT('',(11.11651580363,4.619477774114,6.));
#1369 = CARTESIAN_POINT('',(11.488819705936,4.968434318614,6.));
#1370 = CARTESIAN_POINT('',(11.972729308959,5.545384857262,6.));
#1371 = CARTESIAN_POINT('',(12.424609361794,6.457999429387,6.));
#1372 = ORIENTED_EDGE('',*,*,#1373,.T.);
#1373 = EDGE_CURVE('',#1365,#1374,#1376,.T.);
#1374 = VERTEX_POINT('',#1375);
#1375 = CARTESIAN_POINT('',(11.802086435762,7.530654404686,6.));
#1376 = CIRCLE('',#1377,14.000000000002);
#1377 = AXIS2_PLACEMENT_3D('',#1378,#1379,#1380);
#1378 = CARTESIAN_POINT('',(1.667194328625E-02,-2.606480675778E-02,6.));
#1379 = DIRECTION('',(0.,-0.,1.));
#1380 = DIRECTION('',(0.886281244179,0.463147445439,0.));
#1381 = ORIENTED_EDGE('',*,*,#1382,.T.);
#1382 = EDGE_CURVE('',#1374,#1383,#1385,.T.);
#1383 = VERTEX_POINT('',#1384);
#1384 = CARTESIAN_POINT('',(9.558843006415,7.317446200457,6.));
#1385 = B_SPLINE_CURVE_WITH_KNOTS('',3,(#1386,#1387,#1388,#1389),
  .UNSPECIFIED.,.F.,.F.,(4,4),(0.,1.),.PIECEWISE_BEZIER_KNOTS.);
#1386 = CARTESIAN_POINT('',(11.802086435762,7.530654404686,6.));
#1387 = CARTESIAN_POINT('',(10.78880881463,7.595995305562,6.));
#1388 = CARTESIAN_POINT('',(10.047200189923,7.465392565533,6.));
#1389 = CARTESIAN_POINT('',(9.558843006415,7.317446200457,6.));
#1390 = ORIENTED_EDGE('',*,*,#1391,.T.);
#1391 = EDGE_CURVE('',#1383,#1392,#1394,.T.);
#1392 = VERTEX_POINT('',#1393);
#1393 = CARTESIAN_POINT('',(8.868822246951,7.01566007279,6.));
#1394 = B_SPLINE_CURVE_WITH_KNOTS('',3,(#1395,#1396,#1397,#1398),
  .UNSPECIFIED.,.F.,.F.,(4,4),(0.,1.),.PIECEWISE_BEZIER_KNOTS.);
#1395 = CARTESIAN_POINT('',(9.558843006415,7.317446200457,6.));
#1396 = CARTESIAN_POINT('',(9.149798656505,7.191034401143,6.));
#1397 = CARTESIAN_POINT('',(8.937504410644,7.062113881701,6.));
#1398 = CARTESIAN_POINT('',(8.868822246951,7.01566007279,6.));
#1399 = ORIENTED_EDGE('',*,*,#1400,.T.);
#1400 = EDGE_CURVE('',#1392,#1401,#1403,.T.);
#1401 = VERTEX_POINT('',#1402);
#1402 = CARTESIAN_POINT('',(8.045813467929,6.366512831943,6.));
#1403 = LINE('',#1404,#1405);
#1404 = CARTESIAN_POINT('',(8.868822246951,7.01566007279,6.));
#1405 = VECTOR('',#1406,1.);
#1406 = DIRECTION('',(-0.785159467065,-0.619293638977,0.));
#1407 = ORIENTED_EDGE('',*,*,#1408,.T.);
#1408 = EDGE_CURVE('',#1401,#1409,#1411,.T.);
#1409 = VERTEX_POINT('',#1410);
#1410 = CARTESIAN_POINT('',(6.994004903878,6.429144220231,6.));
#1411 = CIRCLE('',#1412,0.76);
#1412 = AXIS2_PLACEMENT_3D('',#1413,#1414,#1415);
#1413 = CARTESIAN_POINT('',(7.552468798302,6.944622715054,6.));
#1414 = DIRECTION('',(0.,-0.,-1.));
#1415 = DIRECTION('',(0.649137723193,-0.76067089883,0.));
#1416 = ORIENTED_EDGE('',*,*,#1417,.T.);
#1417 = EDGE_CURVE('',#1409,#1418,#1420,.T.);
#1418 = VERTEX_POINT('',#1419);
#1419 = CARTESIAN_POINT('',(6.429144220231,6.994004903878,6.));
#1420 = CIRCLE('',#1421,9.500000000001);
#1421 = AXIS2_PLACEMENT_3D('',#1422,#1423,#1424);
#1422 = CARTESIAN_POINT('',(-8.113509863961E-13,-8.131273432355E-13,6.)
  );
#1423 = DIRECTION('',(0.,-0.,1.));
#1424 = DIRECTION('',(0.736211042514,0.676752023182,0.));
#1425 = ORIENTED_EDGE('',*,*,#1426,.T.);
#1426 = EDGE_CURVE('',#1418,#1427,#1429,.T.);
#1427 = VERTEX_POINT('',#1428);
#1428 = CARTESIAN_POINT('',(6.366512831943,8.045813467929,6.));
#1429 = CIRCLE('',#1430,0.76);
#1430 = AXIS2_PLACEMENT_3D('',#1431,#1432,#1433);
#1431 = CARTESIAN_POINT('',(6.944622715054,7.552468798302,6.));
#1432 = DIRECTION('',(0.,0.,-1.));
#1433 = DIRECTION('',(-0.678261177399,-0.734820913715,-0.));
#1434 = ORIENTED_EDGE('',*,*,#1435,.T.);
#1435 = EDGE_CURVE('',#1427,#1436,#1438,.T.);
#1436 = VERTEX_POINT('',#1437);
#1437 = CARTESIAN_POINT('',(7.01566007279,8.868822246951,6.));
#1438 = LINE('',#1439,#1440);
#1439 = CARTESIAN_POINT('',(6.366512831943,8.045813467929,6.));
#1440 = VECTOR('',#1441,1.);
#1441 = DIRECTION('',(0.619293638977,0.785159467065,0.));
#1442 = ORIENTED_EDGE('',*,*,#1443,.T.);
#1443 = EDGE_CURVE('',#1436,#1444,#1446,.T.);
#1444 = VERTEX_POINT('',#1445);
#1445 = CARTESIAN_POINT('',(7.317446200457,9.558843006415,6.));
#1446 = B_SPLINE_CURVE_WITH_KNOTS('',3,(#1447,#1448,#1449,#1450),
  .UNSPECIFIED.,.F.,.F.,(4,4),(0.,1.),.PIECEWISE_BEZIER_KNOTS.);
#1447 = CARTESIAN_POINT('',(7.01566007279,8.868822246951,6.));
#1448 = CARTESIAN_POINT('',(7.062113881701,8.937504410644,6.));
#1449 = CARTESIAN_POINT('',(7.191034401143,9.149798656505,6.));
#1450 = CARTESIAN_POINT('',(7.317446200457,9.558843006415,6.));
#1451 = ORIENTED_EDGE('',*,*,#1452,.T.);
#1452 = EDGE_CURVE('',#1444,#1453,#1455,.T.);
#1453 = VERTEX_POINT('',#1454);
#1454 = CARTESIAN_POINT('',(7.531027624718,11.805096244371,6.));
#1455 = B_SPLINE_CURVE_WITH_KNOTS('',3,(#1456,#1457,#1458,#1459),
  .UNSPECIFIED.,.F.,.F.,(4,4),(0.,1.),.PIECEWISE_BEZIER_KNOTS.);
#1456 = CARTESIAN_POINT('',(7.317446200457,9.558843006415,6.));
#1457 = CARTESIAN_POINT('',(7.465392565533,10.047200189923,6.));
#1458 = CARTESIAN_POINT('',(7.595995305562,10.78880881463,6.));
#1459 = CARTESIAN_POINT('',(7.531027624718,11.805096244371,6.));
#1460 = ORIENTED_EDGE('',*,*,#1461,.T.);
#1461 = EDGE_CURVE('',#1453,#1462,#1464,.T.);
#1462 = VERTEX_POINT('',#1463);
#1463 = CARTESIAN_POINT('',(6.455579468687,12.42278123946,6.));
#1464 = CIRCLE('',#1465,14.);
#1465 = AXIS2_PLACEMENT_3D('',#1466,#1467,#1468);
#1466 = CARTESIAN_POINT('',(2.747072979589E-02,-1.423681315266E-02,6.));
#1467 = DIRECTION('',(0.,-0.,1.));
#1468 = DIRECTION('',(0.535968349637,0.844238075537,0.));
#1469 = ORIENTED_EDGE('',*,*,#1470,.T.);
#1470 = EDGE_CURVE('',#1462,#1471,#1473,.T.);
#1471 = VERTEX_POINT('',#1472);
#1472 = CARTESIAN_POINT('',(4.619477774114,11.11651580363,6.));
#1473 = B_SPLINE_CURVE_WITH_KNOTS('',3,(#1474,#1475,#1476,#1477),
  .UNSPECIFIED.,.F.,.F.,(4,4),(0.,1.),.PIECEWISE_BEZIER_KNOTS.);
#1474 = CARTESIAN_POINT('',(6.455579468687,12.42278123946,6.));
#1475 = CARTESIAN_POINT('',(5.545384857262,11.972729308959,6.));
#1476 = CARTESIAN_POINT('',(4.968434318614,11.488819705936,6.));
#1477 = CARTESIAN_POINT('',(4.619477774114,11.11651580363,6.));
#1478 = ORIENTED_EDGE('',*,*,#1479,.T.);
#1479 = EDGE_CURVE('',#1471,#1480,#1482,.T.);
#1480 = VERTEX_POINT('',#1481);
#1481 = CARTESIAN_POINT('',(4.172795331113,10.510150970828,6.));
#1482 = B_SPLINE_CURVE_WITH_KNOTS('',3,(#1483,#1484,#1485,#1486),
  .UNSPECIFIED.,.F.,.F.,(4,4),(0.,1.),.PIECEWISE_BEZIER_KNOTS.);
#1483 = CARTESIAN_POINT('',(4.619477774114,11.11651580363,6.));
#1484 = CARTESIAN_POINT('',(4.328440875474,10.80251779913,6.));
#1485 = CARTESIAN_POINT('',(4.209048925202,10.584722231294,6.));
#1486 = CARTESIAN_POINT('',(4.172795331113,10.510150970828,6.));
#1487 = ORIENTED_EDGE('',*,*,#1488,.T.);
#1488 = EDGE_CURVE('',#1480,#1489,#1491,.T.);
#1489 = VERTEX_POINT('',#1490);
#1490 = CARTESIAN_POINT('',(3.784622441366,9.536468579947,6.));
#1491 = LINE('',#1492,#1493);
#1492 = CARTESIAN_POINT('',(4.172795331113,10.510150970828,6.));
#1493 = VECTOR('',#1494,1.);
#1494 = DIRECTION('',(-0.370321225012,-0.928903757289,0.));
#1495 = ORIENTED_EDGE('',*,*,#1496,.T.);
#1496 = EDGE_CURVE('',#1489,#1497,#1499,.T.);
#1497 = VERTEX_POINT('',#1498);
#1498 = CARTESIAN_POINT('',(2.842413810836,9.064804671253,6.));
#1499 = CIRCLE('',#1500,0.76);
#1500 = AXIS2_PLACEMENT_3D('',#1501,#1502,#1503);
#1501 = CARTESIAN_POINT('',(3.068318483092,9.790454090086,6.));
#1502 = DIRECTION('',(0.,0.,-1.));
#1503 = DIRECTION('',(0.942505208255,-0.33419146071,0.));
#1504 = ORIENTED_EDGE('',*,*,#1505,.T.);
#1505 = EDGE_CURVE('',#1497,#1506,#1508,.T.);
#1506 = VERTEX_POINT('',#1507);
#1507 = CARTESIAN_POINT('',(2.070799767374,9.271558031067,6.));
#1508 = CIRCLE('',#1509,9.499999999997);
#1509 = AXIS2_PLACEMENT_3D('',#1510,#1511,#1512);
#1510 = CARTESIAN_POINT('',(6.57474075183E-13,2.437161583657E-12,6.));
#1511 = DIRECTION('',(0.,-0.,1.));
#1512 = DIRECTION('',(0.299201453772,0.954189965395,0.));
#1513 = ORIENTED_EDGE('',*,*,#1514,.T.);
#1514 = EDGE_CURVE('',#1506,#1515,#1517,.T.);
#1515 = VERTEX_POINT('',#1516);
#1516 = CARTESIAN_POINT('',(1.490655112017,10.151135273309,6.));
#1517 = CIRCLE('',#1518,0.76);
#1518 = AXIS2_PLACEMENT_3D('',#1519,#1520,#1521);
#1519 = CARTESIAN_POINT('',(2.237985291784,10.012941198146,6.));
#1520 = DIRECTION('',(0.,0.,-1.));
#1521 = DIRECTION('',(-0.21998095317,-0.975504167209,-0.));
#1522 = ORIENTED_EDGE('',*,*,#1523,.T.);
#1523 = EDGE_CURVE('',#1515,#1524,#1526,.T.);
#1524 = VERTEX_POINT('',#1525);
#1525 = CARTESIAN_POINT('',(1.641328723877,11.188455403903,6.));
#1526 = LINE('',#1527,#1528);
#1527 = CARTESIAN_POINT('',(1.490655112017,10.151135273309,6.));
#1528 = VECTOR('',#1529,1.);
#1529 = DIRECTION('',(0.143744290224,0.989614863989,0.));
#1530 = ORIENTED_EDGE('',*,*,#1531,.T.);
#1531 = EDGE_CURVE('',#1524,#1532,#1534,.T.);
#1532 = VERTEX_POINT('',#1533);
#1533 = CARTESIAN_POINT('',(1.557672797214,11.936923974571,6.));
#1534 = B_SPLINE_CURVE_WITH_KNOTS('',3,(#1535,#1536,#1537,#1538),
  .UNSPECIFIED.,.F.,.F.,(4,4),(0.,1.),.PIECEWISE_BEZIER_KNOTS.);
#1535 = CARTESIAN_POINT('',(1.641328723877,11.188455403903,6.));
#1536 = CARTESIAN_POINT('',(1.64721782065,11.271162806903,6.));
#1537 = CARTESIAN_POINT('',(1.652719142625,11.519475276617,6.));
#1538 = CARTESIAN_POINT('',(1.557672797214,11.936923974571,6.));
#1539 = ORIENTED_EDGE('',*,*,#1540,.T.);
#1540 = EDGE_CURVE('',#1532,#1541,#1543,.T.);
#1541 = VERTEX_POINT('',#1542);
#1542 = CARTESIAN_POINT('',(0.619513117423,13.989027054105,6.));
#1543 = B_SPLINE_CURVE_WITH_KNOTS('',3,(#1544,#1545,#1546,#1547),
  .UNSPECIFIED.,.F.,.F.,(4,4),(0.,1.),.PIECEWISE_BEZIER_KNOTS.);
#1544 = CARTESIAN_POINT('',(1.557672797214,11.936923974571,6.));
#1545 = CARTESIAN_POINT('',(1.441619516014,12.433826884147,6.));
#1546 = CARTESIAN_POINT('',(1.18392049433,13.141380162824,6.));
#1547 = CARTESIAN_POINT('',(0.619513117423,13.989027054105,6.));
#1548 = ORIENTED_EDGE('',*,*,#1549,.T.);
#1549 = EDGE_CURVE('',#1541,#1550,#1552,.T.);
#1550 = VERTEX_POINT('',#1551);
#1551 = CARTESIAN_POINT('',(-0.620694803698,13.986233873372,6.));
#1552 = CIRCLE('',#1553,14.000000000002);
#1553 = AXIS2_PLACEMENT_3D('',#1554,#1555,#1556);
#1554 = CARTESIAN_POINT('',(3.090875644007E-02,1.405923037086E-03,6.));
#1555 = DIRECTION('',(0.,-0.,1.));
#1556 = DIRECTION('',(4.20431686416E-02,0.999115795076,0.));
#1557 = ORIENTED_EDGE('',*,*,#1558,.T.);
#1558 = EDGE_CURVE('',#1550,#1559,#1561,.T.);
#1559 = VERTEX_POINT('',#1560);
#1560 = CARTESIAN_POINT('',(-1.557672797214,11.936923974571,6.));
#1561 = B_SPLINE_CURVE_WITH_KNOTS('',3,(#1562,#1563,#1564,#1565),
  .UNSPECIFIED.,.F.,.F.,(4,4),(0.,1.),.PIECEWISE_BEZIER_KNOTS.);
#1562 = CARTESIAN_POINT('',(-0.620694803698,13.986233873372,6.));
#1563 = CARTESIAN_POINT('',(-1.18392049433,13.141380162824,6.));
#1564 = CARTESIAN_POINT('',(-1.441619516014,12.433826884147,6.));
#1565 = CARTESIAN_POINT('',(-1.557672797214,11.936923974571,6.));
#1566 = ORIENTED_EDGE('',*,*,#1567,.T.);
#1567 = EDGE_CURVE('',#1559,#1568,#1570,.T.);
#1568 = VERTEX_POINT('',#1569);
#1569 = CARTESIAN_POINT('',(-1.641328723877,11.188455403903,6.));
#1570 = B_SPLINE_CURVE_WITH_KNOTS('',3,(#1571,#1572,#1573,#1574),
  .UNSPECIFIED.,.F.,.F.,(4,4),(0.,1.),.PIECEWISE_BEZIER_KNOTS.);
#1571 = CARTESIAN_POINT('',(-1.557672797214,11.936923974571,6.));
#1572 = CARTESIAN_POINT('',(-1.652719142625,11.519475276617,6.));
#1573 = CARTESIAN_POINT('',(-1.64721782065,11.271162806903,6.));
#1574 = CARTESIAN_POINT('',(-1.641328723877,11.188455403903,6.));
#1575 = ORIENTED_EDGE('',*,*,#1576,.T.);
#1576 = EDGE_CURVE('',#1568,#1577,#1579,.T.);
#1577 = VERTEX_POINT('',#1578);
#1578 = CARTESIAN_POINT('',(-1.490655112017,10.151135273309,6.));
#1579 = LINE('',#1580,#1581);
#1580 = CARTESIAN_POINT('',(-1.641328723877,11.188455403903,6.));
#1581 = VECTOR('',#1582,1.);
#1582 = DIRECTION('',(0.143744290224,-0.989614863989,0.));
#1583 = ORIENTED_EDGE('',*,*,#1584,.T.);
#1584 = EDGE_CURVE('',#1577,#1585,#1587,.T.);
#1585 = VERTEX_POINT('',#1586);
#1586 = CARTESIAN_POINT('',(-2.070799767374,9.271558031067,6.));
#1587 = CIRCLE('',#1588,0.76);
#1588 = AXIS2_PLACEMENT_3D('',#1589,#1590,#1591);
#1589 = CARTESIAN_POINT('',(-2.237985291784,10.012941198146,6.));
#1590 = DIRECTION('',(0.,0.,-1.));
#1591 = DIRECTION('',(0.983329183903,0.181834309425,0.));
#1592 = ORIENTED_EDGE('',*,*,#1593,.T.);
#1593 = EDGE_CURVE('',#1585,#1594,#1596,.T.);
#1594 = VERTEX_POINT('',#1595);
#1595 = CARTESIAN_POINT('',(-2.842413810836,9.064804671253,6.));
#1596 = CIRCLE('',#1597,9.500000000002);
#1597 = AXIS2_PLACEMENT_3D('',#1598,#1599,#1600);
#1598 = CARTESIAN_POINT('',(3.899103262484E-13,-1.464606214086E-12,6.));
#1599 = DIRECTION('',(0.,0.,1.));
#1600 = DIRECTION('',(-0.217978922882,0.975953476954,0.));
#1601 = ORIENTED_EDGE('',*,*,#1602,.T.);
#1602 = EDGE_CURVE('',#1594,#1603,#1605,.T.);
#1603 = VERTEX_POINT('',#1604);
#1604 = CARTESIAN_POINT('',(-3.784622441366,9.536468579947,6.));
#1605 = CIRCLE('',#1606,0.76);
#1606 = AXIS2_PLACEMENT_3D('',#1607,#1608,#1609);
#1607 = CARTESIAN_POINT('',(-3.068318483092,9.790454090086,6.));
#1608 = DIRECTION('',(0.,0.,-1.));
#1609 = DIRECTION('',(0.29724298981,-0.954801866886,0.));
#1610 = ORIENTED_EDGE('',*,*,#1611,.T.);
#1611 = EDGE_CURVE('',#1603,#1612,#1614,.T.);
#1612 = VERTEX_POINT('',#1613);
#1613 = CARTESIAN_POINT('',(-4.172795331113,10.510150970828,6.));
#1614 = LINE('',#1615,#1616);
#1615 = CARTESIAN_POINT('',(-3.784622441366,9.536468579947,6.));
#1616 = VECTOR('',#1617,1.);
#1617 = DIRECTION('',(-0.370321225012,0.928903757289,0.));
#1618 = ORIENTED_EDGE('',*,*,#1619,.T.);
#1619 = EDGE_CURVE('',#1612,#1620,#1622,.T.);
#1620 = VERTEX_POINT('',#1621);
#1621 = CARTESIAN_POINT('',(-4.619477774114,11.11651580363,6.));
#1622 = B_SPLINE_CURVE_WITH_KNOTS('',3,(#1623,#1624,#1625,#1626),
  .UNSPECIFIED.,.F.,.F.,(4,4),(0.,1.),.PIECEWISE_BEZIER_KNOTS.);
#1623 = CARTESIAN_POINT('',(-4.172795331113,10.510150970828,6.));
#1624 = CARTESIAN_POINT('',(-4.209048925202,10.584722231294,6.));
#1625 = CARTESIAN_POINT('',(-4.328440875474,10.80251779913,6.));
#1626 = CARTESIAN_POINT('',(-4.619477774114,11.11651580363,6.));
#1627 = ORIENTED_EDGE('',*,*,#1628,.T.);
#1628 = EDGE_CURVE('',#1620,#1629,#1631,.T.);
#1629 = VERTEX_POINT('',#1630);
#1630 = CARTESIAN_POINT('',(-6.457999429387,12.424609361794,6.));
#1631 = B_SPLINE_CURVE_WITH_KNOTS('',3,(#1632,#1633,#1634,#1635),
  .UNSPECIFIED.,.F.,.F.,(4,4),(0.,1.),.PIECEWISE_BEZIER_KNOTS.);
#1632 = CARTESIAN_POINT('',(-4.619477774114,11.11651580363,6.));
#1633 = CARTESIAN_POINT('',(-4.968434318614,11.488819705936,6.));
#1634 = CARTESIAN_POINT('',(-5.545384857262,11.972729308959,6.));
#1635 = CARTESIAN_POINT('',(-6.457999429387,12.424609361794,6.));
#1636 = ORIENTED_EDGE('',*,*,#1637,.T.);
#1637 = EDGE_CURVE('',#1629,#1638,#1640,.T.);
#1638 = VERTEX_POINT('',#1639);
#1639 = CARTESIAN_POINT('',(-7.530654404686,11.802086435762,6.));
#1640 = CIRCLE('',#1641,14.000000000002);
#1641 = AXIS2_PLACEMENT_3D('',#1642,#1643,#1644);
#1642 = CARTESIAN_POINT('',(2.606480675778E-02,1.667194328625E-02,6.));
#1643 = DIRECTION('',(0.,0.,1.));
#1644 = DIRECTION('',(-0.463147445439,0.886281244179,0.));
#1645 = ORIENTED_EDGE('',*,*,#1646,.T.);
#1646 = EDGE_CURVE('',#1638,#1647,#1649,.T.);
#1647 = VERTEX_POINT('',#1648);
#1648 = CARTESIAN_POINT('',(-7.317446200457,9.558843006415,6.));
#1649 = B_SPLINE_CURVE_WITH_KNOTS('',3,(#1650,#1651,#1652,#1653),
  .UNSPECIFIED.,.F.,.F.,(4,4),(0.,1.),.PIECEWISE_BEZIER_KNOTS.);
#1650 = CARTESIAN_POINT('',(-7.530654404686,11.802086435762,6.));
#1651 = CARTESIAN_POINT('',(-7.595995305562,10.78880881463,6.));
#1652 = CARTESIAN_POINT('',(-7.465392565533,10.047200189923,6.));
#1653 = CARTESIAN_POINT('',(-7.317446200457,9.558843006415,6.));
#1654 = ORIENTED_EDGE('',*,*,#1655,.T.);
#1655 = EDGE_CURVE('',#1647,#1656,#1658,.T.);
#1656 = VERTEX_POINT('',#1657);
#1657 = CARTESIAN_POINT('',(-7.01566007279,8.868822246951,6.));
#1658 = B_SPLINE_CURVE_WITH_KNOTS('',3,(#1659,#1660,#1661,#1662),
  .UNSPECIFIED.,.F.,.F.,(4,4),(0.,1.),.PIECEWISE_BEZIER_KNOTS.);
#1659 = CARTESIAN_POINT('',(-7.317446200457,9.558843006415,6.));
#1660 = CARTESIAN_POINT('',(-7.191034401143,9.149798656505,6.));
#1661 = CARTESIAN_POINT('',(-7.062113881701,8.937504410644,6.));
#1662 = CARTESIAN_POINT('',(-7.01566007279,8.868822246951,6.));
#1663 = ORIENTED_EDGE('',*,*,#1664,.T.);
#1664 = EDGE_CURVE('',#1656,#1665,#1667,.T.);
#1665 = VERTEX_POINT('',#1666);
#1666 = CARTESIAN_POINT('',(-6.366512831943,8.045813467929,6.));
#1667 = LINE('',#1668,#1669);
#1668 = CARTESIAN_POINT('',(-7.01566007279,8.868822246951,6.));
#1669 = VECTOR('',#1670,1.);
#1670 = DIRECTION('',(0.619293638977,-0.785159467065,0.));
#1671 = ORIENTED_EDGE('',*,*,#1672,.T.);
#1672 = EDGE_CURVE('',#1665,#1673,#1675,.T.);
#1673 = VERTEX_POINT('',#1674);
#1674 = CARTESIAN_POINT('',(-6.429144220231,6.994004903878,6.));
#1675 = CIRCLE('',#1676,0.76);
#1676 = AXIS2_PLACEMENT_3D('',#1677,#1678,#1679);
#1677 = CARTESIAN_POINT('',(-6.944622715054,7.552468798302,6.));
#1678 = DIRECTION('',(0.,0.,-1.));
#1679 = DIRECTION('',(0.76067089883,0.649137723193,0.));
#1680 = ORIENTED_EDGE('',*,*,#1681,.T.);
#1681 = EDGE_CURVE('',#1673,#1682,#1684,.T.);
#1682 = VERTEX_POINT('',#1683);
#1683 = CARTESIAN_POINT('',(-6.994004903878,6.429144220231,6.));
#1684 = CIRCLE('',#1685,9.500000000001);
#1685 = AXIS2_PLACEMENT_3D('',#1686,#1687,#1688);
#1686 = CARTESIAN_POINT('',(8.242295734817E-13,-8.433254095053E-13,6.));
#1687 = DIRECTION('',(0.,0.,1.));
#1688 = DIRECTION('',(-0.676752023182,0.736211042514,0.));
#1689 = ORIENTED_EDGE('',*,*,#1690,.T.);
#1690 = EDGE_CURVE('',#1682,#1691,#1693,.T.);
#1691 = VERTEX_POINT('',#1692);
#1692 = CARTESIAN_POINT('',(-8.045813467929,6.366512831943,6.));
#1693 = CIRCLE('',#1694,0.76);
#1694 = AXIS2_PLACEMENT_3D('',#1695,#1696,#1697);
#1695 = CARTESIAN_POINT('',(-7.552468798302,6.944622715054,6.));
#1696 = DIRECTION('',(0.,-0.,-1.));
#1697 = DIRECTION('',(0.734820913715,-0.678261177399,0.));
#1698 = ORIENTED_EDGE('',*,*,#1699,.T.);
#1699 = EDGE_CURVE('',#1691,#1700,#1702,.T.);
#1700 = VERTEX_POINT('',#1701);
#1701 = CARTESIAN_POINT('',(-8.868822246951,7.01566007279,6.));
#1702 = LINE('',#1703,#1704);
#1703 = CARTESIAN_POINT('',(-8.045813467929,6.366512831943,6.));
#1704 = VECTOR('',#1705,1.);
#1705 = DIRECTION('',(-0.785159467065,0.619293638977,0.));
#1706 = ORIENTED_EDGE('',*,*,#1707,.T.);
#1707 = EDGE_CURVE('',#1700,#1708,#1710,.T.);
#1708 = VERTEX_POINT('',#1709);
#1709 = CARTESIAN_POINT('',(-9.558843006415,7.317446200457,6.));
#1710 = B_SPLINE_CURVE_WITH_KNOTS('',3,(#1711,#1712,#1713,#1714),
  .UNSPECIFIED.,.F.,.F.,(4,4),(0.,1.),.PIECEWISE_BEZIER_KNOTS.);
#1711 = CARTESIAN_POINT('',(-8.868822246951,7.01566007279,6.));
#1712 = CARTESIAN_POINT('',(-8.937504410644,7.062113881701,6.));
#1713 = CARTESIAN_POINT('',(-9.149798656505,7.191034401143,6.));
#1714 = CARTESIAN_POINT('',(-9.558843006415,7.317446200457,6.));
#1715 = ORIENTED_EDGE('',*,*,#1716,.T.);
#1716 = EDGE_CURVE('',#1708,#1717,#1719,.T.);
#1717 = VERTEX_POINT('',#1718);
#1718 = CARTESIAN_POINT('',(-11.80509624437,7.531027624718,6.));
#1719 = B_SPLINE_CURVE_WITH_KNOTS('',3,(#1720,#1721,#1722,#1723),
  .UNSPECIFIED.,.F.,.F.,(4,4),(0.,1.),.PIECEWISE_BEZIER_KNOTS.);
#1720 = CARTESIAN_POINT('',(-9.558843006415,7.317446200457,6.));
#1721 = CARTESIAN_POINT('',(-10.04720018992,7.465392565533,6.));
#1722 = CARTESIAN_POINT('',(-10.78880881463,7.595995305562,6.));
#1723 = CARTESIAN_POINT('',(-11.80509624437,7.531027624718,6.));
#1724 = ORIENTED_EDGE('',*,*,#1725,.T.);
#1725 = EDGE_CURVE('',#1717,#1726,#1728,.T.);
#1726 = VERTEX_POINT('',#1727);
#1727 = CARTESIAN_POINT('',(-12.42278123946,6.455579468687,6.));
#1728 = CIRCLE('',#1729,14.000000000002);
#1729 = AXIS2_PLACEMENT_3D('',#1730,#1731,#1732);
#1730 = CARTESIAN_POINT('',(1.423681315393E-02,2.747072979514E-02,6.));
#1731 = DIRECTION('',(0.,0.,1.));
#1732 = DIRECTION('',(-0.844238075537,0.535968349637,0.));
#1733 = ORIENTED_EDGE('',*,*,#1734,.T.);
#1734 = EDGE_CURVE('',#1726,#1735,#1737,.T.);
#1735 = VERTEX_POINT('',#1736);
#1736 = CARTESIAN_POINT('',(-11.11651580363,4.619477774114,6.));
#1737 = B_SPLINE_CURVE_WITH_KNOTS('',3,(#1738,#1739,#1740,#1741),
  .UNSPECIFIED.,.F.,.F.,(4,4),(0.,1.),.PIECEWISE_BEZIER_KNOTS.);
#1738 = CARTESIAN_POINT('',(-12.42278123946,6.455579468687,6.));
#1739 = CARTESIAN_POINT('',(-11.97272930895,5.545384857262,6.));
#1740 = CARTESIAN_POINT('',(-11.48881970593,4.968434318614,6.));
#1741 = CARTESIAN_POINT('',(-11.11651580363,4.619477774114,6.));
#1742 = ORIENTED_EDGE('',*,*,#1743,.T.);
#1743 = EDGE_CURVE('',#1735,#1744,#1746,.T.);
#1744 = VERTEX_POINT('',#1745);
#1745 = CARTESIAN_POINT('',(-10.51015097082,4.172795331113,6.));
#1746 = B_SPLINE_CURVE_WITH_KNOTS('',3,(#1747,#1748,#1749,#1750),
  .UNSPECIFIED.,.F.,.F.,(4,4),(0.,1.),.PIECEWISE_BEZIER_KNOTS.);
#1747 = CARTESIAN_POINT('',(-11.11651580363,4.619477774114,6.));
#1748 = CARTESIAN_POINT('',(-10.80251779913,4.328440875474,6.));
#1749 = CARTESIAN_POINT('',(-10.58472223129,4.209048925202,6.));
#1750 = CARTESIAN_POINT('',(-10.51015097082,4.172795331113,6.));
#1751 = ORIENTED_EDGE('',*,*,#1752,.T.);
#1752 = EDGE_CURVE('',#1744,#1753,#1755,.T.);
#1753 = VERTEX_POINT('',#1754);
#1754 = CARTESIAN_POINT('',(-9.536468579947,3.784622441366,6.));
#1755 = LINE('',#1756,#1757);
#1756 = CARTESIAN_POINT('',(-10.51015097082,4.172795331113,6.));
#1757 = VECTOR('',#1758,1.);
#1758 = DIRECTION('',(0.928903757289,-0.370321225012,0.));
#1759 = ORIENTED_EDGE('',*,*,#1760,.T.);
#1760 = EDGE_CURVE('',#1753,#1761,#1763,.T.);
#1761 = VERTEX_POINT('',#1762);
#1762 = CARTESIAN_POINT('',(-9.064804671253,2.842413810836,6.));
#1763 = CIRCLE('',#1764,0.76);
#1764 = AXIS2_PLACEMENT_3D('',#1765,#1766,#1767);
#1765 = CARTESIAN_POINT('',(-9.790454090086,3.068318483092,6.));
#1766 = DIRECTION('',(0.,0.,-1.));
#1767 = DIRECTION('',(0.33419146071,0.942505208255,0.));
#1768 = ORIENTED_EDGE('',*,*,#1769,.T.);
#1769 = EDGE_CURVE('',#1761,#1770,#1772,.T.);
#1770 = VERTEX_POINT('',#1771);
#1771 = CARTESIAN_POINT('',(-9.271558031067,2.070799767374,6.));
#1772 = CIRCLE('',#1773,9.500000000001);
#1773 = AXIS2_PLACEMENT_3D('',#1774,#1775,#1776);
#1774 = CARTESIAN_POINT('',(5.053735208094E-13,-1.501021529293E-13,6.));
#1775 = DIRECTION('',(0.,0.,1.));
#1776 = DIRECTION('',(-0.954189965395,0.299201453772,0.));
#1777 = ORIENTED_EDGE('',*,*,#1778,.T.);
#1778 = EDGE_CURVE('',#1770,#1779,#1781,.T.);
#1779 = VERTEX_POINT('',#1780);
#1780 = CARTESIAN_POINT('',(-10.1511352733,1.490655112017,6.));
#1781 = CIRCLE('',#1782,0.76);
#1782 = AXIS2_PLACEMENT_3D('',#1783,#1784,#1785);
#1783 = CARTESIAN_POINT('',(-10.01294119814,2.237985291784,6.));
#1784 = DIRECTION('',(0.,0.,-1.));
#1785 = DIRECTION('',(0.975504167209,-0.21998095317,0.));
#1786 = ORIENTED_EDGE('',*,*,#1787,.T.);
#1787 = EDGE_CURVE('',#1779,#1788,#1790,.T.);
#1788 = VERTEX_POINT('',#1789);
#1789 = CARTESIAN_POINT('',(-11.1884554039,1.641328723877,6.));
#1790 = LINE('',#1791,#1792);
#1791 = CARTESIAN_POINT('',(-10.1511352733,1.490655112017,6.));
#1792 = VECTOR('',#1793,1.);
#1793 = DIRECTION('',(-0.989614863989,0.143744290224,0.));
#1794 = ORIENTED_EDGE('',*,*,#1795,.T.);
#1795 = EDGE_CURVE('',#1788,#1796,#1798,.T.);
#1796 = VERTEX_POINT('',#1797);
#1797 = CARTESIAN_POINT('',(-11.93692397457,1.557672797214,6.));
#1798 = B_SPLINE_CURVE_WITH_KNOTS('',3,(#1799,#1800,#1801,#1802),
  .UNSPECIFIED.,.F.,.F.,(4,4),(0.,1.),.PIECEWISE_BEZIER_KNOTS.);
#1799 = CARTESIAN_POINT('',(-11.1884554039,1.641328723877,6.));
#1800 = CARTESIAN_POINT('',(-11.2711628069,1.64721782065,6.));
#1801 = CARTESIAN_POINT('',(-11.51947527661,1.652719142625,6.));
#1802 = CARTESIAN_POINT('',(-11.93692397457,1.557672797214,6.));
#1803 = ORIENTED_EDGE('',*,*,#1804,.T.);
#1804 = EDGE_CURVE('',#1796,#1805,#1807,.T.);
#1805 = VERTEX_POINT('',#1806);
#1806 = CARTESIAN_POINT('',(-13.9890270541,0.619513117423,6.));
#1807 = B_SPLINE_CURVE_WITH_KNOTS('',3,(#1808,#1809,#1810,#1811),
  .UNSPECIFIED.,.F.,.F.,(4,4),(0.,1.),.PIECEWISE_BEZIER_KNOTS.);
#1808 = CARTESIAN_POINT('',(-11.93692397457,1.557672797214,6.));
#1809 = CARTESIAN_POINT('',(-12.43382688414,1.441619516014,6.));
#1810 = CARTESIAN_POINT('',(-13.14138016282,1.18392049433,6.));
#1811 = CARTESIAN_POINT('',(-13.9890270541,0.619513117423,6.));
#1812 = ORIENTED_EDGE('',*,*,#1813,.T.);
#1813 = EDGE_CURVE('',#1805,#1814,#1816,.T.);
#1814 = VERTEX_POINT('',#1815);
#1815 = CARTESIAN_POINT('',(-13.98623387337,-0.620694803698,6.));
#1816 = CIRCLE('',#1817,14.000000000002);
#1817 = AXIS2_PLACEMENT_3D('',#1818,#1819,#1820);
#1818 = CARTESIAN_POINT('',(-1.405923037086E-03,3.090875644008E-02,6.));
#1819 = DIRECTION('',(0.,0.,1.));
#1820 = DIRECTION('',(-0.999115795076,4.20431686416E-02,0.));
#1821 = ORIENTED_EDGE('',*,*,#1822,.T.);
#1822 = EDGE_CURVE('',#1814,#1823,#1825,.T.);
#1823 = VERTEX_POINT('',#1824);
#1824 = CARTESIAN_POINT('',(-11.93692397457,-1.557672797214,6.));
#1825 = B_SPLINE_CURVE_WITH_KNOTS('',3,(#1826,#1827,#1828,#1829),
  .UNSPECIFIED.,.F.,.F.,(4,4),(0.,1.),.PIECEWISE_BEZIER_KNOTS.);
#1826 = CARTESIAN_POINT('',(-13.98623387337,-0.620694803698,6.));
#1827 = CARTESIAN_POINT('',(-13.14138016282,-1.18392049433,6.));
#1828 = CARTESIAN_POINT('',(-12.43382688414,-1.441619516014,6.));
#1829 = CARTESIAN_POINT('',(-11.93692397457,-1.557672797214,6.));
#1830 = ORIENTED_EDGE('',*,*,#1831,.T.);
#1831 = EDGE_CURVE('',#1823,#1832,#1834,.T.);
#1832 = VERTEX_POINT('',#1833);
#1833 = CARTESIAN_POINT('',(-11.1884554039,-1.641328723877,6.));
#1834 = B_SPLINE_CURVE_WITH_KNOTS('',3,(#1835,#1836,#1837,#1838),
  .UNSPECIFIED.,.F.,.F.,(4,4),(0.,1.),.PIECEWISE_BEZIER_KNOTS.);
#1835 = CARTESIAN_POINT('',(-11.93692397457,-1.557672797214,6.));
#1836 = CARTESIAN_POINT('',(-11.51947527661,-1.652719142625,6.));
#1837 = CARTESIAN_POINT('',(-11.2711628069,-1.64721782065,6.));
#1838 = CARTESIAN_POINT('',(-11.1884554039,-1.641328723877,6.));
#1839 = ORIENTED_EDGE('',*,*,#1840,.T.);
#1840 = EDGE_CURVE('',#1832,#1841,#1843,.T.);
#1841 = VERTEX_POINT('',#1842);
#1842 = CARTESIAN_POINT('',(-10.1511352733,-1.490655112017,6.));
#1843 = LINE('',#1844,#1845);
#1844 = CARTESIAN_POINT('',(-11.1884554039,-1.641328723877,6.));
#1845 = VECTOR('',#1846,1.);
#1846 = DIRECTION('',(0.989614863989,0.143744290224,0.));
#1847 = ORIENTED_EDGE('',*,*,#1848,.T.);
#1848 = EDGE_CURVE('',#1841,#1849,#1851,.T.);
#1849 = VERTEX_POINT('',#1850);
#1850 = CARTESIAN_POINT('',(-9.271558031067,-2.070799767374,6.));
#1851 = CIRCLE('',#1852,0.76);
#1852 = AXIS2_PLACEMENT_3D('',#1853,#1854,#1855);
#1853 = CARTESIAN_POINT('',(-10.01294119814,-2.237985291784,6.));
#1854 = DIRECTION('',(0.,0.,-1.));
#1855 = DIRECTION('',(-0.181834309425,0.983329183903,0.));
#1856 = ORIENTED_EDGE('',*,*,#1857,.T.);
#1857 = EDGE_CURVE('',#1849,#1858,#1860,.T.);
#1858 = VERTEX_POINT('',#1859);
#1859 = CARTESIAN_POINT('',(-9.064804671253,-2.842413810836,6.));
#1860 = CIRCLE('',#1861,9.5);
#1861 = AXIS2_PLACEMENT_3D('',#1862,#1863,#1864);
#1862 = CARTESIAN_POINT('',(1.163513729807E-13,2.731148640578E-14,6.));
#1863 = DIRECTION('',(0.,0.,1.));
#1864 = DIRECTION('',(-0.975953476954,-0.217978922882,0.));
#1865 = ORIENTED_EDGE('',*,*,#1866,.T.);
#1866 = EDGE_CURVE('',#1858,#1867,#1869,.T.);
#1867 = VERTEX_POINT('',#1868);
#1868 = CARTESIAN_POINT('',(-9.536468579947,-3.784622441366,6.));
#1869 = CIRCLE('',#1870,0.76);
#1870 = AXIS2_PLACEMENT_3D('',#1871,#1872,#1873);
#1871 = CARTESIAN_POINT('',(-9.790454090086,-3.068318483092,6.));
#1872 = DIRECTION('',(0.,0.,-1.));
#1873 = DIRECTION('',(0.954801866886,0.29724298981,0.));
#1874 = ORIENTED_EDGE('',*,*,#1875,.T.);
#1875 = EDGE_CURVE('',#1867,#1876,#1878,.T.);
#1876 = VERTEX_POINT('',#1877);
#1877 = CARTESIAN_POINT('',(-10.51015097082,-4.172795331113,6.));
#1878 = LINE('',#1879,#1880);
#1879 = CARTESIAN_POINT('',(-9.536468579947,-3.784622441366,6.));
#1880 = VECTOR('',#1881,1.);
#1881 = DIRECTION('',(-0.928903757289,-0.370321225012,0.));
#1882 = ORIENTED_EDGE('',*,*,#1883,.T.);
#1883 = EDGE_CURVE('',#1876,#1884,#1886,.T.);
#1884 = VERTEX_POINT('',#1885);
#1885 = CARTESIAN_POINT('',(-11.11651580363,-4.619477774114,6.));
#1886 = B_SPLINE_CURVE_WITH_KNOTS('',3,(#1887,#1888,#1889,#1890),
  .UNSPECIFIED.,.F.,.F.,(4,4),(0.,1.),.PIECEWISE_BEZIER_KNOTS.);
#1887 = CARTESIAN_POINT('',(-10.51015097082,-4.172795331113,6.));
#1888 = CARTESIAN_POINT('',(-10.58472223129,-4.209048925202,6.));
#1889 = CARTESIAN_POINT('',(-10.80251779913,-4.328440875474,6.));
#1890 = CARTESIAN_POINT('',(-11.11651580363,-4.619477774114,6.));
#1891 = ORIENTED_EDGE('',*,*,#1892,.T.);
#1892 = EDGE_CURVE('',#1884,#1893,#1895,.T.);
#1893 = VERTEX_POINT('',#1894);
#1894 = CARTESIAN_POINT('',(-12.42460936179,-6.457999429387,6.));
#1895 = B_SPLINE_CURVE_WITH_KNOTS('',3,(#1896,#1897,#1898,#1899),
  .UNSPECIFIED.,.F.,.F.,(4,4),(0.,1.),.PIECEWISE_BEZIER_KNOTS.);
#1896 = CARTESIAN_POINT('',(-11.11651580363,-4.619477774114,6.));
#1897 = CARTESIAN_POINT('',(-11.48881970593,-4.968434318614,6.));
#1898 = CARTESIAN_POINT('',(-11.97272930895,-5.545384857262,6.));
#1899 = CARTESIAN_POINT('',(-12.42460936179,-6.457999429387,6.));
#1900 = ORIENTED_EDGE('',*,*,#1901,.T.);
#1901 = EDGE_CURVE('',#1893,#1902,#1904,.T.);
#1902 = VERTEX_POINT('',#1903);
#1903 = CARTESIAN_POINT('',(-11.80208643576,-7.530654404686,6.));
#1904 = CIRCLE('',#1905,14.);
#1905 = AXIS2_PLACEMENT_3D('',#1906,#1907,#1908);
#1906 = CARTESIAN_POINT('',(-1.667194328804E-02,2.606480675675E-02,6.));
#1907 = DIRECTION('',(0.,0.,1.));
#1908 = DIRECTION('',(-0.886281244179,-0.463147445439,0.));
#1909 = ORIENTED_EDGE('',*,*,#1910,.T.);
#1910 = EDGE_CURVE('',#1902,#1911,#1913,.T.);
#1911 = VERTEX_POINT('',#1912);
#1912 = CARTESIAN_POINT('',(-9.558843006415,-7.317446200457,6.));
#1913 = B_SPLINE_CURVE_WITH_KNOTS('',3,(#1914,#1915,#1916,#1917),
  .UNSPECIFIED.,.F.,.F.,(4,4),(0.,1.),.PIECEWISE_BEZIER_KNOTS.);
#1914 = CARTESIAN_POINT('',(-11.80208643576,-7.530654404686,6.));
#1915 = CARTESIAN_POINT('',(-10.78880881463,-7.595995305562,6.));
#1916 = CARTESIAN_POINT('',(-10.04720018992,-7.465392565533,6.));
#1917 = CARTESIAN_POINT('',(-9.558843006415,-7.317446200457,6.));
#1918 = ORIENTED_EDGE('',*,*,#1919,.T.);
#1919 = EDGE_CURVE('',#1911,#1920,#1922,.T.);
#1920 = VERTEX_POINT('',#1921);
#1921 = CARTESIAN_POINT('',(-8.868822246951,-7.01566007279,6.));
#1922 = B_SPLINE_CURVE_WITH_KNOTS('',3,(#1923,#1924,#1925,#1926),
  .UNSPECIFIED.,.F.,.F.,(4,4),(0.,1.),.PIECEWISE_BEZIER_KNOTS.);
#1923 = CARTESIAN_POINT('',(-9.558843006415,-7.317446200457,6.));
#1924 = CARTESIAN_POINT('',(-9.149798656505,-7.191034401143,6.));
#1925 = CARTESIAN_POINT('',(-8.937504410644,-7.062113881701,6.));
#1926 = CARTESIAN_POINT('',(-8.868822246951,-7.01566007279,6.));
#1927 = ORIENTED_EDGE('',*,*,#1928,.T.);
#1928 = EDGE_CURVE('',#1920,#1929,#1931,.T.);
#1929 = VERTEX_POINT('',#1930);
#1930 = CARTESIAN_POINT('',(-8.045813467929,-6.366512831943,6.));
#1931 = LINE('',#1932,#1933);
#1932 = CARTESIAN_POINT('',(-8.868822246951,-7.01566007279,6.));
#1933 = VECTOR('',#1934,1.);
#1934 = DIRECTION('',(0.785159467065,0.619293638977,0.));
#1935 = ORIENTED_EDGE('',*,*,#1936,.T.);
#1936 = EDGE_CURVE('',#1929,#1937,#1939,.T.);
#1937 = VERTEX_POINT('',#1938);
#1938 = CARTESIAN_POINT('',(-6.994004903878,-6.429144220231,6.));
#1939 = CIRCLE('',#1940,0.76);
#1940 = AXIS2_PLACEMENT_3D('',#1941,#1942,#1943);
#1941 = CARTESIAN_POINT('',(-7.552468798302,-6.944622715054,6.));
#1942 = DIRECTION('',(0.,0.,-1.));
#1943 = DIRECTION('',(-0.649137723193,0.76067089883,0.));
#1944 = ORIENTED_EDGE('',*,*,#1945,.T.);
#1945 = EDGE_CURVE('',#1937,#1946,#1948,.T.);
#1946 = VERTEX_POINT('',#1947);
#1947 = CARTESIAN_POINT('',(-6.429144220231,-6.994004903878,6.));
#1948 = CIRCLE('',#1949,9.500000000002);
#1949 = AXIS2_PLACEMENT_3D('',#1950,#1951,#1952);
#1950 = CARTESIAN_POINT('',(1.187050457929E-12,1.192379528447E-12,6.));
#1951 = DIRECTION('',(0.,0.,1.));
#1952 = DIRECTION('',(-0.736211042514,-0.676752023182,0.));
#1953 = ORIENTED_EDGE('',*,*,#1954,.T.);
#1954 = EDGE_CURVE('',#1946,#1955,#1957,.T.);
#1955 = VERTEX_POINT('',#1956);
#1956 = CARTESIAN_POINT('',(-6.366512831943,-8.045813467929,6.));
#1957 = CIRCLE('',#1958,0.76);
#1958 = AXIS2_PLACEMENT_3D('',#1959,#1960,#1961);
#1959 = CARTESIAN_POINT('',(-6.944622715054,-7.552468798302,6.));
#1960 = DIRECTION('',(0.,0.,-1.));
#1961 = DIRECTION('',(0.678261177399,0.734820913715,0.));
#1962 = ORIENTED_EDGE('',*,*,#1963,.T.);
#1963 = EDGE_CURVE('',#1955,#1964,#1966,.T.);
#1964 = VERTEX_POINT('',#1965);
#1965 = CARTESIAN_POINT('',(-7.01566007279,-8.868822246951,6.));
#1966 = LINE('',#1967,#1968);
#1967 = CARTESIAN_POINT('',(-6.366512831943,-8.045813467929,6.));
#1968 = VECTOR('',#1969,1.);
#1969 = DIRECTION('',(-0.619293638977,-0.785159467065,0.));
#1970 = ORIENTED_EDGE('',*,*,#1971,.T.);
#1971 = EDGE_CURVE('',#1964,#1972,#1974,.T.);
#1972 = VERTEX_POINT('',#1973);
#1973 = CARTESIAN_POINT('',(-7.317446200457,-9.558843006415,6.));
#1974 = B_SPLINE_CURVE_WITH_KNOTS('',3,(#1975,#1976,#1977,#1978),
  .UNSPECIFIED.,.F.,.F.,(4,4),(0.,1.),.PIECEWISE_BEZIER_KNOTS.);
#1975 = CARTESIAN_POINT('',(-7.01566007279,-8.868822246951,6.));
#1976 = CARTESIAN_POINT('',(-7.062113881701,-8.937504410644,6.));
#1977 = CARTESIAN_POINT('',(-7.191034401143,-9.149798656505,6.));
#1978 = CARTESIAN_POINT('',(-7.317446200457,-9.558843006415,6.));
#1979 = ORIENTED_EDGE('',*,*,#1980,.T.);
#1980 = EDGE_CURVE('',#1972,#1981,#1983,.T.);
#1981 = VERTEX_POINT('',#1982);
#1982 = CARTESIAN_POINT('',(-7.531027624718,-11.80509624437,6.));
#1983 = B_SPLINE_CURVE_WITH_KNOTS('',3,(#1984,#1985,#1986,#1987),
  .UNSPECIFIED.,.F.,.F.,(4,4),(0.,1.),.PIECEWISE_BEZIER_KNOTS.);
#1984 = CARTESIAN_POINT('',(-7.317446200457,-9.558843006415,6.));
#1985 = CARTESIAN_POINT('',(-7.465392565533,-10.04720018992,6.));
#1986 = CARTESIAN_POINT('',(-7.595995305562,-10.78880881463,6.));
#1987 = CARTESIAN_POINT('',(-7.531027624718,-11.80509624437,6.));
#1988 = ORIENTED_EDGE('',*,*,#1989,.T.);
#1989 = EDGE_CURVE('',#1981,#1990,#1992,.T.);
#1990 = VERTEX_POINT('',#1991);
#1991 = CARTESIAN_POINT('',(-6.455579468687,-12.42278123946,6.));
#1992 = CIRCLE('',#1993,14.000000000002);
#1993 = AXIS2_PLACEMENT_3D('',#1994,#1995,#1996);
#1994 = CARTESIAN_POINT('',(-2.747072979515E-02,1.423681315393E-02,6.));
#1995 = DIRECTION('',(0.,0.,1.));
#1996 = DIRECTION('',(-0.535968349637,-0.844238075537,0.));
#1997 = ORIENTED_EDGE('',*,*,#1998,.T.);
#1998 = EDGE_CURVE('',#1990,#1999,#2001,.T.);
#1999 = VERTEX_POINT('',#2000);
#2000 = CARTESIAN_POINT('',(-4.619477774114,-11.11651580363,6.));
#2001 = B_SPLINE_CURVE_WITH_KNOTS('',3,(#2002,#2003,#2004,#2005),
  .UNSPECIFIED.,.F.,.F.,(4,4),(0.,1.),.PIECEWISE_BEZIER_KNOTS.);
#2002 = CARTESIAN_POINT('',(-6.455579468687,-12.42278123946,6.));
#2003 = CARTESIAN_POINT('',(-5.545384857262,-11.97272930895,6.));
#2004 = CARTESIAN_POINT('',(-4.968434318614,-11.48881970593,6.));
#2005 = CARTESIAN_POINT('',(-4.619477774114,-11.11651580363,6.));
#2006 = ORIENTED_EDGE('',*,*,#2007,.T.);
#2007 = EDGE_CURVE('',#1999,#2008,#2010,.T.);
#2008 = VERTEX_POINT('',#2009);
#2009 = CARTESIAN_POINT('',(-4.172795331113,-10.51015097082,6.));
#2010 = B_SPLINE_CURVE_WITH_KNOTS('',3,(#2011,#2012,#2013,#2014),
  .UNSPECIFIED.,.F.,.F.,(4,4),(0.,1.),.PIECEWISE_BEZIER_KNOTS.);
#2011 = CARTESIAN_POINT('',(-4.619477774114,-11.11651580363,6.));
#2012 = CARTESIAN_POINT('',(-4.328440875474,-10.80251779913,6.));
#2013 = CARTESIAN_POINT('',(-4.209048925202,-10.58472223129,6.));
#2014 = CARTESIAN_POINT('',(-4.172795331113,-10.51015097082,6.));
#2015 = ORIENTED_EDGE('',*,*,#2016,.T.);
#2016 = EDGE_CURVE('',#2008,#2017,#2019,.T.);
#2017 = VERTEX_POINT('',#2018);
#2018 = CARTESIAN_POINT('',(-3.784622441366,-9.536468579947,6.));
#2019 = LINE('',#2020,#2021);
#2020 = CARTESIAN_POINT('',(-4.172795331113,-10.51015097082,6.));
#2021 = VECTOR('',#2022,1.);
#2022 = DIRECTION('',(0.370321225012,0.928903757289,0.));
#2023 = ORIENTED_EDGE('',*,*,#2024,.T.);
#2024 = EDGE_CURVE('',#2017,#2025,#2027,.T.);
#2025 = VERTEX_POINT('',#2026);
#2026 = CARTESIAN_POINT('',(-2.842413810836,-9.064804671253,6.));
#2027 = CIRCLE('',#2028,0.76);
#2028 = AXIS2_PLACEMENT_3D('',#2029,#2030,#2031);
#2029 = CARTESIAN_POINT('',(-3.068318483092,-9.790454090086,6.));
#2030 = DIRECTION('',(0.,0.,-1.));
#2031 = DIRECTION('',(-0.942505208255,0.33419146071,0.));
#2032 = ORIENTED_EDGE('',*,*,#2033,.T.);
#2033 = EDGE_CURVE('',#2025,#2034,#2036,.T.);
#2034 = VERTEX_POINT('',#2035);
#2035 = CARTESIAN_POINT('',(-2.070799767374,-9.271558031067,6.));
#2036 = CIRCLE('',#2037,9.499999999996);
#2037 = AXIS2_PLACEMENT_3D('',#2038,#2039,#2040);
#2038 = CARTESIAN_POINT('',(-9.21263065834E-13,-3.489653011002E-12,6.));
#2039 = DIRECTION('',(0.,0.,1.));
#2040 = DIRECTION('',(-0.299201453772,-0.954189965395,0.));
#2041 = ORIENTED_EDGE('',*,*,#2042,.T.);
#2042 = EDGE_CURVE('',#2034,#2043,#2045,.T.);
#2043 = VERTEX_POINT('',#2044);
#2044 = CARTESIAN_POINT('',(-1.490655112017,-10.1511352733,6.));
#2045 = CIRCLE('',#2046,0.76);
#2046 = AXIS2_PLACEMENT_3D('',#2047,#2048,#2049);
#2047 = CARTESIAN_POINT('',(-2.237985291784,-10.01294119814,6.));
#2048 = DIRECTION('',(0.,0.,-1.));
#2049 = DIRECTION('',(0.21998095317,0.975504167209,0.));
#2050 = ORIENTED_EDGE('',*,*,#2051,.T.);
#2051 = EDGE_CURVE('',#2043,#2052,#2054,.T.);
#2052 = VERTEX_POINT('',#2053);
#2053 = CARTESIAN_POINT('',(-1.641328723877,-11.1884554039,6.));
#2054 = LINE('',#2055,#2056);
#2055 = CARTESIAN_POINT('',(-1.490655112017,-10.1511352733,6.));
#2056 = VECTOR('',#2057,1.);
#2057 = DIRECTION('',(-0.143744290224,-0.989614863989,0.));
#2058 = ORIENTED_EDGE('',*,*,#2059,.T.);
#2059 = EDGE_CURVE('',#2052,#2060,#2062,.T.);
#2060 = VERTEX_POINT('',#2061);
#2061 = CARTESIAN_POINT('',(-1.557672797214,-11.93692397457,6.));
#2062 = B_SPLINE_CURVE_WITH_KNOTS('',3,(#2063,#2064,#2065,#2066),
  .UNSPECIFIED.,.F.,.F.,(4,4),(0.,1.),.PIECEWISE_BEZIER_KNOTS.);
#2063 = CARTESIAN_POINT('',(-1.641328723877,-11.1884554039,6.));
#2064 = CARTESIAN_POINT('',(-1.64721782065,-11.2711628069,6.));
#2065 = CARTESIAN_POINT('',(-1.652719142625,-11.51947527661,6.));
#2066 = CARTESIAN_POINT('',(-1.557672797214,-11.93692397457,6.));
#2067 = ORIENTED_EDGE('',*,*,#2068,.T.);
#2068 = EDGE_CURVE('',#2060,#2069,#2071,.T.);
#2069 = VERTEX_POINT('',#2070);
#2070 = CARTESIAN_POINT('',(-0.619513117423,-13.9890270541,6.));
#2071 = B_SPLINE_CURVE_WITH_KNOTS('',3,(#2072,#2073,#2074,#2075),
  .UNSPECIFIED.,.F.,.F.,(4,4),(0.,1.),.PIECEWISE_BEZIER_KNOTS.);
#2072 = CARTESIAN_POINT('',(-1.557672797214,-11.93692397457,6.));
#2073 = CARTESIAN_POINT('',(-1.441619516014,-12.43382688414,6.));
#2074 = CARTESIAN_POINT('',(-1.18392049433,-13.14138016282,6.));
#2075 = CARTESIAN_POINT('',(-0.619513117423,-13.9890270541,6.));
#2076 = ORIENTED_EDGE('',*,*,#2077,.T.);
#2077 = EDGE_CURVE('',#2069,#2078,#2080,.T.);
#2078 = VERTEX_POINT('',#2079);
#2079 = CARTESIAN_POINT('',(0.620694803698,-13.98623387337,6.));
#2080 = CIRCLE('',#2081,14.000000000002);
#2081 = AXIS2_PLACEMENT_3D('',#2082,#2083,#2084);
#2082 = CARTESIAN_POINT('',(-3.090875644008E-02,-1.405923037086E-03,6.)
  );
#2083 = DIRECTION('',(0.,0.,1.));
#2084 = DIRECTION('',(-4.20431686416E-02,-0.999115795076,0.));
#2085 = ORIENTED_EDGE('',*,*,#2086,.T.);
#2086 = EDGE_CURVE('',#2078,#2087,#2089,.T.);
#2087 = VERTEX_POINT('',#2088);
#2088 = CARTESIAN_POINT('',(1.557672797214,-11.93692397457,6.));
#2089 = B_SPLINE_CURVE_WITH_KNOTS('',3,(#2090,#2091,#2092,#2093),
  .UNSPECIFIED.,.F.,.F.,(4,4),(0.,1.),.PIECEWISE_BEZIER_KNOTS.);
#2090 = CARTESIAN_POINT('',(0.620694803698,-13.98623387337,6.));
#2091 = CARTESIAN_POINT('',(1.18392049433,-13.14138016282,6.));
#2092 = CARTESIAN_POINT('',(1.441619516014,-12.43382688414,6.));
#2093 = CARTESIAN_POINT('',(1.557672797214,-11.93692397457,6.));
#2094 = ORIENTED_EDGE('',*,*,#2095,.T.);
#2095 = EDGE_CURVE('',#2087,#2096,#2098,.T.);
#2096 = VERTEX_POINT('',#2097);
#2097 = CARTESIAN_POINT('',(1.641328723877,-11.1884554039,6.));
#2098 = B_SPLINE_CURVE_WITH_KNOTS('',3,(#2099,#2100,#2101,#2102),
  .UNSPECIFIED.,.F.,.F.,(4,4),(0.,1.),.PIECEWISE_BEZIER_KNOTS.);
#2099 = CARTESIAN_POINT('',(1.557672797214,-11.93692397457,6.));
#2100 = CARTESIAN_POINT('',(1.652719142625,-11.51947527661,6.));
#2101 = CARTESIAN_POINT('',(1.64721782065,-11.2711628069,6.));
#2102 = CARTESIAN_POINT('',(1.641328723877,-11.1884554039,6.));
#2103 = ORIENTED_EDGE('',*,*,#2104,.T.);
#2104 = EDGE_CURVE('',#2096,#2105,#2107,.T.);
#2105 = VERTEX_POINT('',#2106);
#2106 = CARTESIAN_POINT('',(1.490655112017,-10.1511352733,6.));
#2107 = LINE('',#2108,#2109);
#2108 = CARTESIAN_POINT('',(1.641328723877,-11.1884554039,6.));
#2109 = VECTOR('',#2110,1.);
#2110 = DIRECTION('',(-0.143744290224,0.989614863989,0.));
#2111 = ORIENTED_EDGE('',*,*,#2112,.T.);
#2112 = EDGE_CURVE('',#2105,#2113,#2115,.T.);
#2113 = VERTEX_POINT('',#2114);
#2114 = CARTESIAN_POINT('',(2.070799767374,-9.271558031067,6.));
#2115 = CIRCLE('',#2116,0.76);
#2116 = AXIS2_PLACEMENT_3D('',#2117,#2118,#2119);
#2117 = CARTESIAN_POINT('',(2.237985291784,-10.01294119814,6.));
#2118 = DIRECTION('',(0.,0.,-1.));
#2119 = DIRECTION('',(-0.983329183903,-0.181834309425,-0.));
#2120 = ORIENTED_EDGE('',*,*,#2121,.T.);
#2121 = EDGE_CURVE('',#2113,#2122,#2124,.T.);
#2122 = VERTEX_POINT('',#2123);
#2123 = CARTESIAN_POINT('',(2.842413810836,-9.064804671253,6.));
#2124 = CIRCLE('',#2125,9.500000000002);
#2125 = AXIS2_PLACEMENT_3D('',#2126,#2127,#2128);
#2126 = CARTESIAN_POINT('',(-3.912425938779E-13,1.464606214086E-12,6.));
#2127 = DIRECTION('',(-0.,0.,1.));
#2128 = DIRECTION('',(0.217978922882,-0.975953476954,0.));
#2129 = ORIENTED_EDGE('',*,*,#2130,.T.);
#2130 = EDGE_CURVE('',#2122,#2131,#2133,.T.);
#2131 = VERTEX_POINT('',#2132);
#2132 = CARTESIAN_POINT('',(3.784622441366,-9.536468579947,6.));
#2133 = CIRCLE('',#2134,0.76);
#2134 = AXIS2_PLACEMENT_3D('',#2135,#2136,#2137);
#2135 = CARTESIAN_POINT('',(3.068318483092,-9.790454090086,6.));
#2136 = DIRECTION('',(0.,0.,-1.));
#2137 = DIRECTION('',(-0.29724298981,0.954801866886,0.));
#2138 = ORIENTED_EDGE('',*,*,#2139,.T.);
#2139 = EDGE_CURVE('',#2131,#2140,#2142,.T.);
#2140 = VERTEX_POINT('',#2141);
#2141 = CARTESIAN_POINT('',(4.172795331113,-10.51015097082,6.));
#2142 = LINE('',#2143,#2144);
#2143 = CARTESIAN_POINT('',(3.784622441366,-9.536468579947,6.));
#2144 = VECTOR('',#2145,1.);
#2145 = DIRECTION('',(0.370321225012,-0.928903757289,0.));
#2146 = ORIENTED_EDGE('',*,*,#2147,.T.);
#2147 = EDGE_CURVE('',#2140,#2148,#2150,.T.);
#2148 = VERTEX_POINT('',#2149);
#2149 = CARTESIAN_POINT('',(4.619477774114,-11.11651580363,6.));
#2150 = B_SPLINE_CURVE_WITH_KNOTS('',3,(#2151,#2152,#2153,#2154),
  .UNSPECIFIED.,.F.,.F.,(4,4),(0.,1.),.PIECEWISE_BEZIER_KNOTS.);
#2151 = CARTESIAN_POINT('',(4.172795331113,-10.51015097082,6.));
#2152 = CARTESIAN_POINT('',(4.209048925202,-10.58472223129,6.));
#2153 = CARTESIAN_POINT('',(4.328440875474,-10.80251779913,6.));
#2154 = CARTESIAN_POINT('',(4.619477774114,-11.11651580363,6.));
#2155 = ORIENTED_EDGE('',*,*,#2156,.T.);
#2156 = EDGE_CURVE('',#2148,#2157,#2159,.T.);
#2157 = VERTEX_POINT('',#2158);
#2158 = CARTESIAN_POINT('',(6.457999429387,-12.42460936179,6.));
#2159 = B_SPLINE_CURVE_WITH_KNOTS('',3,(#2160,#2161,#2162,#2163),
  .UNSPECIFIED.,.F.,.F.,(4,4),(0.,1.),.PIECEWISE_BEZIER_KNOTS.);
#2160 = CARTESIAN_POINT('',(4.619477774114,-11.11651580363,6.));
#2161 = CARTESIAN_POINT('',(4.968434318614,-11.48881970593,6.));
#2162 = CARTESIAN_POINT('',(5.545384857262,-11.97272930895,6.));
#2163 = CARTESIAN_POINT('',(6.457999429387,-12.42460936179,6.));
#2164 = ORIENTED_EDGE('',*,*,#2165,.T.);
#2165 = EDGE_CURVE('',#2157,#2166,#2168,.T.);
#2166 = VERTEX_POINT('',#2167);
#2167 = CARTESIAN_POINT('',(7.530654404685,-11.80208643576,6.));
#2168 = CIRCLE('',#2169,14.000000000003);
#2169 = AXIS2_PLACEMENT_3D('',#2170,#2171,#2172);
#2170 = CARTESIAN_POINT('',(-2.606480675831E-02,-1.667194328528E-02,6.)
  );
#2171 = DIRECTION('',(-0.,0.,1.));
#2172 = DIRECTION('',(0.463147445439,-0.886281244179,0.));
#2173 = ORIENTED_EDGE('',*,*,#2174,.T.);
#2174 = EDGE_CURVE('',#2166,#2175,#2177,.T.);
#2175 = VERTEX_POINT('',#2176);
#2176 = CARTESIAN_POINT('',(7.317446200457,-9.558843006415,6.));
#2177 = B_SPLINE_CURVE_WITH_KNOTS('',3,(#2178,#2179,#2180,#2181),
  .UNSPECIFIED.,.F.,.F.,(4,4),(0.,1.),.PIECEWISE_BEZIER_KNOTS.);
#2178 = CARTESIAN_POINT('',(7.530654404685,-11.80208643576,6.));
#2179 = CARTESIAN_POINT('',(7.595995305562,-10.78880881463,6.));
#2180 = CARTESIAN_POINT('',(7.465392565533,-10.04720018992,6.));
#2181 = CARTESIAN_POINT('',(7.317446200457,-9.558843006415,6.));
#2182 = ORIENTED_EDGE('',*,*,#2183,.T.);
#2183 = EDGE_CURVE('',#2175,#2184,#2186,.T.);
#2184 = VERTEX_POINT('',#2185);
#2185 = CARTESIAN_POINT('',(7.01566007279,-8.868822246951,6.));
#2186 = B_SPLINE_CURVE_WITH_KNOTS('',3,(#2187,#2188,#2189,#2190),
  .UNSPECIFIED.,.F.,.F.,(4,4),(0.,1.),.PIECEWISE_BEZIER_KNOTS.);
#2187 = CARTESIAN_POINT('',(7.317446200457,-9.558843006415,6.));
#2188 = CARTESIAN_POINT('',(7.191034401143,-9.149798656505,6.));
#2189 = CARTESIAN_POINT('',(7.062113881701,-8.937504410644,6.));
#2190 = CARTESIAN_POINT('',(7.01566007279,-8.868822246951,6.));
#2191 = ORIENTED_EDGE('',*,*,#2192,.T.);
#2192 = EDGE_CURVE('',#2184,#2193,#2195,.T.);
#2193 = VERTEX_POINT('',#2194);
#2194 = CARTESIAN_POINT('',(6.366512831943,-8.045813467929,6.));
#2195 = LINE('',#2196,#2197);
#2196 = CARTESIAN_POINT('',(7.01566007279,-8.868822246951,6.));
#2197 = VECTOR('',#2198,1.);
#2198 = DIRECTION('',(-0.619293638977,0.785159467065,0.));
#2199 = ORIENTED_EDGE('',*,*,#2200,.T.);
#2200 = EDGE_CURVE('',#2193,#2201,#2203,.T.);
#2201 = VERTEX_POINT('',#2202);
#2202 = CARTESIAN_POINT('',(6.429144220231,-6.994004903878,6.));
#2203 = CIRCLE('',#2204,0.76);
#2204 = AXIS2_PLACEMENT_3D('',#2205,#2206,#2207);
#2205 = CARTESIAN_POINT('',(6.944622715054,-7.552468798302,6.));
#2206 = DIRECTION('',(0.,0.,-1.));
#2207 = DIRECTION('',(-0.76067089883,-0.649137723193,-0.));
#2208 = ORIENTED_EDGE('',*,*,#2209,.T.);
#2209 = EDGE_CURVE('',#2201,#2210,#2212,.T.);
#2210 = VERTEX_POINT('',#2211);
#2211 = CARTESIAN_POINT('',(6.994004903878,-6.429144220231,6.));
#2212 = CIRCLE('',#2213,9.500000000001);
#2213 = AXIS2_PLACEMENT_3D('',#2214,#2215,#2216);
#2214 = CARTESIAN_POINT('',(-8.277822871605E-13,8.379963389871E-13,6.));
#2215 = DIRECTION('',(-0.,0.,1.));
#2216 = DIRECTION('',(0.676752023182,-0.736211042514,0.));
#2217 = ORIENTED_EDGE('',*,*,#2218,.T.);
#2218 = EDGE_CURVE('',#2210,#2219,#2221,.T.);
#2219 = VERTEX_POINT('',#2220);
#2220 = CARTESIAN_POINT('',(8.045813467929,-6.366512831943,6.));
#2221 = CIRCLE('',#2222,0.76);
#2222 = AXIS2_PLACEMENT_3D('',#2223,#2224,#2225);
#2223 = CARTESIAN_POINT('',(7.552468798302,-6.944622715054,6.));
#2224 = DIRECTION('',(0.,0.,-1.));
#2225 = DIRECTION('',(-0.734820913715,0.678261177399,0.));
#2226 = ORIENTED_EDGE('',*,*,#2227,.T.);
#2227 = EDGE_CURVE('',#2219,#2228,#2230,.T.);
#2228 = VERTEX_POINT('',#2229);
#2229 = CARTESIAN_POINT('',(8.868822246951,-7.01566007279,6.));
#2230 = LINE('',#2231,#2232);
#2231 = CARTESIAN_POINT('',(8.045813467929,-6.366512831943,6.));
#2232 = VECTOR('',#2233,1.);
#2233 = DIRECTION('',(0.785159467065,-0.619293638977,0.));
#2234 = ORIENTED_EDGE('',*,*,#2235,.T.);
#2235 = EDGE_CURVE('',#2228,#2236,#2238,.T.);
#2236 = VERTEX_POINT('',#2237);
#2237 = CARTESIAN_POINT('',(9.558843006415,-7.317446200457,6.));
#2238 = B_SPLINE_CURVE_WITH_KNOTS('',3,(#2239,#2240,#2241,#2242),
  .UNSPECIFIED.,.F.,.F.,(4,4),(0.,1.),.PIECEWISE_BEZIER_KNOTS.);
#2239 = CARTESIAN_POINT('',(8.868822246951,-7.01566007279,6.));
#2240 = CARTESIAN_POINT('',(8.937504410644,-7.062113881701,6.));
#2241 = CARTESIAN_POINT('',(9.149798656505,-7.191034401143,6.));
#2242 = CARTESIAN_POINT('',(9.558843006415,-7.317446200457,6.));
#2243 = ORIENTED_EDGE('',*,*,#2244,.T.);
#2244 = EDGE_CURVE('',#2236,#2245,#2247,.T.);
#2245 = VERTEX_POINT('',#2246);
#2246 = CARTESIAN_POINT('',(11.805096244371,-7.531027624718,6.));
#2247 = B_SPLINE_CURVE_WITH_KNOTS('',3,(#2248,#2249,#2250,#2251),
  .UNSPECIFIED.,.F.,.F.,(4,4),(0.,1.),.PIECEWISE_BEZIER_KNOTS.);
#2248 = CARTESIAN_POINT('',(9.558843006415,-7.317446200457,6.));
#2249 = CARTESIAN_POINT('',(10.047200189923,-7.465392565533,6.));
#2250 = CARTESIAN_POINT('',(10.78880881463,-7.595995305562,6.));
#2251 = CARTESIAN_POINT('',(11.805096244371,-7.531027624718,6.));
#2252 = ORIENTED_EDGE('',*,*,#2253,.T.);
#2253 = EDGE_CURVE('',#2245,#2254,#2256,.T.);
#2254 = VERTEX_POINT('',#2255);
#2255 = CARTESIAN_POINT('',(12.42278123946,-6.455579468687,6.));
#2256 = CIRCLE('',#2257,14.000000000002);
#2257 = AXIS2_PLACEMENT_3D('',#2258,#2259,#2260);
#2258 = CARTESIAN_POINT('',(-1.423681315393E-02,-2.747072979515E-02,6.)
  );
#2259 = DIRECTION('',(-0.,0.,1.));
#2260 = DIRECTION('',(0.844238075537,-0.535968349637,0.));
#2261 = ORIENTED_EDGE('',*,*,#2262,.T.);
#2262 = EDGE_CURVE('',#2254,#2263,#2265,.T.);
#2263 = VERTEX_POINT('',#2264);
#2264 = CARTESIAN_POINT('',(11.11651580363,-4.619477774114,6.));
#2265 = B_SPLINE_CURVE_WITH_KNOTS('',3,(#2266,#2267,#2268,#2269),
  .UNSPECIFIED.,.F.,.F.,(4,4),(0.,1.),.PIECEWISE_BEZIER_KNOTS.);
#2266 = CARTESIAN_POINT('',(12.42278123946,-6.455579468687,6.));
#2267 = CARTESIAN_POINT('',(11.972729308959,-5.545384857262,6.));
#2268 = CARTESIAN_POINT('',(11.488819705936,-4.968434318614,6.));
#2269 = CARTESIAN_POINT('',(11.11651580363,-4.619477774114,6.));
#2270 = ORIENTED_EDGE('',*,*,#2271,.T.);
#2271 = EDGE_CURVE('',#2263,#2272,#2274,.T.);
#2272 = VERTEX_POINT('',#2273);
#2273 = CARTESIAN_POINT('',(10.510150970828,-4.172795331113,6.));
#2274 = B_SPLINE_CURVE_WITH_KNOTS('',3,(#2275,#2276,#2277,#2278),
  .UNSPECIFIED.,.F.,.F.,(4,4),(0.,1.),.PIECEWISE_BEZIER_KNOTS.);
#2275 = CARTESIAN_POINT('',(11.11651580363,-4.619477774114,6.));
#2276 = CARTESIAN_POINT('',(10.80251779913,-4.328440875474,6.));
#2277 = CARTESIAN_POINT('',(10.584722231294,-4.209048925202,6.));
#2278 = CARTESIAN_POINT('',(10.510150970828,-4.172795331113,6.));
#2279 = ORIENTED_EDGE('',*,*,#2280,.T.);
#2280 = EDGE_CURVE('',#2272,#2281,#2283,.T.);
#2281 = VERTEX_POINT('',#2282);
#2282 = CARTESIAN_POINT('',(9.536468579947,-3.784622441366,6.));
#2283 = LINE('',#2284,#2285);
#2284 = CARTESIAN_POINT('',(10.510150970828,-4.172795331113,6.));
#2285 = VECTOR('',#2286,1.);
#2286 = DIRECTION('',(-0.928903757289,0.370321225012,0.));
#2287 = ORIENTED_EDGE('',*,*,#2288,.T.);
#2288 = EDGE_CURVE('',#2281,#2289,#2291,.T.);
#2289 = VERTEX_POINT('',#2290);
#2290 = CARTESIAN_POINT('',(9.064804671253,-2.842413810836,6.));
#2291 = CIRCLE('',#2292,0.76);
#2292 = AXIS2_PLACEMENT_3D('',#2293,#2294,#2295);
#2293 = CARTESIAN_POINT('',(9.790454090086,-3.068318483092,6.));
#2294 = DIRECTION('',(0.,0.,-1.));
#2295 = DIRECTION('',(-0.33419146071,-0.942505208255,-0.));
#2296 = ORIENTED_EDGE('',*,*,#2297,.T.);
#2297 = EDGE_CURVE('',#2289,#150,#2298,.T.);
#2298 = CIRCLE('',#2299,9.499999999996);
#2299 = AXIS2_PLACEMENT_3D('',#2300,#2301,#2302);
#2300 = CARTESIAN_POINT('',(3.489653011002E-12,-9.21263065834E-13,6.));
#2301 = DIRECTION('',(-0.,0.,1.));
#2302 = DIRECTION('',(0.954189965395,-0.299201453772,0.));
#2303 = ORIENTED_EDGE('',*,*,#157,.T.);
#2304 = FACE_BOUND('',#2305,.T.);
#2305 = EDGE_LOOP('',(#2306,#2317));
#2306 = ORIENTED_EDGE('',*,*,#2307,.F.);
#2307 = EDGE_CURVE('',#2308,#2310,#2312,.T.);
#2308 = VERTEX_POINT('',#2309);
#2309 = CARTESIAN_POINT('',(4.1,3.033150177621,6.));
#2310 = VERTEX_POINT('',#2311);
#2311 = CARTESIAN_POINT('',(4.1,-3.033150177621,6.));
#2312 = CIRCLE('',#2313,5.1);
#2313 = AXIS2_PLACEMENT_3D('',#2314,#2315,#2316);
#2314 = CARTESIAN_POINT('',(0.,0.,6.));
#2315 = DIRECTION('',(0.,0.,1.));
#2316 = DIRECTION('',(1.,0.,-0.));
#2317 = ORIENTED_EDGE('',*,*,#2318,.F.);
#2318 = EDGE_CURVE('',#2310,#2308,#2319,.T.);
#2319 = LINE('',#2320,#2321);
#2320 = CARTESIAN_POINT('',(4.1,-10.,6.));
#2321 = VECTOR('',#2322,1.);
#2322 = DIRECTION('',(-0.,1.,0.));
#2323 = PLANE('',#2324);
#2324 = AXIS2_PLACEMENT_3D('',#2325,#2326,#2327);
#2325 = CARTESIAN_POINT('',(-7.190827240057E-16,5.967645286851E-16,6.));
#2326 = DIRECTION('',(0.,0.,1.));
#2327 = DIRECTION('',(1.,0.,0.));
#2328 = ADVANCED_FACE('',(#2329),#2340,.T.);
#2329 = FACE_BOUND('',#2330,.F.);
#2330 = EDGE_LOOP('',(#2331,#2337,#2338,#2339));
#2331 = ORIENTED_EDGE('',*,*,#2332,.T.);
#2332 = EDGE_CURVE('',#1231,#2289,#2333,.T.);
#2333 = LINE('',#2334,#2335);
#2334 = CARTESIAN_POINT('',(9.064804671253,-2.842413810836,0.));
#2335 = VECTOR('',#2336,1.);
#2336 = DIRECTION('',(0.,0.,1.));
#2337 = ORIENTED_EDGE('',*,*,#2297,.T.);
#2338 = ORIENTED_EDGE('',*,*,#147,.F.);
#2339 = ORIENTED_EDGE('',*,*,#1239,.F.);
#2340 = CYLINDRICAL_SURFACE('',#2341,9.499999999996);
#2341 = AXIS2_PLACEMENT_3D('',#2342,#2343,#2344);
#2342 = CARTESIAN_POINT('',(3.489653011002E-12,-9.21263065834E-13,0.));
#2343 = DIRECTION('',(0.,0.,-1.));
#2344 = DIRECTION('',(0.954189965395,-0.299201453772,0.));
#2345 = ADVANCED_FACE('',(#2346),#2357,.F.);
#2346 = FACE_BOUND('',#2347,.F.);
#2347 = EDGE_LOOP('',(#2348,#2349,#2350,#2356));
#2348 = ORIENTED_EDGE('',*,*,#190,.T.);
#2349 = ORIENTED_EDGE('',*,*,#1276,.T.);
#2350 = ORIENTED_EDGE('',*,*,#2351,.F.);
#2351 = EDGE_CURVE('',#219,#1277,#2352,.T.);
#2352 = LINE('',#2353,#2354);
#2353 = CARTESIAN_POINT('',(13.989027054105,-0.619513117423,0.));
#2354 = VECTOR('',#2355,1.);
#2355 = DIRECTION('',(0.,0.,1.));
#2356 = ORIENTED_EDGE('',*,*,#218,.F.);
#2357 = SURFACE_OF_LINEAR_EXTRUSION('',#2358,#2363);
#2358 = B_SPLINE_CURVE_WITH_KNOTS('',3,(#2359,#2360,#2361,#2362),
  .UNSPECIFIED.,.F.,.F.,(4,4),(0.,1.),.PIECEWISE_BEZIER_KNOTS.);
#2359 = CARTESIAN_POINT('',(11.936923974571,-1.557672797214,0.));
#2360 = CARTESIAN_POINT('',(12.433826884147,-1.441619516014,0.));
#2361 = CARTESIAN_POINT('',(13.141380162824,-1.18392049433,0.));
#2362 = CARTESIAN_POINT('',(13.989027054105,-0.619513117423,0.));
#2363 = VECTOR('',#2364,1.);
#2364 = DIRECTION('',(-0.,-0.,-1.));
#2365 = ADVANCED_FACE('',(#2366),#2377,.F.);
#2366 = FACE_BOUND('',#2367,.F.);
#2367 = EDGE_LOOP('',(#2368,#2374,#2375,#2376));
#2368 = ORIENTED_EDGE('',*,*,#2369,.T.);
#2369 = EDGE_CURVE('',#1223,#2281,#2370,.T.);
#2370 = LINE('',#2371,#2372);
#2371 = CARTESIAN_POINT('',(9.536468579947,-3.784622441366,0.));
#2372 = VECTOR('',#2373,1.);
#2373 = DIRECTION('',(0.,0.,1.));
#2374 = ORIENTED_EDGE('',*,*,#2288,.T.);
#2375 = ORIENTED_EDGE('',*,*,#2332,.F.);
#2376 = ORIENTED_EDGE('',*,*,#1230,.F.);
#2377 = CYLINDRICAL_SURFACE('',#2378,0.76);
#2378 = AXIS2_PLACEMENT_3D('',#2379,#2380,#2381);
#2379 = CARTESIAN_POINT('',(9.790454090086,-3.068318483092,0.));
#2380 = DIRECTION('',(0.,0.,-1.));
#2381 = DIRECTION('',(-0.33419146071,-0.942505208255,-0.));
#2382 = ADVANCED_FACE('',(#2383),#2394,.T.);
#2383 = FACE_BOUND('',#2384,.F.);
#2384 = EDGE_LOOP('',(#2385,#2386,#2387,#2393));
#2385 = ORIENTED_EDGE('',*,*,#2351,.T.);
#2386 = ORIENTED_EDGE('',*,*,#1285,.T.);
#2387 = ORIENTED_EDGE('',*,*,#2388,.F.);
#2388 = EDGE_CURVE('',#228,#1286,#2389,.T.);
#2389 = LINE('',#2390,#2391);
#2390 = CARTESIAN_POINT('',(13.986233873372,0.620694803698,0.));
#2391 = VECTOR('',#2392,1.);
#2392 = DIRECTION('',(0.,0.,1.));
#2393 = ORIENTED_EDGE('',*,*,#227,.F.);
#2394 = CYLINDRICAL_SURFACE('',#2395,14.000000000002);
#2395 = AXIS2_PLACEMENT_3D('',#2396,#2397,#2398);
#2396 = CARTESIAN_POINT('',(1.405923037086E-03,-3.090875644007E-02,0.));
#2397 = DIRECTION('',(0.,0.,-1.));
#2398 = DIRECTION('',(0.999115795076,-4.20431686416E-02,0.));
#2399 = ADVANCED_FACE('',(#2400),#2411,.F.);
#2400 = FACE_BOUND('',#2401,.F.);
#2401 = EDGE_LOOP('',(#2402,#2408,#2409,#2410));
#2402 = ORIENTED_EDGE('',*,*,#2403,.T.);
#2403 = EDGE_CURVE('',#1214,#2272,#2404,.T.);
#2404 = LINE('',#2405,#2406);
#2405 = CARTESIAN_POINT('',(10.510150970828,-4.172795331113,0.));
#2406 = VECTOR('',#2407,1.);
#2407 = DIRECTION('',(0.,0.,1.));
#2408 = ORIENTED_EDGE('',*,*,#2280,.T.);
#2409 = ORIENTED_EDGE('',*,*,#2369,.F.);
#2410 = ORIENTED_EDGE('',*,*,#1222,.F.);
#2411 = PLANE('',#2412);
#2412 = AXIS2_PLACEMENT_3D('',#2413,#2414,#2415);
#2413 = CARTESIAN_POINT('',(10.510150970828,-4.172795331113,0.));
#2414 = DIRECTION('',(-0.370321225012,-0.928903757289,0.));
#2415 = DIRECTION('',(-0.928903757289,0.370321225012,0.));
#2416 = ADVANCED_FACE('',(#2417),#2428,.F.);
#2417 = FACE_BOUND('',#2418,.F.);
#2418 = EDGE_LOOP('',(#2419,#2420,#2421,#2427));
#2419 = ORIENTED_EDGE('',*,*,#2388,.T.);
#2420 = ORIENTED_EDGE('',*,*,#1294,.T.);
#2421 = ORIENTED_EDGE('',*,*,#2422,.F.);
#2422 = EDGE_CURVE('',#237,#1295,#2423,.T.);
#2423 = LINE('',#2424,#2425);
#2424 = CARTESIAN_POINT('',(11.936923974571,1.557672797214,0.));
#2425 = VECTOR('',#2426,1.);
#2426 = DIRECTION('',(0.,0.,1.));
#2427 = ORIENTED_EDGE('',*,*,#236,.F.);
#2428 = SURFACE_OF_LINEAR_EXTRUSION('',#2429,#2434);
#2429 = B_SPLINE_CURVE_WITH_KNOTS('',3,(#2430,#2431,#2432,#2433),
  .UNSPECIFIED.,.F.,.F.,(4,4),(0.,1.),.PIECEWISE_BEZIER_KNOTS.);
#2430 = CARTESIAN_POINT('',(13.986233873372,0.620694803698,0.));
#2431 = CARTESIAN_POINT('',(13.141380162824,1.18392049433,0.));
#2432 = CARTESIAN_POINT('',(12.433826884147,1.441619516014,0.));
#2433 = CARTESIAN_POINT('',(11.936923974571,1.557672797214,0.));
#2434 = VECTOR('',#2435,1.);
#2435 = DIRECTION('',(-0.,-0.,-1.));
#2436 = ADVANCED_FACE('',(#2437),#2448,.F.);
#2437 = FACE_BOUND('',#2438,.F.);
#2438 = EDGE_LOOP('',(#2439,#2445,#2446,#2447));
#2439 = ORIENTED_EDGE('',*,*,#2440,.T.);
#2440 = EDGE_CURVE('',#1205,#2263,#2441,.T.);
#2441 = LINE('',#2442,#2443);
#2442 = CARTESIAN_POINT('',(11.11651580363,-4.619477774114,0.));
#2443 = VECTOR('',#2444,1.);
#2444 = DIRECTION('',(0.,0.,1.));
#2445 = ORIENTED_EDGE('',*,*,#2271,.T.);
#2446 = ORIENTED_EDGE('',*,*,#2403,.F.);
#2447 = ORIENTED_EDGE('',*,*,#1213,.F.);
#2448 = SURFACE_OF_LINEAR_EXTRUSION('',#2449,#2454);
#2449 = B_SPLINE_CURVE_WITH_KNOTS('',3,(#2450,#2451,#2452,#2453),
  .UNSPECIFIED.,.F.,.F.,(4,4),(0.,1.),.PIECEWISE_BEZIER_KNOTS.);
#2450 = CARTESIAN_POINT('',(11.11651580363,-4.619477774114,0.));
#2451 = CARTESIAN_POINT('',(10.80251779913,-4.328440875474,0.));
#2452 = CARTESIAN_POINT('',(10.584722231294,-4.209048925202,0.));
#2453 = CARTESIAN_POINT('',(10.510150970828,-4.172795331113,0.));
#2454 = VECTOR('',#2455,1.);
#2455 = DIRECTION('',(-0.,-0.,-1.));
#2456 = ADVANCED_FACE('',(#2457),#2468,.F.);
#2457 = FACE_BOUND('',#2458,.F.);
#2458 = EDGE_LOOP('',(#2459,#2460,#2461,#2467));
#2459 = ORIENTED_EDGE('',*,*,#2422,.T.);
#2460 = ORIENTED_EDGE('',*,*,#1303,.T.);
#2461 = ORIENTED_EDGE('',*,*,#2462,.F.);
#2462 = EDGE_CURVE('',#246,#1304,#2463,.T.);
#2463 = LINE('',#2464,#2465);
#2464 = CARTESIAN_POINT('',(11.188455403903,1.641328723877,0.));
#2465 = VECTOR('',#2466,1.);
#2466 = DIRECTION('',(0.,0.,1.));
#2467 = ORIENTED_EDGE('',*,*,#245,.F.);
#2468 = SURFACE_OF_LINEAR_EXTRUSION('',#2469,#2474);
#2469 = B_SPLINE_CURVE_WITH_KNOTS('',3,(#2470,#2471,#2472,#2473),
  .UNSPECIFIED.,.F.,.F.,(4,4),(0.,1.),.PIECEWISE_BEZIER_KNOTS.);
#2470 = CARTESIAN_POINT('',(11.936923974571,1.557672797214,0.));
#2471 = CARTESIAN_POINT('',(11.519475276617,1.652719142625,0.));
#2472 = CARTESIAN_POINT('',(11.271162806903,1.64721782065,0.));
#2473 = CARTESIAN_POINT('',(11.188455403903,1.641328723877,0.));
#2474 = VECTOR('',#2475,1.);
#2475 = DIRECTION('',(-0.,-0.,-1.));
#2476 = ADVANCED_FACE('',(#2477),#2488,.F.);
#2477 = FACE_BOUND('',#2478,.F.);
#2478 = EDGE_LOOP('',(#2479,#2485,#2486,#2487));
#2479 = ORIENTED_EDGE('',*,*,#2480,.T.);
#2480 = EDGE_CURVE('',#1196,#2254,#2481,.T.);
#2481 = LINE('',#2482,#2483);
#2482 = CARTESIAN_POINT('',(12.42278123946,-6.455579468687,0.));
#2483 = VECTOR('',#2484,1.);
#2484 = DIRECTION('',(0.,0.,1.));
#2485 = ORIENTED_EDGE('',*,*,#2262,.T.);
#2486 = ORIENTED_EDGE('',*,*,#2440,.F.);
#2487 = ORIENTED_EDGE('',*,*,#1204,.F.);
#2488 = SURFACE_OF_LINEAR_EXTRUSION('',#2489,#2494);
#2489 = B_SPLINE_CURVE_WITH_KNOTS('',3,(#2490,#2491,#2492,#2493),
  .UNSPECIFIED.,.F.,.F.,(4,4),(0.,1.),.PIECEWISE_BEZIER_KNOTS.);
#2490 = CARTESIAN_POINT('',(12.42278123946,-6.455579468687,0.));
#2491 = CARTESIAN_POINT('',(11.972729308959,-5.545384857262,0.));
#2492 = CARTESIAN_POINT('',(11.488819705936,-4.968434318614,0.));
#2493 = CARTESIAN_POINT('',(11.11651580363,-4.619477774114,0.));
#2494 = VECTOR('',#2495,1.);
#2495 = DIRECTION('',(-0.,-0.,-1.));
#2496 = ADVANCED_FACE('',(#2497),#2508,.F.);
#2497 = FACE_BOUND('',#2498,.F.);
#2498 = EDGE_LOOP('',(#2499,#2500,#2501,#2507));
#2499 = ORIENTED_EDGE('',*,*,#2462,.T.);
#2500 = ORIENTED_EDGE('',*,*,#1312,.T.);
#2501 = ORIENTED_EDGE('',*,*,#2502,.F.);
#2502 = EDGE_CURVE('',#255,#1313,#2503,.T.);
#2503 = LINE('',#2504,#2505);
#2504 = CARTESIAN_POINT('',(10.151135273309,1.490655112017,0.));
#2505 = VECTOR('',#2506,1.);
#2506 = DIRECTION('',(0.,0.,1.));
#2507 = ORIENTED_EDGE('',*,*,#254,.F.);
#2508 = PLANE('',#2509);
#2509 = AXIS2_PLACEMENT_3D('',#2510,#2511,#2512);
#2510 = CARTESIAN_POINT('',(11.188455403903,1.641328723877,0.));
#2511 = DIRECTION('',(0.143744290224,-0.989614863989,0.));
#2512 = DIRECTION('',(-0.989614863989,-0.143744290224,0.));
#2513 = ADVANCED_FACE('',(#2514),#2525,.T.);
#2514 = FACE_BOUND('',#2515,.F.);
#2515 = EDGE_LOOP('',(#2516,#2522,#2523,#2524));
#2516 = ORIENTED_EDGE('',*,*,#2517,.T.);
#2517 = EDGE_CURVE('',#1187,#2245,#2518,.T.);
#2518 = LINE('',#2519,#2520);
#2519 = CARTESIAN_POINT('',(11.805096244371,-7.531027624718,0.));
#2520 = VECTOR('',#2521,1.);
#2521 = DIRECTION('',(0.,0.,1.));
#2522 = ORIENTED_EDGE('',*,*,#2253,.T.);
#2523 = ORIENTED_EDGE('',*,*,#2480,.F.);
#2524 = ORIENTED_EDGE('',*,*,#1195,.F.);
#2525 = CYLINDRICAL_SURFACE('',#2526,14.000000000002);
#2526 = AXIS2_PLACEMENT_3D('',#2527,#2528,#2529);
#2527 = CARTESIAN_POINT('',(-1.423681315393E-02,-2.747072979515E-02,0.)
  );
#2528 = DIRECTION('',(0.,0.,-1.));
#2529 = DIRECTION('',(0.844238075537,-0.535968349637,0.));
#2530 = ADVANCED_FACE('',(#2531),#2542,.F.);
#2531 = FACE_BOUND('',#2532,.F.);
#2532 = EDGE_LOOP('',(#2533,#2534,#2535,#2541));
#2533 = ORIENTED_EDGE('',*,*,#2502,.T.);
#2534 = ORIENTED_EDGE('',*,*,#1320,.T.);
#2535 = ORIENTED_EDGE('',*,*,#2536,.F.);
#2536 = EDGE_CURVE('',#263,#1321,#2537,.T.);
#2537 = LINE('',#2538,#2539);
#2538 = CARTESIAN_POINT('',(9.271558031067,2.070799767374,0.));
#2539 = VECTOR('',#2540,1.);
#2540 = DIRECTION('',(0.,0.,1.));
#2541 = ORIENTED_EDGE('',*,*,#262,.F.);
#2542 = CYLINDRICAL_SURFACE('',#2543,0.76);
#2543 = AXIS2_PLACEMENT_3D('',#2544,#2545,#2546);
#2544 = CARTESIAN_POINT('',(10.012941198146,2.237985291784,0.));
#2545 = DIRECTION('',(0.,0.,-1.));
#2546 = DIRECTION('',(0.181834309425,-0.983329183903,0.));
#2547 = ADVANCED_FACE('',(#2548),#2559,.F.);
#2548 = FACE_BOUND('',#2549,.F.);
#2549 = EDGE_LOOP('',(#2550,#2556,#2557,#2558));
#2550 = ORIENTED_EDGE('',*,*,#2551,.T.);
#2551 = EDGE_CURVE('',#1178,#2236,#2552,.T.);
#2552 = LINE('',#2553,#2554);
#2553 = CARTESIAN_POINT('',(9.558843006415,-7.317446200457,0.));
#2554 = VECTOR('',#2555,1.);
#2555 = DIRECTION('',(0.,0.,1.));
#2556 = ORIENTED_EDGE('',*,*,#2244,.T.);
#2557 = ORIENTED_EDGE('',*,*,#2517,.F.);
#2558 = ORIENTED_EDGE('',*,*,#1186,.F.);
#2559 = SURFACE_OF_LINEAR_EXTRUSION('',#2560,#2565);
#2560 = B_SPLINE_CURVE_WITH_KNOTS('',3,(#2561,#2562,#2563,#2564),
  .UNSPECIFIED.,.F.,.F.,(4,4),(0.,1.),.PIECEWISE_BEZIER_KNOTS.);
#2561 = CARTESIAN_POINT('',(9.558843006415,-7.317446200457,0.));
#2562 = CARTESIAN_POINT('',(10.047200189923,-7.465392565533,0.));
#2563 = CARTESIAN_POINT('',(10.78880881463,-7.595995305562,0.));
#2564 = CARTESIAN_POINT('',(11.805096244371,-7.531027624718,0.));
#2565 = VECTOR('',#2566,1.);
#2566 = DIRECTION('',(-0.,-0.,-1.));
#2567 = ADVANCED_FACE('',(#2568),#2579,.T.);
#2568 = FACE_BOUND('',#2569,.F.);
#2569 = EDGE_LOOP('',(#2570,#2571,#2572,#2578));
#2570 = ORIENTED_EDGE('',*,*,#2536,.T.);
#2571 = ORIENTED_EDGE('',*,*,#1329,.T.);
#2572 = ORIENTED_EDGE('',*,*,#2573,.F.);
#2573 = EDGE_CURVE('',#272,#1330,#2574,.T.);
#2574 = LINE('',#2575,#2576);
#2575 = CARTESIAN_POINT('',(9.064804671253,2.842413810836,0.));
#2576 = VECTOR('',#2577,1.);
#2577 = DIRECTION('',(0.,0.,1.));
#2578 = ORIENTED_EDGE('',*,*,#271,.F.);
#2579 = CYLINDRICAL_SURFACE('',#2580,9.500000000002);
#2580 = AXIS2_PLACEMENT_3D('',#2581,#2582,#2583);
#2581 = CARTESIAN_POINT('',(-1.464606214086E-12,-3.894662370385E-13,0.)
  );
#2582 = DIRECTION('',(0.,0.,-1.));
#2583 = DIRECTION('',(0.975953476954,0.217978922882,0.));
#2584 = ADVANCED_FACE('',(#2585),#2596,.F.);
#2585 = FACE_BOUND('',#2586,.F.);
#2586 = EDGE_LOOP('',(#2587,#2593,#2594,#2595));
#2587 = ORIENTED_EDGE('',*,*,#2588,.T.);
#2588 = EDGE_CURVE('',#1170,#2228,#2589,.T.);
#2589 = LINE('',#2590,#2591);
#2590 = CARTESIAN_POINT('',(8.868822246951,-7.01566007279,0.));
#2591 = VECTOR('',#2592,1.);
#2592 = DIRECTION('',(0.,0.,1.));
#2593 = ORIENTED_EDGE('',*,*,#2235,.T.);
#2594 = ORIENTED_EDGE('',*,*,#2551,.F.);
#2595 = ORIENTED_EDGE('',*,*,#1177,.F.);
#2596 = SURFACE_OF_LINEAR_EXTRUSION('',#2597,#2602);
#2597 = B_SPLINE_CURVE_WITH_KNOTS('',3,(#2598,#2599,#2600,#2601),
  .UNSPECIFIED.,.F.,.F.,(4,4),(0.,1.),.PIECEWISE_BEZIER_KNOTS.);
#2598 = CARTESIAN_POINT('',(8.868822246951,-7.01566007279,0.));
#2599 = CARTESIAN_POINT('',(8.937504410644,-7.062113881701,0.));
#2600 = CARTESIAN_POINT('',(9.149798656505,-7.191034401143,0.));
#2601 = CARTESIAN_POINT('',(9.558843006415,-7.317446200457,0.));
#2602 = VECTOR('',#2603,1.);
#2603 = DIRECTION('',(-0.,-0.,-1.));
#2604 = ADVANCED_FACE('',(#2605),#2616,.F.);
#2605 = FACE_BOUND('',#2606,.F.);
#2606 = EDGE_LOOP('',(#2607,#2608,#2609,#2615));
#2607 = ORIENTED_EDGE('',*,*,#2573,.T.);
#2608 = ORIENTED_EDGE('',*,*,#1338,.T.);
#2609 = ORIENTED_EDGE('',*,*,#2610,.F.);
#2610 = EDGE_CURVE('',#281,#1339,#2611,.T.);
#2611 = LINE('',#2612,#2613);
#2612 = CARTESIAN_POINT('',(9.536468579947,3.784622441366,0.));
#2613 = VECTOR('',#2614,1.);
#2614 = DIRECTION('',(0.,0.,1.));
#2615 = ORIENTED_EDGE('',*,*,#280,.F.);
#2616 = CYLINDRICAL_SURFACE('',#2617,0.76);
#2617 = AXIS2_PLACEMENT_3D('',#2618,#2619,#2620);
#2618 = CARTESIAN_POINT('',(9.790454090086,3.068318483092,0.));
#2619 = DIRECTION('',(0.,0.,-1.));
#2620 = DIRECTION('',(-0.954801866886,-0.29724298981,-0.));
#2621 = ADVANCED_FACE('',(#2622),#2633,.F.);
#2622 = FACE_BOUND('',#2623,.F.);
#2623 = EDGE_LOOP('',(#2624,#2630,#2631,#2632));
#2624 = ORIENTED_EDGE('',*,*,#2625,.T.);
#2625 = EDGE_CURVE('',#1161,#2219,#2626,.T.);
#2626 = LINE('',#2627,#2628);
#2627 = CARTESIAN_POINT('',(8.045813467929,-6.366512831943,0.));
#2628 = VECTOR('',#2629,1.);
#2629 = DIRECTION('',(0.,0.,1.));
#2630 = ORIENTED_EDGE('',*,*,#2227,.T.);
#2631 = ORIENTED_EDGE('',*,*,#2588,.F.);
#2632 = ORIENTED_EDGE('',*,*,#1169,.F.);
#2633 = PLANE('',#2634);
#2634 = AXIS2_PLACEMENT_3D('',#2635,#2636,#2637);
#2635 = CARTESIAN_POINT('',(8.045813467929,-6.366512831943,0.));
#2636 = DIRECTION('',(0.619293638977,0.785159467065,0.));
#2637 = DIRECTION('',(0.785159467065,-0.619293638977,0.));
#2638 = ADVANCED_FACE('',(#2639),#2650,.F.);
#2639 = FACE_BOUND('',#2640,.F.);
#2640 = EDGE_LOOP('',(#2641,#2642,#2643,#2649));
#2641 = ORIENTED_EDGE('',*,*,#2610,.T.);
#2642 = ORIENTED_EDGE('',*,*,#1347,.T.);
#2643 = ORIENTED_EDGE('',*,*,#2644,.F.);
#2644 = EDGE_CURVE('',#290,#1348,#2645,.T.);
#2645 = LINE('',#2646,#2647);
#2646 = CARTESIAN_POINT('',(10.510150970828,4.172795331113,0.));
#2647 = VECTOR('',#2648,1.);
#2648 = DIRECTION('',(0.,0.,1.));
#2649 = ORIENTED_EDGE('',*,*,#289,.F.);
#2650 = PLANE('',#2651);
#2651 = AXIS2_PLACEMENT_3D('',#2652,#2653,#2654);
#2652 = CARTESIAN_POINT('',(9.536468579947,3.784622441366,0.));
#2653 = DIRECTION('',(-0.370321225012,0.928903757289,0.));
#2654 = DIRECTION('',(0.928903757289,0.370321225012,0.));
#2655 = ADVANCED_FACE('',(#2656),#2667,.F.);
#2656 = FACE_BOUND('',#2657,.F.);
#2657 = EDGE_LOOP('',(#2658,#2664,#2665,#2666));
#2658 = ORIENTED_EDGE('',*,*,#2659,.T.);
#2659 = EDGE_CURVE('',#1152,#2210,#2660,.T.);
#2660 = LINE('',#2661,#2662);
#2661 = CARTESIAN_POINT('',(6.994004903878,-6.429144220231,0.));
#2662 = VECTOR('',#2663,1.);
#2663 = DIRECTION('',(0.,0.,1.));
#2664 = ORIENTED_EDGE('',*,*,#2218,.T.);
#2665 = ORIENTED_EDGE('',*,*,#2625,.F.);
#2666 = ORIENTED_EDGE('',*,*,#1160,.F.);
#2667 = CYLINDRICAL_SURFACE('',#2668,0.76);
#2668 = AXIS2_PLACEMENT_3D('',#2669,#2670,#2671);
#2669 = CARTESIAN_POINT('',(7.552468798302,-6.944622715054,0.));
#2670 = DIRECTION('',(0.,0.,-1.));
#2671 = DIRECTION('',(-0.734820913715,0.678261177399,0.));
#2672 = ADVANCED_FACE('',(#2673),#2684,.F.);
#2673 = FACE_BOUND('',#2674,.F.);
#2674 = EDGE_LOOP('',(#2675,#2676,#2677,#2683));
#2675 = ORIENTED_EDGE('',*,*,#2644,.T.);
#2676 = ORIENTED_EDGE('',*,*,#1355,.T.);
#2677 = ORIENTED_EDGE('',*,*,#2678,.F.);
#2678 = EDGE_CURVE('',#298,#1356,#2679,.T.);
#2679 = LINE('',#2680,#2681);
#2680 = CARTESIAN_POINT('',(11.11651580363,4.619477774114,0.));
#2681 = VECTOR('',#2682,1.);
#2682 = DIRECTION('',(0.,0.,1.));
#2683 = ORIENTED_EDGE('',*,*,#297,.F.);
#2684 = SURFACE_OF_LINEAR_EXTRUSION('',#2685,#2690);
#2685 = B_SPLINE_CURVE_WITH_KNOTS('',3,(#2686,#2687,#2688,#2689),
  .UNSPECIFIED.,.F.,.F.,(4,4),(0.,1.),.PIECEWISE_BEZIER_KNOTS.);
#2686 = CARTESIAN_POINT('',(10.510150970828,4.172795331113,0.));
#2687 = CARTESIAN_POINT('',(10.584722231294,4.209048925202,0.));
#2688 = CARTESIAN_POINT('',(10.80251779913,4.328440875474,0.));
#2689 = CARTESIAN_POINT('',(11.11651580363,4.619477774114,0.));
#2690 = VECTOR('',#2691,1.);
#2691 = DIRECTION('',(-0.,-0.,-1.));
#2692 = ADVANCED_FACE('',(#2693),#2704,.T.);
#2693 = FACE_BOUND('',#2694,.F.);
#2694 = EDGE_LOOP('',(#2695,#2701,#2702,#2703));
#2695 = ORIENTED_EDGE('',*,*,#2696,.T.);
#2696 = EDGE_CURVE('',#1143,#2201,#2697,.T.);
#2697 = LINE('',#2698,#2699);
#2698 = CARTESIAN_POINT('',(6.429144220231,-6.994004903878,0.));
#2699 = VECTOR('',#2700,1.);
#2700 = DIRECTION('',(0.,0.,1.));
#2701 = ORIENTED_EDGE('',*,*,#2209,.T.);
#2702 = ORIENTED_EDGE('',*,*,#2659,.F.);
#2703 = ORIENTED_EDGE('',*,*,#1151,.F.);
#2704 = CYLINDRICAL_SURFACE('',#2705,9.500000000001);
#2705 = AXIS2_PLACEMENT_3D('',#2706,#2707,#2708);
#2706 = CARTESIAN_POINT('',(-8.277822871605E-13,8.379963389871E-13,0.));
#2707 = DIRECTION('',(0.,0.,-1.));
#2708 = DIRECTION('',(0.676752023182,-0.736211042514,0.));
#2709 = ADVANCED_FACE('',(#2710),#2721,.F.);
#2710 = FACE_BOUND('',#2711,.F.);
#2711 = EDGE_LOOP('',(#2712,#2713,#2714,#2720));
#2712 = ORIENTED_EDGE('',*,*,#2678,.T.);
#2713 = ORIENTED_EDGE('',*,*,#1364,.T.);
#2714 = ORIENTED_EDGE('',*,*,#2715,.F.);
#2715 = EDGE_CURVE('',#307,#1365,#2716,.T.);
#2716 = LINE('',#2717,#2718);
#2717 = CARTESIAN_POINT('',(12.424609361794,6.457999429387,0.));
#2718 = VECTOR('',#2719,1.);
#2719 = DIRECTION('',(0.,0.,1.));
#2720 = ORIENTED_EDGE('',*,*,#306,.F.);
#2721 = SURFACE_OF_LINEAR_EXTRUSION('',#2722,#2727);
#2722 = B_SPLINE_CURVE_WITH_KNOTS('',3,(#2723,#2724,#2725,#2726),
  .UNSPECIFIED.,.F.,.F.,(4,4),(0.,1.),.PIECEWISE_BEZIER_KNOTS.);
#2723 = CARTESIAN_POINT('',(11.11651580363,4.619477774114,0.));
#2724 = CARTESIAN_POINT('',(11.488819705936,4.968434318614,0.));
#2725 = CARTESIAN_POINT('',(11.972729308959,5.545384857262,0.));
#2726 = CARTESIAN_POINT('',(12.424609361794,6.457999429387,0.));
#2727 = VECTOR('',#2728,1.);
#2728 = DIRECTION('',(-0.,-0.,-1.));
#2729 = ADVANCED_FACE('',(#2730),#2741,.F.);
#2730 = FACE_BOUND('',#2731,.F.);
#2731 = EDGE_LOOP('',(#2732,#2738,#2739,#2740));
#2732 = ORIENTED_EDGE('',*,*,#2733,.T.);
#2733 = EDGE_CURVE('',#1135,#2193,#2734,.T.);
#2734 = LINE('',#2735,#2736);
#2735 = CARTESIAN_POINT('',(6.366512831943,-8.045813467929,0.));
#2736 = VECTOR('',#2737,1.);
#2737 = DIRECTION('',(0.,0.,1.));
#2738 = ORIENTED_EDGE('',*,*,#2200,.T.);
#2739 = ORIENTED_EDGE('',*,*,#2696,.F.);
#2740 = ORIENTED_EDGE('',*,*,#1142,.F.);
#2741 = CYLINDRICAL_SURFACE('',#2742,0.76);
#2742 = AXIS2_PLACEMENT_3D('',#2743,#2744,#2745);
#2743 = CARTESIAN_POINT('',(6.944622715054,-7.552468798302,0.));
#2744 = DIRECTION('',(0.,0.,-1.));
#2745 = DIRECTION('',(-0.76067089883,-0.649137723193,-0.));
#2746 = ADVANCED_FACE('',(#2747),#2758,.T.);
#2747 = FACE_BOUND('',#2748,.F.);
#2748 = EDGE_LOOP('',(#2749,#2750,#2751,#2757));
#2749 = ORIENTED_EDGE('',*,*,#2715,.T.);
#2750 = ORIENTED_EDGE('',*,*,#1373,.T.);
#2751 = ORIENTED_EDGE('',*,*,#2752,.F.);
#2752 = EDGE_CURVE('',#316,#1374,#2753,.T.);
#2753 = LINE('',#2754,#2755);
#2754 = CARTESIAN_POINT('',(11.802086435762,7.530654404686,0.));
#2755 = VECTOR('',#2756,1.);
#2756 = DIRECTION('',(0.,0.,1.));
#2757 = ORIENTED_EDGE('',*,*,#315,.F.);
#2758 = CYLINDRICAL_SURFACE('',#2759,14.000000000002);
#2759 = AXIS2_PLACEMENT_3D('',#2760,#2761,#2762);
#2760 = CARTESIAN_POINT('',(1.667194328625E-02,-2.606480675778E-02,0.));
#2761 = DIRECTION('',(0.,0.,-1.));
#2762 = DIRECTION('',(0.886281244179,0.463147445439,0.));
#2763 = ADVANCED_FACE('',(#2764),#2775,.F.);
#2764 = FACE_BOUND('',#2765,.F.);
#2765 = EDGE_LOOP('',(#2766,#2772,#2773,#2774));
#2766 = ORIENTED_EDGE('',*,*,#2767,.T.);
#2767 = EDGE_CURVE('',#1126,#2184,#2768,.T.);
#2768 = LINE('',#2769,#2770);
#2769 = CARTESIAN_POINT('',(7.01566007279,-8.868822246951,0.));
#2770 = VECTOR('',#2771,1.);
#2771 = DIRECTION('',(0.,0.,1.));
#2772 = ORIENTED_EDGE('',*,*,#2192,.T.);
#2773 = ORIENTED_EDGE('',*,*,#2733,.F.);
#2774 = ORIENTED_EDGE('',*,*,#1134,.F.);
#2775 = PLANE('',#2776);
#2776 = AXIS2_PLACEMENT_3D('',#2777,#2778,#2779);
#2777 = CARTESIAN_POINT('',(7.01566007279,-8.868822246951,0.));
#2778 = DIRECTION('',(-0.785159467065,-0.619293638977,0.));
#2779 = DIRECTION('',(-0.619293638977,0.785159467065,0.));
#2780 = ADVANCED_FACE('',(#2781),#2792,.F.);
#2781 = FACE_BOUND('',#2782,.F.);
#2782 = EDGE_LOOP('',(#2783,#2784,#2785,#2791));
#2783 = ORIENTED_EDGE('',*,*,#2752,.T.);
#2784 = ORIENTED_EDGE('',*,*,#1382,.T.);
#2785 = ORIENTED_EDGE('',*,*,#2786,.F.);
#2786 = EDGE_CURVE('',#325,#1383,#2787,.T.);
#2787 = LINE('',#2788,#2789);
#2788 = CARTESIAN_POINT('',(9.558843006415,7.317446200457,0.));
#2789 = VECTOR('',#2790,1.);
#2790 = DIRECTION('',(0.,0.,1.));
#2791 = ORIENTED_EDGE('',*,*,#324,.F.);
#2792 = SURFACE_OF_LINEAR_EXTRUSION('',#2793,#2798);
#2793 = B_SPLINE_CURVE_WITH_KNOTS('',3,(#2794,#2795,#2796,#2797),
  .UNSPECIFIED.,.F.,.F.,(4,4),(0.,1.),.PIECEWISE_BEZIER_KNOTS.);
#2794 = CARTESIAN_POINT('',(11.802086435762,7.530654404686,0.));
#2795 = CARTESIAN_POINT('',(10.78880881463,7.595995305562,0.));
#2796 = CARTESIAN_POINT('',(10.047200189923,7.465392565533,0.));
#2797 = CARTESIAN_POINT('',(9.558843006415,7.317446200457,0.));
#2798 = VECTOR('',#2799,1.);
#2799 = DIRECTION('',(-0.,-0.,-1.));
#2800 = ADVANCED_FACE('',(#2801),#2812,.F.);
#2801 = FACE_BOUND('',#2802,.F.);
#2802 = EDGE_LOOP('',(#2803,#2809,#2810,#2811));
#2803 = ORIENTED_EDGE('',*,*,#2804,.T.);
#2804 = EDGE_CURVE('',#1117,#2175,#2805,.T.);
#2805 = LINE('',#2806,#2807);
#2806 = CARTESIAN_POINT('',(7.317446200457,-9.558843006415,0.));
#2807 = VECTOR('',#2808,1.);
#2808 = DIRECTION('',(0.,0.,1.));
#2809 = ORIENTED_EDGE('',*,*,#2183,.T.);
#2810 = ORIENTED_EDGE('',*,*,#2767,.F.);
#2811 = ORIENTED_EDGE('',*,*,#1125,.F.);
#2812 = SURFACE_OF_LINEAR_EXTRUSION('',#2813,#2818);
#2813 = B_SPLINE_CURVE_WITH_KNOTS('',3,(#2814,#2815,#2816,#2817),
  .UNSPECIFIED.,.F.,.F.,(4,4),(0.,1.),.PIECEWISE_BEZIER_KNOTS.);
#2814 = CARTESIAN_POINT('',(7.317446200457,-9.558843006415,0.));
#2815 = CARTESIAN_POINT('',(7.191034401143,-9.149798656505,0.));
#2816 = CARTESIAN_POINT('',(7.062113881701,-8.937504410644,0.));
#2817 = CARTESIAN_POINT('',(7.01566007279,-8.868822246951,0.));
#2818 = VECTOR('',#2819,1.);
#2819 = DIRECTION('',(-0.,-0.,-1.));
#2820 = ADVANCED_FACE('',(#2821),#2832,.F.);
#2821 = FACE_BOUND('',#2822,.F.);
#2822 = EDGE_LOOP('',(#2823,#2824,#2825,#2831));
#2823 = ORIENTED_EDGE('',*,*,#2786,.T.);
#2824 = ORIENTED_EDGE('',*,*,#1391,.T.);
#2825 = ORIENTED_EDGE('',*,*,#2826,.F.);
#2826 = EDGE_CURVE('',#334,#1392,#2827,.T.);
#2827 = LINE('',#2828,#2829);
#2828 = CARTESIAN_POINT('',(8.868822246951,7.01566007279,0.));
#2829 = VECTOR('',#2830,1.);
#2830 = DIRECTION('',(0.,0.,1.));
#2831 = ORIENTED_EDGE('',*,*,#333,.F.);
#2832 = SURFACE_OF_LINEAR_EXTRUSION('',#2833,#2838);
#2833 = B_SPLINE_CURVE_WITH_KNOTS('',3,(#2834,#2835,#2836,#2837),
  .UNSPECIFIED.,.F.,.F.,(4,4),(0.,1.),.PIECEWISE_BEZIER_KNOTS.);
#2834 = CARTESIAN_POINT('',(9.558843006415,7.317446200457,0.));
#2835 = CARTESIAN_POINT('',(9.149798656505,7.191034401143,0.));
#2836 = CARTESIAN_POINT('',(8.937504410644,7.062113881701,0.));
#2837 = CARTESIAN_POINT('',(8.868822246951,7.01566007279,0.));
#2838 = VECTOR('',#2839,1.);
#2839 = DIRECTION('',(-0.,-0.,-1.));
#2840 = ADVANCED_FACE('',(#2841),#2852,.F.);
#2841 = FACE_BOUND('',#2842,.F.);
#2842 = EDGE_LOOP('',(#2843,#2849,#2850,#2851));
#2843 = ORIENTED_EDGE('',*,*,#2844,.T.);
#2844 = EDGE_CURVE('',#1108,#2166,#2845,.T.);
#2845 = LINE('',#2846,#2847);
#2846 = CARTESIAN_POINT('',(7.530654404685,-11.80208643576,0.));
#2847 = VECTOR('',#2848,1.);
#2848 = DIRECTION('',(0.,0.,1.));
#2849 = ORIENTED_EDGE('',*,*,#2174,.T.);
#2850 = ORIENTED_EDGE('',*,*,#2804,.F.);
#2851 = ORIENTED_EDGE('',*,*,#1116,.F.);
#2852 = SURFACE_OF_LINEAR_EXTRUSION('',#2853,#2858);
#2853 = B_SPLINE_CURVE_WITH_KNOTS('',3,(#2854,#2855,#2856,#2857),
  .UNSPECIFIED.,.F.,.F.,(4,4),(0.,1.),.PIECEWISE_BEZIER_KNOTS.);
#2854 = CARTESIAN_POINT('',(7.530654404685,-11.80208643576,0.));
#2855 = CARTESIAN_POINT('',(7.595995305562,-10.78880881463,0.));
#2856 = CARTESIAN_POINT('',(7.465392565533,-10.04720018992,0.));
#2857 = CARTESIAN_POINT('',(7.317446200457,-9.558843006415,0.));
#2858 = VECTOR('',#2859,1.);
#2859 = DIRECTION('',(-0.,-0.,-1.));
#2860 = ADVANCED_FACE('',(#2861),#2872,.F.);
#2861 = FACE_BOUND('',#2862,.F.);
#2862 = EDGE_LOOP('',(#2863,#2864,#2865,#2871));
#2863 = ORIENTED_EDGE('',*,*,#2826,.T.);
#2864 = ORIENTED_EDGE('',*,*,#1400,.T.);
#2865 = ORIENTED_EDGE('',*,*,#2866,.F.);
#2866 = EDGE_CURVE('',#343,#1401,#2867,.T.);
#2867 = LINE('',#2868,#2869);
#2868 = CARTESIAN_POINT('',(8.045813467929,6.366512831943,0.));
#2869 = VECTOR('',#2870,1.);
#2870 = DIRECTION('',(0.,0.,1.));
#2871 = ORIENTED_EDGE('',*,*,#342,.F.);
#2872 = PLANE('',#2873);
#2873 = AXIS2_PLACEMENT_3D('',#2874,#2875,#2876);
#2874 = CARTESIAN_POINT('',(8.868822246951,7.01566007279,0.));
#2875 = DIRECTION('',(0.619293638977,-0.785159467065,0.));
#2876 = DIRECTION('',(-0.785159467065,-0.619293638977,0.));
#2877 = ADVANCED_FACE('',(#2878),#2889,.T.);
#2878 = FACE_BOUND('',#2879,.F.);
#2879 = EDGE_LOOP('',(#2880,#2886,#2887,#2888));
#2880 = ORIENTED_EDGE('',*,*,#2881,.T.);
#2881 = EDGE_CURVE('',#1099,#2157,#2882,.T.);
#2882 = LINE('',#2883,#2884);
#2883 = CARTESIAN_POINT('',(6.457999429387,-12.42460936179,0.));
#2884 = VECTOR('',#2885,1.);
#2885 = DIRECTION('',(0.,0.,1.));
#2886 = ORIENTED_EDGE('',*,*,#2165,.T.);
#2887 = ORIENTED_EDGE('',*,*,#2844,.F.);
#2888 = ORIENTED_EDGE('',*,*,#1107,.F.);
#2889 = CYLINDRICAL_SURFACE('',#2890,14.000000000003);
#2890 = AXIS2_PLACEMENT_3D('',#2891,#2892,#2893);
#2891 = CARTESIAN_POINT('',(-2.606480675831E-02,-1.667194328528E-02,0.)
  );
#2892 = DIRECTION('',(0.,0.,-1.));
#2893 = DIRECTION('',(0.463147445439,-0.886281244179,0.));
#2894 = ADVANCED_FACE('',(#2895),#2906,.F.);
#2895 = FACE_BOUND('',#2896,.F.);
#2896 = EDGE_LOOP('',(#2897,#2898,#2899,#2905));
#2897 = ORIENTED_EDGE('',*,*,#2866,.T.);
#2898 = ORIENTED_EDGE('',*,*,#1408,.T.);
#2899 = ORIENTED_EDGE('',*,*,#2900,.F.);
#2900 = EDGE_CURVE('',#351,#1409,#2901,.T.);
#2901 = LINE('',#2902,#2903);
#2902 = CARTESIAN_POINT('',(6.994004903878,6.429144220231,0.));
#2903 = VECTOR('',#2904,1.);
#2904 = DIRECTION('',(0.,0.,1.));
#2905 = ORIENTED_EDGE('',*,*,#350,.F.);
#2906 = CYLINDRICAL_SURFACE('',#2907,0.76);
#2907 = AXIS2_PLACEMENT_3D('',#2908,#2909,#2910);
#2908 = CARTESIAN_POINT('',(7.552468798302,6.944622715054,0.));
#2909 = DIRECTION('',(0.,0.,-1.));
#2910 = DIRECTION('',(0.649137723193,-0.76067089883,0.));
#2911 = ADVANCED_FACE('',(#2912),#2923,.F.);
#2912 = FACE_BOUND('',#2913,.F.);
#2913 = EDGE_LOOP('',(#2914,#2920,#2921,#2922));
#2914 = ORIENTED_EDGE('',*,*,#2915,.T.);
#2915 = EDGE_CURVE('',#1090,#2148,#2916,.T.);
#2916 = LINE('',#2917,#2918);
#2917 = CARTESIAN_POINT('',(4.619477774114,-11.11651580363,0.));
#2918 = VECTOR('',#2919,1.);
#2919 = DIRECTION('',(0.,0.,1.));
#2920 = ORIENTED_EDGE('',*,*,#2156,.T.);
#2921 = ORIENTED_EDGE('',*,*,#2881,.F.);
#2922 = ORIENTED_EDGE('',*,*,#1098,.F.);
#2923 = SURFACE_OF_LINEAR_EXTRUSION('',#2924,#2929);
#2924 = B_SPLINE_CURVE_WITH_KNOTS('',3,(#2925,#2926,#2927,#2928),
  .UNSPECIFIED.,.F.,.F.,(4,4),(0.,1.),.PIECEWISE_BEZIER_KNOTS.);
#2925 = CARTESIAN_POINT('',(4.619477774114,-11.11651580363,0.));
#2926 = CARTESIAN_POINT('',(4.968434318614,-11.48881970593,0.));
#2927 = CARTESIAN_POINT('',(5.545384857262,-11.97272930895,0.));
#2928 = CARTESIAN_POINT('',(6.457999429387,-12.42460936179,0.));
#2929 = VECTOR('',#2930,1.);
#2930 = DIRECTION('',(-0.,-0.,-1.));
#2931 = ADVANCED_FACE('',(#2932),#2943,.T.);
#2932 = FACE_BOUND('',#2933,.F.);
#2933 = EDGE_LOOP('',(#2934,#2935,#2936,#2942));
#2934 = ORIENTED_EDGE('',*,*,#2900,.T.);
#2935 = ORIENTED_EDGE('',*,*,#1417,.T.);
#2936 = ORIENTED_EDGE('',*,*,#2937,.F.);
#2937 = EDGE_CURVE('',#360,#1418,#2938,.T.);
#2938 = LINE('',#2939,#2940);
#2939 = CARTESIAN_POINT('',(6.429144220231,6.994004903878,0.));
#2940 = VECTOR('',#2941,1.);
#2941 = DIRECTION('',(0.,0.,1.));
#2942 = ORIENTED_EDGE('',*,*,#359,.F.);
#2943 = CYLINDRICAL_SURFACE('',#2944,9.500000000001);
#2944 = AXIS2_PLACEMENT_3D('',#2945,#2946,#2947);
#2945 = CARTESIAN_POINT('',(-8.113509863961E-13,-8.131273432355E-13,0.)
  );
#2946 = DIRECTION('',(0.,0.,-1.));
#2947 = DIRECTION('',(0.736211042514,0.676752023182,0.));
#2948 = ADVANCED_FACE('',(#2949),#2960,.F.);
#2949 = FACE_BOUND('',#2950,.F.);
#2950 = EDGE_LOOP('',(#2951,#2957,#2958,#2959));
#2951 = ORIENTED_EDGE('',*,*,#2952,.T.);
#2952 = EDGE_CURVE('',#1082,#2140,#2953,.T.);
#2953 = LINE('',#2954,#2955);
#2954 = CARTESIAN_POINT('',(4.172795331113,-10.51015097082,0.));
#2955 = VECTOR('',#2956,1.);
#2956 = DIRECTION('',(0.,0.,1.));
#2957 = ORIENTED_EDGE('',*,*,#2147,.T.);
#2958 = ORIENTED_EDGE('',*,*,#2915,.F.);
#2959 = ORIENTED_EDGE('',*,*,#1089,.F.);
#2960 = SURFACE_OF_LINEAR_EXTRUSION('',#2961,#2966);
#2961 = B_SPLINE_CURVE_WITH_KNOTS('',3,(#2962,#2963,#2964,#2965),
  .UNSPECIFIED.,.F.,.F.,(4,4),(0.,1.),.PIECEWISE_BEZIER_KNOTS.);
#2962 = CARTESIAN_POINT('',(4.172795331113,-10.51015097082,0.));
#2963 = CARTESIAN_POINT('',(4.209048925202,-10.58472223129,0.));
#2964 = CARTESIAN_POINT('',(4.328440875474,-10.80251779913,0.));
#2965 = CARTESIAN_POINT('',(4.619477774114,-11.11651580363,0.));
#2966 = VECTOR('',#2967,1.);
#2967 = DIRECTION('',(-0.,-0.,-1.));
#2968 = ADVANCED_FACE('',(#2969),#2980,.F.);
#2969 = FACE_BOUND('',#2970,.F.);
#2970 = EDGE_LOOP('',(#2971,#2972,#2973,#2979));
#2971 = ORIENTED_EDGE('',*,*,#2937,.T.);
#2972 = ORIENTED_EDGE('',*,*,#1426,.T.);
#2973 = ORIENTED_EDGE('',*,*,#2974,.F.);
#2974 = EDGE_CURVE('',#369,#1427,#2975,.T.);
#2975 = LINE('',#2976,#2977);
#2976 = CARTESIAN_POINT('',(6.366512831943,8.045813467929,0.));
#2977 = VECTOR('',#2978,1.);
#2978 = DIRECTION('',(0.,0.,1.));
#2979 = ORIENTED_EDGE('',*,*,#368,.F.);
#2980 = CYLINDRICAL_SURFACE('',#2981,0.76);
#2981 = AXIS2_PLACEMENT_3D('',#2982,#2983,#2984);
#2982 = CARTESIAN_POINT('',(6.944622715054,7.552468798302,0.));
#2983 = DIRECTION('',(0.,0.,-1.));
#2984 = DIRECTION('',(-0.678261177399,-0.734820913715,-0.));
#2985 = ADVANCED_FACE('',(#2986),#2997,.F.);
#2986 = FACE_BOUND('',#2987,.F.);
#2987 = EDGE_LOOP('',(#2988,#2994,#2995,#2996));
#2988 = ORIENTED_EDGE('',*,*,#2989,.T.);
#2989 = EDGE_CURVE('',#1073,#2131,#2990,.T.);
#2990 = LINE('',#2991,#2992);
#2991 = CARTESIAN_POINT('',(3.784622441366,-9.536468579947,0.));
#2992 = VECTOR('',#2993,1.);
#2993 = DIRECTION('',(0.,0.,1.));
#2994 = ORIENTED_EDGE('',*,*,#2139,.T.);
#2995 = ORIENTED_EDGE('',*,*,#2952,.F.);
#2996 = ORIENTED_EDGE('',*,*,#1081,.F.);
#2997 = PLANE('',#2998);
#2998 = AXIS2_PLACEMENT_3D('',#2999,#3000,#3001);
#2999 = CARTESIAN_POINT('',(3.784622441366,-9.536468579947,0.));
#3000 = DIRECTION('',(0.928903757289,0.370321225012,0.));
#3001 = DIRECTION('',(0.370321225012,-0.928903757289,0.));
#3002 = ADVANCED_FACE('',(#3003),#3014,.F.);
#3003 = FACE_BOUND('',#3004,.F.);
#3004 = EDGE_LOOP('',(#3005,#3006,#3007,#3013));
#3005 = ORIENTED_EDGE('',*,*,#2974,.T.);
#3006 = ORIENTED_EDGE('',*,*,#1435,.T.);
#3007 = ORIENTED_EDGE('',*,*,#3008,.F.);
#3008 = EDGE_CURVE('',#378,#1436,#3009,.T.);
#3009 = LINE('',#3010,#3011);
#3010 = CARTESIAN_POINT('',(7.01566007279,8.868822246951,0.));
#3011 = VECTOR('',#3012,1.);
#3012 = DIRECTION('',(0.,0.,1.));
#3013 = ORIENTED_EDGE('',*,*,#377,.F.);
#3014 = PLANE('',#3015);
#3015 = AXIS2_PLACEMENT_3D('',#3016,#3017,#3018);
#3016 = CARTESIAN_POINT('',(6.366512831943,8.045813467929,0.));
#3017 = DIRECTION('',(-0.785159467065,0.619293638977,0.));
#3018 = DIRECTION('',(0.619293638977,0.785159467065,0.));
#3019 = ADVANCED_FACE('',(#3020),#3031,.F.);
#3020 = FACE_BOUND('',#3021,.F.);
#3021 = EDGE_LOOP('',(#3022,#3028,#3029,#3030));
#3022 = ORIENTED_EDGE('',*,*,#3023,.T.);
#3023 = EDGE_CURVE('',#1064,#2122,#3024,.T.);
#3024 = LINE('',#3025,#3026);
#3025 = CARTESIAN_POINT('',(2.842413810836,-9.064804671253,0.));
#3026 = VECTOR('',#3027,1.);
#3027 = DIRECTION('',(0.,0.,1.));
#3028 = ORIENTED_EDGE('',*,*,#2130,.T.);
#3029 = ORIENTED_EDGE('',*,*,#2989,.F.);
#3030 = ORIENTED_EDGE('',*,*,#1072,.F.);
#3031 = CYLINDRICAL_SURFACE('',#3032,0.76);
#3032 = AXIS2_PLACEMENT_3D('',#3033,#3034,#3035);
#3033 = CARTESIAN_POINT('',(3.068318483092,-9.790454090086,0.));
#3034 = DIRECTION('',(0.,0.,-1.));
#3035 = DIRECTION('',(-0.29724298981,0.954801866886,0.));
#3036 = ADVANCED_FACE('',(#3037),#3048,.F.);
#3037 = FACE_BOUND('',#3038,.F.);
#3038 = EDGE_LOOP('',(#3039,#3040,#3041,#3047));
#3039 = ORIENTED_EDGE('',*,*,#3008,.T.);
#3040 = ORIENTED_EDGE('',*,*,#1443,.T.);
#3041 = ORIENTED_EDGE('',*,*,#3042,.F.);
#3042 = EDGE_CURVE('',#386,#1444,#3043,.T.);
#3043 = LINE('',#3044,#3045);
#3044 = CARTESIAN_POINT('',(7.317446200457,9.558843006415,0.));
#3045 = VECTOR('',#3046,1.);
#3046 = DIRECTION('',(0.,0.,1.));
#3047 = ORIENTED_EDGE('',*,*,#385,.F.);
#3048 = SURFACE_OF_LINEAR_EXTRUSION('',#3049,#3054);
#3049 = B_SPLINE_CURVE_WITH_KNOTS('',3,(#3050,#3051,#3052,#3053),
  .UNSPECIFIED.,.F.,.F.,(4,4),(0.,1.),.PIECEWISE_BEZIER_KNOTS.);
#3050 = CARTESIAN_POINT('',(7.01566007279,8.868822246951,0.));
#3051 = CARTESIAN_POINT('',(7.062113881701,8.937504410644,0.));
#3052 = CARTESIAN_POINT('',(7.191034401143,9.149798656505,0.));
#3053 = CARTESIAN_POINT('',(7.317446200457,9.558843006415,0.));
#3054 = VECTOR('',#3055,1.);
#3055 = DIRECTION('',(-0.,-0.,-1.));
#3056 = ADVANCED_FACE('',(#3057),#3068,.T.);
#3057 = FACE_BOUND('',#3058,.F.);
#3058 = EDGE_LOOP('',(#3059,#3065,#3066,#3067));
#3059 = ORIENTED_EDGE('',*,*,#3060,.T.);
#3060 = EDGE_CURVE('',#1055,#2113,#3061,.T.);
#3061 = LINE('',#3062,#3063);
#3062 = CARTESIAN_POINT('',(2.070799767374,-9.271558031067,0.));
#3063 = VECTOR('',#3064,1.);
#3064 = DIRECTION('',(0.,0.,1.));
#3065 = ORIENTED_EDGE('',*,*,#2121,.T.);
#3066 = ORIENTED_EDGE('',*,*,#3023,.F.);
#3067 = ORIENTED_EDGE('',*,*,#1063,.F.);
#3068 = CYLINDRICAL_SURFACE('',#3069,9.500000000002);
#3069 = AXIS2_PLACEMENT_3D('',#3070,#3071,#3072);
#3070 = CARTESIAN_POINT('',(-3.912425938779E-13,1.464606214086E-12,0.));
#3071 = DIRECTION('',(0.,0.,-1.));
#3072 = DIRECTION('',(0.217978922882,-0.975953476954,0.));
#3073 = ADVANCED_FACE('',(#3074),#3085,.F.);
#3074 = FACE_BOUND('',#3075,.F.);
#3075 = EDGE_LOOP('',(#3076,#3077,#3078,#3084));
#3076 = ORIENTED_EDGE('',*,*,#3042,.T.);
#3077 = ORIENTED_EDGE('',*,*,#1452,.T.);
#3078 = ORIENTED_EDGE('',*,*,#3079,.F.);
#3079 = EDGE_CURVE('',#395,#1453,#3080,.T.);
#3080 = LINE('',#3081,#3082);
#3081 = CARTESIAN_POINT('',(7.531027624718,11.805096244371,0.));
#3082 = VECTOR('',#3083,1.);
#3083 = DIRECTION('',(0.,0.,1.));
#3084 = ORIENTED_EDGE('',*,*,#394,.F.);
#3085 = SURFACE_OF_LINEAR_EXTRUSION('',#3086,#3091);
#3086 = B_SPLINE_CURVE_WITH_KNOTS('',3,(#3087,#3088,#3089,#3090),
  .UNSPECIFIED.,.F.,.F.,(4,4),(0.,1.),.PIECEWISE_BEZIER_KNOTS.);
#3087 = CARTESIAN_POINT('',(7.317446200457,9.558843006415,0.));
#3088 = CARTESIAN_POINT('',(7.465392565533,10.047200189923,0.));
#3089 = CARTESIAN_POINT('',(7.595995305562,10.78880881463,0.));
#3090 = CARTESIAN_POINT('',(7.531027624718,11.805096244371,0.));
#3091 = VECTOR('',#3092,1.);
#3092 = DIRECTION('',(-0.,-0.,-1.));
#3093 = ADVANCED_FACE('',(#3094),#3105,.F.);
#3094 = FACE_BOUND('',#3095,.F.);
#3095 = EDGE_LOOP('',(#3096,#3102,#3103,#3104));
#3096 = ORIENTED_EDGE('',*,*,#3097,.T.);
#3097 = EDGE_CURVE('',#1047,#2105,#3098,.T.);
#3098 = LINE('',#3099,#3100);
#3099 = CARTESIAN_POINT('',(1.490655112017,-10.1511352733,0.));
#3100 = VECTOR('',#3101,1.);
#3101 = DIRECTION('',(0.,0.,1.));
#3102 = ORIENTED_EDGE('',*,*,#2112,.T.);
#3103 = ORIENTED_EDGE('',*,*,#3060,.F.);
#3104 = ORIENTED_EDGE('',*,*,#1054,.F.);
#3105 = CYLINDRICAL_SURFACE('',#3106,0.76);
#3106 = AXIS2_PLACEMENT_3D('',#3107,#3108,#3109);
#3107 = CARTESIAN_POINT('',(2.237985291784,-10.01294119814,0.));
#3108 = DIRECTION('',(0.,0.,-1.));
#3109 = DIRECTION('',(-0.983329183903,-0.181834309425,-0.));
#3110 = ADVANCED_FACE('',(#3111),#3122,.T.);
#3111 = FACE_BOUND('',#3112,.F.);
#3112 = EDGE_LOOP('',(#3113,#3114,#3115,#3121));
#3113 = ORIENTED_EDGE('',*,*,#3079,.T.);
#3114 = ORIENTED_EDGE('',*,*,#1461,.T.);
#3115 = ORIENTED_EDGE('',*,*,#3116,.F.);
#3116 = EDGE_CURVE('',#404,#1462,#3117,.T.);
#3117 = LINE('',#3118,#3119);
#3118 = CARTESIAN_POINT('',(6.455579468687,12.42278123946,0.));
#3119 = VECTOR('',#3120,1.);
#3120 = DIRECTION('',(0.,0.,1.));
#3121 = ORIENTED_EDGE('',*,*,#403,.F.);
#3122 = CYLINDRICAL_SURFACE('',#3123,14.);
#3123 = AXIS2_PLACEMENT_3D('',#3124,#3125,#3126);
#3124 = CARTESIAN_POINT('',(2.747072979589E-02,-1.423681315266E-02,0.));
#3125 = DIRECTION('',(0.,0.,-1.));
#3126 = DIRECTION('',(0.535968349637,0.844238075537,0.));
#3127 = ADVANCED_FACE('',(#3128),#3139,.F.);
#3128 = FACE_BOUND('',#3129,.F.);
#3129 = EDGE_LOOP('',(#3130,#3136,#3137,#3138));
#3130 = ORIENTED_EDGE('',*,*,#3131,.T.);
#3131 = EDGE_CURVE('',#1038,#2096,#3132,.T.);
#3132 = LINE('',#3133,#3134);
#3133 = CARTESIAN_POINT('',(1.641328723877,-11.1884554039,0.));
#3134 = VECTOR('',#3135,1.);
#3135 = DIRECTION('',(0.,0.,1.));
#3136 = ORIENTED_EDGE('',*,*,#2104,.T.);
#3137 = ORIENTED_EDGE('',*,*,#3097,.F.);
#3138 = ORIENTED_EDGE('',*,*,#1046,.F.);
#3139 = PLANE('',#3140);
#3140 = AXIS2_PLACEMENT_3D('',#3141,#3142,#3143);
#3141 = CARTESIAN_POINT('',(1.641328723877,-11.1884554039,0.));
#3142 = DIRECTION('',(-0.989614863989,-0.143744290224,0.));
#3143 = DIRECTION('',(-0.143744290224,0.989614863989,0.));
#3144 = ADVANCED_FACE('',(#3145),#3156,.F.);
#3145 = FACE_BOUND('',#3146,.F.);
#3146 = EDGE_LOOP('',(#3147,#3148,#3149,#3155));
#3147 = ORIENTED_EDGE('',*,*,#3116,.T.);
#3148 = ORIENTED_EDGE('',*,*,#1470,.T.);
#3149 = ORIENTED_EDGE('',*,*,#3150,.F.);
#3150 = EDGE_CURVE('',#413,#1471,#3151,.T.);
#3151 = LINE('',#3152,#3153);
#3152 = CARTESIAN_POINT('',(4.619477774114,11.11651580363,0.));
#3153 = VECTOR('',#3154,1.);
#3154 = DIRECTION('',(0.,0.,1.));
#3155 = ORIENTED_EDGE('',*,*,#412,.F.);
#3156 = SURFACE_OF_LINEAR_EXTRUSION('',#3157,#3162);
#3157 = B_SPLINE_CURVE_WITH_KNOTS('',3,(#3158,#3159,#3160,#3161),
  .UNSPECIFIED.,.F.,.F.,(4,4),(0.,1.),.PIECEWISE_BEZIER_KNOTS.);
#3158 = CARTESIAN_POINT('',(6.455579468687,12.42278123946,0.));
#3159 = CARTESIAN_POINT('',(5.545384857262,11.972729308959,0.));
#3160 = CARTESIAN_POINT('',(4.968434318614,11.488819705936,0.));
#3161 = CARTESIAN_POINT('',(4.619477774114,11.11651580363,0.));
#3162 = VECTOR('',#3163,1.);
#3163 = DIRECTION('',(-0.,-0.,-1.));
#3164 = ADVANCED_FACE('',(#3165),#3176,.F.);
#3165 = FACE_BOUND('',#3166,.F.);
#3166 = EDGE_LOOP('',(#3167,#3173,#3174,#3175));
#3167 = ORIENTED_EDGE('',*,*,#3168,.T.);
#3168 = EDGE_CURVE('',#1029,#2087,#3169,.T.);
#3169 = LINE('',#3170,#3171);
#3170 = CARTESIAN_POINT('',(1.557672797214,-11.93692397457,0.));
#3171 = VECTOR('',#3172,1.);
#3172 = DIRECTION('',(0.,0.,1.));
#3173 = ORIENTED_EDGE('',*,*,#2095,.T.);
#3174 = ORIENTED_EDGE('',*,*,#3131,.F.);
#3175 = ORIENTED_EDGE('',*,*,#1037,.F.);
#3176 = SURFACE_OF_LINEAR_EXTRUSION('',#3177,#3182);
#3177 = B_SPLINE_CURVE_WITH_KNOTS('',3,(#3178,#3179,#3180,#3181),
  .UNSPECIFIED.,.F.,.F.,(4,4),(0.,1.),.PIECEWISE_BEZIER_KNOTS.);
#3178 = CARTESIAN_POINT('',(1.557672797214,-11.93692397457,0.));
#3179 = CARTESIAN_POINT('',(1.652719142625,-11.51947527661,0.));
#3180 = CARTESIAN_POINT('',(1.64721782065,-11.2711628069,0.));
#3181 = CARTESIAN_POINT('',(1.641328723877,-11.1884554039,0.));
#3182 = VECTOR('',#3183,1.);
#3183 = DIRECTION('',(-0.,-0.,-1.));
#3184 = ADVANCED_FACE('',(#3185),#3196,.F.);
#3185 = FACE_BOUND('',#3186,.F.);
#3186 = EDGE_LOOP('',(#3187,#3188,#3189,#3195));
#3187 = ORIENTED_EDGE('',*,*,#3150,.T.);
#3188 = ORIENTED_EDGE('',*,*,#1479,.T.);
#3189 = ORIENTED_EDGE('',*,*,#3190,.F.);
#3190 = EDGE_CURVE('',#422,#1480,#3191,.T.);
#3191 = LINE('',#3192,#3193);
#3192 = CARTESIAN_POINT('',(4.172795331113,10.510150970828,0.));
#3193 = VECTOR('',#3194,1.);
#3194 = DIRECTION('',(0.,0.,1.));
#3195 = ORIENTED_EDGE('',*,*,#421,.F.);
#3196 = SURFACE_OF_LINEAR_EXTRUSION('',#3197,#3202);
#3197 = B_SPLINE_CURVE_WITH_KNOTS('',3,(#3198,#3199,#3200,#3201),
  .UNSPECIFIED.,.F.,.F.,(4,4),(0.,1.),.PIECEWISE_BEZIER_KNOTS.);
#3198 = CARTESIAN_POINT('',(4.619477774114,11.11651580363,0.));
#3199 = CARTESIAN_POINT('',(4.328440875474,10.80251779913,0.));
#3200 = CARTESIAN_POINT('',(4.209048925202,10.584722231294,0.));
#3201 = CARTESIAN_POINT('',(4.172795331113,10.510150970828,0.));
#3202 = VECTOR('',#3203,1.);
#3203 = DIRECTION('',(-0.,-0.,-1.));
#3204 = ADVANCED_FACE('',(#3205),#3216,.F.);
#3205 = FACE_BOUND('',#3206,.F.);
#3206 = EDGE_LOOP('',(#3207,#3213,#3214,#3215));
#3207 = ORIENTED_EDGE('',*,*,#3208,.T.);
#3208 = EDGE_CURVE('',#1020,#2078,#3209,.T.);
#3209 = LINE('',#3210,#3211);
#3210 = CARTESIAN_POINT('',(0.620694803698,-13.98623387337,0.));
#3211 = VECTOR('',#3212,1.);
#3212 = DIRECTION('',(0.,0.,1.));
#3213 = ORIENTED_EDGE('',*,*,#2086,.T.);
#3214 = ORIENTED_EDGE('',*,*,#3168,.F.);
#3215 = ORIENTED_EDGE('',*,*,#1028,.F.);
#3216 = SURFACE_OF_LINEAR_EXTRUSION('',#3217,#3222);
#3217 = B_SPLINE_CURVE_WITH_KNOTS('',3,(#3218,#3219,#3220,#3221),
  .UNSPECIFIED.,.F.,.F.,(4,4),(0.,1.),.PIECEWISE_BEZIER_KNOTS.);
#3218 = CARTESIAN_POINT('',(0.620694803698,-13.98623387337,0.));
#3219 = CARTESIAN_POINT('',(1.18392049433,-13.14138016282,0.));
#3220 = CARTESIAN_POINT('',(1.441619516014,-12.43382688414,0.));
#3221 = CARTESIAN_POINT('',(1.557672797214,-11.93692397457,0.));
#3222 = VECTOR('',#3223,1.);
#3223 = DIRECTION('',(-0.,-0.,-1.));
#3224 = ADVANCED_FACE('',(#3225),#3236,.F.);
#3225 = FACE_BOUND('',#3226,.F.);
#3226 = EDGE_LOOP('',(#3227,#3228,#3229,#3235));
#3227 = ORIENTED_EDGE('',*,*,#3190,.T.);
#3228 = ORIENTED_EDGE('',*,*,#1488,.T.);
#3229 = ORIENTED_EDGE('',*,*,#3230,.F.);
#3230 = EDGE_CURVE('',#431,#1489,#3231,.T.);
#3231 = LINE('',#3232,#3233);
#3232 = CARTESIAN_POINT('',(3.784622441366,9.536468579947,0.));
#3233 = VECTOR('',#3234,1.);
#3234 = DIRECTION('',(0.,0.,1.));
#3235 = ORIENTED_EDGE('',*,*,#430,.F.);
#3236 = PLANE('',#3237);
#3237 = AXIS2_PLACEMENT_3D('',#3238,#3239,#3240);
#3238 = CARTESIAN_POINT('',(4.172795331113,10.510150970828,0.));
#3239 = DIRECTION('',(0.928903757289,-0.370321225012,0.));
#3240 = DIRECTION('',(-0.370321225012,-0.928903757289,0.));
#3241 = ADVANCED_FACE('',(#3242),#3253,.T.);
#3242 = FACE_BOUND('',#3243,.F.);
#3243 = EDGE_LOOP('',(#3244,#3250,#3251,#3252));
#3244 = ORIENTED_EDGE('',*,*,#3245,.T.);
#3245 = EDGE_CURVE('',#1011,#2069,#3246,.T.);
#3246 = LINE('',#3247,#3248);
#3247 = CARTESIAN_POINT('',(-0.619513117423,-13.9890270541,0.));
#3248 = VECTOR('',#3249,1.);
#3249 = DIRECTION('',(0.,0.,1.));
#3250 = ORIENTED_EDGE('',*,*,#2077,.T.);
#3251 = ORIENTED_EDGE('',*,*,#3208,.F.);
#3252 = ORIENTED_EDGE('',*,*,#1019,.F.);
#3253 = CYLINDRICAL_SURFACE('',#3254,14.000000000002);
#3254 = AXIS2_PLACEMENT_3D('',#3255,#3256,#3257);
#3255 = CARTESIAN_POINT('',(-3.090875644008E-02,-1.405923037086E-03,0.)
  );
#3256 = DIRECTION('',(-0.,-0.,-1.));
#3257 = DIRECTION('',(-4.20431686416E-02,-0.999115795076,0.));
#3258 = ADVANCED_FACE('',(#3259),#3270,.F.);
#3259 = FACE_BOUND('',#3260,.F.);
#3260 = EDGE_LOOP('',(#3261,#3262,#3263,#3269));
#3261 = ORIENTED_EDGE('',*,*,#3230,.T.);
#3262 = ORIENTED_EDGE('',*,*,#1496,.T.);
#3263 = ORIENTED_EDGE('',*,*,#3264,.F.);
#3264 = EDGE_CURVE('',#439,#1497,#3265,.T.);
#3265 = LINE('',#3266,#3267);
#3266 = CARTESIAN_POINT('',(2.842413810836,9.064804671253,0.));
#3267 = VECTOR('',#3268,1.);
#3268 = DIRECTION('',(0.,0.,1.));
#3269 = ORIENTED_EDGE('',*,*,#438,.F.);
#3270 = CYLINDRICAL_SURFACE('',#3271,0.76);
#3271 = AXIS2_PLACEMENT_3D('',#3272,#3273,#3274);
#3272 = CARTESIAN_POINT('',(3.068318483092,9.790454090086,0.));
#3273 = DIRECTION('',(0.,0.,-1.));
#3274 = DIRECTION('',(0.942505208255,-0.33419146071,0.));
#3275 = ADVANCED_FACE('',(#3276),#3287,.F.);
#3276 = FACE_BOUND('',#3277,.F.);
#3277 = EDGE_LOOP('',(#3278,#3284,#3285,#3286));
#3278 = ORIENTED_EDGE('',*,*,#3279,.T.);
#3279 = EDGE_CURVE('',#1002,#2060,#3280,.T.);
#3280 = LINE('',#3281,#3282);
#3281 = CARTESIAN_POINT('',(-1.557672797214,-11.93692397457,0.));
#3282 = VECTOR('',#3283,1.);
#3283 = DIRECTION('',(0.,0.,1.));
#3284 = ORIENTED_EDGE('',*,*,#2068,.T.);
#3285 = ORIENTED_EDGE('',*,*,#3245,.F.);
#3286 = ORIENTED_EDGE('',*,*,#1010,.F.);
#3287 = SURFACE_OF_LINEAR_EXTRUSION('',#3288,#3293);
#3288 = B_SPLINE_CURVE_WITH_KNOTS('',3,(#3289,#3290,#3291,#3292),
  .UNSPECIFIED.,.F.,.F.,(4,4),(0.,1.),.PIECEWISE_BEZIER_KNOTS.);
#3289 = CARTESIAN_POINT('',(-1.557672797214,-11.93692397457,0.));
#3290 = CARTESIAN_POINT('',(-1.441619516014,-12.43382688414,0.));
#3291 = CARTESIAN_POINT('',(-1.18392049433,-13.14138016282,0.));
#3292 = CARTESIAN_POINT('',(-0.619513117423,-13.9890270541,0.));
#3293 = VECTOR('',#3294,1.);
#3294 = DIRECTION('',(-0.,-0.,-1.));
#3295 = ADVANCED_FACE('',(#3296),#3307,.T.);
#3296 = FACE_BOUND('',#3297,.F.);
#3297 = EDGE_LOOP('',(#3298,#3299,#3300,#3306));
#3298 = ORIENTED_EDGE('',*,*,#3264,.T.);
#3299 = ORIENTED_EDGE('',*,*,#1505,.T.);
#3300 = ORIENTED_EDGE('',*,*,#3301,.F.);
#3301 = EDGE_CURVE('',#448,#1506,#3302,.T.);
#3302 = LINE('',#3303,#3304);
#3303 = CARTESIAN_POINT('',(2.070799767374,9.271558031067,0.));
#3304 = VECTOR('',#3305,1.);
#3305 = DIRECTION('',(0.,0.,1.));
#3306 = ORIENTED_EDGE('',*,*,#447,.F.);
#3307 = CYLINDRICAL_SURFACE('',#3308,9.499999999997);
#3308 = AXIS2_PLACEMENT_3D('',#3309,#3310,#3311);
#3309 = CARTESIAN_POINT('',(6.57474075183E-13,2.437161583657E-12,0.));
#3310 = DIRECTION('',(0.,0.,-1.));
#3311 = DIRECTION('',(0.299201453772,0.954189965395,0.));
#3312 = ADVANCED_FACE('',(#3313),#3324,.F.);
#3313 = FACE_BOUND('',#3314,.F.);
#3314 = EDGE_LOOP('',(#3315,#3321,#3322,#3323));
#3315 = ORIENTED_EDGE('',*,*,#3316,.T.);
#3316 = EDGE_CURVE('',#994,#2052,#3317,.T.);
#3317 = LINE('',#3318,#3319);
#3318 = CARTESIAN_POINT('',(-1.641328723877,-11.1884554039,0.));
#3319 = VECTOR('',#3320,1.);
#3320 = DIRECTION('',(0.,0.,1.));
#3321 = ORIENTED_EDGE('',*,*,#2059,.T.);
#3322 = ORIENTED_EDGE('',*,*,#3279,.F.);
#3323 = ORIENTED_EDGE('',*,*,#1001,.F.);
#3324 = SURFACE_OF_LINEAR_EXTRUSION('',#3325,#3330);
#3325 = B_SPLINE_CURVE_WITH_KNOTS('',3,(#3326,#3327,#3328,#3329),
  .UNSPECIFIED.,.F.,.F.,(4,4),(0.,1.),.PIECEWISE_BEZIER_KNOTS.);
#3326 = CARTESIAN_POINT('',(-1.641328723877,-11.1884554039,0.));
#3327 = CARTESIAN_POINT('',(-1.64721782065,-11.2711628069,0.));
#3328 = CARTESIAN_POINT('',(-1.652719142625,-11.51947527661,0.));
#3329 = CARTESIAN_POINT('',(-1.557672797214,-11.93692397457,0.));
#3330 = VECTOR('',#3331,1.);
#3331 = DIRECTION('',(-0.,-0.,-1.));
#3332 = ADVANCED_FACE('',(#3333),#3344,.F.);
#3333 = FACE_BOUND('',#3334,.F.);
#3334 = EDGE_LOOP('',(#3335,#3336,#3337,#3343));
#3335 = ORIENTED_EDGE('',*,*,#3301,.T.);
#3336 = ORIENTED_EDGE('',*,*,#1514,.T.);
#3337 = ORIENTED_EDGE('',*,*,#3338,.F.);
#3338 = EDGE_CURVE('',#457,#1515,#3339,.T.);
#3339 = LINE('',#3340,#3341);
#3340 = CARTESIAN_POINT('',(1.490655112017,10.151135273309,0.));
#3341 = VECTOR('',#3342,1.);
#3342 = DIRECTION('',(0.,0.,1.));
#3343 = ORIENTED_EDGE('',*,*,#456,.F.);
#3344 = CYLINDRICAL_SURFACE('',#3345,0.76);
#3345 = AXIS2_PLACEMENT_3D('',#3346,#3347,#3348);
#3346 = CARTESIAN_POINT('',(2.237985291784,10.012941198146,0.));
#3347 = DIRECTION('',(0.,0.,-1.));
#3348 = DIRECTION('',(-0.21998095317,-0.975504167209,-0.));
#3349 = ADVANCED_FACE('',(#3350),#3361,.F.);
#3350 = FACE_BOUND('',#3351,.F.);
#3351 = EDGE_LOOP('',(#3352,#3358,#3359,#3360));
#3352 = ORIENTED_EDGE('',*,*,#3353,.T.);
#3353 = EDGE_CURVE('',#985,#2043,#3354,.T.);
#3354 = LINE('',#3355,#3356);
#3355 = CARTESIAN_POINT('',(-1.490655112017,-10.1511352733,0.));
#3356 = VECTOR('',#3357,1.);
#3357 = DIRECTION('',(0.,0.,1.));
#3358 = ORIENTED_EDGE('',*,*,#2051,.T.);
#3359 = ORIENTED_EDGE('',*,*,#3316,.F.);
#3360 = ORIENTED_EDGE('',*,*,#993,.F.);
#3361 = PLANE('',#3362);
#3362 = AXIS2_PLACEMENT_3D('',#3363,#3364,#3365);
#3363 = CARTESIAN_POINT('',(-1.490655112017,-10.1511352733,0.));
#3364 = DIRECTION('',(0.989614863989,-0.143744290224,0.));
#3365 = DIRECTION('',(-0.143744290224,-0.989614863989,0.));
#3366 = ADVANCED_FACE('',(#3367),#3378,.F.);
#3367 = FACE_BOUND('',#3368,.F.);
#3368 = EDGE_LOOP('',(#3369,#3370,#3371,#3377));
#3369 = ORIENTED_EDGE('',*,*,#3338,.T.);
#3370 = ORIENTED_EDGE('',*,*,#1523,.T.);
#3371 = ORIENTED_EDGE('',*,*,#3372,.F.);
#3372 = EDGE_CURVE('',#466,#1524,#3373,.T.);
#3373 = LINE('',#3374,#3375);
#3374 = CARTESIAN_POINT('',(1.641328723877,11.188455403903,0.));
#3375 = VECTOR('',#3376,1.);
#3376 = DIRECTION('',(0.,0.,1.));
#3377 = ORIENTED_EDGE('',*,*,#465,.F.);
#3378 = PLANE('',#3379);
#3379 = AXIS2_PLACEMENT_3D('',#3380,#3381,#3382);
#3380 = CARTESIAN_POINT('',(1.490655112017,10.151135273309,0.));
#3381 = DIRECTION('',(-0.989614863989,0.143744290224,0.));
#3382 = DIRECTION('',(0.143744290224,0.989614863989,0.));
#3383 = ADVANCED_FACE('',(#3384),#3395,.F.);
#3384 = FACE_BOUND('',#3385,.F.);
#3385 = EDGE_LOOP('',(#3386,#3392,#3393,#3394));
#3386 = ORIENTED_EDGE('',*,*,#3387,.T.);
#3387 = EDGE_CURVE('',#976,#2034,#3388,.T.);
#3388 = LINE('',#3389,#3390);
#3389 = CARTESIAN_POINT('',(-2.070799767374,-9.271558031067,0.));
#3390 = VECTOR('',#3391,1.);
#3391 = DIRECTION('',(0.,0.,1.));
#3392 = ORIENTED_EDGE('',*,*,#2042,.T.);
#3393 = ORIENTED_EDGE('',*,*,#3353,.F.);
#3394 = ORIENTED_EDGE('',*,*,#984,.F.);
#3395 = CYLINDRICAL_SURFACE('',#3396,0.76);
#3396 = AXIS2_PLACEMENT_3D('',#3397,#3398,#3399);
#3397 = CARTESIAN_POINT('',(-2.237985291784,-10.01294119814,0.));
#3398 = DIRECTION('',(0.,0.,-1.));
#3399 = DIRECTION('',(0.21998095317,0.975504167209,0.));
#3400 = ADVANCED_FACE('',(#3401),#3412,.F.);
#3401 = FACE_BOUND('',#3402,.F.);
#3402 = EDGE_LOOP('',(#3403,#3404,#3405,#3411));
#3403 = ORIENTED_EDGE('',*,*,#3372,.T.);
#3404 = ORIENTED_EDGE('',*,*,#1531,.T.);
#3405 = ORIENTED_EDGE('',*,*,#3406,.F.);
#3406 = EDGE_CURVE('',#474,#1532,#3407,.T.);
#3407 = LINE('',#3408,#3409);
#3408 = CARTESIAN_POINT('',(1.557672797214,11.936923974571,0.));
#3409 = VECTOR('',#3410,1.);
#3410 = DIRECTION('',(0.,0.,1.));
#3411 = ORIENTED_EDGE('',*,*,#473,.F.);
#3412 = SURFACE_OF_LINEAR_EXTRUSION('',#3413,#3418);
#3413 = B_SPLINE_CURVE_WITH_KNOTS('',3,(#3414,#3415,#3416,#3417),
  .UNSPECIFIED.,.F.,.F.,(4,4),(0.,1.),.PIECEWISE_BEZIER_KNOTS.);
#3414 = CARTESIAN_POINT('',(1.641328723877,11.188455403903,0.));
#3415 = CARTESIAN_POINT('',(1.64721782065,11.271162806903,0.));
#3416 = CARTESIAN_POINT('',(1.652719142625,11.519475276617,0.));
#3417 = CARTESIAN_POINT('',(1.557672797214,11.936923974571,0.));
#3418 = VECTOR('',#3419,1.);
#3419 = DIRECTION('',(-0.,-0.,-1.));
#3420 = ADVANCED_FACE('',(#3421),#3432,.T.);
#3421 = FACE_BOUND('',#3422,.F.);
#3422 = EDGE_LOOP('',(#3423,#3429,#3430,#3431));
#3423 = ORIENTED_EDGE('',*,*,#3424,.T.);
#3424 = EDGE_CURVE('',#967,#2025,#3425,.T.);
#3425 = LINE('',#3426,#3427);
#3426 = CARTESIAN_POINT('',(-2.842413810836,-9.064804671253,0.));
#3427 = VECTOR('',#3428,1.);
#3428 = DIRECTION('',(0.,0.,1.));
#3429 = ORIENTED_EDGE('',*,*,#2033,.T.);
#3430 = ORIENTED_EDGE('',*,*,#3387,.F.);
#3431 = ORIENTED_EDGE('',*,*,#975,.F.);
#3432 = CYLINDRICAL_SURFACE('',#3433,9.499999999996);
#3433 = AXIS2_PLACEMENT_3D('',#3434,#3435,#3436);
#3434 = CARTESIAN_POINT('',(-9.21263065834E-13,-3.489653011002E-12,0.));
#3435 = DIRECTION('',(-0.,-0.,-1.));
#3436 = DIRECTION('',(-0.299201453772,-0.954189965395,0.));
#3437 = ADVANCED_FACE('',(#3438),#3449,.F.);
#3438 = FACE_BOUND('',#3439,.F.);
#3439 = EDGE_LOOP('',(#3440,#3441,#3442,#3448));
#3440 = ORIENTED_EDGE('',*,*,#3406,.T.);
#3441 = ORIENTED_EDGE('',*,*,#1540,.T.);
#3442 = ORIENTED_EDGE('',*,*,#3443,.F.);
#3443 = EDGE_CURVE('',#483,#1541,#3444,.T.);
#3444 = LINE('',#3445,#3446);
#3445 = CARTESIAN_POINT('',(0.619513117423,13.989027054105,0.));
#3446 = VECTOR('',#3447,1.);
#3447 = DIRECTION('',(0.,0.,1.));
#3448 = ORIENTED_EDGE('',*,*,#482,.F.);
#3449 = SURFACE_OF_LINEAR_EXTRUSION('',#3450,#3455);
#3450 = B_SPLINE_CURVE_WITH_KNOTS('',3,(#3451,#3452,#3453,#3454),
  .UNSPECIFIED.,.F.,.F.,(4,4),(0.,1.),.PIECEWISE_BEZIER_KNOTS.);
#3451 = CARTESIAN_POINT('',(1.557672797214,11.936923974571,0.));
#3452 = CARTESIAN_POINT('',(1.441619516014,12.433826884147,0.));
#3453 = CARTESIAN_POINT('',(1.18392049433,13.141380162824,0.));
#3454 = CARTESIAN_POINT('',(0.619513117423,13.989027054105,0.));
#3455 = VECTOR('',#3456,1.);
#3456 = DIRECTION('',(-0.,-0.,-1.));
#3457 = ADVANCED_FACE('',(#3458),#3469,.F.);
#3458 = FACE_BOUND('',#3459,.F.);
#3459 = EDGE_LOOP('',(#3460,#3466,#3467,#3468));
#3460 = ORIENTED_EDGE('',*,*,#3461,.T.);
#3461 = EDGE_CURVE('',#959,#2017,#3462,.T.);
#3462 = LINE('',#3463,#3464);
#3463 = CARTESIAN_POINT('',(-3.784622441366,-9.536468579947,0.));
#3464 = VECTOR('',#3465,1.);
#3465 = DIRECTION('',(0.,0.,1.));
#3466 = ORIENTED_EDGE('',*,*,#2024,.T.);
#3467 = ORIENTED_EDGE('',*,*,#3424,.F.);
#3468 = ORIENTED_EDGE('',*,*,#966,.F.);
#3469 = CYLINDRICAL_SURFACE('',#3470,0.76);
#3470 = AXIS2_PLACEMENT_3D('',#3471,#3472,#3473);
#3471 = CARTESIAN_POINT('',(-3.068318483092,-9.790454090086,0.));
#3472 = DIRECTION('',(0.,0.,-1.));
#3473 = DIRECTION('',(-0.942505208255,0.33419146071,0.));
#3474 = ADVANCED_FACE('',(#3475),#3486,.T.);
#3475 = FACE_BOUND('',#3476,.F.);
#3476 = EDGE_LOOP('',(#3477,#3478,#3479,#3485));
#3477 = ORIENTED_EDGE('',*,*,#3443,.T.);
#3478 = ORIENTED_EDGE('',*,*,#1549,.T.);
#3479 = ORIENTED_EDGE('',*,*,#3480,.F.);
#3480 = EDGE_CURVE('',#492,#1550,#3481,.T.);
#3481 = LINE('',#3482,#3483);
#3482 = CARTESIAN_POINT('',(-0.620694803698,13.986233873372,0.));
#3483 = VECTOR('',#3484,1.);
#3484 = DIRECTION('',(0.,0.,1.));
#3485 = ORIENTED_EDGE('',*,*,#491,.F.);
#3486 = CYLINDRICAL_SURFACE('',#3487,14.000000000002);
#3487 = AXIS2_PLACEMENT_3D('',#3488,#3489,#3490);
#3488 = CARTESIAN_POINT('',(3.090875644007E-02,1.405923037086E-03,0.));
#3489 = DIRECTION('',(0.,0.,-1.));
#3490 = DIRECTION('',(4.20431686416E-02,0.999115795076,0.));
#3491 = ADVANCED_FACE('',(#3492),#3503,.F.);
#3492 = FACE_BOUND('',#3493,.F.);
#3493 = EDGE_LOOP('',(#3494,#3500,#3501,#3502));
#3494 = ORIENTED_EDGE('',*,*,#3495,.T.);
#3495 = EDGE_CURVE('',#950,#2008,#3496,.T.);
#3496 = LINE('',#3497,#3498);
#3497 = CARTESIAN_POINT('',(-4.172795331113,-10.51015097082,0.));
#3498 = VECTOR('',#3499,1.);
#3499 = DIRECTION('',(0.,0.,1.));
#3500 = ORIENTED_EDGE('',*,*,#2016,.T.);
#3501 = ORIENTED_EDGE('',*,*,#3461,.F.);
#3502 = ORIENTED_EDGE('',*,*,#958,.F.);
#3503 = PLANE('',#3504);
#3504 = AXIS2_PLACEMENT_3D('',#3505,#3506,#3507);
#3505 = CARTESIAN_POINT('',(-4.172795331113,-10.51015097082,0.));
#3506 = DIRECTION('',(-0.928903757289,0.370321225012,0.));
#3507 = DIRECTION('',(0.370321225012,0.928903757289,0.));
#3508 = ADVANCED_FACE('',(#3509),#3520,.F.);
#3509 = FACE_BOUND('',#3510,.F.);
#3510 = EDGE_LOOP('',(#3511,#3512,#3513,#3519));
#3511 = ORIENTED_EDGE('',*,*,#3480,.T.);
#3512 = ORIENTED_EDGE('',*,*,#1558,.T.);
#3513 = ORIENTED_EDGE('',*,*,#3514,.F.);
#3514 = EDGE_CURVE('',#501,#1559,#3515,.T.);
#3515 = LINE('',#3516,#3517);
#3516 = CARTESIAN_POINT('',(-1.557672797214,11.936923974571,0.));
#3517 = VECTOR('',#3518,1.);
#3518 = DIRECTION('',(0.,0.,1.));
#3519 = ORIENTED_EDGE('',*,*,#500,.F.);
#3520 = SURFACE_OF_LINEAR_EXTRUSION('',#3521,#3526);
#3521 = B_SPLINE_CURVE_WITH_KNOTS('',3,(#3522,#3523,#3524,#3525),
  .UNSPECIFIED.,.F.,.F.,(4,4),(0.,1.),.PIECEWISE_BEZIER_KNOTS.);
#3522 = CARTESIAN_POINT('',(-0.620694803698,13.986233873372,0.));
#3523 = CARTESIAN_POINT('',(-1.18392049433,13.141380162824,0.));
#3524 = CARTESIAN_POINT('',(-1.441619516014,12.433826884147,0.));
#3525 = CARTESIAN_POINT('',(-1.557672797214,11.936923974571,0.));
#3526 = VECTOR('',#3527,1.);
#3527 = DIRECTION('',(-0.,-0.,-1.));
#3528 = ADVANCED_FACE('',(#3529),#3540,.F.);
#3529 = FACE_BOUND('',#3530,.F.);
#3530 = EDGE_LOOP('',(#3531,#3537,#3538,#3539));
#3531 = ORIENTED_EDGE('',*,*,#3532,.T.);
#3532 = EDGE_CURVE('',#941,#1999,#3533,.T.);
#3533 = LINE('',#3534,#3535);
#3534 = CARTESIAN_POINT('',(-4.619477774114,-11.11651580363,0.));
#3535 = VECTOR('',#3536,1.);
#3536 = DIRECTION('',(0.,0.,1.));
#3537 = ORIENTED_EDGE('',*,*,#2007,.T.);
#3538 = ORIENTED_EDGE('',*,*,#3495,.F.);
#3539 = ORIENTED_EDGE('',*,*,#949,.F.);
#3540 = SURFACE_OF_LINEAR_EXTRUSION('',#3541,#3546);
#3541 = B_SPLINE_CURVE_WITH_KNOTS('',3,(#3542,#3543,#3544,#3545),
  .UNSPECIFIED.,.F.,.F.,(4,4),(0.,1.),.PIECEWISE_BEZIER_KNOTS.);
#3542 = CARTESIAN_POINT('',(-4.619477774114,-11.11651580363,0.));
#3543 = CARTESIAN_POINT('',(-4.328440875474,-10.80251779913,0.));
#3544 = CARTESIAN_POINT('',(-4.209048925202,-10.58472223129,0.));
#3545 = CARTESIAN_POINT('',(-4.172795331113,-10.51015097082,0.));
#3546 = VECTOR('',#3547,1.);
#3547 = DIRECTION('',(-0.,-0.,-1.));
#3548 = ADVANCED_FACE('',(#3549),#3560,.F.);
#3549 = FACE_BOUND('',#3550,.F.);
#3550 = EDGE_LOOP('',(#3551,#3552,#3553,#3559));
#3551 = ORIENTED_EDGE('',*,*,#3514,.T.);
#3552 = ORIENTED_EDGE('',*,*,#1567,.T.);
#3553 = ORIENTED_EDGE('',*,*,#3554,.F.);
#3554 = EDGE_CURVE('',#510,#1568,#3555,.T.);
#3555 = LINE('',#3556,#3557);
#3556 = CARTESIAN_POINT('',(-1.641328723877,11.188455403903,0.));
#3557 = VECTOR('',#3558,1.);
#3558 = DIRECTION('',(0.,0.,1.));
#3559 = ORIENTED_EDGE('',*,*,#509,.F.);
#3560 = SURFACE_OF_LINEAR_EXTRUSION('',#3561,#3566);
#3561 = B_SPLINE_CURVE_WITH_KNOTS('',3,(#3562,#3563,#3564,#3565),
  .UNSPECIFIED.,.F.,.F.,(4,4),(0.,1.),.PIECEWISE_BEZIER_KNOTS.);
#3562 = CARTESIAN_POINT('',(-1.557672797214,11.936923974571,0.));
#3563 = CARTESIAN_POINT('',(-1.652719142625,11.519475276617,0.));
#3564 = CARTESIAN_POINT('',(-1.64721782065,11.271162806903,0.));
#3565 = CARTESIAN_POINT('',(-1.641328723877,11.188455403903,0.));
#3566 = VECTOR('',#3567,1.);
#3567 = DIRECTION('',(-0.,-0.,-1.));
#3568 = ADVANCED_FACE('',(#3569),#3580,.F.);
#3569 = FACE_BOUND('',#3570,.F.);
#3570 = EDGE_LOOP('',(#3571,#3577,#3578,#3579));
#3571 = ORIENTED_EDGE('',*,*,#3572,.T.);
#3572 = EDGE_CURVE('',#932,#1990,#3573,.T.);
#3573 = LINE('',#3574,#3575);
#3574 = CARTESIAN_POINT('',(-6.455579468687,-12.42278123946,0.));
#3575 = VECTOR('',#3576,1.);
#3576 = DIRECTION('',(0.,0.,1.));
#3577 = ORIENTED_EDGE('',*,*,#1998,.T.);
#3578 = ORIENTED_EDGE('',*,*,#3532,.F.);
#3579 = ORIENTED_EDGE('',*,*,#940,.F.);
#3580 = SURFACE_OF_LINEAR_EXTRUSION('',#3581,#3586);
#3581 = B_SPLINE_CURVE_WITH_KNOTS('',3,(#3582,#3583,#3584,#3585),
  .UNSPECIFIED.,.F.,.F.,(4,4),(0.,1.),.PIECEWISE_BEZIER_KNOTS.);
#3582 = CARTESIAN_POINT('',(-6.455579468687,-12.42278123946,0.));
#3583 = CARTESIAN_POINT('',(-5.545384857262,-11.97272930895,0.));
#3584 = CARTESIAN_POINT('',(-4.968434318614,-11.48881970593,0.));
#3585 = CARTESIAN_POINT('',(-4.619477774114,-11.11651580363,0.));
#3586 = VECTOR('',#3587,1.);
#3587 = DIRECTION('',(-0.,-0.,-1.));
#3588 = ADVANCED_FACE('',(#3589),#3600,.F.);
#3589 = FACE_BOUND('',#3590,.F.);
#3590 = EDGE_LOOP('',(#3591,#3592,#3593,#3599));
#3591 = ORIENTED_EDGE('',*,*,#3554,.T.);
#3592 = ORIENTED_EDGE('',*,*,#1576,.T.);
#3593 = ORIENTED_EDGE('',*,*,#3594,.F.);
#3594 = EDGE_CURVE('',#519,#1577,#3595,.T.);
#3595 = LINE('',#3596,#3597);
#3596 = CARTESIAN_POINT('',(-1.490655112017,10.151135273309,0.));
#3597 = VECTOR('',#3598,1.);
#3598 = DIRECTION('',(0.,0.,1.));
#3599 = ORIENTED_EDGE('',*,*,#518,.F.);
#3600 = PLANE('',#3601);
#3601 = AXIS2_PLACEMENT_3D('',#3602,#3603,#3604);
#3602 = CARTESIAN_POINT('',(-1.641328723877,11.188455403903,0.));
#3603 = DIRECTION('',(0.989614863989,0.143744290224,0.));
#3604 = DIRECTION('',(0.143744290224,-0.989614863989,0.));
#3605 = ADVANCED_FACE('',(#3606),#3617,.T.);
#3606 = FACE_BOUND('',#3607,.F.);
#3607 = EDGE_LOOP('',(#3608,#3614,#3615,#3616));
#3608 = ORIENTED_EDGE('',*,*,#3609,.T.);
#3609 = EDGE_CURVE('',#923,#1981,#3610,.T.);
#3610 = LINE('',#3611,#3612);
#3611 = CARTESIAN_POINT('',(-7.531027624718,-11.80509624437,0.));
#3612 = VECTOR('',#3613,1.);
#3613 = DIRECTION('',(0.,0.,1.));
#3614 = ORIENTED_EDGE('',*,*,#1989,.T.);
#3615 = ORIENTED_EDGE('',*,*,#3572,.F.);
#3616 = ORIENTED_EDGE('',*,*,#931,.F.);
#3617 = CYLINDRICAL_SURFACE('',#3618,14.000000000002);
#3618 = AXIS2_PLACEMENT_3D('',#3619,#3620,#3621);
#3619 = CARTESIAN_POINT('',(-2.747072979515E-02,1.423681315393E-02,0.));
#3620 = DIRECTION('',(-0.,-0.,-1.));
#3621 = DIRECTION('',(-0.535968349637,-0.844238075537,0.));
#3622 = ADVANCED_FACE('',(#3623),#3634,.F.);
#3623 = FACE_BOUND('',#3624,.F.);
#3624 = EDGE_LOOP('',(#3625,#3626,#3627,#3633));
#3625 = ORIENTED_EDGE('',*,*,#3594,.T.);
#3626 = ORIENTED_EDGE('',*,*,#1584,.T.);
#3627 = ORIENTED_EDGE('',*,*,#3628,.F.);
#3628 = EDGE_CURVE('',#527,#1585,#3629,.T.);
#3629 = LINE('',#3630,#3631);
#3630 = CARTESIAN_POINT('',(-2.070799767374,9.271558031067,0.));
#3631 = VECTOR('',#3632,1.);
#3632 = DIRECTION('',(0.,0.,1.));
#3633 = ORIENTED_EDGE('',*,*,#526,.F.);
#3634 = CYLINDRICAL_SURFACE('',#3635,0.76);
#3635 = AXIS2_PLACEMENT_3D('',#3636,#3637,#3638);
#3636 = CARTESIAN_POINT('',(-2.237985291784,10.012941198146,0.));
#3637 = DIRECTION('',(0.,0.,-1.));
#3638 = DIRECTION('',(0.983329183903,0.181834309425,0.));
#3639 = ADVANCED_FACE('',(#3640),#3651,.F.);
#3640 = FACE_BOUND('',#3641,.F.);
#3641 = EDGE_LOOP('',(#3642,#3648,#3649,#3650));
#3642 = ORIENTED_EDGE('',*,*,#3643,.T.);
#3643 = EDGE_CURVE('',#914,#1972,#3644,.T.);
#3644 = LINE('',#3645,#3646);
#3645 = CARTESIAN_POINT('',(-7.317446200457,-9.558843006415,0.));
#3646 = VECTOR('',#3647,1.);
#3647 = DIRECTION('',(0.,0.,1.));
#3648 = ORIENTED_EDGE('',*,*,#1980,.T.);
#3649 = ORIENTED_EDGE('',*,*,#3609,.F.);
#3650 = ORIENTED_EDGE('',*,*,#922,.F.);
#3651 = SURFACE_OF_LINEAR_EXTRUSION('',#3652,#3657);
#3652 = B_SPLINE_CURVE_WITH_KNOTS('',3,(#3653,#3654,#3655,#3656),
  .UNSPECIFIED.,.F.,.F.,(4,4),(0.,1.),.PIECEWISE_BEZIER_KNOTS.);
#3653 = CARTESIAN_POINT('',(-7.317446200457,-9.558843006415,0.));
#3654 = CARTESIAN_POINT('',(-7.465392565533,-10.04720018992,0.));
#3655 = CARTESIAN_POINT('',(-7.595995305562,-10.78880881463,0.));
#3656 = CARTESIAN_POINT('',(-7.531027624718,-11.80509624437,0.));
#3657 = VECTOR('',#3658,1.);
#3658 = DIRECTION('',(-0.,-0.,-1.));
#3659 = ADVANCED_FACE('',(#3660),#3671,.T.);
#3660 = FACE_BOUND('',#3661,.F.);
#3661 = EDGE_LOOP('',(#3662,#3663,#3664,#3670));
#3662 = ORIENTED_EDGE('',*,*,#3628,.T.);
#3663 = ORIENTED_EDGE('',*,*,#1593,.T.);
#3664 = ORIENTED_EDGE('',*,*,#3665,.F.);
#3665 = EDGE_CURVE('',#536,#1594,#3666,.T.);
#3666 = LINE('',#3667,#3668);
#3667 = CARTESIAN_POINT('',(-2.842413810836,9.064804671253,0.));
#3668 = VECTOR('',#3669,1.);
#3669 = DIRECTION('',(0.,0.,1.));
#3670 = ORIENTED_EDGE('',*,*,#535,.F.);
#3671 = CYLINDRICAL_SURFACE('',#3672,9.500000000002);
#3672 = AXIS2_PLACEMENT_3D('',#3673,#3674,#3675);
#3673 = CARTESIAN_POINT('',(3.899103262484E-13,-1.464606214086E-12,0.));
#3674 = DIRECTION('',(-0.,-0.,-1.));
#3675 = DIRECTION('',(-0.217978922882,0.975953476954,0.));
#3676 = ADVANCED_FACE('',(#3677),#3688,.F.);
#3677 = FACE_BOUND('',#3678,.F.);
#3678 = EDGE_LOOP('',(#3679,#3685,#3686,#3687));
#3679 = ORIENTED_EDGE('',*,*,#3680,.T.);
#3680 = EDGE_CURVE('',#906,#1964,#3681,.T.);
#3681 = LINE('',#3682,#3683);
#3682 = CARTESIAN_POINT('',(-7.01566007279,-8.868822246951,0.));
#3683 = VECTOR('',#3684,1.);
#3684 = DIRECTION('',(0.,0.,1.));
#3685 = ORIENTED_EDGE('',*,*,#1971,.T.);
#3686 = ORIENTED_EDGE('',*,*,#3643,.F.);
#3687 = ORIENTED_EDGE('',*,*,#913,.F.);
#3688 = SURFACE_OF_LINEAR_EXTRUSION('',#3689,#3694);
#3689 = B_SPLINE_CURVE_WITH_KNOTS('',3,(#3690,#3691,#3692,#3693),
  .UNSPECIFIED.,.F.,.F.,(4,4),(0.,1.),.PIECEWISE_BEZIER_KNOTS.);
#3690 = CARTESIAN_POINT('',(-7.01566007279,-8.868822246951,0.));
#3691 = CARTESIAN_POINT('',(-7.062113881701,-8.937504410644,0.));
#3692 = CARTESIAN_POINT('',(-7.191034401143,-9.149798656505,0.));
#3693 = CARTESIAN_POINT('',(-7.317446200457,-9.558843006415,0.));
#3694 = VECTOR('',#3695,1.);
#3695 = DIRECTION('',(-0.,-0.,-1.));
#3696 = ADVANCED_FACE('',(#3697),#3708,.F.);
#3697 = FACE_BOUND('',#3698,.F.);
#3698 = EDGE_LOOP('',(#3699,#3700,#3701,#3707));
#3699 = ORIENTED_EDGE('',*,*,#3665,.T.);
#3700 = ORIENTED_EDGE('',*,*,#1602,.T.);
#3701 = ORIENTED_EDGE('',*,*,#3702,.F.);
#3702 = EDGE_CURVE('',#545,#1603,#3703,.T.);
#3703 = LINE('',#3704,#3705);
#3704 = CARTESIAN_POINT('',(-3.784622441366,9.536468579947,0.));
#3705 = VECTOR('',#3706,1.);
#3706 = DIRECTION('',(0.,0.,1.));
#3707 = ORIENTED_EDGE('',*,*,#544,.F.);
#3708 = CYLINDRICAL_SURFACE('',#3709,0.76);
#3709 = AXIS2_PLACEMENT_3D('',#3710,#3711,#3712);
#3710 = CARTESIAN_POINT('',(-3.068318483092,9.790454090086,0.));
#3711 = DIRECTION('',(0.,0.,-1.));
#3712 = DIRECTION('',(0.29724298981,-0.954801866886,0.));
#3713 = ADVANCED_FACE('',(#3714),#3725,.F.);
#3714 = FACE_BOUND('',#3715,.F.);
#3715 = EDGE_LOOP('',(#3716,#3722,#3723,#3724));
#3716 = ORIENTED_EDGE('',*,*,#3717,.T.);
#3717 = EDGE_CURVE('',#897,#1955,#3718,.T.);
#3718 = LINE('',#3719,#3720);
#3719 = CARTESIAN_POINT('',(-6.366512831943,-8.045813467929,0.));
#3720 = VECTOR('',#3721,1.);
#3721 = DIRECTION('',(0.,0.,1.));
#3722 = ORIENTED_EDGE('',*,*,#1963,.T.);
#3723 = ORIENTED_EDGE('',*,*,#3680,.F.);
#3724 = ORIENTED_EDGE('',*,*,#905,.F.);
#3725 = PLANE('',#3726);
#3726 = AXIS2_PLACEMENT_3D('',#3727,#3728,#3729);
#3727 = CARTESIAN_POINT('',(-6.366512831943,-8.045813467929,0.));
#3728 = DIRECTION('',(0.785159467065,-0.619293638977,0.));
#3729 = DIRECTION('',(-0.619293638977,-0.785159467065,0.));
#3730 = ADVANCED_FACE('',(#3731),#3742,.F.);
#3731 = FACE_BOUND('',#3732,.F.);
#3732 = EDGE_LOOP('',(#3733,#3734,#3735,#3741));
#3733 = ORIENTED_EDGE('',*,*,#3702,.T.);
#3734 = ORIENTED_EDGE('',*,*,#1611,.T.);
#3735 = ORIENTED_EDGE('',*,*,#3736,.F.);
#3736 = EDGE_CURVE('',#554,#1612,#3737,.T.);
#3737 = LINE('',#3738,#3739);
#3738 = CARTESIAN_POINT('',(-4.172795331113,10.510150970828,0.));
#3739 = VECTOR('',#3740,1.);
#3740 = DIRECTION('',(0.,0.,1.));
#3741 = ORIENTED_EDGE('',*,*,#553,.F.);
#3742 = PLANE('',#3743);
#3743 = AXIS2_PLACEMENT_3D('',#3744,#3745,#3746);
#3744 = CARTESIAN_POINT('',(-3.784622441366,9.536468579947,0.));
#3745 = DIRECTION('',(-0.928903757289,-0.370321225012,0.));
#3746 = DIRECTION('',(-0.370321225012,0.928903757289,0.));
#3747 = ADVANCED_FACE('',(#3748),#3759,.F.);
#3748 = FACE_BOUND('',#3749,.F.);
#3749 = EDGE_LOOP('',(#3750,#3756,#3757,#3758));
#3750 = ORIENTED_EDGE('',*,*,#3751,.T.);
#3751 = EDGE_CURVE('',#888,#1946,#3752,.T.);
#3752 = LINE('',#3753,#3754);
#3753 = CARTESIAN_POINT('',(-6.429144220231,-6.994004903878,0.));
#3754 = VECTOR('',#3755,1.);
#3755 = DIRECTION('',(0.,0.,1.));
#3756 = ORIENTED_EDGE('',*,*,#1954,.T.);
#3757 = ORIENTED_EDGE('',*,*,#3717,.F.);
#3758 = ORIENTED_EDGE('',*,*,#896,.F.);
#3759 = CYLINDRICAL_SURFACE('',#3760,0.76);
#3760 = AXIS2_PLACEMENT_3D('',#3761,#3762,#3763);
#3761 = CARTESIAN_POINT('',(-6.944622715054,-7.552468798302,0.));
#3762 = DIRECTION('',(0.,0.,-1.));
#3763 = DIRECTION('',(0.678261177399,0.734820913715,0.));
#3764 = ADVANCED_FACE('',(#3765),#3776,.F.);
#3765 = FACE_BOUND('',#3766,.F.);
#3766 = EDGE_LOOP('',(#3767,#3768,#3769,#3775));
#3767 = ORIENTED_EDGE('',*,*,#3736,.T.);
#3768 = ORIENTED_EDGE('',*,*,#1619,.T.);
#3769 = ORIENTED_EDGE('',*,*,#3770,.F.);
#3770 = EDGE_CURVE('',#562,#1620,#3771,.T.);
#3771 = LINE('',#3772,#3773);
#3772 = CARTESIAN_POINT('',(-4.619477774114,11.11651580363,0.));
#3773 = VECTOR('',#3774,1.);
#3774 = DIRECTION('',(0.,0.,1.));
#3775 = ORIENTED_EDGE('',*,*,#561,.F.);
#3776 = SURFACE_OF_LINEAR_EXTRUSION('',#3777,#3782);
#3777 = B_SPLINE_CURVE_WITH_KNOTS('',3,(#3778,#3779,#3780,#3781),
  .UNSPECIFIED.,.F.,.F.,(4,4),(0.,1.),.PIECEWISE_BEZIER_KNOTS.);
#3778 = CARTESIAN_POINT('',(-4.172795331113,10.510150970828,0.));
#3779 = CARTESIAN_POINT('',(-4.209048925202,10.584722231294,0.));
#3780 = CARTESIAN_POINT('',(-4.328440875474,10.80251779913,0.));
#3781 = CARTESIAN_POINT('',(-4.619477774114,11.11651580363,0.));
#3782 = VECTOR('',#3783,1.);
#3783 = DIRECTION('',(-0.,-0.,-1.));
#3784 = ADVANCED_FACE('',(#3785),#3796,.T.);
#3785 = FACE_BOUND('',#3786,.F.);
#3786 = EDGE_LOOP('',(#3787,#3793,#3794,#3795));
#3787 = ORIENTED_EDGE('',*,*,#3788,.T.);
#3788 = EDGE_CURVE('',#879,#1937,#3789,.T.);
#3789 = LINE('',#3790,#3791);
#3790 = CARTESIAN_POINT('',(-6.994004903878,-6.429144220231,0.));
#3791 = VECTOR('',#3792,1.);
#3792 = DIRECTION('',(0.,0.,1.));
#3793 = ORIENTED_EDGE('',*,*,#1945,.T.);
#3794 = ORIENTED_EDGE('',*,*,#3751,.F.);
#3795 = ORIENTED_EDGE('',*,*,#887,.F.);
#3796 = CYLINDRICAL_SURFACE('',#3797,9.500000000002);
#3797 = AXIS2_PLACEMENT_3D('',#3798,#3799,#3800);
#3798 = CARTESIAN_POINT('',(1.187050457929E-12,1.192379528447E-12,0.));
#3799 = DIRECTION('',(-0.,-0.,-1.));
#3800 = DIRECTION('',(-0.736211042514,-0.676752023182,0.));
#3801 = ADVANCED_FACE('',(#3802),#3813,.F.);
#3802 = FACE_BOUND('',#3803,.F.);
#3803 = EDGE_LOOP('',(#3804,#3805,#3806,#3812));
#3804 = ORIENTED_EDGE('',*,*,#3770,.T.);
#3805 = ORIENTED_EDGE('',*,*,#1628,.T.);
#3806 = ORIENTED_EDGE('',*,*,#3807,.F.);
#3807 = EDGE_CURVE('',#571,#1629,#3808,.T.);
#3808 = LINE('',#3809,#3810);
#3809 = CARTESIAN_POINT('',(-6.457999429387,12.424609361794,0.));
#3810 = VECTOR('',#3811,1.);
#3811 = DIRECTION('',(0.,0.,1.));
#3812 = ORIENTED_EDGE('',*,*,#570,.F.);
#3813 = SURFACE_OF_LINEAR_EXTRUSION('',#3814,#3819);
#3814 = B_SPLINE_CURVE_WITH_KNOTS('',3,(#3815,#3816,#3817,#3818),
  .UNSPECIFIED.,.F.,.F.,(4,4),(0.,1.),.PIECEWISE_BEZIER_KNOTS.);
#3815 = CARTESIAN_POINT('',(-4.619477774114,11.11651580363,0.));
#3816 = CARTESIAN_POINT('',(-4.968434318614,11.488819705936,0.));
#3817 = CARTESIAN_POINT('',(-5.545384857262,11.972729308959,0.));
#3818 = CARTESIAN_POINT('',(-6.457999429387,12.424609361794,0.));
#3819 = VECTOR('',#3820,1.);
#3820 = DIRECTION('',(-0.,-0.,-1.));
#3821 = ADVANCED_FACE('',(#3822),#3833,.F.);
#3822 = FACE_BOUND('',#3823,.F.);
#3823 = EDGE_LOOP('',(#3824,#3830,#3831,#3832));
#3824 = ORIENTED_EDGE('',*,*,#3825,.T.);
#3825 = EDGE_CURVE('',#871,#1929,#3826,.T.);
#3826 = LINE('',#3827,#3828);
#3827 = CARTESIAN_POINT('',(-8.045813467929,-6.366512831943,0.));
#3828 = VECTOR('',#3829,1.);
#3829 = DIRECTION('',(0.,0.,1.));
#3830 = ORIENTED_EDGE('',*,*,#1936,.T.);
#3831 = ORIENTED_EDGE('',*,*,#3788,.F.);
#3832 = ORIENTED_EDGE('',*,*,#878,.F.);
#3833 = CYLINDRICAL_SURFACE('',#3834,0.76);
#3834 = AXIS2_PLACEMENT_3D('',#3835,#3836,#3837);
#3835 = CARTESIAN_POINT('',(-7.552468798302,-6.944622715054,0.));
#3836 = DIRECTION('',(0.,0.,-1.));
#3837 = DIRECTION('',(-0.649137723193,0.76067089883,0.));
#3838 = ADVANCED_FACE('',(#3839),#3850,.T.);
#3839 = FACE_BOUND('',#3840,.F.);
#3840 = EDGE_LOOP('',(#3841,#3842,#3843,#3849));
#3841 = ORIENTED_EDGE('',*,*,#3807,.T.);
#3842 = ORIENTED_EDGE('',*,*,#1637,.T.);
#3843 = ORIENTED_EDGE('',*,*,#3844,.F.);
#3844 = EDGE_CURVE('',#580,#1638,#3845,.T.);
#3845 = LINE('',#3846,#3847);
#3846 = CARTESIAN_POINT('',(-7.530654404686,11.802086435762,0.));
#3847 = VECTOR('',#3848,1.);
#3848 = DIRECTION('',(0.,0.,1.));
#3849 = ORIENTED_EDGE('',*,*,#579,.F.);
#3850 = CYLINDRICAL_SURFACE('',#3851,14.000000000002);
#3851 = AXIS2_PLACEMENT_3D('',#3852,#3853,#3854);
#3852 = CARTESIAN_POINT('',(2.606480675778E-02,1.667194328625E-02,0.));
#3853 = DIRECTION('',(-0.,-0.,-1.));
#3854 = DIRECTION('',(-0.463147445439,0.886281244179,0.));
#3855 = ADVANCED_FACE('',(#3856),#3867,.F.);
#3856 = FACE_BOUND('',#3857,.F.);
#3857 = EDGE_LOOP('',(#3858,#3864,#3865,#3866));
#3858 = ORIENTED_EDGE('',*,*,#3859,.T.);
#3859 = EDGE_CURVE('',#862,#1920,#3860,.T.);
#3860 = LINE('',#3861,#3862);
#3861 = CARTESIAN_POINT('',(-8.868822246951,-7.01566007279,0.));
#3862 = VECTOR('',#3863,1.);
#3863 = DIRECTION('',(0.,0.,1.));
#3864 = ORIENTED_EDGE('',*,*,#1928,.T.);
#3865 = ORIENTED_EDGE('',*,*,#3825,.F.);
#3866 = ORIENTED_EDGE('',*,*,#870,.F.);
#3867 = PLANE('',#3868);
#3868 = AXIS2_PLACEMENT_3D('',#3869,#3870,#3871);
#3869 = CARTESIAN_POINT('',(-8.868822246951,-7.01566007279,0.));
#3870 = DIRECTION('',(-0.619293638977,0.785159467065,0.));
#3871 = DIRECTION('',(0.785159467065,0.619293638977,0.));
#3872 = ADVANCED_FACE('',(#3873),#3884,.F.);
#3873 = FACE_BOUND('',#3874,.F.);
#3874 = EDGE_LOOP('',(#3875,#3876,#3877,#3883));
#3875 = ORIENTED_EDGE('',*,*,#3844,.T.);
#3876 = ORIENTED_EDGE('',*,*,#1646,.T.);
#3877 = ORIENTED_EDGE('',*,*,#3878,.F.);
#3878 = EDGE_CURVE('',#589,#1647,#3879,.T.);
#3879 = LINE('',#3880,#3881);
#3880 = CARTESIAN_POINT('',(-7.317446200457,9.558843006415,0.));
#3881 = VECTOR('',#3882,1.);
#3882 = DIRECTION('',(0.,0.,1.));
#3883 = ORIENTED_EDGE('',*,*,#588,.F.);
#3884 = SURFACE_OF_LINEAR_EXTRUSION('',#3885,#3890);
#3885 = B_SPLINE_CURVE_WITH_KNOTS('',3,(#3886,#3887,#3888,#3889),
  .UNSPECIFIED.,.F.,.F.,(4,4),(0.,1.),.PIECEWISE_BEZIER_KNOTS.);
#3886 = CARTESIAN_POINT('',(-7.530654404686,11.802086435762,0.));
#3887 = CARTESIAN_POINT('',(-7.595995305562,10.78880881463,0.));
#3888 = CARTESIAN_POINT('',(-7.465392565533,10.047200189923,0.));
#3889 = CARTESIAN_POINT('',(-7.317446200457,9.558843006415,0.));
#3890 = VECTOR('',#3891,1.);
#3891 = DIRECTION('',(-0.,-0.,-1.));
#3892 = ADVANCED_FACE('',(#3893),#3904,.F.);
#3893 = FACE_BOUND('',#3894,.F.);
#3894 = EDGE_LOOP('',(#3895,#3901,#3902,#3903));
#3895 = ORIENTED_EDGE('',*,*,#3896,.T.);
#3896 = EDGE_CURVE('',#853,#1911,#3897,.T.);
#3897 = LINE('',#3898,#3899);
#3898 = CARTESIAN_POINT('',(-9.558843006415,-7.317446200457,0.));
#3899 = VECTOR('',#3900,1.);
#3900 = DIRECTION('',(0.,0.,1.));
#3901 = ORIENTED_EDGE('',*,*,#1919,.T.);
#3902 = ORIENTED_EDGE('',*,*,#3859,.F.);
#3903 = ORIENTED_EDGE('',*,*,#861,.F.);
#3904 = SURFACE_OF_LINEAR_EXTRUSION('',#3905,#3910);
#3905 = B_SPLINE_CURVE_WITH_KNOTS('',3,(#3906,#3907,#3908,#3909),
  .UNSPECIFIED.,.F.,.F.,(4,4),(0.,1.),.PIECEWISE_BEZIER_KNOTS.);
#3906 = CARTESIAN_POINT('',(-9.558843006415,-7.317446200457,0.));
#3907 = CARTESIAN_POINT('',(-9.149798656505,-7.191034401143,0.));
#3908 = CARTESIAN_POINT('',(-8.937504410644,-7.062113881701,0.));
#3909 = CARTESIAN_POINT('',(-8.868822246951,-7.01566007279,0.));
#3910 = VECTOR('',#3911,1.);
#3911 = DIRECTION('',(-0.,-0.,-1.));
#3912 = ADVANCED_FACE('',(#3913),#3924,.F.);
#3913 = FACE_BOUND('',#3914,.F.);
#3914 = EDGE_LOOP('',(#3915,#3916,#3917,#3923));
#3915 = ORIENTED_EDGE('',*,*,#3878,.T.);
#3916 = ORIENTED_EDGE('',*,*,#1655,.T.);
#3917 = ORIENTED_EDGE('',*,*,#3918,.F.);
#3918 = EDGE_CURVE('',#598,#1656,#3919,.T.);
#3919 = LINE('',#3920,#3921);
#3920 = CARTESIAN_POINT('',(-7.01566007279,8.868822246951,0.));
#3921 = VECTOR('',#3922,1.);
#3922 = DIRECTION('',(0.,0.,1.));
#3923 = ORIENTED_EDGE('',*,*,#597,.F.);
#3924 = SURFACE_OF_LINEAR_EXTRUSION('',#3925,#3930);
#3925 = B_SPLINE_CURVE_WITH_KNOTS('',3,(#3926,#3927,#3928,#3929),
  .UNSPECIFIED.,.F.,.F.,(4,4),(0.,1.),.PIECEWISE_BEZIER_KNOTS.);
#3926 = CARTESIAN_POINT('',(-7.317446200457,9.558843006415,0.));
#3927 = CARTESIAN_POINT('',(-7.191034401143,9.149798656505,0.));
#3928 = CARTESIAN_POINT('',(-7.062113881701,8.937504410644,0.));
#3929 = CARTESIAN_POINT('',(-7.01566007279,8.868822246951,0.));
#3930 = VECTOR('',#3931,1.);
#3931 = DIRECTION('',(-0.,-0.,-1.));
#3932 = ADVANCED_FACE('',(#3933),#3944,.F.);
#3933 = FACE_BOUND('',#3934,.F.);
#3934 = EDGE_LOOP('',(#3935,#3941,#3942,#3943));
#3935 = ORIENTED_EDGE('',*,*,#3936,.T.);
#3936 = EDGE_CURVE('',#844,#1902,#3937,.T.);
#3937 = LINE('',#3938,#3939);
#3938 = CARTESIAN_POINT('',(-11.80208643576,-7.530654404686,0.));
#3939 = VECTOR('',#3940,1.);
#3940 = DIRECTION('',(0.,0.,1.));
#3941 = ORIENTED_EDGE('',*,*,#1910,.T.);
#3942 = ORIENTED_EDGE('',*,*,#3896,.F.);
#3943 = ORIENTED_EDGE('',*,*,#852,.F.);
#3944 = SURFACE_OF_LINEAR_EXTRUSION('',#3945,#3950);
#3945 = B_SPLINE_CURVE_WITH_KNOTS('',3,(#3946,#3947,#3948,#3949),
  .UNSPECIFIED.,.F.,.F.,(4,4),(0.,1.),.PIECEWISE_BEZIER_KNOTS.);
#3946 = CARTESIAN_POINT('',(-11.80208643576,-7.530654404686,0.));
#3947 = CARTESIAN_POINT('',(-10.78880881463,-7.595995305562,0.));
#3948 = CARTESIAN_POINT('',(-10.04720018992,-7.465392565533,0.));
#3949 = CARTESIAN_POINT('',(-9.558843006415,-7.317446200457,0.));
#3950 = VECTOR('',#3951,1.);
#3951 = DIRECTION('',(-0.,-0.,-1.));
#3952 = ADVANCED_FACE('',(#3953),#3964,.F.);
#3953 = FACE_BOUND('',#3954,.F.);
#3954 = EDGE_LOOP('',(#3955,#3956,#3957,#3963));
#3955 = ORIENTED_EDGE('',*,*,#3918,.T.);
#3956 = ORIENTED_EDGE('',*,*,#1664,.T.);
#3957 = ORIENTED_EDGE('',*,*,#3958,.F.);
#3958 = EDGE_CURVE('',#607,#1665,#3959,.T.);
#3959 = LINE('',#3960,#3961);
#3960 = CARTESIAN_POINT('',(-6.366512831943,8.045813467929,0.));
#3961 = VECTOR('',#3962,1.);
#3962 = DIRECTION('',(0.,0.,1.));
#3963 = ORIENTED_EDGE('',*,*,#606,.F.);
#3964 = PLANE('',#3965);
#3965 = AXIS2_PLACEMENT_3D('',#3966,#3967,#3968);
#3966 = CARTESIAN_POINT('',(-7.01566007279,8.868822246951,0.));
#3967 = DIRECTION('',(0.785159467065,0.619293638977,0.));
#3968 = DIRECTION('',(0.619293638977,-0.785159467065,0.));
#3969 = ADVANCED_FACE('',(#3970),#3981,.T.);
#3970 = FACE_BOUND('',#3971,.F.);
#3971 = EDGE_LOOP('',(#3972,#3978,#3979,#3980));
#3972 = ORIENTED_EDGE('',*,*,#3973,.T.);
#3973 = EDGE_CURVE('',#835,#1893,#3974,.T.);
#3974 = LINE('',#3975,#3976);
#3975 = CARTESIAN_POINT('',(-12.42460936179,-6.457999429387,0.));
#3976 = VECTOR('',#3977,1.);
#3977 = DIRECTION('',(0.,0.,1.));
#3978 = ORIENTED_EDGE('',*,*,#1901,.T.);
#3979 = ORIENTED_EDGE('',*,*,#3936,.F.);
#3980 = ORIENTED_EDGE('',*,*,#843,.F.);
#3981 = CYLINDRICAL_SURFACE('',#3982,14.);
#3982 = AXIS2_PLACEMENT_3D('',#3983,#3984,#3985);
#3983 = CARTESIAN_POINT('',(-1.667194328804E-02,2.606480675675E-02,0.));
#3984 = DIRECTION('',(-0.,-0.,-1.));
#3985 = DIRECTION('',(-0.886281244179,-0.463147445439,0.));
#3986 = ADVANCED_FACE('',(#3987),#3998,.F.);
#3987 = FACE_BOUND('',#3988,.F.);
#3988 = EDGE_LOOP('',(#3989,#3990,#3991,#3997));
#3989 = ORIENTED_EDGE('',*,*,#3958,.T.);
#3990 = ORIENTED_EDGE('',*,*,#1672,.T.);
#3991 = ORIENTED_EDGE('',*,*,#3992,.F.);
#3992 = EDGE_CURVE('',#615,#1673,#3993,.T.);
#3993 = LINE('',#3994,#3995);
#3994 = CARTESIAN_POINT('',(-6.429144220231,6.994004903878,0.));
#3995 = VECTOR('',#3996,1.);
#3996 = DIRECTION('',(0.,0.,1.));
#3997 = ORIENTED_EDGE('',*,*,#614,.F.);
#3998 = CYLINDRICAL_SURFACE('',#3999,0.76);
#3999 = AXIS2_PLACEMENT_3D('',#4000,#4001,#4002);
#4000 = CARTESIAN_POINT('',(-6.944622715054,7.552468798302,0.));
#4001 = DIRECTION('',(0.,0.,-1.));
#4002 = DIRECTION('',(0.76067089883,0.649137723193,0.));
#4003 = ADVANCED_FACE('',(#4004),#4015,.F.);
#4004 = FACE_BOUND('',#4005,.F.);
#4005 = EDGE_LOOP('',(#4006,#4012,#4013,#4014));
#4006 = ORIENTED_EDGE('',*,*,#4007,.T.);
#4007 = EDGE_CURVE('',#826,#1884,#4008,.T.);
#4008 = LINE('',#4009,#4010);
#4009 = CARTESIAN_POINT('',(-11.11651580363,-4.619477774114,0.));
#4010 = VECTOR('',#4011,1.);
#4011 = DIRECTION('',(0.,0.,1.));
#4012 = ORIENTED_EDGE('',*,*,#1892,.T.);
#4013 = ORIENTED_EDGE('',*,*,#3973,.F.);
#4014 = ORIENTED_EDGE('',*,*,#834,.F.);
#4015 = SURFACE_OF_LINEAR_EXTRUSION('',#4016,#4021);
#4016 = B_SPLINE_CURVE_WITH_KNOTS('',3,(#4017,#4018,#4019,#4020),
  .UNSPECIFIED.,.F.,.F.,(4,4),(0.,1.),.PIECEWISE_BEZIER_KNOTS.);
#4017 = CARTESIAN_POINT('',(-11.11651580363,-4.619477774114,0.));
#4018 = CARTESIAN_POINT('',(-11.48881970593,-4.968434318614,0.));
#4019 = CARTESIAN_POINT('',(-11.97272930895,-5.545384857262,0.));
#4020 = CARTESIAN_POINT('',(-12.42460936179,-6.457999429387,0.));
#4021 = VECTOR('',#4022,1.);
#4022 = DIRECTION('',(-0.,-0.,-1.));
#4023 = ADVANCED_FACE('',(#4024),#4035,.T.);
#4024 = FACE_BOUND('',#4025,.F.);
#4025 = EDGE_LOOP('',(#4026,#4027,#4028,#4034));
#4026 = ORIENTED_EDGE('',*,*,#3992,.T.);
#4027 = ORIENTED_EDGE('',*,*,#1681,.T.);
#4028 = ORIENTED_EDGE('',*,*,#4029,.F.);
#4029 = EDGE_CURVE('',#624,#1682,#4030,.T.);
#4030 = LINE('',#4031,#4032);
#4031 = CARTESIAN_POINT('',(-6.994004903878,6.429144220231,0.));
#4032 = VECTOR('',#4033,1.);
#4033 = DIRECTION('',(0.,0.,1.));
#4034 = ORIENTED_EDGE('',*,*,#623,.F.);
#4035 = CYLINDRICAL_SURFACE('',#4036,9.500000000001);
#4036 = AXIS2_PLACEMENT_3D('',#4037,#4038,#4039);
#4037 = CARTESIAN_POINT('',(8.242295734817E-13,-8.433254095053E-13,0.));
#4038 = DIRECTION('',(-0.,-0.,-1.));
#4039 = DIRECTION('',(-0.676752023182,0.736211042514,0.));
#4040 = ADVANCED_FACE('',(#4041),#4052,.F.);
#4041 = FACE_BOUND('',#4042,.F.);
#4042 = EDGE_LOOP('',(#4043,#4049,#4050,#4051));
#4043 = ORIENTED_EDGE('',*,*,#4044,.T.);
#4044 = EDGE_CURVE('',#818,#1876,#4045,.T.);
#4045 = LINE('',#4046,#4047);
#4046 = CARTESIAN_POINT('',(-10.51015097082,-4.172795331113,0.));
#4047 = VECTOR('',#4048,1.);
#4048 = DIRECTION('',(0.,0.,1.));
#4049 = ORIENTED_EDGE('',*,*,#1883,.T.);
#4050 = ORIENTED_EDGE('',*,*,#4007,.F.);
#4051 = ORIENTED_EDGE('',*,*,#825,.F.);
#4052 = SURFACE_OF_LINEAR_EXTRUSION('',#4053,#4058);
#4053 = B_SPLINE_CURVE_WITH_KNOTS('',3,(#4054,#4055,#4056,#4057),
  .UNSPECIFIED.,.F.,.F.,(4,4),(0.,1.),.PIECEWISE_BEZIER_KNOTS.);
#4054 = CARTESIAN_POINT('',(-10.51015097082,-4.172795331113,0.));
#4055 = CARTESIAN_POINT('',(-10.58472223129,-4.209048925202,0.));
#4056 = CARTESIAN_POINT('',(-10.80251779913,-4.328440875474,0.));
#4057 = CARTESIAN_POINT('',(-11.11651580363,-4.619477774114,0.));
#4058 = VECTOR('',#4059,1.);
#4059 = DIRECTION('',(-0.,-0.,-1.));
#4060 = ADVANCED_FACE('',(#4061),#4072,.F.);
#4061 = FACE_BOUND('',#4062,.F.);
#4062 = EDGE_LOOP('',(#4063,#4064,#4065,#4071));
#4063 = ORIENTED_EDGE('',*,*,#4029,.T.);
#4064 = ORIENTED_EDGE('',*,*,#1690,.T.);
#4065 = ORIENTED_EDGE('',*,*,#4066,.F.);
#4066 = EDGE_CURVE('',#633,#1691,#4067,.T.);
#4067 = LINE('',#4068,#4069);
#4068 = CARTESIAN_POINT('',(-8.045813467929,6.366512831943,0.));
#4069 = VECTOR('',#4070,1.);
#4070 = DIRECTION('',(0.,0.,1.));
#4071 = ORIENTED_EDGE('',*,*,#632,.F.);
#4072 = CYLINDRICAL_SURFACE('',#4073,0.76);
#4073 = AXIS2_PLACEMENT_3D('',#4074,#4075,#4076);
#4074 = CARTESIAN_POINT('',(-7.552468798302,6.944622715054,0.));
#4075 = DIRECTION('',(0.,0.,-1.));
#4076 = DIRECTION('',(0.734820913715,-0.678261177399,0.));
#4077 = ADVANCED_FACE('',(#4078),#4089,.F.);
#4078 = FACE_BOUND('',#4079,.F.);
#4079 = EDGE_LOOP('',(#4080,#4086,#4087,#4088));
#4080 = ORIENTED_EDGE('',*,*,#4081,.T.);
#4081 = EDGE_CURVE('',#809,#1867,#4082,.T.);
#4082 = LINE('',#4083,#4084);
#4083 = CARTESIAN_POINT('',(-9.536468579947,-3.784622441366,0.));
#4084 = VECTOR('',#4085,1.);
#4085 = DIRECTION('',(0.,0.,1.));
#4086 = ORIENTED_EDGE('',*,*,#1875,.T.);
#4087 = ORIENTED_EDGE('',*,*,#4044,.F.);
#4088 = ORIENTED_EDGE('',*,*,#817,.F.);
#4089 = PLANE('',#4090);
#4090 = AXIS2_PLACEMENT_3D('',#4091,#4092,#4093);
#4091 = CARTESIAN_POINT('',(-9.536468579947,-3.784622441366,0.));
#4092 = DIRECTION('',(0.370321225012,-0.928903757289,0.));
#4093 = DIRECTION('',(-0.928903757289,-0.370321225012,0.));
#4094 = ADVANCED_FACE('',(#4095),#4106,.F.);
#4095 = FACE_BOUND('',#4096,.F.);
#4096 = EDGE_LOOP('',(#4097,#4098,#4099,#4105));
#4097 = ORIENTED_EDGE('',*,*,#4066,.T.);
#4098 = ORIENTED_EDGE('',*,*,#1699,.T.);
#4099 = ORIENTED_EDGE('',*,*,#4100,.F.);
#4100 = EDGE_CURVE('',#642,#1700,#4101,.T.);
#4101 = LINE('',#4102,#4103);
#4102 = CARTESIAN_POINT('',(-8.868822246951,7.01566007279,0.));
#4103 = VECTOR('',#4104,1.);
#4104 = DIRECTION('',(0.,0.,1.));
#4105 = ORIENTED_EDGE('',*,*,#641,.F.);
#4106 = PLANE('',#4107);
#4107 = AXIS2_PLACEMENT_3D('',#4108,#4109,#4110);
#4108 = CARTESIAN_POINT('',(-8.045813467929,6.366512831943,0.));
#4109 = DIRECTION('',(-0.619293638977,-0.785159467065,0.));
#4110 = DIRECTION('',(-0.785159467065,0.619293638977,0.));
#4111 = ADVANCED_FACE('',(#4112),#4123,.F.);
#4112 = FACE_BOUND('',#4113,.F.);
#4113 = EDGE_LOOP('',(#4114,#4120,#4121,#4122));
#4114 = ORIENTED_EDGE('',*,*,#4115,.T.);
#4115 = EDGE_CURVE('',#800,#1858,#4116,.T.);
#4116 = LINE('',#4117,#4118);
#4117 = CARTESIAN_POINT('',(-9.064804671253,-2.842413810836,0.));
#4118 = VECTOR('',#4119,1.);
#4119 = DIRECTION('',(0.,0.,1.));
#4120 = ORIENTED_EDGE('',*,*,#1866,.T.);
#4121 = ORIENTED_EDGE('',*,*,#4081,.F.);
#4122 = ORIENTED_EDGE('',*,*,#808,.F.);
#4123 = CYLINDRICAL_SURFACE('',#4124,0.76);
#4124 = AXIS2_PLACEMENT_3D('',#4125,#4126,#4127);
#4125 = CARTESIAN_POINT('',(-9.790454090086,-3.068318483092,0.));
#4126 = DIRECTION('',(0.,0.,-1.));
#4127 = DIRECTION('',(0.954801866886,0.29724298981,0.));
#4128 = ADVANCED_FACE('',(#4129),#4140,.F.);
#4129 = FACE_BOUND('',#4130,.F.);
#4130 = EDGE_LOOP('',(#4131,#4132,#4133,#4139));
#4131 = ORIENTED_EDGE('',*,*,#4100,.T.);
#4132 = ORIENTED_EDGE('',*,*,#1707,.T.);
#4133 = ORIENTED_EDGE('',*,*,#4134,.F.);
#4134 = EDGE_CURVE('',#650,#1708,#4135,.T.);
#4135 = LINE('',#4136,#4137);
#4136 = CARTESIAN_POINT('',(-9.558843006415,7.317446200457,0.));
#4137 = VECTOR('',#4138,1.);
#4138 = DIRECTION('',(0.,0.,1.));
#4139 = ORIENTED_EDGE('',*,*,#649,.F.);
#4140 = SURFACE_OF_LINEAR_EXTRUSION('',#4141,#4146);
#4141 = B_SPLINE_CURVE_WITH_KNOTS('',3,(#4142,#4143,#4144,#4145),
  .UNSPECIFIED.,.F.,.F.,(4,4),(0.,1.),.PIECEWISE_BEZIER_KNOTS.);
#4142 = CARTESIAN_POINT('',(-8.868822246951,7.01566007279,0.));
#4143 = CARTESIAN_POINT('',(-8.937504410644,7.062113881701,0.));
#4144 = CARTESIAN_POINT('',(-9.149798656505,7.191034401143,0.));
#4145 = CARTESIAN_POINT('',(-9.558843006415,7.317446200457,0.));
#4146 = VECTOR('',#4147,1.);
#4147 = DIRECTION('',(-0.,-0.,-1.));
#4148 = ADVANCED_FACE('',(#4149),#4160,.T.);
#4149 = FACE_BOUND('',#4150,.F.);
#4150 = EDGE_LOOP('',(#4151,#4157,#4158,#4159));
#4151 = ORIENTED_EDGE('',*,*,#4152,.T.);
#4152 = EDGE_CURVE('',#791,#1849,#4153,.T.);
#4153 = LINE('',#4154,#4155);
#4154 = CARTESIAN_POINT('',(-9.271558031067,-2.070799767374,0.));
#4155 = VECTOR('',#4156,1.);
#4156 = DIRECTION('',(0.,0.,1.));
#4157 = ORIENTED_EDGE('',*,*,#1857,.T.);
#4158 = ORIENTED_EDGE('',*,*,#4115,.F.);
#4159 = ORIENTED_EDGE('',*,*,#799,.F.);
#4160 = CYLINDRICAL_SURFACE('',#4161,9.5);
#4161 = AXIS2_PLACEMENT_3D('',#4162,#4163,#4164);
#4162 = CARTESIAN_POINT('',(1.163513729807E-13,2.731148640578E-14,0.));
#4163 = DIRECTION('',(-0.,-0.,-1.));
#4164 = DIRECTION('',(-0.975953476954,-0.217978922882,0.));
#4165 = ADVANCED_FACE('',(#4166),#4177,.F.);
#4166 = FACE_BOUND('',#4167,.F.);
#4167 = EDGE_LOOP('',(#4168,#4169,#4170,#4176));
#4168 = ORIENTED_EDGE('',*,*,#4134,.T.);
#4169 = ORIENTED_EDGE('',*,*,#1716,.T.);
#4170 = ORIENTED_EDGE('',*,*,#4171,.F.);
#4171 = EDGE_CURVE('',#659,#1717,#4172,.T.);
#4172 = LINE('',#4173,#4174);
#4173 = CARTESIAN_POINT('',(-11.80509624437,7.531027624718,0.));
#4174 = VECTOR('',#4175,1.);
#4175 = DIRECTION('',(0.,0.,1.));
#4176 = ORIENTED_EDGE('',*,*,#658,.F.);
#4177 = SURFACE_OF_LINEAR_EXTRUSION('',#4178,#4183);
#4178 = B_SPLINE_CURVE_WITH_KNOTS('',3,(#4179,#4180,#4181,#4182),
  .UNSPECIFIED.,.F.,.F.,(4,4),(0.,1.),.PIECEWISE_BEZIER_KNOTS.);
#4179 = CARTESIAN_POINT('',(-9.558843006415,7.317446200457,0.));
#4180 = CARTESIAN_POINT('',(-10.04720018992,7.465392565533,0.));
#4181 = CARTESIAN_POINT('',(-10.78880881463,7.595995305562,0.));
#4182 = CARTESIAN_POINT('',(-11.80509624437,7.531027624718,0.));
#4183 = VECTOR('',#4184,1.);
#4184 = DIRECTION('',(-0.,-0.,-1.));
#4185 = ADVANCED_FACE('',(#4186),#4197,.F.);
#4186 = FACE_BOUND('',#4187,.F.);
#4187 = EDGE_LOOP('',(#4188,#4194,#4195,#4196));
#4188 = ORIENTED_EDGE('',*,*,#4189,.T.);
#4189 = EDGE_CURVE('',#783,#1841,#4190,.T.);
#4190 = LINE('',#4191,#4192);
#4191 = CARTESIAN_POINT('',(-10.1511352733,-1.490655112017,0.));
#4192 = VECTOR('',#4193,1.);
#4193 = DIRECTION('',(0.,0.,1.));
#4194 = ORIENTED_EDGE('',*,*,#1848,.T.);
#4195 = ORIENTED_EDGE('',*,*,#4152,.F.);
#4196 = ORIENTED_EDGE('',*,*,#790,.F.);
#4197 = CYLINDRICAL_SURFACE('',#4198,0.76);
#4198 = AXIS2_PLACEMENT_3D('',#4199,#4200,#4201);
#4199 = CARTESIAN_POINT('',(-10.01294119814,-2.237985291784,0.));
#4200 = DIRECTION('',(0.,0.,-1.));
#4201 = DIRECTION('',(-0.181834309425,0.983329183903,0.));
#4202 = ADVANCED_FACE('',(#4203),#4214,.T.);
#4203 = FACE_BOUND('',#4204,.F.);
#4204 = EDGE_LOOP('',(#4205,#4206,#4207,#4213));
#4205 = ORIENTED_EDGE('',*,*,#4171,.T.);
#4206 = ORIENTED_EDGE('',*,*,#1725,.T.);
#4207 = ORIENTED_EDGE('',*,*,#4208,.F.);
#4208 = EDGE_CURVE('',#668,#1726,#4209,.T.);
#4209 = LINE('',#4210,#4211);
#4210 = CARTESIAN_POINT('',(-12.42278123946,6.455579468687,0.));
#4211 = VECTOR('',#4212,1.);
#4212 = DIRECTION('',(0.,0.,1.));
#4213 = ORIENTED_EDGE('',*,*,#667,.F.);
#4214 = CYLINDRICAL_SURFACE('',#4215,14.000000000002);
#4215 = AXIS2_PLACEMENT_3D('',#4216,#4217,#4218);
#4216 = CARTESIAN_POINT('',(1.423681315393E-02,2.747072979514E-02,0.));
#4217 = DIRECTION('',(-0.,-0.,-1.));
#4218 = DIRECTION('',(-0.844238075537,0.535968349637,0.));
#4219 = ADVANCED_FACE('',(#4220),#4231,.F.);
#4220 = FACE_BOUND('',#4221,.F.);
#4221 = EDGE_LOOP('',(#4222,#4228,#4229,#4230));
#4222 = ORIENTED_EDGE('',*,*,#4223,.T.);
#4223 = EDGE_CURVE('',#774,#1832,#4224,.T.);
#4224 = LINE('',#4225,#4226);
#4225 = CARTESIAN_POINT('',(-11.1884554039,-1.641328723877,0.));
#4226 = VECTOR('',#4227,1.);
#4227 = DIRECTION('',(0.,0.,1.));
#4228 = ORIENTED_EDGE('',*,*,#1840,.T.);
#4229 = ORIENTED_EDGE('',*,*,#4189,.F.);
#4230 = ORIENTED_EDGE('',*,*,#782,.F.);
#4231 = PLANE('',#4232);
#4232 = AXIS2_PLACEMENT_3D('',#4233,#4234,#4235);
#4233 = CARTESIAN_POINT('',(-11.1884554039,-1.641328723877,0.));
#4234 = DIRECTION('',(-0.143744290224,0.989614863989,0.));
#4235 = DIRECTION('',(0.989614863989,0.143744290224,0.));
#4236 = ADVANCED_FACE('',(#4237),#4248,.F.);
#4237 = FACE_BOUND('',#4238,.F.);
#4238 = EDGE_LOOP('',(#4239,#4240,#4241,#4247));
#4239 = ORIENTED_EDGE('',*,*,#4208,.T.);
#4240 = ORIENTED_EDGE('',*,*,#1734,.T.);
#4241 = ORIENTED_EDGE('',*,*,#4242,.F.);
#4242 = EDGE_CURVE('',#677,#1735,#4243,.T.);
#4243 = LINE('',#4244,#4245);
#4244 = CARTESIAN_POINT('',(-11.11651580363,4.619477774114,0.));
#4245 = VECTOR('',#4246,1.);
#4246 = DIRECTION('',(0.,0.,1.));
#4247 = ORIENTED_EDGE('',*,*,#676,.F.);
#4248 = SURFACE_OF_LINEAR_EXTRUSION('',#4249,#4254);
#4249 = B_SPLINE_CURVE_WITH_KNOTS('',3,(#4250,#4251,#4252,#4253),
  .UNSPECIFIED.,.F.,.F.,(4,4),(0.,1.),.PIECEWISE_BEZIER_KNOTS.);
#4250 = CARTESIAN_POINT('',(-12.42278123946,6.455579468687,0.));
#4251 = CARTESIAN_POINT('',(-11.97272930895,5.545384857262,0.));
#4252 = CARTESIAN_POINT('',(-11.48881970593,4.968434318614,0.));
#4253 = CARTESIAN_POINT('',(-11.11651580363,4.619477774114,0.));
#4254 = VECTOR('',#4255,1.);
#4255 = DIRECTION('',(-0.,-0.,-1.));
#4256 = ADVANCED_FACE('',(#4257),#4268,.F.);
#4257 = FACE_BOUND('',#4258,.F.);
#4258 = EDGE_LOOP('',(#4259,#4265,#4266,#4267));
#4259 = ORIENTED_EDGE('',*,*,#4260,.T.);
#4260 = EDGE_CURVE('',#765,#1823,#4261,.T.);
#4261 = LINE('',#4262,#4263);
#4262 = CARTESIAN_POINT('',(-11.93692397457,-1.557672797214,0.));
#4263 = VECTOR('',#4264,1.);
#4264 = DIRECTION('',(0.,0.,1.));
#4265 = ORIENTED_EDGE('',*,*,#1831,.T.);
#4266 = ORIENTED_EDGE('',*,*,#4223,.F.);
#4267 = ORIENTED_EDGE('',*,*,#773,.F.);
#4268 = SURFACE_OF_LINEAR_EXTRUSION('',#4269,#4274);
#4269 = B_SPLINE_CURVE_WITH_KNOTS('',3,(#4270,#4271,#4272,#4273),
  .UNSPECIFIED.,.F.,.F.,(4,4),(0.,1.),.PIECEWISE_BEZIER_KNOTS.);
#4270 = CARTESIAN_POINT('',(-11.93692397457,-1.557672797214,0.));
#4271 = CARTESIAN_POINT('',(-11.51947527661,-1.652719142625,0.));
#4272 = CARTESIAN_POINT('',(-11.2711628069,-1.64721782065,0.));
#4273 = CARTESIAN_POINT('',(-11.1884554039,-1.641328723877,0.));
#4274 = VECTOR('',#4275,1.);
#4275 = DIRECTION('',(-0.,-0.,-1.));
#4276 = ADVANCED_FACE('',(#4277),#4288,.F.);
#4277 = FACE_BOUND('',#4278,.F.);
#4278 = EDGE_LOOP('',(#4279,#4280,#4281,#4287));
#4279 = ORIENTED_EDGE('',*,*,#4242,.T.);
#4280 = ORIENTED_EDGE('',*,*,#1743,.T.);
#4281 = ORIENTED_EDGE('',*,*,#4282,.F.);
#4282 = EDGE_CURVE('',#686,#1744,#4283,.T.);
#4283 = LINE('',#4284,#4285);
#4284 = CARTESIAN_POINT('',(-10.51015097082,4.172795331113,0.));
#4285 = VECTOR('',#4286,1.);
#4286 = DIRECTION('',(0.,0.,1.));
#4287 = ORIENTED_EDGE('',*,*,#685,.F.);
#4288 = SURFACE_OF_LINEAR_EXTRUSION('',#4289,#4294);
#4289 = B_SPLINE_CURVE_WITH_KNOTS('',3,(#4290,#4291,#4292,#4293),
  .UNSPECIFIED.,.F.,.F.,(4,4),(0.,1.),.PIECEWISE_BEZIER_KNOTS.);
#4290 = CARTESIAN_POINT('',(-11.11651580363,4.619477774114,0.));
#4291 = CARTESIAN_POINT('',(-10.80251779913,4.328440875474,0.));
#4292 = CARTESIAN_POINT('',(-10.58472223129,4.209048925202,0.));
#4293 = CARTESIAN_POINT('',(-10.51015097082,4.172795331113,0.));
#4294 = VECTOR('',#4295,1.);
#4295 = DIRECTION('',(-0.,-0.,-1.));
#4296 = ADVANCED_FACE('',(#4297),#4308,.F.);
#4297 = FACE_BOUND('',#4298,.F.);
#4298 = EDGE_LOOP('',(#4299,#4305,#4306,#4307));
#4299 = ORIENTED_EDGE('',*,*,#4300,.T.);
#4300 = EDGE_CURVE('',#756,#1814,#4301,.T.);
#4301 = LINE('',#4302,#4303);
#4302 = CARTESIAN_POINT('',(-13.98623387337,-0.620694803698,0.));
#4303 = VECTOR('',#4304,1.);
#4304 = DIRECTION('',(0.,0.,1.));
#4305 = ORIENTED_EDGE('',*,*,#1822,.T.);
#4306 = ORIENTED_EDGE('',*,*,#4260,.F.);
#4307 = ORIENTED_EDGE('',*,*,#764,.F.);
#4308 = SURFACE_OF_LINEAR_EXTRUSION('',#4309,#4314);
#4309 = B_SPLINE_CURVE_WITH_KNOTS('',3,(#4310,#4311,#4312,#4313),
  .UNSPECIFIED.,.F.,.F.,(4,4),(0.,1.),.PIECEWISE_BEZIER_KNOTS.);
#4310 = CARTESIAN_POINT('',(-13.98623387337,-0.620694803698,0.));
#4311 = CARTESIAN_POINT('',(-13.14138016282,-1.18392049433,0.));
#4312 = CARTESIAN_POINT('',(-12.43382688414,-1.441619516014,0.));
#4313 = CARTESIAN_POINT('',(-11.93692397457,-1.557672797214,0.));
#4314 = VECTOR('',#4315,1.);
#4315 = DIRECTION('',(-0.,-0.,-1.));
#4316 = ADVANCED_FACE('',(#4317),#4328,.F.);
#4317 = FACE_BOUND('',#4318,.F.);
#4318 = EDGE_LOOP('',(#4319,#4320,#4321,#4327));
#4319 = ORIENTED_EDGE('',*,*,#4282,.T.);
#4320 = ORIENTED_EDGE('',*,*,#1752,.T.);
#4321 = ORIENTED_EDGE('',*,*,#4322,.F.);
#4322 = EDGE_CURVE('',#695,#1753,#4323,.T.);
#4323 = LINE('',#4324,#4325);
#4324 = CARTESIAN_POINT('',(-9.536468579947,3.784622441366,0.));
#4325 = VECTOR('',#4326,1.);
#4326 = DIRECTION('',(0.,0.,1.));
#4327 = ORIENTED_EDGE('',*,*,#694,.F.);
#4328 = PLANE('',#4329);
#4329 = AXIS2_PLACEMENT_3D('',#4330,#4331,#4332);
#4330 = CARTESIAN_POINT('',(-10.51015097082,4.172795331113,0.));
#4331 = DIRECTION('',(0.370321225012,0.928903757289,0.));
#4332 = DIRECTION('',(0.928903757289,-0.370321225012,0.));
#4333 = ADVANCED_FACE('',(#4334),#4345,.T.);
#4334 = FACE_BOUND('',#4335,.F.);
#4335 = EDGE_LOOP('',(#4336,#4342,#4343,#4344));
#4336 = ORIENTED_EDGE('',*,*,#4337,.T.);
#4337 = EDGE_CURVE('',#747,#1805,#4338,.T.);
#4338 = LINE('',#4339,#4340);
#4339 = CARTESIAN_POINT('',(-13.9890270541,0.619513117423,0.));
#4340 = VECTOR('',#4341,1.);
#4341 = DIRECTION('',(0.,0.,1.));
#4342 = ORIENTED_EDGE('',*,*,#1813,.T.);
#4343 = ORIENTED_EDGE('',*,*,#4300,.F.);
#4344 = ORIENTED_EDGE('',*,*,#755,.F.);
#4345 = CYLINDRICAL_SURFACE('',#4346,14.000000000002);
#4346 = AXIS2_PLACEMENT_3D('',#4347,#4348,#4349);
#4347 = CARTESIAN_POINT('',(-1.405923037086E-03,3.090875644008E-02,0.));
#4348 = DIRECTION('',(-0.,-0.,-1.));
#4349 = DIRECTION('',(-0.999115795076,4.20431686416E-02,0.));
#4350 = ADVANCED_FACE('',(#4351),#4362,.F.);
#4351 = FACE_BOUND('',#4352,.F.);
#4352 = EDGE_LOOP('',(#4353,#4354,#4355,#4361));
#4353 = ORIENTED_EDGE('',*,*,#4322,.T.);
#4354 = ORIENTED_EDGE('',*,*,#1760,.T.);
#4355 = ORIENTED_EDGE('',*,*,#4356,.F.);
#4356 = EDGE_CURVE('',#703,#1761,#4357,.T.);
#4357 = LINE('',#4358,#4359);
#4358 = CARTESIAN_POINT('',(-9.064804671253,2.842413810836,0.));
#4359 = VECTOR('',#4360,1.);
#4360 = DIRECTION('',(0.,0.,1.));
#4361 = ORIENTED_EDGE('',*,*,#702,.F.);
#4362 = CYLINDRICAL_SURFACE('',#4363,0.76);
#4363 = AXIS2_PLACEMENT_3D('',#4364,#4365,#4366);
#4364 = CARTESIAN_POINT('',(-9.790454090086,3.068318483092,0.));
#4365 = DIRECTION('',(0.,0.,-1.));
#4366 = DIRECTION('',(0.33419146071,0.942505208255,0.));
#4367 = ADVANCED_FACE('',(#4368),#4379,.F.);
#4368 = FACE_BOUND('',#4369,.F.);
#4369 = EDGE_LOOP('',(#4370,#4376,#4377,#4378));
#4370 = ORIENTED_EDGE('',*,*,#4371,.T.);
#4371 = EDGE_CURVE('',#738,#1796,#4372,.T.);
#4372 = LINE('',#4373,#4374);
#4373 = CARTESIAN_POINT('',(-11.93692397457,1.557672797214,0.));
#4374 = VECTOR('',#4375,1.);
#4375 = DIRECTION('',(0.,0.,1.));
#4376 = ORIENTED_EDGE('',*,*,#1804,.T.);
#4377 = ORIENTED_EDGE('',*,*,#4337,.F.);
#4378 = ORIENTED_EDGE('',*,*,#746,.F.);
#4379 = SURFACE_OF_LINEAR_EXTRUSION('',#4380,#4385);
#4380 = B_SPLINE_CURVE_WITH_KNOTS('',3,(#4381,#4382,#4383,#4384),
  .UNSPECIFIED.,.F.,.F.,(4,4),(0.,1.),.PIECEWISE_BEZIER_KNOTS.);
#4381 = CARTESIAN_POINT('',(-11.93692397457,1.557672797214,0.));
#4382 = CARTESIAN_POINT('',(-12.43382688414,1.441619516014,0.));
#4383 = CARTESIAN_POINT('',(-13.14138016282,1.18392049433,0.));
#4384 = CARTESIAN_POINT('',(-13.9890270541,0.619513117423,0.));
#4385 = VECTOR('',#4386,1.);
#4386 = DIRECTION('',(-0.,-0.,-1.));
#4387 = ADVANCED_FACE('',(#4388),#4399,.T.);
#4388 = FACE_BOUND('',#4389,.F.);
#4389 = EDGE_LOOP('',(#4390,#4391,#4392,#4398));
#4390 = ORIENTED_EDGE('',*,*,#4356,.T.);
#4391 = ORIENTED_EDGE('',*,*,#1769,.T.);
#4392 = ORIENTED_EDGE('',*,*,#4393,.F.);
#4393 = EDGE_CURVE('',#712,#1770,#4394,.T.);
#4394 = LINE('',#4395,#4396);
#4395 = CARTESIAN_POINT('',(-9.271558031067,2.070799767374,0.));
#4396 = VECTOR('',#4397,1.);
#4397 = DIRECTION('',(0.,0.,1.));
#4398 = ORIENTED_EDGE('',*,*,#711,.F.);
#4399 = CYLINDRICAL_SURFACE('',#4400,9.500000000001);
#4400 = AXIS2_PLACEMENT_3D('',#4401,#4402,#4403);
#4401 = CARTESIAN_POINT('',(5.053735208094E-13,-1.501021529293E-13,0.));
#4402 = DIRECTION('',(-0.,-0.,-1.));
#4403 = DIRECTION('',(-0.954189965395,0.299201453772,0.));
#4404 = ADVANCED_FACE('',(#4405),#4416,.F.);
#4405 = FACE_BOUND('',#4406,.F.);
#4406 = EDGE_LOOP('',(#4407,#4413,#4414,#4415));
#4407 = ORIENTED_EDGE('',*,*,#4408,.T.);
#4408 = EDGE_CURVE('',#730,#1788,#4409,.T.);
#4409 = LINE('',#4410,#4411);
#4410 = CARTESIAN_POINT('',(-11.1884554039,1.641328723877,0.));
#4411 = VECTOR('',#4412,1.);
#4412 = DIRECTION('',(0.,0.,1.));
#4413 = ORIENTED_EDGE('',*,*,#1795,.T.);
#4414 = ORIENTED_EDGE('',*,*,#4371,.F.);
#4415 = ORIENTED_EDGE('',*,*,#737,.F.);
#4416 = SURFACE_OF_LINEAR_EXTRUSION('',#4417,#4422);
#4417 = B_SPLINE_CURVE_WITH_KNOTS('',3,(#4418,#4419,#4420,#4421),
  .UNSPECIFIED.,.F.,.F.,(4,4),(0.,1.),.PIECEWISE_BEZIER_KNOTS.);
#4418 = CARTESIAN_POINT('',(-11.1884554039,1.641328723877,0.));
#4419 = CARTESIAN_POINT('',(-11.2711628069,1.64721782065,0.));
#4420 = CARTESIAN_POINT('',(-11.51947527661,1.652719142625,0.));
#4421 = CARTESIAN_POINT('',(-11.93692397457,1.557672797214,0.));
#4422 = VECTOR('',#4423,1.);
#4423 = DIRECTION('',(-0.,-0.,-1.));
#4424 = ADVANCED_FACE('',(#4425),#4436,.F.);
#4425 = FACE_BOUND('',#4426,.F.);
#4426 = EDGE_LOOP('',(#4427,#4428,#4429,#4435));
#4427 = ORIENTED_EDGE('',*,*,#4393,.T.);
#4428 = ORIENTED_EDGE('',*,*,#1778,.T.);
#4429 = ORIENTED_EDGE('',*,*,#4430,.F.);
#4430 = EDGE_CURVE('',#721,#1779,#4431,.T.);
#4431 = LINE('',#4432,#4433);
#4432 = CARTESIAN_POINT('',(-10.1511352733,1.490655112017,0.));
#4433 = VECTOR('',#4434,1.);
#4434 = DIRECTION('',(0.,0.,1.));
#4435 = ORIENTED_EDGE('',*,*,#720,.F.);
#4436 = CYLINDRICAL_SURFACE('',#4437,0.76);
#4437 = AXIS2_PLACEMENT_3D('',#4438,#4439,#4440);
#4438 = CARTESIAN_POINT('',(-10.01294119814,2.237985291784,0.));
#4439 = DIRECTION('',(0.,0.,-1.));
#4440 = DIRECTION('',(0.975504167209,-0.21998095317,0.));
#4441 = ADVANCED_FACE('',(#4442),#4448,.F.);
#4442 = FACE_BOUND('',#4443,.F.);
#4443 = EDGE_LOOP('',(#4444,#4445,#4446,#4447));
#4444 = ORIENTED_EDGE('',*,*,#4430,.T.);
#4445 = ORIENTED_EDGE('',*,*,#1787,.T.);
#4446 = ORIENTED_EDGE('',*,*,#4408,.F.);
#4447 = ORIENTED_EDGE('',*,*,#729,.F.);
#4448 = PLANE('',#4449);
#4449 = AXIS2_PLACEMENT_3D('',#4450,#4451,#4452);
#4450 = CARTESIAN_POINT('',(-10.1511352733,1.490655112017,0.));
#4451 = DIRECTION('',(-0.143744290224,-0.989614863989,0.));
#4452 = DIRECTION('',(-0.989614863989,0.143744290224,0.));
#4453 = ADVANCED_FACE('',(#4454),#4470,.F.);
#4454 = FACE_BOUND('',#4455,.F.);
#4455 = EDGE_LOOP('',(#4456,#4457,#4463,#4464));
#4456 = ORIENTED_EDGE('',*,*,#2307,.F.);
#4457 = ORIENTED_EDGE('',*,*,#4458,.F.);
#4458 = EDGE_CURVE('',#1250,#2308,#4459,.T.);
#4459 = LINE('',#4460,#4461);
#4460 = CARTESIAN_POINT('',(4.1,3.033150177621,-1.));
#4461 = VECTOR('',#4462,1.);
#4462 = DIRECTION('',(0.,0.,1.));
#4463 = ORIENTED_EDGE('',*,*,#1249,.T.);
#4464 = ORIENTED_EDGE('',*,*,#4465,.T.);
#4465 = EDGE_CURVE('',#1252,#2310,#4466,.T.);
#4466 = LINE('',#4467,#4468);
#4467 = CARTESIAN_POINT('',(4.1,-3.033150177621,-1.));
#4468 = VECTOR('',#4469,1.);
#4469 = DIRECTION('',(0.,0.,1.));
#4470 = CYLINDRICAL_SURFACE('',#4471,5.1);
#4471 = AXIS2_PLACEMENT_3D('',#4472,#4473,#4474);
#4472 = CARTESIAN_POINT('',(0.,0.,-1.));
#4473 = DIRECTION('',(0.,0.,1.));
#4474 = DIRECTION('',(1.,0.,-0.));
#4475 = ADVANCED_FACE('',(#4476),#4482,.F.);
#4476 = FACE_BOUND('',#4477,.F.);
#4477 = EDGE_LOOP('',(#4478,#4479,#4480,#4481));
#4478 = ORIENTED_EDGE('',*,*,#4465,.F.);
#4479 = ORIENTED_EDGE('',*,*,#1260,.T.);
#4480 = ORIENTED_EDGE('',*,*,#4458,.T.);
#4481 = ORIENTED_EDGE('',*,*,#2318,.F.);
#4482 = PLANE('',#4483);
#4483 = AXIS2_PLACEMENT_3D('',#4484,#4485,#4486);
#4484 = CARTESIAN_POINT('',(4.1,-20.,-2.));
#4485 = DIRECTION('',(1.,0.,-0.));
#4486 = DIRECTION('',(0.,0.,1.));
#4487 = MANIFOLD_SOLID_BREP('',#4488);
#4488 = CLOSED_SHELL('',(#4489,#4531,#4546,#4563));
#4489 = ADVANCED_FACE('',(#4490),#4526,.T.);
#4490 = FACE_BOUND('',#4491,.T.);
#4491 = EDGE_LOOP('',(#4492,#4503,#4511,#4520));
#4492 = ORIENTED_EDGE('',*,*,#4493,.F.);
#4493 = EDGE_CURVE('',#4494,#4496,#4498,.T.);
#4494 = VERTEX_POINT('',#4495);
#4495 = CARTESIAN_POINT('',(40.,3.,31.));
#4496 = VERTEX_POINT('',#4497);
#4497 = CARTESIAN_POINT('',(40.,-3.,31.));
#4498 = CIRCLE('',#4499,5.);
#4499 = AXIS2_PLACEMENT_3D('',#4500,#4501,#4502);
#4500 = CARTESIAN_POINT('',(36.,0.,31.));
#4501 = DIRECTION('',(0.,0.,1.));
#4502 = DIRECTION('',(1.,0.,-0.));
#4503 = ORIENTED_EDGE('',*,*,#4504,.F.);
#4504 = EDGE_CURVE('',#4505,#4494,#4507,.T.);
#4505 = VERTEX_POINT('',#4506);
#4506 = CARTESIAN_POINT('',(40.,3.,-20.));
#4507 = LINE('',#4508,#4509);
#4508 = CARTESIAN_POINT('',(40.,3.,-20.));
#4509 = VECTOR('',#4510,1.);
#4510 = DIRECTION('',(0.,0.,1.));
#4511 = ORIENTED_EDGE('',*,*,#4512,.T.);
#4512 = EDGE_CURVE('',#4505,#4513,#4515,.T.);
#4513 = VERTEX_POINT('',#4514);
#4514 = CARTESIAN_POINT('',(40.,-3.,-20.));
#4515 = CIRCLE('',#4516,5.);
#4516 = AXIS2_PLACEMENT_3D('',#4517,#4518,#4519);
#4517 = CARTESIAN_POINT('',(36.,0.,-20.));
#4518 = DIRECTION('',(0.,0.,1.));
#4519 = DIRECTION('',(1.,0.,-0.));
#4520 = ORIENTED_EDGE('',*,*,#4521,.T.);
#4521 = EDGE_CURVE('',#4513,#4496,#4522,.T.);
#4522 = LINE('',#4523,#4524);
#4523 = CARTESIAN_POINT('',(40.,-3.,-20.));
#4524 = VECTOR('',#4525,1.);
#4525 = DIRECTION('',(0.,0.,1.));
#4526 = CYLINDRICAL_SURFACE('',#4527,5.);
#4527 = AXIS2_PLACEMENT_3D('',#4528,#4529,#4530);
#4528 = CARTESIAN_POINT('',(36.,0.,-20.));
#4529 = DIRECTION('',(0.,0.,1.));
#4530 = DIRECTION('',(1.,0.,-0.));
#4531 = ADVANCED_FACE('',(#4532),#4541,.T.);
#4532 = FACE_BOUND('',#4533,.T.);
#4533 = EDGE_LOOP('',(#4534,#4540));
#4534 = ORIENTED_EDGE('',*,*,#4535,.T.);
#4535 = EDGE_CURVE('',#4496,#4494,#4536,.T.);
#4536 = LINE('',#4537,#4538);
#4537 = CARTESIAN_POINT('',(40.,-10.,31.));
#4538 = VECTOR('',#4539,1.);
#4539 = DIRECTION('',(-0.,1.,0.));
#4540 = ORIENTED_EDGE('',*,*,#4493,.T.);
#4541 = PLANE('',#4542);
#4542 = AXIS2_PLACEMENT_3D('',#4543,#4544,#4545);
#4543 = CARTESIAN_POINT('',(36.,0.,31.));
#4544 = DIRECTION('',(0.,0.,1.));
#4545 = DIRECTION('',(1.,0.,-0.));
#4546 = ADVANCED_FACE('',(#4547),#4558,.T.);
#4547 = FACE_BOUND('',#4548,.T.);
#4548 = EDGE_LOOP('',(#4549,#4550,#4556,#4557));
#4549 = ORIENTED_EDGE('',*,*,#4521,.F.);
#4550 = ORIENTED_EDGE('',*,*,#4551,.T.);
#4551 = EDGE_CURVE('',#4513,#4505,#4552,.T.);
#4552 = LINE('',#4553,#4554);
#4553 = CARTESIAN_POINT('',(40.,-10.,-20.));
#4554 = VECTOR('',#4555,1.);
#4555 = DIRECTION('',(-0.,1.,0.));
#4556 = ORIENTED_EDGE('',*,*,#4504,.T.);
#4557 = ORIENTED_EDGE('',*,*,#4535,.F.);
#4558 = PLANE('',#4559);
#4559 = AXIS2_PLACEMENT_3D('',#4560,#4561,#4562);
#4560 = CARTESIAN_POINT('',(40.,-20.,-200.));
#4561 = DIRECTION('',(1.,0.,-0.));
#4562 = DIRECTION('',(0.,0.,1.));
#4563 = ADVANCED_FACE('',(#4564),#4568,.F.);
#4564 = FACE_BOUND('',#4565,.F.);
#4565 = EDGE_LOOP('',(#4566,#4567));
#4566 = ORIENTED_EDGE('',*,*,#4551,.T.);
#4567 = ORIENTED_EDGE('',*,*,#4512,.T.);
#4568 = PLANE('',#4569);
#4569 = AXIS2_PLACEMENT_3D('',#4570,#4571,#4572);
#4570 = CARTESIAN_POINT('',(36.,0.,-20.));
#4571 = DIRECTION('',(0.,0.,1.));
#4572 = DIRECTION('',(1.,0.,-0.));
#4573 = MANIFOLD_SOLID_BREP('',#4574);
#4574 = CLOSED_SHELL('',(#4575,#4615,#4648,#4684,#6790,#9100,#9117,#9137
    ,#9154,#9171,#9188,#9208,#9228,#9248,#9268,#9285,#9302,#9319,#9339,
    #9356,#9376,#9393,#9410,#9427,#9444,#9464,#9481,#9501,#9518,#9535,
    #9552,#9572,#9592,#9612,#9632,#9649,#9666,#9683,#9703,#9720,#9740,
    #9757,#9774,#9791,#9808,#9828,#9845,#9865,#9882,#9899,#9916,#9936,
    #9956,#9976,#9996,#10013,#10030,#10047,#10067,#10084,#10104,#10121,
    #10138,#10155,#10172,#10192,#10209,#10229,#10246,#10263,#10280,
    #10300,#10320,#10340,#10360,#10377,#10394,#10411,#10431,#10448,
    #10468,#10485,#10502,#10519,#10536,#10556,#10573,#10593,#10610,
    #10627,#10644,#10664,#10684,#10704,#10724,#10741,#10758,#10775,
    #10795,#10812,#10832,#10849,#10866,#10883,#10900,#10920,#10937,
    #10957,#10974,#10991,#11008,#11028,#11048,#11068,#11088,#11105,
    #11122,#11139,#11159,#11176,#11196,#11213,#11230,#11247,#11264,
    #11284,#11301,#11321,#11338,#11355,#11372,#11392,#11412,#11432,
    #11452,#11469,#11486,#11503,#11523,#11540,#11560,#11577,#11594,
    #11611,#11628,#11648,#11665,#11685,#11702,#11719,#11736,#11756,
    #11776,#11796,#11816,#11833,#11850,#11867,#11887,#11904,#11924,
    #11941,#11958,#11975,#11992,#12012,#12029,#12049,#12066,#12083,
    #12100,#12120,#12140,#12160,#12180,#12197,#12214,#12231,#12251,
    #12268,#12288,#12305,#12322,#12339,#12356,#12376,#12393,#12413,
    #12430,#12447,#12464,#12484,#12504,#12524,#12544,#12561,#12578,
    #12595,#12615,#12632,#12652,#12669,#12686,#12703,#12720,#12740,
    #12757,#12777,#12794,#12811,#12828,#12848,#12868,#12888,#12908,
    #12925,#12942,#12959,#12979,#12996,#13016,#13033,#13050,#13067,
    #13084,#13104,#13121,#13141,#13158,#13175,#13192,#13212,#13232,
    #13252,#13272,#13289,#13306,#13323,#13343,#13360,#13380,#13397,
    #13409,#13426,#13457,#13481,#13505,#13522,#13553,#13577,#13601,
    #13618,#13649,#13673,#13697,#13714,#13745,#13769,#13793,#13810,
    #13841,#13865,#13889,#13906,#13937,#13961,#13985,#14002,#14014,
    #14026,#14038,#14050,#14062));
#4575 = ADVANCED_FACE('',(#4576),#4610,.F.);
#4576 = FACE_BOUND('',#4577,.F.);
#4577 = EDGE_LOOP('',(#4578,#4588,#4596,#4604));
#4578 = ORIENTED_EDGE('',*,*,#4579,.T.);
#4579 = EDGE_CURVE('',#4580,#4582,#4584,.T.);
#4580 = VERTEX_POINT('',#4581);
#4581 = CARTESIAN_POINT('',(58.188174448604,-1.786760934856,0.));
#4582 = VERTEX_POINT('',#4583);
#4583 = CARTESIAN_POINT('',(58.188174448604,-1.786760934856,6.));
#4584 = LINE('',#4585,#4586);
#4585 = CARTESIAN_POINT('',(58.188174448604,-1.786760934856,0.));
#4586 = VECTOR('',#4587,1.);
#4587 = DIRECTION('',(0.,0.,1.));
#4588 = ORIENTED_EDGE('',*,*,#4589,.T.);
#4589 = EDGE_CURVE('',#4582,#4590,#4592,.T.);
#4590 = VERTEX_POINT('',#4591);
#4591 = CARTESIAN_POINT('',(58.517973388451,-1.811815191926,6.));
#4592 = LINE('',#4593,#4594);
#4593 = CARTESIAN_POINT('',(58.188174448604,-1.786760934856,6.));
#4594 = VECTOR('',#4595,1.);
#4595 = DIRECTION('',(0.997126840653,-7.57500075918E-02,0.));
#4596 = ORIENTED_EDGE('',*,*,#4597,.F.);
#4597 = EDGE_CURVE('',#4598,#4590,#4600,.T.);
#4598 = VERTEX_POINT('',#4599);
#4599 = CARTESIAN_POINT('',(58.517973388451,-1.811815191926,0.));
#4600 = LINE('',#4601,#4602);
#4601 = CARTESIAN_POINT('',(58.517973388451,-1.811815191926,0.));
#4602 = VECTOR('',#4603,1.);
#4603 = DIRECTION('',(0.,0.,1.));
#4604 = ORIENTED_EDGE('',*,*,#4605,.F.);
#4605 = EDGE_CURVE('',#4580,#4598,#4606,.T.);
#4606 = LINE('',#4607,#4608);
#4607 = CARTESIAN_POINT('',(58.188174448604,-1.786760934856,0.));
#4608 = VECTOR('',#4609,1.);
#4609 = DIRECTION('',(0.997126840653,-7.57500075918E-02,0.));
#4610 = PLANE('',#4611);
#4611 = AXIS2_PLACEMENT_3D('',#4612,#4613,#4614);
#4612 = CARTESIAN_POINT('',(58.188174448604,-1.786760934856,0.));
#4613 = DIRECTION('',(7.57500075918E-02,0.997126840653,0.));
#4614 = DIRECTION('',(0.997126840653,-7.57500075918E-02,0.));
#4615 = ADVANCED_FACE('',(#4616),#4643,.F.);
#4616 = FACE_BOUND('',#4617,.F.);
#4617 = EDGE_LOOP('',(#4618,#4628,#4635,#4636));
#4618 = ORIENTED_EDGE('',*,*,#4619,.T.);
#4619 = EDGE_CURVE('',#4620,#4622,#4624,.T.);
#4620 = VERTEX_POINT('',#4621);
#4621 = CARTESIAN_POINT('',(57.359260640587,-2.456009952642,0.));
#4622 = VERTEX_POINT('',#4623);
#4623 = CARTESIAN_POINT('',(57.359260640587,-2.456009952642,6.));
#4624 = LINE('',#4625,#4626);
#4625 = CARTESIAN_POINT('',(57.359260640587,-2.456009952642,0.));
#4626 = VECTOR('',#4627,1.);
#4627 = DIRECTION('',(0.,0.,1.));
#4628 = ORIENTED_EDGE('',*,*,#4629,.T.);
#4629 = EDGE_CURVE('',#4622,#4582,#4630,.T.);
#4630 = CIRCLE('',#4631,0.76);
#4631 = AXIS2_PLACEMENT_3D('',#4632,#4633,#4634);
#4632 = CARTESIAN_POINT('',(58.114247668577,-2.543156883546,6.));
#4633 = DIRECTION('',(0.,0.,-1.));
#4634 = DIRECTION('',(-0.993403984198,0.114667014347,0.));
#4635 = ORIENTED_EDGE('',*,*,#4579,.F.);
#4636 = ORIENTED_EDGE('',*,*,#4637,.F.);
#4637 = EDGE_CURVE('',#4620,#4580,#4638,.T.);
#4638 = CIRCLE('',#4639,0.76);
#4639 = AXIS2_PLACEMENT_3D('',#4640,#4641,#4642);
#4640 = CARTESIAN_POINT('',(58.114247668577,-2.543156883546,0.));
#4641 = DIRECTION('',(0.,0.,-1.));
#4642 = DIRECTION('',(-0.993403984198,0.114667014347,0.));
#4643 = CYLINDRICAL_SURFACE('',#4644,0.76);
#4644 = AXIS2_PLACEMENT_3D('',#4645,#4646,#4647);
#4645 = CARTESIAN_POINT('',(58.114247668577,-2.543156883546,0.));
#4646 = DIRECTION('',(0.,0.,-1.));
#4647 = DIRECTION('',(-0.993403984198,0.114667014347,0.));
#4648 = ADVANCED_FACE('',(#4649),#4676,.F.);
#4649 = FACE_BOUND('',#4650,.F.);
#4650 = EDGE_LOOP('',(#4651,#4652,#4661,#4669));
#4651 = ORIENTED_EDGE('',*,*,#4597,.T.);
#4652 = ORIENTED_EDGE('',*,*,#4653,.T.);
#4653 = EDGE_CURVE('',#4590,#4654,#4656,.T.);
#4654 = VERTEX_POINT('',#4655);
#4655 = CARTESIAN_POINT('',(59.428038826704,-1.702023075637,6.));
#4656 = B_SPLINE_CURVE_WITH_KNOTS('',3,(#4657,#4658,#4659,#4660),
  .UNSPECIFIED.,.F.,.F.,(4,4),(0.,1.),.PIECEWISE_BEZIER_KNOTS.);
#4657 = CARTESIAN_POINT('',(58.517973388451,-1.811815191926,6.));
#4658 = CARTESIAN_POINT('',(58.618745180536,-1.81407768365,6.));
#4659 = CARTESIAN_POINT('',(58.922284247696,-1.809272756759,6.));
#4660 = CARTESIAN_POINT('',(59.428038826704,-1.702023075637,6.));
#4661 = ORIENTED_EDGE('',*,*,#4662,.F.);
#4662 = EDGE_CURVE('',#4663,#4654,#4665,.T.);
#4663 = VERTEX_POINT('',#4664);
#4664 = CARTESIAN_POINT('',(59.428038826704,-1.702023075637,0.));
#4665 = LINE('',#4666,#4667);
#4666 = CARTESIAN_POINT('',(59.428038826704,-1.702023075637,0.));
#4667 = VECTOR('',#4668,1.);
#4668 = DIRECTION('',(0.,0.,1.));
#4669 = ORIENTED_EDGE('',*,*,#4670,.F.);
#4670 = EDGE_CURVE('',#4598,#4663,#4671,.T.);
#4671 = B_SPLINE_CURVE_WITH_KNOTS('',3,(#4672,#4673,#4674,#4675),
  .UNSPECIFIED.,.F.,.F.,(4,4),(0.,1.),.PIECEWISE_BEZIER_KNOTS.);
#4672 = CARTESIAN_POINT('',(58.517973388451,-1.811815191926,0.));
#4673 = CARTESIAN_POINT('',(58.618745180536,-1.81407768365,0.));
#4674 = CARTESIAN_POINT('',(58.922284247696,-1.809272756759,0.));
#4675 = CARTESIAN_POINT('',(59.428038826704,-1.702023075637,0.));
#4676 = SURFACE_OF_LINEAR_EXTRUSION('',#4677,#4682);
#4677 = B_SPLINE_CURVE_WITH_KNOTS('',3,(#4678,#4679,#4680,#4681),
  .UNSPECIFIED.,.F.,.F.,(4,4),(0.,1.),.PIECEWISE_BEZIER_KNOTS.);
#4678 = CARTESIAN_POINT('',(58.517973388451,-1.811815191926,0.));
#4679 = CARTESIAN_POINT('',(58.618745180536,-1.81407768365,0.));
#4680 = CARTESIAN_POINT('',(58.922284247696,-1.809272756759,0.));
#4681 = CARTESIAN_POINT('',(59.428038826704,-1.702023075637,0.));
#4682 = VECTOR('',#4683,1.);
#4683 = DIRECTION('',(-0.,-0.,-1.));
#4684 = ADVANCED_FACE('',(#4685,#6774),#6785,.F.);
#4685 = FACE_BOUND('',#4686,.F.);
#4686 = EDGE_LOOP('',(#4687,#4688,#4689,#4698,#4707,#4716,#4725,#4733,
    #4742,#4751,#4760,#4768,#4777,#4786,#4795,#4804,#4813,#4821,#4830,
    #4839,#4848,#4856,#4865,#4874,#4883,#4892,#4901,#4909,#4918,#4927,
    #4936,#4944,#4953,#4962,#4971,#4980,#4989,#4997,#5006,#5015,#5024,
    #5032,#5041,#5050,#5059,#5068,#5077,#5085,#5094,#5103,#5112,#5120,
    #5129,#5138,#5147,#5156,#5165,#5173,#5182,#5191,#5200,#5208,#5217,
    #5226,#5235,#5244,#5253,#5261,#5270,#5279,#5288,#5296,#5305,#5314,
    #5323,#5332,#5341,#5349,#5358,#5367,#5376,#5384,#5393,#5402,#5411,
    #5420,#5429,#5437,#5446,#5455,#5464,#5472,#5481,#5490,#5499,#5508,
    #5517,#5525,#5534,#5543,#5552,#5560,#5569,#5578,#5587,#5596,#5605,
    #5613,#5622,#5631,#5640,#5648,#5657,#5666,#5675,#5684,#5693,#5701,
    #5710,#5719,#5728,#5736,#5745,#5754,#5763,#5772,#5781,#5789,#5798,
    #5807,#5816,#5824,#5833,#5842,#5851,#5860,#5869,#5877,#5886,#5895,
    #5904,#5912,#5921,#5930,#5939,#5948,#5957,#5965,#5974,#5983,#5992,
    #6000,#6009,#6018,#6027,#6036,#6045,#6053,#6062,#6071,#6080,#6088,
    #6097,#6106,#6115,#6124,#6133,#6141,#6150,#6159,#6168,#6176,#6185,
    #6194,#6203,#6212,#6221,#6229,#6238,#6247,#6256,#6264,#6273,#6282,
    #6291,#6300,#6309,#6317,#6326,#6335,#6344,#6352,#6361,#6370,#6379,
    #6388,#6397,#6405,#6414,#6423,#6432,#6440,#6449,#6458,#6467,#6476,
    #6485,#6493,#6502,#6511,#6520,#6528,#6537,#6546,#6555,#6564,#6573,
    #6581,#6590,#6599,#6608,#6616,#6625,#6634,#6643,#6652,#6661,#6669,
    #6678,#6687,#6696,#6704,#6713,#6722,#6731,#6740,#6749,#6757,#6766,
    #6773));
#4687 = ORIENTED_EDGE('',*,*,#4605,.T.);
#4688 = ORIENTED_EDGE('',*,*,#4670,.T.);
#4689 = ORIENTED_EDGE('',*,*,#4690,.T.);
#4690 = EDGE_CURVE('',#4663,#4691,#4693,.T.);
#4691 = VERTEX_POINT('',#4692);
#4692 = CARTESIAN_POINT('',(61.992264762363,-0.714700717726,0.));
#4693 = B_SPLINE_CURVE_WITH_KNOTS('',3,(#4694,#4695,#4696,#4697),
  .UNSPECIFIED.,.F.,.F.,(4,4),(0.,1.),.PIECEWISE_BEZIER_KNOTS.);
#4694 = CARTESIAN_POINT('',(59.428038826704,-1.702023075637,0.));
#4695 = CARTESIAN_POINT('',(60.033750441968,-1.571886804196,0.));
#4696 = CARTESIAN_POINT('',(60.907842046316,-1.296013232982,0.));
#4697 = CARTESIAN_POINT('',(61.992264762363,-0.714700717726,0.));
#4698 = ORIENTED_EDGE('',*,*,#4699,.T.);
#4699 = EDGE_CURVE('',#4691,#4700,#4702,.T.);
#4700 = VERTEX_POINT('',#4701);
#4701 = CARTESIAN_POINT('',(61.99015422872,0.715460108853,0.));
#4702 = CIRCLE('',#4703,25.999999999985);
#4703 = AXIS2_PLACEMENT_3D('',#4704,#4705,#4706);
#4704 = CARTESIAN_POINT('',(36.001073139166,-3.797477209243E-02,0.));
#4705 = DIRECTION('',(-0.,0.,1.));
#4706 = DIRECTION('',(0.999661216277,-2.602792098593E-02,0.));
#4707 = ORIENTED_EDGE('',*,*,#4708,.T.);
#4708 = EDGE_CURVE('',#4700,#4709,#4711,.T.);
#4709 = VERTEX_POINT('',#4710);
#4710 = CARTESIAN_POINT('',(59.428038826704,1.702023075637,0.));
#4711 = B_SPLINE_CURVE_WITH_KNOTS('',3,(#4712,#4713,#4714,#4715),
  .UNSPECIFIED.,.F.,.F.,(4,4),(0.,1.),.PIECEWISE_BEZIER_KNOTS.);
#4712 = CARTESIAN_POINT('',(61.99015422872,0.715460108853,0.));
#4713 = CARTESIAN_POINT('',(60.907842046316,1.296013232982,0.));
#4714 = CARTESIAN_POINT('',(60.033750441968,1.571886804196,0.));
#4715 = CARTESIAN_POINT('',(59.428038826704,1.702023075637,0.));
#4716 = ORIENTED_EDGE('',*,*,#4717,.T.);
#4717 = EDGE_CURVE('',#4709,#4718,#4720,.T.);
#4718 = VERTEX_POINT('',#4719);
#4719 = CARTESIAN_POINT('',(58.517973388451,1.811815191926,0.));
#4720 = B_SPLINE_CURVE_WITH_KNOTS('',3,(#4721,#4722,#4723,#4724),
  .UNSPECIFIED.,.F.,.F.,(4,4),(0.,1.),.PIECEWISE_BEZIER_KNOTS.);
#4721 = CARTESIAN_POINT('',(59.428038826704,1.702023075637,0.));
#4722 = CARTESIAN_POINT('',(58.922284247696,1.809272756759,0.));
#4723 = CARTESIAN_POINT('',(58.618745180536,1.81407768365,0.));
#4724 = CARTESIAN_POINT('',(58.517973388451,1.811815191926,0.));
#4725 = ORIENTED_EDGE('',*,*,#4726,.T.);
#4726 = EDGE_CURVE('',#4718,#4727,#4729,.T.);
#4727 = VERTEX_POINT('',#4728);
#4728 = CARTESIAN_POINT('',(58.188174448604,1.786760934856,0.));
#4729 = LINE('',#4730,#4731);
#4730 = CARTESIAN_POINT('',(58.517973388451,1.811815191926,0.));
#4731 = VECTOR('',#4732,1.);
#4732 = DIRECTION('',(-0.997126840653,-7.575000759186E-02,0.));
#4733 = ORIENTED_EDGE('',*,*,#4734,.T.);
#4734 = EDGE_CURVE('',#4727,#4735,#4737,.T.);
#4735 = VERTEX_POINT('',#4736);
#4736 = CARTESIAN_POINT('',(57.359260640587,2.456009952642,0.));
#4737 = CIRCLE('',#4738,0.76);
#4738 = AXIS2_PLACEMENT_3D('',#4739,#4740,#4741);
#4739 = CARTESIAN_POINT('',(58.114247668577,2.543156883546,0.));
#4740 = DIRECTION('',(0.,0.,-1.));
#4741 = DIRECTION('',(9.727207898203E-02,-0.995257827224,0.));
#4742 = ORIENTED_EDGE('',*,*,#4743,.T.);
#4743 = EDGE_CURVE('',#4735,#4744,#4746,.T.);
#4744 = VERTEX_POINT('',#4745);
#4745 = CARTESIAN_POINT('',(57.267123633888,3.155860000212,0.));
#4746 = CIRCLE('',#4747,21.499999999974);
#4747 = AXIS2_PLACEMENT_3D('',#4748,#4749,#4750);
#4748 = CARTESIAN_POINT('',(36.000000000025,3.383515689848E-12,0.));
#4749 = DIRECTION('',(0.,-0.,1.));
#4750 = DIRECTION('',(0.993453983283,0.114233021053,0.));
#4751 = ORIENTED_EDGE('',*,*,#4752,.T.);
#4752 = EDGE_CURVE('',#4744,#4753,#4755,.T.);
#4753 = VERTEX_POINT('',#4754);
#4754 = CARTESIAN_POINT('',(57.894578497099,4.016843590974,0.));
#4755 = CIRCLE('',#4756,0.76);
#4756 = AXIS2_PLACEMENT_3D('',#4757,#4758,#4759);
#4757 = CARTESIAN_POINT('',(58.018940388177,3.26708755062,0.));
#4758 = DIRECTION('',(0.,0.,-1.));
#4759 = DIRECTION('',(-0.989232571433,-0.14635204001,-0.));
#4760 = ORIENTED_EDGE('',*,*,#4761,.T.);
#4761 = EDGE_CURVE('',#4753,#4762,#4764,.T.);
#4762 = VERTEX_POINT('',#4763);
#4763 = CARTESIAN_POINT('',(58.219624329471,4.078001283699,0.));
#4764 = LINE('',#4765,#4766);
#4765 = CARTESIAN_POINT('',(57.894578497099,4.016843590974,0.));
#4766 = VECTOR('',#4767,1.);
#4767 = DIRECTION('',(0.982756112104,0.184906528069,0.));
#4768 = ORIENTED_EDGE('',*,*,#4769,.T.);
#4769 = EDGE_CURVE('',#4762,#4770,#4772,.T.);
#4770 = VERTEX_POINT('',#4771);
#4771 = CARTESIAN_POINT('',(59.070263749195,4.419594592055,0.));
#4772 = B_SPLINE_CURVE_WITH_KNOTS('',3,(#4773,#4774,#4775,#4776),
  .UNSPECIFIED.,.F.,.F.,(4,4),(0.,1.),.PIECEWISE_BEZIER_KNOTS.);
#4773 = CARTESIAN_POINT('',(58.219624329471,4.078001283699,0.));
#4774 = CARTESIAN_POINT('',(58.317547981955,4.101897543511,0.));
#4775 = CARTESIAN_POINT('',(58.609500599623,4.185100438003,0.));
#4776 = CARTESIAN_POINT('',(59.070263749195,4.419594592055,0.));
#4777 = ORIENTED_EDGE('',*,*,#4778,.T.);
#4778 = EDGE_CURVE('',#4770,#4779,#4781,.T.);
#4779 = VERTEX_POINT('',#4780);
#4780 = CARTESIAN_POINT('',(61.291577975005,6.036945264528,0.));
#4781 = B_SPLINE_CURVE_WITH_KNOTS('',3,(#4782,#4783,#4784,#4785),
  .UNSPECIFIED.,.F.,.F.,(4,4),(0.,1.),.PIECEWISE_BEZIER_KNOTS.);
#4782 = CARTESIAN_POINT('',(59.070263749195,4.419594592055,0.));
#4783 = CARTESIAN_POINT('',(59.621654496155,4.702066279446,0.));
#4784 = CARTESIAN_POINT('',(60.394560817067,5.194771241042,0.));
#4785 = CARTESIAN_POINT('',(61.291577975005,6.036945264528,0.));
#4786 = ORIENTED_EDGE('',*,*,#4787,.T.);
#4787 = EDGE_CURVE('',#4779,#4788,#4790,.T.);
#4788 = VERTEX_POINT('',#4789);
#4789 = CARTESIAN_POINT('',(60.919386496574,7.417828296365,0.));
#4790 = CIRCLE('',#4791,26.);
#4791 = AXIS2_PLACEMENT_3D('',#4792,#4793,#4794);
#4792 = CARTESIAN_POINT('',(36.010865167072,-3.640306426125E-02,0.));
#4793 = DIRECTION('',(0.,-0.,1.));
#4794 = DIRECTION('',(0.972335107997,0.233590320338,0.));
#4795 = ORIENTED_EDGE('',*,*,#4796,.T.);
#4796 = EDGE_CURVE('',#4788,#4797,#4799,.T.);
#4797 = VERTEX_POINT('',#4798);
#4798 = CARTESIAN_POINT('',(58.189231774837,7.70765068345,0.));
#4799 = B_SPLINE_CURVE_WITH_KNOTS('',3,(#4800,#4801,#4802,#4803),
  .UNSPECIFIED.,.F.,.F.,(4,4),(0.,1.),.PIECEWISE_BEZIER_KNOTS.);
#4800 = CARTESIAN_POINT('',(60.919386496574,7.417828296365,0.));
#4801 = CARTESIAN_POINT('',(59.723695002265,7.698476546942,0.));
#4802 = CARTESIAN_POINT('',(58.807986012812,7.738718399799,0.));
#4803 = CARTESIAN_POINT('',(58.189231774837,7.70765068345,0.));
#4804 = ORIENTED_EDGE('',*,*,#4805,.T.);
#4805 = EDGE_CURVE('',#4797,#4806,#4808,.T.);
#4806 = VERTEX_POINT('',#4807);
#4807 = CARTESIAN_POINT('',(57.281759773718,7.578159456387,0.));
#4808 = B_SPLINE_CURVE_WITH_KNOTS('',3,(#4809,#4810,#4811,#4812),
  .UNSPECIFIED.,.F.,.F.,(4,4),(0.,1.),.PIECEWISE_BEZIER_KNOTS.);
#4809 = CARTESIAN_POINT('',(58.189231774837,7.70765068345,0.));
#4810 = CARTESIAN_POINT('',(57.672952105155,7.680347003112,0.));
#4811 = CARTESIAN_POINT('',(57.378512274307,7.606426514576,0.));
#4812 = CARTESIAN_POINT('',(57.281759773718,7.578159456387,0.));
#4813 = ORIENTED_EDGE('',*,*,#4814,.T.);
#4814 = EDGE_CURVE('',#4806,#4815,#4817,.T.);
#4815 = VERTEX_POINT('',#4816);
#4816 = CARTESIAN_POINT('',(56.969682979128,7.468600655737,0.));
#4817 = LINE('',#4818,#4819);
#4818 = CARTESIAN_POINT('',(57.281759773718,7.578159456387,0.));
#4819 = VECTOR('',#4820,1.);
#4820 = DIRECTION('',(-0.943545022841,-0.331244305418,0.));
#4821 = ORIENTED_EDGE('',*,*,#4822,.T.);
#4822 = EDGE_CURVE('',#4815,#4823,#4825,.T.);
#4823 = VERTEX_POINT('',#4824);
#4824 = CARTESIAN_POINT('',(55.995799332477,7.900506885973,0.));
#4825 = CIRCLE('',#4826,0.76);
#4826 = AXIS2_PLACEMENT_3D('',#4827,#4828,#4829);
#4827 = CARTESIAN_POINT('',(56.702505515887,8.180089378864,0.));
#4828 = DIRECTION('',(0.,0.,-1.));
#4829 = DIRECTION('',(0.351549293738,-0.936169372535,0.));
#4830 = ORIENTED_EDGE('',*,*,#4831,.T.);
#4831 = EDGE_CURVE('',#4823,#4832,#4834,.T.);
#4832 = VERTEX_POINT('',#4833);
#4833 = CARTESIAN_POINT('',(55.725667297122,8.552663309358,0.));
#4834 = CIRCLE('',#4835,21.500000000033);
#4835 = AXIS2_PLACEMENT_3D('',#4836,#4837,#4838);
#4836 = CARTESIAN_POINT('',(35.999999999969,-1.267164151386E-11,0.));
#4837 = DIRECTION('',(0.,-0.,1.));
#4838 = DIRECTION('',(0.930037178255,0.367465436557,0.));
#4839 = ORIENTED_EDGE('',*,*,#4840,.T.);
#4840 = EDGE_CURVE('',#4832,#4841,#4843,.T.);
#4841 = VERTEX_POINT('',#4842);
#4842 = CARTESIAN_POINT('',(56.10890320352,9.546706864227,0.));
#4843 = CIRCLE('',#4844,0.76);
#4844 = AXIS2_PLACEMENT_3D('',#4845,#4846,#4847);
#4845 = CARTESIAN_POINT('',(56.423078708342,8.854685367329,0.));
#4846 = DIRECTION('',(0.,0.,-1.));
#4847 = DIRECTION('',(-0.91764659371,-0.397397444698,-0.));
#4848 = ORIENTED_EDGE('',*,*,#4849,.T.);
#4849 = EDGE_CURVE('',#4841,#4850,#4852,.T.);
#4850 = VERTEX_POINT('',#4851);
#4851 = CARTESIAN_POINT('',(56.407044592103,9.689908711055,0.));
#4852 = LINE('',#4853,#4854);
#4853 = CARTESIAN_POINT('',(56.10890320352,9.546706864227,0.));
#4854 = VECTOR('',#4855,1.);
#4855 = DIRECTION('',(0.901412178596,0.432961989415,0.));
#4856 = ORIENTED_EDGE('',*,*,#4857,.T.);
#4857 = EDGE_CURVE('',#4850,#4858,#4860,.T.);
#4858 = VERTEX_POINT('',#4859);
#4859 = CARTESIAN_POINT('',(57.140288322592,10.240024192023,0.));
#4860 = B_SPLINE_CURVE_WITH_KNOTS('',3,(#4861,#4862,#4863,#4864),
  .UNSPECIFIED.,.F.,.F.,(4,4),(0.,1.),.PIECEWISE_BEZIER_KNOTS.);
#4861 = CARTESIAN_POINT('',(56.407044592103,9.689908711055,0.));
#4862 = CARTESIAN_POINT('',(56.495446769896,9.738335231789,0.));
#4863 = CARTESIAN_POINT('',(56.755916849652,9.89426595412,0.));
#4864 = CARTESIAN_POINT('',(57.140288322592,10.240024192023,0.));
#4865 = ORIENTED_EDGE('',*,*,#4866,.T.);
#4866 = EDGE_CURVE('',#4858,#4867,#4869,.T.);
#4867 = VERTEX_POINT('',#4868);
#4868 = CARTESIAN_POINT('',(58.86731194496,12.377183403528,0.));
#4869 = B_SPLINE_CURVE_WITH_KNOTS('',3,(#4870,#4871,#4872,#4873),
  .UNSPECIFIED.,.F.,.F.,(4,4),(0.,1.),.PIECEWISE_BEZIER_KNOTS.);
#4870 = CARTESIAN_POINT('',(57.140288322592,10.240024192023,0.));
#4871 = CARTESIAN_POINT('',(57.599781833058,10.655581316677,0.));
#4872 = CARTESIAN_POINT('',(58.218830582051,11.331540639755,0.));
#4873 = CARTESIAN_POINT('',(58.86731194496,12.377183403528,0.));
#4874 = ORIENTED_EDGE('',*,*,#4875,.T.);
#4875 = EDGE_CURVE('',#4867,#4876,#4878,.T.);
#4876 = VERTEX_POINT('',#4877);
#4877 = CARTESIAN_POINT('',(58.15040375592,13.614683744021,0.));
#4878 = CIRCLE('',#4879,26.000000000012);
#4879 = AXIS2_PLACEMENT_3D('',#4880,#4881,#4882);
#4880 = CARTESIAN_POINT('',(36.019916751802,-3.235054776561E-02,0.));
#4881 = DIRECTION('',(0.,-0.,1.));
#4882 = DIRECTION('',(0.878745968967,0.477289767357,0.));
#4883 = ORIENTED_EDGE('',*,*,#4884,.T.);
#4884 = EDGE_CURVE('',#4876,#4885,#4887,.T.);
#4885 = VERTEX_POINT('',#4886);
#4886 = CARTESIAN_POINT('',(55.438265246955,13.18801463468,0.));
#4887 = B_SPLINE_CURVE_WITH_KNOTS('',3,(#4888,#4889,#4890,#4891),
  .UNSPECIFIED.,.F.,.F.,(4,4),(0.,1.),.PIECEWISE_BEZIER_KNOTS.);
#4888 = CARTESIAN_POINT('',(58.15040375592,13.614683744021,0.));
#4889 = CARTESIAN_POINT('',(56.922817349069,13.576301406562,0.));
#4890 = CARTESIAN_POINT('',(56.027895028862,13.378169125292,0.));
#4891 = CARTESIAN_POINT('',(55.438265246955,13.18801463468,0.));
#4892 = ORIENTED_EDGE('',*,*,#4893,.T.);
#4893 = EDGE_CURVE('',#4885,#4894,#4896,.T.);
#4894 = VERTEX_POINT('',#4895);
#4895 = CARTESIAN_POINT('',(54.595229400177,12.828064677396,0.));
#4896 = B_SPLINE_CURVE_WITH_KNOTS('',3,(#4897,#4898,#4899,#4900),
  .UNSPECIFIED.,.F.,.F.,(4,4),(0.,1.),.PIECEWISE_BEZIER_KNOTS.);
#4897 = CARTESIAN_POINT('',(55.438265246955,13.18801463468,0.));
#4898 = CARTESIAN_POINT('',(54.946644092893,13.028018293576,0.));
#4899 = CARTESIAN_POINT('',(54.681369086246,12.880409948747,0.));
#4900 = CARTESIAN_POINT('',(54.595229400177,12.828064677396,0.));
#4901 = ORIENTED_EDGE('',*,*,#4902,.T.);
#4902 = EDGE_CURVE('',#4894,#4903,#4905,.T.);
#4903 = VERTEX_POINT('',#4904);
#4904 = CARTESIAN_POINT('',(54.322142268664,12.641467584377,0.));
#4905 = LINE('',#4906,#4907);
#4906 = CARTESIAN_POINT('',(54.595229400177,12.828064677396,0.));
#4907 = VECTOR('',#4908,1.);
#4908 = DIRECTION('',(-0.825662171005,-0.564164851238,0.));
#4909 = ORIENTED_EDGE('',*,*,#4910,.T.);
#4910 = EDGE_CURVE('',#4903,#4911,#4913,.T.);
#4911 = VERTEX_POINT('',#4912);
#4912 = CARTESIAN_POINT('',(53.26965734448,12.806597331229,0.));
#4913 = CIRCLE('',#4914,0.76);
#4914 = AXIS2_PLACEMENT_3D('',#4915,#4916,#4917);
#4915 = CARTESIAN_POINT('',(53.879921824796,13.259562301249,0.));
#4916 = DIRECTION('',(0.,-0.,-1.));
#4917 = DIRECTION('',(0.581869005089,-0.8132825222,0.));
#4918 = ORIENTED_EDGE('',*,*,#4919,.T.);
#4919 = EDGE_CURVE('',#4911,#4920,#4922,.T.);
#4920 = VERTEX_POINT('',#4921);
#4921 = CARTESIAN_POINT('',(52.839939332265,13.366616747915,0.));
#4922 = CIRCLE('',#4923,21.500000000018);
#4923 = AXIS2_PLACEMENT_3D('',#4924,#4925,#4926);
#4924 = CARTESIAN_POINT('',(35.999999999986,-1.093081181125E-11,0.));
#4925 = DIRECTION('',(0.,-0.,1.));
#4926 = DIRECTION('',(0.803239876487,0.595655689825,0.));
#4927 = ORIENTED_EDGE('',*,*,#4928,.T.);
#4928 = EDGE_CURVE('',#4920,#4929,#4931,.T.);
#4929 = VERTEX_POINT('',#4930);
#4930 = CARTESIAN_POINT('',(52.952839388154,14.425977841362,0.));
#4931 = CIRCLE('',#4932,0.76);
#4932 = AXIS2_PLACEMENT_3D('',#4933,#4934,#4935);
#4933 = CARTESIAN_POINT('',(53.435417965266,13.838851009313,0.));
#4934 = DIRECTION('',(0.,0.,-1.));
#4935 = DIRECTION('',(-0.783524517107,-0.621360870261,-0.));
#4936 = ORIENTED_EDGE('',*,*,#4937,.T.);
#4937 = EDGE_CURVE('',#4929,#4938,#4940,.T.);
#4938 = VERTEX_POINT('',#4939);
#4939 = CARTESIAN_POINT('',(53.203758490019,14.641464873084,0.));
#4940 = LINE('',#4941,#4942);
#4941 = CARTESIAN_POINT('',(52.952839388154,14.425977841362,0.));
#4942 = VECTOR('',#4943,1.);
#4943 = DIRECTION('',(0.758638494772,0.651511806685,0.));
#4944 = ORIENTED_EDGE('',*,*,#4945,.T.);
#4945 = EDGE_CURVE('',#4938,#4946,#4948,.T.);
#4946 = VERTEX_POINT('',#4947);
#4947 = CARTESIAN_POINT('',(53.769637182782,15.362613065745,0.));
#4948 = B_SPLINE_CURVE_WITH_KNOTS('',3,(#4949,#4950,#4951,#4952),
  .UNSPECIFIED.,.F.,.F.,(4,4),(0.,1.),.PIECEWISE_BEZIER_KNOTS.);
#4949 = CARTESIAN_POINT('',(53.203758490019,14.641464873084,0.));
#4950 = CARTESIAN_POINT('',(53.276614730795,14.711121467379,0.));
#4951 = CARTESIAN_POINT('',(53.487851667152,14.929153596511,0.));
#4952 = CARTESIAN_POINT('',(53.769637182782,15.362613065745,0.));
#4953 = ORIENTED_EDGE('',*,*,#4954,.T.);
#4954 = EDGE_CURVE('',#4946,#4955,#4957,.T.);
#4955 = VERTEX_POINT('',#4956);
#4956 = CARTESIAN_POINT('',(54.884676395886,17.87393694784,0.));
#4957 = B_SPLINE_CURVE_WITH_KNOTS('',3,(#4958,#4959,#4960,#4961),
  .UNSPECIFIED.,.F.,.F.,(4,4),(0.,1.),.PIECEWISE_BEZIER_KNOTS.);
#4958 = CARTESIAN_POINT('',(53.769637182782,15.362613065745,0.));
#4959 = CARTESIAN_POINT('',(54.105919733366,15.882936096356,0.));
#4960 = CARTESIAN_POINT('',(54.528923761223,16.696084270124,0.));
#4961 = CARTESIAN_POINT('',(54.884676395886,17.87393694784,0.));
#4962 = ORIENTED_EDGE('',*,*,#4963,.T.);
#4963 = EDGE_CURVE('',#4955,#4964,#4966,.T.);
#4964 = VERTEX_POINT('',#4965);
#4965 = CARTESIAN_POINT('',(53.871907604573,18.88372099385,0.));
#4966 = CIRCLE('',#4967,25.999999999993);
#4967 = AXIS2_PLACEMENT_3D('',#4968,#4969,#4970);
#4968 = CARTESIAN_POINT('',(36.027611042836,-2.609339488499E-02,0.));
#4969 = DIRECTION('',(0.,-0.,1.));
#4970 = DIRECTION('',(0.725271744348,0.68846270549,0.));
#4971 = ORIENTED_EDGE('',*,*,#4972,.T.);
#4972 = EDGE_CURVE('',#4964,#4973,#4975,.T.);
#4973 = VERTEX_POINT('',#4974);
#4974 = CARTESIAN_POINT('',(51.362613065745,17.769637182782,0.));
#4975 = B_SPLINE_CURVE_WITH_KNOTS('',3,(#4976,#4977,#4978,#4979),
  .UNSPECIFIED.,.F.,.F.,(4,4),(0.,1.),.PIECEWISE_BEZIER_KNOTS.);
#4976 = CARTESIAN_POINT('',(53.871907604573,18.88372099385,0.));
#4977 = CARTESIAN_POINT('',(52.696084270124,18.528923761223,0.));
#4978 = CARTESIAN_POINT('',(51.882936096356,18.105919733366,0.));
#4979 = CARTESIAN_POINT('',(51.362613065745,17.769637182782,0.));
#4980 = ORIENTED_EDGE('',*,*,#4981,.T.);
#4981 = EDGE_CURVE('',#4973,#4982,#4984,.T.);
#4982 = VERTEX_POINT('',#4983);
#4983 = CARTESIAN_POINT('',(50.641464873084,17.203758490019,0.));
#4984 = B_SPLINE_CURVE_WITH_KNOTS('',3,(#4985,#4986,#4987,#4988),
  .UNSPECIFIED.,.F.,.F.,(4,4),(0.,1.),.PIECEWISE_BEZIER_KNOTS.);
#4985 = CARTESIAN_POINT('',(51.362613065745,17.769637182782,0.));
#4986 = CARTESIAN_POINT('',(50.929153596511,17.487851667152,0.));
#4987 = CARTESIAN_POINT('',(50.711121467379,17.276614730795,0.));
#4988 = CARTESIAN_POINT('',(50.641464873084,17.203758490019,0.));
#4989 = ORIENTED_EDGE('',*,*,#4990,.T.);
#4990 = EDGE_CURVE('',#4982,#4991,#4993,.T.);
#4991 = VERTEX_POINT('',#4992);
#4992 = CARTESIAN_POINT('',(50.425977841362,16.952839388154,0.));
#4993 = LINE('',#4994,#4995);
#4994 = CARTESIAN_POINT('',(50.641464873084,17.203758490019,0.));
#4995 = VECTOR('',#4996,1.);
#4996 = DIRECTION('',(-0.651511806685,-0.758638494772,0.));
#4997 = ORIENTED_EDGE('',*,*,#4998,.T.);
#4998 = EDGE_CURVE('',#4991,#4999,#5001,.T.);
#4999 = VERTEX_POINT('',#5000);
#5000 = CARTESIAN_POINT('',(49.366616747915,16.839939332265,0.));
#5001 = CIRCLE('',#5002,0.76);
#5002 = AXIS2_PLACEMENT_3D('',#5003,#5004,#5005);
#5003 = CARTESIAN_POINT('',(49.838851009313,17.435417965266,0.));
#5004 = DIRECTION('',(0.,-0.,-1.));
#5005 = DIRECTION('',(0.772535305327,-0.634971811991,0.));
#5006 = ORIENTED_EDGE('',*,*,#5007,.T.);
#5007 = EDGE_CURVE('',#4999,#5008,#5010,.T.);
#5008 = VERTEX_POINT('',#5009);
#5009 = CARTESIAN_POINT('',(48.806597331229,17.26965734448,0.));
#5010 = CIRCLE('',#5011,21.500000000008);
#5011 = AXIS2_PLACEMENT_3D('',#5012,#5013,#5014);
#5012 = CARTESIAN_POINT('',(35.999999999995,-6.275868713601E-12,0.));
#5013 = DIRECTION('',(0.,-0.,1.));
#5014 = DIRECTION('',(0.621703104554,0.783252992198,0.));
#5015 = ORIENTED_EDGE('',*,*,#5016,.T.);
#5016 = EDGE_CURVE('',#5008,#5017,#5019,.T.);
#5017 = VERTEX_POINT('',#5018);
#5018 = CARTESIAN_POINT('',(48.641467584377,18.322142268664,0.));
#5019 = CIRCLE('',#5020,0.76);
#5020 = AXIS2_PLACEMENT_3D('',#5021,#5022,#5023);
#5021 = CARTESIAN_POINT('',(49.259562301249,17.879921824796,0.));
#5022 = DIRECTION('',(0.,0.,-1.));
#5023 = DIRECTION('',(-0.5960065395,-0.802979579363,-0.));
#5024 = ORIENTED_EDGE('',*,*,#5025,.T.);
#5025 = EDGE_CURVE('',#5017,#5026,#5028,.T.);
#5026 = VERTEX_POINT('',#5027);
#5027 = CARTESIAN_POINT('',(48.828064677396,18.595229400177,0.));
#5028 = LINE('',#5029,#5030);
#5029 = CARTESIAN_POINT('',(48.641467584377,18.322142268664,0.));
#5030 = VECTOR('',#5031,1.);
#5031 = DIRECTION('',(0.564164851238,0.825662171005,0.));
#5032 = ORIENTED_EDGE('',*,*,#5033,.T.);
#5033 = EDGE_CURVE('',#5026,#5034,#5036,.T.);
#5034 = VERTEX_POINT('',#5035);
#5035 = CARTESIAN_POINT('',(49.18801463468,19.438265246955,0.));
#5036 = B_SPLINE_CURVE_WITH_KNOTS('',3,(#5037,#5038,#5039,#5040),
  .UNSPECIFIED.,.F.,.F.,(4,4),(0.,1.),.PIECEWISE_BEZIER_KNOTS.);
#5037 = CARTESIAN_POINT('',(48.828064677396,18.595229400177,0.));
#5038 = CARTESIAN_POINT('',(48.880409948747,18.681369086246,0.));
#5039 = CARTESIAN_POINT('',(49.028018293576,18.946644092893,0.));
#5040 = CARTESIAN_POINT('',(49.18801463468,19.438265246955,0.));
#5041 = ORIENTED_EDGE('',*,*,#5042,.T.);
#5042 = EDGE_CURVE('',#5034,#5043,#5045,.T.);
#5043 = VERTEX_POINT('',#5044);
#5044 = CARTESIAN_POINT('',(49.615081358835,22.152611227234,0.));
#5045 = B_SPLINE_CURVE_WITH_KNOTS('',3,(#5046,#5047,#5048,#5049),
  .UNSPECIFIED.,.F.,.F.,(4,4),(0.,1.),.PIECEWISE_BEZIER_KNOTS.);
#5046 = CARTESIAN_POINT('',(49.18801463468,19.438265246955,0.));
#5047 = CARTESIAN_POINT('',(49.378169125292,20.027895028862,0.));
#5048 = CARTESIAN_POINT('',(49.576301406562,20.922817349069,0.));
#5049 = CARTESIAN_POINT('',(49.615081358835,22.152611227234,0.));
#5050 = ORIENTED_EDGE('',*,*,#5051,.T.);
#5051 = EDGE_CURVE('',#5043,#5052,#5054,.T.);
#5052 = VERTEX_POINT('',#5053);
#5053 = CARTESIAN_POINT('',(48.375470484699,22.865863864773,0.));
#5054 = CIRCLE('',#5055,26.000000000021);
#5055 = AXIS2_PLACEMENT_3D('',#5056,#5057,#5058);
#5056 = CARTESIAN_POINT('',(36.0334236869,-1.805802029746E-02,0.));
#5057 = DIRECTION('',(0.,-0.,1.));
#5058 = DIRECTION('',(0.52237144892,0.852718047981,0.));
#5059 = ORIENTED_EDGE('',*,*,#5060,.T.);
#5060 = EDGE_CURVE('',#5052,#5061,#5063,.T.);
#5061 = VERTEX_POINT('',#5062);
#5062 = CARTESIAN_POINT('',(46.240024192023,21.140288322592,0.));
#5063 = B_SPLINE_CURVE_WITH_KNOTS('',3,(#5064,#5065,#5066,#5067),
  .UNSPECIFIED.,.F.,.F.,(4,4),(0.,1.),.PIECEWISE_BEZIER_KNOTS.);
#5064 = CARTESIAN_POINT('',(48.375470484699,22.865863864773,0.));
#5065 = CARTESIAN_POINT('',(47.331540639755,22.218830582051,0.));
#5066 = CARTESIAN_POINT('',(46.655581316677,21.599781833058,0.));
#5067 = CARTESIAN_POINT('',(46.240024192023,21.140288322592,0.));
#5068 = ORIENTED_EDGE('',*,*,#5069,.T.);
#5069 = EDGE_CURVE('',#5061,#5070,#5072,.T.);
#5070 = VERTEX_POINT('',#5071);
#5071 = CARTESIAN_POINT('',(45.689908711055,20.407044592103,0.));
#5072 = B_SPLINE_CURVE_WITH_KNOTS('',3,(#5073,#5074,#5075,#5076),
  .UNSPECIFIED.,.F.,.F.,(4,4),(0.,1.),.PIECEWISE_BEZIER_KNOTS.);
#5073 = CARTESIAN_POINT('',(46.240024192023,21.140288322592,0.));
#5074 = CARTESIAN_POINT('',(45.89426595412,20.755916849652,0.));
#5075 = CARTESIAN_POINT('',(45.738335231789,20.495446769896,0.));
#5076 = CARTESIAN_POINT('',(45.689908711055,20.407044592103,0.));
#5077 = ORIENTED_EDGE('',*,*,#5078,.T.);
#5078 = EDGE_CURVE('',#5070,#5079,#5081,.T.);
#5079 = VERTEX_POINT('',#5080);
#5080 = CARTESIAN_POINT('',(45.546706864227,20.10890320352,0.));
#5081 = LINE('',#5082,#5083);
#5082 = CARTESIAN_POINT('',(45.689908711055,20.407044592103,0.));
#5083 = VECTOR('',#5084,1.);
#5084 = DIRECTION('',(-0.432961989415,-0.901412178596,0.));
#5085 = ORIENTED_EDGE('',*,*,#5086,.T.);
#5086 = EDGE_CURVE('',#5079,#5087,#5089,.T.);
#5087 = VERTEX_POINT('',#5088);
#5088 = CARTESIAN_POINT('',(44.552663309358,19.725667297122,0.));
#5089 = CIRCLE('',#5090,0.76);
#5090 = AXIS2_PLACEMENT_3D('',#5091,#5092,#5093);
#5091 = CARTESIAN_POINT('',(44.854685367329,20.423078708342,0.));
#5092 = DIRECTION('',(0.,-0.,-1.));
#5093 = DIRECTION('',(0.910554601182,-0.413388822135,0.));
#5094 = ORIENTED_EDGE('',*,*,#5095,.T.);
#5095 = EDGE_CURVE('',#5087,#5096,#5098,.T.);
#5096 = VERTEX_POINT('',#5097);
#5097 = CARTESIAN_POINT('',(43.900506885973,19.995799332477,0.));
#5098 = CIRCLE('',#5099,21.499999999985);
#5099 = AXIS2_PLACEMENT_3D('',#5100,#5101,#5102);
#5100 = CARTESIAN_POINT('',(36.000000000006,1.418598571945E-11,0.));
#5101 = DIRECTION('',(0.,-0.,1.));
#5102 = DIRECTION('',(0.397798293459,0.917472897541,0.));
#5103 = ORIENTED_EDGE('',*,*,#5104,.T.);
#5104 = EDGE_CURVE('',#5096,#5105,#5107,.T.);
#5105 = VERTEX_POINT('',#5106);
#5106 = CARTESIAN_POINT('',(43.468600655737,20.969682979128,0.));
#5107 = CIRCLE('',#5108,0.76);
#5108 = AXIS2_PLACEMENT_3D('',#5109,#5110,#5111);
#5109 = CARTESIAN_POINT('',(44.180089378864,20.702505515887,0.));
#5110 = DIRECTION('',(0.,0.,-1.));
#5111 = DIRECTION('',(-0.367871701172,-0.929876557117,-0.));
#5112 = ORIENTED_EDGE('',*,*,#5113,.T.);
#5113 = EDGE_CURVE('',#5105,#5114,#5116,.T.);
#5114 = VERTEX_POINT('',#5115);
#5115 = CARTESIAN_POINT('',(43.578159456387,21.281759773718,0.));
#5116 = LINE('',#5117,#5118);
#5117 = CARTESIAN_POINT('',(43.468600655737,20.969682979128,0.));
#5118 = VECTOR('',#5119,1.);
#5119 = DIRECTION('',(0.331244305418,0.943545022841,0.));
#5120 = ORIENTED_EDGE('',*,*,#5121,.T.);
#5121 = EDGE_CURVE('',#5114,#5122,#5124,.T.);
#5122 = VERTEX_POINT('',#5123);
#5123 = CARTESIAN_POINT('',(43.70765068345,22.189231774837,0.));
#5124 = B_SPLINE_CURVE_WITH_KNOTS('',3,(#5125,#5126,#5127,#5128),
  .UNSPECIFIED.,.F.,.F.,(4,4),(0.,1.),.PIECEWISE_BEZIER_KNOTS.);
#5125 = CARTESIAN_POINT('',(43.578159456387,21.281759773718,0.));
#5126 = CARTESIAN_POINT('',(43.606426514576,21.378512274307,0.));
#5127 = CARTESIAN_POINT('',(43.680347003112,21.672952105155,0.));
#5128 = CARTESIAN_POINT('',(43.70765068345,22.189231774837,0.));
#5129 = ORIENTED_EDGE('',*,*,#5130,.T.);
#5130 = EDGE_CURVE('',#5122,#5131,#5133,.T.);
#5131 = VERTEX_POINT('',#5132);
#5132 = CARTESIAN_POINT('',(43.417641027166,24.921621660414,0.));
#5133 = B_SPLINE_CURVE_WITH_KNOTS('',3,(#5134,#5135,#5136,#5137),
  .UNSPECIFIED.,.F.,.F.,(4,4),(0.,1.),.PIECEWISE_BEZIER_KNOTS.);
#5134 = CARTESIAN_POINT('',(43.70765068345,22.189231774837,0.));
#5135 = CARTESIAN_POINT('',(43.738718399799,22.807986012812,0.));
#5136 = CARTESIAN_POINT('',(43.698476546942,23.723695002265,0.));
#5137 = CARTESIAN_POINT('',(43.417641027166,24.921621660414,0.));
#5138 = ORIENTED_EDGE('',*,*,#5139,.T.);
#5139 = EDGE_CURVE('',#5131,#5140,#5142,.T.);
#5140 = VERTEX_POINT('',#5141);
#5141 = CARTESIAN_POINT('',(42.035665502724,25.289735900939,0.));
#5142 = CIRCLE('',#5143,26.000000000015);
#5143 = AXIS2_PLACEMENT_3D('',#5144,#5145,#5146);
#5144 = CARTESIAN_POINT('',(36.036958561958,-8.792021444611E-03,0.));
#5145 = DIRECTION('',(0.,-0.,1.));
#5146 = DIRECTION('',(0.283872402508,0.958862064686,0.));
#5147 = ORIENTED_EDGE('',*,*,#5148,.T.);
#5148 = EDGE_CURVE('',#5140,#5149,#5151,.T.);
#5149 = VERTEX_POINT('',#5150);
#5150 = CARTESIAN_POINT('',(40.419594592055,23.070263749195,0.));
#5151 = B_SPLINE_CURVE_WITH_KNOTS('',3,(#5152,#5153,#5154,#5155),
  .UNSPECIFIED.,.F.,.F.,(4,4),(0.,1.),.PIECEWISE_BEZIER_KNOTS.);
#5152 = CARTESIAN_POINT('',(42.035665502724,25.289735900939,0.));
#5153 = CARTESIAN_POINT('',(41.194771241042,24.394560817067,0.));
#5154 = CARTESIAN_POINT('',(40.702066279446,23.621654496155,0.));
#5155 = CARTESIAN_POINT('',(40.419594592055,23.070263749195,0.));
#5156 = ORIENTED_EDGE('',*,*,#5157,.T.);
#5157 = EDGE_CURVE('',#5149,#5158,#5160,.T.);
#5158 = VERTEX_POINT('',#5159);
#5159 = CARTESIAN_POINT('',(40.078001283699,22.219624329471,0.));
#5160 = B_SPLINE_CURVE_WITH_KNOTS('',3,(#5161,#5162,#5163,#5164),
  .UNSPECIFIED.,.F.,.F.,(4,4),(0.,1.),.PIECEWISE_BEZIER_KNOTS.);
#5161 = CARTESIAN_POINT('',(40.419594592055,23.070263749195,0.));
#5162 = CARTESIAN_POINT('',(40.185100438003,22.609500599623,0.));
#5163 = CARTESIAN_POINT('',(40.101897543511,22.317547981955,0.));
#5164 = CARTESIAN_POINT('',(40.078001283699,22.219624329471,0.));
#5165 = ORIENTED_EDGE('',*,*,#5166,.T.);
#5166 = EDGE_CURVE('',#5158,#5167,#5169,.T.);
#5167 = VERTEX_POINT('',#5168);
#5168 = CARTESIAN_POINT('',(40.016843590974,21.894578497099,0.));
#5169 = LINE('',#5170,#5171);
#5170 = CARTESIAN_POINT('',(40.078001283699,22.219624329471,0.));
#5171 = VECTOR('',#5172,1.);
#5172 = DIRECTION('',(-0.184906528069,-0.982756112104,0.));
#5173 = ORIENTED_EDGE('',*,*,#5174,.T.);
#5174 = EDGE_CURVE('',#5167,#5175,#5177,.T.);
#5175 = VERTEX_POINT('',#5176);
#5176 = CARTESIAN_POINT('',(39.155860000212,21.267123633888,0.));
#5177 = CIRCLE('',#5178,0.76);
#5178 = AXIS2_PLACEMENT_3D('',#5179,#5180,#5181);
#5179 = CARTESIAN_POINT('',(39.26708755062,22.018940388177,0.));
#5180 = DIRECTION('',(0.,0.,-1.));
#5181 = DIRECTION('',(0.986521105729,-0.163634067207,0.));
#5182 = ORIENTED_EDGE('',*,*,#5183,.T.);
#5183 = EDGE_CURVE('',#5175,#5184,#5186,.T.);
#5184 = VERTEX_POINT('',#5185);
#5185 = CARTESIAN_POINT('',(38.456009952642,21.359260640587,0.));
#5186 = CIRCLE('',#5187,21.500000000019);
#5187 = AXIS2_PLACEMENT_3D('',#5188,#5189,#5190);
#5188 = CARTESIAN_POINT('',(35.999999999998,-1.839417507199E-11,0.));
#5189 = DIRECTION('',(0.,-0.,1.));
#5190 = DIRECTION('',(0.146784186056,0.989168541111,0.));
#5191 = ORIENTED_EDGE('',*,*,#5192,.T.);
#5192 = EDGE_CURVE('',#5184,#5193,#5195,.T.);
#5193 = VERTEX_POINT('',#5194);
#5194 = CARTESIAN_POINT('',(37.786760934856,22.188174448604,0.));
#5195 = CIRCLE('',#5196,0.76);
#5196 = AXIS2_PLACEMENT_3D('',#5197,#5198,#5199);
#5197 = CARTESIAN_POINT('',(38.543156883546,22.114247668577,0.));
#5198 = DIRECTION('',(0.,0.,-1.));
#5199 = DIRECTION('',(-0.114667014347,-0.993403984198,-0.));
#5200 = ORIENTED_EDGE('',*,*,#5201,.T.);
#5201 = EDGE_CURVE('',#5193,#5202,#5204,.T.);
#5202 = VERTEX_POINT('',#5203);
#5203 = CARTESIAN_POINT('',(37.811815191926,22.517973388451,0.));
#5204 = LINE('',#5205,#5206);
#5205 = CARTESIAN_POINT('',(37.786760934856,22.188174448604,0.));
#5206 = VECTOR('',#5207,1.);
#5207 = DIRECTION('',(7.575000759185E-02,0.997126840653,0.));
#5208 = ORIENTED_EDGE('',*,*,#5209,.T.);
#5209 = EDGE_CURVE('',#5202,#5210,#5212,.T.);
#5210 = VERTEX_POINT('',#5211);
#5211 = CARTESIAN_POINT('',(37.702023075637,23.428038826704,0.));
#5212 = B_SPLINE_CURVE_WITH_KNOTS('',3,(#5213,#5214,#5215,#5216),
  .UNSPECIFIED.,.F.,.F.,(4,4),(0.,1.),.PIECEWISE_BEZIER_KNOTS.);
#5213 = CARTESIAN_POINT('',(37.811815191926,22.517973388451,0.));
#5214 = CARTESIAN_POINT('',(37.81407768365,22.618745180536,0.));
#5215 = CARTESIAN_POINT('',(37.809272756759,22.922284247696,0.));
#5216 = CARTESIAN_POINT('',(37.702023075637,23.428038826704,0.));
#5217 = ORIENTED_EDGE('',*,*,#5218,.T.);
#5218 = EDGE_CURVE('',#5210,#5219,#5221,.T.);
#5219 = VERTEX_POINT('',#5220);
#5220 = CARTESIAN_POINT('',(36.714700717726,25.992264762363,0.));
#5221 = B_SPLINE_CURVE_WITH_KNOTS('',3,(#5222,#5223,#5224,#5225),
  .UNSPECIFIED.,.F.,.F.,(4,4),(0.,1.),.PIECEWISE_BEZIER_KNOTS.);
#5222 = CARTESIAN_POINT('',(37.702023075637,23.428038826704,0.));
#5223 = CARTESIAN_POINT('',(37.571886804196,24.033750441968,0.));
#5224 = CARTESIAN_POINT('',(37.296013232982,24.907842046316,0.));
#5225 = CARTESIAN_POINT('',(36.714700717726,25.992264762363,0.));
#5226 = ORIENTED_EDGE('',*,*,#5227,.T.);
#5227 = EDGE_CURVE('',#5219,#5228,#5230,.T.);
#5228 = VERTEX_POINT('',#5229);
#5229 = CARTESIAN_POINT('',(35.284539891147,25.99015422872,0.));
#5230 = CIRCLE('',#5231,25.999999999985);
#5231 = AXIS2_PLACEMENT_3D('',#5232,#5233,#5234);
#5232 = CARTESIAN_POINT('',(36.037974772092,1.073139165859E-03,0.));
#5233 = DIRECTION('',(0.,-0.,1.));
#5234 = DIRECTION('',(2.602792098593E-02,0.999661216277,0.));
#5235 = ORIENTED_EDGE('',*,*,#5236,.T.);
#5236 = EDGE_CURVE('',#5228,#5237,#5239,.T.);
#5237 = VERTEX_POINT('',#5238);
#5238 = CARTESIAN_POINT('',(34.297976924363,23.428038826704,0.));
#5239 = B_SPLINE_CURVE_WITH_KNOTS('',3,(#5240,#5241,#5242,#5243),
  .UNSPECIFIED.,.F.,.F.,(4,4),(0.,1.),.PIECEWISE_BEZIER_KNOTS.);
#5240 = CARTESIAN_POINT('',(35.284539891147,25.99015422872,0.));
#5241 = CARTESIAN_POINT('',(34.703986767018,24.907842046316,0.));
#5242 = CARTESIAN_POINT('',(34.428113195804,24.033750441968,0.));
#5243 = CARTESIAN_POINT('',(34.297976924363,23.428038826704,0.));
#5244 = ORIENTED_EDGE('',*,*,#5245,.T.);
#5245 = EDGE_CURVE('',#5237,#5246,#5248,.T.);
#5246 = VERTEX_POINT('',#5247);
#5247 = CARTESIAN_POINT('',(34.188184808074,22.517973388451,0.));
#5248 = B_SPLINE_CURVE_WITH_KNOTS('',3,(#5249,#5250,#5251,#5252),
  .UNSPECIFIED.,.F.,.F.,(4,4),(0.,1.),.PIECEWISE_BEZIER_KNOTS.);
#5249 = CARTESIAN_POINT('',(34.297976924363,23.428038826704,0.));
#5250 = CARTESIAN_POINT('',(34.190727243241,22.922284247696,0.));
#5251 = CARTESIAN_POINT('',(34.18592231635,22.618745180536,0.));
#5252 = CARTESIAN_POINT('',(34.188184808074,22.517973388451,0.));
#5253 = ORIENTED_EDGE('',*,*,#5254,.T.);
#5254 = EDGE_CURVE('',#5246,#5255,#5257,.T.);
#5255 = VERTEX_POINT('',#5256);
#5256 = CARTESIAN_POINT('',(34.213239065144,22.188174448604,0.));
#5257 = LINE('',#5258,#5259);
#5258 = CARTESIAN_POINT('',(34.188184808074,22.517973388451,0.));
#5259 = VECTOR('',#5260,1.);
#5260 = DIRECTION('',(7.575000759186E-02,-0.997126840653,0.));
#5261 = ORIENTED_EDGE('',*,*,#5262,.T.);
#5262 = EDGE_CURVE('',#5255,#5263,#5265,.T.);
#5263 = VERTEX_POINT('',#5264);
#5264 = CARTESIAN_POINT('',(33.543990047358,21.359260640587,0.));
#5265 = CIRCLE('',#5266,0.76);
#5266 = AXIS2_PLACEMENT_3D('',#5267,#5268,#5269);
#5267 = CARTESIAN_POINT('',(33.456843116454,22.114247668577,0.));
#5268 = DIRECTION('',(0.,0.,-1.));
#5269 = DIRECTION('',(0.995257827224,9.727207898203E-02,0.));
#5270 = ORIENTED_EDGE('',*,*,#5271,.T.);
#5271 = EDGE_CURVE('',#5263,#5272,#5274,.T.);
#5272 = VERTEX_POINT('',#5273);
#5273 = CARTESIAN_POINT('',(32.844139999788,21.267123633888,0.));
#5274 = CIRCLE('',#5275,21.499999999974);
#5275 = AXIS2_PLACEMENT_3D('',#5276,#5277,#5278);
#5276 = CARTESIAN_POINT('',(35.999999999997,2.546940436332E-11,0.));
#5277 = DIRECTION('',(0.,0.,1.));
#5278 = DIRECTION('',(-0.114233021053,0.993453983283,0.));
#5279 = ORIENTED_EDGE('',*,*,#5280,.T.);
#5280 = EDGE_CURVE('',#5272,#5281,#5283,.T.);
#5281 = VERTEX_POINT('',#5282);
#5282 = CARTESIAN_POINT('',(31.983156409026,21.894578497099,0.));
#5283 = CIRCLE('',#5284,0.76);
#5284 = AXIS2_PLACEMENT_3D('',#5285,#5286,#5287);
#5285 = CARTESIAN_POINT('',(32.73291244938,22.018940388177,0.));
#5286 = DIRECTION('',(0.,0.,-1.));
#5287 = DIRECTION('',(0.14635204001,-0.989232571433,0.));
#5288 = ORIENTED_EDGE('',*,*,#5289,.T.);
#5289 = EDGE_CURVE('',#5281,#5290,#5292,.T.);
#5290 = VERTEX_POINT('',#5291);
#5291 = CARTESIAN_POINT('',(31.921998716301,22.219624329471,0.));
#5292 = LINE('',#5293,#5294);
#5293 = CARTESIAN_POINT('',(31.983156409026,21.894578497099,0.));
#5294 = VECTOR('',#5295,1.);
#5295 = DIRECTION('',(-0.184906528069,0.982756112104,0.));
#5296 = ORIENTED_EDGE('',*,*,#5297,.T.);
#5297 = EDGE_CURVE('',#5290,#5298,#5300,.T.);
#5298 = VERTEX_POINT('',#5299);
#5299 = CARTESIAN_POINT('',(31.580405407945,23.070263749195,0.));
#5300 = B_SPLINE_CURVE_WITH_KNOTS('',3,(#5301,#5302,#5303,#5304),
  .UNSPECIFIED.,.F.,.F.,(4,4),(0.,1.),.PIECEWISE_BEZIER_KNOTS.);
#5301 = CARTESIAN_POINT('',(31.921998716301,22.219624329471,0.));
#5302 = CARTESIAN_POINT('',(31.898102456489,22.317547981955,0.));
#5303 = CARTESIAN_POINT('',(31.814899561997,22.609500599623,0.));
#5304 = CARTESIAN_POINT('',(31.580405407945,23.070263749195,0.));
#5305 = ORIENTED_EDGE('',*,*,#5306,.T.);
#5306 = EDGE_CURVE('',#5298,#5307,#5309,.T.);
#5307 = VERTEX_POINT('',#5308);
#5308 = CARTESIAN_POINT('',(29.963054735472,25.291577975005,0.));
#5309 = B_SPLINE_CURVE_WITH_KNOTS('',3,(#5310,#5311,#5312,#5313),
  .UNSPECIFIED.,.F.,.F.,(4,4),(0.,1.),.PIECEWISE_BEZIER_KNOTS.);
#5310 = CARTESIAN_POINT('',(31.580405407945,23.070263749195,0.));
#5311 = CARTESIAN_POINT('',(31.297933720554,23.621654496155,0.));
#5312 = CARTESIAN_POINT('',(30.805228758958,24.394560817067,0.));
#5313 = CARTESIAN_POINT('',(29.963054735472,25.291577975005,0.));
#5314 = ORIENTED_EDGE('',*,*,#5315,.T.);
#5315 = EDGE_CURVE('',#5307,#5316,#5318,.T.);
#5316 = VERTEX_POINT('',#5317);
#5317 = CARTESIAN_POINT('',(28.582171703635,24.919386496574,0.));
#5318 = CIRCLE('',#5319,26.);
#5319 = AXIS2_PLACEMENT_3D('',#5320,#5321,#5322);
#5320 = CARTESIAN_POINT('',(36.036403064261,1.086516707191E-02,0.));
#5321 = DIRECTION('',(0.,0.,1.));
#5322 = DIRECTION('',(-0.233590320338,0.972335107997,0.));
#5323 = ORIENTED_EDGE('',*,*,#5324,.T.);
#5324 = EDGE_CURVE('',#5316,#5325,#5327,.T.);
#5325 = VERTEX_POINT('',#5326);
#5326 = CARTESIAN_POINT('',(28.29234931655,22.189231774837,0.));
#5327 = B_SPLINE_CURVE_WITH_KNOTS('',3,(#5328,#5329,#5330,#5331),
  .UNSPECIFIED.,.F.,.F.,(4,4),(0.,1.),.PIECEWISE_BEZIER_KNOTS.);
#5328 = CARTESIAN_POINT('',(28.582171703635,24.919386496574,0.));
#5329 = CARTESIAN_POINT('',(28.301523453058,23.723695002265,0.));
#5330 = CARTESIAN_POINT('',(28.261281600201,22.807986012812,0.));
#5331 = CARTESIAN_POINT('',(28.29234931655,22.189231774837,0.));
#5332 = ORIENTED_EDGE('',*,*,#5333,.T.);
#5333 = EDGE_CURVE('',#5325,#5334,#5336,.T.);
#5334 = VERTEX_POINT('',#5335);
#5335 = CARTESIAN_POINT('',(28.421840543613,21.281759773718,0.));
#5336 = B_SPLINE_CURVE_WITH_KNOTS('',3,(#5337,#5338,#5339,#5340),
  .UNSPECIFIED.,.F.,.F.,(4,4),(0.,1.),.PIECEWISE_BEZIER_KNOTS.);
#5337 = CARTESIAN_POINT('',(28.29234931655,22.189231774837,0.));
#5338 = CARTESIAN_POINT('',(28.319652996888,21.672952105155,0.));
#5339 = CARTESIAN_POINT('',(28.393573485424,21.378512274307,0.));
#5340 = CARTESIAN_POINT('',(28.421840543613,21.281759773718,0.));
#5341 = ORIENTED_EDGE('',*,*,#5342,.T.);
#5342 = EDGE_CURVE('',#5334,#5343,#5345,.T.);
#5343 = VERTEX_POINT('',#5344);
#5344 = CARTESIAN_POINT('',(28.531399344263,20.969682979128,0.));
#5345 = LINE('',#5346,#5347);
#5346 = CARTESIAN_POINT('',(28.421840543613,21.281759773718,0.));
#5347 = VECTOR('',#5348,1.);
#5348 = DIRECTION('',(0.331244305418,-0.943545022841,0.));
#5349 = ORIENTED_EDGE('',*,*,#5350,.T.);
#5350 = EDGE_CURVE('',#5343,#5351,#5353,.T.);
#5351 = VERTEX_POINT('',#5352);
#5352 = CARTESIAN_POINT('',(28.099493114027,19.995799332477,0.));
#5353 = CIRCLE('',#5354,0.76);
#5354 = AXIS2_PLACEMENT_3D('',#5355,#5356,#5357);
#5355 = CARTESIAN_POINT('',(27.819910621136,20.702505515887,0.));
#5356 = DIRECTION('',(0.,0.,-1.));
#5357 = DIRECTION('',(0.936169372535,0.351549293738,0.));
#5358 = ORIENTED_EDGE('',*,*,#5359,.T.);
#5359 = EDGE_CURVE('',#5351,#5360,#5362,.T.);
#5360 = VERTEX_POINT('',#5361);
#5361 = CARTESIAN_POINT('',(27.447336690642,19.725667297122,0.));
#5362 = CIRCLE('',#5363,21.500000000025);
#5363 = AXIS2_PLACEMENT_3D('',#5364,#5365,#5366);
#5364 = CARTESIAN_POINT('',(36.000000000009,-2.323830017303E-11,0.));
#5365 = DIRECTION('',(0.,0.,1.));
#5366 = DIRECTION('',(-0.367465436557,0.930037178255,0.));
#5367 = ORIENTED_EDGE('',*,*,#5368,.T.);
#5368 = EDGE_CURVE('',#5360,#5369,#5371,.T.);
#5369 = VERTEX_POINT('',#5370);
#5370 = CARTESIAN_POINT('',(26.453293135773,20.10890320352,0.));
#5371 = CIRCLE('',#5372,0.76);
#5372 = AXIS2_PLACEMENT_3D('',#5373,#5374,#5375);
#5373 = CARTESIAN_POINT('',(27.145314632671,20.423078708342,0.));
#5374 = DIRECTION('',(0.,-0.,-1.));
#5375 = DIRECTION('',(0.397397444698,-0.91764659371,0.));
#5376 = ORIENTED_EDGE('',*,*,#5377,.T.);
#5377 = EDGE_CURVE('',#5369,#5378,#5380,.T.);
#5378 = VERTEX_POINT('',#5379);
#5379 = CARTESIAN_POINT('',(26.310091288945,20.407044592103,0.));
#5380 = LINE('',#5381,#5382);
#5381 = CARTESIAN_POINT('',(26.453293135773,20.10890320352,0.));
#5382 = VECTOR('',#5383,1.);
#5383 = DIRECTION('',(-0.432961989415,0.901412178596,0.));
#5384 = ORIENTED_EDGE('',*,*,#5385,.T.);
#5385 = EDGE_CURVE('',#5378,#5386,#5388,.T.);
#5386 = VERTEX_POINT('',#5387);
#5387 = CARTESIAN_POINT('',(25.759975807977,21.140288322592,0.));
#5388 = B_SPLINE_CURVE_WITH_KNOTS('',3,(#5389,#5390,#5391,#5392),
  .UNSPECIFIED.,.F.,.F.,(4,4),(0.,1.),.PIECEWISE_BEZIER_KNOTS.);
#5389 = CARTESIAN_POINT('',(26.310091288945,20.407044592103,0.));
#5390 = CARTESIAN_POINT('',(26.261664768211,20.495446769896,0.));
#5391 = CARTESIAN_POINT('',(26.10573404588,20.755916849652,0.));
#5392 = CARTESIAN_POINT('',(25.759975807977,21.140288322592,0.));
#5393 = ORIENTED_EDGE('',*,*,#5394,.T.);
#5394 = EDGE_CURVE('',#5386,#5395,#5397,.T.);
#5395 = VERTEX_POINT('',#5396);
#5396 = CARTESIAN_POINT('',(23.622816596472,22.86731194496,0.));
#5397 = B_SPLINE_CURVE_WITH_KNOTS('',3,(#5398,#5399,#5400,#5401),
  .UNSPECIFIED.,.F.,.F.,(4,4),(0.,1.),.PIECEWISE_BEZIER_KNOTS.);
#5398 = CARTESIAN_POINT('',(25.759975807977,21.140288322592,0.));
#5399 = CARTESIAN_POINT('',(25.344418683323,21.599781833058,0.));
#5400 = CARTESIAN_POINT('',(24.668459360245,22.218830582051,0.));
#5401 = CARTESIAN_POINT('',(23.622816596472,22.86731194496,0.));
#5402 = ORIENTED_EDGE('',*,*,#5403,.T.);
#5403 = EDGE_CURVE('',#5395,#5404,#5406,.T.);
#5404 = VERTEX_POINT('',#5405);
#5405 = CARTESIAN_POINT('',(22.385316255979,22.15040375592,0.));
#5406 = CIRCLE('',#5407,26.000000000012);
#5407 = AXIS2_PLACEMENT_3D('',#5408,#5409,#5410);
#5408 = CARTESIAN_POINT('',(36.032350547766,1.991675180227E-02,0.));
#5409 = DIRECTION('',(0.,0.,1.));
#5410 = DIRECTION('',(-0.477289767357,0.878745968967,0.));
#5411 = ORIENTED_EDGE('',*,*,#5412,.T.);
#5412 = EDGE_CURVE('',#5404,#5413,#5415,.T.);
#5413 = VERTEX_POINT('',#5414);
#5414 = CARTESIAN_POINT('',(22.81198536532,19.438265246955,0.));
#5415 = B_SPLINE_CURVE_WITH_KNOTS('',3,(#5416,#5417,#5418,#5419),
  .UNSPECIFIED.,.F.,.F.,(4,4),(0.,1.),.PIECEWISE_BEZIER_KNOTS.);
#5416 = CARTESIAN_POINT('',(22.385316255979,22.15040375592,0.));
#5417 = CARTESIAN_POINT('',(22.423698593438,20.922817349069,0.));
#5418 = CARTESIAN_POINT('',(22.621830874708,20.027895028862,0.));
#5419 = CARTESIAN_POINT('',(22.81198536532,19.438265246955,0.));
#5420 = ORIENTED_EDGE('',*,*,#5421,.T.);
#5421 = EDGE_CURVE('',#5413,#5422,#5424,.T.);
#5422 = VERTEX_POINT('',#5423);
#5423 = CARTESIAN_POINT('',(23.171935322604,18.595229400177,0.));
#5424 = B_SPLINE_CURVE_WITH_KNOTS('',3,(#5425,#5426,#5427,#5428),
  .UNSPECIFIED.,.F.,.F.,(4,4),(0.,1.),.PIECEWISE_BEZIER_KNOTS.);
#5425 = CARTESIAN_POINT('',(22.81198536532,19.438265246955,0.));
#5426 = CARTESIAN_POINT('',(22.971981706424,18.946644092893,0.));
#5427 = CARTESIAN_POINT('',(23.119590051253,18.681369086246,0.));
#5428 = CARTESIAN_POINT('',(23.171935322604,18.595229400177,0.));
#5429 = ORIENTED_EDGE('',*,*,#5430,.T.);
#5430 = EDGE_CURVE('',#5422,#5431,#5433,.T.);
#5431 = VERTEX_POINT('',#5432);
#5432 = CARTESIAN_POINT('',(23.358532415623,18.322142268664,0.));
#5433 = LINE('',#5434,#5435);
#5434 = CARTESIAN_POINT('',(23.171935322604,18.595229400177,0.));
#5435 = VECTOR('',#5436,1.);
#5436 = DIRECTION('',(0.564164851238,-0.825662171005,0.));
#5437 = ORIENTED_EDGE('',*,*,#5438,.T.);
#5438 = EDGE_CURVE('',#5431,#5439,#5441,.T.);
#5439 = VERTEX_POINT('',#5440);
#5440 = CARTESIAN_POINT('',(23.193402668771,17.26965734448,0.));
#5441 = CIRCLE('',#5442,0.76);
#5442 = AXIS2_PLACEMENT_3D('',#5443,#5444,#5445);
#5443 = CARTESIAN_POINT('',(22.740437698751,17.879921824796,0.));
#5444 = DIRECTION('',(0.,0.,-1.));
#5445 = DIRECTION('',(0.8132825222,0.581869005089,0.));
#5446 = ORIENTED_EDGE('',*,*,#5447,.T.);
#5447 = EDGE_CURVE('',#5439,#5448,#5450,.T.);
#5448 = VERTEX_POINT('',#5449);
#5449 = CARTESIAN_POINT('',(22.633383252085,16.839939332265,0.));
#5450 = CIRCLE('',#5451,21.500000000018);
#5451 = AXIS2_PLACEMENT_3D('',#5452,#5453,#5454);
#5452 = CARTESIAN_POINT('',(36.000000000011,-1.42783562751E-11,0.));
#5453 = DIRECTION('',(0.,0.,1.));
#5454 = DIRECTION('',(-0.595655689825,0.803239876487,0.));
#5455 = ORIENTED_EDGE('',*,*,#5456,.T.);
#5456 = EDGE_CURVE('',#5448,#5457,#5459,.T.);
#5457 = VERTEX_POINT('',#5458);
#5458 = CARTESIAN_POINT('',(21.574022158638,16.952839388154,0.));
#5459 = CIRCLE('',#5460,0.76);
#5460 = AXIS2_PLACEMENT_3D('',#5461,#5462,#5463);
#5461 = CARTESIAN_POINT('',(22.161148990687,17.435417965266,0.));
#5462 = DIRECTION('',(0.,-0.,-1.));
#5463 = DIRECTION('',(0.621360870261,-0.783524517107,0.));
#5464 = ORIENTED_EDGE('',*,*,#5465,.T.);
#5465 = EDGE_CURVE('',#5457,#5466,#5468,.T.);
#5466 = VERTEX_POINT('',#5467);
#5467 = CARTESIAN_POINT('',(21.358535126916,17.203758490019,0.));
#5468 = LINE('',#5469,#5470);
#5469 = CARTESIAN_POINT('',(21.574022158638,16.952839388154,0.));
#5470 = VECTOR('',#5471,1.);
#5471 = DIRECTION('',(-0.651511806685,0.758638494772,0.));
#5472 = ORIENTED_EDGE('',*,*,#5473,.T.);
#5473 = EDGE_CURVE('',#5466,#5474,#5476,.T.);
#5474 = VERTEX_POINT('',#5475);
#5475 = CARTESIAN_POINT('',(20.637386934255,17.769637182782,0.));
#5476 = B_SPLINE_CURVE_WITH_KNOTS('',3,(#5477,#5478,#5479,#5480),
  .UNSPECIFIED.,.F.,.F.,(4,4),(0.,1.),.PIECEWISE_BEZIER_KNOTS.);
#5477 = CARTESIAN_POINT('',(21.358535126916,17.203758490019,0.));
#5478 = CARTESIAN_POINT('',(21.288878532621,17.276614730795,0.));
#5479 = CARTESIAN_POINT('',(21.070846403489,17.487851667152,0.));
#5480 = CARTESIAN_POINT('',(20.637386934255,17.769637182782,0.));
#5481 = ORIENTED_EDGE('',*,*,#5482,.T.);
#5482 = EDGE_CURVE('',#5474,#5483,#5485,.T.);
#5483 = VERTEX_POINT('',#5484);
#5484 = CARTESIAN_POINT('',(18.12606305216,18.884676395886,0.));
#5485 = B_SPLINE_CURVE_WITH_KNOTS('',3,(#5486,#5487,#5488,#5489),
  .UNSPECIFIED.,.F.,.F.,(4,4),(0.,1.),.PIECEWISE_BEZIER_KNOTS.);
#5486 = CARTESIAN_POINT('',(20.637386934255,17.769637182782,0.));
#5487 = CARTESIAN_POINT('',(20.117063903644,18.105919733366,0.));
#5488 = CARTESIAN_POINT('',(19.303915729876,18.528923761223,0.));
#5489 = CARTESIAN_POINT('',(18.12606305216,18.884676395886,0.));
#5490 = ORIENTED_EDGE('',*,*,#5491,.T.);
#5491 = EDGE_CURVE('',#5483,#5492,#5494,.T.);
#5492 = VERTEX_POINT('',#5493);
#5493 = CARTESIAN_POINT('',(17.11627900615,17.871907604573,0.));
#5494 = CIRCLE('',#5495,25.999999999993);
#5495 = AXIS2_PLACEMENT_3D('',#5496,#5497,#5498);
#5496 = CARTESIAN_POINT('',(36.026093394885,2.761104283612E-02,0.));
#5497 = DIRECTION('',(0.,0.,1.));
#5498 = DIRECTION('',(-0.68846270549,0.725271744348,0.));
#5499 = ORIENTED_EDGE('',*,*,#5500,.T.);
#5500 = EDGE_CURVE('',#5492,#5501,#5503,.T.);
#5501 = VERTEX_POINT('',#5502);
#5502 = CARTESIAN_POINT('',(18.230362817218,15.362613065745,0.));
#5503 = B_SPLINE_CURVE_WITH_KNOTS('',3,(#5504,#5505,#5506,#5507),
  .UNSPECIFIED.,.F.,.F.,(4,4),(0.,1.),.PIECEWISE_BEZIER_KNOTS.);
#5504 = CARTESIAN_POINT('',(17.11627900615,17.871907604573,0.));
#5505 = CARTESIAN_POINT('',(17.471076238777,16.696084270124,0.));
#5506 = CARTESIAN_POINT('',(17.894080266634,15.882936096356,0.));
#5507 = CARTESIAN_POINT('',(18.230362817218,15.362613065745,0.));
#5508 = ORIENTED_EDGE('',*,*,#5509,.T.);
#5509 = EDGE_CURVE('',#5501,#5510,#5512,.T.);
#5510 = VERTEX_POINT('',#5511);
#5511 = CARTESIAN_POINT('',(18.796241509981,14.641464873084,0.));
#5512 = B_SPLINE_CURVE_WITH_KNOTS('',3,(#5513,#5514,#5515,#5516),
  .UNSPECIFIED.,.F.,.F.,(4,4),(0.,1.),.PIECEWISE_BEZIER_KNOTS.);
#5513 = CARTESIAN_POINT('',(18.230362817218,15.362613065745,0.));
#5514 = CARTESIAN_POINT('',(18.512148332848,14.929153596511,0.));
#5515 = CARTESIAN_POINT('',(18.723385269205,14.711121467379,0.));
#5516 = CARTESIAN_POINT('',(18.796241509981,14.641464873084,0.));
#5517 = ORIENTED_EDGE('',*,*,#5518,.T.);
#5518 = EDGE_CURVE('',#5510,#5519,#5521,.T.);
#5519 = VERTEX_POINT('',#5520);
#5520 = CARTESIAN_POINT('',(19.047160611846,14.425977841362,0.));
#5521 = LINE('',#5522,#5523);
#5522 = CARTESIAN_POINT('',(18.796241509981,14.641464873084,0.));
#5523 = VECTOR('',#5524,1.);
#5524 = DIRECTION('',(0.758638494772,-0.651511806685,0.));
#5525 = ORIENTED_EDGE('',*,*,#5526,.T.);
#5526 = EDGE_CURVE('',#5519,#5527,#5529,.T.);
#5527 = VERTEX_POINT('',#5528);
#5528 = CARTESIAN_POINT('',(19.160060667735,13.366616747915,0.));
#5529 = CIRCLE('',#5530,0.76);
#5530 = AXIS2_PLACEMENT_3D('',#5531,#5532,#5533);
#5531 = CARTESIAN_POINT('',(18.564582034734,13.838851009313,0.));
#5532 = DIRECTION('',(0.,0.,-1.));
#5533 = DIRECTION('',(0.634971811991,0.772535305327,0.));
#5534 = ORIENTED_EDGE('',*,*,#5535,.T.);
#5535 = EDGE_CURVE('',#5527,#5536,#5538,.T.);
#5536 = VERTEX_POINT('',#5537);
#5537 = CARTESIAN_POINT('',(18.73034265552,12.806597331229,0.));
#5538 = CIRCLE('',#5539,21.500000000008);
#5539 = AXIS2_PLACEMENT_3D('',#5540,#5541,#5542);
#5540 = CARTESIAN_POINT('',(36.000000000006,-4.784617146925E-12,0.));
#5541 = DIRECTION('',(0.,0.,1.));
#5542 = DIRECTION('',(-0.783252992198,0.621703104554,0.));
#5543 = ORIENTED_EDGE('',*,*,#5544,.T.);
#5544 = EDGE_CURVE('',#5536,#5545,#5547,.T.);
#5545 = VERTEX_POINT('',#5546);
#5546 = CARTESIAN_POINT('',(17.677857731336,12.641467584377,0.));
#5547 = CIRCLE('',#5548,0.76);
#5548 = AXIS2_PLACEMENT_3D('',#5549,#5550,#5551);
#5549 = CARTESIAN_POINT('',(18.120078175204,13.259562301249,0.));
#5550 = DIRECTION('',(0.,-0.,-1.));
#5551 = DIRECTION('',(0.802979579363,-0.5960065395,0.));
#5552 = ORIENTED_EDGE('',*,*,#5553,.T.);
#5553 = EDGE_CURVE('',#5545,#5554,#5556,.T.);
#5554 = VERTEX_POINT('',#5555);
#5555 = CARTESIAN_POINT('',(17.404770599823,12.828064677396,0.));
#5556 = LINE('',#5557,#5558);
#5557 = CARTESIAN_POINT('',(17.677857731336,12.641467584377,0.));
#5558 = VECTOR('',#5559,1.);
#5559 = DIRECTION('',(-0.825662171005,0.564164851238,0.));
#5560 = ORIENTED_EDGE('',*,*,#5561,.T.);
#5561 = EDGE_CURVE('',#5554,#5562,#5564,.T.);
#5562 = VERTEX_POINT('',#5563);
#5563 = CARTESIAN_POINT('',(16.561734753045,13.18801463468,0.));
#5564 = B_SPLINE_CURVE_WITH_KNOTS('',3,(#5565,#5566,#5567,#5568),
  .UNSPECIFIED.,.F.,.F.,(4,4),(0.,1.),.PIECEWISE_BEZIER_KNOTS.);
#5565 = CARTESIAN_POINT('',(17.404770599823,12.828064677396,0.));
#5566 = CARTESIAN_POINT('',(17.318630913754,12.880409948747,0.));
#5567 = CARTESIAN_POINT('',(17.053355907107,13.028018293576,0.));
#5568 = CARTESIAN_POINT('',(16.561734753045,13.18801463468,0.));
#5569 = ORIENTED_EDGE('',*,*,#5570,.T.);
#5570 = EDGE_CURVE('',#5562,#5571,#5573,.T.);
#5571 = VERTEX_POINT('',#5572);
#5572 = CARTESIAN_POINT('',(13.847388772766,13.615081358835,0.));
#5573 = B_SPLINE_CURVE_WITH_KNOTS('',3,(#5574,#5575,#5576,#5577),
  .UNSPECIFIED.,.F.,.F.,(4,4),(0.,1.),.PIECEWISE_BEZIER_KNOTS.);
#5574 = CARTESIAN_POINT('',(16.561734753045,13.18801463468,0.));
#5575 = CARTESIAN_POINT('',(15.972104971138,13.378169125292,0.));
#5576 = CARTESIAN_POINT('',(15.077182650931,13.576301406562,0.));
#5577 = CARTESIAN_POINT('',(13.847388772766,13.615081358835,0.));
#5578 = ORIENTED_EDGE('',*,*,#5579,.T.);
#5579 = EDGE_CURVE('',#5571,#5580,#5582,.T.);
#5580 = VERTEX_POINT('',#5581);
#5581 = CARTESIAN_POINT('',(13.134136135227,12.375470484699,0.));
#5582 = CIRCLE('',#5583,26.000000000021);
#5583 = AXIS2_PLACEMENT_3D('',#5584,#5585,#5586);
#5584 = CARTESIAN_POINT('',(36.018058020297,3.342368690025E-02,0.));
#5585 = DIRECTION('',(0.,0.,1.));
#5586 = DIRECTION('',(-0.852718047981,0.52237144892,0.));
#5587 = ORIENTED_EDGE('',*,*,#5588,.T.);
#5588 = EDGE_CURVE('',#5580,#5589,#5591,.T.);
#5589 = VERTEX_POINT('',#5590);
#5590 = CARTESIAN_POINT('',(14.859711677408,10.240024192023,0.));
#5591 = B_SPLINE_CURVE_WITH_KNOTS('',3,(#5592,#5593,#5594,#5595),
  .UNSPECIFIED.,.F.,.F.,(4,4),(0.,1.),.PIECEWISE_BEZIER_KNOTS.);
#5592 = CARTESIAN_POINT('',(13.134136135227,12.375470484699,0.));
#5593 = CARTESIAN_POINT('',(13.781169417949,11.331540639755,0.));
#5594 = CARTESIAN_POINT('',(14.400218166942,10.655581316677,0.));
#5595 = CARTESIAN_POINT('',(14.859711677408,10.240024192023,0.));
#5596 = ORIENTED_EDGE('',*,*,#5597,.T.);
#5597 = EDGE_CURVE('',#5589,#5598,#5600,.T.);
#5598 = VERTEX_POINT('',#5599);
#5599 = CARTESIAN_POINT('',(15.592955407897,9.689908711055,0.));
#5600 = B_SPLINE_CURVE_WITH_KNOTS('',3,(#5601,#5602,#5603,#5604),
  .UNSPECIFIED.,.F.,.F.,(4,4),(0.,1.),.PIECEWISE_BEZIER_KNOTS.);
#5601 = CARTESIAN_POINT('',(14.859711677408,10.240024192023,0.));
#5602 = CARTESIAN_POINT('',(15.244083150348,9.89426595412,0.));
#5603 = CARTESIAN_POINT('',(15.504553230104,9.738335231789,0.));
#5604 = CARTESIAN_POINT('',(15.592955407897,9.689908711055,0.));
#5605 = ORIENTED_EDGE('',*,*,#5606,.T.);
#5606 = EDGE_CURVE('',#5598,#5607,#5609,.T.);
#5607 = VERTEX_POINT('',#5608);
#5608 = CARTESIAN_POINT('',(15.89109679648,9.546706864227,0.));
#5609 = LINE('',#5610,#5611);
#5610 = CARTESIAN_POINT('',(15.592955407897,9.689908711055,0.));
#5611 = VECTOR('',#5612,1.);
#5612 = DIRECTION('',(0.901412178596,-0.432961989415,0.));
#5613 = ORIENTED_EDGE('',*,*,#5614,.T.);
#5614 = EDGE_CURVE('',#5607,#5615,#5617,.T.);
#5615 = VERTEX_POINT('',#5616);
#5616 = CARTESIAN_POINT('',(16.274332702878,8.552663309358,0.));
#5617 = CIRCLE('',#5618,0.76);
#5618 = AXIS2_PLACEMENT_3D('',#5619,#5620,#5621);
#5619 = CARTESIAN_POINT('',(15.576921291658,8.854685367329,0.));
#5620 = DIRECTION('',(0.,0.,-1.));
#5621 = DIRECTION('',(0.413388822135,0.910554601182,0.));
#5622 = ORIENTED_EDGE('',*,*,#5623,.T.);
#5623 = EDGE_CURVE('',#5615,#5624,#5626,.T.);
#5624 = VERTEX_POINT('',#5625);
#5625 = CARTESIAN_POINT('',(16.004200667523,7.900506885973,0.));
#5626 = CIRCLE('',#5627,21.500000000019);
#5627 = AXIS2_PLACEMENT_3D('',#5628,#5629,#5630);
#5628 = CARTESIAN_POINT('',(36.000000000018,-7.411848912398E-12,0.));
#5629 = DIRECTION('',(0.,0.,1.));
#5630 = DIRECTION('',(-0.917472897541,0.397798293458,0.));
#5631 = ORIENTED_EDGE('',*,*,#5632,.T.);
#5632 = EDGE_CURVE('',#5624,#5633,#5635,.T.);
#5633 = VERTEX_POINT('',#5634);
#5634 = CARTESIAN_POINT('',(15.030317020872,7.468600655737,0.));
#5635 = CIRCLE('',#5636,0.76);
#5636 = AXIS2_PLACEMENT_3D('',#5637,#5638,#5639);
#5637 = CARTESIAN_POINT('',(15.297494484113,8.180089378864,0.));
#5638 = DIRECTION('',(0.,0.,-1.));
#5639 = DIRECTION('',(0.929876557117,-0.367871701172,0.));
#5640 = ORIENTED_EDGE('',*,*,#5641,.T.);
#5641 = EDGE_CURVE('',#5633,#5642,#5644,.T.);
#5642 = VERTEX_POINT('',#5643);
#5643 = CARTESIAN_POINT('',(14.718240226282,7.578159456387,0.));
#5644 = LINE('',#5645,#5646);
#5645 = CARTESIAN_POINT('',(15.030317020872,7.468600655737,0.));
#5646 = VECTOR('',#5647,1.);
#5647 = DIRECTION('',(-0.943545022841,0.331244305418,0.));
#5648 = ORIENTED_EDGE('',*,*,#5649,.T.);
#5649 = EDGE_CURVE('',#5642,#5650,#5652,.T.);
#5650 = VERTEX_POINT('',#5651);
#5651 = CARTESIAN_POINT('',(13.810768225163,7.70765068345,0.));
#5652 = B_SPLINE_CURVE_WITH_KNOTS('',3,(#5653,#5654,#5655,#5656),
  .UNSPECIFIED.,.F.,.F.,(4,4),(0.,1.),.PIECEWISE_BEZIER_KNOTS.);
#5653 = CARTESIAN_POINT('',(14.718240226282,7.578159456387,0.));
#5654 = CARTESIAN_POINT('',(14.621487725693,7.606426514576,0.));
#5655 = CARTESIAN_POINT('',(14.327047894845,7.680347003112,0.));
#5656 = CARTESIAN_POINT('',(13.810768225163,7.70765068345,0.));
#5657 = ORIENTED_EDGE('',*,*,#5658,.T.);
#5658 = EDGE_CURVE('',#5650,#5659,#5661,.T.);
#5659 = VERTEX_POINT('',#5660);
#5660 = CARTESIAN_POINT('',(11.078378339586,7.417641027166,0.));
#5661 = B_SPLINE_CURVE_WITH_KNOTS('',3,(#5662,#5663,#5664,#5665),
  .UNSPECIFIED.,.F.,.F.,(4,4),(0.,1.),.PIECEWISE_BEZIER_KNOTS.);
#5662 = CARTESIAN_POINT('',(13.810768225163,7.70765068345,0.));
#5663 = CARTESIAN_POINT('',(13.192013987188,7.738718399799,0.));
#5664 = CARTESIAN_POINT('',(12.276304997735,7.698476546942,0.));
#5665 = CARTESIAN_POINT('',(11.078378339586,7.417641027166,0.));
#5666 = ORIENTED_EDGE('',*,*,#5667,.T.);
#5667 = EDGE_CURVE('',#5659,#5668,#5670,.T.);
#5668 = VERTEX_POINT('',#5669);
#5669 = CARTESIAN_POINT('',(10.710264099061,6.035665502724,0.));
#5670 = CIRCLE('',#5671,26.000000000015);
#5671 = AXIS2_PLACEMENT_3D('',#5672,#5673,#5674);
#5672 = CARTESIAN_POINT('',(36.008792021445,3.695856195794E-02,0.));
#5673 = DIRECTION('',(0.,0.,1.));
#5674 = DIRECTION('',(-0.958862064686,0.283872402508,0.));
#5675 = ORIENTED_EDGE('',*,*,#5676,.T.);
#5676 = EDGE_CURVE('',#5668,#5677,#5679,.T.);
#5677 = VERTEX_POINT('',#5678);
#5678 = CARTESIAN_POINT('',(12.929736250805,4.419594592055,0.));
#5679 = B_SPLINE_CURVE_WITH_KNOTS('',3,(#5680,#5681,#5682,#5683),
  .UNSPECIFIED.,.F.,.F.,(4,4),(0.,1.),.PIECEWISE_BEZIER_KNOTS.);
#5680 = CARTESIAN_POINT('',(10.710264099061,6.035665502724,0.));
#5681 = CARTESIAN_POINT('',(11.605439182933,5.194771241042,0.));
#5682 = CARTESIAN_POINT('',(12.378345503845,4.702066279446,0.));
#5683 = CARTESIAN_POINT('',(12.929736250805,4.419594592055,0.));
#5684 = ORIENTED_EDGE('',*,*,#5685,.T.);
#5685 = EDGE_CURVE('',#5677,#5686,#5688,.T.);
#5686 = VERTEX_POINT('',#5687);
#5687 = CARTESIAN_POINT('',(13.780375670529,4.078001283699,0.));
#5688 = B_SPLINE_CURVE_WITH_KNOTS('',3,(#5689,#5690,#5691,#5692),
  .UNSPECIFIED.,.F.,.F.,(4,4),(0.,1.),.PIECEWISE_BEZIER_KNOTS.);
#5689 = CARTESIAN_POINT('',(12.929736250805,4.419594592055,0.));
#5690 = CARTESIAN_POINT('',(13.390499400377,4.185100438003,0.));
#5691 = CARTESIAN_POINT('',(13.682452018045,4.101897543511,0.));
#5692 = CARTESIAN_POINT('',(13.780375670529,4.078001283699,0.));
#5693 = ORIENTED_EDGE('',*,*,#5694,.T.);
#5694 = EDGE_CURVE('',#5686,#5695,#5697,.T.);
#5695 = VERTEX_POINT('',#5696);
#5696 = CARTESIAN_POINT('',(14.105421502901,4.016843590974,0.));
#5697 = LINE('',#5698,#5699);
#5698 = CARTESIAN_POINT('',(13.780375670529,4.078001283699,0.));
#5699 = VECTOR('',#5700,1.);
#5700 = DIRECTION('',(0.982756112104,-0.184906528069,0.));
#5701 = ORIENTED_EDGE('',*,*,#5702,.T.);
#5702 = EDGE_CURVE('',#5695,#5703,#5705,.T.);
#5703 = VERTEX_POINT('',#5704);
#5704 = CARTESIAN_POINT('',(14.732876366112,3.155860000212,0.));
#5705 = CIRCLE('',#5706,0.76);
#5706 = AXIS2_PLACEMENT_3D('',#5707,#5708,#5709);
#5707 = CARTESIAN_POINT('',(13.981059611823,3.26708755062,0.));
#5708 = DIRECTION('',(0.,0.,-1.));
#5709 = DIRECTION('',(0.163634067207,0.986521105729,0.));
#5710 = ORIENTED_EDGE('',*,*,#5711,.T.);
#5711 = EDGE_CURVE('',#5703,#5712,#5714,.T.);
#5712 = VERTEX_POINT('',#5713);
#5713 = CARTESIAN_POINT('',(14.640739359413,2.456009952642,0.));
#5714 = CIRCLE('',#5715,21.500000000027);
#5715 = AXIS2_PLACEMENT_3D('',#5716,#5717,#5718);
#5716 = CARTESIAN_POINT('',(36.000000000027,-3.489653011002E-12,0.));
#5717 = DIRECTION('',(0.,0.,1.));
#5718 = DIRECTION('',(-0.989168541111,0.146784186056,0.));
#5719 = ORIENTED_EDGE('',*,*,#5720,.T.);
#5720 = EDGE_CURVE('',#5712,#5721,#5723,.T.);
#5721 = VERTEX_POINT('',#5722);
#5722 = CARTESIAN_POINT('',(13.811825551396,1.786760934856,0.));
#5723 = CIRCLE('',#5724,0.76);
#5724 = AXIS2_PLACEMENT_3D('',#5725,#5726,#5727);
#5725 = CARTESIAN_POINT('',(13.885752331423,2.543156883546,0.));
#5726 = DIRECTION('',(0.,0.,-1.));
#5727 = DIRECTION('',(0.993403984198,-0.114667014347,0.));
#5728 = ORIENTED_EDGE('',*,*,#5729,.T.);
#5729 = EDGE_CURVE('',#5721,#5730,#5732,.T.);
#5730 = VERTEX_POINT('',#5731);
#5731 = CARTESIAN_POINT('',(13.482026611549,1.811815191926,0.));
#5732 = LINE('',#5733,#5734);
#5733 = CARTESIAN_POINT('',(13.811825551396,1.786760934856,0.));
#5734 = VECTOR('',#5735,1.);
#5735 = DIRECTION('',(-0.997126840653,7.575000759185E-02,0.));
#5736 = ORIENTED_EDGE('',*,*,#5737,.T.);
#5737 = EDGE_CURVE('',#5730,#5738,#5740,.T.);
#5738 = VERTEX_POINT('',#5739);
#5739 = CARTESIAN_POINT('',(12.571961173296,1.702023075637,0.));
#5740 = B_SPLINE_CURVE_WITH_KNOTS('',3,(#5741,#5742,#5743,#5744),
  .UNSPECIFIED.,.F.,.F.,(4,4),(0.,1.),.PIECEWISE_BEZIER_KNOTS.);
#5741 = CARTESIAN_POINT('',(13.482026611549,1.811815191926,0.));
#5742 = CARTESIAN_POINT('',(13.381254819464,1.81407768365,0.));
#5743 = CARTESIAN_POINT('',(13.077715752304,1.809272756759,0.));
#5744 = CARTESIAN_POINT('',(12.571961173296,1.702023075637,0.));
#5745 = ORIENTED_EDGE('',*,*,#5746,.T.);
#5746 = EDGE_CURVE('',#5738,#5747,#5749,.T.);
#5747 = VERTEX_POINT('',#5748);
#5748 = CARTESIAN_POINT('',(10.007735237637,0.714700717726,0.));
#5749 = B_SPLINE_CURVE_WITH_KNOTS('',3,(#5750,#5751,#5752,#5753),
  .UNSPECIFIED.,.F.,.F.,(4,4),(0.,1.),.PIECEWISE_BEZIER_KNOTS.);
#5750 = CARTESIAN_POINT('',(12.571961173296,1.702023075637,0.));
#5751 = CARTESIAN_POINT('',(11.966249558032,1.571886804196,0.));
#5752 = CARTESIAN_POINT('',(11.092157953684,1.296013232982,0.));
#5753 = CARTESIAN_POINT('',(10.007735237637,0.714700717726,0.));
#5754 = ORIENTED_EDGE('',*,*,#5755,.T.);
#5755 = EDGE_CURVE('',#5747,#5756,#5758,.T.);
#5756 = VERTEX_POINT('',#5757);
#5757 = CARTESIAN_POINT('',(10.00984577128,-0.715460108853,0.));
#5758 = CIRCLE('',#5759,25.999999999985);
#5759 = AXIS2_PLACEMENT_3D('',#5760,#5761,#5762);
#5760 = CARTESIAN_POINT('',(35.998926860834,3.797477209243E-02,0.));
#5761 = DIRECTION('',(0.,0.,1.));
#5762 = DIRECTION('',(-0.999661216277,2.602792098593E-02,0.));
#5763 = ORIENTED_EDGE('',*,*,#5764,.T.);
#5764 = EDGE_CURVE('',#5756,#5765,#5767,.T.);
#5765 = VERTEX_POINT('',#5766);
#5766 = CARTESIAN_POINT('',(12.571961173296,-1.702023075637,0.));
#5767 = B_SPLINE_CURVE_WITH_KNOTS('',3,(#5768,#5769,#5770,#5771),
  .UNSPECIFIED.,.F.,.F.,(4,4),(0.,1.),.PIECEWISE_BEZIER_KNOTS.);
#5768 = CARTESIAN_POINT('',(10.00984577128,-0.715460108853,0.));
#5769 = CARTESIAN_POINT('',(11.092157953684,-1.296013232982,0.));
#5770 = CARTESIAN_POINT('',(11.966249558032,-1.571886804196,0.));
#5771 = CARTESIAN_POINT('',(12.571961173296,-1.702023075637,0.));
#5772 = ORIENTED_EDGE('',*,*,#5773,.T.);
#5773 = EDGE_CURVE('',#5765,#5774,#5776,.T.);
#5774 = VERTEX_POINT('',#5775);
#5775 = CARTESIAN_POINT('',(13.482026611549,-1.811815191926,0.));
#5776 = B_SPLINE_CURVE_WITH_KNOTS('',3,(#5777,#5778,#5779,#5780),
  .UNSPECIFIED.,.F.,.F.,(4,4),(0.,1.),.PIECEWISE_BEZIER_KNOTS.);
#5777 = CARTESIAN_POINT('',(12.571961173296,-1.702023075637,0.));
#5778 = CARTESIAN_POINT('',(13.077715752304,-1.809272756759,0.));
#5779 = CARTESIAN_POINT('',(13.381254819464,-1.81407768365,0.));
#5780 = CARTESIAN_POINT('',(13.482026611549,-1.811815191926,0.));
#5781 = ORIENTED_EDGE('',*,*,#5782,.T.);
#5782 = EDGE_CURVE('',#5774,#5783,#5785,.T.);
#5783 = VERTEX_POINT('',#5784);
#5784 = CARTESIAN_POINT('',(13.811825551396,-1.786760934856,0.));
#5785 = LINE('',#5786,#5787);
#5786 = CARTESIAN_POINT('',(13.482026611549,-1.811815191926,0.));
#5787 = VECTOR('',#5788,1.);
#5788 = DIRECTION('',(0.997126840653,7.575000759186E-02,0.));
#5789 = ORIENTED_EDGE('',*,*,#5790,.T.);
#5790 = EDGE_CURVE('',#5783,#5791,#5793,.T.);
#5791 = VERTEX_POINT('',#5792);
#5792 = CARTESIAN_POINT('',(14.640739359413,-2.456009952642,0.));
#5793 = CIRCLE('',#5794,0.76);
#5794 = AXIS2_PLACEMENT_3D('',#5795,#5796,#5797);
#5795 = CARTESIAN_POINT('',(13.885752331423,-2.543156883546,0.));
#5796 = DIRECTION('',(0.,0.,-1.));
#5797 = DIRECTION('',(-9.727207898203E-02,0.995257827224,0.));
#5798 = ORIENTED_EDGE('',*,*,#5799,.T.);
#5799 = EDGE_CURVE('',#5791,#5800,#5802,.T.);
#5800 = VERTEX_POINT('',#5801);
#5801 = CARTESIAN_POINT('',(14.732876366112,-3.155860000212,0.));
#5802 = CIRCLE('',#5803,21.499999999974);
#5803 = AXIS2_PLACEMENT_3D('',#5804,#5805,#5806);
#5804 = CARTESIAN_POINT('',(35.999999999975,-3.380851154589E-12,0.));
#5805 = DIRECTION('',(0.,0.,1.));
#5806 = DIRECTION('',(-0.993453983283,-0.114233021053,0.));
#5807 = ORIENTED_EDGE('',*,*,#5808,.T.);
#5808 = EDGE_CURVE('',#5800,#5809,#5811,.T.);
#5809 = VERTEX_POINT('',#5810);
#5810 = CARTESIAN_POINT('',(14.105421502901,-4.016843590974,0.));
#5811 = CIRCLE('',#5812,0.76);
#5812 = AXIS2_PLACEMENT_3D('',#5813,#5814,#5815);
#5813 = CARTESIAN_POINT('',(13.981059611823,-3.26708755062,0.));
#5814 = DIRECTION('',(0.,0.,-1.));
#5815 = DIRECTION('',(0.989232571433,0.14635204001,0.));
#5816 = ORIENTED_EDGE('',*,*,#5817,.T.);
#5817 = EDGE_CURVE('',#5809,#5818,#5820,.T.);
#5818 = VERTEX_POINT('',#5819);
#5819 = CARTESIAN_POINT('',(13.780375670529,-4.078001283699,0.));
#5820 = LINE('',#5821,#5822);
#5821 = CARTESIAN_POINT('',(14.105421502901,-4.016843590974,0.));
#5822 = VECTOR('',#5823,1.);
#5823 = DIRECTION('',(-0.982756112104,-0.184906528069,0.));
#5824 = ORIENTED_EDGE('',*,*,#5825,.T.);
#5825 = EDGE_CURVE('',#5818,#5826,#5828,.T.);
#5826 = VERTEX_POINT('',#5827);
#5827 = CARTESIAN_POINT('',(12.929736250805,-4.419594592055,0.));
#5828 = B_SPLINE_CURVE_WITH_KNOTS('',3,(#5829,#5830,#5831,#5832),
  .UNSPECIFIED.,.F.,.F.,(4,4),(0.,1.),.PIECEWISE_BEZIER_KNOTS.);
#5829 = CARTESIAN_POINT('',(13.780375670529,-4.078001283699,0.));
#5830 = CARTESIAN_POINT('',(13.682452018045,-4.101897543511,0.));
#5831 = CARTESIAN_POINT('',(13.390499400377,-4.185100438003,0.));
#5832 = CARTESIAN_POINT('',(12.929736250805,-4.419594592055,0.));
#5833 = ORIENTED_EDGE('',*,*,#5834,.T.);
#5834 = EDGE_CURVE('',#5826,#5835,#5837,.T.);
#5835 = VERTEX_POINT('',#5836);
#5836 = CARTESIAN_POINT('',(10.708422024995,-6.036945264528,0.));
#5837 = B_SPLINE_CURVE_WITH_KNOTS('',3,(#5838,#5839,#5840,#5841),
  .UNSPECIFIED.,.F.,.F.,(4,4),(0.,1.),.PIECEWISE_BEZIER_KNOTS.);
#5838 = CARTESIAN_POINT('',(12.929736250805,-4.419594592055,0.));
#5839 = CARTESIAN_POINT('',(12.378345503845,-4.702066279446,0.));
#5840 = CARTESIAN_POINT('',(11.605439182933,-5.194771241042,0.));
#5841 = CARTESIAN_POINT('',(10.708422024995,-6.036945264528,0.));
#5842 = ORIENTED_EDGE('',*,*,#5843,.T.);
#5843 = EDGE_CURVE('',#5835,#5844,#5846,.T.);
#5844 = VERTEX_POINT('',#5845);
#5845 = CARTESIAN_POINT('',(11.080613503426,-7.417828296365,0.));
#5846 = CIRCLE('',#5847,25.999999999968);
#5847 = AXIS2_PLACEMENT_3D('',#5848,#5849,#5850);
#5848 = CARTESIAN_POINT('',(35.989134832897,3.640306425283E-02,0.));
#5849 = DIRECTION('',(0.,0.,1.));
#5850 = DIRECTION('',(-0.972335107997,-0.233590320338,0.));
#5851 = ORIENTED_EDGE('',*,*,#5852,.T.);
#5852 = EDGE_CURVE('',#5844,#5853,#5855,.T.);
#5853 = VERTEX_POINT('',#5854);
#5854 = CARTESIAN_POINT('',(13.810768225163,-7.70765068345,0.));
#5855 = B_SPLINE_CURVE_WITH_KNOTS('',3,(#5856,#5857,#5858,#5859),
  .UNSPECIFIED.,.F.,.F.,(4,4),(0.,1.),.PIECEWISE_BEZIER_KNOTS.);
#5856 = CARTESIAN_POINT('',(11.080613503426,-7.417828296365,0.));
#5857 = CARTESIAN_POINT('',(12.276304997735,-7.698476546942,0.));
#5858 = CARTESIAN_POINT('',(13.192013987188,-7.738718399799,0.));
#5859 = CARTESIAN_POINT('',(13.810768225163,-7.70765068345,0.));
#5860 = ORIENTED_EDGE('',*,*,#5861,.T.);
#5861 = EDGE_CURVE('',#5853,#5862,#5864,.T.);
#5862 = VERTEX_POINT('',#5863);
#5863 = CARTESIAN_POINT('',(14.718240226282,-7.578159456387,0.));
#5864 = B_SPLINE_CURVE_WITH_KNOTS('',3,(#5865,#5866,#5867,#5868),
  .UNSPECIFIED.,.F.,.F.,(4,4),(0.,1.),.PIECEWISE_BEZIER_KNOTS.);
#5865 = CARTESIAN_POINT('',(13.810768225163,-7.70765068345,0.));
#5866 = CARTESIAN_POINT('',(14.327047894845,-7.680347003112,0.));
#5867 = CARTESIAN_POINT('',(14.621487725693,-7.606426514576,0.));
#5868 = CARTESIAN_POINT('',(14.718240226282,-7.578159456387,0.));
#5869 = ORIENTED_EDGE('',*,*,#5870,.T.);
#5870 = EDGE_CURVE('',#5862,#5871,#5873,.T.);
#5871 = VERTEX_POINT('',#5872);
#5872 = CARTESIAN_POINT('',(15.030317020872,-7.468600655737,0.));
#5873 = LINE('',#5874,#5875);
#5874 = CARTESIAN_POINT('',(14.718240226282,-7.578159456387,0.));
#5875 = VECTOR('',#5876,1.);
#5876 = DIRECTION('',(0.943545022841,0.331244305418,0.));
#5877 = ORIENTED_EDGE('',*,*,#5878,.T.);
#5878 = EDGE_CURVE('',#5871,#5879,#5881,.T.);
#5879 = VERTEX_POINT('',#5880);
#5880 = CARTESIAN_POINT('',(16.004200667523,-7.900506885973,0.));
#5881 = CIRCLE('',#5882,0.76);
#5882 = AXIS2_PLACEMENT_3D('',#5883,#5884,#5885);
#5883 = CARTESIAN_POINT('',(15.297494484113,-8.180089378864,0.));
#5884 = DIRECTION('',(0.,0.,-1.));
#5885 = DIRECTION('',(-0.351549293738,0.936169372535,0.));
#5886 = ORIENTED_EDGE('',*,*,#5887,.T.);
#5887 = EDGE_CURVE('',#5879,#5888,#5890,.T.);
#5888 = VERTEX_POINT('',#5889);
#5889 = CARTESIAN_POINT('',(16.274332702878,-8.552663309358,0.));
#5890 = CIRCLE('',#5891,21.499999999999);
#5891 = AXIS2_PLACEMENT_3D('',#5892,#5893,#5894);
#5892 = CARTESIAN_POINT('',(35.999999999999,-3.961275751863E-13,0.));
#5893 = DIRECTION('',(0.,0.,1.));
#5894 = DIRECTION('',(-0.930037178255,-0.367465436557,0.));
#5895 = ORIENTED_EDGE('',*,*,#5896,.T.);
#5896 = EDGE_CURVE('',#5888,#5897,#5899,.T.);
#5897 = VERTEX_POINT('',#5898);
#5898 = CARTESIAN_POINT('',(15.89109679648,-9.546706864227,0.));
#5899 = CIRCLE('',#5900,0.76);
#5900 = AXIS2_PLACEMENT_3D('',#5901,#5902,#5903);
#5901 = CARTESIAN_POINT('',(15.576921291658,-8.854685367329,0.));
#5902 = DIRECTION('',(0.,0.,-1.));
#5903 = DIRECTION('',(0.91764659371,0.397397444698,0.));
#5904 = ORIENTED_EDGE('',*,*,#5905,.T.);
#5905 = EDGE_CURVE('',#5897,#5906,#5908,.T.);
#5906 = VERTEX_POINT('',#5907);
#5907 = CARTESIAN_POINT('',(15.592955407897,-9.689908711055,0.));
#5908 = LINE('',#5909,#5910);
#5909 = CARTESIAN_POINT('',(15.89109679648,-9.546706864227,0.));
#5910 = VECTOR('',#5911,1.);
#5911 = DIRECTION('',(-0.901412178596,-0.432961989415,0.));
#5912 = ORIENTED_EDGE('',*,*,#5913,.T.);
#5913 = EDGE_CURVE('',#5906,#5914,#5916,.T.);
#5914 = VERTEX_POINT('',#5915);
#5915 = CARTESIAN_POINT('',(14.859711677408,-10.24002419202,0.));
#5916 = B_SPLINE_CURVE_WITH_KNOTS('',3,(#5917,#5918,#5919,#5920),
  .UNSPECIFIED.,.F.,.F.,(4,4),(0.,1.),.PIECEWISE_BEZIER_KNOTS.);
#5917 = CARTESIAN_POINT('',(15.592955407897,-9.689908711055,0.));
#5918 = CARTESIAN_POINT('',(15.504553230104,-9.738335231789,0.));
#5919 = CARTESIAN_POINT('',(15.244083150348,-9.89426595412,0.));
#5920 = CARTESIAN_POINT('',(14.859711677408,-10.24002419202,0.));
#5921 = ORIENTED_EDGE('',*,*,#5922,.T.);
#5922 = EDGE_CURVE('',#5914,#5923,#5925,.T.);
#5923 = VERTEX_POINT('',#5924);
#5924 = CARTESIAN_POINT('',(13.13268805504,-12.37718340352,0.));
#5925 = B_SPLINE_CURVE_WITH_KNOTS('',3,(#5926,#5927,#5928,#5929),
  .UNSPECIFIED.,.F.,.F.,(4,4),(0.,1.),.PIECEWISE_BEZIER_KNOTS.);
#5926 = CARTESIAN_POINT('',(14.859711677408,-10.24002419202,0.));
#5927 = CARTESIAN_POINT('',(14.400218166942,-10.65558131667,0.));
#5928 = CARTESIAN_POINT('',(13.781169417949,-11.33154063975,0.));
#5929 = CARTESIAN_POINT('',(13.13268805504,-12.37718340352,0.));
#5930 = ORIENTED_EDGE('',*,*,#5931,.T.);
#5931 = EDGE_CURVE('',#5923,#5932,#5934,.T.);
#5932 = VERTEX_POINT('',#5933);
#5933 = CARTESIAN_POINT('',(13.84959624408,-13.61468374402,0.));
#5934 = CIRCLE('',#5935,26.000000000019);
#5935 = AXIS2_PLACEMENT_3D('',#5936,#5937,#5938);
#5936 = CARTESIAN_POINT('',(35.980083248204,3.235054776915E-02,0.));
#5937 = DIRECTION('',(0.,0.,1.));
#5938 = DIRECTION('',(-0.878745968967,-0.477289767357,0.));
#5939 = ORIENTED_EDGE('',*,*,#5940,.T.);
#5940 = EDGE_CURVE('',#5932,#5941,#5943,.T.);
#5941 = VERTEX_POINT('',#5942);
#5942 = CARTESIAN_POINT('',(16.561734753045,-13.18801463468,0.));
#5943 = B_SPLINE_CURVE_WITH_KNOTS('',3,(#5944,#5945,#5946,#5947),
  .UNSPECIFIED.,.F.,.F.,(4,4),(0.,1.),.PIECEWISE_BEZIER_KNOTS.);
#5944 = CARTESIAN_POINT('',(13.84959624408,-13.61468374402,0.));
#5945 = CARTESIAN_POINT('',(15.077182650931,-13.57630140656,0.));
#5946 = CARTESIAN_POINT('',(15.972104971138,-13.37816912529,0.));
#5947 = CARTESIAN_POINT('',(16.561734753045,-13.18801463468,0.));
#5948 = ORIENTED_EDGE('',*,*,#5949,.T.);
#5949 = EDGE_CURVE('',#5941,#5950,#5952,.T.);
#5950 = VERTEX_POINT('',#5951);
#5951 = CARTESIAN_POINT('',(17.404770599823,-12.82806467739,0.));
#5952 = B_SPLINE_CURVE_WITH_KNOTS('',3,(#5953,#5954,#5955,#5956),
  .UNSPECIFIED.,.F.,.F.,(4,4),(0.,1.),.PIECEWISE_BEZIER_KNOTS.);
#5953 = CARTESIAN_POINT('',(16.561734753045,-13.18801463468,0.));
#5954 = CARTESIAN_POINT('',(17.053355907107,-13.02801829357,0.));
#5955 = CARTESIAN_POINT('',(17.318630913754,-12.88040994874,0.));
#5956 = CARTESIAN_POINT('',(17.404770599823,-12.82806467739,0.));
#5957 = ORIENTED_EDGE('',*,*,#5958,.T.);
#5958 = EDGE_CURVE('',#5950,#5959,#5961,.T.);
#5959 = VERTEX_POINT('',#5960);
#5960 = CARTESIAN_POINT('',(17.677857731336,-12.64146758437,0.));
#5961 = LINE('',#5962,#5963);
#5962 = CARTESIAN_POINT('',(17.404770599823,-12.82806467739,0.));
#5963 = VECTOR('',#5964,1.);
#5964 = DIRECTION('',(0.825662171005,0.564164851238,0.));
#5965 = ORIENTED_EDGE('',*,*,#5966,.T.);
#5966 = EDGE_CURVE('',#5959,#5967,#5969,.T.);
#5967 = VERTEX_POINT('',#5968);
#5968 = CARTESIAN_POINT('',(18.73034265552,-12.80659733122,0.));
#5969 = CIRCLE('',#5970,0.76);
#5970 = AXIS2_PLACEMENT_3D('',#5971,#5972,#5973);
#5971 = CARTESIAN_POINT('',(18.120078175204,-13.25956230124,0.));
#5972 = DIRECTION('',(0.,0.,-1.));
#5973 = DIRECTION('',(-0.581869005089,0.8132825222,0.));
#5974 = ORIENTED_EDGE('',*,*,#5975,.T.);
#5975 = EDGE_CURVE('',#5967,#5976,#5978,.T.);
#5976 = VERTEX_POINT('',#5977);
#5977 = CARTESIAN_POINT('',(19.160060667735,-13.36661674791,0.));
#5978 = CIRCLE('',#5979,21.500000000004);
#5979 = AXIS2_PLACEMENT_3D('',#5980,#5981,#5982);
#5980 = CARTESIAN_POINT('',(36.000000000003,2.470912363606E-12,0.));
#5981 = DIRECTION('',(0.,0.,1.));
#5982 = DIRECTION('',(-0.803239876487,-0.595655689825,0.));
#5983 = ORIENTED_EDGE('',*,*,#5984,.T.);
#5984 = EDGE_CURVE('',#5976,#5985,#5987,.T.);
#5985 = VERTEX_POINT('',#5986);
#5986 = CARTESIAN_POINT('',(19.047160611846,-14.42597784136,0.));
#5987 = CIRCLE('',#5988,0.76);
#5988 = AXIS2_PLACEMENT_3D('',#5989,#5990,#5991);
#5989 = CARTESIAN_POINT('',(18.564582034734,-13.83885100931,0.));
#5990 = DIRECTION('',(0.,0.,-1.));
#5991 = DIRECTION('',(0.783524517107,0.621360870261,0.));
#5992 = ORIENTED_EDGE('',*,*,#5993,.T.);
#5993 = EDGE_CURVE('',#5985,#5994,#5996,.T.);
#5994 = VERTEX_POINT('',#5995);
#5995 = CARTESIAN_POINT('',(18.796241509981,-14.64146487308,0.));
#5996 = LINE('',#5997,#5998);
#5997 = CARTESIAN_POINT('',(19.047160611846,-14.42597784136,0.));
#5998 = VECTOR('',#5999,1.);
#5999 = DIRECTION('',(-0.758638494772,-0.651511806685,0.));
#6000 = ORIENTED_EDGE('',*,*,#6001,.T.);
#6001 = EDGE_CURVE('',#5994,#6002,#6004,.T.);
#6002 = VERTEX_POINT('',#6003);
#6003 = CARTESIAN_POINT('',(18.230362817218,-15.36261306574,0.));
#6004 = B_SPLINE_CURVE_WITH_KNOTS('',3,(#6005,#6006,#6007,#6008),
  .UNSPECIFIED.,.F.,.F.,(4,4),(0.,1.),.PIECEWISE_BEZIER_KNOTS.);
#6005 = CARTESIAN_POINT('',(18.796241509981,-14.64146487308,0.));
#6006 = CARTESIAN_POINT('',(18.723385269205,-14.71112146737,0.));
#6007 = CARTESIAN_POINT('',(18.512148332848,-14.92915359651,0.));
#6008 = CARTESIAN_POINT('',(18.230362817218,-15.36261306574,0.));
#6009 = ORIENTED_EDGE('',*,*,#6010,.T.);
#6010 = EDGE_CURVE('',#6002,#6011,#6013,.T.);
#6011 = VERTEX_POINT('',#6012);
#6012 = CARTESIAN_POINT('',(17.115323604114,-17.87393694784,0.));
#6013 = B_SPLINE_CURVE_WITH_KNOTS('',3,(#6014,#6015,#6016,#6017),
  .UNSPECIFIED.,.F.,.F.,(4,4),(0.,1.),.PIECEWISE_BEZIER_KNOTS.);
#6014 = CARTESIAN_POINT('',(18.230362817218,-15.36261306574,0.));
#6015 = CARTESIAN_POINT('',(17.894080266634,-15.88293609635,0.));
#6016 = CARTESIAN_POINT('',(17.471076238777,-16.69608427012,0.));
#6017 = CARTESIAN_POINT('',(17.115323604114,-17.87393694784,0.));
#6018 = ORIENTED_EDGE('',*,*,#6019,.T.);
#6019 = EDGE_CURVE('',#6011,#6020,#6022,.T.);
#6020 = VERTEX_POINT('',#6021);
#6021 = CARTESIAN_POINT('',(18.128092395426,-18.88372099385,0.));
#6022 = CIRCLE('',#6023,26.000000000004);
#6023 = AXIS2_PLACEMENT_3D('',#6024,#6025,#6026);
#6024 = CARTESIAN_POINT('',(35.972388957171,2.609339489267E-02,0.));
#6025 = DIRECTION('',(0.,0.,1.));
#6026 = DIRECTION('',(-0.725271744348,-0.68846270549,0.));
#6027 = ORIENTED_EDGE('',*,*,#6028,.T.);
#6028 = EDGE_CURVE('',#6020,#6029,#6031,.T.);
#6029 = VERTEX_POINT('',#6030);
#6030 = CARTESIAN_POINT('',(20.637386934255,-17.76963718278,0.));
#6031 = B_SPLINE_CURVE_WITH_KNOTS('',3,(#6032,#6033,#6034,#6035),
  .UNSPECIFIED.,.F.,.F.,(4,4),(0.,1.),.PIECEWISE_BEZIER_KNOTS.);
#6032 = CARTESIAN_POINT('',(18.128092395427,-18.88372099385,0.));
#6033 = CARTESIAN_POINT('',(19.303915729876,-18.52892376122,0.));
#6034 = CARTESIAN_POINT('',(20.117063903644,-18.10591973336,0.));
#6035 = CARTESIAN_POINT('',(20.637386934255,-17.76963718278,0.));
#6036 = ORIENTED_EDGE('',*,*,#6037,.T.);
#6037 = EDGE_CURVE('',#6029,#6038,#6040,.T.);
#6038 = VERTEX_POINT('',#6039);
#6039 = CARTESIAN_POINT('',(21.358535126916,-17.20375849001,0.));
#6040 = B_SPLINE_CURVE_WITH_KNOTS('',3,(#6041,#6042,#6043,#6044),
  .UNSPECIFIED.,.F.,.F.,(4,4),(0.,1.),.PIECEWISE_BEZIER_KNOTS.);
#6041 = CARTESIAN_POINT('',(20.637386934255,-17.76963718278,0.));
#6042 = CARTESIAN_POINT('',(21.070846403489,-17.48785166715,0.));
#6043 = CARTESIAN_POINT('',(21.288878532621,-17.27661473079,0.));
#6044 = CARTESIAN_POINT('',(21.358535126916,-17.20375849001,0.));
#6045 = ORIENTED_EDGE('',*,*,#6046,.T.);
#6046 = EDGE_CURVE('',#6038,#6047,#6049,.T.);
#6047 = VERTEX_POINT('',#6048);
#6048 = CARTESIAN_POINT('',(21.574022158638,-16.95283938815,0.));
#6049 = LINE('',#6050,#6051);
#6050 = CARTESIAN_POINT('',(21.358535126916,-17.20375849001,0.));
#6051 = VECTOR('',#6052,1.);
#6052 = DIRECTION('',(0.651511806685,0.758638494772,0.));
#6053 = ORIENTED_EDGE('',*,*,#6054,.T.);
#6054 = EDGE_CURVE('',#6047,#6055,#6057,.T.);
#6055 = VERTEX_POINT('',#6056);
#6056 = CARTESIAN_POINT('',(22.633383252085,-16.83993933226,0.));
#6057 = CIRCLE('',#6058,0.76);
#6058 = AXIS2_PLACEMENT_3D('',#6059,#6060,#6061);
#6059 = CARTESIAN_POINT('',(22.161148990687,-17.43541796526,0.));
#6060 = DIRECTION('',(0.,0.,-1.));
#6061 = DIRECTION('',(-0.772535305327,0.634971811991,0.));
#6062 = ORIENTED_EDGE('',*,*,#6063,.T.);
#6063 = EDGE_CURVE('',#6055,#6064,#6066,.T.);
#6064 = VERTEX_POINT('',#6065);
#6065 = CARTESIAN_POINT('',(23.193402668771,-17.26965734448,0.));
#6066 = CIRCLE('',#6067,21.500000000008);
#6067 = AXIS2_PLACEMENT_3D('',#6068,#6069,#6070);
#6068 = CARTESIAN_POINT('',(36.000000000005,6.282974140959E-12,0.));
#6069 = DIRECTION('',(0.,0.,1.));
#6070 = DIRECTION('',(-0.621703104554,-0.783252992198,0.));
#6071 = ORIENTED_EDGE('',*,*,#6072,.T.);
#6072 = EDGE_CURVE('',#6064,#6073,#6075,.T.);
#6073 = VERTEX_POINT('',#6074);
#6074 = CARTESIAN_POINT('',(23.358532415623,-18.32214226866,0.));
#6075 = CIRCLE('',#6076,0.76);
#6076 = AXIS2_PLACEMENT_3D('',#6077,#6078,#6079);
#6077 = CARTESIAN_POINT('',(22.740437698751,-17.87992182479,0.));
#6078 = DIRECTION('',(0.,0.,-1.));
#6079 = DIRECTION('',(0.5960065395,0.802979579363,0.));
#6080 = ORIENTED_EDGE('',*,*,#6081,.T.);
#6081 = EDGE_CURVE('',#6073,#6082,#6084,.T.);
#6082 = VERTEX_POINT('',#6083);
#6083 = CARTESIAN_POINT('',(23.171935322604,-18.59522940017,0.));
#6084 = LINE('',#6085,#6086);
#6085 = CARTESIAN_POINT('',(23.358532415623,-18.32214226866,0.));
#6086 = VECTOR('',#6087,1.);
#6087 = DIRECTION('',(-0.564164851238,-0.825662171005,0.));
#6088 = ORIENTED_EDGE('',*,*,#6089,.T.);
#6089 = EDGE_CURVE('',#6082,#6090,#6092,.T.);
#6090 = VERTEX_POINT('',#6091);
#6091 = CARTESIAN_POINT('',(22.81198536532,-19.43826524695,0.));
#6092 = B_SPLINE_CURVE_WITH_KNOTS('',3,(#6093,#6094,#6095,#6096),
  .UNSPECIFIED.,.F.,.F.,(4,4),(0.,1.),.PIECEWISE_BEZIER_KNOTS.);
#6093 = CARTESIAN_POINT('',(23.171935322604,-18.59522940017,0.));
#6094 = CARTESIAN_POINT('',(23.119590051253,-18.68136908624,0.));
#6095 = CARTESIAN_POINT('',(22.971981706424,-18.94664409289,0.));
#6096 = CARTESIAN_POINT('',(22.81198536532,-19.43826524695,0.));
#6097 = ORIENTED_EDGE('',*,*,#6098,.T.);
#6098 = EDGE_CURVE('',#6090,#6099,#6101,.T.);
#6099 = VERTEX_POINT('',#6100);
#6100 = CARTESIAN_POINT('',(22.384918641165,-22.15261122723,0.));
#6101 = B_SPLINE_CURVE_WITH_KNOTS('',3,(#6102,#6103,#6104,#6105),
  .UNSPECIFIED.,.F.,.F.,(4,4),(0.,1.),.PIECEWISE_BEZIER_KNOTS.);
#6102 = CARTESIAN_POINT('',(22.81198536532,-19.43826524695,0.));
#6103 = CARTESIAN_POINT('',(22.621830874708,-20.02789502886,0.));
#6104 = CARTESIAN_POINT('',(22.423698593438,-20.92281734906,0.));
#6105 = CARTESIAN_POINT('',(22.384918641165,-22.15261122723,0.));
#6106 = ORIENTED_EDGE('',*,*,#6107,.T.);
#6107 = EDGE_CURVE('',#6099,#6108,#6110,.T.);
#6108 = VERTEX_POINT('',#6109);
#6109 = CARTESIAN_POINT('',(23.624529515301,-22.86586386477,0.));
#6110 = CIRCLE('',#6111,26.000000000009);
#6111 = AXIS2_PLACEMENT_3D('',#6112,#6113,#6114);
#6112 = CARTESIAN_POINT('',(35.966576313094,1.805802028726E-02,0.));
#6113 = DIRECTION('',(0.,0.,1.));
#6114 = DIRECTION('',(-0.52237144892,-0.852718047981,0.));
#6115 = ORIENTED_EDGE('',*,*,#6116,.T.);
#6116 = EDGE_CURVE('',#6108,#6117,#6119,.T.);
#6117 = VERTEX_POINT('',#6118);
#6118 = CARTESIAN_POINT('',(25.759975807977,-21.14028832259,0.));
#6119 = B_SPLINE_CURVE_WITH_KNOTS('',3,(#6120,#6121,#6122,#6123),
  .UNSPECIFIED.,.F.,.F.,(4,4),(0.,1.),.PIECEWISE_BEZIER_KNOTS.);
#6120 = CARTESIAN_POINT('',(23.624529515301,-22.86586386477,0.));
#6121 = CARTESIAN_POINT('',(24.668459360245,-22.21883058205,0.));
#6122 = CARTESIAN_POINT('',(25.344418683323,-21.59978183305,0.));
#6123 = CARTESIAN_POINT('',(25.759975807977,-21.14028832259,0.));
#6124 = ORIENTED_EDGE('',*,*,#6125,.T.);
#6125 = EDGE_CURVE('',#6117,#6126,#6128,.T.);
#6126 = VERTEX_POINT('',#6127);
#6127 = CARTESIAN_POINT('',(26.310091288945,-20.4070445921,0.));
#6128 = B_SPLINE_CURVE_WITH_KNOTS('',3,(#6129,#6130,#6131,#6132),
  .UNSPECIFIED.,.F.,.F.,(4,4),(0.,1.),.PIECEWISE_BEZIER_KNOTS.);
#6129 = CARTESIAN_POINT('',(25.759975807977,-21.14028832259,0.));
#6130 = CARTESIAN_POINT('',(26.10573404588,-20.75591684965,0.));
#6131 = CARTESIAN_POINT('',(26.261664768211,-20.49544676989,0.));
#6132 = CARTESIAN_POINT('',(26.310091288945,-20.4070445921,0.));
#6133 = ORIENTED_EDGE('',*,*,#6134,.T.);
#6134 = EDGE_CURVE('',#6126,#6135,#6137,.T.);
#6135 = VERTEX_POINT('',#6136);
#6136 = CARTESIAN_POINT('',(26.453293135773,-20.10890320352,0.));
#6137 = LINE('',#6138,#6139);
#6138 = CARTESIAN_POINT('',(26.310091288945,-20.4070445921,0.));
#6139 = VECTOR('',#6140,1.);
#6140 = DIRECTION('',(0.432961989415,0.901412178596,0.));
#6141 = ORIENTED_EDGE('',*,*,#6142,.T.);
#6142 = EDGE_CURVE('',#6135,#6143,#6145,.T.);
#6143 = VERTEX_POINT('',#6144);
#6144 = CARTESIAN_POINT('',(27.447336690642,-19.72566729712,0.));
#6145 = CIRCLE('',#6146,0.76);
#6146 = AXIS2_PLACEMENT_3D('',#6147,#6148,#6149);
#6147 = CARTESIAN_POINT('',(27.145314632671,-20.42307870834,0.));
#6148 = DIRECTION('',(0.,0.,-1.));
#6149 = DIRECTION('',(-0.910554601182,0.413388822135,0.));
#6150 = ORIENTED_EDGE('',*,*,#6151,.T.);
#6151 = EDGE_CURVE('',#6143,#6152,#6154,.T.);
#6152 = VERTEX_POINT('',#6153);
#6153 = CARTESIAN_POINT('',(28.099493114027,-19.99579933247,0.));
#6154 = CIRCLE('',#6155,21.499999999985);
#6155 = AXIS2_PLACEMENT_3D('',#6156,#6157,#6158);
#6156 = CARTESIAN_POINT('',(35.999999999994,-1.386091241784E-11,0.));
#6157 = DIRECTION('',(0.,0.,1.));
#6158 = DIRECTION('',(-0.397798293459,-0.917472897541,0.));
#6159 = ORIENTED_EDGE('',*,*,#6160,.T.);
#6160 = EDGE_CURVE('',#6152,#6161,#6163,.T.);
#6161 = VERTEX_POINT('',#6162);
#6162 = CARTESIAN_POINT('',(28.531399344263,-20.96968297912,0.));
#6163 = CIRCLE('',#6164,0.76);
#6164 = AXIS2_PLACEMENT_3D('',#6165,#6166,#6167);
#6165 = CARTESIAN_POINT('',(27.819910621136,-20.70250551588,0.));
#6166 = DIRECTION('',(0.,0.,-1.));
#6167 = DIRECTION('',(0.367871701172,0.929876557117,0.));
#6168 = ORIENTED_EDGE('',*,*,#6169,.T.);
#6169 = EDGE_CURVE('',#6161,#6170,#6172,.T.);
#6170 = VERTEX_POINT('',#6171);
#6171 = CARTESIAN_POINT('',(28.421840543613,-21.28175977371,0.));
#6172 = LINE('',#6173,#6174);
#6173 = CARTESIAN_POINT('',(28.531399344263,-20.96968297912,0.));
#6174 = VECTOR('',#6175,1.);
#6175 = DIRECTION('',(-0.331244305418,-0.943545022841,0.));
#6176 = ORIENTED_EDGE('',*,*,#6177,.T.);
#6177 = EDGE_CURVE('',#6170,#6178,#6180,.T.);
#6178 = VERTEX_POINT('',#6179);
#6179 = CARTESIAN_POINT('',(28.29234931655,-22.18923177483,0.));
#6180 = B_SPLINE_CURVE_WITH_KNOTS('',3,(#6181,#6182,#6183,#6184),
  .UNSPECIFIED.,.F.,.F.,(4,4),(0.,1.),.PIECEWISE_BEZIER_KNOTS.);
#6181 = CARTESIAN_POINT('',(28.421840543613,-21.28175977371,0.));
#6182 = CARTESIAN_POINT('',(28.393573485424,-21.3785122743,0.));
#6183 = CARTESIAN_POINT('',(28.319652996888,-21.67295210515,0.));
#6184 = CARTESIAN_POINT('',(28.29234931655,-22.18923177483,0.));
#6185 = ORIENTED_EDGE('',*,*,#6186,.T.);
#6186 = EDGE_CURVE('',#6178,#6187,#6189,.T.);
#6187 = VERTEX_POINT('',#6188);
#6188 = CARTESIAN_POINT('',(28.582358972834,-24.92162166041,0.));
#6189 = B_SPLINE_CURVE_WITH_KNOTS('',3,(#6190,#6191,#6192,#6193),
  .UNSPECIFIED.,.F.,.F.,(4,4),(0.,1.),.PIECEWISE_BEZIER_KNOTS.);
#6190 = CARTESIAN_POINT('',(28.29234931655,-22.18923177483,0.));
#6191 = CARTESIAN_POINT('',(28.261281600201,-22.80798601281,0.));
#6192 = CARTESIAN_POINT('',(28.301523453058,-23.72369500226,0.));
#6193 = CARTESIAN_POINT('',(28.582358972834,-24.92162166041,0.));
#6194 = ORIENTED_EDGE('',*,*,#6195,.T.);
#6195 = EDGE_CURVE('',#6187,#6196,#6198,.T.);
#6196 = VERTEX_POINT('',#6197);
#6197 = CARTESIAN_POINT('',(29.964334497276,-25.28973590093,0.));
#6198 = CIRCLE('',#6199,25.999999999983);
#6199 = AXIS2_PLACEMENT_3D('',#6200,#6201,#6202);
#6200 = CARTESIAN_POINT('',(35.963041438034,8.792021412791E-03,0.));
#6201 = DIRECTION('',(0.,0.,1.));
#6202 = DIRECTION('',(-0.283872402508,-0.958862064686,0.));
#6203 = ORIENTED_EDGE('',*,*,#6204,.T.);
#6204 = EDGE_CURVE('',#6196,#6205,#6207,.T.);
#6205 = VERTEX_POINT('',#6206);
#6206 = CARTESIAN_POINT('',(31.580405407945,-23.07026374919,0.));
#6207 = B_SPLINE_CURVE_WITH_KNOTS('',3,(#6208,#6209,#6210,#6211),
  .UNSPECIFIED.,.F.,.F.,(4,4),(0.,1.),.PIECEWISE_BEZIER_KNOTS.);
#6208 = CARTESIAN_POINT('',(29.964334497276,-25.28973590093,0.));
#6209 = CARTESIAN_POINT('',(30.805228758958,-24.39456081706,0.));
#6210 = CARTESIAN_POINT('',(31.297933720554,-23.62165449615,0.));
#6211 = CARTESIAN_POINT('',(31.580405407945,-23.07026374919,0.));
#6212 = ORIENTED_EDGE('',*,*,#6213,.T.);
#6213 = EDGE_CURVE('',#6205,#6214,#6216,.T.);
#6214 = VERTEX_POINT('',#6215);
#6215 = CARTESIAN_POINT('',(31.921998716301,-22.21962432947,0.));
#6216 = B_SPLINE_CURVE_WITH_KNOTS('',3,(#6217,#6218,#6219,#6220),
  .UNSPECIFIED.,.F.,.F.,(4,4),(0.,1.),.PIECEWISE_BEZIER_KNOTS.);
#6217 = CARTESIAN_POINT('',(31.580405407945,-23.07026374919,0.));
#6218 = CARTESIAN_POINT('',(31.814899561997,-22.60950059962,0.));
#6219 = CARTESIAN_POINT('',(31.898102456489,-22.31754798195,0.));
#6220 = CARTESIAN_POINT('',(31.921998716301,-22.21962432947,0.));
#6221 = ORIENTED_EDGE('',*,*,#6222,.T.);
#6222 = EDGE_CURVE('',#6214,#6223,#6225,.T.);
#6223 = VERTEX_POINT('',#6224);
#6224 = CARTESIAN_POINT('',(31.983156409026,-21.89457849709,0.));
#6225 = LINE('',#6226,#6227);
#6226 = CARTESIAN_POINT('',(31.921998716301,-22.21962432947,0.));
#6227 = VECTOR('',#6228,1.);
#6228 = DIRECTION('',(0.184906528069,0.982756112104,0.));
#6229 = ORIENTED_EDGE('',*,*,#6230,.T.);
#6230 = EDGE_CURVE('',#6223,#6231,#6233,.T.);
#6231 = VERTEX_POINT('',#6232);
#6232 = CARTESIAN_POINT('',(32.844139999788,-21.26712363388,0.));
#6233 = CIRCLE('',#6234,0.76);
#6234 = AXIS2_PLACEMENT_3D('',#6235,#6236,#6237);
#6235 = CARTESIAN_POINT('',(32.73291244938,-22.01894038817,0.));
#6236 = DIRECTION('',(0.,0.,-1.));
#6237 = DIRECTION('',(-0.986521105729,0.163634067207,0.));
#6238 = ORIENTED_EDGE('',*,*,#6239,.T.);
#6239 = EDGE_CURVE('',#6231,#6240,#6242,.T.);
#6240 = VERTEX_POINT('',#6241);
#6241 = CARTESIAN_POINT('',(33.543990047358,-21.35926064058,0.));
#6242 = CIRCLE('',#6243,21.499999999978);
#6243 = AXIS2_PLACEMENT_3D('',#6244,#6245,#6246);
#6244 = CARTESIAN_POINT('',(35.999999999997,-2.134648013907E-11,0.));
#6245 = DIRECTION('',(0.,0.,1.));
#6246 = DIRECTION('',(-0.146784186056,-0.989168541111,0.));
#6247 = ORIENTED_EDGE('',*,*,#6248,.T.);
#6248 = EDGE_CURVE('',#6240,#6249,#6251,.T.);
#6249 = VERTEX_POINT('',#6250);
#6250 = CARTESIAN_POINT('',(34.213239065144,-22.1881744486,0.));
#6251 = CIRCLE('',#6252,0.76);
#6252 = AXIS2_PLACEMENT_3D('',#6253,#6254,#6255);
#6253 = CARTESIAN_POINT('',(33.456843116454,-22.11424766857,0.));
#6254 = DIRECTION('',(0.,0.,-1.));
#6255 = DIRECTION('',(0.114667014347,0.993403984198,0.));
#6256 = ORIENTED_EDGE('',*,*,#6257,.T.);
#6257 = EDGE_CURVE('',#6249,#6258,#6260,.T.);
#6258 = VERTEX_POINT('',#6259);
#6259 = CARTESIAN_POINT('',(34.188184808074,-22.51797338845,0.));
#6260 = LINE('',#6261,#6262);
#6261 = CARTESIAN_POINT('',(34.213239065144,-22.1881744486,0.));
#6262 = VECTOR('',#6263,1.);
#6263 = DIRECTION('',(-7.575000759182E-02,-0.997126840653,0.));
#6264 = ORIENTED_EDGE('',*,*,#6265,.T.);
#6265 = EDGE_CURVE('',#6258,#6266,#6268,.T.);
#6266 = VERTEX_POINT('',#6267);
#6267 = CARTESIAN_POINT('',(34.297976924363,-23.4280388267,0.));
#6268 = B_SPLINE_CURVE_WITH_KNOTS('',3,(#6269,#6270,#6271,#6272),
  .UNSPECIFIED.,.F.,.F.,(4,4),(0.,1.),.PIECEWISE_BEZIER_KNOTS.);
#6269 = CARTESIAN_POINT('',(34.188184808074,-22.51797338845,0.));
#6270 = CARTESIAN_POINT('',(34.18592231635,-22.61874518053,0.));
#6271 = CARTESIAN_POINT('',(34.190727243241,-22.92228424769,0.));
#6272 = CARTESIAN_POINT('',(34.297976924363,-23.4280388267,0.));
#6273 = ORIENTED_EDGE('',*,*,#6274,.T.);
#6274 = EDGE_CURVE('',#6266,#6275,#6277,.T.);
#6275 = VERTEX_POINT('',#6276);
#6276 = CARTESIAN_POINT('',(35.285299282274,-25.99226476236,0.));
#6277 = B_SPLINE_CURVE_WITH_KNOTS('',3,(#6278,#6279,#6280,#6281),
  .UNSPECIFIED.,.F.,.F.,(4,4),(0.,1.),.PIECEWISE_BEZIER_KNOTS.);
#6278 = CARTESIAN_POINT('',(34.297976924363,-23.4280388267,0.));
#6279 = CARTESIAN_POINT('',(34.428113195804,-24.03375044196,0.));
#6280 = CARTESIAN_POINT('',(34.703986767018,-24.90784204631,0.));
#6281 = CARTESIAN_POINT('',(35.285299282274,-25.99226476236,0.));
#6282 = ORIENTED_EDGE('',*,*,#6283,.T.);
#6283 = EDGE_CURVE('',#6275,#6284,#6286,.T.);
#6284 = VERTEX_POINT('',#6285);
#6285 = CARTESIAN_POINT('',(36.715460108853,-25.99015422872,0.));
#6286 = CIRCLE('',#6287,25.999999999985);
#6287 = AXIS2_PLACEMENT_3D('',#6288,#6289,#6290);
#6288 = CARTESIAN_POINT('',(35.962025227908,-1.073139165859E-03,0.));
#6289 = DIRECTION('',(0.,0.,1.));
#6290 = DIRECTION('',(-2.602792098593E-02,-0.999661216277,0.));
#6291 = ORIENTED_EDGE('',*,*,#6292,.T.);
#6292 = EDGE_CURVE('',#6284,#6293,#6295,.T.);
#6293 = VERTEX_POINT('',#6294);
#6294 = CARTESIAN_POINT('',(37.702023075637,-23.4280388267,0.));
#6295 = B_SPLINE_CURVE_WITH_KNOTS('',3,(#6296,#6297,#6298,#6299),
  .UNSPECIFIED.,.F.,.F.,(4,4),(0.,1.),.PIECEWISE_BEZIER_KNOTS.);
#6296 = CARTESIAN_POINT('',(36.715460108853,-25.99015422872,0.));
#6297 = CARTESIAN_POINT('',(37.296013232982,-24.90784204631,0.));
#6298 = CARTESIAN_POINT('',(37.571886804196,-24.03375044196,0.));
#6299 = CARTESIAN_POINT('',(37.702023075637,-23.4280388267,0.));
#6300 = ORIENTED_EDGE('',*,*,#6301,.T.);
#6301 = EDGE_CURVE('',#6293,#6302,#6304,.T.);
#6302 = VERTEX_POINT('',#6303);
#6303 = CARTESIAN_POINT('',(37.811815191926,-22.51797338845,0.));
#6304 = B_SPLINE_CURVE_WITH_KNOTS('',3,(#6305,#6306,#6307,#6308),
  .UNSPECIFIED.,.F.,.F.,(4,4),(0.,1.),.PIECEWISE_BEZIER_KNOTS.);
#6305 = CARTESIAN_POINT('',(37.702023075637,-23.4280388267,0.));
#6306 = CARTESIAN_POINT('',(37.809272756759,-22.92228424769,0.));
#6307 = CARTESIAN_POINT('',(37.81407768365,-22.61874518053,0.));
#6308 = CARTESIAN_POINT('',(37.811815191926,-22.51797338845,0.));
#6309 = ORIENTED_EDGE('',*,*,#6310,.T.);
#6310 = EDGE_CURVE('',#6302,#6311,#6313,.T.);
#6311 = VERTEX_POINT('',#6312);
#6312 = CARTESIAN_POINT('',(37.786760934856,-22.1881744486,0.));
#6313 = LINE('',#6314,#6315);
#6314 = CARTESIAN_POINT('',(37.811815191926,-22.51797338845,0.));
#6315 = VECTOR('',#6316,1.);
#6316 = DIRECTION('',(-7.575000759186E-02,0.997126840653,0.));
#6317 = ORIENTED_EDGE('',*,*,#6318,.T.);
#6318 = EDGE_CURVE('',#6311,#6319,#6321,.T.);
#6319 = VERTEX_POINT('',#6320);
#6320 = CARTESIAN_POINT('',(38.456009952642,-21.35926064058,0.));
#6321 = CIRCLE('',#6322,0.76);
#6322 = AXIS2_PLACEMENT_3D('',#6323,#6324,#6325);
#6323 = CARTESIAN_POINT('',(38.543156883546,-22.11424766857,0.));
#6324 = DIRECTION('',(0.,0.,-1.));
#6325 = DIRECTION('',(-0.995257827224,-9.727207898203E-02,-0.));
#6326 = ORIENTED_EDGE('',*,*,#6327,.T.);
#6327 = EDGE_CURVE('',#6319,#6328,#6330,.T.);
#6328 = VERTEX_POINT('',#6329);
#6329 = CARTESIAN_POINT('',(39.155860000212,-21.26712363388,0.));
#6330 = CIRCLE('',#6331,21.499999999974);
#6331 = AXIS2_PLACEMENT_3D('',#6332,#6333,#6334);
#6332 = CARTESIAN_POINT('',(36.000000000003,-2.546940436332E-11,0.));
#6333 = DIRECTION('',(-0.,0.,1.));
#6334 = DIRECTION('',(0.114233021053,-0.993453983283,0.));
#6335 = ORIENTED_EDGE('',*,*,#6336,.T.);
#6336 = EDGE_CURVE('',#6328,#6337,#6339,.T.);
#6337 = VERTEX_POINT('',#6338);
#6338 = CARTESIAN_POINT('',(40.016843590974,-21.89457849709,0.));
#6339 = CIRCLE('',#6340,0.76);
#6340 = AXIS2_PLACEMENT_3D('',#6341,#6342,#6343);
#6341 = CARTESIAN_POINT('',(39.26708755062,-22.01894038817,0.));
#6342 = DIRECTION('',(0.,0.,-1.));
#6343 = DIRECTION('',(-0.14635204001,0.989232571433,0.));
#6344 = ORIENTED_EDGE('',*,*,#6345,.T.);
#6345 = EDGE_CURVE('',#6337,#6346,#6348,.T.);
#6346 = VERTEX_POINT('',#6347);
#6347 = CARTESIAN_POINT('',(40.078001283699,-22.21962432947,0.));
#6348 = LINE('',#6349,#6350);
#6349 = CARTESIAN_POINT('',(40.016843590974,-21.89457849709,0.));
#6350 = VECTOR('',#6351,1.);
#6351 = DIRECTION('',(0.184906528069,-0.982756112104,0.));
#6352 = ORIENTED_EDGE('',*,*,#6353,.T.);
#6353 = EDGE_CURVE('',#6346,#6354,#6356,.T.);
#6354 = VERTEX_POINT('',#6355);
#6355 = CARTESIAN_POINT('',(40.419594592055,-23.07026374919,0.));
#6356 = B_SPLINE_CURVE_WITH_KNOTS('',3,(#6357,#6358,#6359,#6360),
  .UNSPECIFIED.,.F.,.F.,(4,4),(0.,1.),.PIECEWISE_BEZIER_KNOTS.);
#6357 = CARTESIAN_POINT('',(40.078001283699,-22.21962432947,0.));
#6358 = CARTESIAN_POINT('',(40.101897543511,-22.31754798195,0.));
#6359 = CARTESIAN_POINT('',(40.185100438003,-22.60950059962,0.));
#6360 = CARTESIAN_POINT('',(40.419594592055,-23.07026374919,0.));
#6361 = ORIENTED_EDGE('',*,*,#6362,.T.);
#6362 = EDGE_CURVE('',#6354,#6363,#6365,.T.);
#6363 = VERTEX_POINT('',#6364);
#6364 = CARTESIAN_POINT('',(42.036945264528,-25.291577975,0.));
#6365 = B_SPLINE_CURVE_WITH_KNOTS('',3,(#6366,#6367,#6368,#6369),
  .UNSPECIFIED.,.F.,.F.,(4,4),(0.,1.),.PIECEWISE_BEZIER_KNOTS.);
#6366 = CARTESIAN_POINT('',(40.419594592055,-23.07026374919,0.));
#6367 = CARTESIAN_POINT('',(40.702066279446,-23.62165449615,0.));
#6368 = CARTESIAN_POINT('',(41.194771241042,-24.39456081706,0.));
#6369 = CARTESIAN_POINT('',(42.036945264528,-25.291577975,0.));
#6370 = ORIENTED_EDGE('',*,*,#6371,.T.);
#6371 = EDGE_CURVE('',#6363,#6372,#6374,.T.);
#6372 = VERTEX_POINT('',#6373);
#6373 = CARTESIAN_POINT('',(43.417828296365,-24.91938649657,0.));
#6374 = CIRCLE('',#6375,26.);
#6375 = AXIS2_PLACEMENT_3D('',#6376,#6377,#6378);
#6376 = CARTESIAN_POINT('',(35.963596935739,-1.086516707191E-02,0.));
#6377 = DIRECTION('',(-0.,0.,1.));
#6378 = DIRECTION('',(0.233590320338,-0.972335107997,0.));
#6379 = ORIENTED_EDGE('',*,*,#6380,.T.);
#6380 = EDGE_CURVE('',#6372,#6381,#6383,.T.);
#6381 = VERTEX_POINT('',#6382);
#6382 = CARTESIAN_POINT('',(43.70765068345,-22.18923177483,0.));
#6383 = B_SPLINE_CURVE_WITH_KNOTS('',3,(#6384,#6385,#6386,#6387),
  .UNSPECIFIED.,.F.,.F.,(4,4),(0.,1.),.PIECEWISE_BEZIER_KNOTS.);
#6384 = CARTESIAN_POINT('',(43.417828296365,-24.91938649657,0.));
#6385 = CARTESIAN_POINT('',(43.698476546942,-23.72369500226,0.));
#6386 = CARTESIAN_POINT('',(43.738718399799,-22.80798601281,0.));
#6387 = CARTESIAN_POINT('',(43.70765068345,-22.18923177483,0.));
#6388 = ORIENTED_EDGE('',*,*,#6389,.T.);
#6389 = EDGE_CURVE('',#6381,#6390,#6392,.T.);
#6390 = VERTEX_POINT('',#6391);
#6391 = CARTESIAN_POINT('',(43.578159456387,-21.28175977371,0.));
#6392 = B_SPLINE_CURVE_WITH_KNOTS('',3,(#6393,#6394,#6395,#6396),
  .UNSPECIFIED.,.F.,.F.,(4,4),(0.,1.),.PIECEWISE_BEZIER_KNOTS.);
#6393 = CARTESIAN_POINT('',(43.70765068345,-22.18923177483,0.));
#6394 = CARTESIAN_POINT('',(43.680347003112,-21.67295210515,0.));
#6395 = CARTESIAN_POINT('',(43.606426514576,-21.3785122743,0.));
#6396 = CARTESIAN_POINT('',(43.578159456387,-21.28175977371,0.));
#6397 = ORIENTED_EDGE('',*,*,#6398,.T.);
#6398 = EDGE_CURVE('',#6390,#6399,#6401,.T.);
#6399 = VERTEX_POINT('',#6400);
#6400 = CARTESIAN_POINT('',(43.468600655737,-20.96968297912,0.));
#6401 = LINE('',#6402,#6403);
#6402 = CARTESIAN_POINT('',(43.578159456387,-21.28175977371,0.));
#6403 = VECTOR('',#6404,1.);
#6404 = DIRECTION('',(-0.331244305418,0.943545022841,0.));
#6405 = ORIENTED_EDGE('',*,*,#6406,.T.);
#6406 = EDGE_CURVE('',#6399,#6407,#6409,.T.);
#6407 = VERTEX_POINT('',#6408);
#6408 = CARTESIAN_POINT('',(43.900506885973,-19.99579933247,0.));
#6409 = CIRCLE('',#6410,0.76);
#6410 = AXIS2_PLACEMENT_3D('',#6411,#6412,#6413);
#6411 = CARTESIAN_POINT('',(44.180089378864,-20.70250551588,0.));
#6412 = DIRECTION('',(0.,0.,-1.));
#6413 = DIRECTION('',(-0.936169372535,-0.351549293738,-0.));
#6414 = ORIENTED_EDGE('',*,*,#6415,.T.);
#6415 = EDGE_CURVE('',#6407,#6416,#6418,.T.);
#6416 = VERTEX_POINT('',#6417);
#6417 = CARTESIAN_POINT('',(44.552663309358,-19.72566729712,0.));
#6418 = CIRCLE('',#6419,21.499999999999);
#6419 = AXIS2_PLACEMENT_3D('',#6420,#6421,#6422);
#6420 = CARTESIAN_POINT('',(36.,-6.359357485053E-13,0.));
#6421 = DIRECTION('',(-0.,0.,1.));
#6422 = DIRECTION('',(0.367465436557,-0.930037178255,0.));
#6423 = ORIENTED_EDGE('',*,*,#6424,.T.);
#6424 = EDGE_CURVE('',#6416,#6425,#6427,.T.);
#6425 = VERTEX_POINT('',#6426);
#6426 = CARTESIAN_POINT('',(45.546706864227,-20.10890320352,0.));
#6427 = CIRCLE('',#6428,0.76);
#6428 = AXIS2_PLACEMENT_3D('',#6429,#6430,#6431);
#6429 = CARTESIAN_POINT('',(44.854685367329,-20.42307870834,0.));
#6430 = DIRECTION('',(0.,0.,-1.));
#6431 = DIRECTION('',(-0.397397444698,0.91764659371,0.));
#6432 = ORIENTED_EDGE('',*,*,#6433,.T.);
#6433 = EDGE_CURVE('',#6425,#6434,#6436,.T.);
#6434 = VERTEX_POINT('',#6435);
#6435 = CARTESIAN_POINT('',(45.689908711055,-20.4070445921,0.));
#6436 = LINE('',#6437,#6438);
#6437 = CARTESIAN_POINT('',(45.546706864227,-20.10890320352,0.));
#6438 = VECTOR('',#6439,1.);
#6439 = DIRECTION('',(0.432961989415,-0.901412178596,0.));
#6440 = ORIENTED_EDGE('',*,*,#6441,.T.);
#6441 = EDGE_CURVE('',#6434,#6442,#6444,.T.);
#6442 = VERTEX_POINT('',#6443);
#6443 = CARTESIAN_POINT('',(46.240024192023,-21.14028832259,0.));
#6444 = B_SPLINE_CURVE_WITH_KNOTS('',3,(#6445,#6446,#6447,#6448),
  .UNSPECIFIED.,.F.,.F.,(4,4),(0.,1.),.PIECEWISE_BEZIER_KNOTS.);
#6445 = CARTESIAN_POINT('',(45.689908711055,-20.4070445921,0.));
#6446 = CARTESIAN_POINT('',(45.738335231789,-20.49544676989,0.));
#6447 = CARTESIAN_POINT('',(45.89426595412,-20.75591684965,0.));
#6448 = CARTESIAN_POINT('',(46.240024192023,-21.14028832259,0.));
#6449 = ORIENTED_EDGE('',*,*,#6450,.T.);
#6450 = EDGE_CURVE('',#6442,#6451,#6453,.T.);
#6451 = VERTEX_POINT('',#6452);
#6452 = CARTESIAN_POINT('',(48.377183403528,-22.86731194496,0.));
#6453 = B_SPLINE_CURVE_WITH_KNOTS('',3,(#6454,#6455,#6456,#6457),
  .UNSPECIFIED.,.F.,.F.,(4,4),(0.,1.),.PIECEWISE_BEZIER_KNOTS.);
#6454 = CARTESIAN_POINT('',(46.240024192023,-21.14028832259,0.));
#6455 = CARTESIAN_POINT('',(46.655581316677,-21.59978183305,0.));
#6456 = CARTESIAN_POINT('',(47.331540639755,-22.21883058205,0.));
#6457 = CARTESIAN_POINT('',(48.377183403528,-22.86731194496,0.));
#6458 = ORIENTED_EDGE('',*,*,#6459,.T.);
#6459 = EDGE_CURVE('',#6451,#6460,#6462,.T.);
#6460 = VERTEX_POINT('',#6461);
#6461 = CARTESIAN_POINT('',(49.614683744021,-22.15040375592,0.));
#6462 = CIRCLE('',#6463,26.000000000011);
#6463 = AXIS2_PLACEMENT_3D('',#6464,#6465,#6466);
#6464 = CARTESIAN_POINT('',(35.967649452235,-1.991675180365E-02,0.));
#6465 = DIRECTION('',(-0.,0.,1.));
#6466 = DIRECTION('',(0.477289767357,-0.878745968967,0.));
#6467 = ORIENTED_EDGE('',*,*,#6468,.T.);
#6468 = EDGE_CURVE('',#6460,#6469,#6471,.T.);
#6469 = VERTEX_POINT('',#6470);
#6470 = CARTESIAN_POINT('',(49.18801463468,-19.43826524695,0.));
#6471 = B_SPLINE_CURVE_WITH_KNOTS('',3,(#6472,#6473,#6474,#6475),
  .UNSPECIFIED.,.F.,.F.,(4,4),(0.,1.),.PIECEWISE_BEZIER_KNOTS.);
#6472 = CARTESIAN_POINT('',(49.614683744021,-22.15040375592,0.));
#6473 = CARTESIAN_POINT('',(49.576301406562,-20.92281734906,0.));
#6474 = CARTESIAN_POINT('',(49.378169125292,-20.02789502886,0.));
#6475 = CARTESIAN_POINT('',(49.18801463468,-19.43826524695,0.));
#6476 = ORIENTED_EDGE('',*,*,#6477,.T.);
#6477 = EDGE_CURVE('',#6469,#6478,#6480,.T.);
#6478 = VERTEX_POINT('',#6479);
#6479 = CARTESIAN_POINT('',(48.828064677396,-18.59522940017,0.));
#6480 = B_SPLINE_CURVE_WITH_KNOTS('',3,(#6481,#6482,#6483,#6484),
  .UNSPECIFIED.,.F.,.F.,(4,4),(0.,1.),.PIECEWISE_BEZIER_KNOTS.);
#6481 = CARTESIAN_POINT('',(49.18801463468,-19.43826524695,0.));
#6482 = CARTESIAN_POINT('',(49.028018293576,-18.94664409289,0.));
#6483 = CARTESIAN_POINT('',(48.880409948747,-18.68136908624,0.));
#6484 = CARTESIAN_POINT('',(48.828064677396,-18.59522940017,0.));
#6485 = ORIENTED_EDGE('',*,*,#6486,.T.);
#6486 = EDGE_CURVE('',#6478,#6487,#6489,.T.);
#6487 = VERTEX_POINT('',#6488);
#6488 = CARTESIAN_POINT('',(48.641467584377,-18.32214226866,0.));
#6489 = LINE('',#6490,#6491);
#6490 = CARTESIAN_POINT('',(48.828064677396,-18.59522940017,0.));
#6491 = VECTOR('',#6492,1.);
#6492 = DIRECTION('',(-0.564164851238,0.825662171005,0.));
#6493 = ORIENTED_EDGE('',*,*,#6494,.T.);
#6494 = EDGE_CURVE('',#6487,#6495,#6497,.T.);
#6495 = VERTEX_POINT('',#6496);
#6496 = CARTESIAN_POINT('',(48.806597331229,-17.26965734448,0.));
#6497 = CIRCLE('',#6498,0.76);
#6498 = AXIS2_PLACEMENT_3D('',#6499,#6500,#6501);
#6499 = CARTESIAN_POINT('',(49.259562301249,-17.87992182479,0.));
#6500 = DIRECTION('',(0.,0.,-1.));
#6501 = DIRECTION('',(-0.8132825222,-0.581869005089,-0.));
#6502 = ORIENTED_EDGE('',*,*,#6503,.T.);
#6503 = EDGE_CURVE('',#6495,#6504,#6506,.T.);
#6504 = VERTEX_POINT('',#6505);
#6505 = CARTESIAN_POINT('',(49.366616747915,-16.83993933226,0.));
#6506 = CIRCLE('',#6507,21.500000000018);
#6507 = AXIS2_PLACEMENT_3D('',#6508,#6509,#6510);
#6508 = CARTESIAN_POINT('',(35.999999999989,1.427125084774E-11,0.));
#6509 = DIRECTION('',(-0.,0.,1.));
#6510 = DIRECTION('',(0.595655689825,-0.803239876487,0.));
#6511 = ORIENTED_EDGE('',*,*,#6512,.T.);
#6512 = EDGE_CURVE('',#6504,#6513,#6515,.T.);
#6513 = VERTEX_POINT('',#6514);
#6514 = CARTESIAN_POINT('',(50.425977841362,-16.95283938815,0.));
#6515 = CIRCLE('',#6516,0.76);
#6516 = AXIS2_PLACEMENT_3D('',#6517,#6518,#6519);
#6517 = CARTESIAN_POINT('',(49.838851009313,-17.43541796526,0.));
#6518 = DIRECTION('',(0.,0.,-1.));
#6519 = DIRECTION('',(-0.621360870261,0.783524517107,0.));
#6520 = ORIENTED_EDGE('',*,*,#6521,.T.);
#6521 = EDGE_CURVE('',#6513,#6522,#6524,.T.);
#6522 = VERTEX_POINT('',#6523);
#6523 = CARTESIAN_POINT('',(50.641464873084,-17.20375849001,0.));
#6524 = LINE('',#6525,#6526);
#6525 = CARTESIAN_POINT('',(50.425977841362,-16.95283938815,0.));
#6526 = VECTOR('',#6527,1.);
#6527 = DIRECTION('',(0.651511806685,-0.758638494772,0.));
#6528 = ORIENTED_EDGE('',*,*,#6529,.T.);
#6529 = EDGE_CURVE('',#6522,#6530,#6532,.T.);
#6530 = VERTEX_POINT('',#6531);
#6531 = CARTESIAN_POINT('',(51.362613065745,-17.76963718278,0.));
#6532 = B_SPLINE_CURVE_WITH_KNOTS('',3,(#6533,#6534,#6535,#6536),
  .UNSPECIFIED.,.F.,.F.,(4,4),(0.,1.),.PIECEWISE_BEZIER_KNOTS.);
#6533 = CARTESIAN_POINT('',(50.641464873084,-17.20375849001,0.));
#6534 = CARTESIAN_POINT('',(50.711121467379,-17.27661473079,0.));
#6535 = CARTESIAN_POINT('',(50.929153596511,-17.48785166715,0.));
#6536 = CARTESIAN_POINT('',(51.362613065745,-17.76963718278,0.));
#6537 = ORIENTED_EDGE('',*,*,#6538,.T.);
#6538 = EDGE_CURVE('',#6530,#6539,#6541,.T.);
#6539 = VERTEX_POINT('',#6540);
#6540 = CARTESIAN_POINT('',(53.87393694784,-18.88467639588,0.));
#6541 = B_SPLINE_CURVE_WITH_KNOTS('',3,(#6542,#6543,#6544,#6545),
  .UNSPECIFIED.,.F.,.F.,(4,4),(0.,1.),.PIECEWISE_BEZIER_KNOTS.);
#6542 = CARTESIAN_POINT('',(51.362613065745,-17.76963718278,0.));
#6543 = CARTESIAN_POINT('',(51.882936096356,-18.10591973336,0.));
#6544 = CARTESIAN_POINT('',(52.696084270124,-18.52892376122,0.));
#6545 = CARTESIAN_POINT('',(53.87393694784,-18.88467639588,0.));
#6546 = ORIENTED_EDGE('',*,*,#6547,.T.);
#6547 = EDGE_CURVE('',#6539,#6548,#6550,.T.);
#6548 = VERTEX_POINT('',#6549);
#6549 = CARTESIAN_POINT('',(54.88372099385,-17.87190760457,0.));
#6550 = CIRCLE('',#6551,25.999999999993);
#6551 = AXIS2_PLACEMENT_3D('',#6552,#6553,#6554);
#6552 = CARTESIAN_POINT('',(35.973906605115,-2.761104283628E-02,0.));
#6553 = DIRECTION('',(-0.,0.,1.));
#6554 = DIRECTION('',(0.68846270549,-0.725271744348,0.));
#6555 = ORIENTED_EDGE('',*,*,#6556,.T.);
#6556 = EDGE_CURVE('',#6548,#6557,#6559,.T.);
#6557 = VERTEX_POINT('',#6558);
#6558 = CARTESIAN_POINT('',(53.769637182782,-15.36261306574,0.));
#6559 = B_SPLINE_CURVE_WITH_KNOTS('',3,(#6560,#6561,#6562,#6563),
  .UNSPECIFIED.,.F.,.F.,(4,4),(0.,1.),.PIECEWISE_BEZIER_KNOTS.);
#6560 = CARTESIAN_POINT('',(54.88372099385,-17.87190760457,0.));
#6561 = CARTESIAN_POINT('',(54.528923761223,-16.69608427012,0.));
#6562 = CARTESIAN_POINT('',(54.105919733366,-15.88293609635,0.));
#6563 = CARTESIAN_POINT('',(53.769637182782,-15.36261306574,0.));
#6564 = ORIENTED_EDGE('',*,*,#6565,.T.);
#6565 = EDGE_CURVE('',#6557,#6566,#6568,.T.);
#6566 = VERTEX_POINT('',#6567);
#6567 = CARTESIAN_POINT('',(53.203758490019,-14.64146487308,0.));
#6568 = B_SPLINE_CURVE_WITH_KNOTS('',3,(#6569,#6570,#6571,#6572),
  .UNSPECIFIED.,.F.,.F.,(4,4),(0.,1.),.PIECEWISE_BEZIER_KNOTS.);
#6569 = CARTESIAN_POINT('',(53.769637182782,-15.36261306574,0.));
#6570 = CARTESIAN_POINT('',(53.487851667152,-14.92915359651,0.));
#6571 = CARTESIAN_POINT('',(53.276614730795,-14.71112146737,0.));
#6572 = CARTESIAN_POINT('',(53.203758490019,-14.64146487308,0.));
#6573 = ORIENTED_EDGE('',*,*,#6574,.T.);
#6574 = EDGE_CURVE('',#6566,#6575,#6577,.T.);
#6575 = VERTEX_POINT('',#6576);
#6576 = CARTESIAN_POINT('',(52.952839388154,-14.42597784136,0.));
#6577 = LINE('',#6578,#6579);
#6578 = CARTESIAN_POINT('',(53.203758490019,-14.64146487308,0.));
#6579 = VECTOR('',#6580,1.);
#6580 = DIRECTION('',(-0.758638494772,0.651511806685,0.));
#6581 = ORIENTED_EDGE('',*,*,#6582,.T.);
#6582 = EDGE_CURVE('',#6575,#6583,#6585,.T.);
#6583 = VERTEX_POINT('',#6584);
#6584 = CARTESIAN_POINT('',(52.839939332265,-13.36661674791,0.));
#6585 = CIRCLE('',#6586,0.76);
#6586 = AXIS2_PLACEMENT_3D('',#6587,#6588,#6589);
#6587 = CARTESIAN_POINT('',(53.435417965266,-13.83885100931,0.));
#6588 = DIRECTION('',(0.,0.,-1.));
#6589 = DIRECTION('',(-0.634971811991,-0.772535305327,-0.));
#6590 = ORIENTED_EDGE('',*,*,#6591,.T.);
#6591 = EDGE_CURVE('',#6583,#6592,#6594,.T.);
#6592 = VERTEX_POINT('',#6593);
#6593 = CARTESIAN_POINT('',(53.26965734448,-12.80659733122,0.));
#6594 = CIRCLE('',#6595,21.49999999998);
#6595 = AXIS2_PLACEMENT_3D('',#6596,#6597,#6598);
#6596 = CARTESIAN_POINT('',(36.000000000016,-1.180744391149E-11,0.));
#6597 = DIRECTION('',(-0.,0.,1.));
#6598 = DIRECTION('',(0.783252992198,-0.621703104554,0.));
#6599 = ORIENTED_EDGE('',*,*,#6600,.T.);
#6600 = EDGE_CURVE('',#6592,#6601,#6603,.T.);
#6601 = VERTEX_POINT('',#6602);
#6602 = CARTESIAN_POINT('',(54.322142268664,-12.64146758437,0.));
#6603 = CIRCLE('',#6604,0.76);
#6604 = AXIS2_PLACEMENT_3D('',#6605,#6606,#6607);
#6605 = CARTESIAN_POINT('',(53.879921824796,-13.25956230124,0.));
#6606 = DIRECTION('',(0.,0.,-1.));
#6607 = DIRECTION('',(-0.802979579363,0.5960065395,0.));
#6608 = ORIENTED_EDGE('',*,*,#6609,.T.);
#6609 = EDGE_CURVE('',#6601,#6610,#6612,.T.);
#6610 = VERTEX_POINT('',#6611);
#6611 = CARTESIAN_POINT('',(54.595229400177,-12.82806467739,0.));
#6612 = LINE('',#6613,#6614);
#6613 = CARTESIAN_POINT('',(54.322142268664,-12.64146758437,0.));
#6614 = VECTOR('',#6615,1.);
#6615 = DIRECTION('',(0.825662171005,-0.564164851238,0.));
#6616 = ORIENTED_EDGE('',*,*,#6617,.T.);
#6617 = EDGE_CURVE('',#6610,#6618,#6620,.T.);
#6618 = VERTEX_POINT('',#6619);
#6619 = CARTESIAN_POINT('',(55.438265246955,-13.18801463468,0.));
#6620 = B_SPLINE_CURVE_WITH_KNOTS('',3,(#6621,#6622,#6623,#6624),
  .UNSPECIFIED.,.F.,.F.,(4,4),(0.,1.),.PIECEWISE_BEZIER_KNOTS.);
#6621 = CARTESIAN_POINT('',(54.595229400177,-12.82806467739,0.));
#6622 = CARTESIAN_POINT('',(54.681369086246,-12.88040994874,0.));
#6623 = CARTESIAN_POINT('',(54.946644092893,-13.02801829357,0.));
#6624 = CARTESIAN_POINT('',(55.438265246955,-13.18801463468,0.));
#6625 = ORIENTED_EDGE('',*,*,#6626,.T.);
#6626 = EDGE_CURVE('',#6618,#6627,#6629,.T.);
#6627 = VERTEX_POINT('',#6628);
#6628 = CARTESIAN_POINT('',(58.152611227234,-13.61508135883,0.));
#6629 = B_SPLINE_CURVE_WITH_KNOTS('',3,(#6630,#6631,#6632,#6633),
  .UNSPECIFIED.,.F.,.F.,(4,4),(0.,1.),.PIECEWISE_BEZIER_KNOTS.);
#6630 = CARTESIAN_POINT('',(55.438265246955,-13.18801463468,0.));
#6631 = CARTESIAN_POINT('',(56.027895028862,-13.37816912529,0.));
#6632 = CARTESIAN_POINT('',(56.922817349069,-13.57630140656,0.));
#6633 = CARTESIAN_POINT('',(58.152611227234,-13.61508135883,0.));
#6634 = ORIENTED_EDGE('',*,*,#6635,.T.);
#6635 = EDGE_CURVE('',#6627,#6636,#6638,.T.);
#6636 = VERTEX_POINT('',#6637);
#6637 = CARTESIAN_POINT('',(58.865863864773,-12.37547048469,0.));
#6638 = CIRCLE('',#6639,26.000000000009);
#6639 = AXIS2_PLACEMENT_3D('',#6640,#6641,#6642);
#6640 = CARTESIAN_POINT('',(35.981941979713,-3.342368690605E-02,0.));
#6641 = DIRECTION('',(-0.,0.,1.));
#6642 = DIRECTION('',(0.852718047981,-0.52237144892,0.));
#6643 = ORIENTED_EDGE('',*,*,#6644,.T.);
#6644 = EDGE_CURVE('',#6636,#6645,#6647,.T.);
#6645 = VERTEX_POINT('',#6646);
#6646 = CARTESIAN_POINT('',(57.140288322592,-10.24002419202,0.));
#6647 = B_SPLINE_CURVE_WITH_KNOTS('',3,(#6648,#6649,#6650,#6651),
  .UNSPECIFIED.,.F.,.F.,(4,4),(0.,1.),.PIECEWISE_BEZIER_KNOTS.);
#6648 = CARTESIAN_POINT('',(58.865863864773,-12.37547048469,0.));
#6649 = CARTESIAN_POINT('',(58.218830582051,-11.33154063975,0.));
#6650 = CARTESIAN_POINT('',(57.599781833058,-10.65558131667,0.));
#6651 = CARTESIAN_POINT('',(57.140288322592,-10.24002419202,0.));
#6652 = ORIENTED_EDGE('',*,*,#6653,.T.);
#6653 = EDGE_CURVE('',#6645,#6654,#6656,.T.);
#6654 = VERTEX_POINT('',#6655);
#6655 = CARTESIAN_POINT('',(56.407044592103,-9.689908711055,0.));
#6656 = B_SPLINE_CURVE_WITH_KNOTS('',3,(#6657,#6658,#6659,#6660),
  .UNSPECIFIED.,.F.,.F.,(4,4),(0.,1.),.PIECEWISE_BEZIER_KNOTS.);
#6657 = CARTESIAN_POINT('',(57.140288322592,-10.24002419202,0.));
#6658 = CARTESIAN_POINT('',(56.755916849652,-9.89426595412,0.));
#6659 = CARTESIAN_POINT('',(56.495446769896,-9.738335231789,0.));
#6660 = CARTESIAN_POINT('',(56.407044592103,-9.689908711055,0.));
#6661 = ORIENTED_EDGE('',*,*,#6662,.T.);
#6662 = EDGE_CURVE('',#6654,#6663,#6665,.T.);
#6663 = VERTEX_POINT('',#6664);
#6664 = CARTESIAN_POINT('',(56.10890320352,-9.546706864227,0.));
#6665 = LINE('',#6666,#6667);
#6666 = CARTESIAN_POINT('',(56.407044592103,-9.689908711055,0.));
#6667 = VECTOR('',#6668,1.);
#6668 = DIRECTION('',(-0.901412178596,0.432961989415,0.));
#6669 = ORIENTED_EDGE('',*,*,#6670,.T.);
#6670 = EDGE_CURVE('',#6663,#6671,#6673,.T.);
#6671 = VERTEX_POINT('',#6672);
#6672 = CARTESIAN_POINT('',(55.725667297122,-8.552663309358,0.));
#6673 = CIRCLE('',#6674,0.76);
#6674 = AXIS2_PLACEMENT_3D('',#6675,#6676,#6677);
#6675 = CARTESIAN_POINT('',(56.423078708342,-8.854685367329,0.));
#6676 = DIRECTION('',(0.,0.,-1.));
#6677 = DIRECTION('',(-0.413388822135,-0.910554601182,-0.));
#6678 = ORIENTED_EDGE('',*,*,#6679,.T.);
#6679 = EDGE_CURVE('',#6671,#6680,#6682,.T.);
#6680 = VERTEX_POINT('',#6681);
#6681 = CARTESIAN_POINT('',(55.995799332477,-7.900506885973,0.));
#6682 = CIRCLE('',#6683,21.499999999985);
#6683 = AXIS2_PLACEMENT_3D('',#6684,#6685,#6686);
#6684 = CARTESIAN_POINT('',(36.000000000014,-5.68611824292E-12,0.));
#6685 = DIRECTION('',(-0.,0.,1.));
#6686 = DIRECTION('',(0.917472897541,-0.397798293459,0.));
#6687 = ORIENTED_EDGE('',*,*,#6688,.T.);
#6688 = EDGE_CURVE('',#6680,#6689,#6691,.T.);
#6689 = VERTEX_POINT('',#6690);
#6690 = CARTESIAN_POINT('',(56.969682979128,-7.468600655737,0.));
#6691 = CIRCLE('',#6692,0.76);
#6692 = AXIS2_PLACEMENT_3D('',#6693,#6694,#6695);
#6693 = CARTESIAN_POINT('',(56.702505515887,-8.180089378864,0.));
#6694 = DIRECTION('',(0.,0.,-1.));
#6695 = DIRECTION('',(-0.929876557117,0.367871701172,0.));
#6696 = ORIENTED_EDGE('',*,*,#6697,.T.);
#6697 = EDGE_CURVE('',#6689,#6698,#6700,.T.);
#6698 = VERTEX_POINT('',#6699);
#6699 = CARTESIAN_POINT('',(57.281759773718,-7.578159456387,0.));
#6700 = LINE('',#6701,#6702);
#6701 = CARTESIAN_POINT('',(56.969682979128,-7.468600655737,0.));
#6702 = VECTOR('',#6703,1.);
#6703 = DIRECTION('',(0.943545022841,-0.331244305418,0.));
#6704 = ORIENTED_EDGE('',*,*,#6705,.T.);
#6705 = EDGE_CURVE('',#6698,#6706,#6708,.T.);
#6706 = VERTEX_POINT('',#6707);
#6707 = CARTESIAN_POINT('',(58.189231774837,-7.70765068345,0.));
#6708 = B_SPLINE_CURVE_WITH_KNOTS('',3,(#6709,#6710,#6711,#6712),
  .UNSPECIFIED.,.F.,.F.,(4,4),(0.,1.),.PIECEWISE_BEZIER_KNOTS.);
#6709 = CARTESIAN_POINT('',(57.281759773718,-7.578159456387,0.));
#6710 = CARTESIAN_POINT('',(57.378512274307,-7.606426514576,0.));
#6711 = CARTESIAN_POINT('',(57.672952105155,-7.680347003112,0.));
#6712 = CARTESIAN_POINT('',(58.189231774837,-7.70765068345,0.));
#6713 = ORIENTED_EDGE('',*,*,#6714,.T.);
#6714 = EDGE_CURVE('',#6706,#6715,#6717,.T.);
#6715 = VERTEX_POINT('',#6716);
#6716 = CARTESIAN_POINT('',(60.921621660414,-7.417641027166,0.));
#6717 = B_SPLINE_CURVE_WITH_KNOTS('',3,(#6718,#6719,#6720,#6721),
  .UNSPECIFIED.,.F.,.F.,(4,4),(0.,1.),.PIECEWISE_BEZIER_KNOTS.);
#6718 = CARTESIAN_POINT('',(58.189231774837,-7.70765068345,0.));
#6719 = CARTESIAN_POINT('',(58.807986012812,-7.738718399799,0.));
#6720 = CARTESIAN_POINT('',(59.723695002265,-7.698476546942,0.));
#6721 = CARTESIAN_POINT('',(60.921621660414,-7.417641027166,0.));
#6722 = ORIENTED_EDGE('',*,*,#6723,.T.);
#6723 = EDGE_CURVE('',#6715,#6724,#6726,.T.);
#6724 = VERTEX_POINT('',#6725);
#6725 = CARTESIAN_POINT('',(61.289735900939,-6.035665502724,0.));
#6726 = CIRCLE('',#6727,26.00000000001);
#6727 = AXIS2_PLACEMENT_3D('',#6728,#6729,#6730);
#6728 = CARTESIAN_POINT('',(35.991207978561,-3.695856195939E-02,0.));
#6729 = DIRECTION('',(-0.,0.,1.));
#6730 = DIRECTION('',(0.958862064686,-0.283872402508,0.));
#6731 = ORIENTED_EDGE('',*,*,#6732,.T.);
#6732 = EDGE_CURVE('',#6724,#6733,#6735,.T.);
#6733 = VERTEX_POINT('',#6734);
#6734 = CARTESIAN_POINT('',(59.070263749195,-4.419594592055,0.));
#6735 = B_SPLINE_CURVE_WITH_KNOTS('',3,(#6736,#6737,#6738,#6739),
  .UNSPECIFIED.,.F.,.F.,(4,4),(0.,1.),.PIECEWISE_BEZIER_KNOTS.);
#6736 = CARTESIAN_POINT('',(61.289735900939,-6.035665502724,0.));
#6737 = CARTESIAN_POINT('',(60.394560817067,-5.194771241042,0.));
#6738 = CARTESIAN_POINT('',(59.621654496155,-4.702066279446,0.));
#6739 = CARTESIAN_POINT('',(59.070263749195,-4.419594592055,0.));
#6740 = ORIENTED_EDGE('',*,*,#6741,.T.);
#6741 = EDGE_CURVE('',#6733,#6742,#6744,.T.);
#6742 = VERTEX_POINT('',#6743);
#6743 = CARTESIAN_POINT('',(58.219624329471,-4.078001283699,0.));
#6744 = B_SPLINE_CURVE_WITH_KNOTS('',3,(#6745,#6746,#6747,#6748),
  .UNSPECIFIED.,.F.,.F.,(4,4),(0.,1.),.PIECEWISE_BEZIER_KNOTS.);
#6745 = CARTESIAN_POINT('',(59.070263749195,-4.419594592055,0.));
#6746 = CARTESIAN_POINT('',(58.609500599623,-4.185100438003,0.));
#6747 = CARTESIAN_POINT('',(58.317547981955,-4.101897543511,0.));
#6748 = CARTESIAN_POINT('',(58.219624329471,-4.078001283699,0.));
#6749 = ORIENTED_EDGE('',*,*,#6750,.T.);
#6750 = EDGE_CURVE('',#6742,#6751,#6753,.T.);
#6751 = VERTEX_POINT('',#6752);
#6752 = CARTESIAN_POINT('',(57.894578497099,-4.016843590974,0.));
#6753 = LINE('',#6754,#6755);
#6754 = CARTESIAN_POINT('',(58.219624329471,-4.078001283699,0.));
#6755 = VECTOR('',#6756,1.);
#6756 = DIRECTION('',(-0.982756112104,0.184906528069,0.));
#6757 = ORIENTED_EDGE('',*,*,#6758,.T.);
#6758 = EDGE_CURVE('',#6751,#6759,#6761,.T.);
#6759 = VERTEX_POINT('',#6760);
#6760 = CARTESIAN_POINT('',(57.267123633888,-3.155860000212,0.));
#6761 = CIRCLE('',#6762,0.76);
#6762 = AXIS2_PLACEMENT_3D('',#6763,#6764,#6765);
#6763 = CARTESIAN_POINT('',(58.018940388177,-3.26708755062,0.));
#6764 = DIRECTION('',(0.,0.,-1.));
#6765 = DIRECTION('',(-0.163634067207,-0.986521105729,-0.));
#6766 = ORIENTED_EDGE('',*,*,#6767,.T.);
#6767 = EDGE_CURVE('',#6759,#4620,#6768,.T.);
#6768 = CIRCLE('',#6769,21.499999999997);
#6769 = AXIS2_PLACEMENT_3D('',#6770,#6771,#6772);
#6770 = CARTESIAN_POINT('',(36.000000000003,-3.770317391627E-13,0.));
#6771 = DIRECTION('',(-0.,0.,1.));
#6772 = DIRECTION('',(0.989168541111,-0.146784186056,0.));
#6773 = ORIENTED_EDGE('',*,*,#4637,.T.);
#6774 = FACE_BOUND('',#6775,.F.);
#6775 = EDGE_LOOP('',(#6776));
#6776 = ORIENTED_EDGE('',*,*,#6777,.F.);
#6777 = EDGE_CURVE('',#6778,#6778,#6780,.T.);
#6778 = VERTEX_POINT('',#6779);
#6779 = CARTESIAN_POINT('',(41.3,-1.298125607096E-15,0.));
#6780 = CIRCLE('',#6781,5.3);
#6781 = AXIS2_PLACEMENT_3D('',#6782,#6783,#6784);
#6782 = CARTESIAN_POINT('',(36.,0.,0.));
#6783 = DIRECTION('',(0.,0.,1.));
#6784 = DIRECTION('',(1.,0.,-0.));
#6785 = PLANE('',#6786);
#6786 = AXIS2_PLACEMENT_3D('',#6787,#6788,#6789);
#6787 = CARTESIAN_POINT('',(36.,1.384337576029E-15,0.));
#6788 = DIRECTION('',(0.,0.,1.));
#6789 = DIRECTION('',(1.,0.,0.));
#6790 = ADVANCED_FACE('',(#6791,#8880,#8914,#8948,#8982,#9016,#9027,
    #9061),#9095,.T.);
#6791 = FACE_BOUND('',#6792,.T.);
#6792 = EDGE_LOOP('',(#6793,#6794,#6795,#6804,#6813,#6822,#6831,#6839,
    #6848,#6857,#6866,#6874,#6883,#6892,#6901,#6910,#6919,#6927,#6936,
    #6945,#6954,#6962,#6971,#6980,#6989,#6998,#7007,#7015,#7024,#7033,
    #7042,#7050,#7059,#7068,#7077,#7086,#7095,#7103,#7112,#7121,#7130,
    #7138,#7147,#7156,#7165,#7174,#7183,#7191,#7200,#7209,#7218,#7226,
    #7235,#7244,#7253,#7262,#7271,#7279,#7288,#7297,#7306,#7314,#7323,
    #7332,#7341,#7350,#7359,#7367,#7376,#7385,#7394,#7402,#7411,#7420,
    #7429,#7438,#7447,#7455,#7464,#7473,#7482,#7490,#7499,#7508,#7517,
    #7526,#7535,#7543,#7552,#7561,#7570,#7578,#7587,#7596,#7605,#7614,
    #7623,#7631,#7640,#7649,#7658,#7666,#7675,#7684,#7693,#7702,#7711,
    #7719,#7728,#7737,#7746,#7754,#7763,#7772,#7781,#7790,#7799,#7807,
    #7816,#7825,#7834,#7842,#7851,#7860,#7869,#7878,#7887,#7895,#7904,
    #7913,#7922,#7930,#7939,#7948,#7957,#7966,#7975,#7983,#7992,#8001,
    #8010,#8018,#8027,#8036,#8045,#8054,#8063,#8071,#8080,#8089,#8098,
    #8106,#8115,#8124,#8133,#8142,#8151,#8159,#8168,#8177,#8186,#8194,
    #8203,#8212,#8221,#8230,#8239,#8247,#8256,#8265,#8274,#8282,#8291,
    #8300,#8309,#8318,#8327,#8335,#8344,#8353,#8362,#8370,#8379,#8388,
    #8397,#8406,#8415,#8423,#8432,#8441,#8450,#8458,#8467,#8476,#8485,
    #8494,#8503,#8511,#8520,#8529,#8538,#8546,#8555,#8564,#8573,#8582,
    #8591,#8599,#8608,#8617,#8626,#8634,#8643,#8652,#8661,#8670,#8679,
    #8687,#8696,#8705,#8714,#8722,#8731,#8740,#8749,#8758,#8767,#8775,
    #8784,#8793,#8802,#8810,#8819,#8828,#8837,#8846,#8855,#8863,#8872,
    #8879));
#6793 = ORIENTED_EDGE('',*,*,#4589,.T.);
#6794 = ORIENTED_EDGE('',*,*,#4653,.T.);
#6795 = ORIENTED_EDGE('',*,*,#6796,.T.);
#6796 = EDGE_CURVE('',#4654,#6797,#6799,.T.);
#6797 = VERTEX_POINT('',#6798);
#6798 = CARTESIAN_POINT('',(61.992264762363,-0.714700717726,6.));
#6799 = B_SPLINE_CURVE_WITH_KNOTS('',3,(#6800,#6801,#6802,#6803),
  .UNSPECIFIED.,.F.,.F.,(4,4),(0.,1.),.PIECEWISE_BEZIER_KNOTS.);
#6800 = CARTESIAN_POINT('',(59.428038826704,-1.702023075637,6.));
#6801 = CARTESIAN_POINT('',(60.033750441968,-1.571886804196,6.));
#6802 = CARTESIAN_POINT('',(60.907842046316,-1.296013232982,6.));
#6803 = CARTESIAN_POINT('',(61.992264762363,-0.714700717726,6.));
#6804 = ORIENTED_EDGE('',*,*,#6805,.T.);
#6805 = EDGE_CURVE('',#6797,#6806,#6808,.T.);
#6806 = VERTEX_POINT('',#6807);
#6807 = CARTESIAN_POINT('',(61.99015422872,0.715460108853,6.));
#6808 = CIRCLE('',#6809,25.999999999985);
#6809 = AXIS2_PLACEMENT_3D('',#6810,#6811,#6812);
#6810 = CARTESIAN_POINT('',(36.001073139166,-3.797477209243E-02,6.));
#6811 = DIRECTION('',(-0.,0.,1.));
#6812 = DIRECTION('',(0.999661216277,-2.602792098593E-02,0.));
#6813 = ORIENTED_EDGE('',*,*,#6814,.T.);
#6814 = EDGE_CURVE('',#6806,#6815,#6817,.T.);
#6815 = VERTEX_POINT('',#6816);
#6816 = CARTESIAN_POINT('',(59.428038826704,1.702023075637,6.));
#6817 = B_SPLINE_CURVE_WITH_KNOTS('',3,(#6818,#6819,#6820,#6821),
  .UNSPECIFIED.,.F.,.F.,(4,4),(0.,1.),.PIECEWISE_BEZIER_KNOTS.);
#6818 = CARTESIAN_POINT('',(61.99015422872,0.715460108853,6.));
#6819 = CARTESIAN_POINT('',(60.907842046316,1.296013232982,6.));
#6820 = CARTESIAN_POINT('',(60.033750441968,1.571886804196,6.));
#6821 = CARTESIAN_POINT('',(59.428038826704,1.702023075637,6.));
#6822 = ORIENTED_EDGE('',*,*,#6823,.T.);
#6823 = EDGE_CURVE('',#6815,#6824,#6826,.T.);
#6824 = VERTEX_POINT('',#6825);
#6825 = CARTESIAN_POINT('',(58.517973388451,1.811815191926,6.));
#6826 = B_SPLINE_CURVE_WITH_KNOTS('',3,(#6827,#6828,#6829,#6830),
  .UNSPECIFIED.,.F.,.F.,(4,4),(0.,1.),.PIECEWISE_BEZIER_KNOTS.);
#6827 = CARTESIAN_POINT('',(59.428038826704,1.702023075637,6.));
#6828 = CARTESIAN_POINT('',(58.922284247696,1.809272756759,6.));
#6829 = CARTESIAN_POINT('',(58.618745180536,1.81407768365,6.));
#6830 = CARTESIAN_POINT('',(58.517973388451,1.811815191926,6.));
#6831 = ORIENTED_EDGE('',*,*,#6832,.T.);
#6832 = EDGE_CURVE('',#6824,#6833,#6835,.T.);
#6833 = VERTEX_POINT('',#6834);
#6834 = CARTESIAN_POINT('',(58.188174448604,1.786760934856,6.));
#6835 = LINE('',#6836,#6837);
#6836 = CARTESIAN_POINT('',(58.517973388451,1.811815191926,6.));
#6837 = VECTOR('',#6838,1.);
#6838 = DIRECTION('',(-0.997126840653,-7.575000759186E-02,0.));
#6839 = ORIENTED_EDGE('',*,*,#6840,.T.);
#6840 = EDGE_CURVE('',#6833,#6841,#6843,.T.);
#6841 = VERTEX_POINT('',#6842);
#6842 = CARTESIAN_POINT('',(57.359260640587,2.456009952642,6.));
#6843 = CIRCLE('',#6844,0.76);
#6844 = AXIS2_PLACEMENT_3D('',#6845,#6846,#6847);
#6845 = CARTESIAN_POINT('',(58.114247668577,2.543156883546,6.));
#6846 = DIRECTION('',(0.,0.,-1.));
#6847 = DIRECTION('',(9.727207898203E-02,-0.995257827224,0.));
#6848 = ORIENTED_EDGE('',*,*,#6849,.T.);
#6849 = EDGE_CURVE('',#6841,#6850,#6852,.T.);
#6850 = VERTEX_POINT('',#6851);
#6851 = CARTESIAN_POINT('',(57.267123633888,3.155860000212,6.));
#6852 = CIRCLE('',#6853,21.499999999974);
#6853 = AXIS2_PLACEMENT_3D('',#6854,#6855,#6856);
#6854 = CARTESIAN_POINT('',(36.000000000025,3.383515689848E-12,6.));
#6855 = DIRECTION('',(0.,-0.,1.));
#6856 = DIRECTION('',(0.993453983283,0.114233021053,0.));
#6857 = ORIENTED_EDGE('',*,*,#6858,.T.);
#6858 = EDGE_CURVE('',#6850,#6859,#6861,.T.);
#6859 = VERTEX_POINT('',#6860);
#6860 = CARTESIAN_POINT('',(57.894578497099,4.016843590974,6.));
#6861 = CIRCLE('',#6862,0.76);
#6862 = AXIS2_PLACEMENT_3D('',#6863,#6864,#6865);
#6863 = CARTESIAN_POINT('',(58.018940388177,3.26708755062,6.));
#6864 = DIRECTION('',(0.,0.,-1.));
#6865 = DIRECTION('',(-0.989232571433,-0.14635204001,-0.));
#6866 = ORIENTED_EDGE('',*,*,#6867,.T.);
#6867 = EDGE_CURVE('',#6859,#6868,#6870,.T.);
#6868 = VERTEX_POINT('',#6869);
#6869 = CARTESIAN_POINT('',(58.219624329471,4.078001283699,6.));
#6870 = LINE('',#6871,#6872);
#6871 = CARTESIAN_POINT('',(57.894578497099,4.016843590974,6.));
#6872 = VECTOR('',#6873,1.);
#6873 = DIRECTION('',(0.982756112104,0.184906528069,0.));
#6874 = ORIENTED_EDGE('',*,*,#6875,.T.);
#6875 = EDGE_CURVE('',#6868,#6876,#6878,.T.);
#6876 = VERTEX_POINT('',#6877);
#6877 = CARTESIAN_POINT('',(59.070263749195,4.419594592055,6.));
#6878 = B_SPLINE_CURVE_WITH_KNOTS('',3,(#6879,#6880,#6881,#6882),
  .UNSPECIFIED.,.F.,.F.,(4,4),(0.,1.),.PIECEWISE_BEZIER_KNOTS.);
#6879 = CARTESIAN_POINT('',(58.219624329471,4.078001283699,6.));
#6880 = CARTESIAN_POINT('',(58.317547981955,4.101897543511,6.));
#6881 = CARTESIAN_POINT('',(58.609500599623,4.185100438003,6.));
#6882 = CARTESIAN_POINT('',(59.070263749195,4.419594592055,6.));
#6883 = ORIENTED_EDGE('',*,*,#6884,.T.);
#6884 = EDGE_CURVE('',#6876,#6885,#6887,.T.);
#6885 = VERTEX_POINT('',#6886);
#6886 = CARTESIAN_POINT('',(61.291577975005,6.036945264528,6.));
#6887 = B_SPLINE_CURVE_WITH_KNOTS('',3,(#6888,#6889,#6890,#6891),
  .UNSPECIFIED.,.F.,.F.,(4,4),(0.,1.),.PIECEWISE_BEZIER_KNOTS.);
#6888 = CARTESIAN_POINT('',(59.070263749195,4.419594592055,6.));
#6889 = CARTESIAN_POINT('',(59.621654496155,4.702066279446,6.));
#6890 = CARTESIAN_POINT('',(60.394560817067,5.194771241042,6.));
#6891 = CARTESIAN_POINT('',(61.291577975005,6.036945264528,6.));
#6892 = ORIENTED_EDGE('',*,*,#6893,.T.);
#6893 = EDGE_CURVE('',#6885,#6894,#6896,.T.);
#6894 = VERTEX_POINT('',#6895);
#6895 = CARTESIAN_POINT('',(60.919386496574,7.417828296365,6.));
#6896 = CIRCLE('',#6897,26.);
#6897 = AXIS2_PLACEMENT_3D('',#6898,#6899,#6900);
#6898 = CARTESIAN_POINT('',(36.010865167072,-3.640306426125E-02,6.));
#6899 = DIRECTION('',(0.,-0.,1.));
#6900 = DIRECTION('',(0.972335107997,0.233590320338,0.));
#6901 = ORIENTED_EDGE('',*,*,#6902,.T.);
#6902 = EDGE_CURVE('',#6894,#6903,#6905,.T.);
#6903 = VERTEX_POINT('',#6904);
#6904 = CARTESIAN_POINT('',(58.189231774837,7.70765068345,6.));
#6905 = B_SPLINE_CURVE_WITH_KNOTS('',3,(#6906,#6907,#6908,#6909),
  .UNSPECIFIED.,.F.,.F.,(4,4),(0.,1.),.PIECEWISE_BEZIER_KNOTS.);
#6906 = CARTESIAN_POINT('',(60.919386496574,7.417828296365,6.));
#6907 = CARTESIAN_POINT('',(59.723695002265,7.698476546942,6.));
#6908 = CARTESIAN_POINT('',(58.807986012812,7.738718399799,6.));
#6909 = CARTESIAN_POINT('',(58.189231774837,7.70765068345,6.));
#6910 = ORIENTED_EDGE('',*,*,#6911,.T.);
#6911 = EDGE_CURVE('',#6903,#6912,#6914,.T.);
#6912 = VERTEX_POINT('',#6913);
#6913 = CARTESIAN_POINT('',(57.281759773718,7.578159456387,6.));
#6914 = B_SPLINE_CURVE_WITH_KNOTS('',3,(#6915,#6916,#6917,#6918),
  .UNSPECIFIED.,.F.,.F.,(4,4),(0.,1.),.PIECEWISE_BEZIER_KNOTS.);
#6915 = CARTESIAN_POINT('',(58.189231774837,7.70765068345,6.));
#6916 = CARTESIAN_POINT('',(57.672952105155,7.680347003112,6.));
#6917 = CARTESIAN_POINT('',(57.378512274307,7.606426514576,6.));
#6918 = CARTESIAN_POINT('',(57.281759773718,7.578159456387,6.));
#6919 = ORIENTED_EDGE('',*,*,#6920,.T.);
#6920 = EDGE_CURVE('',#6912,#6921,#6923,.T.);
#6921 = VERTEX_POINT('',#6922);
#6922 = CARTESIAN_POINT('',(56.969682979128,7.468600655737,6.));
#6923 = LINE('',#6924,#6925);
#6924 = CARTESIAN_POINT('',(57.281759773718,7.578159456387,6.));
#6925 = VECTOR('',#6926,1.);
#6926 = DIRECTION('',(-0.943545022841,-0.331244305418,0.));
#6927 = ORIENTED_EDGE('',*,*,#6928,.T.);
#6928 = EDGE_CURVE('',#6921,#6929,#6931,.T.);
#6929 = VERTEX_POINT('',#6930);
#6930 = CARTESIAN_POINT('',(55.995799332477,7.900506885973,6.));
#6931 = CIRCLE('',#6932,0.76);
#6932 = AXIS2_PLACEMENT_3D('',#6933,#6934,#6935);
#6933 = CARTESIAN_POINT('',(56.702505515887,8.180089378864,6.));
#6934 = DIRECTION('',(0.,0.,-1.));
#6935 = DIRECTION('',(0.351549293738,-0.936169372535,0.));
#6936 = ORIENTED_EDGE('',*,*,#6937,.T.);
#6937 = EDGE_CURVE('',#6929,#6938,#6940,.T.);
#6938 = VERTEX_POINT('',#6939);
#6939 = CARTESIAN_POINT('',(55.725667297122,8.552663309358,6.));
#6940 = CIRCLE('',#6941,21.500000000033);
#6941 = AXIS2_PLACEMENT_3D('',#6942,#6943,#6944);
#6942 = CARTESIAN_POINT('',(35.999999999969,-1.267164151386E-11,6.));
#6943 = DIRECTION('',(0.,-0.,1.));
#6944 = DIRECTION('',(0.930037178255,0.367465436557,0.));
#6945 = ORIENTED_EDGE('',*,*,#6946,.T.);
#6946 = EDGE_CURVE('',#6938,#6947,#6949,.T.);
#6947 = VERTEX_POINT('',#6948);
#6948 = CARTESIAN_POINT('',(56.10890320352,9.546706864227,6.));
#6949 = CIRCLE('',#6950,0.76);
#6950 = AXIS2_PLACEMENT_3D('',#6951,#6952,#6953);
#6951 = CARTESIAN_POINT('',(56.423078708342,8.854685367329,6.));
#6952 = DIRECTION('',(0.,0.,-1.));
#6953 = DIRECTION('',(-0.91764659371,-0.397397444698,-0.));
#6954 = ORIENTED_EDGE('',*,*,#6955,.T.);
#6955 = EDGE_CURVE('',#6947,#6956,#6958,.T.);
#6956 = VERTEX_POINT('',#6957);
#6957 = CARTESIAN_POINT('',(56.407044592103,9.689908711055,6.));
#6958 = LINE('',#6959,#6960);
#6959 = CARTESIAN_POINT('',(56.10890320352,9.546706864227,6.));
#6960 = VECTOR('',#6961,1.);
#6961 = DIRECTION('',(0.901412178596,0.432961989415,0.));
#6962 = ORIENTED_EDGE('',*,*,#6963,.T.);
#6963 = EDGE_CURVE('',#6956,#6964,#6966,.T.);
#6964 = VERTEX_POINT('',#6965);
#6965 = CARTESIAN_POINT('',(57.140288322592,10.240024192023,6.));
#6966 = B_SPLINE_CURVE_WITH_KNOTS('',3,(#6967,#6968,#6969,#6970),
  .UNSPECIFIED.,.F.,.F.,(4,4),(0.,1.),.PIECEWISE_BEZIER_KNOTS.);
#6967 = CARTESIAN_POINT('',(56.407044592103,9.689908711055,6.));
#6968 = CARTESIAN_POINT('',(56.495446769896,9.738335231789,6.));
#6969 = CARTESIAN_POINT('',(56.755916849652,9.89426595412,6.));
#6970 = CARTESIAN_POINT('',(57.140288322592,10.240024192023,6.));
#6971 = ORIENTED_EDGE('',*,*,#6972,.T.);
#6972 = EDGE_CURVE('',#6964,#6973,#6975,.T.);
#6973 = VERTEX_POINT('',#6974);
#6974 = CARTESIAN_POINT('',(58.86731194496,12.377183403528,6.));
#6975 = B_SPLINE_CURVE_WITH_KNOTS('',3,(#6976,#6977,#6978,#6979),
  .UNSPECIFIED.,.F.,.F.,(4,4),(0.,1.),.PIECEWISE_BEZIER_KNOTS.);
#6976 = CARTESIAN_POINT('',(57.140288322592,10.240024192023,6.));
#6977 = CARTESIAN_POINT('',(57.599781833058,10.655581316677,6.));
#6978 = CARTESIAN_POINT('',(58.218830582051,11.331540639755,6.));
#6979 = CARTESIAN_POINT('',(58.86731194496,12.377183403528,6.));
#6980 = ORIENTED_EDGE('',*,*,#6981,.T.);
#6981 = EDGE_CURVE('',#6973,#6982,#6984,.T.);
#6982 = VERTEX_POINT('',#6983);
#6983 = CARTESIAN_POINT('',(58.15040375592,13.614683744021,6.));
#6984 = CIRCLE('',#6985,26.000000000012);
#6985 = AXIS2_PLACEMENT_3D('',#6986,#6987,#6988);
#6986 = CARTESIAN_POINT('',(36.019916751802,-3.235054776561E-02,6.));
#6987 = DIRECTION('',(0.,-0.,1.));
#6988 = DIRECTION('',(0.878745968967,0.477289767357,0.));
#6989 = ORIENTED_EDGE('',*,*,#6990,.T.);
#6990 = EDGE_CURVE('',#6982,#6991,#6993,.T.);
#6991 = VERTEX_POINT('',#6992);
#6992 = CARTESIAN_POINT('',(55.438265246955,13.18801463468,6.));
#6993 = B_SPLINE_CURVE_WITH_KNOTS('',3,(#6994,#6995,#6996,#6997),
  .UNSPECIFIED.,.F.,.F.,(4,4),(0.,1.),.PIECEWISE_BEZIER_KNOTS.);
#6994 = CARTESIAN_POINT('',(58.15040375592,13.614683744021,6.));
#6995 = CARTESIAN_POINT('',(56.922817349069,13.576301406562,6.));
#6996 = CARTESIAN_POINT('',(56.027895028862,13.378169125292,6.));
#6997 = CARTESIAN_POINT('',(55.438265246955,13.18801463468,6.));
#6998 = ORIENTED_EDGE('',*,*,#6999,.T.);
#6999 = EDGE_CURVE('',#6991,#7000,#7002,.T.);
#7000 = VERTEX_POINT('',#7001);
#7001 = CARTESIAN_POINT('',(54.595229400177,12.828064677396,6.));
#7002 = B_SPLINE_CURVE_WITH_KNOTS('',3,(#7003,#7004,#7005,#7006),
  .UNSPECIFIED.,.F.,.F.,(4,4),(0.,1.),.PIECEWISE_BEZIER_KNOTS.);
#7003 = CARTESIAN_POINT('',(55.438265246955,13.18801463468,6.));
#7004 = CARTESIAN_POINT('',(54.946644092893,13.028018293576,6.));
#7005 = CARTESIAN_POINT('',(54.681369086246,12.880409948747,6.));
#7006 = CARTESIAN_POINT('',(54.595229400177,12.828064677396,6.));
#7007 = ORIENTED_EDGE('',*,*,#7008,.T.);
#7008 = EDGE_CURVE('',#7000,#7009,#7011,.T.);
#7009 = VERTEX_POINT('',#7010);
#7010 = CARTESIAN_POINT('',(54.322142268664,12.641467584377,6.));
#7011 = LINE('',#7012,#7013);
#7012 = CARTESIAN_POINT('',(54.595229400177,12.828064677396,6.));
#7013 = VECTOR('',#7014,1.);
#7014 = DIRECTION('',(-0.825662171005,-0.564164851238,0.));
#7015 = ORIENTED_EDGE('',*,*,#7016,.T.);
#7016 = EDGE_CURVE('',#7009,#7017,#7019,.T.);
#7017 = VERTEX_POINT('',#7018);
#7018 = CARTESIAN_POINT('',(53.26965734448,12.806597331229,6.));
#7019 = CIRCLE('',#7020,0.76);
#7020 = AXIS2_PLACEMENT_3D('',#7021,#7022,#7023);
#7021 = CARTESIAN_POINT('',(53.879921824796,13.259562301249,6.));
#7022 = DIRECTION('',(0.,-0.,-1.));
#7023 = DIRECTION('',(0.581869005089,-0.8132825222,0.));
#7024 = ORIENTED_EDGE('',*,*,#7025,.T.);
#7025 = EDGE_CURVE('',#7017,#7026,#7028,.T.);
#7026 = VERTEX_POINT('',#7027);
#7027 = CARTESIAN_POINT('',(52.839939332265,13.366616747915,6.));
#7028 = CIRCLE('',#7029,21.500000000018);
#7029 = AXIS2_PLACEMENT_3D('',#7030,#7031,#7032);
#7030 = CARTESIAN_POINT('',(35.999999999986,-1.093081181125E-11,6.));
#7031 = DIRECTION('',(0.,-0.,1.));
#7032 = DIRECTION('',(0.803239876487,0.595655689825,0.));
#7033 = ORIENTED_EDGE('',*,*,#7034,.T.);
#7034 = EDGE_CURVE('',#7026,#7035,#7037,.T.);
#7035 = VERTEX_POINT('',#7036);
#7036 = CARTESIAN_POINT('',(52.952839388154,14.425977841362,6.));
#7037 = CIRCLE('',#7038,0.76);
#7038 = AXIS2_PLACEMENT_3D('',#7039,#7040,#7041);
#7039 = CARTESIAN_POINT('',(53.435417965266,13.838851009313,6.));
#7040 = DIRECTION('',(0.,0.,-1.));
#7041 = DIRECTION('',(-0.783524517107,-0.621360870261,-0.));
#7042 = ORIENTED_EDGE('',*,*,#7043,.T.);
#7043 = EDGE_CURVE('',#7035,#7044,#7046,.T.);
#7044 = VERTEX_POINT('',#7045);
#7045 = CARTESIAN_POINT('',(53.203758490019,14.641464873084,6.));
#7046 = LINE('',#7047,#7048);
#7047 = CARTESIAN_POINT('',(52.952839388154,14.425977841362,6.));
#7048 = VECTOR('',#7049,1.);
#7049 = DIRECTION('',(0.758638494772,0.651511806685,0.));
#7050 = ORIENTED_EDGE('',*,*,#7051,.T.);
#7051 = EDGE_CURVE('',#7044,#7052,#7054,.T.);
#7052 = VERTEX_POINT('',#7053);
#7053 = CARTESIAN_POINT('',(53.769637182782,15.362613065745,6.));
#7054 = B_SPLINE_CURVE_WITH_KNOTS('',3,(#7055,#7056,#7057,#7058),
  .UNSPECIFIED.,.F.,.F.,(4,4),(0.,1.),.PIECEWISE_BEZIER_KNOTS.);
#7055 = CARTESIAN_POINT('',(53.203758490019,14.641464873084,6.));
#7056 = CARTESIAN_POINT('',(53.276614730795,14.711121467379,6.));
#7057 = CARTESIAN_POINT('',(53.487851667152,14.929153596511,6.));
#7058 = CARTESIAN_POINT('',(53.769637182782,15.362613065745,6.));
#7059 = ORIENTED_EDGE('',*,*,#7060,.T.);
#7060 = EDGE_CURVE('',#7052,#7061,#7063,.T.);
#7061 = VERTEX_POINT('',#7062);
#7062 = CARTESIAN_POINT('',(54.884676395886,17.87393694784,6.));
#7063 = B_SPLINE_CURVE_WITH_KNOTS('',3,(#7064,#7065,#7066,#7067),
  .UNSPECIFIED.,.F.,.F.,(4,4),(0.,1.),.PIECEWISE_BEZIER_KNOTS.);
#7064 = CARTESIAN_POINT('',(53.769637182782,15.362613065745,6.));
#7065 = CARTESIAN_POINT('',(54.105919733366,15.882936096356,6.));
#7066 = CARTESIAN_POINT('',(54.528923761223,16.696084270124,6.));
#7067 = CARTESIAN_POINT('',(54.884676395886,17.87393694784,6.));
#7068 = ORIENTED_EDGE('',*,*,#7069,.T.);
#7069 = EDGE_CURVE('',#7061,#7070,#7072,.T.);
#7070 = VERTEX_POINT('',#7071);
#7071 = CARTESIAN_POINT('',(53.871907604573,18.88372099385,6.));
#7072 = CIRCLE('',#7073,25.999999999993);
#7073 = AXIS2_PLACEMENT_3D('',#7074,#7075,#7076);
#7074 = CARTESIAN_POINT('',(36.027611042836,-2.609339488499E-02,6.));
#7075 = DIRECTION('',(0.,-0.,1.));
#7076 = DIRECTION('',(0.725271744348,0.68846270549,0.));
#7077 = ORIENTED_EDGE('',*,*,#7078,.T.);
#7078 = EDGE_CURVE('',#7070,#7079,#7081,.T.);
#7079 = VERTEX_POINT('',#7080);
#7080 = CARTESIAN_POINT('',(51.362613065745,17.769637182782,6.));
#7081 = B_SPLINE_CURVE_WITH_KNOTS('',3,(#7082,#7083,#7084,#7085),
  .UNSPECIFIED.,.F.,.F.,(4,4),(0.,1.),.PIECEWISE_BEZIER_KNOTS.);
#7082 = CARTESIAN_POINT('',(53.871907604573,18.88372099385,6.));
#7083 = CARTESIAN_POINT('',(52.696084270124,18.528923761223,6.));
#7084 = CARTESIAN_POINT('',(51.882936096356,18.105919733366,6.));
#7085 = CARTESIAN_POINT('',(51.362613065745,17.769637182782,6.));
#7086 = ORIENTED_EDGE('',*,*,#7087,.T.);
#7087 = EDGE_CURVE('',#7079,#7088,#7090,.T.);
#7088 = VERTEX_POINT('',#7089);
#7089 = CARTESIAN_POINT('',(50.641464873084,17.203758490019,6.));
#7090 = B_SPLINE_CURVE_WITH_KNOTS('',3,(#7091,#7092,#7093,#7094),
  .UNSPECIFIED.,.F.,.F.,(4,4),(0.,1.),.PIECEWISE_BEZIER_KNOTS.);
#7091 = CARTESIAN_POINT('',(51.362613065745,17.769637182782,6.));
#7092 = CARTESIAN_POINT('',(50.929153596511,17.487851667152,6.));
#7093 = CARTESIAN_POINT('',(50.711121467379,17.276614730795,6.));
#7094 = CARTESIAN_POINT('',(50.641464873084,17.203758490019,6.));
#7095 = ORIENTED_EDGE('',*,*,#7096,.T.);
#7096 = EDGE_CURVE('',#7088,#7097,#7099,.T.);
#7097 = VERTEX_POINT('',#7098);
#7098 = CARTESIAN_POINT('',(50.425977841362,16.952839388154,6.));
#7099 = LINE('',#7100,#7101);
#7100 = CARTESIAN_POINT('',(50.641464873084,17.203758490019,6.));
#7101 = VECTOR('',#7102,1.);
#7102 = DIRECTION('',(-0.651511806685,-0.758638494772,0.));
#7103 = ORIENTED_EDGE('',*,*,#7104,.T.);
#7104 = EDGE_CURVE('',#7097,#7105,#7107,.T.);
#7105 = VERTEX_POINT('',#7106);
#7106 = CARTESIAN_POINT('',(49.366616747915,16.839939332265,6.));
#7107 = CIRCLE('',#7108,0.76);
#7108 = AXIS2_PLACEMENT_3D('',#7109,#7110,#7111);
#7109 = CARTESIAN_POINT('',(49.838851009313,17.435417965266,6.));
#7110 = DIRECTION('',(0.,-0.,-1.));
#7111 = DIRECTION('',(0.772535305327,-0.634971811991,0.));
#7112 = ORIENTED_EDGE('',*,*,#7113,.T.);
#7113 = EDGE_CURVE('',#7105,#7114,#7116,.T.);
#7114 = VERTEX_POINT('',#7115);
#7115 = CARTESIAN_POINT('',(48.806597331229,17.26965734448,6.));
#7116 = CIRCLE('',#7117,21.500000000008);
#7117 = AXIS2_PLACEMENT_3D('',#7118,#7119,#7120);
#7118 = CARTESIAN_POINT('',(35.999999999995,-6.275868713601E-12,6.));
#7119 = DIRECTION('',(0.,-0.,1.));
#7120 = DIRECTION('',(0.621703104554,0.783252992198,0.));
#7121 = ORIENTED_EDGE('',*,*,#7122,.T.);
#7122 = EDGE_CURVE('',#7114,#7123,#7125,.T.);
#7123 = VERTEX_POINT('',#7124);
#7124 = CARTESIAN_POINT('',(48.641467584377,18.322142268664,6.));
#7125 = CIRCLE('',#7126,0.76);
#7126 = AXIS2_PLACEMENT_3D('',#7127,#7128,#7129);
#7127 = CARTESIAN_POINT('',(49.259562301249,17.879921824796,6.));
#7128 = DIRECTION('',(0.,0.,-1.));
#7129 = DIRECTION('',(-0.5960065395,-0.802979579363,-0.));
#7130 = ORIENTED_EDGE('',*,*,#7131,.T.);
#7131 = EDGE_CURVE('',#7123,#7132,#7134,.T.);
#7132 = VERTEX_POINT('',#7133);
#7133 = CARTESIAN_POINT('',(48.828064677396,18.595229400177,6.));
#7134 = LINE('',#7135,#7136);
#7135 = CARTESIAN_POINT('',(48.641467584377,18.322142268664,6.));
#7136 = VECTOR('',#7137,1.);
#7137 = DIRECTION('',(0.564164851238,0.825662171005,0.));
#7138 = ORIENTED_EDGE('',*,*,#7139,.T.);
#7139 = EDGE_CURVE('',#7132,#7140,#7142,.T.);
#7140 = VERTEX_POINT('',#7141);
#7141 = CARTESIAN_POINT('',(49.18801463468,19.438265246955,6.));
#7142 = B_SPLINE_CURVE_WITH_KNOTS('',3,(#7143,#7144,#7145,#7146),
  .UNSPECIFIED.,.F.,.F.,(4,4),(0.,1.),.PIECEWISE_BEZIER_KNOTS.);
#7143 = CARTESIAN_POINT('',(48.828064677396,18.595229400177,6.));
#7144 = CARTESIAN_POINT('',(48.880409948747,18.681369086246,6.));
#7145 = CARTESIAN_POINT('',(49.028018293576,18.946644092893,6.));
#7146 = CARTESIAN_POINT('',(49.18801463468,19.438265246955,6.));
#7147 = ORIENTED_EDGE('',*,*,#7148,.T.);
#7148 = EDGE_CURVE('',#7140,#7149,#7151,.T.);
#7149 = VERTEX_POINT('',#7150);
#7150 = CARTESIAN_POINT('',(49.615081358835,22.152611227234,6.));
#7151 = B_SPLINE_CURVE_WITH_KNOTS('',3,(#7152,#7153,#7154,#7155),
  .UNSPECIFIED.,.F.,.F.,(4,4),(0.,1.),.PIECEWISE_BEZIER_KNOTS.);
#7152 = CARTESIAN_POINT('',(49.18801463468,19.438265246955,6.));
#7153 = CARTESIAN_POINT('',(49.378169125292,20.027895028862,6.));
#7154 = CARTESIAN_POINT('',(49.576301406562,20.922817349069,6.));
#7155 = CARTESIAN_POINT('',(49.615081358835,22.152611227234,6.));
#7156 = ORIENTED_EDGE('',*,*,#7157,.T.);
#7157 = EDGE_CURVE('',#7149,#7158,#7160,.T.);
#7158 = VERTEX_POINT('',#7159);
#7159 = CARTESIAN_POINT('',(48.375470484699,22.865863864773,6.));
#7160 = CIRCLE('',#7161,26.000000000021);
#7161 = AXIS2_PLACEMENT_3D('',#7162,#7163,#7164);
#7162 = CARTESIAN_POINT('',(36.0334236869,-1.805802029746E-02,6.));
#7163 = DIRECTION('',(0.,-0.,1.));
#7164 = DIRECTION('',(0.52237144892,0.852718047981,0.));
#7165 = ORIENTED_EDGE('',*,*,#7166,.T.);
#7166 = EDGE_CURVE('',#7158,#7167,#7169,.T.);
#7167 = VERTEX_POINT('',#7168);
#7168 = CARTESIAN_POINT('',(46.240024192023,21.140288322592,6.));
#7169 = B_SPLINE_CURVE_WITH_KNOTS('',3,(#7170,#7171,#7172,#7173),
  .UNSPECIFIED.,.F.,.F.,(4,4),(0.,1.),.PIECEWISE_BEZIER_KNOTS.);
#7170 = CARTESIAN_POINT('',(48.375470484699,22.865863864773,6.));
#7171 = CARTESIAN_POINT('',(47.331540639755,22.218830582051,6.));
#7172 = CARTESIAN_POINT('',(46.655581316677,21.599781833058,6.));
#7173 = CARTESIAN_POINT('',(46.240024192023,21.140288322592,6.));
#7174 = ORIENTED_EDGE('',*,*,#7175,.T.);
#7175 = EDGE_CURVE('',#7167,#7176,#7178,.T.);
#7176 = VERTEX_POINT('',#7177);
#7177 = CARTESIAN_POINT('',(45.689908711055,20.407044592103,6.));
#7178 = B_SPLINE_CURVE_WITH_KNOTS('',3,(#7179,#7180,#7181,#7182),
  .UNSPECIFIED.,.F.,.F.,(4,4),(0.,1.),.PIECEWISE_BEZIER_KNOTS.);
#7179 = CARTESIAN_POINT('',(46.240024192023,21.140288322592,6.));
#7180 = CARTESIAN_POINT('',(45.89426595412,20.755916849652,6.));
#7181 = CARTESIAN_POINT('',(45.738335231789,20.495446769896,6.));
#7182 = CARTESIAN_POINT('',(45.689908711055,20.407044592103,6.));
#7183 = ORIENTED_EDGE('',*,*,#7184,.T.);
#7184 = EDGE_CURVE('',#7176,#7185,#7187,.T.);
#7185 = VERTEX_POINT('',#7186);
#7186 = CARTESIAN_POINT('',(45.546706864227,20.10890320352,6.));
#7187 = LINE('',#7188,#7189);
#7188 = CARTESIAN_POINT('',(45.689908711055,20.407044592103,6.));
#7189 = VECTOR('',#7190,1.);
#7190 = DIRECTION('',(-0.432961989415,-0.901412178596,0.));
#7191 = ORIENTED_EDGE('',*,*,#7192,.T.);
#7192 = EDGE_CURVE('',#7185,#7193,#7195,.T.);
#7193 = VERTEX_POINT('',#7194);
#7194 = CARTESIAN_POINT('',(44.552663309358,19.725667297122,6.));
#7195 = CIRCLE('',#7196,0.76);
#7196 = AXIS2_PLACEMENT_3D('',#7197,#7198,#7199);
#7197 = CARTESIAN_POINT('',(44.854685367329,20.423078708342,6.));
#7198 = DIRECTION('',(0.,-0.,-1.));
#7199 = DIRECTION('',(0.910554601182,-0.413388822135,0.));
#7200 = ORIENTED_EDGE('',*,*,#7201,.T.);
#7201 = EDGE_CURVE('',#7193,#7202,#7204,.T.);
#7202 = VERTEX_POINT('',#7203);
#7203 = CARTESIAN_POINT('',(43.900506885973,19.995799332477,6.));
#7204 = CIRCLE('',#7205,21.499999999985);
#7205 = AXIS2_PLACEMENT_3D('',#7206,#7207,#7208);
#7206 = CARTESIAN_POINT('',(36.000000000006,1.418598571945E-11,6.));
#7207 = DIRECTION('',(0.,-0.,1.));
#7208 = DIRECTION('',(0.397798293459,0.917472897541,0.));
#7209 = ORIENTED_EDGE('',*,*,#7210,.T.);
#7210 = EDGE_CURVE('',#7202,#7211,#7213,.T.);
#7211 = VERTEX_POINT('',#7212);
#7212 = CARTESIAN_POINT('',(43.468600655737,20.969682979128,6.));
#7213 = CIRCLE('',#7214,0.76);
#7214 = AXIS2_PLACEMENT_3D('',#7215,#7216,#7217);
#7215 = CARTESIAN_POINT('',(44.180089378864,20.702505515887,6.));
#7216 = DIRECTION('',(0.,0.,-1.));
#7217 = DIRECTION('',(-0.367871701172,-0.929876557117,-0.));
#7218 = ORIENTED_EDGE('',*,*,#7219,.T.);
#7219 = EDGE_CURVE('',#7211,#7220,#7222,.T.);
#7220 = VERTEX_POINT('',#7221);
#7221 = CARTESIAN_POINT('',(43.578159456387,21.281759773718,6.));
#7222 = LINE('',#7223,#7224);
#7223 = CARTESIAN_POINT('',(43.468600655737,20.969682979128,6.));
#7224 = VECTOR('',#7225,1.);
#7225 = DIRECTION('',(0.331244305418,0.943545022841,0.));
#7226 = ORIENTED_EDGE('',*,*,#7227,.T.);
#7227 = EDGE_CURVE('',#7220,#7228,#7230,.T.);
#7228 = VERTEX_POINT('',#7229);
#7229 = CARTESIAN_POINT('',(43.70765068345,22.189231774837,6.));
#7230 = B_SPLINE_CURVE_WITH_KNOTS('',3,(#7231,#7232,#7233,#7234),
  .UNSPECIFIED.,.F.,.F.,(4,4),(0.,1.),.PIECEWISE_BEZIER_KNOTS.);
#7231 = CARTESIAN_POINT('',(43.578159456387,21.281759773718,6.));
#7232 = CARTESIAN_POINT('',(43.606426514576,21.378512274307,6.));
#7233 = CARTESIAN_POINT('',(43.680347003112,21.672952105155,6.));
#7234 = CARTESIAN_POINT('',(43.70765068345,22.189231774837,6.));
#7235 = ORIENTED_EDGE('',*,*,#7236,.T.);
#7236 = EDGE_CURVE('',#7228,#7237,#7239,.T.);
#7237 = VERTEX_POINT('',#7238);
#7238 = CARTESIAN_POINT('',(43.417641027166,24.921621660414,6.));
#7239 = B_SPLINE_CURVE_WITH_KNOTS('',3,(#7240,#7241,#7242,#7243),
  .UNSPECIFIED.,.F.,.F.,(4,4),(0.,1.),.PIECEWISE_BEZIER_KNOTS.);
#7240 = CARTESIAN_POINT('',(43.70765068345,22.189231774837,6.));
#7241 = CARTESIAN_POINT('',(43.738718399799,22.807986012812,6.));
#7242 = CARTESIAN_POINT('',(43.698476546942,23.723695002265,6.));
#7243 = CARTESIAN_POINT('',(43.417641027166,24.921621660414,6.));
#7244 = ORIENTED_EDGE('',*,*,#7245,.T.);
#7245 = EDGE_CURVE('',#7237,#7246,#7248,.T.);
#7246 = VERTEX_POINT('',#7247);
#7247 = CARTESIAN_POINT('',(42.035665502724,25.289735900939,6.));
#7248 = CIRCLE('',#7249,26.000000000015);
#7249 = AXIS2_PLACEMENT_3D('',#7250,#7251,#7252);
#7250 = CARTESIAN_POINT('',(36.036958561958,-8.792021444611E-03,6.));
#7251 = DIRECTION('',(0.,-0.,1.));
#7252 = DIRECTION('',(0.283872402508,0.958862064686,0.));
#7253 = ORIENTED_EDGE('',*,*,#7254,.T.);
#7254 = EDGE_CURVE('',#7246,#7255,#7257,.T.);
#7255 = VERTEX_POINT('',#7256);
#7256 = CARTESIAN_POINT('',(40.419594592055,23.070263749195,6.));
#7257 = B_SPLINE_CURVE_WITH_KNOTS('',3,(#7258,#7259,#7260,#7261),
  .UNSPECIFIED.,.F.,.F.,(4,4),(0.,1.),.PIECEWISE_BEZIER_KNOTS.);
#7258 = CARTESIAN_POINT('',(42.035665502724,25.289735900939,6.));
#7259 = CARTESIAN_POINT('',(41.194771241042,24.394560817067,6.));
#7260 = CARTESIAN_POINT('',(40.702066279446,23.621654496155,6.));
#7261 = CARTESIAN_POINT('',(40.419594592055,23.070263749195,6.));
#7262 = ORIENTED_EDGE('',*,*,#7263,.T.);
#7263 = EDGE_CURVE('',#7255,#7264,#7266,.T.);
#7264 = VERTEX_POINT('',#7265);
#7265 = CARTESIAN_POINT('',(40.078001283699,22.219624329471,6.));
#7266 = B_SPLINE_CURVE_WITH_KNOTS('',3,(#7267,#7268,#7269,#7270),
  .UNSPECIFIED.,.F.,.F.,(4,4),(0.,1.),.PIECEWISE_BEZIER_KNOTS.);
#7267 = CARTESIAN_POINT('',(40.419594592055,23.070263749195,6.));
#7268 = CARTESIAN_POINT('',(40.185100438003,22.609500599623,6.));
#7269 = CARTESIAN_POINT('',(40.101897543511,22.317547981955,6.));
#7270 = CARTESIAN_POINT('',(40.078001283699,22.219624329471,6.));
#7271 = ORIENTED_EDGE('',*,*,#7272,.T.);
#7272 = EDGE_CURVE('',#7264,#7273,#7275,.T.);
#7273 = VERTEX_POINT('',#7274);
#7274 = CARTESIAN_POINT('',(40.016843590974,21.894578497099,6.));
#7275 = LINE('',#7276,#7277);
#7276 = CARTESIAN_POINT('',(40.078001283699,22.219624329471,6.));
#7277 = VECTOR('',#7278,1.);
#7278 = DIRECTION('',(-0.184906528069,-0.982756112104,0.));
#7279 = ORIENTED_EDGE('',*,*,#7280,.T.);
#7280 = EDGE_CURVE('',#7273,#7281,#7283,.T.);
#7281 = VERTEX_POINT('',#7282);
#7282 = CARTESIAN_POINT('',(39.155860000212,21.267123633888,6.));
#7283 = CIRCLE('',#7284,0.76);
#7284 = AXIS2_PLACEMENT_3D('',#7285,#7286,#7287);
#7285 = CARTESIAN_POINT('',(39.26708755062,22.018940388177,6.));
#7286 = DIRECTION('',(0.,0.,-1.));
#7287 = DIRECTION('',(0.986521105729,-0.163634067207,0.));
#7288 = ORIENTED_EDGE('',*,*,#7289,.T.);
#7289 = EDGE_CURVE('',#7281,#7290,#7292,.T.);
#7290 = VERTEX_POINT('',#7291);
#7291 = CARTESIAN_POINT('',(38.456009952642,21.359260640587,6.));
#7292 = CIRCLE('',#7293,21.500000000019);
#7293 = AXIS2_PLACEMENT_3D('',#7294,#7295,#7296);
#7294 = CARTESIAN_POINT('',(35.999999999998,-1.839417507199E-11,6.));
#7295 = DIRECTION('',(0.,-0.,1.));
#7296 = DIRECTION('',(0.146784186056,0.989168541111,0.));
#7297 = ORIENTED_EDGE('',*,*,#7298,.T.);
#7298 = EDGE_CURVE('',#7290,#7299,#7301,.T.);
#7299 = VERTEX_POINT('',#7300);
#7300 = CARTESIAN_POINT('',(37.786760934856,22.188174448604,6.));
#7301 = CIRCLE('',#7302,0.76);
#7302 = AXIS2_PLACEMENT_3D('',#7303,#7304,#7305);
#7303 = CARTESIAN_POINT('',(38.543156883546,22.114247668577,6.));
#7304 = DIRECTION('',(0.,0.,-1.));
#7305 = DIRECTION('',(-0.114667014347,-0.993403984198,-0.));
#7306 = ORIENTED_EDGE('',*,*,#7307,.T.);
#7307 = EDGE_CURVE('',#7299,#7308,#7310,.T.);
#7308 = VERTEX_POINT('',#7309);
#7309 = CARTESIAN_POINT('',(37.811815191926,22.517973388451,6.));
#7310 = LINE('',#7311,#7312);
#7311 = CARTESIAN_POINT('',(37.786760934856,22.188174448604,6.));
#7312 = VECTOR('',#7313,1.);
#7313 = DIRECTION('',(7.575000759185E-02,0.997126840653,0.));
#7314 = ORIENTED_EDGE('',*,*,#7315,.T.);
#7315 = EDGE_CURVE('',#7308,#7316,#7318,.T.);
#7316 = VERTEX_POINT('',#7317);
#7317 = CARTESIAN_POINT('',(37.702023075637,23.428038826704,6.));
#7318 = B_SPLINE_CURVE_WITH_KNOTS('',3,(#7319,#7320,#7321,#7322),
  .UNSPECIFIED.,.F.,.F.,(4,4),(0.,1.),.PIECEWISE_BEZIER_KNOTS.);
#7319 = CARTESIAN_POINT('',(37.811815191926,22.517973388451,6.));
#7320 = CARTESIAN_POINT('',(37.81407768365,22.618745180536,6.));
#7321 = CARTESIAN_POINT('',(37.809272756759,22.922284247696,6.));
#7322 = CARTESIAN_POINT('',(37.702023075637,23.428038826704,6.));
#7323 = ORIENTED_EDGE('',*,*,#7324,.T.);
#7324 = EDGE_CURVE('',#7316,#7325,#7327,.T.);
#7325 = VERTEX_POINT('',#7326);
#7326 = CARTESIAN_POINT('',(36.714700717726,25.992264762363,6.));
#7327 = B_SPLINE_CURVE_WITH_KNOTS('',3,(#7328,#7329,#7330,#7331),
  .UNSPECIFIED.,.F.,.F.,(4,4),(0.,1.),.PIECEWISE_BEZIER_KNOTS.);
#7328 = CARTESIAN_POINT('',(37.702023075637,23.428038826704,6.));
#7329 = CARTESIAN_POINT('',(37.571886804196,24.033750441968,6.));
#7330 = CARTESIAN_POINT('',(37.296013232982,24.907842046316,6.));
#7331 = CARTESIAN_POINT('',(36.714700717726,25.992264762363,6.));
#7332 = ORIENTED_EDGE('',*,*,#7333,.T.);
#7333 = EDGE_CURVE('',#7325,#7334,#7336,.T.);
#7334 = VERTEX_POINT('',#7335);
#7335 = CARTESIAN_POINT('',(35.284539891147,25.99015422872,6.));
#7336 = CIRCLE('',#7337,25.999999999985);
#7337 = AXIS2_PLACEMENT_3D('',#7338,#7339,#7340);
#7338 = CARTESIAN_POINT('',(36.037974772092,1.073139165859E-03,6.));
#7339 = DIRECTION('',(0.,-0.,1.));
#7340 = DIRECTION('',(2.602792098593E-02,0.999661216277,0.));
#7341 = ORIENTED_EDGE('',*,*,#7342,.T.);
#7342 = EDGE_CURVE('',#7334,#7343,#7345,.T.);
#7343 = VERTEX_POINT('',#7344);
#7344 = CARTESIAN_POINT('',(34.297976924363,23.428038826704,6.));
#7345 = B_SPLINE_CURVE_WITH_KNOTS('',3,(#7346,#7347,#7348,#7349),
  .UNSPECIFIED.,.F.,.F.,(4,4),(0.,1.),.PIECEWISE_BEZIER_KNOTS.);
#7346 = CARTESIAN_POINT('',(35.284539891147,25.99015422872,6.));
#7347 = CARTESIAN_POINT('',(34.703986767018,24.907842046316,6.));
#7348 = CARTESIAN_POINT('',(34.428113195804,24.033750441968,6.));
#7349 = CARTESIAN_POINT('',(34.297976924363,23.428038826704,6.));
#7350 = ORIENTED_EDGE('',*,*,#7351,.T.);
#7351 = EDGE_CURVE('',#7343,#7352,#7354,.T.);
#7352 = VERTEX_POINT('',#7353);
#7353 = CARTESIAN_POINT('',(34.188184808074,22.517973388451,6.));
#7354 = B_SPLINE_CURVE_WITH_KNOTS('',3,(#7355,#7356,#7357,#7358),
  .UNSPECIFIED.,.F.,.F.,(4,4),(0.,1.),.PIECEWISE_BEZIER_KNOTS.);
#7355 = CARTESIAN_POINT('',(34.297976924363,23.428038826704,6.));
#7356 = CARTESIAN_POINT('',(34.190727243241,22.922284247696,6.));
#7357 = CARTESIAN_POINT('',(34.18592231635,22.618745180536,6.));
#7358 = CARTESIAN_POINT('',(34.188184808074,22.517973388451,6.));
#7359 = ORIENTED_EDGE('',*,*,#7360,.T.);
#7360 = EDGE_CURVE('',#7352,#7361,#7363,.T.);
#7361 = VERTEX_POINT('',#7362);
#7362 = CARTESIAN_POINT('',(34.213239065144,22.188174448604,6.));
#7363 = LINE('',#7364,#7365);
#7364 = CARTESIAN_POINT('',(34.188184808074,22.517973388451,6.));
#7365 = VECTOR('',#7366,1.);
#7366 = DIRECTION('',(7.575000759186E-02,-0.997126840653,0.));
#7367 = ORIENTED_EDGE('',*,*,#7368,.T.);
#7368 = EDGE_CURVE('',#7361,#7369,#7371,.T.);
#7369 = VERTEX_POINT('',#7370);
#7370 = CARTESIAN_POINT('',(33.543990047358,21.359260640587,6.));
#7371 = CIRCLE('',#7372,0.76);
#7372 = AXIS2_PLACEMENT_3D('',#7373,#7374,#7375);
#7373 = CARTESIAN_POINT('',(33.456843116454,22.114247668577,6.));
#7374 = DIRECTION('',(0.,0.,-1.));
#7375 = DIRECTION('',(0.995257827224,9.727207898203E-02,0.));
#7376 = ORIENTED_EDGE('',*,*,#7377,.T.);
#7377 = EDGE_CURVE('',#7369,#7378,#7380,.T.);
#7378 = VERTEX_POINT('',#7379);
#7379 = CARTESIAN_POINT('',(32.844139999788,21.267123633888,6.));
#7380 = CIRCLE('',#7381,21.499999999974);
#7381 = AXIS2_PLACEMENT_3D('',#7382,#7383,#7384);
#7382 = CARTESIAN_POINT('',(35.999999999997,2.546940436332E-11,6.));
#7383 = DIRECTION('',(0.,0.,1.));
#7384 = DIRECTION('',(-0.114233021053,0.993453983283,0.));
#7385 = ORIENTED_EDGE('',*,*,#7386,.T.);
#7386 = EDGE_CURVE('',#7378,#7387,#7389,.T.);
#7387 = VERTEX_POINT('',#7388);
#7388 = CARTESIAN_POINT('',(31.983156409026,21.894578497099,6.));
#7389 = CIRCLE('',#7390,0.76);
#7390 = AXIS2_PLACEMENT_3D('',#7391,#7392,#7393);
#7391 = CARTESIAN_POINT('',(32.73291244938,22.018940388177,6.));
#7392 = DIRECTION('',(0.,0.,-1.));
#7393 = DIRECTION('',(0.14635204001,-0.989232571433,0.));
#7394 = ORIENTED_EDGE('',*,*,#7395,.T.);
#7395 = EDGE_CURVE('',#7387,#7396,#7398,.T.);
#7396 = VERTEX_POINT('',#7397);
#7397 = CARTESIAN_POINT('',(31.921998716301,22.219624329471,6.));
#7398 = LINE('',#7399,#7400);
#7399 = CARTESIAN_POINT('',(31.983156409026,21.894578497099,6.));
#7400 = VECTOR('',#7401,1.);
#7401 = DIRECTION('',(-0.184906528069,0.982756112104,0.));
#7402 = ORIENTED_EDGE('',*,*,#7403,.T.);
#7403 = EDGE_CURVE('',#7396,#7404,#7406,.T.);
#7404 = VERTEX_POINT('',#7405);
#7405 = CARTESIAN_POINT('',(31.580405407945,23.070263749195,6.));
#7406 = B_SPLINE_CURVE_WITH_KNOTS('',3,(#7407,#7408,#7409,#7410),
  .UNSPECIFIED.,.F.,.F.,(4,4),(0.,1.),.PIECEWISE_BEZIER_KNOTS.);
#7407 = CARTESIAN_POINT('',(31.921998716301,22.219624329471,6.));
#7408 = CARTESIAN_POINT('',(31.898102456489,22.317547981955,6.));
#7409 = CARTESIAN_POINT('',(31.814899561997,22.609500599623,6.));
#7410 = CARTESIAN_POINT('',(31.580405407945,23.070263749195,6.));
#7411 = ORIENTED_EDGE('',*,*,#7412,.T.);
#7412 = EDGE_CURVE('',#7404,#7413,#7415,.T.);
#7413 = VERTEX_POINT('',#7414);
#7414 = CARTESIAN_POINT('',(29.963054735472,25.291577975005,6.));
#7415 = B_SPLINE_CURVE_WITH_KNOTS('',3,(#7416,#7417,#7418,#7419),
  .UNSPECIFIED.,.F.,.F.,(4,4),(0.,1.),.PIECEWISE_BEZIER_KNOTS.);
#7416 = CARTESIAN_POINT('',(31.580405407945,23.070263749195,6.));
#7417 = CARTESIAN_POINT('',(31.297933720554,23.621654496155,6.));
#7418 = CARTESIAN_POINT('',(30.805228758958,24.394560817067,6.));
#7419 = CARTESIAN_POINT('',(29.963054735472,25.291577975005,6.));
#7420 = ORIENTED_EDGE('',*,*,#7421,.T.);
#7421 = EDGE_CURVE('',#7413,#7422,#7424,.T.);
#7422 = VERTEX_POINT('',#7423);
#7423 = CARTESIAN_POINT('',(28.582171703635,24.919386496574,6.));
#7424 = CIRCLE('',#7425,26.);
#7425 = AXIS2_PLACEMENT_3D('',#7426,#7427,#7428);
#7426 = CARTESIAN_POINT('',(36.036403064261,1.086516707191E-02,6.));
#7427 = DIRECTION('',(0.,0.,1.));
#7428 = DIRECTION('',(-0.233590320338,0.972335107997,0.));
#7429 = ORIENTED_EDGE('',*,*,#7430,.T.);
#7430 = EDGE_CURVE('',#7422,#7431,#7433,.T.);
#7431 = VERTEX_POINT('',#7432);
#7432 = CARTESIAN_POINT('',(28.29234931655,22.189231774837,6.));
#7433 = B_SPLINE_CURVE_WITH_KNOTS('',3,(#7434,#7435,#7436,#7437),
  .UNSPECIFIED.,.F.,.F.,(4,4),(0.,1.),.PIECEWISE_BEZIER_KNOTS.);
#7434 = CARTESIAN_POINT('',(28.582171703635,24.919386496574,6.));
#7435 = CARTESIAN_POINT('',(28.301523453058,23.723695002265,6.));
#7436 = CARTESIAN_POINT('',(28.261281600201,22.807986012812,6.));
#7437 = CARTESIAN_POINT('',(28.29234931655,22.189231774837,6.));
#7438 = ORIENTED_EDGE('',*,*,#7439,.T.);
#7439 = EDGE_CURVE('',#7431,#7440,#7442,.T.);
#7440 = VERTEX_POINT('',#7441);
#7441 = CARTESIAN_POINT('',(28.421840543613,21.281759773718,6.));
#7442 = B_SPLINE_CURVE_WITH_KNOTS('',3,(#7443,#7444,#7445,#7446),
  .UNSPECIFIED.,.F.,.F.,(4,4),(0.,1.),.PIECEWISE_BEZIER_KNOTS.);
#7443 = CARTESIAN_POINT('',(28.29234931655,22.189231774837,6.));
#7444 = CARTESIAN_POINT('',(28.319652996888,21.672952105155,6.));
#7445 = CARTESIAN_POINT('',(28.393573485424,21.378512274307,6.));
#7446 = CARTESIAN_POINT('',(28.421840543613,21.281759773718,6.));
#7447 = ORIENTED_EDGE('',*,*,#7448,.T.);
#7448 = EDGE_CURVE('',#7440,#7449,#7451,.T.);
#7449 = VERTEX_POINT('',#7450);
#7450 = CARTESIAN_POINT('',(28.531399344263,20.969682979128,6.));
#7451 = LINE('',#7452,#7453);
#7452 = CARTESIAN_POINT('',(28.421840543613,21.281759773718,6.));
#7453 = VECTOR('',#7454,1.);
#7454 = DIRECTION('',(0.331244305418,-0.943545022841,0.));
#7455 = ORIENTED_EDGE('',*,*,#7456,.T.);
#7456 = EDGE_CURVE('',#7449,#7457,#7459,.T.);
#7457 = VERTEX_POINT('',#7458);
#7458 = CARTESIAN_POINT('',(28.099493114027,19.995799332477,6.));
#7459 = CIRCLE('',#7460,0.76);
#7460 = AXIS2_PLACEMENT_3D('',#7461,#7462,#7463);
#7461 = CARTESIAN_POINT('',(27.819910621136,20.702505515887,6.));
#7462 = DIRECTION('',(0.,0.,-1.));
#7463 = DIRECTION('',(0.936169372535,0.351549293738,0.));
#7464 = ORIENTED_EDGE('',*,*,#7465,.T.);
#7465 = EDGE_CURVE('',#7457,#7466,#7468,.T.);
#7466 = VERTEX_POINT('',#7467);
#7467 = CARTESIAN_POINT('',(27.447336690642,19.725667297122,6.));
#7468 = CIRCLE('',#7469,21.500000000025);
#7469 = AXIS2_PLACEMENT_3D('',#7470,#7471,#7472);
#7470 = CARTESIAN_POINT('',(36.000000000009,-2.323830017303E-11,6.));
#7471 = DIRECTION('',(0.,0.,1.));
#7472 = DIRECTION('',(-0.367465436557,0.930037178255,0.));
#7473 = ORIENTED_EDGE('',*,*,#7474,.T.);
#7474 = EDGE_CURVE('',#7466,#7475,#7477,.T.);
#7475 = VERTEX_POINT('',#7476);
#7476 = CARTESIAN_POINT('',(26.453293135773,20.10890320352,6.));
#7477 = CIRCLE('',#7478,0.76);
#7478 = AXIS2_PLACEMENT_3D('',#7479,#7480,#7481);
#7479 = CARTESIAN_POINT('',(27.145314632671,20.423078708342,6.));
#7480 = DIRECTION('',(0.,-0.,-1.));
#7481 = DIRECTION('',(0.397397444698,-0.91764659371,0.));
#7482 = ORIENTED_EDGE('',*,*,#7483,.T.);
#7483 = EDGE_CURVE('',#7475,#7484,#7486,.T.);
#7484 = VERTEX_POINT('',#7485);
#7485 = CARTESIAN_POINT('',(26.310091288945,20.407044592103,6.));
#7486 = LINE('',#7487,#7488);
#7487 = CARTESIAN_POINT('',(26.453293135773,20.10890320352,6.));
#7488 = VECTOR('',#7489,1.);
#7489 = DIRECTION('',(-0.432961989415,0.901412178596,0.));
#7490 = ORIENTED_EDGE('',*,*,#7491,.T.);
#7491 = EDGE_CURVE('',#7484,#7492,#7494,.T.);
#7492 = VERTEX_POINT('',#7493);
#7493 = CARTESIAN_POINT('',(25.759975807977,21.140288322592,6.));
#7494 = B_SPLINE_CURVE_WITH_KNOTS('',3,(#7495,#7496,#7497,#7498),
  .UNSPECIFIED.,.F.,.F.,(4,4),(0.,1.),.PIECEWISE_BEZIER_KNOTS.);
#7495 = CARTESIAN_POINT('',(26.310091288945,20.407044592103,6.));
#7496 = CARTESIAN_POINT('',(26.261664768211,20.495446769896,6.));
#7497 = CARTESIAN_POINT('',(26.10573404588,20.755916849652,6.));
#7498 = CARTESIAN_POINT('',(25.759975807977,21.140288322592,6.));
#7499 = ORIENTED_EDGE('',*,*,#7500,.T.);
#7500 = EDGE_CURVE('',#7492,#7501,#7503,.T.);
#7501 = VERTEX_POINT('',#7502);
#7502 = CARTESIAN_POINT('',(23.622816596472,22.86731194496,6.));
#7503 = B_SPLINE_CURVE_WITH_KNOTS('',3,(#7504,#7505,#7506,#7507),
  .UNSPECIFIED.,.F.,.F.,(4,4),(0.,1.),.PIECEWISE_BEZIER_KNOTS.);
#7504 = CARTESIAN_POINT('',(25.759975807977,21.140288322592,6.));
#7505 = CARTESIAN_POINT('',(25.344418683323,21.599781833058,6.));
#7506 = CARTESIAN_POINT('',(24.668459360245,22.218830582051,6.));
#7507 = CARTESIAN_POINT('',(23.622816596472,22.86731194496,6.));
#7508 = ORIENTED_EDGE('',*,*,#7509,.T.);
#7509 = EDGE_CURVE('',#7501,#7510,#7512,.T.);
#7510 = VERTEX_POINT('',#7511);
#7511 = CARTESIAN_POINT('',(22.385316255979,22.15040375592,6.));
#7512 = CIRCLE('',#7513,26.000000000012);
#7513 = AXIS2_PLACEMENT_3D('',#7514,#7515,#7516);
#7514 = CARTESIAN_POINT('',(36.032350547766,1.991675180227E-02,6.));
#7515 = DIRECTION('',(0.,0.,1.));
#7516 = DIRECTION('',(-0.477289767357,0.878745968967,0.));
#7517 = ORIENTED_EDGE('',*,*,#7518,.T.);
#7518 = EDGE_CURVE('',#7510,#7519,#7521,.T.);
#7519 = VERTEX_POINT('',#7520);
#7520 = CARTESIAN_POINT('',(22.81198536532,19.438265246955,6.));
#7521 = B_SPLINE_CURVE_WITH_KNOTS('',3,(#7522,#7523,#7524,#7525),
  .UNSPECIFIED.,.F.,.F.,(4,4),(0.,1.),.PIECEWISE_BEZIER_KNOTS.);
#7522 = CARTESIAN_POINT('',(22.385316255979,22.15040375592,6.));
#7523 = CARTESIAN_POINT('',(22.423698593438,20.922817349069,6.));
#7524 = CARTESIAN_POINT('',(22.621830874708,20.027895028862,6.));
#7525 = CARTESIAN_POINT('',(22.81198536532,19.438265246955,6.));
#7526 = ORIENTED_EDGE('',*,*,#7527,.T.);
#7527 = EDGE_CURVE('',#7519,#7528,#7530,.T.);
#7528 = VERTEX_POINT('',#7529);
#7529 = CARTESIAN_POINT('',(23.171935322604,18.595229400177,6.));
#7530 = B_SPLINE_CURVE_WITH_KNOTS('',3,(#7531,#7532,#7533,#7534),
  .UNSPECIFIED.,.F.,.F.,(4,4),(0.,1.),.PIECEWISE_BEZIER_KNOTS.);
#7531 = CARTESIAN_POINT('',(22.81198536532,19.438265246955,6.));
#7532 = CARTESIAN_POINT('',(22.971981706424,18.946644092893,6.));
#7533 = CARTESIAN_POINT('',(23.119590051253,18.681369086246,6.));
#7534 = CARTESIAN_POINT('',(23.171935322604,18.595229400177,6.));
#7535 = ORIENTED_EDGE('',*,*,#7536,.T.);
#7536 = EDGE_CURVE('',#7528,#7537,#7539,.T.);
#7537 = VERTEX_POINT('',#7538);
#7538 = CARTESIAN_POINT('',(23.358532415623,18.322142268664,6.));
#7539 = LINE('',#7540,#7541);
#7540 = CARTESIAN_POINT('',(23.171935322604,18.595229400177,6.));
#7541 = VECTOR('',#7542,1.);
#7542 = DIRECTION('',(0.564164851238,-0.825662171005,0.));
#7543 = ORIENTED_EDGE('',*,*,#7544,.T.);
#7544 = EDGE_CURVE('',#7537,#7545,#7547,.T.);
#7545 = VERTEX_POINT('',#7546);
#7546 = CARTESIAN_POINT('',(23.193402668771,17.26965734448,6.));
#7547 = CIRCLE('',#7548,0.76);
#7548 = AXIS2_PLACEMENT_3D('',#7549,#7550,#7551);
#7549 = CARTESIAN_POINT('',(22.740437698751,17.879921824796,6.));
#7550 = DIRECTION('',(0.,0.,-1.));
#7551 = DIRECTION('',(0.8132825222,0.581869005089,0.));
#7552 = ORIENTED_EDGE('',*,*,#7553,.T.);
#7553 = EDGE_CURVE('',#7545,#7554,#7556,.T.);
#7554 = VERTEX_POINT('',#7555);
#7555 = CARTESIAN_POINT('',(22.633383252085,16.839939332265,6.));
#7556 = CIRCLE('',#7557,21.500000000018);
#7557 = AXIS2_PLACEMENT_3D('',#7558,#7559,#7560);
#7558 = CARTESIAN_POINT('',(36.000000000011,-1.42783562751E-11,6.));
#7559 = DIRECTION('',(0.,0.,1.));
#7560 = DIRECTION('',(-0.595655689825,0.803239876487,0.));
#7561 = ORIENTED_EDGE('',*,*,#7562,.T.);
#7562 = EDGE_CURVE('',#7554,#7563,#7565,.T.);
#7563 = VERTEX_POINT('',#7564);
#7564 = CARTESIAN_POINT('',(21.574022158638,16.952839388154,6.));
#7565 = CIRCLE('',#7566,0.76);
#7566 = AXIS2_PLACEMENT_3D('',#7567,#7568,#7569);
#7567 = CARTESIAN_POINT('',(22.161148990687,17.435417965266,6.));
#7568 = DIRECTION('',(0.,-0.,-1.));
#7569 = DIRECTION('',(0.621360870261,-0.783524517107,0.));
#7570 = ORIENTED_EDGE('',*,*,#7571,.T.);
#7571 = EDGE_CURVE('',#7563,#7572,#7574,.T.);
#7572 = VERTEX_POINT('',#7573);
#7573 = CARTESIAN_POINT('',(21.358535126916,17.203758490019,6.));
#7574 = LINE('',#7575,#7576);
#7575 = CARTESIAN_POINT('',(21.574022158638,16.952839388154,6.));
#7576 = VECTOR('',#7577,1.);
#7577 = DIRECTION('',(-0.651511806685,0.758638494772,0.));
#7578 = ORIENTED_EDGE('',*,*,#7579,.T.);
#7579 = EDGE_CURVE('',#7572,#7580,#7582,.T.);
#7580 = VERTEX_POINT('',#7581);
#7581 = CARTESIAN_POINT('',(20.637386934255,17.769637182782,6.));
#7582 = B_SPLINE_CURVE_WITH_KNOTS('',3,(#7583,#7584,#7585,#7586),
  .UNSPECIFIED.,.F.,.F.,(4,4),(0.,1.),.PIECEWISE_BEZIER_KNOTS.);
#7583 = CARTESIAN_POINT('',(21.358535126916,17.203758490019,6.));
#7584 = CARTESIAN_POINT('',(21.288878532621,17.276614730795,6.));
#7585 = CARTESIAN_POINT('',(21.070846403489,17.487851667152,6.));
#7586 = CARTESIAN_POINT('',(20.637386934255,17.769637182782,6.));
#7587 = ORIENTED_EDGE('',*,*,#7588,.T.);
#7588 = EDGE_CURVE('',#7580,#7589,#7591,.T.);
#7589 = VERTEX_POINT('',#7590);
#7590 = CARTESIAN_POINT('',(18.12606305216,18.884676395886,6.));
#7591 = B_SPLINE_CURVE_WITH_KNOTS('',3,(#7592,#7593,#7594,#7595),
  .UNSPECIFIED.,.F.,.F.,(4,4),(0.,1.),.PIECEWISE_BEZIER_KNOTS.);
#7592 = CARTESIAN_POINT('',(20.637386934255,17.769637182782,6.));
#7593 = CARTESIAN_POINT('',(20.117063903644,18.105919733366,6.));
#7594 = CARTESIAN_POINT('',(19.303915729876,18.528923761223,6.));
#7595 = CARTESIAN_POINT('',(18.12606305216,18.884676395886,6.));
#7596 = ORIENTED_EDGE('',*,*,#7597,.T.);
#7597 = EDGE_CURVE('',#7589,#7598,#7600,.T.);
#7598 = VERTEX_POINT('',#7599);
#7599 = CARTESIAN_POINT('',(17.11627900615,17.871907604573,6.));
#7600 = CIRCLE('',#7601,25.999999999993);
#7601 = AXIS2_PLACEMENT_3D('',#7602,#7603,#7604);
#7602 = CARTESIAN_POINT('',(36.026093394885,2.761104283612E-02,6.));
#7603 = DIRECTION('',(0.,0.,1.));
#7604 = DIRECTION('',(-0.68846270549,0.725271744348,0.));
#7605 = ORIENTED_EDGE('',*,*,#7606,.T.);
#7606 = EDGE_CURVE('',#7598,#7607,#7609,.T.);
#7607 = VERTEX_POINT('',#7608);
#7608 = CARTESIAN_POINT('',(18.230362817218,15.362613065745,6.));
#7609 = B_SPLINE_CURVE_WITH_KNOTS('',3,(#7610,#7611,#7612,#7613),
  .UNSPECIFIED.,.F.,.F.,(4,4),(0.,1.),.PIECEWISE_BEZIER_KNOTS.);
#7610 = CARTESIAN_POINT('',(17.11627900615,17.871907604573,6.));
#7611 = CARTESIAN_POINT('',(17.471076238777,16.696084270124,6.));
#7612 = CARTESIAN_POINT('',(17.894080266634,15.882936096356,6.));
#7613 = CARTESIAN_POINT('',(18.230362817218,15.362613065745,6.));
#7614 = ORIENTED_EDGE('',*,*,#7615,.T.);
#7615 = EDGE_CURVE('',#7607,#7616,#7618,.T.);
#7616 = VERTEX_POINT('',#7617);
#7617 = CARTESIAN_POINT('',(18.796241509981,14.641464873084,6.));
#7618 = B_SPLINE_CURVE_WITH_KNOTS('',3,(#7619,#7620,#7621,#7622),
  .UNSPECIFIED.,.F.,.F.,(4,4),(0.,1.),.PIECEWISE_BEZIER_KNOTS.);
#7619 = CARTESIAN_POINT('',(18.230362817218,15.362613065745,6.));
#7620 = CARTESIAN_POINT('',(18.512148332848,14.929153596511,6.));
#7621 = CARTESIAN_POINT('',(18.723385269205,14.711121467379,6.));
#7622 = CARTESIAN_POINT('',(18.796241509981,14.641464873084,6.));
#7623 = ORIENTED_EDGE('',*,*,#7624,.T.);
#7624 = EDGE_CURVE('',#7616,#7625,#7627,.T.);
#7625 = VERTEX_POINT('',#7626);
#7626 = CARTESIAN_POINT('',(19.047160611846,14.425977841362,6.));
#7627 = LINE('',#7628,#7629);
#7628 = CARTESIAN_POINT('',(18.796241509981,14.641464873084,6.));
#7629 = VECTOR('',#7630,1.);
#7630 = DIRECTION('',(0.758638494772,-0.651511806685,0.));
#7631 = ORIENTED_EDGE('',*,*,#7632,.T.);
#7632 = EDGE_CURVE('',#7625,#7633,#7635,.T.);
#7633 = VERTEX_POINT('',#7634);
#7634 = CARTESIAN_POINT('',(19.160060667735,13.366616747915,6.));
#7635 = CIRCLE('',#7636,0.76);
#7636 = AXIS2_PLACEMENT_3D('',#7637,#7638,#7639);
#7637 = CARTESIAN_POINT('',(18.564582034734,13.838851009313,6.));
#7638 = DIRECTION('',(0.,0.,-1.));
#7639 = DIRECTION('',(0.634971811991,0.772535305327,0.));
#7640 = ORIENTED_EDGE('',*,*,#7641,.T.);
#7641 = EDGE_CURVE('',#7633,#7642,#7644,.T.);
#7642 = VERTEX_POINT('',#7643);
#7643 = CARTESIAN_POINT('',(18.73034265552,12.806597331229,6.));
#7644 = CIRCLE('',#7645,21.500000000008);
#7645 = AXIS2_PLACEMENT_3D('',#7646,#7647,#7648);
#7646 = CARTESIAN_POINT('',(36.000000000006,-4.784617146925E-12,6.));
#7647 = DIRECTION('',(0.,0.,1.));
#7648 = DIRECTION('',(-0.783252992198,0.621703104554,0.));
#7649 = ORIENTED_EDGE('',*,*,#7650,.T.);
#7650 = EDGE_CURVE('',#7642,#7651,#7653,.T.);
#7651 = VERTEX_POINT('',#7652);
#7652 = CARTESIAN_POINT('',(17.677857731336,12.641467584377,6.));
#7653 = CIRCLE('',#7654,0.76);
#7654 = AXIS2_PLACEMENT_3D('',#7655,#7656,#7657);
#7655 = CARTESIAN_POINT('',(18.120078175204,13.259562301249,6.));
#7656 = DIRECTION('',(0.,-0.,-1.));
#7657 = DIRECTION('',(0.802979579363,-0.5960065395,0.));
#7658 = ORIENTED_EDGE('',*,*,#7659,.T.);
#7659 = EDGE_CURVE('',#7651,#7660,#7662,.T.);
#7660 = VERTEX_POINT('',#7661);
#7661 = CARTESIAN_POINT('',(17.404770599823,12.828064677396,6.));
#7662 = LINE('',#7663,#7664);
#7663 = CARTESIAN_POINT('',(17.677857731336,12.641467584377,6.));
#7664 = VECTOR('',#7665,1.);
#7665 = DIRECTION('',(-0.825662171005,0.564164851238,0.));
#7666 = ORIENTED_EDGE('',*,*,#7667,.T.);
#7667 = EDGE_CURVE('',#7660,#7668,#7670,.T.);
#7668 = VERTEX_POINT('',#7669);
#7669 = CARTESIAN_POINT('',(16.561734753045,13.18801463468,6.));
#7670 = B_SPLINE_CURVE_WITH_KNOTS('',3,(#7671,#7672,#7673,#7674),
  .UNSPECIFIED.,.F.,.F.,(4,4),(0.,1.),.PIECEWISE_BEZIER_KNOTS.);
#7671 = CARTESIAN_POINT('',(17.404770599823,12.828064677396,6.));
#7672 = CARTESIAN_POINT('',(17.318630913754,12.880409948747,6.));
#7673 = CARTESIAN_POINT('',(17.053355907107,13.028018293576,6.));
#7674 = CARTESIAN_POINT('',(16.561734753045,13.18801463468,6.));
#7675 = ORIENTED_EDGE('',*,*,#7676,.T.);
#7676 = EDGE_CURVE('',#7668,#7677,#7679,.T.);
#7677 = VERTEX_POINT('',#7678);
#7678 = CARTESIAN_POINT('',(13.847388772766,13.615081358835,6.));
#7679 = B_SPLINE_CURVE_WITH_KNOTS('',3,(#7680,#7681,#7682,#7683),
  .UNSPECIFIED.,.F.,.F.,(4,4),(0.,1.),.PIECEWISE_BEZIER_KNOTS.);
#7680 = CARTESIAN_POINT('',(16.561734753045,13.18801463468,6.));
#7681 = CARTESIAN_POINT('',(15.972104971138,13.378169125292,6.));
#7682 = CARTESIAN_POINT('',(15.077182650931,13.576301406562,6.));
#7683 = CARTESIAN_POINT('',(13.847388772766,13.615081358835,6.));
#7684 = ORIENTED_EDGE('',*,*,#7685,.T.);
#7685 = EDGE_CURVE('',#7677,#7686,#7688,.T.);
#7686 = VERTEX_POINT('',#7687);
#7687 = CARTESIAN_POINT('',(13.134136135227,12.375470484699,6.));
#7688 = CIRCLE('',#7689,26.000000000021);
#7689 = AXIS2_PLACEMENT_3D('',#7690,#7691,#7692);
#7690 = CARTESIAN_POINT('',(36.018058020297,3.342368690025E-02,6.));
#7691 = DIRECTION('',(0.,0.,1.));
#7692 = DIRECTION('',(-0.852718047981,0.52237144892,0.));
#7693 = ORIENTED_EDGE('',*,*,#7694,.T.);
#7694 = EDGE_CURVE('',#7686,#7695,#7697,.T.);
#7695 = VERTEX_POINT('',#7696);
#7696 = CARTESIAN_POINT('',(14.859711677408,10.240024192023,6.));
#7697 = B_SPLINE_CURVE_WITH_KNOTS('',3,(#7698,#7699,#7700,#7701),
  .UNSPECIFIED.,.F.,.F.,(4,4),(0.,1.),.PIECEWISE_BEZIER_KNOTS.);
#7698 = CARTESIAN_POINT('',(13.134136135227,12.375470484699,6.));
#7699 = CARTESIAN_POINT('',(13.781169417949,11.331540639755,6.));
#7700 = CARTESIAN_POINT('',(14.400218166942,10.655581316677,6.));
#7701 = CARTESIAN_POINT('',(14.859711677408,10.240024192023,6.));
#7702 = ORIENTED_EDGE('',*,*,#7703,.T.);
#7703 = EDGE_CURVE('',#7695,#7704,#7706,.T.);
#7704 = VERTEX_POINT('',#7705);
#7705 = CARTESIAN_POINT('',(15.592955407897,9.689908711055,6.));
#7706 = B_SPLINE_CURVE_WITH_KNOTS('',3,(#7707,#7708,#7709,#7710),
  .UNSPECIFIED.,.F.,.F.,(4,4),(0.,1.),.PIECEWISE_BEZIER_KNOTS.);
#7707 = CARTESIAN_POINT('',(14.859711677408,10.240024192023,6.));
#7708 = CARTESIAN_POINT('',(15.244083150348,9.89426595412,6.));
#7709 = CARTESIAN_POINT('',(15.504553230104,9.738335231789,6.));
#7710 = CARTESIAN_POINT('',(15.592955407897,9.689908711055,6.));
#7711 = ORIENTED_EDGE('',*,*,#7712,.T.);
#7712 = EDGE_CURVE('',#7704,#7713,#7715,.T.);
#7713 = VERTEX_POINT('',#7714);
#7714 = CARTESIAN_POINT('',(15.89109679648,9.546706864227,6.));
#7715 = LINE('',#7716,#7717);
#7716 = CARTESIAN_POINT('',(15.592955407897,9.689908711055,6.));
#7717 = VECTOR('',#7718,1.);
#7718 = DIRECTION('',(0.901412178596,-0.432961989415,0.));
#7719 = ORIENTED_EDGE('',*,*,#7720,.T.);
#7720 = EDGE_CURVE('',#7713,#7721,#7723,.T.);
#7721 = VERTEX_POINT('',#7722);
#7722 = CARTESIAN_POINT('',(16.274332702878,8.552663309358,6.));
#7723 = CIRCLE('',#7724,0.76);
#7724 = AXIS2_PLACEMENT_3D('',#7725,#7726,#7727);
#7725 = CARTESIAN_POINT('',(15.576921291658,8.854685367329,6.));
#7726 = DIRECTION('',(0.,0.,-1.));
#7727 = DIRECTION('',(0.413388822135,0.910554601182,0.));
#7728 = ORIENTED_EDGE('',*,*,#7729,.T.);
#7729 = EDGE_CURVE('',#7721,#7730,#7732,.T.);
#7730 = VERTEX_POINT('',#7731);
#7731 = CARTESIAN_POINT('',(16.004200667523,7.900506885973,6.));
#7732 = CIRCLE('',#7733,21.500000000019);
#7733 = AXIS2_PLACEMENT_3D('',#7734,#7735,#7736);
#7734 = CARTESIAN_POINT('',(36.000000000018,-7.411848912398E-12,6.));
#7735 = DIRECTION('',(0.,0.,1.));
#7736 = DIRECTION('',(-0.917472897541,0.397798293458,0.));
#7737 = ORIENTED_EDGE('',*,*,#7738,.T.);
#7738 = EDGE_CURVE('',#7730,#7739,#7741,.T.);
#7739 = VERTEX_POINT('',#7740);
#7740 = CARTESIAN_POINT('',(15.030317020872,7.468600655737,6.));
#7741 = CIRCLE('',#7742,0.76);
#7742 = AXIS2_PLACEMENT_3D('',#7743,#7744,#7745);
#7743 = CARTESIAN_POINT('',(15.297494484113,8.180089378864,6.));
#7744 = DIRECTION('',(0.,0.,-1.));
#7745 = DIRECTION('',(0.929876557117,-0.367871701172,0.));
#7746 = ORIENTED_EDGE('',*,*,#7747,.T.);
#7747 = EDGE_CURVE('',#7739,#7748,#7750,.T.);
#7748 = VERTEX_POINT('',#7749);
#7749 = CARTESIAN_POINT('',(14.718240226282,7.578159456387,6.));
#7750 = LINE('',#7751,#7752);
#7751 = CARTESIAN_POINT('',(15.030317020872,7.468600655737,6.));
#7752 = VECTOR('',#7753,1.);
#7753 = DIRECTION('',(-0.943545022841,0.331244305418,0.));
#7754 = ORIENTED_EDGE('',*,*,#7755,.T.);
#7755 = EDGE_CURVE('',#7748,#7756,#7758,.T.);
#7756 = VERTEX_POINT('',#7757);
#7757 = CARTESIAN_POINT('',(13.810768225163,7.70765068345,6.));
#7758 = B_SPLINE_CURVE_WITH_KNOTS('',3,(#7759,#7760,#7761,#7762),
  .UNSPECIFIED.,.F.,.F.,(4,4),(0.,1.),.PIECEWISE_BEZIER_KNOTS.);
#7759 = CARTESIAN_POINT('',(14.718240226282,7.578159456387,6.));
#7760 = CARTESIAN_POINT('',(14.621487725693,7.606426514576,6.));
#7761 = CARTESIAN_POINT('',(14.327047894845,7.680347003112,6.));
#7762 = CARTESIAN_POINT('',(13.810768225163,7.70765068345,6.));
#7763 = ORIENTED_EDGE('',*,*,#7764,.T.);
#7764 = EDGE_CURVE('',#7756,#7765,#7767,.T.);
#7765 = VERTEX_POINT('',#7766);
#7766 = CARTESIAN_POINT('',(11.078378339586,7.417641027166,6.));
#7767 = B_SPLINE_CURVE_WITH_KNOTS('',3,(#7768,#7769,#7770,#7771),
  .UNSPECIFIED.,.F.,.F.,(4,4),(0.,1.),.PIECEWISE_BEZIER_KNOTS.);
#7768 = CARTESIAN_POINT('',(13.810768225163,7.70765068345,6.));
#7769 = CARTESIAN_POINT('',(13.192013987188,7.738718399799,6.));
#7770 = CARTESIAN_POINT('',(12.276304997735,7.698476546942,6.));
#7771 = CARTESIAN_POINT('',(11.078378339586,7.417641027166,6.));
#7772 = ORIENTED_EDGE('',*,*,#7773,.T.);
#7773 = EDGE_CURVE('',#7765,#7774,#7776,.T.);
#7774 = VERTEX_POINT('',#7775);
#7775 = CARTESIAN_POINT('',(10.710264099061,6.035665502724,6.));
#7776 = CIRCLE('',#7777,26.000000000015);
#7777 = AXIS2_PLACEMENT_3D('',#7778,#7779,#7780);
#7778 = CARTESIAN_POINT('',(36.008792021445,3.695856195794E-02,6.));
#7779 = DIRECTION('',(0.,0.,1.));
#7780 = DIRECTION('',(-0.958862064686,0.283872402508,0.));
#7781 = ORIENTED_EDGE('',*,*,#7782,.T.);
#7782 = EDGE_CURVE('',#7774,#7783,#7785,.T.);
#7783 = VERTEX_POINT('',#7784);
#7784 = CARTESIAN_POINT('',(12.929736250805,4.419594592055,6.));
#7785 = B_SPLINE_CURVE_WITH_KNOTS('',3,(#7786,#7787,#7788,#7789),
  .UNSPECIFIED.,.F.,.F.,(4,4),(0.,1.),.PIECEWISE_BEZIER_KNOTS.);
#7786 = CARTESIAN_POINT('',(10.710264099061,6.035665502724,6.));
#7787 = CARTESIAN_POINT('',(11.605439182933,5.194771241042,6.));
#7788 = CARTESIAN_POINT('',(12.378345503845,4.702066279446,6.));
#7789 = CARTESIAN_POINT('',(12.929736250805,4.419594592055,6.));
#7790 = ORIENTED_EDGE('',*,*,#7791,.T.);
#7791 = EDGE_CURVE('',#7783,#7792,#7794,.T.);
#7792 = VERTEX_POINT('',#7793);
#7793 = CARTESIAN_POINT('',(13.780375670529,4.078001283699,6.));
#7794 = B_SPLINE_CURVE_WITH_KNOTS('',3,(#7795,#7796,#7797,#7798),
  .UNSPECIFIED.,.F.,.F.,(4,4),(0.,1.),.PIECEWISE_BEZIER_KNOTS.);
#7795 = CARTESIAN_POINT('',(12.929736250805,4.419594592055,6.));
#7796 = CARTESIAN_POINT('',(13.390499400377,4.185100438003,6.));
#7797 = CARTESIAN_POINT('',(13.682452018045,4.101897543511,6.));
#7798 = CARTESIAN_POINT('',(13.780375670529,4.078001283699,6.));
#7799 = ORIENTED_EDGE('',*,*,#7800,.T.);
#7800 = EDGE_CURVE('',#7792,#7801,#7803,.T.);
#7801 = VERTEX_POINT('',#7802);
#7802 = CARTESIAN_POINT('',(14.105421502901,4.016843590974,6.));
#7803 = LINE('',#7804,#7805);
#7804 = CARTESIAN_POINT('',(13.780375670529,4.078001283699,6.));
#7805 = VECTOR('',#7806,1.);
#7806 = DIRECTION('',(0.982756112104,-0.184906528069,0.));
#7807 = ORIENTED_EDGE('',*,*,#7808,.T.);
#7808 = EDGE_CURVE('',#7801,#7809,#7811,.T.);
#7809 = VERTEX_POINT('',#7810);
#7810 = CARTESIAN_POINT('',(14.732876366112,3.155860000212,6.));
#7811 = CIRCLE('',#7812,0.76);
#7812 = AXIS2_PLACEMENT_3D('',#7813,#7814,#7815);
#7813 = CARTESIAN_POINT('',(13.981059611823,3.26708755062,6.));
#7814 = DIRECTION('',(0.,0.,-1.));
#7815 = DIRECTION('',(0.163634067207,0.986521105729,0.));
#7816 = ORIENTED_EDGE('',*,*,#7817,.T.);
#7817 = EDGE_CURVE('',#7809,#7818,#7820,.T.);
#7818 = VERTEX_POINT('',#7819);
#7819 = CARTESIAN_POINT('',(14.640739359413,2.456009952642,6.));
#7820 = CIRCLE('',#7821,21.500000000027);
#7821 = AXIS2_PLACEMENT_3D('',#7822,#7823,#7824);
#7822 = CARTESIAN_POINT('',(36.000000000027,-3.489653011002E-12,6.));
#7823 = DIRECTION('',(0.,0.,1.));
#7824 = DIRECTION('',(-0.989168541111,0.146784186056,0.));
#7825 = ORIENTED_EDGE('',*,*,#7826,.T.);
#7826 = EDGE_CURVE('',#7818,#7827,#7829,.T.);
#7827 = VERTEX_POINT('',#7828);
#7828 = CARTESIAN_POINT('',(13.811825551396,1.786760934856,6.));
#7829 = CIRCLE('',#7830,0.76);
#7830 = AXIS2_PLACEMENT_3D('',#7831,#7832,#7833);
#7831 = CARTESIAN_POINT('',(13.885752331423,2.543156883546,6.));
#7832 = DIRECTION('',(0.,0.,-1.));
#7833 = DIRECTION('',(0.993403984198,-0.114667014347,0.));
#7834 = ORIENTED_EDGE('',*,*,#7835,.T.);
#7835 = EDGE_CURVE('',#7827,#7836,#7838,.T.);
#7836 = VERTEX_POINT('',#7837);
#7837 = CARTESIAN_POINT('',(13.482026611549,1.811815191926,6.));
#7838 = LINE('',#7839,#7840);
#7839 = CARTESIAN_POINT('',(13.811825551396,1.786760934856,6.));
#7840 = VECTOR('',#7841,1.);
#7841 = DIRECTION('',(-0.997126840653,7.575000759185E-02,0.));
#7842 = ORIENTED_EDGE('',*,*,#7843,.T.);
#7843 = EDGE_CURVE('',#7836,#7844,#7846,.T.);
#7844 = VERTEX_POINT('',#7845);
#7845 = CARTESIAN_POINT('',(12.571961173296,1.702023075637,6.));
#7846 = B_SPLINE_CURVE_WITH_KNOTS('',3,(#7847,#7848,#7849,#7850),
  .UNSPECIFIED.,.F.,.F.,(4,4),(0.,1.),.PIECEWISE_BEZIER_KNOTS.);
#7847 = CARTESIAN_POINT('',(13.482026611549,1.811815191926,6.));
#7848 = CARTESIAN_POINT('',(13.381254819464,1.81407768365,6.));
#7849 = CARTESIAN_POINT('',(13.077715752304,1.809272756759,6.));
#7850 = CARTESIAN_POINT('',(12.571961173296,1.702023075637,6.));
#7851 = ORIENTED_EDGE('',*,*,#7852,.T.);
#7852 = EDGE_CURVE('',#7844,#7853,#7855,.T.);
#7853 = VERTEX_POINT('',#7854);
#7854 = CARTESIAN_POINT('',(10.007735237637,0.714700717726,6.));
#7855 = B_SPLINE_CURVE_WITH_KNOTS('',3,(#7856,#7857,#7858,#7859),
  .UNSPECIFIED.,.F.,.F.,(4,4),(0.,1.),.PIECEWISE_BEZIER_KNOTS.);
#7856 = CARTESIAN_POINT('',(12.571961173296,1.702023075637,6.));
#7857 = CARTESIAN_POINT('',(11.966249558032,1.571886804196,6.));
#7858 = CARTESIAN_POINT('',(11.092157953684,1.296013232982,6.));
#7859 = CARTESIAN_POINT('',(10.007735237637,0.714700717726,6.));
#7860 = ORIENTED_EDGE('',*,*,#7861,.T.);
#7861 = EDGE_CURVE('',#7853,#7862,#7864,.T.);
#7862 = VERTEX_POINT('',#7863);
#7863 = CARTESIAN_POINT('',(10.00984577128,-0.715460108853,6.));
#7864 = CIRCLE('',#7865,25.999999999985);
#7865 = AXIS2_PLACEMENT_3D('',#7866,#7867,#7868);
#7866 = CARTESIAN_POINT('',(35.998926860834,3.797477209243E-02,6.));
#7867 = DIRECTION('',(0.,0.,1.));
#7868 = DIRECTION('',(-0.999661216277,2.602792098593E-02,0.));
#7869 = ORIENTED_EDGE('',*,*,#7870,.T.);
#7870 = EDGE_CURVE('',#7862,#7871,#7873,.T.);
#7871 = VERTEX_POINT('',#7872);
#7872 = CARTESIAN_POINT('',(12.571961173296,-1.702023075637,6.));
#7873 = B_SPLINE_CURVE_WITH_KNOTS('',3,(#7874,#7875,#7876,#7877),
  .UNSPECIFIED.,.F.,.F.,(4,4),(0.,1.),.PIECEWISE_BEZIER_KNOTS.);
#7874 = CARTESIAN_POINT('',(10.00984577128,-0.715460108853,6.));
#7875 = CARTESIAN_POINT('',(11.092157953684,-1.296013232982,6.));
#7876 = CARTESIAN_POINT('',(11.966249558032,-1.571886804196,6.));
#7877 = CARTESIAN_POINT('',(12.571961173296,-1.702023075637,6.));
#7878 = ORIENTED_EDGE('',*,*,#7879,.T.);
#7879 = EDGE_CURVE('',#7871,#7880,#7882,.T.);
#7880 = VERTEX_POINT('',#7881);
#7881 = CARTESIAN_POINT('',(13.482026611549,-1.811815191926,6.));
#7882 = B_SPLINE_CURVE_WITH_KNOTS('',3,(#7883,#7884,#7885,#7886),
  .UNSPECIFIED.,.F.,.F.,(4,4),(0.,1.),.PIECEWISE_BEZIER_KNOTS.);
#7883 = CARTESIAN_POINT('',(12.571961173296,-1.702023075637,6.));
#7884 = CARTESIAN_POINT('',(13.077715752304,-1.809272756759,6.));
#7885 = CARTESIAN_POINT('',(13.381254819464,-1.81407768365,6.));
#7886 = CARTESIAN_POINT('',(13.482026611549,-1.811815191926,6.));
#7887 = ORIENTED_EDGE('',*,*,#7888,.T.);
#7888 = EDGE_CURVE('',#7880,#7889,#7891,.T.);
#7889 = VERTEX_POINT('',#7890);
#7890 = CARTESIAN_POINT('',(13.811825551396,-1.786760934856,6.));
#7891 = LINE('',#7892,#7893);
#7892 = CARTESIAN_POINT('',(13.482026611549,-1.811815191926,6.));
#7893 = VECTOR('',#7894,1.);
#7894 = DIRECTION('',(0.997126840653,7.575000759186E-02,0.));
#7895 = ORIENTED_EDGE('',*,*,#7896,.T.);
#7896 = EDGE_CURVE('',#7889,#7897,#7899,.T.);
#7897 = VERTEX_POINT('',#7898);
#7898 = CARTESIAN_POINT('',(14.640739359413,-2.456009952642,6.));
#7899 = CIRCLE('',#7900,0.76);
#7900 = AXIS2_PLACEMENT_3D('',#7901,#7902,#7903);
#7901 = CARTESIAN_POINT('',(13.885752331423,-2.543156883546,6.));
#7902 = DIRECTION('',(0.,0.,-1.));
#7903 = DIRECTION('',(-9.727207898203E-02,0.995257827224,0.));
#7904 = ORIENTED_EDGE('',*,*,#7905,.T.);
#7905 = EDGE_CURVE('',#7897,#7906,#7908,.T.);
#7906 = VERTEX_POINT('',#7907);
#7907 = CARTESIAN_POINT('',(14.732876366112,-3.155860000212,6.));
#7908 = CIRCLE('',#7909,21.499999999974);
#7909 = AXIS2_PLACEMENT_3D('',#7910,#7911,#7912);
#7910 = CARTESIAN_POINT('',(35.999999999975,-3.380851154589E-12,6.));
#7911 = DIRECTION('',(0.,0.,1.));
#7912 = DIRECTION('',(-0.993453983283,-0.114233021053,0.));
#7913 = ORIENTED_EDGE('',*,*,#7914,.T.);
#7914 = EDGE_CURVE('',#7906,#7915,#7917,.T.);
#7915 = VERTEX_POINT('',#7916);
#7916 = CARTESIAN_POINT('',(14.105421502901,-4.016843590974,6.));
#7917 = CIRCLE('',#7918,0.76);
#7918 = AXIS2_PLACEMENT_3D('',#7919,#7920,#7921);
#7919 = CARTESIAN_POINT('',(13.981059611823,-3.26708755062,6.));
#7920 = DIRECTION('',(0.,0.,-1.));
#7921 = DIRECTION('',(0.989232571433,0.14635204001,0.));
#7922 = ORIENTED_EDGE('',*,*,#7923,.T.);
#7923 = EDGE_CURVE('',#7915,#7924,#7926,.T.);
#7924 = VERTEX_POINT('',#7925);
#7925 = CARTESIAN_POINT('',(13.780375670529,-4.078001283699,6.));
#7926 = LINE('',#7927,#7928);
#7927 = CARTESIAN_POINT('',(14.105421502901,-4.016843590974,6.));
#7928 = VECTOR('',#7929,1.);
#7929 = DIRECTION('',(-0.982756112104,-0.184906528069,0.));
#7930 = ORIENTED_EDGE('',*,*,#7931,.T.);
#7931 = EDGE_CURVE('',#7924,#7932,#7934,.T.);
#7932 = VERTEX_POINT('',#7933);
#7933 = CARTESIAN_POINT('',(12.929736250805,-4.419594592055,6.));
#7934 = B_SPLINE_CURVE_WITH_KNOTS('',3,(#7935,#7936,#7937,#7938),
  .UNSPECIFIED.,.F.,.F.,(4,4),(0.,1.),.PIECEWISE_BEZIER_KNOTS.);
#7935 = CARTESIAN_POINT('',(13.780375670529,-4.078001283699,6.));
#7936 = CARTESIAN_POINT('',(13.682452018045,-4.101897543511,6.));
#7937 = CARTESIAN_POINT('',(13.390499400377,-4.185100438003,6.));
#7938 = CARTESIAN_POINT('',(12.929736250805,-4.419594592055,6.));
#7939 = ORIENTED_EDGE('',*,*,#7940,.T.);
#7940 = EDGE_CURVE('',#7932,#7941,#7943,.T.);
#7941 = VERTEX_POINT('',#7942);
#7942 = CARTESIAN_POINT('',(10.708422024995,-6.036945264528,6.));
#7943 = B_SPLINE_CURVE_WITH_KNOTS('',3,(#7944,#7945,#7946,#7947),
  .UNSPECIFIED.,.F.,.F.,(4,4),(0.,1.),.PIECEWISE_BEZIER_KNOTS.);
#7944 = CARTESIAN_POINT('',(12.929736250805,-4.419594592055,6.));
#7945 = CARTESIAN_POINT('',(12.378345503845,-4.702066279446,6.));
#7946 = CARTESIAN_POINT('',(11.605439182933,-5.194771241042,6.));
#7947 = CARTESIAN_POINT('',(10.708422024995,-6.036945264528,6.));
#7948 = ORIENTED_EDGE('',*,*,#7949,.T.);
#7949 = EDGE_CURVE('',#7941,#7950,#7952,.T.);
#7950 = VERTEX_POINT('',#7951);
#7951 = CARTESIAN_POINT('',(11.080613503426,-7.417828296365,6.));
#7952 = CIRCLE('',#7953,25.999999999968);
#7953 = AXIS2_PLACEMENT_3D('',#7954,#7955,#7956);
#7954 = CARTESIAN_POINT('',(35.989134832897,3.640306425283E-02,6.));
#7955 = DIRECTION('',(0.,0.,1.));
#7956 = DIRECTION('',(-0.972335107997,-0.233590320338,0.));
#7957 = ORIENTED_EDGE('',*,*,#7958,.T.);
#7958 = EDGE_CURVE('',#7950,#7959,#7961,.T.);
#7959 = VERTEX_POINT('',#7960);
#7960 = CARTESIAN_POINT('',(13.810768225163,-7.70765068345,6.));
#7961 = B_SPLINE_CURVE_WITH_KNOTS('',3,(#7962,#7963,#7964,#7965),
  .UNSPECIFIED.,.F.,.F.,(4,4),(0.,1.),.PIECEWISE_BEZIER_KNOTS.);
#7962 = CARTESIAN_POINT('',(11.080613503426,-7.417828296365,6.));
#7963 = CARTESIAN_POINT('',(12.276304997735,-7.698476546942,6.));
#7964 = CARTESIAN_POINT('',(13.192013987188,-7.738718399799,6.));
#7965 = CARTESIAN_POINT('',(13.810768225163,-7.70765068345,6.));
#7966 = ORIENTED_EDGE('',*,*,#7967,.T.);
#7967 = EDGE_CURVE('',#7959,#7968,#7970,.T.);
#7968 = VERTEX_POINT('',#7969);
#7969 = CARTESIAN_POINT('',(14.718240226282,-7.578159456387,6.));
#7970 = B_SPLINE_CURVE_WITH_KNOTS('',3,(#7971,#7972,#7973,#7974),
  .UNSPECIFIED.,.F.,.F.,(4,4),(0.,1.),.PIECEWISE_BEZIER_KNOTS.);
#7971 = CARTESIAN_POINT('',(13.810768225163,-7.70765068345,6.));
#7972 = CARTESIAN_POINT('',(14.327047894845,-7.680347003112,6.));
#7973 = CARTESIAN_POINT('',(14.621487725693,-7.606426514576,6.));
#7974 = CARTESIAN_POINT('',(14.718240226282,-7.578159456387,6.));
#7975 = ORIENTED_EDGE('',*,*,#7976,.T.);
#7976 = EDGE_CURVE('',#7968,#7977,#7979,.T.);
#7977 = VERTEX_POINT('',#7978);
#7978 = CARTESIAN_POINT('',(15.030317020872,-7.468600655737,6.));
#7979 = LINE('',#7980,#7981);
#7980 = CARTESIAN_POINT('',(14.718240226282,-7.578159456387,6.));
#7981 = VECTOR('',#7982,1.);
#7982 = DIRECTION('',(0.943545022841,0.331244305418,0.));
#7983 = ORIENTED_EDGE('',*,*,#7984,.T.);
#7984 = EDGE_CURVE('',#7977,#7985,#7987,.T.);
#7985 = VERTEX_POINT('',#7986);
#7986 = CARTESIAN_POINT('',(16.004200667523,-7.900506885973,6.));
#7987 = CIRCLE('',#7988,0.76);
#7988 = AXIS2_PLACEMENT_3D('',#7989,#7990,#7991);
#7989 = CARTESIAN_POINT('',(15.297494484113,-8.180089378864,6.));
#7990 = DIRECTION('',(0.,0.,-1.));
#7991 = DIRECTION('',(-0.351549293738,0.936169372535,0.));
#7992 = ORIENTED_EDGE('',*,*,#7993,.T.);
#7993 = EDGE_CURVE('',#7985,#7994,#7996,.T.);
#7994 = VERTEX_POINT('',#7995);
#7995 = CARTESIAN_POINT('',(16.274332702878,-8.552663309358,6.));
#7996 = CIRCLE('',#7997,21.499999999999);
#7997 = AXIS2_PLACEMENT_3D('',#7998,#7999,#8000);
#7998 = CARTESIAN_POINT('',(35.999999999999,-3.961275751863E-13,6.));
#7999 = DIRECTION('',(0.,0.,1.));
#8000 = DIRECTION('',(-0.930037178255,-0.367465436557,0.));
#8001 = ORIENTED_EDGE('',*,*,#8002,.T.);
#8002 = EDGE_CURVE('',#7994,#8003,#8005,.T.);
#8003 = VERTEX_POINT('',#8004);
#8004 = CARTESIAN_POINT('',(15.89109679648,-9.546706864227,6.));
#8005 = CIRCLE('',#8006,0.76);
#8006 = AXIS2_PLACEMENT_3D('',#8007,#8008,#8009);
#8007 = CARTESIAN_POINT('',(15.576921291658,-8.854685367329,6.));
#8008 = DIRECTION('',(0.,0.,-1.));
#8009 = DIRECTION('',(0.91764659371,0.397397444698,0.));
#8010 = ORIENTED_EDGE('',*,*,#8011,.T.);
#8011 = EDGE_CURVE('',#8003,#8012,#8014,.T.);
#8012 = VERTEX_POINT('',#8013);
#8013 = CARTESIAN_POINT('',(15.592955407897,-9.689908711055,6.));
#8014 = LINE('',#8015,#8016);
#8015 = CARTESIAN_POINT('',(15.89109679648,-9.546706864227,6.));
#8016 = VECTOR('',#8017,1.);
#8017 = DIRECTION('',(-0.901412178596,-0.432961989415,0.));
#8018 = ORIENTED_EDGE('',*,*,#8019,.T.);
#8019 = EDGE_CURVE('',#8012,#8020,#8022,.T.);
#8020 = VERTEX_POINT('',#8021);
#8021 = CARTESIAN_POINT('',(14.859711677408,-10.24002419202,6.));
#8022 = B_SPLINE_CURVE_WITH_KNOTS('',3,(#8023,#8024,#8025,#8026),
  .UNSPECIFIED.,.F.,.F.,(4,4),(0.,1.),.PIECEWISE_BEZIER_KNOTS.);
#8023 = CARTESIAN_POINT('',(15.592955407897,-9.689908711055,6.));
#8024 = CARTESIAN_POINT('',(15.504553230104,-9.738335231789,6.));
#8025 = CARTESIAN_POINT('',(15.244083150348,-9.89426595412,6.));
#8026 = CARTESIAN_POINT('',(14.859711677408,-10.24002419202,6.));
#8027 = ORIENTED_EDGE('',*,*,#8028,.T.);
#8028 = EDGE_CURVE('',#8020,#8029,#8031,.T.);
#8029 = VERTEX_POINT('',#8030);
#8030 = CARTESIAN_POINT('',(13.13268805504,-12.37718340352,6.));
#8031 = B_SPLINE_CURVE_WITH_KNOTS('',3,(#8032,#8033,#8034,#8035),
  .UNSPECIFIED.,.F.,.F.,(4,4),(0.,1.),.PIECEWISE_BEZIER_KNOTS.);
#8032 = CARTESIAN_POINT('',(14.859711677408,-10.24002419202,6.));
#8033 = CARTESIAN_POINT('',(14.400218166942,-10.65558131667,6.));
#8034 = CARTESIAN_POINT('',(13.781169417949,-11.33154063975,6.));
#8035 = CARTESIAN_POINT('',(13.13268805504,-12.37718340352,6.));
#8036 = ORIENTED_EDGE('',*,*,#8037,.T.);
#8037 = EDGE_CURVE('',#8029,#8038,#8040,.T.);
#8038 = VERTEX_POINT('',#8039);
#8039 = CARTESIAN_POINT('',(13.84959624408,-13.61468374402,6.));
#8040 = CIRCLE('',#8041,26.000000000019);
#8041 = AXIS2_PLACEMENT_3D('',#8042,#8043,#8044);
#8042 = CARTESIAN_POINT('',(35.980083248204,3.235054776915E-02,6.));
#8043 = DIRECTION('',(0.,0.,1.));
#8044 = DIRECTION('',(-0.878745968967,-0.477289767357,0.));
#8045 = ORIENTED_EDGE('',*,*,#8046,.T.);
#8046 = EDGE_CURVE('',#8038,#8047,#8049,.T.);
#8047 = VERTEX_POINT('',#8048);
#8048 = CARTESIAN_POINT('',(16.561734753045,-13.18801463468,6.));
#8049 = B_SPLINE_CURVE_WITH_KNOTS('',3,(#8050,#8051,#8052,#8053),
  .UNSPECIFIED.,.F.,.F.,(4,4),(0.,1.),.PIECEWISE_BEZIER_KNOTS.);
#8050 = CARTESIAN_POINT('',(13.84959624408,-13.61468374402,6.));
#8051 = CARTESIAN_POINT('',(15.077182650931,-13.57630140656,6.));
#8052 = CARTESIAN_POINT('',(15.972104971138,-13.37816912529,6.));
#8053 = CARTESIAN_POINT('',(16.561734753045,-13.18801463468,6.));
#8054 = ORIENTED_EDGE('',*,*,#8055,.T.);
#8055 = EDGE_CURVE('',#8047,#8056,#8058,.T.);
#8056 = VERTEX_POINT('',#8057);
#8057 = CARTESIAN_POINT('',(17.404770599823,-12.82806467739,6.));
#8058 = B_SPLINE_CURVE_WITH_KNOTS('',3,(#8059,#8060,#8061,#8062),
  .UNSPECIFIED.,.F.,.F.,(4,4),(0.,1.),.PIECEWISE_BEZIER_KNOTS.);
#8059 = CARTESIAN_POINT('',(16.561734753045,-13.18801463468,6.));
#8060 = CARTESIAN_POINT('',(17.053355907107,-13.02801829357,6.));
#8061 = CARTESIAN_POINT('',(17.318630913754,-12.88040994874,6.));
#8062 = CARTESIAN_POINT('',(17.404770599823,-12.82806467739,6.));
#8063 = ORIENTED_EDGE('',*,*,#8064,.T.);
#8064 = EDGE_CURVE('',#8056,#8065,#8067,.T.);
#8065 = VERTEX_POINT('',#8066);
#8066 = CARTESIAN_POINT('',(17.677857731336,-12.64146758437,6.));
#8067 = LINE('',#8068,#8069);
#8068 = CARTESIAN_POINT('',(17.404770599823,-12.82806467739,6.));
#8069 = VECTOR('',#8070,1.);
#8070 = DIRECTION('',(0.825662171005,0.564164851238,0.));
#8071 = ORIENTED_EDGE('',*,*,#8072,.T.);
#8072 = EDGE_CURVE('',#8065,#8073,#8075,.T.);
#8073 = VERTEX_POINT('',#8074);
#8074 = CARTESIAN_POINT('',(18.73034265552,-12.80659733122,6.));
#8075 = CIRCLE('',#8076,0.76);
#8076 = AXIS2_PLACEMENT_3D('',#8077,#8078,#8079);
#8077 = CARTESIAN_POINT('',(18.120078175204,-13.25956230124,6.));
#8078 = DIRECTION('',(0.,0.,-1.));
#8079 = DIRECTION('',(-0.581869005089,0.8132825222,0.));
#8080 = ORIENTED_EDGE('',*,*,#8081,.T.);
#8081 = EDGE_CURVE('',#8073,#8082,#8084,.T.);
#8082 = VERTEX_POINT('',#8083);
#8083 = CARTESIAN_POINT('',(19.160060667735,-13.36661674791,6.));
#8084 = CIRCLE('',#8085,21.500000000004);
#8085 = AXIS2_PLACEMENT_3D('',#8086,#8087,#8088);
#8086 = CARTESIAN_POINT('',(36.000000000003,2.470912363606E-12,6.));
#8087 = DIRECTION('',(0.,0.,1.));
#8088 = DIRECTION('',(-0.803239876487,-0.595655689825,0.));
#8089 = ORIENTED_EDGE('',*,*,#8090,.T.);
#8090 = EDGE_CURVE('',#8082,#8091,#8093,.T.);
#8091 = VERTEX_POINT('',#8092);
#8092 = CARTESIAN_POINT('',(19.047160611846,-14.42597784136,6.));
#8093 = CIRCLE('',#8094,0.76);
#8094 = AXIS2_PLACEMENT_3D('',#8095,#8096,#8097);
#8095 = CARTESIAN_POINT('',(18.564582034734,-13.83885100931,6.));
#8096 = DIRECTION('',(0.,0.,-1.));
#8097 = DIRECTION('',(0.783524517107,0.621360870261,0.));
#8098 = ORIENTED_EDGE('',*,*,#8099,.T.);
#8099 = EDGE_CURVE('',#8091,#8100,#8102,.T.);
#8100 = VERTEX_POINT('',#8101);
#8101 = CARTESIAN_POINT('',(18.796241509981,-14.64146487308,6.));
#8102 = LINE('',#8103,#8104);
#8103 = CARTESIAN_POINT('',(19.047160611846,-14.42597784136,6.));
#8104 = VECTOR('',#8105,1.);
#8105 = DIRECTION('',(-0.758638494772,-0.651511806685,0.));
#8106 = ORIENTED_EDGE('',*,*,#8107,.T.);
#8107 = EDGE_CURVE('',#8100,#8108,#8110,.T.);
#8108 = VERTEX_POINT('',#8109);
#8109 = CARTESIAN_POINT('',(18.230362817218,-15.36261306574,6.));
#8110 = B_SPLINE_CURVE_WITH_KNOTS('',3,(#8111,#8112,#8113,#8114),
  .UNSPECIFIED.,.F.,.F.,(4,4),(0.,1.),.PIECEWISE_BEZIER_KNOTS.);
#8111 = CARTESIAN_POINT('',(18.796241509981,-14.64146487308,6.));
#8112 = CARTESIAN_POINT('',(18.723385269205,-14.71112146737,6.));
#8113 = CARTESIAN_POINT('',(18.512148332848,-14.92915359651,6.));
#8114 = CARTESIAN_POINT('',(18.230362817218,-15.36261306574,6.));
#8115 = ORIENTED_EDGE('',*,*,#8116,.T.);
#8116 = EDGE_CURVE('',#8108,#8117,#8119,.T.);
#8117 = VERTEX_POINT('',#8118);
#8118 = CARTESIAN_POINT('',(17.115323604114,-17.87393694784,6.));
#8119 = B_SPLINE_CURVE_WITH_KNOTS('',3,(#8120,#8121,#8122,#8123),
  .UNSPECIFIED.,.F.,.F.,(4,4),(0.,1.),.PIECEWISE_BEZIER_KNOTS.);
#8120 = CARTESIAN_POINT('',(18.230362817218,-15.36261306574,6.));
#8121 = CARTESIAN_POINT('',(17.894080266634,-15.88293609635,6.));
#8122 = CARTESIAN_POINT('',(17.471076238777,-16.69608427012,6.));
#8123 = CARTESIAN_POINT('',(17.115323604114,-17.87393694784,6.));
#8124 = ORIENTED_EDGE('',*,*,#8125,.T.);
#8125 = EDGE_CURVE('',#8117,#8126,#8128,.T.);
#8126 = VERTEX_POINT('',#8127);
#8127 = CARTESIAN_POINT('',(18.128092395426,-18.88372099385,6.));
#8128 = CIRCLE('',#8129,26.000000000004);
#8129 = AXIS2_PLACEMENT_3D('',#8130,#8131,#8132);
#8130 = CARTESIAN_POINT('',(35.972388957171,2.609339489267E-02,6.));
#8131 = DIRECTION('',(0.,0.,1.));
#8132 = DIRECTION('',(-0.725271744348,-0.68846270549,0.));
#8133 = ORIENTED_EDGE('',*,*,#8134,.T.);
#8134 = EDGE_CURVE('',#8126,#8135,#8137,.T.);
#8135 = VERTEX_POINT('',#8136);
#8136 = CARTESIAN_POINT('',(20.637386934255,-17.76963718278,6.));
#8137 = B_SPLINE_CURVE_WITH_KNOTS('',3,(#8138,#8139,#8140,#8141),
  .UNSPECIFIED.,.F.,.F.,(4,4),(0.,1.),.PIECEWISE_BEZIER_KNOTS.);
#8138 = CARTESIAN_POINT('',(18.128092395427,-18.88372099385,6.));
#8139 = CARTESIAN_POINT('',(19.303915729876,-18.52892376122,6.));
#8140 = CARTESIAN_POINT('',(20.117063903644,-18.10591973336,6.));
#8141 = CARTESIAN_POINT('',(20.637386934255,-17.76963718278,6.));
#8142 = ORIENTED_EDGE('',*,*,#8143,.T.);
#8143 = EDGE_CURVE('',#8135,#8144,#8146,.T.);
#8144 = VERTEX_POINT('',#8145);
#8145 = CARTESIAN_POINT('',(21.358535126916,-17.20375849001,6.));
#8146 = B_SPLINE_CURVE_WITH_KNOTS('',3,(#8147,#8148,#8149,#8150),
  .UNSPECIFIED.,.F.,.F.,(4,4),(0.,1.),.PIECEWISE_BEZIER_KNOTS.);
#8147 = CARTESIAN_POINT('',(20.637386934255,-17.76963718278,6.));
#8148 = CARTESIAN_POINT('',(21.070846403489,-17.48785166715,6.));
#8149 = CARTESIAN_POINT('',(21.288878532621,-17.27661473079,6.));
#8150 = CARTESIAN_POINT('',(21.358535126916,-17.20375849001,6.));
#8151 = ORIENTED_EDGE('',*,*,#8152,.T.);
#8152 = EDGE_CURVE('',#8144,#8153,#8155,.T.);
#8153 = VERTEX_POINT('',#8154);
#8154 = CARTESIAN_POINT('',(21.574022158638,-16.95283938815,6.));
#8155 = LINE('',#8156,#8157);
#8156 = CARTESIAN_POINT('',(21.358535126916,-17.20375849001,6.));
#8157 = VECTOR('',#8158,1.);
#8158 = DIRECTION('',(0.651511806685,0.758638494772,0.));
#8159 = ORIENTED_EDGE('',*,*,#8160,.T.);
#8160 = EDGE_CURVE('',#8153,#8161,#8163,.T.);
#8161 = VERTEX_POINT('',#8162);
#8162 = CARTESIAN_POINT('',(22.633383252085,-16.83993933226,6.));
#8163 = CIRCLE('',#8164,0.76);
#8164 = AXIS2_PLACEMENT_3D('',#8165,#8166,#8167);
#8165 = CARTESIAN_POINT('',(22.161148990687,-17.43541796526,6.));
#8166 = DIRECTION('',(0.,0.,-1.));
#8167 = DIRECTION('',(-0.772535305327,0.634971811991,0.));
#8168 = ORIENTED_EDGE('',*,*,#8169,.T.);
#8169 = EDGE_CURVE('',#8161,#8170,#8172,.T.);
#8170 = VERTEX_POINT('',#8171);
#8171 = CARTESIAN_POINT('',(23.193402668771,-17.26965734448,6.));
#8172 = CIRCLE('',#8173,21.500000000008);
#8173 = AXIS2_PLACEMENT_3D('',#8174,#8175,#8176);
#8174 = CARTESIAN_POINT('',(36.000000000005,6.282974140959E-12,6.));
#8175 = DIRECTION('',(0.,0.,1.));
#8176 = DIRECTION('',(-0.621703104554,-0.783252992198,0.));
#8177 = ORIENTED_EDGE('',*,*,#8178,.T.);
#8178 = EDGE_CURVE('',#8170,#8179,#8181,.T.);
#8179 = VERTEX_POINT('',#8180);
#8180 = CARTESIAN_POINT('',(23.358532415623,-18.32214226866,6.));
#8181 = CIRCLE('',#8182,0.76);
#8182 = AXIS2_PLACEMENT_3D('',#8183,#8184,#8185);
#8183 = CARTESIAN_POINT('',(22.740437698751,-17.87992182479,6.));
#8184 = DIRECTION('',(0.,0.,-1.));
#8185 = DIRECTION('',(0.5960065395,0.802979579363,0.));
#8186 = ORIENTED_EDGE('',*,*,#8187,.T.);
#8187 = EDGE_CURVE('',#8179,#8188,#8190,.T.);
#8188 = VERTEX_POINT('',#8189);
#8189 = CARTESIAN_POINT('',(23.171935322604,-18.59522940017,6.));
#8190 = LINE('',#8191,#8192);
#8191 = CARTESIAN_POINT('',(23.358532415623,-18.32214226866,6.));
#8192 = VECTOR('',#8193,1.);
#8193 = DIRECTION('',(-0.564164851238,-0.825662171005,0.));
#8194 = ORIENTED_EDGE('',*,*,#8195,.T.);
#8195 = EDGE_CURVE('',#8188,#8196,#8198,.T.);
#8196 = VERTEX_POINT('',#8197);
#8197 = CARTESIAN_POINT('',(22.81198536532,-19.43826524695,6.));
#8198 = B_SPLINE_CURVE_WITH_KNOTS('',3,(#8199,#8200,#8201,#8202),
  .UNSPECIFIED.,.F.,.F.,(4,4),(0.,1.),.PIECEWISE_BEZIER_KNOTS.);
#8199 = CARTESIAN_POINT('',(23.171935322604,-18.59522940017,6.));
#8200 = CARTESIAN_POINT('',(23.119590051253,-18.68136908624,6.));
#8201 = CARTESIAN_POINT('',(22.971981706424,-18.94664409289,6.));
#8202 = CARTESIAN_POINT('',(22.81198536532,-19.43826524695,6.));
#8203 = ORIENTED_EDGE('',*,*,#8204,.T.);
#8204 = EDGE_CURVE('',#8196,#8205,#8207,.T.);
#8205 = VERTEX_POINT('',#8206);
#8206 = CARTESIAN_POINT('',(22.384918641165,-22.15261122723,6.));
#8207 = B_SPLINE_CURVE_WITH_KNOTS('',3,(#8208,#8209,#8210,#8211),
  .UNSPECIFIED.,.F.,.F.,(4,4),(0.,1.),.PIECEWISE_BEZIER_KNOTS.);
#8208 = CARTESIAN_POINT('',(22.81198536532,-19.43826524695,6.));
#8209 = CARTESIAN_POINT('',(22.621830874708,-20.02789502886,6.));
#8210 = CARTESIAN_POINT('',(22.423698593438,-20.92281734906,6.));
#8211 = CARTESIAN_POINT('',(22.384918641165,-22.15261122723,6.));
#8212 = ORIENTED_EDGE('',*,*,#8213,.T.);
#8213 = EDGE_CURVE('',#8205,#8214,#8216,.T.);
#8214 = VERTEX_POINT('',#8215);
#8215 = CARTESIAN_POINT('',(23.624529515301,-22.86586386477,6.));
#8216 = CIRCLE('',#8217,26.000000000009);
#8217 = AXIS2_PLACEMENT_3D('',#8218,#8219,#8220);
#8218 = CARTESIAN_POINT('',(35.966576313094,1.805802028726E-02,6.));
#8219 = DIRECTION('',(0.,0.,1.));
#8220 = DIRECTION('',(-0.52237144892,-0.852718047981,0.));
#8221 = ORIENTED_EDGE('',*,*,#8222,.T.);
#8222 = EDGE_CURVE('',#8214,#8223,#8225,.T.);
#8223 = VERTEX_POINT('',#8224);
#8224 = CARTESIAN_POINT('',(25.759975807977,-21.14028832259,6.));
#8225 = B_SPLINE_CURVE_WITH_KNOTS('',3,(#8226,#8227,#8228,#8229),
  .UNSPECIFIED.,.F.,.F.,(4,4),(0.,1.),.PIECEWISE_BEZIER_KNOTS.);
#8226 = CARTESIAN_POINT('',(23.624529515301,-22.86586386477,6.));
#8227 = CARTESIAN_POINT('',(24.668459360245,-22.21883058205,6.));
#8228 = CARTESIAN_POINT('',(25.344418683323,-21.59978183305,6.));
#8229 = CARTESIAN_POINT('',(25.759975807977,-21.14028832259,6.));
#8230 = ORIENTED_EDGE('',*,*,#8231,.T.);
#8231 = EDGE_CURVE('',#8223,#8232,#8234,.T.);
#8232 = VERTEX_POINT('',#8233);
#8233 = CARTESIAN_POINT('',(26.310091288945,-20.4070445921,6.));
#8234 = B_SPLINE_CURVE_WITH_KNOTS('',3,(#8235,#8236,#8237,#8238),
  .UNSPECIFIED.,.F.,.F.,(4,4),(0.,1.),.PIECEWISE_BEZIER_KNOTS.);
#8235 = CARTESIAN_POINT('',(25.759975807977,-21.14028832259,6.));
#8236 = CARTESIAN_POINT('',(26.10573404588,-20.75591684965,6.));
#8237 = CARTESIAN_POINT('',(26.261664768211,-20.49544676989,6.));
#8238 = CARTESIAN_POINT('',(26.310091288945,-20.4070445921,6.));
#8239 = ORIENTED_EDGE('',*,*,#8240,.T.);
#8240 = EDGE_CURVE('',#8232,#8241,#8243,.T.);
#8241 = VERTEX_POINT('',#8242);
#8242 = CARTESIAN_POINT('',(26.453293135773,-20.10890320352,6.));
#8243 = LINE('',#8244,#8245);
#8244 = CARTESIAN_POINT('',(26.310091288945,-20.4070445921,6.));
#8245 = VECTOR('',#8246,1.);
#8246 = DIRECTION('',(0.432961989415,0.901412178596,0.));
#8247 = ORIENTED_EDGE('',*,*,#8248,.T.);
#8248 = EDGE_CURVE('',#8241,#8249,#8251,.T.);
#8249 = VERTEX_POINT('',#8250);
#8250 = CARTESIAN_POINT('',(27.447336690642,-19.72566729712,6.));
#8251 = CIRCLE('',#8252,0.76);
#8252 = AXIS2_PLACEMENT_3D('',#8253,#8254,#8255);
#8253 = CARTESIAN_POINT('',(27.145314632671,-20.42307870834,6.));
#8254 = DIRECTION('',(0.,0.,-1.));
#8255 = DIRECTION('',(-0.910554601182,0.413388822135,0.));
#8256 = ORIENTED_EDGE('',*,*,#8257,.T.);
#8257 = EDGE_CURVE('',#8249,#8258,#8260,.T.);
#8258 = VERTEX_POINT('',#8259);
#8259 = CARTESIAN_POINT('',(28.099493114027,-19.99579933247,6.));
#8260 = CIRCLE('',#8261,21.499999999985);
#8261 = AXIS2_PLACEMENT_3D('',#8262,#8263,#8264);
#8262 = CARTESIAN_POINT('',(35.999999999994,-1.386091241784E-11,6.));
#8263 = DIRECTION('',(0.,0.,1.));
#8264 = DIRECTION('',(-0.397798293459,-0.917472897541,0.));
#8265 = ORIENTED_EDGE('',*,*,#8266,.T.);
#8266 = EDGE_CURVE('',#8258,#8267,#8269,.T.);
#8267 = VERTEX_POINT('',#8268);
#8268 = CARTESIAN_POINT('',(28.531399344263,-20.96968297912,6.));
#8269 = CIRCLE('',#8270,0.76);
#8270 = AXIS2_PLACEMENT_3D('',#8271,#8272,#8273);
#8271 = CARTESIAN_POINT('',(27.819910621136,-20.70250551588,6.));
#8272 = DIRECTION('',(0.,0.,-1.));
#8273 = DIRECTION('',(0.367871701172,0.929876557117,0.));
#8274 = ORIENTED_EDGE('',*,*,#8275,.T.);
#8275 = EDGE_CURVE('',#8267,#8276,#8278,.T.);
#8276 = VERTEX_POINT('',#8277);
#8277 = CARTESIAN_POINT('',(28.421840543613,-21.28175977371,6.));
#8278 = LINE('',#8279,#8280);
#8279 = CARTESIAN_POINT('',(28.531399344263,-20.96968297912,6.));
#8280 = VECTOR('',#8281,1.);
#8281 = DIRECTION('',(-0.331244305418,-0.943545022841,0.));
#8282 = ORIENTED_EDGE('',*,*,#8283,.T.);
#8283 = EDGE_CURVE('',#8276,#8284,#8286,.T.);
#8284 = VERTEX_POINT('',#8285);
#8285 = CARTESIAN_POINT('',(28.29234931655,-22.18923177483,6.));
#8286 = B_SPLINE_CURVE_WITH_KNOTS('',3,(#8287,#8288,#8289,#8290),
  .UNSPECIFIED.,.F.,.F.,(4,4),(0.,1.),.PIECEWISE_BEZIER_KNOTS.);
#8287 = CARTESIAN_POINT('',(28.421840543613,-21.28175977371,6.));
#8288 = CARTESIAN_POINT('',(28.393573485424,-21.3785122743,6.));
#8289 = CARTESIAN_POINT('',(28.319652996888,-21.67295210515,6.));
#8290 = CARTESIAN_POINT('',(28.29234931655,-22.18923177483,6.));
#8291 = ORIENTED_EDGE('',*,*,#8292,.T.);
#8292 = EDGE_CURVE('',#8284,#8293,#8295,.T.);
#8293 = VERTEX_POINT('',#8294);
#8294 = CARTESIAN_POINT('',(28.582358972834,-24.92162166041,6.));
#8295 = B_SPLINE_CURVE_WITH_KNOTS('',3,(#8296,#8297,#8298,#8299),
  .UNSPECIFIED.,.F.,.F.,(4,4),(0.,1.),.PIECEWISE_BEZIER_KNOTS.);
#8296 = CARTESIAN_POINT('',(28.29234931655,-22.18923177483,6.));
#8297 = CARTESIAN_POINT('',(28.261281600201,-22.80798601281,6.));
#8298 = CARTESIAN_POINT('',(28.301523453058,-23.72369500226,6.));
#8299 = CARTESIAN_POINT('',(28.582358972834,-24.92162166041,6.));
#8300 = ORIENTED_EDGE('',*,*,#8301,.T.);
#8301 = EDGE_CURVE('',#8293,#8302,#8304,.T.);
#8302 = VERTEX_POINT('',#8303);
#8303 = CARTESIAN_POINT('',(29.964334497276,-25.28973590093,6.));
#8304 = CIRCLE('',#8305,25.999999999983);
#8305 = AXIS2_PLACEMENT_3D('',#8306,#8307,#8308);
#8306 = CARTESIAN_POINT('',(35.963041438034,8.792021412791E-03,6.));
#8307 = DIRECTION('',(0.,0.,1.));
#8308 = DIRECTION('',(-0.283872402508,-0.958862064686,0.));
#8309 = ORIENTED_EDGE('',*,*,#8310,.T.);
#8310 = EDGE_CURVE('',#8302,#8311,#8313,.T.);
#8311 = VERTEX_POINT('',#8312);
#8312 = CARTESIAN_POINT('',(31.580405407945,-23.07026374919,6.));
#8313 = B_SPLINE_CURVE_WITH_KNOTS('',3,(#8314,#8315,#8316,#8317),
  .UNSPECIFIED.,.F.,.F.,(4,4),(0.,1.),.PIECEWISE_BEZIER_KNOTS.);
#8314 = CARTESIAN_POINT('',(29.964334497276,-25.28973590093,6.));
#8315 = CARTESIAN_POINT('',(30.805228758958,-24.39456081706,6.));
#8316 = CARTESIAN_POINT('',(31.297933720554,-23.62165449615,6.));
#8317 = CARTESIAN_POINT('',(31.580405407945,-23.07026374919,6.));
#8318 = ORIENTED_EDGE('',*,*,#8319,.T.);
#8319 = EDGE_CURVE('',#8311,#8320,#8322,.T.);
#8320 = VERTEX_POINT('',#8321);
#8321 = CARTESIAN_POINT('',(31.921998716301,-22.21962432947,6.));
#8322 = B_SPLINE_CURVE_WITH_KNOTS('',3,(#8323,#8324,#8325,#8326),
  .UNSPECIFIED.,.F.,.F.,(4,4),(0.,1.),.PIECEWISE_BEZIER_KNOTS.);
#8323 = CARTESIAN_POINT('',(31.580405407945,-23.07026374919,6.));
#8324 = CARTESIAN_POINT('',(31.814899561997,-22.60950059962,6.));
#8325 = CARTESIAN_POINT('',(31.898102456489,-22.31754798195,6.));
#8326 = CARTESIAN_POINT('',(31.921998716301,-22.21962432947,6.));
#8327 = ORIENTED_EDGE('',*,*,#8328,.T.);
#8328 = EDGE_CURVE('',#8320,#8329,#8331,.T.);
#8329 = VERTEX_POINT('',#8330);
#8330 = CARTESIAN_POINT('',(31.983156409026,-21.89457849709,6.));
#8331 = LINE('',#8332,#8333);
#8332 = CARTESIAN_POINT('',(31.921998716301,-22.21962432947,6.));
#8333 = VECTOR('',#8334,1.);
#8334 = DIRECTION('',(0.184906528069,0.982756112104,0.));
#8335 = ORIENTED_EDGE('',*,*,#8336,.T.);
#8336 = EDGE_CURVE('',#8329,#8337,#8339,.T.);
#8337 = VERTEX_POINT('',#8338);
#8338 = CARTESIAN_POINT('',(32.844139999788,-21.26712363388,6.));
#8339 = CIRCLE('',#8340,0.76);
#8340 = AXIS2_PLACEMENT_3D('',#8341,#8342,#8343);
#8341 = CARTESIAN_POINT('',(32.73291244938,-22.01894038817,6.));
#8342 = DIRECTION('',(0.,0.,-1.));
#8343 = DIRECTION('',(-0.986521105729,0.163634067207,0.));
#8344 = ORIENTED_EDGE('',*,*,#8345,.T.);
#8345 = EDGE_CURVE('',#8337,#8346,#8348,.T.);
#8346 = VERTEX_POINT('',#8347);
#8347 = CARTESIAN_POINT('',(33.543990047358,-21.35926064058,6.));
#8348 = CIRCLE('',#8349,21.499999999978);
#8349 = AXIS2_PLACEMENT_3D('',#8350,#8351,#8352);
#8350 = CARTESIAN_POINT('',(35.999999999997,-2.134648013907E-11,6.));
#8351 = DIRECTION('',(0.,0.,1.));
#8352 = DIRECTION('',(-0.146784186056,-0.989168541111,0.));
#8353 = ORIENTED_EDGE('',*,*,#8354,.T.);
#8354 = EDGE_CURVE('',#8346,#8355,#8357,.T.);
#8355 = VERTEX_POINT('',#8356);
#8356 = CARTESIAN_POINT('',(34.213239065144,-22.1881744486,6.));
#8357 = CIRCLE('',#8358,0.76);
#8358 = AXIS2_PLACEMENT_3D('',#8359,#8360,#8361);
#8359 = CARTESIAN_POINT('',(33.456843116454,-22.11424766857,6.));
#8360 = DIRECTION('',(0.,0.,-1.));
#8361 = DIRECTION('',(0.114667014347,0.993403984198,0.));
#8362 = ORIENTED_EDGE('',*,*,#8363,.T.);
#8363 = EDGE_CURVE('',#8355,#8364,#8366,.T.);
#8364 = VERTEX_POINT('',#8365);
#8365 = CARTESIAN_POINT('',(34.188184808074,-22.51797338845,6.));
#8366 = LINE('',#8367,#8368);
#8367 = CARTESIAN_POINT('',(34.213239065144,-22.1881744486,6.));
#8368 = VECTOR('',#8369,1.);
#8369 = DIRECTION('',(-7.575000759182E-02,-0.997126840653,0.));
#8370 = ORIENTED_EDGE('',*,*,#8371,.T.);
#8371 = EDGE_CURVE('',#8364,#8372,#8374,.T.);
#8372 = VERTEX_POINT('',#8373);
#8373 = CARTESIAN_POINT('',(34.297976924363,-23.4280388267,6.));
#8374 = B_SPLINE_CURVE_WITH_KNOTS('',3,(#8375,#8376,#8377,#8378),
  .UNSPECIFIED.,.F.,.F.,(4,4),(0.,1.),.PIECEWISE_BEZIER_KNOTS.);
#8375 = CARTESIAN_POINT('',(34.188184808074,-22.51797338845,6.));
#8376 = CARTESIAN_POINT('',(34.18592231635,-22.61874518053,6.));
#8377 = CARTESIAN_POINT('',(34.190727243241,-22.92228424769,6.));
#8378 = CARTESIAN_POINT('',(34.297976924363,-23.4280388267,6.));
#8379 = ORIENTED_EDGE('',*,*,#8380,.T.);
#8380 = EDGE_CURVE('',#8372,#8381,#8383,.T.);
#8381 = VERTEX_POINT('',#8382);
#8382 = CARTESIAN_POINT('',(35.285299282274,-25.99226476236,6.));
#8383 = B_SPLINE_CURVE_WITH_KNOTS('',3,(#8384,#8385,#8386,#8387),
  .UNSPECIFIED.,.F.,.F.,(4,4),(0.,1.),.PIECEWISE_BEZIER_KNOTS.);
#8384 = CARTESIAN_POINT('',(34.297976924363,-23.4280388267,6.));
#8385 = CARTESIAN_POINT('',(34.428113195804,-24.03375044196,6.));
#8386 = CARTESIAN_POINT('',(34.703986767018,-24.90784204631,6.));
#8387 = CARTESIAN_POINT('',(35.285299282274,-25.99226476236,6.));
#8388 = ORIENTED_EDGE('',*,*,#8389,.T.);
#8389 = EDGE_CURVE('',#8381,#8390,#8392,.T.);
#8390 = VERTEX_POINT('',#8391);
#8391 = CARTESIAN_POINT('',(36.715460108853,-25.99015422872,6.));
#8392 = CIRCLE('',#8393,25.999999999985);
#8393 = AXIS2_PLACEMENT_3D('',#8394,#8395,#8396);
#8394 = CARTESIAN_POINT('',(35.962025227908,-1.073139165859E-03,6.));
#8395 = DIRECTION('',(0.,0.,1.));
#8396 = DIRECTION('',(-2.602792098593E-02,-0.999661216277,0.));
#8397 = ORIENTED_EDGE('',*,*,#8398,.T.);
#8398 = EDGE_CURVE('',#8390,#8399,#8401,.T.);
#8399 = VERTEX_POINT('',#8400);
#8400 = CARTESIAN_POINT('',(37.702023075637,-23.4280388267,6.));
#8401 = B_SPLINE_CURVE_WITH_KNOTS('',3,(#8402,#8403,#8404,#8405),
  .UNSPECIFIED.,.F.,.F.,(4,4),(0.,1.),.PIECEWISE_BEZIER_KNOTS.);
#8402 = CARTESIAN_POINT('',(36.715460108853,-25.99015422872,6.));
#8403 = CARTESIAN_POINT('',(37.296013232982,-24.90784204631,6.));
#8404 = CARTESIAN_POINT('',(37.571886804196,-24.03375044196,6.));
#8405 = CARTESIAN_POINT('',(37.702023075637,-23.4280388267,6.));
#8406 = ORIENTED_EDGE('',*,*,#8407,.T.);
#8407 = EDGE_CURVE('',#8399,#8408,#8410,.T.);
#8408 = VERTEX_POINT('',#8409);
#8409 = CARTESIAN_POINT('',(37.811815191926,-22.51797338845,6.));
#8410 = B_SPLINE_CURVE_WITH_KNOTS('',3,(#8411,#8412,#8413,#8414),
  .UNSPECIFIED.,.F.,.F.,(4,4),(0.,1.),.PIECEWISE_BEZIER_KNOTS.);
#8411 = CARTESIAN_POINT('',(37.702023075637,-23.4280388267,6.));
#8412 = CARTESIAN_POINT('',(37.809272756759,-22.92228424769,6.));
#8413 = CARTESIAN_POINT('',(37.81407768365,-22.61874518053,6.));
#8414 = CARTESIAN_POINT('',(37.811815191926,-22.51797338845,6.));
#8415 = ORIENTED_EDGE('',*,*,#8416,.T.);
#8416 = EDGE_CURVE('',#8408,#8417,#8419,.T.);
#8417 = VERTEX_POINT('',#8418);
#8418 = CARTESIAN_POINT('',(37.786760934856,-22.1881744486,6.));
#8419 = LINE('',#8420,#8421);
#8420 = CARTESIAN_POINT('',(37.811815191926,-22.51797338845,6.));
#8421 = VECTOR('',#8422,1.);
#8422 = DIRECTION('',(-7.575000759186E-02,0.997126840653,0.));
#8423 = ORIENTED_EDGE('',*,*,#8424,.T.);
#8424 = EDGE_CURVE('',#8417,#8425,#8427,.T.);
#8425 = VERTEX_POINT('',#8426);
#8426 = CARTESIAN_POINT('',(38.456009952642,-21.35926064058,6.));
#8427 = CIRCLE('',#8428,0.76);
#8428 = AXIS2_PLACEMENT_3D('',#8429,#8430,#8431);
#8429 = CARTESIAN_POINT('',(38.543156883546,-22.11424766857,6.));
#8430 = DIRECTION('',(0.,0.,-1.));
#8431 = DIRECTION('',(-0.995257827224,-9.727207898203E-02,-0.));
#8432 = ORIENTED_EDGE('',*,*,#8433,.T.);
#8433 = EDGE_CURVE('',#8425,#8434,#8436,.T.);
#8434 = VERTEX_POINT('',#8435);
#8435 = CARTESIAN_POINT('',(39.155860000212,-21.26712363388,6.));
#8436 = CIRCLE('',#8437,21.499999999974);
#8437 = AXIS2_PLACEMENT_3D('',#8438,#8439,#8440);
#8438 = CARTESIAN_POINT('',(36.000000000003,-2.546940436332E-11,6.));
#8439 = DIRECTION('',(-0.,0.,1.));
#8440 = DIRECTION('',(0.114233021053,-0.993453983283,0.));
#8441 = ORIENTED_EDGE('',*,*,#8442,.T.);
#8442 = EDGE_CURVE('',#8434,#8443,#8445,.T.);
#8443 = VERTEX_POINT('',#8444);
#8444 = CARTESIAN_POINT('',(40.016843590974,-21.89457849709,6.));
#8445 = CIRCLE('',#8446,0.76);
#8446 = AXIS2_PLACEMENT_3D('',#8447,#8448,#8449);
#8447 = CARTESIAN_POINT('',(39.26708755062,-22.01894038817,6.));
#8448 = DIRECTION('',(0.,0.,-1.));
#8449 = DIRECTION('',(-0.14635204001,0.989232571433,0.));
#8450 = ORIENTED_EDGE('',*,*,#8451,.T.);
#8451 = EDGE_CURVE('',#8443,#8452,#8454,.T.);
#8452 = VERTEX_POINT('',#8453);
#8453 = CARTESIAN_POINT('',(40.078001283699,-22.21962432947,6.));
#8454 = LINE('',#8455,#8456);
#8455 = CARTESIAN_POINT('',(40.016843590974,-21.89457849709,6.));
#8456 = VECTOR('',#8457,1.);
#8457 = DIRECTION('',(0.184906528069,-0.982756112104,0.));
#8458 = ORIENTED_EDGE('',*,*,#8459,.T.);
#8459 = EDGE_CURVE('',#8452,#8460,#8462,.T.);
#8460 = VERTEX_POINT('',#8461);
#8461 = CARTESIAN_POINT('',(40.419594592055,-23.07026374919,6.));
#8462 = B_SPLINE_CURVE_WITH_KNOTS('',3,(#8463,#8464,#8465,#8466),
  .UNSPECIFIED.,.F.,.F.,(4,4),(0.,1.),.PIECEWISE_BEZIER_KNOTS.);
#8463 = CARTESIAN_POINT('',(40.078001283699,-22.21962432947,6.));
#8464 = CARTESIAN_POINT('',(40.101897543511,-22.31754798195,6.));
#8465 = CARTESIAN_POINT('',(40.185100438003,-22.60950059962,6.));
#8466 = CARTESIAN_POINT('',(40.419594592055,-23.07026374919,6.));
#8467 = ORIENTED_EDGE('',*,*,#8468,.T.);
#8468 = EDGE_CURVE('',#8460,#8469,#8471,.T.);
#8469 = VERTEX_POINT('',#8470);
#8470 = CARTESIAN_POINT('',(42.036945264528,-25.291577975,6.));
#8471 = B_SPLINE_CURVE_WITH_KNOTS('',3,(#8472,#8473,#8474,#8475),
  .UNSPECIFIED.,.F.,.F.,(4,4),(0.,1.),.PIECEWISE_BEZIER_KNOTS.);
#8472 = CARTESIAN_POINT('',(40.419594592055,-23.07026374919,6.));
#8473 = CARTESIAN_POINT('',(40.702066279446,-23.62165449615,6.));
#8474 = CARTESIAN_POINT('',(41.194771241042,-24.39456081706,6.));
#8475 = CARTESIAN_POINT('',(42.036945264528,-25.291577975,6.));
#8476 = ORIENTED_EDGE('',*,*,#8477,.T.);
#8477 = EDGE_CURVE('',#8469,#8478,#8480,.T.);
#8478 = VERTEX_POINT('',#8479);
#8479 = CARTESIAN_POINT('',(43.417828296365,-24.91938649657,6.));
#8480 = CIRCLE('',#8481,26.);
#8481 = AXIS2_PLACEMENT_3D('',#8482,#8483,#8484);
#8482 = CARTESIAN_POINT('',(35.963596935739,-1.086516707191E-02,6.));
#8483 = DIRECTION('',(-0.,0.,1.));
#8484 = DIRECTION('',(0.233590320338,-0.972335107997,0.));
#8485 = ORIENTED_EDGE('',*,*,#8486,.T.);
#8486 = EDGE_CURVE('',#8478,#8487,#8489,.T.);
#8487 = VERTEX_POINT('',#8488);
#8488 = CARTESIAN_POINT('',(43.70765068345,-22.18923177483,6.));
#8489 = B_SPLINE_CURVE_WITH_KNOTS('',3,(#8490,#8491,#8492,#8493),
  .UNSPECIFIED.,.F.,.F.,(4,4),(0.,1.),.PIECEWISE_BEZIER_KNOTS.);
#8490 = CARTESIAN_POINT('',(43.417828296365,-24.91938649657,6.));
#8491 = CARTESIAN_POINT('',(43.698476546942,-23.72369500226,6.));
#8492 = CARTESIAN_POINT('',(43.738718399799,-22.80798601281,6.));
#8493 = CARTESIAN_POINT('',(43.70765068345,-22.18923177483,6.));
#8494 = ORIENTED_EDGE('',*,*,#8495,.T.);
#8495 = EDGE_CURVE('',#8487,#8496,#8498,.T.);
#8496 = VERTEX_POINT('',#8497);
#8497 = CARTESIAN_POINT('',(43.578159456387,-21.28175977371,6.));
#8498 = B_SPLINE_CURVE_WITH_KNOTS('',3,(#8499,#8500,#8501,#8502),
  .UNSPECIFIED.,.F.,.F.,(4,4),(0.,1.),.PIECEWISE_BEZIER_KNOTS.);
#8499 = CARTESIAN_POINT('',(43.70765068345,-22.18923177483,6.));
#8500 = CARTESIAN_POINT('',(43.680347003112,-21.67295210515,6.));
#8501 = CARTESIAN_POINT('',(43.606426514576,-21.3785122743,6.));
#8502 = CARTESIAN_POINT('',(43.578159456387,-21.28175977371,6.));
#8503 = ORIENTED_EDGE('',*,*,#8504,.T.);
#8504 = EDGE_CURVE('',#8496,#8505,#8507,.T.);
#8505 = VERTEX_POINT('',#8506);
#8506 = CARTESIAN_POINT('',(43.468600655737,-20.96968297912,6.));
#8507 = LINE('',#8508,#8509);
#8508 = CARTESIAN_POINT('',(43.578159456387,-21.28175977371,6.));
#8509 = VECTOR('',#8510,1.);
#8510 = DIRECTION('',(-0.331244305418,0.943545022841,0.));
#8511 = ORIENTED_EDGE('',*,*,#8512,.T.);
#8512 = EDGE_CURVE('',#8505,#8513,#8515,.T.);
#8513 = VERTEX_POINT('',#8514);
#8514 = CARTESIAN_POINT('',(43.900506885973,-19.99579933247,6.));
#8515 = CIRCLE('',#8516,0.76);
#8516 = AXIS2_PLACEMENT_3D('',#8517,#8518,#8519);
#8517 = CARTESIAN_POINT('',(44.180089378864,-20.70250551588,6.));
#8518 = DIRECTION('',(0.,0.,-1.));
#8519 = DIRECTION('',(-0.936169372535,-0.351549293738,-0.));
#8520 = ORIENTED_EDGE('',*,*,#8521,.T.);
#8521 = EDGE_CURVE('',#8513,#8522,#8524,.T.);
#8522 = VERTEX_POINT('',#8523);
#8523 = CARTESIAN_POINT('',(44.552663309358,-19.72566729712,6.));
#8524 = CIRCLE('',#8525,21.499999999999);
#8525 = AXIS2_PLACEMENT_3D('',#8526,#8527,#8528);
#8526 = CARTESIAN_POINT('',(36.,-6.359357485053E-13,6.));
#8527 = DIRECTION('',(-0.,0.,1.));
#8528 = DIRECTION('',(0.367465436557,-0.930037178255,0.));
#8529 = ORIENTED_EDGE('',*,*,#8530,.T.);
#8530 = EDGE_CURVE('',#8522,#8531,#8533,.T.);
#8531 = VERTEX_POINT('',#8532);
#8532 = CARTESIAN_POINT('',(45.546706864227,-20.10890320352,6.));
#8533 = CIRCLE('',#8534,0.76);
#8534 = AXIS2_PLACEMENT_3D('',#8535,#8536,#8537);
#8535 = CARTESIAN_POINT('',(44.854685367329,-20.42307870834,6.));
#8536 = DIRECTION('',(0.,0.,-1.));
#8537 = DIRECTION('',(-0.397397444698,0.91764659371,0.));
#8538 = ORIENTED_EDGE('',*,*,#8539,.T.);
#8539 = EDGE_CURVE('',#8531,#8540,#8542,.T.);
#8540 = VERTEX_POINT('',#8541);
#8541 = CARTESIAN_POINT('',(45.689908711055,-20.4070445921,6.));
#8542 = LINE('',#8543,#8544);
#8543 = CARTESIAN_POINT('',(45.546706864227,-20.10890320352,6.));
#8544 = VECTOR('',#8545,1.);
#8545 = DIRECTION('',(0.432961989415,-0.901412178596,0.));
#8546 = ORIENTED_EDGE('',*,*,#8547,.T.);
#8547 = EDGE_CURVE('',#8540,#8548,#8550,.T.);
#8548 = VERTEX_POINT('',#8549);
#8549 = CARTESIAN_POINT('',(46.240024192023,-21.14028832259,6.));
#8550 = B_SPLINE_CURVE_WITH_KNOTS('',3,(#8551,#8552,#8553,#8554),
  .UNSPECIFIED.,.F.,.F.,(4,4),(0.,1.),.PIECEWISE_BEZIER_KNOTS.);
#8551 = CARTESIAN_POINT('',(45.689908711055,-20.4070445921,6.));
#8552 = CARTESIAN_POINT('',(45.738335231789,-20.49544676989,6.));
#8553 = CARTESIAN_POINT('',(45.89426595412,-20.75591684965,6.));
#8554 = CARTESIAN_POINT('',(46.240024192023,-21.14028832259,6.));
#8555 = ORIENTED_EDGE('',*,*,#8556,.T.);
#8556 = EDGE_CURVE('',#8548,#8557,#8559,.T.);
#8557 = VERTEX_POINT('',#8558);
#8558 = CARTESIAN_POINT('',(48.377183403528,-22.86731194496,6.));
#8559 = B_SPLINE_CURVE_WITH_KNOTS('',3,(#8560,#8561,#8562,#8563),
  .UNSPECIFIED.,.F.,.F.,(4,4),(0.,1.),.PIECEWISE_BEZIER_KNOTS.);
#8560 = CARTESIAN_POINT('',(46.240024192023,-21.14028832259,6.));
#8561 = CARTESIAN_POINT('',(46.655581316677,-21.59978183305,6.));
#8562 = CARTESIAN_POINT('',(47.331540639755,-22.21883058205,6.));
#8563 = CARTESIAN_POINT('',(48.377183403528,-22.86731194496,6.));
#8564 = ORIENTED_EDGE('',*,*,#8565,.T.);
#8565 = EDGE_CURVE('',#8557,#8566,#8568,.T.);
#8566 = VERTEX_POINT('',#8567);
#8567 = CARTESIAN_POINT('',(49.614683744021,-22.15040375592,6.));
#8568 = CIRCLE('',#8569,26.000000000011);
#8569 = AXIS2_PLACEMENT_3D('',#8570,#8571,#8572);
#8570 = CARTESIAN_POINT('',(35.967649452235,-1.991675180365E-02,6.));
#8571 = DIRECTION('',(-0.,0.,1.));
#8572 = DIRECTION('',(0.477289767357,-0.878745968967,0.));
#8573 = ORIENTED_EDGE('',*,*,#8574,.T.);
#8574 = EDGE_CURVE('',#8566,#8575,#8577,.T.);
#8575 = VERTEX_POINT('',#8576);
#8576 = CARTESIAN_POINT('',(49.18801463468,-19.43826524695,6.));
#8577 = B_SPLINE_CURVE_WITH_KNOTS('',3,(#8578,#8579,#8580,#8581),
  .UNSPECIFIED.,.F.,.F.,(4,4),(0.,1.),.PIECEWISE_BEZIER_KNOTS.);
#8578 = CARTESIAN_POINT('',(49.614683744021,-22.15040375592,6.));
#8579 = CARTESIAN_POINT('',(49.576301406562,-20.92281734906,6.));
#8580 = CARTESIAN_POINT('',(49.378169125292,-20.02789502886,6.));
#8581 = CARTESIAN_POINT('',(49.18801463468,-19.43826524695,6.));
#8582 = ORIENTED_EDGE('',*,*,#8583,.T.);
#8583 = EDGE_CURVE('',#8575,#8584,#8586,.T.);
#8584 = VERTEX_POINT('',#8585);
#8585 = CARTESIAN_POINT('',(48.828064677396,-18.59522940017,6.));
#8586 = B_SPLINE_CURVE_WITH_KNOTS('',3,(#8587,#8588,#8589,#8590),
  .UNSPECIFIED.,.F.,.F.,(4,4),(0.,1.),.PIECEWISE_BEZIER_KNOTS.);
#8587 = CARTESIAN_POINT('',(49.18801463468,-19.43826524695,6.));
#8588 = CARTESIAN_POINT('',(49.028018293576,-18.94664409289,6.));
#8589 = CARTESIAN_POINT('',(48.880409948747,-18.68136908624,6.));
#8590 = CARTESIAN_POINT('',(48.828064677396,-18.59522940017,6.));
#8591 = ORIENTED_EDGE('',*,*,#8592,.T.);
#8592 = EDGE_CURVE('',#8584,#8593,#8595,.T.);
#8593 = VERTEX_POINT('',#8594);
#8594 = CARTESIAN_POINT('',(48.641467584377,-18.32214226866,6.));
#8595 = LINE('',#8596,#8597);
#8596 = CARTESIAN_POINT('',(48.828064677396,-18.59522940017,6.));
#8597 = VECTOR('',#8598,1.);
#8598 = DIRECTION('',(-0.564164851238,0.825662171005,0.));
#8599 = ORIENTED_EDGE('',*,*,#8600,.T.);
#8600 = EDGE_CURVE('',#8593,#8601,#8603,.T.);
#8601 = VERTEX_POINT('',#8602);
#8602 = CARTESIAN_POINT('',(48.806597331229,-17.26965734448,6.));
#8603 = CIRCLE('',#8604,0.76);
#8604 = AXIS2_PLACEMENT_3D('',#8605,#8606,#8607);
#8605 = CARTESIAN_POINT('',(49.259562301249,-17.87992182479,6.));
#8606 = DIRECTION('',(0.,0.,-1.));
#8607 = DIRECTION('',(-0.8132825222,-0.581869005089,-0.));
#8608 = ORIENTED_EDGE('',*,*,#8609,.T.);
#8609 = EDGE_CURVE('',#8601,#8610,#8612,.T.);
#8610 = VERTEX_POINT('',#8611);
#8611 = CARTESIAN_POINT('',(49.366616747915,-16.83993933226,6.));
#8612 = CIRCLE('',#8613,21.500000000018);
#8613 = AXIS2_PLACEMENT_3D('',#8614,#8615,#8616);
#8614 = CARTESIAN_POINT('',(35.999999999989,1.427125084774E-11,6.));
#8615 = DIRECTION('',(-0.,0.,1.));
#8616 = DIRECTION('',(0.595655689825,-0.803239876487,0.));
#8617 = ORIENTED_EDGE('',*,*,#8618,.T.);
#8618 = EDGE_CURVE('',#8610,#8619,#8621,.T.);
#8619 = VERTEX_POINT('',#8620);
#8620 = CARTESIAN_POINT('',(50.425977841362,-16.95283938815,6.));
#8621 = CIRCLE('',#8622,0.76);
#8622 = AXIS2_PLACEMENT_3D('',#8623,#8624,#8625);
#8623 = CARTESIAN_POINT('',(49.838851009313,-17.43541796526,6.));
#8624 = DIRECTION('',(0.,0.,-1.));
#8625 = DIRECTION('',(-0.621360870261,0.783524517107,0.));
#8626 = ORIENTED_EDGE('',*,*,#8627,.T.);
#8627 = EDGE_CURVE('',#8619,#8628,#8630,.T.);
#8628 = VERTEX_POINT('',#8629);
#8629 = CARTESIAN_POINT('',(50.641464873084,-17.20375849001,6.));
#8630 = LINE('',#8631,#8632);
#8631 = CARTESIAN_POINT('',(50.425977841362,-16.95283938815,6.));
#8632 = VECTOR('',#8633,1.);
#8633 = DIRECTION('',(0.651511806685,-0.758638494772,0.));
#8634 = ORIENTED_EDGE('',*,*,#8635,.T.);
#8635 = EDGE_CURVE('',#8628,#8636,#8638,.T.);
#8636 = VERTEX_POINT('',#8637);
#8637 = CARTESIAN_POINT('',(51.362613065745,-17.76963718278,6.));
#8638 = B_SPLINE_CURVE_WITH_KNOTS('',3,(#8639,#8640,#8641,#8642),
  .UNSPECIFIED.,.F.,.F.,(4,4),(0.,1.),.PIECEWISE_BEZIER_KNOTS.);
#8639 = CARTESIAN_POINT('',(50.641464873084,-17.20375849001,6.));
#8640 = CARTESIAN_POINT('',(50.711121467379,-17.27661473079,6.));
#8641 = CARTESIAN_POINT('',(50.929153596511,-17.48785166715,6.));
#8642 = CARTESIAN_POINT('',(51.362613065745,-17.76963718278,6.));
#8643 = ORIENTED_EDGE('',*,*,#8644,.T.);
#8644 = EDGE_CURVE('',#8636,#8645,#8647,.T.);
#8645 = VERTEX_POINT('',#8646);
#8646 = CARTESIAN_POINT('',(53.87393694784,-18.88467639588,6.));
#8647 = B_SPLINE_CURVE_WITH_KNOTS('',3,(#8648,#8649,#8650,#8651),
  .UNSPECIFIED.,.F.,.F.,(4,4),(0.,1.),.PIECEWISE_BEZIER_KNOTS.);
#8648 = CARTESIAN_POINT('',(51.362613065745,-17.76963718278,6.));
#8649 = CARTESIAN_POINT('',(51.882936096356,-18.10591973336,6.));
#8650 = CARTESIAN_POINT('',(52.696084270124,-18.52892376122,6.));
#8651 = CARTESIAN_POINT('',(53.87393694784,-18.88467639588,6.));
#8652 = ORIENTED_EDGE('',*,*,#8653,.T.);
#8653 = EDGE_CURVE('',#8645,#8654,#8656,.T.);
#8654 = VERTEX_POINT('',#8655);
#8655 = CARTESIAN_POINT('',(54.88372099385,-17.87190760457,6.));
#8656 = CIRCLE('',#8657,25.999999999993);
#8657 = AXIS2_PLACEMENT_3D('',#8658,#8659,#8660);
#8658 = CARTESIAN_POINT('',(35.973906605115,-2.761104283628E-02,6.));
#8659 = DIRECTION('',(-0.,0.,1.));
#8660 = DIRECTION('',(0.68846270549,-0.725271744348,0.));
#8661 = ORIENTED_EDGE('',*,*,#8662,.T.);
#8662 = EDGE_CURVE('',#8654,#8663,#8665,.T.);
#8663 = VERTEX_POINT('',#8664);
#8664 = CARTESIAN_POINT('',(53.769637182782,-15.36261306574,6.));
#8665 = B_SPLINE_CURVE_WITH_KNOTS('',3,(#8666,#8667,#8668,#8669),
  .UNSPECIFIED.,.F.,.F.,(4,4),(0.,1.),.PIECEWISE_BEZIER_KNOTS.);
#8666 = CARTESIAN_POINT('',(54.88372099385,-17.87190760457,6.));
#8667 = CARTESIAN_POINT('',(54.528923761223,-16.69608427012,6.));
#8668 = CARTESIAN_POINT('',(54.105919733366,-15.88293609635,6.));
#8669 = CARTESIAN_POINT('',(53.769637182782,-15.36261306574,6.));
#8670 = ORIENTED_EDGE('',*,*,#8671,.T.);
#8671 = EDGE_CURVE('',#8663,#8672,#8674,.T.);
#8672 = VERTEX_POINT('',#8673);
#8673 = CARTESIAN_POINT('',(53.203758490019,-14.64146487308,6.));
#8674 = B_SPLINE_CURVE_WITH_KNOTS('',3,(#8675,#8676,#8677,#8678),
  .UNSPECIFIED.,.F.,.F.,(4,4),(0.,1.),.PIECEWISE_BEZIER_KNOTS.);
#8675 = CARTESIAN_POINT('',(53.769637182782,-15.36261306574,6.));
#8676 = CARTESIAN_POINT('',(53.487851667152,-14.92915359651,6.));
#8677 = CARTESIAN_POINT('',(53.276614730795,-14.71112146737,6.));
#8678 = CARTESIAN_POINT('',(53.203758490019,-14.64146487308,6.));
#8679 = ORIENTED_EDGE('',*,*,#8680,.T.);
#8680 = EDGE_CURVE('',#8672,#8681,#8683,.T.);
#8681 = VERTEX_POINT('',#8682);
#8682 = CARTESIAN_POINT('',(52.952839388154,-14.42597784136,6.));
#8683 = LINE('',#8684,#8685);
#8684 = CARTESIAN_POINT('',(53.203758490019,-14.64146487308,6.));
#8685 = VECTOR('',#8686,1.);
#8686 = DIRECTION('',(-0.758638494772,0.651511806685,0.));
#8687 = ORIENTED_EDGE('',*,*,#8688,.T.);
#8688 = EDGE_CURVE('',#8681,#8689,#8691,.T.);
#8689 = VERTEX_POINT('',#8690);
#8690 = CARTESIAN_POINT('',(52.839939332265,-13.36661674791,6.));
#8691 = CIRCLE('',#8692,0.76);
#8692 = AXIS2_PLACEMENT_3D('',#8693,#8694,#8695);
#8693 = CARTESIAN_POINT('',(53.435417965266,-13.83885100931,6.));
#8694 = DIRECTION('',(0.,0.,-1.));
#8695 = DIRECTION('',(-0.634971811991,-0.772535305327,-0.));
#8696 = ORIENTED_EDGE('',*,*,#8697,.T.);
#8697 = EDGE_CURVE('',#8689,#8698,#8700,.T.);
#8698 = VERTEX_POINT('',#8699);
#8699 = CARTESIAN_POINT('',(53.26965734448,-12.80659733122,6.));
#8700 = CIRCLE('',#8701,21.49999999998);
#8701 = AXIS2_PLACEMENT_3D('',#8702,#8703,#8704);
#8702 = CARTESIAN_POINT('',(36.000000000016,-1.180744391149E-11,6.));
#8703 = DIRECTION('',(-0.,0.,1.));
#8704 = DIRECTION('',(0.783252992198,-0.621703104554,0.));
#8705 = ORIENTED_EDGE('',*,*,#8706,.T.);
#8706 = EDGE_CURVE('',#8698,#8707,#8709,.T.);
#8707 = VERTEX_POINT('',#8708);
#8708 = CARTESIAN_POINT('',(54.322142268664,-12.64146758437,6.));
#8709 = CIRCLE('',#8710,0.76);
#8710 = AXIS2_PLACEMENT_3D('',#8711,#8712,#8713);
#8711 = CARTESIAN_POINT('',(53.879921824796,-13.25956230124,6.));
#8712 = DIRECTION('',(0.,0.,-1.));
#8713 = DIRECTION('',(-0.802979579363,0.5960065395,0.));
#8714 = ORIENTED_EDGE('',*,*,#8715,.T.);
#8715 = EDGE_CURVE('',#8707,#8716,#8718,.T.);
#8716 = VERTEX_POINT('',#8717);
#8717 = CARTESIAN_POINT('',(54.595229400177,-12.82806467739,6.));
#8718 = LINE('',#8719,#8720);
#8719 = CARTESIAN_POINT('',(54.322142268664,-12.64146758437,6.));
#8720 = VECTOR('',#8721,1.);
#8721 = DIRECTION('',(0.825662171005,-0.564164851238,0.));
#8722 = ORIENTED_EDGE('',*,*,#8723,.T.);
#8723 = EDGE_CURVE('',#8716,#8724,#8726,.T.);
#8724 = VERTEX_POINT('',#8725);
#8725 = CARTESIAN_POINT('',(55.438265246955,-13.18801463468,6.));
#8726 = B_SPLINE_CURVE_WITH_KNOTS('',3,(#8727,#8728,#8729,#8730),
  .UNSPECIFIED.,.F.,.F.,(4,4),(0.,1.),.PIECEWISE_BEZIER_KNOTS.);
#8727 = CARTESIAN_POINT('',(54.595229400177,-12.82806467739,6.));
#8728 = CARTESIAN_POINT('',(54.681369086246,-12.88040994874,6.));
#8729 = CARTESIAN_POINT('',(54.946644092893,-13.02801829357,6.));
#8730 = CARTESIAN_POINT('',(55.438265246955,-13.18801463468,6.));
#8731 = ORIENTED_EDGE('',*,*,#8732,.T.);
#8732 = EDGE_CURVE('',#8724,#8733,#8735,.T.);
#8733 = VERTEX_POINT('',#8734);
#8734 = CARTESIAN_POINT('',(58.152611227234,-13.61508135883,6.));
#8735 = B_SPLINE_CURVE_WITH_KNOTS('',3,(#8736,#8737,#8738,#8739),
  .UNSPECIFIED.,.F.,.F.,(4,4),(0.,1.),.PIECEWISE_BEZIER_KNOTS.);
#8736 = CARTESIAN_POINT('',(55.438265246955,-13.18801463468,6.));
#8737 = CARTESIAN_POINT('',(56.027895028862,-13.37816912529,6.));
#8738 = CARTESIAN_POINT('',(56.922817349069,-13.57630140656,6.));
#8739 = CARTESIAN_POINT('',(58.152611227234,-13.61508135883,6.));
#8740 = ORIENTED_EDGE('',*,*,#8741,.T.);
#8741 = EDGE_CURVE('',#8733,#8742,#8744,.T.);
#8742 = VERTEX_POINT('',#8743);
#8743 = CARTESIAN_POINT('',(58.865863864773,-12.37547048469,6.));
#8744 = CIRCLE('',#8745,26.000000000009);
#8745 = AXIS2_PLACEMENT_3D('',#8746,#8747,#8748);
#8746 = CARTESIAN_POINT('',(35.981941979713,-3.342368690605E-02,6.));
#8747 = DIRECTION('',(-0.,0.,1.));
#8748 = DIRECTION('',(0.852718047981,-0.52237144892,0.));
#8749 = ORIENTED_EDGE('',*,*,#8750,.T.);
#8750 = EDGE_CURVE('',#8742,#8751,#8753,.T.);
#8751 = VERTEX_POINT('',#8752);
#8752 = CARTESIAN_POINT('',(57.140288322592,-10.24002419202,6.));
#8753 = B_SPLINE_CURVE_WITH_KNOTS('',3,(#8754,#8755,#8756,#8757),
  .UNSPECIFIED.,.F.,.F.,(4,4),(0.,1.),.PIECEWISE_BEZIER_KNOTS.);
#8754 = CARTESIAN_POINT('',(58.865863864773,-12.37547048469,6.));
#8755 = CARTESIAN_POINT('',(58.218830582051,-11.33154063975,6.));
#8756 = CARTESIAN_POINT('',(57.599781833058,-10.65558131667,6.));
#8757 = CARTESIAN_POINT('',(57.140288322592,-10.24002419202,6.));
#8758 = ORIENTED_EDGE('',*,*,#8759,.T.);
#8759 = EDGE_CURVE('',#8751,#8760,#8762,.T.);
#8760 = VERTEX_POINT('',#8761);
#8761 = CARTESIAN_POINT('',(56.407044592103,-9.689908711055,6.));
#8762 = B_SPLINE_CURVE_WITH_KNOTS('',3,(#8763,#8764,#8765,#8766),
  .UNSPECIFIED.,.F.,.F.,(4,4),(0.,1.),.PIECEWISE_BEZIER_KNOTS.);
#8763 = CARTESIAN_POINT('',(57.140288322592,-10.24002419202,6.));
#8764 = CARTESIAN_POINT('',(56.755916849652,-9.89426595412,6.));
#8765 = CARTESIAN_POINT('',(56.495446769896,-9.738335231789,6.));
#8766 = CARTESIAN_POINT('',(56.407044592103,-9.689908711055,6.));
#8767 = ORIENTED_EDGE('',*,*,#8768,.T.);
#8768 = EDGE_CURVE('',#8760,#8769,#8771,.T.);
#8769 = VERTEX_POINT('',#8770);
#8770 = CARTESIAN_POINT('',(56.10890320352,-9.546706864227,6.));
#8771 = LINE('',#8772,#8773);
#8772 = CARTESIAN_POINT('',(56.407044592103,-9.689908711055,6.));
#8773 = VECTOR('',#8774,1.);
#8774 = DIRECTION('',(-0.901412178596,0.432961989415,0.));
#8775 = ORIENTED_EDGE('',*,*,#8776,.T.);
#8776 = EDGE_CURVE('',#8769,#8777,#8779,.T.);
#8777 = VERTEX_POINT('',#8778);
#8778 = CARTESIAN_POINT('',(55.725667297122,-8.552663309358,6.));
#8779 = CIRCLE('',#8780,0.76);
#8780 = AXIS2_PLACEMENT_3D('',#8781,#8782,#8783);
#8781 = CARTESIAN_POINT('',(56.423078708342,-8.854685367329,6.));
#8782 = DIRECTION('',(0.,0.,-1.));
#8783 = DIRECTION('',(-0.413388822135,-0.910554601182,-0.));
#8784 = ORIENTED_EDGE('',*,*,#8785,.T.);
#8785 = EDGE_CURVE('',#8777,#8786,#8788,.T.);
#8786 = VERTEX_POINT('',#8787);
#8787 = CARTESIAN_POINT('',(55.995799332477,-7.900506885973,6.));
#8788 = CIRCLE('',#8789,21.499999999985);
#8789 = AXIS2_PLACEMENT_3D('',#8790,#8791,#8792);
#8790 = CARTESIAN_POINT('',(36.000000000014,-5.68611824292E-12,6.));
#8791 = DIRECTION('',(-0.,0.,1.));
#8792 = DIRECTION('',(0.917472897541,-0.397798293459,0.));
#8793 = ORIENTED_EDGE('',*,*,#8794,.T.);
#8794 = EDGE_CURVE('',#8786,#8795,#8797,.T.);
#8795 = VERTEX_POINT('',#8796);
#8796 = CARTESIAN_POINT('',(56.969682979128,-7.468600655737,6.));
#8797 = CIRCLE('',#8798,0.76);
#8798 = AXIS2_PLACEMENT_3D('',#8799,#8800,#8801);
#8799 = CARTESIAN_POINT('',(56.702505515887,-8.180089378864,6.));
#8800 = DIRECTION('',(0.,0.,-1.));
#8801 = DIRECTION('',(-0.929876557117,0.367871701172,0.));
#8802 = ORIENTED_EDGE('',*,*,#8803,.T.);
#8803 = EDGE_CURVE('',#8795,#8804,#8806,.T.);
#8804 = VERTEX_POINT('',#8805);
#8805 = CARTESIAN_POINT('',(57.281759773718,-7.578159456387,6.));
#8806 = LINE('',#8807,#8808);
#8807 = CARTESIAN_POINT('',(56.969682979128,-7.468600655737,6.));
#8808 = VECTOR('',#8809,1.);
#8809 = DIRECTION('',(0.943545022841,-0.331244305418,0.));
#8810 = ORIENTED_EDGE('',*,*,#8811,.T.);
#8811 = EDGE_CURVE('',#8804,#8812,#8814,.T.);
#8812 = VERTEX_POINT('',#8813);
#8813 = CARTESIAN_POINT('',(58.189231774837,-7.70765068345,6.));
#8814 = B_SPLINE_CURVE_WITH_KNOTS('',3,(#8815,#8816,#8817,#8818),
  .UNSPECIFIED.,.F.,.F.,(4,4),(0.,1.),.PIECEWISE_BEZIER_KNOTS.);
#8815 = CARTESIAN_POINT('',(57.281759773718,-7.578159456387,6.));
#8816 = CARTESIAN_POINT('',(57.378512274307,-7.606426514576,6.));
#8817 = CARTESIAN_POINT('',(57.672952105155,-7.680347003112,6.));
#8818 = CARTESIAN_POINT('',(58.189231774837,-7.70765068345,6.));
#8819 = ORIENTED_EDGE('',*,*,#8820,.T.);
#8820 = EDGE_CURVE('',#8812,#8821,#8823,.T.);
#8821 = VERTEX_POINT('',#8822);
#8822 = CARTESIAN_POINT('',(60.921621660414,-7.417641027166,6.));
#8823 = B_SPLINE_CURVE_WITH_KNOTS('',3,(#8824,#8825,#8826,#8827),
  .UNSPECIFIED.,.F.,.F.,(4,4),(0.,1.),.PIECEWISE_BEZIER_KNOTS.);
#8824 = CARTESIAN_POINT('',(58.189231774837,-7.70765068345,6.));
#8825 = CARTESIAN_POINT('',(58.807986012812,-7.738718399799,6.));
#8826 = CARTESIAN_POINT('',(59.723695002265,-7.698476546942,6.));
#8827 = CARTESIAN_POINT('',(60.921621660414,-7.417641027166,6.));
#8828 = ORIENTED_EDGE('',*,*,#8829,.T.);
#8829 = EDGE_CURVE('',#8821,#8830,#8832,.T.);
#8830 = VERTEX_POINT('',#8831);
#8831 = CARTESIAN_POINT('',(61.289735900939,-6.035665502724,6.));
#8832 = CIRCLE('',#8833,26.00000000001);
#8833 = AXIS2_PLACEMENT_3D('',#8834,#8835,#8836);
#8834 = CARTESIAN_POINT('',(35.991207978561,-3.695856195939E-02,6.));
#8835 = DIRECTION('',(-0.,0.,1.));
#8836 = DIRECTION('',(0.958862064686,-0.283872402508,0.));
#8837 = ORIENTED_EDGE('',*,*,#8838,.T.);
#8838 = EDGE_CURVE('',#8830,#8839,#8841,.T.);
#8839 = VERTEX_POINT('',#8840);
#8840 = CARTESIAN_POINT('',(59.070263749195,-4.419594592055,6.));
#8841 = B_SPLINE_CURVE_WITH_KNOTS('',3,(#8842,#8843,#8844,#8845),
  .UNSPECIFIED.,.F.,.F.,(4,4),(0.,1.),.PIECEWISE_BEZIER_KNOTS.);
#8842 = CARTESIAN_POINT('',(61.289735900939,-6.035665502724,6.));
#8843 = CARTESIAN_POINT('',(60.394560817067,-5.194771241042,6.));
#8844 = CARTESIAN_POINT('',(59.621654496155,-4.702066279446,6.));
#8845 = CARTESIAN_POINT('',(59.070263749195,-4.419594592055,6.));
#8846 = ORIENTED_EDGE('',*,*,#8847,.T.);
#8847 = EDGE_CURVE('',#8839,#8848,#8850,.T.);
#8848 = VERTEX_POINT('',#8849);
#8849 = CARTESIAN_POINT('',(58.219624329471,-4.078001283699,6.));
#8850 = B_SPLINE_CURVE_WITH_KNOTS('',3,(#8851,#8852,#8853,#8854),
  .UNSPECIFIED.,.F.,.F.,(4,4),(0.,1.),.PIECEWISE_BEZIER_KNOTS.);
#8851 = CARTESIAN_POINT('',(59.070263749195,-4.419594592055,6.));
#8852 = CARTESIAN_POINT('',(58.609500599623,-4.185100438003,6.));
#8853 = CARTESIAN_POINT('',(58.317547981955,-4.101897543511,6.));
#8854 = CARTESIAN_POINT('',(58.219624329471,-4.078001283699,6.));
#8855 = ORIENTED_EDGE('',*,*,#8856,.T.);
#8856 = EDGE_CURVE('',#8848,#8857,#8859,.T.);
#8857 = VERTEX_POINT('',#8858);
#8858 = CARTESIAN_POINT('',(57.894578497099,-4.016843590974,6.));
#8859 = LINE('',#8860,#8861);
#8860 = CARTESIAN_POINT('',(58.219624329471,-4.078001283699,6.));
#8861 = VECTOR('',#8862,1.);
#8862 = DIRECTION('',(-0.982756112104,0.184906528069,0.));
#8863 = ORIENTED_EDGE('',*,*,#8864,.T.);
#8864 = EDGE_CURVE('',#8857,#8865,#8867,.T.);
#8865 = VERTEX_POINT('',#8866);
#8866 = CARTESIAN_POINT('',(57.267123633888,-3.155860000212,6.));
#8867 = CIRCLE('',#8868,0.76);
#8868 = AXIS2_PLACEMENT_3D('',#8869,#8870,#8871);
#8869 = CARTESIAN_POINT('',(58.018940388177,-3.26708755062,6.));
#8870 = DIRECTION('',(0.,0.,-1.));
#8871 = DIRECTION('',(-0.163634067207,-0.986521105729,-0.));
#8872 = ORIENTED_EDGE('',*,*,#8873,.T.);
#8873 = EDGE_CURVE('',#8865,#4622,#8874,.T.);
#8874 = CIRCLE('',#8875,21.499999999997);
#8875 = AXIS2_PLACEMENT_3D('',#8876,#8877,#8878);
#8876 = CARTESIAN_POINT('',(36.000000000003,-3.770317391627E-13,6.));
#8877 = DIRECTION('',(-0.,0.,1.));
#8878 = DIRECTION('',(0.989168541111,-0.146784186056,0.));
#8879 = ORIENTED_EDGE('',*,*,#4629,.T.);
#8880 = FACE_BOUND('',#8881,.T.);
#8881 = EDGE_LOOP('',(#8882,#8892,#8900,#8908));
#8882 = ORIENTED_EDGE('',*,*,#8883,.F.);
#8883 = EDGE_CURVE('',#8884,#8886,#8888,.T.);
#8884 = VERTEX_POINT('',#8885);
#8885 = CARTESIAN_POINT('',(31.117580572189,-4.686687328522,6.));
#8886 = VERTEX_POINT('',#8887);
#8887 = CARTESIAN_POINT('',(29.617580572189,-7.284763539875,6.));
#8888 = LINE('',#8889,#8890);
#8889 = CARTESIAN_POINT('',(31.117580572189,-4.686687328522,6.));
#8890 = VECTOR('',#8891,1.);
#8891 = DIRECTION('',(-0.5,-0.866025403784,0.));
#8892 = ORIENTED_EDGE('',*,*,#8893,.T.);
#8893 = EDGE_CURVE('',#8884,#8894,#8896,.T.);
#8894 = VERTEX_POINT('',#8895);
#8895 = CARTESIAN_POINT('',(34.382419427811,-6.571642920676,6.));
#8896 = LINE('',#8897,#8898);
#8897 = CARTESIAN_POINT('',(31.117580572189,-4.686687328522,6.));
#8898 = VECTOR('',#8899,1.);
#8899 = DIRECTION('',(0.866025403784,-0.5,0.));
#8900 = ORIENTED_EDGE('',*,*,#8901,.T.);
#8901 = EDGE_CURVE('',#8894,#8902,#8904,.T.);
#8902 = VERTEX_POINT('',#8903);
#8903 = CARTESIAN_POINT('',(32.882419427811,-9.169719132029,6.));
#8904 = LINE('',#8905,#8906);
#8905 = CARTESIAN_POINT('',(34.382419427811,-6.571642920676,6.));
#8906 = VECTOR('',#8907,1.);
#8907 = DIRECTION('',(-0.5,-0.866025403784,0.));
#8908 = ORIENTED_EDGE('',*,*,#8909,.F.);
#8909 = EDGE_CURVE('',#8886,#8902,#8910,.T.);
#8910 = LINE('',#8911,#8912);
#8911 = CARTESIAN_POINT('',(29.617580572189,-7.284763539875,6.));
#8912 = VECTOR('',#8913,1.);
#8913 = DIRECTION('',(0.866025403784,-0.5,0.));
#8914 = FACE_BOUND('',#8915,.T.);
#8915 = EDGE_LOOP('',(#8916,#8926,#8934,#8942));
#8916 = ORIENTED_EDGE('',*,*,#8917,.F.);
#8917 = EDGE_CURVE('',#8918,#8920,#8922,.T.);
#8918 = VERTEX_POINT('',#8919);
#8919 = CARTESIAN_POINT('',(37.617580572189,-6.571642920676,6.));
#8920 = VERTEX_POINT('',#8921);
#8921 = CARTESIAN_POINT('',(39.117580572189,-9.169719132029,6.));
#8922 = LINE('',#8923,#8924);
#8923 = CARTESIAN_POINT('',(37.617580572189,-6.571642920676,6.));
#8924 = VECTOR('',#8925,1.);
#8925 = DIRECTION('',(0.5,-0.866025403784,0.));
#8926 = ORIENTED_EDGE('',*,*,#8927,.T.);
#8927 = EDGE_CURVE('',#8918,#8928,#8930,.T.);
#8928 = VERTEX_POINT('',#8929);
#8929 = CARTESIAN_POINT('',(40.882419427811,-4.686687328522,6.));
#8930 = LINE('',#8931,#8932);
#8931 = CARTESIAN_POINT('',(37.617580572189,-6.571642920676,6.));
#8932 = VECTOR('',#8933,1.);
#8933 = DIRECTION('',(0.866025403784,0.5,0.));
#8934 = ORIENTED_EDGE('',*,*,#8935,.T.);
#8935 = EDGE_CURVE('',#8928,#8936,#8938,.T.);
#8936 = VERTEX_POINT('',#8937);
#8937 = CARTESIAN_POINT('',(42.382419427811,-7.284763539875,6.));
#8938 = LINE('',#8939,#8940);
#8939 = CARTESIAN_POINT('',(40.882419427811,-4.686687328522,6.));
#8940 = VECTOR('',#8941,1.);
#8941 = DIRECTION('',(0.5,-0.866025403784,0.));
#8942 = ORIENTED_EDGE('',*,*,#8943,.F.);
#8943 = EDGE_CURVE('',#8920,#8936,#8944,.T.);
#8944 = LINE('',#8945,#8946);
#8945 = CARTESIAN_POINT('',(39.117580572189,-9.169719132029,6.));
#8946 = VECTOR('',#8947,1.);
#8947 = DIRECTION('',(0.866025403784,0.5,0.));
#8948 = FACE_BOUND('',#8949,.T.);
#8949 = EDGE_LOOP('',(#8950,#8960,#8968,#8976));
#8950 = ORIENTED_EDGE('',*,*,#8951,.F.);
#8951 = EDGE_CURVE('',#8952,#8954,#8956,.T.);
#8952 = VERTEX_POINT('',#8953);
#8953 = CARTESIAN_POINT('',(29.5,1.884955592154,6.));
#8954 = VERTEX_POINT('',#8955);
#8955 = CARTESIAN_POINT('',(26.5,1.884955592154,6.));
#8956 = LINE('',#8957,#8958);
#8957 = CARTESIAN_POINT('',(29.5,1.884955592154,6.));
#8958 = VECTOR('',#8959,1.);
#8959 = DIRECTION('',(-1.,1.224646799147E-16,0.));
#8960 = ORIENTED_EDGE('',*,*,#8961,.T.);
#8961 = EDGE_CURVE('',#8952,#8962,#8964,.T.);
#8962 = VERTEX_POINT('',#8963);
#8963 = CARTESIAN_POINT('',(29.5,-1.884955592154,6.));
#8964 = LINE('',#8965,#8966);
#8965 = CARTESIAN_POINT('',(29.5,1.884955592154,6.));
#8966 = VECTOR('',#8967,1.);
#8967 = DIRECTION('',(-1.224646799147E-16,-1.,0.));
#8968 = ORIENTED_EDGE('',*,*,#8969,.T.);
#8969 = EDGE_CURVE('',#8962,#8970,#8972,.T.);
#8970 = VERTEX_POINT('',#8971);
#8971 = CARTESIAN_POINT('',(26.5,-1.884955592154,6.));
#8972 = LINE('',#8973,#8974);
#8973 = CARTESIAN_POINT('',(29.5,-1.884955592154,6.));
#8974 = VECTOR('',#8975,1.);
#8975 = DIRECTION('',(-1.,1.224646799147E-16,0.));
#8976 = ORIENTED_EDGE('',*,*,#8977,.F.);
#8977 = EDGE_CURVE('',#8954,#8970,#8978,.T.);
#8978 = LINE('',#8979,#8980);
#8979 = CARTESIAN_POINT('',(26.5,1.884955592154,6.));
#8980 = VECTOR('',#8981,1.);
#8981 = DIRECTION('',(-1.224646799147E-16,-1.,0.));
#8982 = FACE_BOUND('',#8983,.T.);
#8983 = EDGE_LOOP('',(#8984,#8994,#9002,#9010));
#8984 = ORIENTED_EDGE('',*,*,#8985,.F.);
#8985 = EDGE_CURVE('',#8986,#8988,#8990,.T.);
#8986 = VERTEX_POINT('',#8987);
#8987 = CARTESIAN_POINT('',(34.382419427811,6.571642920676,6.));
#8988 = VERTEX_POINT('',#8989);
#8989 = CARTESIAN_POINT('',(32.882419427811,9.169719132029,6.));
#8990 = LINE('',#8991,#8992);
#8991 = CARTESIAN_POINT('',(34.382419427811,6.571642920676,6.));
#8992 = VECTOR('',#8993,1.);
#8993 = DIRECTION('',(-0.5,0.866025403784,0.));
#8994 = ORIENTED_EDGE('',*,*,#8995,.T.);
#8995 = EDGE_CURVE('',#8986,#8996,#8998,.T.);
#8996 = VERTEX_POINT('',#8997);
#8997 = CARTESIAN_POINT('',(31.117580572189,4.686687328522,6.));
#8998 = LINE('',#8999,#9000);
#8999 = CARTESIAN_POINT('',(34.382419427811,6.571642920676,6.));
#9000 = VECTOR('',#9001,1.);
#9001 = DIRECTION('',(-0.866025403784,-0.5,0.));
#9002 = ORIENTED_EDGE('',*,*,#9003,.T.);
#9003 = EDGE_CURVE('',#8996,#9004,#9006,.T.);
#9004 = VERTEX_POINT('',#9005);
#9005 = CARTESIAN_POINT('',(29.617580572189,7.284763539875,6.));
#9006 = LINE('',#9007,#9008);
#9007 = CARTESIAN_POINT('',(31.117580572189,4.686687328522,6.));
#9008 = VECTOR('',#9009,1.);
#9009 = DIRECTION('',(-0.5,0.866025403784,0.));
#9010 = ORIENTED_EDGE('',*,*,#9011,.F.);
#9011 = EDGE_CURVE('',#8988,#9004,#9012,.T.);
#9012 = LINE('',#9013,#9014);
#9013 = CARTESIAN_POINT('',(32.882419427811,9.169719132029,6.));
#9014 = VECTOR('',#9015,1.);
#9015 = DIRECTION('',(-0.866025403784,-0.5,0.));
#9016 = FACE_BOUND('',#9017,.T.);
#9017 = EDGE_LOOP('',(#9018));
#9018 = ORIENTED_EDGE('',*,*,#9019,.F.);
#9019 = EDGE_CURVE('',#9020,#9020,#9022,.T.);
#9020 = VERTEX_POINT('',#9021);
#9021 = CARTESIAN_POINT('',(41.3,-1.298125607096E-15,6.));
#9022 = CIRCLE('',#9023,5.3);
#9023 = AXIS2_PLACEMENT_3D('',#9024,#9025,#9026);
#9024 = CARTESIAN_POINT('',(36.,0.,6.));
#9025 = DIRECTION('',(0.,0.,1.));
#9026 = DIRECTION('',(1.,0.,-0.));
#9027 = FACE_BOUND('',#9028,.T.);
#9028 = EDGE_LOOP('',(#9029,#9039,#9047,#9055));
#9029 = ORIENTED_EDGE('',*,*,#9030,.F.);
#9030 = EDGE_CURVE('',#9031,#9033,#9035,.T.);
#9031 = VERTEX_POINT('',#9032);
#9032 = CARTESIAN_POINT('',(42.5,-1.884955592154,6.));
#9033 = VERTEX_POINT('',#9034);
#9034 = CARTESIAN_POINT('',(45.5,-1.884955592154,6.));
#9035 = LINE('',#9036,#9037);
#9036 = CARTESIAN_POINT('',(42.5,-1.884955592154,6.));
#9037 = VECTOR('',#9038,1.);
#9038 = DIRECTION('',(1.,0.,0.));
#9039 = ORIENTED_EDGE('',*,*,#9040,.T.);
#9040 = EDGE_CURVE('',#9031,#9041,#9043,.T.);
#9041 = VERTEX_POINT('',#9042);
#9042 = CARTESIAN_POINT('',(42.5,1.884955592154,6.));
#9043 = LINE('',#9044,#9045);
#9044 = CARTESIAN_POINT('',(42.5,-1.884955592154,6.));
#9045 = VECTOR('',#9046,1.);
#9046 = DIRECTION('',(0.,1.,0.));
#9047 = ORIENTED_EDGE('',*,*,#9048,.T.);
#9048 = EDGE_CURVE('',#9041,#9049,#9051,.T.);
#9049 = VERTEX_POINT('',#9050);
#9050 = CARTESIAN_POINT('',(45.5,1.884955592154,6.));
#9051 = LINE('',#9052,#9053);
#9052 = CARTESIAN_POINT('',(42.5,1.884955592154,6.));
#9053 = VECTOR('',#9054,1.);
#9054 = DIRECTION('',(1.,0.,0.));
#9055 = ORIENTED_EDGE('',*,*,#9056,.F.);
#9056 = EDGE_CURVE('',#9033,#9049,#9057,.T.);
#9057 = LINE('',#9058,#9059);
#9058 = CARTESIAN_POINT('',(45.5,-1.884955592154,6.));
#9059 = VECTOR('',#9060,1.);
#9060 = DIRECTION('',(0.,1.,0.));
#9061 = FACE_BOUND('',#9062,.T.);
#9062 = EDGE_LOOP('',(#9063,#9073,#9081,#9089));
#9063 = ORIENTED_EDGE('',*,*,#9064,.F.);
#9064 = EDGE_CURVE('',#9065,#9067,#9069,.T.);
#9065 = VERTEX_POINT('',#9066);
#9066 = CARTESIAN_POINT('',(40.882419427811,4.686687328522,6.));
#9067 = VERTEX_POINT('',#9068);
#9068 = CARTESIAN_POINT('',(42.382419427811,7.284763539875,6.));
#9069 = LINE('',#9070,#9071);
#9070 = CARTESIAN_POINT('',(40.882419427811,4.686687328522,6.));
#9071 = VECTOR('',#9072,1.);
#9072 = DIRECTION('',(0.5,0.866025403784,0.));
#9073 = ORIENTED_EDGE('',*,*,#9074,.T.);
#9074 = EDGE_CURVE('',#9065,#9075,#9077,.T.);
#9075 = VERTEX_POINT('',#9076);
#9076 = CARTESIAN_POINT('',(37.617580572189,6.571642920676,6.));
#9077 = LINE('',#9078,#9079);
#9078 = CARTESIAN_POINT('',(40.882419427811,4.686687328522,6.));
#9079 = VECTOR('',#9080,1.);
#9080 = DIRECTION('',(-0.866025403784,0.5,0.));
#9081 = ORIENTED_EDGE('',*,*,#9082,.T.);
#9082 = EDGE_CURVE('',#9075,#9083,#9085,.T.);
#9083 = VERTEX_POINT('',#9084);
#9084 = CARTESIAN_POINT('',(39.117580572189,9.169719132029,6.));
#9085 = LINE('',#9086,#9087);
#9086 = CARTESIAN_POINT('',(37.617580572189,6.571642920676,6.));
#9087 = VECTOR('',#9088,1.);
#9088 = DIRECTION('',(0.5,0.866025403784,0.));
#9089 = ORIENTED_EDGE('',*,*,#9090,.F.);
#9090 = EDGE_CURVE('',#9067,#9083,#9091,.T.);
#9091 = LINE('',#9092,#9093);
#9092 = CARTESIAN_POINT('',(42.382419427811,7.284763539875,6.));
#9093 = VECTOR('',#9094,1.);
#9094 = DIRECTION('',(-0.866025403784,0.5,0.));
#9095 = PLANE('',#9096);
#9096 = AXIS2_PLACEMENT_3D('',#9097,#9098,#9099);
#9097 = CARTESIAN_POINT('',(36.,1.384337576029E-15,6.));
#9098 = DIRECTION('',(0.,0.,1.));
#9099 = DIRECTION('',(1.,0.,0.));
#9100 = ADVANCED_FACE('',(#9101),#9112,.T.);
#9101 = FACE_BOUND('',#9102,.F.);
#9102 = EDGE_LOOP('',(#9103,#9109,#9110,#9111));
#9103 = ORIENTED_EDGE('',*,*,#9104,.T.);
#9104 = EDGE_CURVE('',#6759,#8865,#9105,.T.);
#9105 = LINE('',#9106,#9107);
#9106 = CARTESIAN_POINT('',(57.267123633888,-3.155860000212,0.));
#9107 = VECTOR('',#9108,1.);
#9108 = DIRECTION('',(0.,0.,1.));
#9109 = ORIENTED_EDGE('',*,*,#8873,.T.);
#9110 = ORIENTED_EDGE('',*,*,#4619,.F.);
#9111 = ORIENTED_EDGE('',*,*,#6767,.F.);
#9112 = CYLINDRICAL_SURFACE('',#9113,21.499999999997);
#9113 = AXIS2_PLACEMENT_3D('',#9114,#9115,#9116);
#9114 = CARTESIAN_POINT('',(36.000000000003,-3.770317391627E-13,0.));
#9115 = DIRECTION('',(0.,0.,-1.));
#9116 = DIRECTION('',(0.989168541111,-0.146784186056,0.));
#9117 = ADVANCED_FACE('',(#9118),#9129,.F.);
#9118 = FACE_BOUND('',#9119,.F.);
#9119 = EDGE_LOOP('',(#9120,#9121,#9122,#9128));
#9120 = ORIENTED_EDGE('',*,*,#4662,.T.);
#9121 = ORIENTED_EDGE('',*,*,#6796,.T.);
#9122 = ORIENTED_EDGE('',*,*,#9123,.F.);
#9123 = EDGE_CURVE('',#4691,#6797,#9124,.T.);
#9124 = LINE('',#9125,#9126);
#9125 = CARTESIAN_POINT('',(61.992264762363,-0.714700717726,0.));
#9126 = VECTOR('',#9127,1.);
#9127 = DIRECTION('',(0.,0.,1.));
#9128 = ORIENTED_EDGE('',*,*,#4690,.F.);
#9129 = SURFACE_OF_LINEAR_EXTRUSION('',#9130,#9135);
#9130 = B_SPLINE_CURVE_WITH_KNOTS('',3,(#9131,#9132,#9133,#9134),
  .UNSPECIFIED.,.F.,.F.,(4,4),(0.,1.),.PIECEWISE_BEZIER_KNOTS.);
#9131 = CARTESIAN_POINT('',(59.428038826704,-1.702023075637,0.));
#9132 = CARTESIAN_POINT('',(60.033750441968,-1.571886804196,0.));
#9133 = CARTESIAN_POINT('',(60.907842046316,-1.296013232982,0.));
#9134 = CARTESIAN_POINT('',(61.992264762363,-0.714700717726,0.));
#9135 = VECTOR('',#9136,1.);
#9136 = DIRECTION('',(-0.,-0.,-1.));
#9137 = ADVANCED_FACE('',(#9138),#9149,.F.);
#9138 = FACE_BOUND('',#9139,.F.);
#9139 = EDGE_LOOP('',(#9140,#9146,#9147,#9148));
#9140 = ORIENTED_EDGE('',*,*,#9141,.T.);
#9141 = EDGE_CURVE('',#6751,#8857,#9142,.T.);
#9142 = LINE('',#9143,#9144);
#9143 = CARTESIAN_POINT('',(57.894578497099,-4.016843590974,0.));
#9144 = VECTOR('',#9145,1.);
#9145 = DIRECTION('',(0.,0.,1.));
#9146 = ORIENTED_EDGE('',*,*,#8864,.T.);
#9147 = ORIENTED_EDGE('',*,*,#9104,.F.);
#9148 = ORIENTED_EDGE('',*,*,#6758,.F.);
#9149 = CYLINDRICAL_SURFACE('',#9150,0.76);
#9150 = AXIS2_PLACEMENT_3D('',#9151,#9152,#9153);
#9151 = CARTESIAN_POINT('',(58.018940388177,-3.26708755062,0.));
#9152 = DIRECTION('',(0.,0.,-1.));
#9153 = DIRECTION('',(-0.163634067207,-0.986521105729,-0.));
#9154 = ADVANCED_FACE('',(#9155),#9166,.T.);
#9155 = FACE_BOUND('',#9156,.F.);
#9156 = EDGE_LOOP('',(#9157,#9158,#9159,#9165));
#9157 = ORIENTED_EDGE('',*,*,#9123,.T.);
#9158 = ORIENTED_EDGE('',*,*,#6805,.T.);
#9159 = ORIENTED_EDGE('',*,*,#9160,.F.);
#9160 = EDGE_CURVE('',#4700,#6806,#9161,.T.);
#9161 = LINE('',#9162,#9163);
#9162 = CARTESIAN_POINT('',(61.99015422872,0.715460108853,0.));
#9163 = VECTOR('',#9164,1.);
#9164 = DIRECTION('',(0.,0.,1.));
#9165 = ORIENTED_EDGE('',*,*,#4699,.F.);
#9166 = CYLINDRICAL_SURFACE('',#9167,25.999999999985);
#9167 = AXIS2_PLACEMENT_3D('',#9168,#9169,#9170);
#9168 = CARTESIAN_POINT('',(36.001073139166,-3.797477209243E-02,0.));
#9169 = DIRECTION('',(0.,0.,-1.));
#9170 = DIRECTION('',(0.999661216277,-2.602792098593E-02,0.));
#9171 = ADVANCED_FACE('',(#9172),#9183,.F.);
#9172 = FACE_BOUND('',#9173,.F.);
#9173 = EDGE_LOOP('',(#9174,#9180,#9181,#9182));
#9174 = ORIENTED_EDGE('',*,*,#9175,.T.);
#9175 = EDGE_CURVE('',#6742,#8848,#9176,.T.);
#9176 = LINE('',#9177,#9178);
#9177 = CARTESIAN_POINT('',(58.219624329471,-4.078001283699,0.));
#9178 = VECTOR('',#9179,1.);
#9179 = DIRECTION('',(0.,0.,1.));
#9180 = ORIENTED_EDGE('',*,*,#8856,.T.);
#9181 = ORIENTED_EDGE('',*,*,#9141,.F.);
#9182 = ORIENTED_EDGE('',*,*,#6750,.F.);
#9183 = PLANE('',#9184);
#9184 = AXIS2_PLACEMENT_3D('',#9185,#9186,#9187);
#9185 = CARTESIAN_POINT('',(58.219624329471,-4.078001283699,0.));
#9186 = DIRECTION('',(-0.184906528069,-0.982756112104,0.));
#9187 = DIRECTION('',(-0.982756112104,0.184906528069,0.));
#9188 = ADVANCED_FACE('',(#9189),#9200,.F.);
#9189 = FACE_BOUND('',#9190,.F.);
#9190 = EDGE_LOOP('',(#9191,#9192,#9193,#9199));
#9191 = ORIENTED_EDGE('',*,*,#9160,.T.);
#9192 = ORIENTED_EDGE('',*,*,#6814,.T.);
#9193 = ORIENTED_EDGE('',*,*,#9194,.F.);
#9194 = EDGE_CURVE('',#4709,#6815,#9195,.T.);
#9195 = LINE('',#9196,#9197);
#9196 = CARTESIAN_POINT('',(59.428038826704,1.702023075637,0.));
#9197 = VECTOR('',#9198,1.);
#9198 = DIRECTION('',(0.,0.,1.));
#9199 = ORIENTED_EDGE('',*,*,#4708,.F.);
#9200 = SURFACE_OF_LINEAR_EXTRUSION('',#9201,#9206);
#9201 = B_SPLINE_CURVE_WITH_KNOTS('',3,(#9202,#9203,#9204,#9205),
  .UNSPECIFIED.,.F.,.F.,(4,4),(0.,1.),.PIECEWISE_BEZIER_KNOTS.);
#9202 = CARTESIAN_POINT('',(61.99015422872,0.715460108853,0.));
#9203 = CARTESIAN_POINT('',(60.907842046316,1.296013232982,0.));
#9204 = CARTESIAN_POINT('',(60.033750441968,1.571886804196,0.));
#9205 = CARTESIAN_POINT('',(59.428038826704,1.702023075637,0.));
#9206 = VECTOR('',#9207,1.);
#9207 = DIRECTION('',(-0.,-0.,-1.));
#9208 = ADVANCED_FACE('',(#9209),#9220,.F.);
#9209 = FACE_BOUND('',#9210,.F.);
#9210 = EDGE_LOOP('',(#9211,#9217,#9218,#9219));
#9211 = ORIENTED_EDGE('',*,*,#9212,.T.);
#9212 = EDGE_CURVE('',#6733,#8839,#9213,.T.);
#9213 = LINE('',#9214,#9215);
#9214 = CARTESIAN_POINT('',(59.070263749195,-4.419594592055,0.));
#9215 = VECTOR('',#9216,1.);
#9216 = DIRECTION('',(0.,0.,1.));
#9217 = ORIENTED_EDGE('',*,*,#8847,.T.);
#9218 = ORIENTED_EDGE('',*,*,#9175,.F.);
#9219 = ORIENTED_EDGE('',*,*,#6741,.F.);
#9220 = SURFACE_OF_LINEAR_EXTRUSION('',#9221,#9226);
#9221 = B_SPLINE_CURVE_WITH_KNOTS('',3,(#9222,#9223,#9224,#9225),
  .UNSPECIFIED.,.F.,.F.,(4,4),(0.,1.),.PIECEWISE_BEZIER_KNOTS.);
#9222 = CARTESIAN_POINT('',(59.070263749195,-4.419594592055,0.));
#9223 = CARTESIAN_POINT('',(58.609500599623,-4.185100438003,0.));
#9224 = CARTESIAN_POINT('',(58.317547981955,-4.101897543511,0.));
#9225 = CARTESIAN_POINT('',(58.219624329471,-4.078001283699,0.));
#9226 = VECTOR('',#9227,1.);
#9227 = DIRECTION('',(-0.,-0.,-1.));
#9228 = ADVANCED_FACE('',(#9229),#9240,.F.);
#9229 = FACE_BOUND('',#9230,.F.);
#9230 = EDGE_LOOP('',(#9231,#9232,#9233,#9239));
#9231 = ORIENTED_EDGE('',*,*,#9194,.T.);
#9232 = ORIENTED_EDGE('',*,*,#6823,.T.);
#9233 = ORIENTED_EDGE('',*,*,#9234,.F.);
#9234 = EDGE_CURVE('',#4718,#6824,#9235,.T.);
#9235 = LINE('',#9236,#9237);
#9236 = CARTESIAN_POINT('',(58.517973388451,1.811815191926,0.));
#9237 = VECTOR('',#9238,1.);
#9238 = DIRECTION('',(0.,0.,1.));
#9239 = ORIENTED_EDGE('',*,*,#4717,.F.);
#9240 = SURFACE_OF_LINEAR_EXTRUSION('',#9241,#9246);
#9241 = B_SPLINE_CURVE_WITH_KNOTS('',3,(#9242,#9243,#9244,#9245),
  .UNSPECIFIED.,.F.,.F.,(4,4),(0.,1.),.PIECEWISE_BEZIER_KNOTS.);
#9242 = CARTESIAN_POINT('',(59.428038826704,1.702023075637,0.));
#9243 = CARTESIAN_POINT('',(58.922284247696,1.809272756759,0.));
#9244 = CARTESIAN_POINT('',(58.618745180536,1.81407768365,0.));
#9245 = CARTESIAN_POINT('',(58.517973388451,1.811815191926,0.));
#9246 = VECTOR('',#9247,1.);
#9247 = DIRECTION('',(-0.,-0.,-1.));
#9248 = ADVANCED_FACE('',(#9249),#9260,.F.);
#9249 = FACE_BOUND('',#9250,.F.);
#9250 = EDGE_LOOP('',(#9251,#9257,#9258,#9259));
#9251 = ORIENTED_EDGE('',*,*,#9252,.T.);
#9252 = EDGE_CURVE('',#6724,#8830,#9253,.T.);
#9253 = LINE('',#9254,#9255);
#9254 = CARTESIAN_POINT('',(61.289735900939,-6.035665502724,0.));
#9255 = VECTOR('',#9256,1.);
#9256 = DIRECTION('',(0.,0.,1.));
#9257 = ORIENTED_EDGE('',*,*,#8838,.T.);
#9258 = ORIENTED_EDGE('',*,*,#9212,.F.);
#9259 = ORIENTED_EDGE('',*,*,#6732,.F.);
#9260 = SURFACE_OF_LINEAR_EXTRUSION('',#9261,#9266);
#9261 = B_SPLINE_CURVE_WITH_KNOTS('',3,(#9262,#9263,#9264,#9265),
  .UNSPECIFIED.,.F.,.F.,(4,4),(0.,1.),.PIECEWISE_BEZIER_KNOTS.);
#9262 = CARTESIAN_POINT('',(61.289735900939,-6.035665502724,0.));
#9263 = CARTESIAN_POINT('',(60.394560817067,-5.194771241042,0.));
#9264 = CARTESIAN_POINT('',(59.621654496155,-4.702066279446,0.));
#9265 = CARTESIAN_POINT('',(59.070263749195,-4.419594592055,0.));
#9266 = VECTOR('',#9267,1.);
#9267 = DIRECTION('',(-0.,-0.,-1.));
#9268 = ADVANCED_FACE('',(#9269),#9280,.F.);
#9269 = FACE_BOUND('',#9270,.F.);
#9270 = EDGE_LOOP('',(#9271,#9272,#9273,#9279));
#9271 = ORIENTED_EDGE('',*,*,#9234,.T.);
#9272 = ORIENTED_EDGE('',*,*,#6832,.T.);
#9273 = ORIENTED_EDGE('',*,*,#9274,.F.);
#9274 = EDGE_CURVE('',#4727,#6833,#9275,.T.);
#9275 = LINE('',#9276,#9277);
#9276 = CARTESIAN_POINT('',(58.188174448604,1.786760934856,0.));
#9277 = VECTOR('',#9278,1.);
#9278 = DIRECTION('',(0.,0.,1.));
#9279 = ORIENTED_EDGE('',*,*,#4726,.F.);
#9280 = PLANE('',#9281);
#9281 = AXIS2_PLACEMENT_3D('',#9282,#9283,#9284);
#9282 = CARTESIAN_POINT('',(58.517973388451,1.811815191926,0.));
#9283 = DIRECTION('',(7.575000759186E-02,-0.997126840653,0.));
#9284 = DIRECTION('',(-0.997126840653,-7.575000759186E-02,0.));
#9285 = ADVANCED_FACE('',(#9286),#9297,.T.);
#9286 = FACE_BOUND('',#9287,.F.);
#9287 = EDGE_LOOP('',(#9288,#9294,#9295,#9296));
#9288 = ORIENTED_EDGE('',*,*,#9289,.T.);
#9289 = EDGE_CURVE('',#6715,#8821,#9290,.T.);
#9290 = LINE('',#9291,#9292);
#9291 = CARTESIAN_POINT('',(60.921621660414,-7.417641027166,0.));
#9292 = VECTOR('',#9293,1.);
#9293 = DIRECTION('',(0.,0.,1.));
#9294 = ORIENTED_EDGE('',*,*,#8829,.T.);
#9295 = ORIENTED_EDGE('',*,*,#9252,.F.);
#9296 = ORIENTED_EDGE('',*,*,#6723,.F.);
#9297 = CYLINDRICAL_SURFACE('',#9298,26.00000000001);
#9298 = AXIS2_PLACEMENT_3D('',#9299,#9300,#9301);
#9299 = CARTESIAN_POINT('',(35.991207978561,-3.695856195939E-02,0.));
#9300 = DIRECTION('',(0.,0.,-1.));
#9301 = DIRECTION('',(0.958862064686,-0.283872402508,0.));
#9302 = ADVANCED_FACE('',(#9303),#9314,.F.);
#9303 = FACE_BOUND('',#9304,.F.);
#9304 = EDGE_LOOP('',(#9305,#9306,#9307,#9313));
#9305 = ORIENTED_EDGE('',*,*,#9274,.T.);
#9306 = ORIENTED_EDGE('',*,*,#6840,.T.);
#9307 = ORIENTED_EDGE('',*,*,#9308,.F.);
#9308 = EDGE_CURVE('',#4735,#6841,#9309,.T.);
#9309 = LINE('',#9310,#9311);
#9310 = CARTESIAN_POINT('',(57.359260640587,2.456009952642,0.));
#9311 = VECTOR('',#9312,1.);
#9312 = DIRECTION('',(0.,0.,1.));
#9313 = ORIENTED_EDGE('',*,*,#4734,.F.);
#9314 = CYLINDRICAL_SURFACE('',#9315,0.76);
#9315 = AXIS2_PLACEMENT_3D('',#9316,#9317,#9318);
#9316 = CARTESIAN_POINT('',(58.114247668577,2.543156883546,0.));
#9317 = DIRECTION('',(0.,0.,-1.));
#9318 = DIRECTION('',(9.727207898203E-02,-0.995257827224,0.));
#9319 = ADVANCED_FACE('',(#9320),#9331,.F.);
#9320 = FACE_BOUND('',#9321,.F.);
#9321 = EDGE_LOOP('',(#9322,#9328,#9329,#9330));
#9322 = ORIENTED_EDGE('',*,*,#9323,.T.);
#9323 = EDGE_CURVE('',#6706,#8812,#9324,.T.);
#9324 = LINE('',#9325,#9326);
#9325 = CARTESIAN_POINT('',(58.189231774837,-7.70765068345,0.));
#9326 = VECTOR('',#9327,1.);
#9327 = DIRECTION('',(0.,0.,1.));
#9328 = ORIENTED_EDGE('',*,*,#8820,.T.);
#9329 = ORIENTED_EDGE('',*,*,#9289,.F.);
#9330 = ORIENTED_EDGE('',*,*,#6714,.F.);
#9331 = SURFACE_OF_LINEAR_EXTRUSION('',#9332,#9337);
#9332 = B_SPLINE_CURVE_WITH_KNOTS('',3,(#9333,#9334,#9335,#9336),
  .UNSPECIFIED.,.F.,.F.,(4,4),(0.,1.),.PIECEWISE_BEZIER_KNOTS.);
#9333 = CARTESIAN_POINT('',(58.189231774837,-7.70765068345,0.));
#9334 = CARTESIAN_POINT('',(58.807986012812,-7.738718399799,0.));
#9335 = CARTESIAN_POINT('',(59.723695002265,-7.698476546942,0.));
#9336 = CARTESIAN_POINT('',(60.921621660414,-7.417641027166,0.));
#9337 = VECTOR('',#9338,1.);
#9338 = DIRECTION('',(-0.,-0.,-1.));
#9339 = ADVANCED_FACE('',(#9340),#9351,.T.);
#9340 = FACE_BOUND('',#9341,.F.);
#9341 = EDGE_LOOP('',(#9342,#9343,#9344,#9350));
#9342 = ORIENTED_EDGE('',*,*,#9308,.T.);
#9343 = ORIENTED_EDGE('',*,*,#6849,.T.);
#9344 = ORIENTED_EDGE('',*,*,#9345,.F.);
#9345 = EDGE_CURVE('',#4744,#6850,#9346,.T.);
#9346 = LINE('',#9347,#9348);
#9347 = CARTESIAN_POINT('',(57.267123633888,3.155860000212,0.));
#9348 = VECTOR('',#9349,1.);
#9349 = DIRECTION('',(0.,0.,1.));
#9350 = ORIENTED_EDGE('',*,*,#4743,.F.);
#9351 = CYLINDRICAL_SURFACE('',#9352,21.499999999974);
#9352 = AXIS2_PLACEMENT_3D('',#9353,#9354,#9355);
#9353 = CARTESIAN_POINT('',(36.000000000025,3.383515689848E-12,0.));
#9354 = DIRECTION('',(0.,0.,-1.));
#9355 = DIRECTION('',(0.993453983283,0.114233021053,0.));
#9356 = ADVANCED_FACE('',(#9357),#9368,.F.);
#9357 = FACE_BOUND('',#9358,.F.);
#9358 = EDGE_LOOP('',(#9359,#9365,#9366,#9367));
#9359 = ORIENTED_EDGE('',*,*,#9360,.T.);
#9360 = EDGE_CURVE('',#6698,#8804,#9361,.T.);
#9361 = LINE('',#9362,#9363);
#9362 = CARTESIAN_POINT('',(57.281759773718,-7.578159456387,0.));
#9363 = VECTOR('',#9364,1.);
#9364 = DIRECTION('',(0.,0.,1.));
#9365 = ORIENTED_EDGE('',*,*,#8811,.T.);
#9366 = ORIENTED_EDGE('',*,*,#9323,.F.);
#9367 = ORIENTED_EDGE('',*,*,#6705,.F.);
#9368 = SURFACE_OF_LINEAR_EXTRUSION('',#9369,#9374);
#9369 = B_SPLINE_CURVE_WITH_KNOTS('',3,(#9370,#9371,#9372,#9373),
  .UNSPECIFIED.,.F.,.F.,(4,4),(0.,1.),.PIECEWISE_BEZIER_KNOTS.);
#9370 = CARTESIAN_POINT('',(57.281759773718,-7.578159456387,0.));
#9371 = CARTESIAN_POINT('',(57.378512274307,-7.606426514576,0.));
#9372 = CARTESIAN_POINT('',(57.672952105155,-7.680347003112,0.));
#9373 = CARTESIAN_POINT('',(58.189231774837,-7.70765068345,0.));
#9374 = VECTOR('',#9375,1.);
#9375 = DIRECTION('',(-0.,-0.,-1.));
#9376 = ADVANCED_FACE('',(#9377),#9388,.F.);
#9377 = FACE_BOUND('',#9378,.F.);
#9378 = EDGE_LOOP('',(#9379,#9380,#9381,#9387));
#9379 = ORIENTED_EDGE('',*,*,#9345,.T.);
#9380 = ORIENTED_EDGE('',*,*,#6858,.T.);
#9381 = ORIENTED_EDGE('',*,*,#9382,.F.);
#9382 = EDGE_CURVE('',#4753,#6859,#9383,.T.);
#9383 = LINE('',#9384,#9385);
#9384 = CARTESIAN_POINT('',(57.894578497099,4.016843590974,0.));
#9385 = VECTOR('',#9386,1.);
#9386 = DIRECTION('',(0.,0.,1.));
#9387 = ORIENTED_EDGE('',*,*,#4752,.F.);
#9388 = CYLINDRICAL_SURFACE('',#9389,0.76);
#9389 = AXIS2_PLACEMENT_3D('',#9390,#9391,#9392);
#9390 = CARTESIAN_POINT('',(58.018940388177,3.26708755062,0.));
#9391 = DIRECTION('',(0.,0.,-1.));
#9392 = DIRECTION('',(-0.989232571433,-0.14635204001,-0.));
#9393 = ADVANCED_FACE('',(#9394),#9405,.F.);
#9394 = FACE_BOUND('',#9395,.F.);
#9395 = EDGE_LOOP('',(#9396,#9402,#9403,#9404));
#9396 = ORIENTED_EDGE('',*,*,#9397,.T.);
#9397 = EDGE_CURVE('',#6689,#8795,#9398,.T.);
#9398 = LINE('',#9399,#9400);
#9399 = CARTESIAN_POINT('',(56.969682979128,-7.468600655737,0.));
#9400 = VECTOR('',#9401,1.);
#9401 = DIRECTION('',(0.,0.,1.));
#9402 = ORIENTED_EDGE('',*,*,#8803,.T.);
#9403 = ORIENTED_EDGE('',*,*,#9360,.F.);
#9404 = ORIENTED_EDGE('',*,*,#6697,.F.);
#9405 = PLANE('',#9406);
#9406 = AXIS2_PLACEMENT_3D('',#9407,#9408,#9409);
#9407 = CARTESIAN_POINT('',(56.969682979128,-7.468600655737,0.));
#9408 = DIRECTION('',(0.331244305418,0.943545022841,0.));
#9409 = DIRECTION('',(0.943545022841,-0.331244305418,0.));
#9410 = ADVANCED_FACE('',(#9411),#9422,.F.);
#9411 = FACE_BOUND('',#9412,.F.);
#9412 = EDGE_LOOP('',(#9413,#9414,#9415,#9421));
#9413 = ORIENTED_EDGE('',*,*,#9382,.T.);
#9414 = ORIENTED_EDGE('',*,*,#6867,.T.);
#9415 = ORIENTED_EDGE('',*,*,#9416,.F.);
#9416 = EDGE_CURVE('',#4762,#6868,#9417,.T.);
#9417 = LINE('',#9418,#9419);
#9418 = CARTESIAN_POINT('',(58.219624329471,4.078001283699,0.));
#9419 = VECTOR('',#9420,1.);
#9420 = DIRECTION('',(0.,0.,1.));
#9421 = ORIENTED_EDGE('',*,*,#4761,.F.);
#9422 = PLANE('',#9423);
#9423 = AXIS2_PLACEMENT_3D('',#9424,#9425,#9426);
#9424 = CARTESIAN_POINT('',(57.894578497099,4.016843590974,0.));
#9425 = DIRECTION('',(-0.184906528069,0.982756112104,0.));
#9426 = DIRECTION('',(0.982756112104,0.184906528069,0.));
#9427 = ADVANCED_FACE('',(#9428),#9439,.F.);
#9428 = FACE_BOUND('',#9429,.F.);
#9429 = EDGE_LOOP('',(#9430,#9436,#9437,#9438));
#9430 = ORIENTED_EDGE('',*,*,#9431,.T.);
#9431 = EDGE_CURVE('',#6680,#8786,#9432,.T.);
#9432 = LINE('',#9433,#9434);
#9433 = CARTESIAN_POINT('',(55.995799332477,-7.900506885973,0.));
#9434 = VECTOR('',#9435,1.);
#9435 = DIRECTION('',(0.,0.,1.));
#9436 = ORIENTED_EDGE('',*,*,#8794,.T.);
#9437 = ORIENTED_EDGE('',*,*,#9397,.F.);
#9438 = ORIENTED_EDGE('',*,*,#6688,.F.);
#9439 = CYLINDRICAL_SURFACE('',#9440,0.76);
#9440 = AXIS2_PLACEMENT_3D('',#9441,#9442,#9443);
#9441 = CARTESIAN_POINT('',(56.702505515887,-8.180089378864,0.));
#9442 = DIRECTION('',(0.,0.,-1.));
#9443 = DIRECTION('',(-0.929876557117,0.367871701172,0.));
#9444 = ADVANCED_FACE('',(#9445),#9456,.F.);
#9445 = FACE_BOUND('',#9446,.F.);
#9446 = EDGE_LOOP('',(#9447,#9448,#9449,#9455));
#9447 = ORIENTED_EDGE('',*,*,#9416,.T.);
#9448 = ORIENTED_EDGE('',*,*,#6875,.T.);
#9449 = ORIENTED_EDGE('',*,*,#9450,.F.);
#9450 = EDGE_CURVE('',#4770,#6876,#9451,.T.);
#9451 = LINE('',#9452,#9453);
#9452 = CARTESIAN_POINT('',(59.070263749195,4.419594592055,0.));
#9453 = VECTOR('',#9454,1.);
#9454 = DIRECTION('',(0.,0.,1.));
#9455 = ORIENTED_EDGE('',*,*,#4769,.F.);
#9456 = SURFACE_OF_LINEAR_EXTRUSION('',#9457,#9462);
#9457 = B_SPLINE_CURVE_WITH_KNOTS('',3,(#9458,#9459,#9460,#9461),
  .UNSPECIFIED.,.F.,.F.,(4,4),(0.,1.),.PIECEWISE_BEZIER_KNOTS.);
#9458 = CARTESIAN_POINT('',(58.219624329471,4.078001283699,0.));
#9459 = CARTESIAN_POINT('',(58.317547981955,4.101897543511,0.));
#9460 = CARTESIAN_POINT('',(58.609500599623,4.185100438003,0.));
#9461 = CARTESIAN_POINT('',(59.070263749195,4.419594592055,0.));
#9462 = VECTOR('',#9463,1.);
#9463 = DIRECTION('',(-0.,-0.,-1.));
#9464 = ADVANCED_FACE('',(#9465),#9476,.T.);
#9465 = FACE_BOUND('',#9466,.F.);
#9466 = EDGE_LOOP('',(#9467,#9473,#9474,#9475));
#9467 = ORIENTED_EDGE('',*,*,#9468,.T.);
#9468 = EDGE_CURVE('',#6671,#8777,#9469,.T.);
#9469 = LINE('',#9470,#9471);
#9470 = CARTESIAN_POINT('',(55.725667297122,-8.552663309358,0.));
#9471 = VECTOR('',#9472,1.);
#9472 = DIRECTION('',(0.,0.,1.));
#9473 = ORIENTED_EDGE('',*,*,#8785,.T.);
#9474 = ORIENTED_EDGE('',*,*,#9431,.F.);
#9475 = ORIENTED_EDGE('',*,*,#6679,.F.);
#9476 = CYLINDRICAL_SURFACE('',#9477,21.499999999985);
#9477 = AXIS2_PLACEMENT_3D('',#9478,#9479,#9480);
#9478 = CARTESIAN_POINT('',(36.000000000014,-5.68611824292E-12,0.));
#9479 = DIRECTION('',(0.,0.,-1.));
#9480 = DIRECTION('',(0.917472897541,-0.397798293459,0.));
#9481 = ADVANCED_FACE('',(#9482),#9493,.F.);
#9482 = FACE_BOUND('',#9483,.F.);
#9483 = EDGE_LOOP('',(#9484,#9485,#9486,#9492));
#9484 = ORIENTED_EDGE('',*,*,#9450,.T.);
#9485 = ORIENTED_EDGE('',*,*,#6884,.T.);
#9486 = ORIENTED_EDGE('',*,*,#9487,.F.);
#9487 = EDGE_CURVE('',#4779,#6885,#9488,.T.);
#9488 = LINE('',#9489,#9490);
#9489 = CARTESIAN_POINT('',(61.291577975005,6.036945264528,0.));
#9490 = VECTOR('',#9491,1.);
#9491 = DIRECTION('',(0.,0.,1.));
#9492 = ORIENTED_EDGE('',*,*,#4778,.F.);
#9493 = SURFACE_OF_LINEAR_EXTRUSION('',#9494,#9499);
#9494 = B_SPLINE_CURVE_WITH_KNOTS('',3,(#9495,#9496,#9497,#9498),
  .UNSPECIFIED.,.F.,.F.,(4,4),(0.,1.),.PIECEWISE_BEZIER_KNOTS.);
#9495 = CARTESIAN_POINT('',(59.070263749195,4.419594592055,0.));
#9496 = CARTESIAN_POINT('',(59.621654496155,4.702066279446,0.));
#9497 = CARTESIAN_POINT('',(60.394560817067,5.194771241042,0.));
#9498 = CARTESIAN_POINT('',(61.291577975005,6.036945264528,0.));
#9499 = VECTOR('',#9500,1.);
#9500 = DIRECTION('',(-0.,-0.,-1.));
#9501 = ADVANCED_FACE('',(#9502),#9513,.F.);
#9502 = FACE_BOUND('',#9503,.F.);
#9503 = EDGE_LOOP('',(#9504,#9510,#9511,#9512));
#9504 = ORIENTED_EDGE('',*,*,#9505,.T.);
#9505 = EDGE_CURVE('',#6663,#8769,#9506,.T.);
#9506 = LINE('',#9507,#9508);
#9507 = CARTESIAN_POINT('',(56.10890320352,-9.546706864227,0.));
#9508 = VECTOR('',#9509,1.);
#9509 = DIRECTION('',(0.,0.,1.));
#9510 = ORIENTED_EDGE('',*,*,#8776,.T.);
#9511 = ORIENTED_EDGE('',*,*,#9468,.F.);
#9512 = ORIENTED_EDGE('',*,*,#6670,.F.);
#9513 = CYLINDRICAL_SURFACE('',#9514,0.76);
#9514 = AXIS2_PLACEMENT_3D('',#9515,#9516,#9517);
#9515 = CARTESIAN_POINT('',(56.423078708342,-8.854685367329,0.));
#9516 = DIRECTION('',(0.,0.,-1.));
#9517 = DIRECTION('',(-0.413388822135,-0.910554601182,-0.));
#9518 = ADVANCED_FACE('',(#9519),#9530,.T.);
#9519 = FACE_BOUND('',#9520,.F.);
#9520 = EDGE_LOOP('',(#9521,#9522,#9523,#9529));
#9521 = ORIENTED_EDGE('',*,*,#9487,.T.);
#9522 = ORIENTED_EDGE('',*,*,#6893,.T.);
#9523 = ORIENTED_EDGE('',*,*,#9524,.F.);
#9524 = EDGE_CURVE('',#4788,#6894,#9525,.T.);
#9525 = LINE('',#9526,#9527);
#9526 = CARTESIAN_POINT('',(60.919386496574,7.417828296365,0.));
#9527 = VECTOR('',#9528,1.);
#9528 = DIRECTION('',(0.,0.,1.));
#9529 = ORIENTED_EDGE('',*,*,#4787,.F.);
#9530 = CYLINDRICAL_SURFACE('',#9531,26.);
#9531 = AXIS2_PLACEMENT_3D('',#9532,#9533,#9534);
#9532 = CARTESIAN_POINT('',(36.010865167072,-3.640306426125E-02,0.));
#9533 = DIRECTION('',(0.,0.,-1.));
#9534 = DIRECTION('',(0.972335107997,0.233590320338,0.));
#9535 = ADVANCED_FACE('',(#9536),#9547,.F.);
#9536 = FACE_BOUND('',#9537,.F.);
#9537 = EDGE_LOOP('',(#9538,#9544,#9545,#9546));
#9538 = ORIENTED_EDGE('',*,*,#9539,.T.);
#9539 = EDGE_CURVE('',#6654,#8760,#9540,.T.);
#9540 = LINE('',#9541,#9542);
#9541 = CARTESIAN_POINT('',(56.407044592103,-9.689908711055,0.));
#9542 = VECTOR('',#9543,1.);
#9543 = DIRECTION('',(0.,0.,1.));
#9544 = ORIENTED_EDGE('',*,*,#8768,.T.);
#9545 = ORIENTED_EDGE('',*,*,#9505,.F.);
#9546 = ORIENTED_EDGE('',*,*,#6662,.F.);
#9547 = PLANE('',#9548);
#9548 = AXIS2_PLACEMENT_3D('',#9549,#9550,#9551);
#9549 = CARTESIAN_POINT('',(56.407044592103,-9.689908711055,0.));
#9550 = DIRECTION('',(-0.432961989415,-0.901412178596,0.));
#9551 = DIRECTION('',(-0.901412178596,0.432961989415,0.));
#9552 = ADVANCED_FACE('',(#9553),#9564,.F.);
#9553 = FACE_BOUND('',#9554,.F.);
#9554 = EDGE_LOOP('',(#9555,#9556,#9557,#9563));
#9555 = ORIENTED_EDGE('',*,*,#9524,.T.);
#9556 = ORIENTED_EDGE('',*,*,#6902,.T.);
#9557 = ORIENTED_EDGE('',*,*,#9558,.F.);
#9558 = EDGE_CURVE('',#4797,#6903,#9559,.T.);
#9559 = LINE('',#9560,#9561);
#9560 = CARTESIAN_POINT('',(58.189231774837,7.70765068345,0.));
#9561 = VECTOR('',#9562,1.);
#9562 = DIRECTION('',(0.,0.,1.));
#9563 = ORIENTED_EDGE('',*,*,#4796,.F.);
#9564 = SURFACE_OF_LINEAR_EXTRUSION('',#9565,#9570);
#9565 = B_SPLINE_CURVE_WITH_KNOTS('',3,(#9566,#9567,#9568,#9569),
  .UNSPECIFIED.,.F.,.F.,(4,4),(0.,1.),.PIECEWISE_BEZIER_KNOTS.);
#9566 = CARTESIAN_POINT('',(60.919386496574,7.417828296365,0.));
#9567 = CARTESIAN_POINT('',(59.723695002265,7.698476546942,0.));
#9568 = CARTESIAN_POINT('',(58.807986012812,7.738718399799,0.));
#9569 = CARTESIAN_POINT('',(58.189231774837,7.70765068345,0.));
#9570 = VECTOR('',#9571,1.);
#9571 = DIRECTION('',(-0.,-0.,-1.));
#9572 = ADVANCED_FACE('',(#9573),#9584,.F.);
#9573 = FACE_BOUND('',#9574,.F.);
#9574 = EDGE_LOOP('',(#9575,#9581,#9582,#9583));
#9575 = ORIENTED_EDGE('',*,*,#9576,.T.);
#9576 = EDGE_CURVE('',#6645,#8751,#9577,.T.);
#9577 = LINE('',#9578,#9579);
#9578 = CARTESIAN_POINT('',(57.140288322592,-10.24002419202,0.));
#9579 = VECTOR('',#9580,1.);
#9580 = DIRECTION('',(0.,0.,1.));
#9581 = ORIENTED_EDGE('',*,*,#8759,.T.);
#9582 = ORIENTED_EDGE('',*,*,#9539,.F.);
#9583 = ORIENTED_EDGE('',*,*,#6653,.F.);
#9584 = SURFACE_OF_LINEAR_EXTRUSION('',#9585,#9590);
#9585 = B_SPLINE_CURVE_WITH_KNOTS('',3,(#9586,#9587,#9588,#9589),
  .UNSPECIFIED.,.F.,.F.,(4,4),(0.,1.),.PIECEWISE_BEZIER_KNOTS.);
#9586 = CARTESIAN_POINT('',(57.140288322592,-10.24002419202,0.));
#9587 = CARTESIAN_POINT('',(56.755916849652,-9.89426595412,0.));
#9588 = CARTESIAN_POINT('',(56.495446769896,-9.738335231789,0.));
#9589 = CARTESIAN_POINT('',(56.407044592103,-9.689908711055,0.));
#9590 = VECTOR('',#9591,1.);
#9591 = DIRECTION('',(-0.,-0.,-1.));
#9592 = ADVANCED_FACE('',(#9593),#9604,.F.);
#9593 = FACE_BOUND('',#9594,.F.);
#9594 = EDGE_LOOP('',(#9595,#9596,#9597,#9603));
#9595 = ORIENTED_EDGE('',*,*,#9558,.T.);
#9596 = ORIENTED_EDGE('',*,*,#6911,.T.);
#9597 = ORIENTED_EDGE('',*,*,#9598,.F.);
#9598 = EDGE_CURVE('',#4806,#6912,#9599,.T.);
#9599 = LINE('',#9600,#9601);
#9600 = CARTESIAN_POINT('',(57.281759773718,7.578159456387,0.));
#9601 = VECTOR('',#9602,1.);
#9602 = DIRECTION('',(0.,0.,1.));
#9603 = ORIENTED_EDGE('',*,*,#4805,.F.);
#9604 = SURFACE_OF_LINEAR_EXTRUSION('',#9605,#9610);
#9605 = B_SPLINE_CURVE_WITH_KNOTS('',3,(#9606,#9607,#9608,#9609),
  .UNSPECIFIED.,.F.,.F.,(4,4),(0.,1.),.PIECEWISE_BEZIER_KNOTS.);
#9606 = CARTESIAN_POINT('',(58.189231774837,7.70765068345,0.));
#9607 = CARTESIAN_POINT('',(57.672952105155,7.680347003112,0.));
#9608 = CARTESIAN_POINT('',(57.378512274307,7.606426514576,0.));
#9609 = CARTESIAN_POINT('',(57.281759773718,7.578159456387,0.));
#9610 = VECTOR('',#9611,1.);
#9611 = DIRECTION('',(-0.,-0.,-1.));
#9612 = ADVANCED_FACE('',(#9613),#9624,.F.);
#9613 = FACE_BOUND('',#9614,.F.);
#9614 = EDGE_LOOP('',(#9615,#9621,#9622,#9623));
#9615 = ORIENTED_EDGE('',*,*,#9616,.T.);
#9616 = EDGE_CURVE('',#6636,#8742,#9617,.T.);
#9617 = LINE('',#9618,#9619);
#9618 = CARTESIAN_POINT('',(58.865863864773,-12.37547048469,0.));
#9619 = VECTOR('',#9620,1.);
#9620 = DIRECTION('',(0.,0.,1.));
#9621 = ORIENTED_EDGE('',*,*,#8750,.T.);
#9622 = ORIENTED_EDGE('',*,*,#9576,.F.);
#9623 = ORIENTED_EDGE('',*,*,#6644,.F.);
#9624 = SURFACE_OF_LINEAR_EXTRUSION('',#9625,#9630);
#9625 = B_SPLINE_CURVE_WITH_KNOTS('',3,(#9626,#9627,#9628,#9629),
  .UNSPECIFIED.,.F.,.F.,(4,4),(0.,1.),.PIECEWISE_BEZIER_KNOTS.);
#9626 = CARTESIAN_POINT('',(58.865863864773,-12.37547048469,0.));
#9627 = CARTESIAN_POINT('',(58.218830582051,-11.33154063975,0.));
#9628 = CARTESIAN_POINT('',(57.599781833058,-10.65558131667,0.));
#9629 = CARTESIAN_POINT('',(57.140288322592,-10.24002419202,0.));
#9630 = VECTOR('',#9631,1.);
#9631 = DIRECTION('',(-0.,-0.,-1.));
#9632 = ADVANCED_FACE('',(#9633),#9644,.F.);
#9633 = FACE_BOUND('',#9634,.F.);
#9634 = EDGE_LOOP('',(#9635,#9636,#9637,#9643));
#9635 = ORIENTED_EDGE('',*,*,#9598,.T.);
#9636 = ORIENTED_EDGE('',*,*,#6920,.T.);
#9637 = ORIENTED_EDGE('',*,*,#9638,.F.);
#9638 = EDGE_CURVE('',#4815,#6921,#9639,.T.);
#9639 = LINE('',#9640,#9641);
#9640 = CARTESIAN_POINT('',(56.969682979128,7.468600655737,0.));
#9641 = VECTOR('',#9642,1.);
#9642 = DIRECTION('',(0.,0.,1.));
#9643 = ORIENTED_EDGE('',*,*,#4814,.F.);
#9644 = PLANE('',#9645);
#9645 = AXIS2_PLACEMENT_3D('',#9646,#9647,#9648);
#9646 = CARTESIAN_POINT('',(57.281759773718,7.578159456387,0.));
#9647 = DIRECTION('',(0.331244305418,-0.943545022841,0.));
#9648 = DIRECTION('',(-0.943545022841,-0.331244305418,0.));
#9649 = ADVANCED_FACE('',(#9650),#9661,.T.);
#9650 = FACE_BOUND('',#9651,.F.);
#9651 = EDGE_LOOP('',(#9652,#9658,#9659,#9660));
#9652 = ORIENTED_EDGE('',*,*,#9653,.T.);
#9653 = EDGE_CURVE('',#6627,#8733,#9654,.T.);
#9654 = LINE('',#9655,#9656);
#9655 = CARTESIAN_POINT('',(58.152611227234,-13.61508135883,0.));
#9656 = VECTOR('',#9657,1.);
#9657 = DIRECTION('',(0.,0.,1.));
#9658 = ORIENTED_EDGE('',*,*,#8741,.T.);
#9659 = ORIENTED_EDGE('',*,*,#9616,.F.);
#9660 = ORIENTED_EDGE('',*,*,#6635,.F.);
#9661 = CYLINDRICAL_SURFACE('',#9662,26.000000000009);
#9662 = AXIS2_PLACEMENT_3D('',#9663,#9664,#9665);
#9663 = CARTESIAN_POINT('',(35.981941979713,-3.342368690605E-02,0.));
#9664 = DIRECTION('',(0.,0.,-1.));
#9665 = DIRECTION('',(0.852718047981,-0.52237144892,0.));
#9666 = ADVANCED_FACE('',(#9667),#9678,.F.);
#9667 = FACE_BOUND('',#9668,.F.);
#9668 = EDGE_LOOP('',(#9669,#9670,#9671,#9677));
#9669 = ORIENTED_EDGE('',*,*,#9638,.T.);
#9670 = ORIENTED_EDGE('',*,*,#6928,.T.);
#9671 = ORIENTED_EDGE('',*,*,#9672,.F.);
#9672 = EDGE_CURVE('',#4823,#6929,#9673,.T.);
#9673 = LINE('',#9674,#9675);
#9674 = CARTESIAN_POINT('',(55.995799332477,7.900506885973,0.));
#9675 = VECTOR('',#9676,1.);
#9676 = DIRECTION('',(0.,0.,1.));
#9677 = ORIENTED_EDGE('',*,*,#4822,.F.);
#9678 = CYLINDRICAL_SURFACE('',#9679,0.76);
#9679 = AXIS2_PLACEMENT_3D('',#9680,#9681,#9682);
#9680 = CARTESIAN_POINT('',(56.702505515887,8.180089378864,0.));
#9681 = DIRECTION('',(0.,0.,-1.));
#9682 = DIRECTION('',(0.351549293738,-0.936169372535,0.));
#9683 = ADVANCED_FACE('',(#9684),#9695,.F.);
#9684 = FACE_BOUND('',#9685,.F.);
#9685 = EDGE_LOOP('',(#9686,#9692,#9693,#9694));
#9686 = ORIENTED_EDGE('',*,*,#9687,.T.);
#9687 = EDGE_CURVE('',#6618,#8724,#9688,.T.);
#9688 = LINE('',#9689,#9690);
#9689 = CARTESIAN_POINT('',(55.438265246955,-13.18801463468,0.));
#9690 = VECTOR('',#9691,1.);
#9691 = DIRECTION('',(0.,0.,1.));
#9692 = ORIENTED_EDGE('',*,*,#8732,.T.);
#9693 = ORIENTED_EDGE('',*,*,#9653,.F.);
#9694 = ORIENTED_EDGE('',*,*,#6626,.F.);
#9695 = SURFACE_OF_LINEAR_EXTRUSION('',#9696,#9701);
#9696 = B_SPLINE_CURVE_WITH_KNOTS('',3,(#9697,#9698,#9699,#9700),
  .UNSPECIFIED.,.F.,.F.,(4,4),(0.,1.),.PIECEWISE_BEZIER_KNOTS.);
#9697 = CARTESIAN_POINT('',(55.438265246955,-13.18801463468,0.));
#9698 = CARTESIAN_POINT('',(56.027895028862,-13.37816912529,0.));
#9699 = CARTESIAN_POINT('',(56.922817349069,-13.57630140656,0.));
#9700 = CARTESIAN_POINT('',(58.152611227234,-13.61508135883,0.));
#9701 = VECTOR('',#9702,1.);
#9702 = DIRECTION('',(-0.,-0.,-1.));
#9703 = ADVANCED_FACE('',(#9704),#9715,.T.);
#9704 = FACE_BOUND('',#9705,.F.);
#9705 = EDGE_LOOP('',(#9706,#9707,#9708,#9714));
#9706 = ORIENTED_EDGE('',*,*,#9672,.T.);
#9707 = ORIENTED_EDGE('',*,*,#6937,.T.);
#9708 = ORIENTED_EDGE('',*,*,#9709,.F.);
#9709 = EDGE_CURVE('',#4832,#6938,#9710,.T.);
#9710 = LINE('',#9711,#9712);
#9711 = CARTESIAN_POINT('',(55.725667297122,8.552663309358,0.));
#9712 = VECTOR('',#9713,1.);
#9713 = DIRECTION('',(0.,0.,1.));
#9714 = ORIENTED_EDGE('',*,*,#4831,.F.);
#9715 = CYLINDRICAL_SURFACE('',#9716,21.500000000033);
#9716 = AXIS2_PLACEMENT_3D('',#9717,#9718,#9719);
#9717 = CARTESIAN_POINT('',(35.999999999969,-1.267164151386E-11,0.));
#9718 = DIRECTION('',(0.,0.,-1.));
#9719 = DIRECTION('',(0.930037178255,0.367465436557,0.));
#9720 = ADVANCED_FACE('',(#9721),#9732,.F.);
#9721 = FACE_BOUND('',#9722,.F.);
#9722 = EDGE_LOOP('',(#9723,#9729,#9730,#9731));
#9723 = ORIENTED_EDGE('',*,*,#9724,.T.);
#9724 = EDGE_CURVE('',#6610,#8716,#9725,.T.);
#9725 = LINE('',#9726,#9727);
#9726 = CARTESIAN_POINT('',(54.595229400177,-12.82806467739,0.));
#9727 = VECTOR('',#9728,1.);
#9728 = DIRECTION('',(0.,0.,1.));
#9729 = ORIENTED_EDGE('',*,*,#8723,.T.);
#9730 = ORIENTED_EDGE('',*,*,#9687,.F.);
#9731 = ORIENTED_EDGE('',*,*,#6617,.F.);
#9732 = SURFACE_OF_LINEAR_EXTRUSION('',#9733,#9738);
#9733 = B_SPLINE_CURVE_WITH_KNOTS('',3,(#9734,#9735,#9736,#9737),
  .UNSPECIFIED.,.F.,.F.,(4,4),(0.,1.),.PIECEWISE_BEZIER_KNOTS.);
#9734 = CARTESIAN_POINT('',(54.595229400177,-12.82806467739,0.));
#9735 = CARTESIAN_POINT('',(54.681369086246,-12.88040994874,0.));
#9736 = CARTESIAN_POINT('',(54.946644092893,-13.02801829357,0.));
#9737 = CARTESIAN_POINT('',(55.438265246955,-13.18801463468,0.));
#9738 = VECTOR('',#9739,1.);
#9739 = DIRECTION('',(-0.,-0.,-1.));
#9740 = ADVANCED_FACE('',(#9741),#9752,.F.);
#9741 = FACE_BOUND('',#9742,.F.);
#9742 = EDGE_LOOP('',(#9743,#9744,#9745,#9751));
#9743 = ORIENTED_EDGE('',*,*,#9709,.T.);
#9744 = ORIENTED_EDGE('',*,*,#6946,.T.);
#9745 = ORIENTED_EDGE('',*,*,#9746,.F.);
#9746 = EDGE_CURVE('',#4841,#6947,#9747,.T.);
#9747 = LINE('',#9748,#9749);
#9748 = CARTESIAN_POINT('',(56.10890320352,9.546706864227,0.));
#9749 = VECTOR('',#9750,1.);
#9750 = DIRECTION('',(0.,0.,1.));
#9751 = ORIENTED_EDGE('',*,*,#4840,.F.);
#9752 = CYLINDRICAL_SURFACE('',#9753,0.76);
#9753 = AXIS2_PLACEMENT_3D('',#9754,#9755,#9756);
#9754 = CARTESIAN_POINT('',(56.423078708342,8.854685367329,0.));
#9755 = DIRECTION('',(0.,0.,-1.));
#9756 = DIRECTION('',(-0.91764659371,-0.397397444698,-0.));
#9757 = ADVANCED_FACE('',(#9758),#9769,.F.);
#9758 = FACE_BOUND('',#9759,.F.);
#9759 = EDGE_LOOP('',(#9760,#9766,#9767,#9768));
#9760 = ORIENTED_EDGE('',*,*,#9761,.T.);
#9761 = EDGE_CURVE('',#6601,#8707,#9762,.T.);
#9762 = LINE('',#9763,#9764);
#9763 = CARTESIAN_POINT('',(54.322142268664,-12.64146758437,0.));
#9764 = VECTOR('',#9765,1.);
#9765 = DIRECTION('',(0.,0.,1.));
#9766 = ORIENTED_EDGE('',*,*,#8715,.T.);
#9767 = ORIENTED_EDGE('',*,*,#9724,.F.);
#9768 = ORIENTED_EDGE('',*,*,#6609,.F.);
#9769 = PLANE('',#9770);
#9770 = AXIS2_PLACEMENT_3D('',#9771,#9772,#9773);
#9771 = CARTESIAN_POINT('',(54.322142268664,-12.64146758437,0.));
#9772 = DIRECTION('',(0.564164851238,0.825662171005,0.));
#9773 = DIRECTION('',(0.825662171005,-0.564164851238,0.));
#9774 = ADVANCED_FACE('',(#9775),#9786,.F.);
#9775 = FACE_BOUND('',#9776,.F.);
#9776 = EDGE_LOOP('',(#9777,#9778,#9779,#9785));
#9777 = ORIENTED_EDGE('',*,*,#9746,.T.);
#9778 = ORIENTED_EDGE('',*,*,#6955,.T.);
#9779 = ORIENTED_EDGE('',*,*,#9780,.F.);
#9780 = EDGE_CURVE('',#4850,#6956,#9781,.T.);
#9781 = LINE('',#9782,#9783);
#9782 = CARTESIAN_POINT('',(56.407044592103,9.689908711055,0.));
#9783 = VECTOR('',#9784,1.);
#9784 = DIRECTION('',(0.,0.,1.));
#9785 = ORIENTED_EDGE('',*,*,#4849,.F.);
#9786 = PLANE('',#9787);
#9787 = AXIS2_PLACEMENT_3D('',#9788,#9789,#9790);
#9788 = CARTESIAN_POINT('',(56.10890320352,9.546706864227,0.));
#9789 = DIRECTION('',(-0.432961989415,0.901412178596,0.));
#9790 = DIRECTION('',(0.901412178596,0.432961989415,0.));
#9791 = ADVANCED_FACE('',(#9792),#9803,.F.);
#9792 = FACE_BOUND('',#9793,.F.);
#9793 = EDGE_LOOP('',(#9794,#9800,#9801,#9802));
#9794 = ORIENTED_EDGE('',*,*,#9795,.T.);
#9795 = EDGE_CURVE('',#6592,#8698,#9796,.T.);
#9796 = LINE('',#9797,#9798);
#9797 = CARTESIAN_POINT('',(53.26965734448,-12.80659733122,0.));
#9798 = VECTOR('',#9799,1.);
#9799 = DIRECTION('',(0.,0.,1.));
#9800 = ORIENTED_EDGE('',*,*,#8706,.T.);
#9801 = ORIENTED_EDGE('',*,*,#9761,.F.);
#9802 = ORIENTED_EDGE('',*,*,#6600,.F.);
#9803 = CYLINDRICAL_SURFACE('',#9804,0.76);
#9804 = AXIS2_PLACEMENT_3D('',#9805,#9806,#9807);
#9805 = CARTESIAN_POINT('',(53.879921824796,-13.25956230124,0.));
#9806 = DIRECTION('',(0.,0.,-1.));
#9807 = DIRECTION('',(-0.802979579363,0.5960065395,0.));
#9808 = ADVANCED_FACE('',(#9809),#9820,.F.);
#9809 = FACE_BOUND('',#9810,.F.);
#9810 = EDGE_LOOP('',(#9811,#9812,#9813,#9819));
#9811 = ORIENTED_EDGE('',*,*,#9780,.T.);
#9812 = ORIENTED_EDGE('',*,*,#6963,.T.);
#9813 = ORIENTED_EDGE('',*,*,#9814,.F.);
#9814 = EDGE_CURVE('',#4858,#6964,#9815,.T.);
#9815 = LINE('',#9816,#9817);
#9816 = CARTESIAN_POINT('',(57.140288322592,10.240024192023,0.));
#9817 = VECTOR('',#9818,1.);
#9818 = DIRECTION('',(0.,0.,1.));
#9819 = ORIENTED_EDGE('',*,*,#4857,.F.);
#9820 = SURFACE_OF_LINEAR_EXTRUSION('',#9821,#9826);
#9821 = B_SPLINE_CURVE_WITH_KNOTS('',3,(#9822,#9823,#9824,#9825),
  .UNSPECIFIED.,.F.,.F.,(4,4),(0.,1.),.PIECEWISE_BEZIER_KNOTS.);
#9822 = CARTESIAN_POINT('',(56.407044592103,9.689908711055,0.));
#9823 = CARTESIAN_POINT('',(56.495446769896,9.738335231789,0.));
#9824 = CARTESIAN_POINT('',(56.755916849652,9.89426595412,0.));
#9825 = CARTESIAN_POINT('',(57.140288322592,10.240024192023,0.));
#9826 = VECTOR('',#9827,1.);
#9827 = DIRECTION('',(-0.,-0.,-1.));
#9828 = ADVANCED_FACE('',(#9829),#9840,.T.);
#9829 = FACE_BOUND('',#9830,.F.);
#9830 = EDGE_LOOP('',(#9831,#9837,#9838,#9839));
#9831 = ORIENTED_EDGE('',*,*,#9832,.T.);
#9832 = EDGE_CURVE('',#6583,#8689,#9833,.T.);
#9833 = LINE('',#9834,#9835);
#9834 = CARTESIAN_POINT('',(52.839939332265,-13.36661674791,0.));
#9835 = VECTOR('',#9836,1.);
#9836 = DIRECTION('',(0.,0.,1.));
#9837 = ORIENTED_EDGE('',*,*,#8697,.T.);
#9838 = ORIENTED_EDGE('',*,*,#9795,.F.);
#9839 = ORIENTED_EDGE('',*,*,#6591,.F.);
#9840 = CYLINDRICAL_SURFACE('',#9841,21.49999999998);
#9841 = AXIS2_PLACEMENT_3D('',#9842,#9843,#9844);
#9842 = CARTESIAN_POINT('',(36.000000000016,-1.180744391149E-11,0.));
#9843 = DIRECTION('',(0.,0.,-1.));
#9844 = DIRECTION('',(0.783252992198,-0.621703104554,0.));
#9845 = ADVANCED_FACE('',(#9846),#9857,.F.);
#9846 = FACE_BOUND('',#9847,.F.);
#9847 = EDGE_LOOP('',(#9848,#9849,#9850,#9856));
#9848 = ORIENTED_EDGE('',*,*,#9814,.T.);
#9849 = ORIENTED_EDGE('',*,*,#6972,.T.);
#9850 = ORIENTED_EDGE('',*,*,#9851,.F.);
#9851 = EDGE_CURVE('',#4867,#6973,#9852,.T.);
#9852 = LINE('',#9853,#9854);
#9853 = CARTESIAN_POINT('',(58.86731194496,12.377183403528,0.));
#9854 = VECTOR('',#9855,1.);
#9855 = DIRECTION('',(0.,0.,1.));
#9856 = ORIENTED_EDGE('',*,*,#4866,.F.);
#9857 = SURFACE_OF_LINEAR_EXTRUSION('',#9858,#9863);
#9858 = B_SPLINE_CURVE_WITH_KNOTS('',3,(#9859,#9860,#9861,#9862),
  .UNSPECIFIED.,.F.,.F.,(4,4),(0.,1.),.PIECEWISE_BEZIER_KNOTS.);
#9859 = CARTESIAN_POINT('',(57.140288322592,10.240024192023,0.));
#9860 = CARTESIAN_POINT('',(57.599781833058,10.655581316677,0.));
#9861 = CARTESIAN_POINT('',(58.218830582051,11.331540639755,0.));
#9862 = CARTESIAN_POINT('',(58.86731194496,12.377183403528,0.));
#9863 = VECTOR('',#9864,1.);
#9864 = DIRECTION('',(-0.,-0.,-1.));
#9865 = ADVANCED_FACE('',(#9866),#9877,.F.);
#9866 = FACE_BOUND('',#9867,.F.);
#9867 = EDGE_LOOP('',(#9868,#9874,#9875,#9876));
#9868 = ORIENTED_EDGE('',*,*,#9869,.T.);
#9869 = EDGE_CURVE('',#6575,#8681,#9870,.T.);
#9870 = LINE('',#9871,#9872);
#9871 = CARTESIAN_POINT('',(52.952839388154,-14.42597784136,0.));
#9872 = VECTOR('',#9873,1.);
#9873 = DIRECTION('',(0.,0.,1.));
#9874 = ORIENTED_EDGE('',*,*,#8688,.T.);
#9875 = ORIENTED_EDGE('',*,*,#9832,.F.);
#9876 = ORIENTED_EDGE('',*,*,#6582,.F.);
#9877 = CYLINDRICAL_SURFACE('',#9878,0.76);
#9878 = AXIS2_PLACEMENT_3D('',#9879,#9880,#9881);
#9879 = CARTESIAN_POINT('',(53.435417965266,-13.83885100931,0.));
#9880 = DIRECTION('',(0.,0.,-1.));
#9881 = DIRECTION('',(-0.634971811991,-0.772535305327,-0.));
#9882 = ADVANCED_FACE('',(#9883),#9894,.T.);
#9883 = FACE_BOUND('',#9884,.F.);
#9884 = EDGE_LOOP('',(#9885,#9886,#9887,#9893));
#9885 = ORIENTED_EDGE('',*,*,#9851,.T.);
#9886 = ORIENTED_EDGE('',*,*,#6981,.T.);
#9887 = ORIENTED_EDGE('',*,*,#9888,.F.);
#9888 = EDGE_CURVE('',#4876,#6982,#9889,.T.);
#9889 = LINE('',#9890,#9891);
#9890 = CARTESIAN_POINT('',(58.15040375592,13.614683744021,0.));
#9891 = VECTOR('',#9892,1.);
#9892 = DIRECTION('',(0.,0.,1.));
#9893 = ORIENTED_EDGE('',*,*,#4875,.F.);
#9894 = CYLINDRICAL_SURFACE('',#9895,26.000000000012);
#9895 = AXIS2_PLACEMENT_3D('',#9896,#9897,#9898);
#9896 = CARTESIAN_POINT('',(36.019916751802,-3.235054776561E-02,0.));
#9897 = DIRECTION('',(0.,0.,-1.));
#9898 = DIRECTION('',(0.878745968967,0.477289767357,0.));
#9899 = ADVANCED_FACE('',(#9900),#9911,.F.);
#9900 = FACE_BOUND('',#9901,.F.);
#9901 = EDGE_LOOP('',(#9902,#9908,#9909,#9910));
#9902 = ORIENTED_EDGE('',*,*,#9903,.T.);
#9903 = EDGE_CURVE('',#6566,#8672,#9904,.T.);
#9904 = LINE('',#9905,#9906);
#9905 = CARTESIAN_POINT('',(53.203758490019,-14.64146487308,0.));
#9906 = VECTOR('',#9907,1.);
#9907 = DIRECTION('',(0.,0.,1.));
#9908 = ORIENTED_EDGE('',*,*,#8680,.T.);
#9909 = ORIENTED_EDGE('',*,*,#9869,.F.);
#9910 = ORIENTED_EDGE('',*,*,#6574,.F.);
#9911 = PLANE('',#9912);
#9912 = AXIS2_PLACEMENT_3D('',#9913,#9914,#9915);
#9913 = CARTESIAN_POINT('',(53.203758490019,-14.64146487308,0.));
#9914 = DIRECTION('',(-0.651511806685,-0.758638494772,0.));
#9915 = DIRECTION('',(-0.758638494772,0.651511806685,0.));
#9916 = ADVANCED_FACE('',(#9917),#9928,.F.);
#9917 = FACE_BOUND('',#9918,.F.);
#9918 = EDGE_LOOP('',(#9919,#9920,#9921,#9927));
#9919 = ORIENTED_EDGE('',*,*,#9888,.T.);
#9920 = ORIENTED_EDGE('',*,*,#6990,.T.);
#9921 = ORIENTED_EDGE('',*,*,#9922,.F.);
#9922 = EDGE_CURVE('',#4885,#6991,#9923,.T.);
#9923 = LINE('',#9924,#9925);
#9924 = CARTESIAN_POINT('',(55.438265246955,13.18801463468,0.));
#9925 = VECTOR('',#9926,1.);
#9926 = DIRECTION('',(0.,0.,1.));
#9927 = ORIENTED_EDGE('',*,*,#4884,.F.);
#9928 = SURFACE_OF_LINEAR_EXTRUSION('',#9929,#9934);
#9929 = B_SPLINE_CURVE_WITH_KNOTS('',3,(#9930,#9931,#9932,#9933),
  .UNSPECIFIED.,.F.,.F.,(4,4),(0.,1.),.PIECEWISE_BEZIER_KNOTS.);
#9930 = CARTESIAN_POINT('',(58.15040375592,13.614683744021,0.));
#9931 = CARTESIAN_POINT('',(56.922817349069,13.576301406562,0.));
#9932 = CARTESIAN_POINT('',(56.027895028862,13.378169125292,0.));
#9933 = CARTESIAN_POINT('',(55.438265246955,13.18801463468,0.));
#9934 = VECTOR('',#9935,1.);
#9935 = DIRECTION('',(-0.,-0.,-1.));
#9936 = ADVANCED_FACE('',(#9937),#9948,.F.);
#9937 = FACE_BOUND('',#9938,.F.);
#9938 = EDGE_LOOP('',(#9939,#9945,#9946,#9947));
#9939 = ORIENTED_EDGE('',*,*,#9940,.T.);
#9940 = EDGE_CURVE('',#6557,#8663,#9941,.T.);
#9941 = LINE('',#9942,#9943);
#9942 = CARTESIAN_POINT('',(53.769637182782,-15.36261306574,0.));
#9943 = VECTOR('',#9944,1.);
#9944 = DIRECTION('',(0.,0.,1.));
#9945 = ORIENTED_EDGE('',*,*,#8671,.T.);
#9946 = ORIENTED_EDGE('',*,*,#9903,.F.);
#9947 = ORIENTED_EDGE('',*,*,#6565,.F.);
#9948 = SURFACE_OF_LINEAR_EXTRUSION('',#9949,#9954);
#9949 = B_SPLINE_CURVE_WITH_KNOTS('',3,(#9950,#9951,#9952,#9953),
  .UNSPECIFIED.,.F.,.F.,(4,4),(0.,1.),.PIECEWISE_BEZIER_KNOTS.);
#9950 = CARTESIAN_POINT('',(53.769637182782,-15.36261306574,0.));
#9951 = CARTESIAN_POINT('',(53.487851667152,-14.92915359651,0.));
#9952 = CARTESIAN_POINT('',(53.276614730795,-14.71112146737,0.));
#9953 = CARTESIAN_POINT('',(53.203758490019,-14.64146487308,0.));
#9954 = VECTOR('',#9955,1.);
#9955 = DIRECTION('',(-0.,-0.,-1.));
#9956 = ADVANCED_FACE('',(#9957),#9968,.F.);
#9957 = FACE_BOUND('',#9958,.F.);
#9958 = EDGE_LOOP('',(#9959,#9960,#9961,#9967));
#9959 = ORIENTED_EDGE('',*,*,#9922,.T.);
#9960 = ORIENTED_EDGE('',*,*,#6999,.T.);
#9961 = ORIENTED_EDGE('',*,*,#9962,.F.);
#9962 = EDGE_CURVE('',#4894,#7000,#9963,.T.);
#9963 = LINE('',#9964,#9965);
#9964 = CARTESIAN_POINT('',(54.595229400177,12.828064677396,0.));
#9965 = VECTOR('',#9966,1.);
#9966 = DIRECTION('',(0.,0.,1.));
#9967 = ORIENTED_EDGE('',*,*,#4893,.F.);
#9968 = SURFACE_OF_LINEAR_EXTRUSION('',#9969,#9974);
#9969 = B_SPLINE_CURVE_WITH_KNOTS('',3,(#9970,#9971,#9972,#9973),
  .UNSPECIFIED.,.F.,.F.,(4,4),(0.,1.),.PIECEWISE_BEZIER_KNOTS.);
#9970 = CARTESIAN_POINT('',(55.438265246955,13.18801463468,0.));
#9971 = CARTESIAN_POINT('',(54.946644092893,13.028018293576,0.));
#9972 = CARTESIAN_POINT('',(54.681369086246,12.880409948747,0.));
#9973 = CARTESIAN_POINT('',(54.595229400177,12.828064677396,0.));
#9974 = VECTOR('',#9975,1.);
#9975 = DIRECTION('',(-0.,-0.,-1.));
#9976 = ADVANCED_FACE('',(#9977),#9988,.F.);
#9977 = FACE_BOUND('',#9978,.F.);
#9978 = EDGE_LOOP('',(#9979,#9985,#9986,#9987));
#9979 = ORIENTED_EDGE('',*,*,#9980,.T.);
#9980 = EDGE_CURVE('',#6548,#8654,#9981,.T.);
#9981 = LINE('',#9982,#9983);
#9982 = CARTESIAN_POINT('',(54.88372099385,-17.87190760457,0.));
#9983 = VECTOR('',#9984,1.);
#9984 = DIRECTION('',(0.,0.,1.));
#9985 = ORIENTED_EDGE('',*,*,#8662,.T.);
#9986 = ORIENTED_EDGE('',*,*,#9940,.F.);
#9987 = ORIENTED_EDGE('',*,*,#6556,.F.);
#9988 = SURFACE_OF_LINEAR_EXTRUSION('',#9989,#9994);
#9989 = B_SPLINE_CURVE_WITH_KNOTS('',3,(#9990,#9991,#9992,#9993),
  .UNSPECIFIED.,.F.,.F.,(4,4),(0.,1.),.PIECEWISE_BEZIER_KNOTS.);
#9990 = CARTESIAN_POINT('',(54.88372099385,-17.87190760457,0.));
#9991 = CARTESIAN_POINT('',(54.528923761223,-16.69608427012,0.));
#9992 = CARTESIAN_POINT('',(54.105919733366,-15.88293609635,0.));
#9993 = CARTESIAN_POINT('',(53.769637182782,-15.36261306574,0.));
#9994 = VECTOR('',#9995,1.);
#9995 = DIRECTION('',(-0.,-0.,-1.));
#9996 = ADVANCED_FACE('',(#9997),#10008,.F.);
#9997 = FACE_BOUND('',#9998,.F.);
#9998 = EDGE_LOOP('',(#9999,#10000,#10001,#10007));
#9999 = ORIENTED_EDGE('',*,*,#9962,.T.);
#10000 = ORIENTED_EDGE('',*,*,#7008,.T.);
#10001 = ORIENTED_EDGE('',*,*,#10002,.F.);
#10002 = EDGE_CURVE('',#4903,#7009,#10003,.T.);
#10003 = LINE('',#10004,#10005);
#10004 = CARTESIAN_POINT('',(54.322142268664,12.641467584377,0.));
#10005 = VECTOR('',#10006,1.);
#10006 = DIRECTION('',(0.,0.,1.));
#10007 = ORIENTED_EDGE('',*,*,#4902,.F.);
#10008 = PLANE('',#10009);
#10009 = AXIS2_PLACEMENT_3D('',#10010,#10011,#10012);
#10010 = CARTESIAN_POINT('',(54.595229400177,12.828064677396,0.));
#10011 = DIRECTION('',(0.564164851238,-0.825662171005,0.));
#10012 = DIRECTION('',(-0.825662171005,-0.564164851238,0.));
#10013 = ADVANCED_FACE('',(#10014),#10025,.T.);
#10014 = FACE_BOUND('',#10015,.F.);
#10015 = EDGE_LOOP('',(#10016,#10022,#10023,#10024));
#10016 = ORIENTED_EDGE('',*,*,#10017,.T.);
#10017 = EDGE_CURVE('',#6539,#8645,#10018,.T.);
#10018 = LINE('',#10019,#10020);
#10019 = CARTESIAN_POINT('',(53.87393694784,-18.88467639588,0.));
#10020 = VECTOR('',#10021,1.);
#10021 = DIRECTION('',(0.,0.,1.));
#10022 = ORIENTED_EDGE('',*,*,#8653,.T.);
#10023 = ORIENTED_EDGE('',*,*,#9980,.F.);
#10024 = ORIENTED_EDGE('',*,*,#6547,.F.);
#10025 = CYLINDRICAL_SURFACE('',#10026,25.999999999993);
#10026 = AXIS2_PLACEMENT_3D('',#10027,#10028,#10029);
#10027 = CARTESIAN_POINT('',(35.973906605115,-2.761104283628E-02,0.));
#10028 = DIRECTION('',(0.,0.,-1.));
#10029 = DIRECTION('',(0.68846270549,-0.725271744348,0.));
#10030 = ADVANCED_FACE('',(#10031),#10042,.F.);
#10031 = FACE_BOUND('',#10032,.F.);
#10032 = EDGE_LOOP('',(#10033,#10034,#10035,#10041));
#10033 = ORIENTED_EDGE('',*,*,#10002,.T.);
#10034 = ORIENTED_EDGE('',*,*,#7016,.T.);
#10035 = ORIENTED_EDGE('',*,*,#10036,.F.);
#10036 = EDGE_CURVE('',#4911,#7017,#10037,.T.);
#10037 = LINE('',#10038,#10039);
#10038 = CARTESIAN_POINT('',(53.26965734448,12.806597331229,0.));
#10039 = VECTOR('',#10040,1.);
#10040 = DIRECTION('',(0.,0.,1.));
#10041 = ORIENTED_EDGE('',*,*,#4910,.F.);
#10042 = CYLINDRICAL_SURFACE('',#10043,0.76);
#10043 = AXIS2_PLACEMENT_3D('',#10044,#10045,#10046);
#10044 = CARTESIAN_POINT('',(53.879921824796,13.259562301249,0.));
#10045 = DIRECTION('',(0.,0.,-1.));
#10046 = DIRECTION('',(0.581869005089,-0.8132825222,0.));
#10047 = ADVANCED_FACE('',(#10048),#10059,.F.);
#10048 = FACE_BOUND('',#10049,.F.);
#10049 = EDGE_LOOP('',(#10050,#10056,#10057,#10058));
#10050 = ORIENTED_EDGE('',*,*,#10051,.T.);
#10051 = EDGE_CURVE('',#6530,#8636,#10052,.T.);
#10052 = LINE('',#10053,#10054);
#10053 = CARTESIAN_POINT('',(51.362613065745,-17.76963718278,0.));
#10054 = VECTOR('',#10055,1.);
#10055 = DIRECTION('',(0.,0.,1.));
#10056 = ORIENTED_EDGE('',*,*,#8644,.T.);
#10057 = ORIENTED_EDGE('',*,*,#10017,.F.);
#10058 = ORIENTED_EDGE('',*,*,#6538,.F.);
#10059 = SURFACE_OF_LINEAR_EXTRUSION('',#10060,#10065);
#10060 = B_SPLINE_CURVE_WITH_KNOTS('',3,(#10061,#10062,#10063,#10064),
  .UNSPECIFIED.,.F.,.F.,(4,4),(0.,1.),.PIECEWISE_BEZIER_KNOTS.);
#10061 = CARTESIAN_POINT('',(51.362613065745,-17.76963718278,0.));
#10062 = CARTESIAN_POINT('',(51.882936096356,-18.10591973336,0.));
#10063 = CARTESIAN_POINT('',(52.696084270124,-18.52892376122,0.));
#10064 = CARTESIAN_POINT('',(53.87393694784,-18.88467639588,0.));
#10065 = VECTOR('',#10066,1.);
#10066 = DIRECTION('',(-0.,-0.,-1.));
#10067 = ADVANCED_FACE('',(#10068),#10079,.T.);
#10068 = FACE_BOUND('',#10069,.F.);
#10069 = EDGE_LOOP('',(#10070,#10071,#10072,#10078));
#10070 = ORIENTED_EDGE('',*,*,#10036,.T.);
#10071 = ORIENTED_EDGE('',*,*,#7025,.T.);
#10072 = ORIENTED_EDGE('',*,*,#10073,.F.);
#10073 = EDGE_CURVE('',#4920,#7026,#10074,.T.);
#10074 = LINE('',#10075,#10076);
#10075 = CARTESIAN_POINT('',(52.839939332265,13.366616747915,0.));
#10076 = VECTOR('',#10077,1.);
#10077 = DIRECTION('',(0.,0.,1.));
#10078 = ORIENTED_EDGE('',*,*,#4919,.F.);
#10079 = CYLINDRICAL_SURFACE('',#10080,21.500000000018);
#10080 = AXIS2_PLACEMENT_3D('',#10081,#10082,#10083);
#10081 = CARTESIAN_POINT('',(35.999999999986,-1.093081181125E-11,0.));
#10082 = DIRECTION('',(0.,0.,-1.));
#10083 = DIRECTION('',(0.803239876487,0.595655689825,0.));
#10084 = ADVANCED_FACE('',(#10085),#10096,.F.);
#10085 = FACE_BOUND('',#10086,.F.);
#10086 = EDGE_LOOP('',(#10087,#10093,#10094,#10095));
#10087 = ORIENTED_EDGE('',*,*,#10088,.T.);
#10088 = EDGE_CURVE('',#6522,#8628,#10089,.T.);
#10089 = LINE('',#10090,#10091);
#10090 = CARTESIAN_POINT('',(50.641464873084,-17.20375849001,0.));
#10091 = VECTOR('',#10092,1.);
#10092 = DIRECTION('',(0.,0.,1.));
#10093 = ORIENTED_EDGE('',*,*,#8635,.T.);
#10094 = ORIENTED_EDGE('',*,*,#10051,.F.);
#10095 = ORIENTED_EDGE('',*,*,#6529,.F.);
#10096 = SURFACE_OF_LINEAR_EXTRUSION('',#10097,#10102);
#10097 = B_SPLINE_CURVE_WITH_KNOTS('',3,(#10098,#10099,#10100,#10101),
  .UNSPECIFIED.,.F.,.F.,(4,4),(0.,1.),.PIECEWISE_BEZIER_KNOTS.);
#10098 = CARTESIAN_POINT('',(50.641464873084,-17.20375849001,0.));
#10099 = CARTESIAN_POINT('',(50.711121467379,-17.27661473079,0.));
#10100 = CARTESIAN_POINT('',(50.929153596511,-17.48785166715,0.));
#10101 = CARTESIAN_POINT('',(51.362613065745,-17.76963718278,0.));
#10102 = VECTOR('',#10103,1.);
#10103 = DIRECTION('',(-0.,-0.,-1.));
#10104 = ADVANCED_FACE('',(#10105),#10116,.F.);
#10105 = FACE_BOUND('',#10106,.F.);
#10106 = EDGE_LOOP('',(#10107,#10108,#10109,#10115));
#10107 = ORIENTED_EDGE('',*,*,#10073,.T.);
#10108 = ORIENTED_EDGE('',*,*,#7034,.T.);
#10109 = ORIENTED_EDGE('',*,*,#10110,.F.);
#10110 = EDGE_CURVE('',#4929,#7035,#10111,.T.);
#10111 = LINE('',#10112,#10113);
#10112 = CARTESIAN_POINT('',(52.952839388154,14.425977841362,0.));
#10113 = VECTOR('',#10114,1.);
#10114 = DIRECTION('',(0.,0.,1.));
#10115 = ORIENTED_EDGE('',*,*,#4928,.F.);
#10116 = CYLINDRICAL_SURFACE('',#10117,0.76);
#10117 = AXIS2_PLACEMENT_3D('',#10118,#10119,#10120);
#10118 = CARTESIAN_POINT('',(53.435417965266,13.838851009313,0.));
#10119 = DIRECTION('',(0.,0.,-1.));
#10120 = DIRECTION('',(-0.783524517107,-0.621360870261,-0.));
#10121 = ADVANCED_FACE('',(#10122),#10133,.F.);
#10122 = FACE_BOUND('',#10123,.F.);
#10123 = EDGE_LOOP('',(#10124,#10130,#10131,#10132));
#10124 = ORIENTED_EDGE('',*,*,#10125,.T.);
#10125 = EDGE_CURVE('',#6513,#8619,#10126,.T.);
#10126 = LINE('',#10127,#10128);
#10127 = CARTESIAN_POINT('',(50.425977841362,-16.95283938815,0.));
#10128 = VECTOR('',#10129,1.);
#10129 = DIRECTION('',(0.,0.,1.));
#10130 = ORIENTED_EDGE('',*,*,#8627,.T.);
#10131 = ORIENTED_EDGE('',*,*,#10088,.F.);
#10132 = ORIENTED_EDGE('',*,*,#6521,.F.);
#10133 = PLANE('',#10134);
#10134 = AXIS2_PLACEMENT_3D('',#10135,#10136,#10137);
#10135 = CARTESIAN_POINT('',(50.425977841362,-16.95283938815,0.));
#10136 = DIRECTION('',(0.758638494772,0.651511806685,0.));
#10137 = DIRECTION('',(0.651511806685,-0.758638494772,0.));
#10138 = ADVANCED_FACE('',(#10139),#10150,.F.);
#10139 = FACE_BOUND('',#10140,.F.);
#10140 = EDGE_LOOP('',(#10141,#10142,#10143,#10149));
#10141 = ORIENTED_EDGE('',*,*,#10110,.T.);
#10142 = ORIENTED_EDGE('',*,*,#7043,.T.);
#10143 = ORIENTED_EDGE('',*,*,#10144,.F.);
#10144 = EDGE_CURVE('',#4938,#7044,#10145,.T.);
#10145 = LINE('',#10146,#10147);
#10146 = CARTESIAN_POINT('',(53.203758490019,14.641464873084,0.));
#10147 = VECTOR('',#10148,1.);
#10148 = DIRECTION('',(0.,0.,1.));
#10149 = ORIENTED_EDGE('',*,*,#4937,.F.);
#10150 = PLANE('',#10151);
#10151 = AXIS2_PLACEMENT_3D('',#10152,#10153,#10154);
#10152 = CARTESIAN_POINT('',(52.952839388154,14.425977841362,0.));
#10153 = DIRECTION('',(-0.651511806685,0.758638494772,0.));
#10154 = DIRECTION('',(0.758638494772,0.651511806685,0.));
#10155 = ADVANCED_FACE('',(#10156),#10167,.F.);
#10156 = FACE_BOUND('',#10157,.F.);
#10157 = EDGE_LOOP('',(#10158,#10164,#10165,#10166));
#10158 = ORIENTED_EDGE('',*,*,#10159,.T.);
#10159 = EDGE_CURVE('',#6504,#8610,#10160,.T.);
#10160 = LINE('',#10161,#10162);
#10161 = CARTESIAN_POINT('',(49.366616747915,-16.83993933226,0.));
#10162 = VECTOR('',#10163,1.);
#10163 = DIRECTION('',(0.,0.,1.));
#10164 = ORIENTED_EDGE('',*,*,#8618,.T.);
#10165 = ORIENTED_EDGE('',*,*,#10125,.F.);
#10166 = ORIENTED_EDGE('',*,*,#6512,.F.);
#10167 = CYLINDRICAL_SURFACE('',#10168,0.76);
#10168 = AXIS2_PLACEMENT_3D('',#10169,#10170,#10171);
#10169 = CARTESIAN_POINT('',(49.838851009313,-17.43541796526,0.));
#10170 = DIRECTION('',(0.,0.,-1.));
#10171 = DIRECTION('',(-0.621360870261,0.783524517107,0.));
#10172 = ADVANCED_FACE('',(#10173),#10184,.F.);
#10173 = FACE_BOUND('',#10174,.F.);
#10174 = EDGE_LOOP('',(#10175,#10176,#10177,#10183));
#10175 = ORIENTED_EDGE('',*,*,#10144,.T.);
#10176 = ORIENTED_EDGE('',*,*,#7051,.T.);
#10177 = ORIENTED_EDGE('',*,*,#10178,.F.);
#10178 = EDGE_CURVE('',#4946,#7052,#10179,.T.);
#10179 = LINE('',#10180,#10181);
#10180 = CARTESIAN_POINT('',(53.769637182782,15.362613065745,0.));
#10181 = VECTOR('',#10182,1.);
#10182 = DIRECTION('',(0.,0.,1.));
#10183 = ORIENTED_EDGE('',*,*,#4945,.F.);
#10184 = SURFACE_OF_LINEAR_EXTRUSION('',#10185,#10190);
#10185 = B_SPLINE_CURVE_WITH_KNOTS('',3,(#10186,#10187,#10188,#10189),
  .UNSPECIFIED.,.F.,.F.,(4,4),(0.,1.),.PIECEWISE_BEZIER_KNOTS.);
#10186 = CARTESIAN_POINT('',(53.203758490019,14.641464873084,0.));
#10187 = CARTESIAN_POINT('',(53.276614730795,14.711121467379,0.));
#10188 = CARTESIAN_POINT('',(53.487851667152,14.929153596511,0.));
#10189 = CARTESIAN_POINT('',(53.769637182782,15.362613065745,0.));
#10190 = VECTOR('',#10191,1.);
#10191 = DIRECTION('',(-0.,-0.,-1.));
#10192 = ADVANCED_FACE('',(#10193),#10204,.T.);
#10193 = FACE_BOUND('',#10194,.F.);
#10194 = EDGE_LOOP('',(#10195,#10201,#10202,#10203));
#10195 = ORIENTED_EDGE('',*,*,#10196,.T.);
#10196 = EDGE_CURVE('',#6495,#8601,#10197,.T.);
#10197 = LINE('',#10198,#10199);
#10198 = CARTESIAN_POINT('',(48.806597331229,-17.26965734448,0.));
#10199 = VECTOR('',#10200,1.);
#10200 = DIRECTION('',(0.,0.,1.));
#10201 = ORIENTED_EDGE('',*,*,#8609,.T.);
#10202 = ORIENTED_EDGE('',*,*,#10159,.F.);
#10203 = ORIENTED_EDGE('',*,*,#6503,.F.);
#10204 = CYLINDRICAL_SURFACE('',#10205,21.500000000018);
#10205 = AXIS2_PLACEMENT_3D('',#10206,#10207,#10208);
#10206 = CARTESIAN_POINT('',(35.999999999989,1.427125084774E-11,0.));
#10207 = DIRECTION('',(0.,0.,-1.));
#10208 = DIRECTION('',(0.595655689825,-0.803239876487,0.));
#10209 = ADVANCED_FACE('',(#10210),#10221,.F.);
#10210 = FACE_BOUND('',#10211,.F.);
#10211 = EDGE_LOOP('',(#10212,#10213,#10214,#10220));
#10212 = ORIENTED_EDGE('',*,*,#10178,.T.);
#10213 = ORIENTED_EDGE('',*,*,#7060,.T.);
#10214 = ORIENTED_EDGE('',*,*,#10215,.F.);
#10215 = EDGE_CURVE('',#4955,#7061,#10216,.T.);
#10216 = LINE('',#10217,#10218);
#10217 = CARTESIAN_POINT('',(54.884676395886,17.87393694784,0.));
#10218 = VECTOR('',#10219,1.);
#10219 = DIRECTION('',(0.,0.,1.));
#10220 = ORIENTED_EDGE('',*,*,#4954,.F.);
#10221 = SURFACE_OF_LINEAR_EXTRUSION('',#10222,#10227);
#10222 = B_SPLINE_CURVE_WITH_KNOTS('',3,(#10223,#10224,#10225,#10226),
  .UNSPECIFIED.,.F.,.F.,(4,4),(0.,1.),.PIECEWISE_BEZIER_KNOTS.);
#10223 = CARTESIAN_POINT('',(53.769637182782,15.362613065745,0.));
#10224 = CARTESIAN_POINT('',(54.105919733366,15.882936096356,0.));
#10225 = CARTESIAN_POINT('',(54.528923761223,16.696084270124,0.));
#10226 = CARTESIAN_POINT('',(54.884676395886,17.87393694784,0.));
#10227 = VECTOR('',#10228,1.);
#10228 = DIRECTION('',(-0.,-0.,-1.));
#10229 = ADVANCED_FACE('',(#10230),#10241,.F.);
#10230 = FACE_BOUND('',#10231,.F.);
#10231 = EDGE_LOOP('',(#10232,#10238,#10239,#10240));
#10232 = ORIENTED_EDGE('',*,*,#10233,.T.);
#10233 = EDGE_CURVE('',#6487,#8593,#10234,.T.);
#10234 = LINE('',#10235,#10236);
#10235 = CARTESIAN_POINT('',(48.641467584377,-18.32214226866,0.));
#10236 = VECTOR('',#10237,1.);
#10237 = DIRECTION('',(0.,0.,1.));
#10238 = ORIENTED_EDGE('',*,*,#8600,.T.);
#10239 = ORIENTED_EDGE('',*,*,#10196,.F.);
#10240 = ORIENTED_EDGE('',*,*,#6494,.F.);
#10241 = CYLINDRICAL_SURFACE('',#10242,0.76);
#10242 = AXIS2_PLACEMENT_3D('',#10243,#10244,#10245);
#10243 = CARTESIAN_POINT('',(49.259562301249,-17.87992182479,0.));
#10244 = DIRECTION('',(0.,0.,-1.));
#10245 = DIRECTION('',(-0.8132825222,-0.581869005089,-0.));
#10246 = ADVANCED_FACE('',(#10247),#10258,.T.);
#10247 = FACE_BOUND('',#10248,.F.);
#10248 = EDGE_LOOP('',(#10249,#10250,#10251,#10257));
#10249 = ORIENTED_EDGE('',*,*,#10215,.T.);
#10250 = ORIENTED_EDGE('',*,*,#7069,.T.);
#10251 = ORIENTED_EDGE('',*,*,#10252,.F.);
#10252 = EDGE_CURVE('',#4964,#7070,#10253,.T.);
#10253 = LINE('',#10254,#10255);
#10254 = CARTESIAN_POINT('',(53.871907604573,18.88372099385,0.));
#10255 = VECTOR('',#10256,1.);
#10256 = DIRECTION('',(0.,0.,1.));
#10257 = ORIENTED_EDGE('',*,*,#4963,.F.);
#10258 = CYLINDRICAL_SURFACE('',#10259,25.999999999993);
#10259 = AXIS2_PLACEMENT_3D('',#10260,#10261,#10262);
#10260 = CARTESIAN_POINT('',(36.027611042836,-2.609339488499E-02,0.));
#10261 = DIRECTION('',(0.,0.,-1.));
#10262 = DIRECTION('',(0.725271744348,0.68846270549,0.));
#10263 = ADVANCED_FACE('',(#10264),#10275,.F.);
#10264 = FACE_BOUND('',#10265,.F.);
#10265 = EDGE_LOOP('',(#10266,#10272,#10273,#10274));
#10266 = ORIENTED_EDGE('',*,*,#10267,.T.);
#10267 = EDGE_CURVE('',#6478,#8584,#10268,.T.);
#10268 = LINE('',#10269,#10270);
#10269 = CARTESIAN_POINT('',(48.828064677396,-18.59522940017,0.));
#10270 = VECTOR('',#10271,1.);
#10271 = DIRECTION('',(0.,0.,1.));
#10272 = ORIENTED_EDGE('',*,*,#8592,.T.);
#10273 = ORIENTED_EDGE('',*,*,#10233,.F.);
#10274 = ORIENTED_EDGE('',*,*,#6486,.F.);
#10275 = PLANE('',#10276);
#10276 = AXIS2_PLACEMENT_3D('',#10277,#10278,#10279);
#10277 = CARTESIAN_POINT('',(48.828064677396,-18.59522940017,0.));
#10278 = DIRECTION('',(-0.825662171005,-0.564164851238,0.));
#10279 = DIRECTION('',(-0.564164851238,0.825662171005,0.));
#10280 = ADVANCED_FACE('',(#10281),#10292,.F.);
#10281 = FACE_BOUND('',#10282,.F.);
#10282 = EDGE_LOOP('',(#10283,#10284,#10285,#10291));
#10283 = ORIENTED_EDGE('',*,*,#10252,.T.);
#10284 = ORIENTED_EDGE('',*,*,#7078,.T.);
#10285 = ORIENTED_EDGE('',*,*,#10286,.F.);
#10286 = EDGE_CURVE('',#4973,#7079,#10287,.T.);
#10287 = LINE('',#10288,#10289);
#10288 = CARTESIAN_POINT('',(51.362613065745,17.769637182782,0.));
#10289 = VECTOR('',#10290,1.);
#10290 = DIRECTION('',(0.,0.,1.));
#10291 = ORIENTED_EDGE('',*,*,#4972,.F.);
#10292 = SURFACE_OF_LINEAR_EXTRUSION('',#10293,#10298);
#10293 = B_SPLINE_CURVE_WITH_KNOTS('',3,(#10294,#10295,#10296,#10297),
  .UNSPECIFIED.,.F.,.F.,(4,4),(0.,1.),.PIECEWISE_BEZIER_KNOTS.);
#10294 = CARTESIAN_POINT('',(53.871907604573,18.88372099385,0.));
#10295 = CARTESIAN_POINT('',(52.696084270124,18.528923761223,0.));
#10296 = CARTESIAN_POINT('',(51.882936096356,18.105919733366,0.));
#10297 = CARTESIAN_POINT('',(51.362613065745,17.769637182782,0.));
#10298 = VECTOR('',#10299,1.);
#10299 = DIRECTION('',(-0.,-0.,-1.));
#10300 = ADVANCED_FACE('',(#10301),#10312,.F.);
#10301 = FACE_BOUND('',#10302,.F.);
#10302 = EDGE_LOOP('',(#10303,#10309,#10310,#10311));
#10303 = ORIENTED_EDGE('',*,*,#10304,.T.);
#10304 = EDGE_CURVE('',#6469,#8575,#10305,.T.);
#10305 = LINE('',#10306,#10307);
#10306 = CARTESIAN_POINT('',(49.18801463468,-19.43826524695,0.));
#10307 = VECTOR('',#10308,1.);
#10308 = DIRECTION('',(0.,0.,1.));
#10309 = ORIENTED_EDGE('',*,*,#8583,.T.);
#10310 = ORIENTED_EDGE('',*,*,#10267,.F.);
#10311 = ORIENTED_EDGE('',*,*,#6477,.F.);
#10312 = SURFACE_OF_LINEAR_EXTRUSION('',#10313,#10318);
#10313 = B_SPLINE_CURVE_WITH_KNOTS('',3,(#10314,#10315,#10316,#10317),
  .UNSPECIFIED.,.F.,.F.,(4,4),(0.,1.),.PIECEWISE_BEZIER_KNOTS.);
#10314 = CARTESIAN_POINT('',(49.18801463468,-19.43826524695,0.));
#10315 = CARTESIAN_POINT('',(49.028018293576,-18.94664409289,0.));
#10316 = CARTESIAN_POINT('',(48.880409948747,-18.68136908624,0.));
#10317 = CARTESIAN_POINT('',(48.828064677396,-18.59522940017,0.));
#10318 = VECTOR('',#10319,1.);
#10319 = DIRECTION('',(-0.,-0.,-1.));
#10320 = ADVANCED_FACE('',(#10321),#10332,.F.);
#10321 = FACE_BOUND('',#10322,.F.);
#10322 = EDGE_LOOP('',(#10323,#10324,#10325,#10331));
#10323 = ORIENTED_EDGE('',*,*,#10286,.T.);
#10324 = ORIENTED_EDGE('',*,*,#7087,.T.);
#10325 = ORIENTED_EDGE('',*,*,#10326,.F.);
#10326 = EDGE_CURVE('',#4982,#7088,#10327,.T.);
#10327 = LINE('',#10328,#10329);
#10328 = CARTESIAN_POINT('',(50.641464873084,17.203758490019,0.));
#10329 = VECTOR('',#10330,1.);
#10330 = DIRECTION('',(0.,0.,1.));
#10331 = ORIENTED_EDGE('',*,*,#4981,.F.);
#10332 = SURFACE_OF_LINEAR_EXTRUSION('',#10333,#10338);
#10333 = B_SPLINE_CURVE_WITH_KNOTS('',3,(#10334,#10335,#10336,#10337),
  .UNSPECIFIED.,.F.,.F.,(4,4),(0.,1.),.PIECEWISE_BEZIER_KNOTS.);
#10334 = CARTESIAN_POINT('',(51.362613065745,17.769637182782,0.));
#10335 = CARTESIAN_POINT('',(50.929153596511,17.487851667152,0.));
#10336 = CARTESIAN_POINT('',(50.711121467379,17.276614730795,0.));
#10337 = CARTESIAN_POINT('',(50.641464873084,17.203758490019,0.));
#10338 = VECTOR('',#10339,1.);
#10339 = DIRECTION('',(-0.,-0.,-1.));
#10340 = ADVANCED_FACE('',(#10341),#10352,.F.);
#10341 = FACE_BOUND('',#10342,.F.);
#10342 = EDGE_LOOP('',(#10343,#10349,#10350,#10351));
#10343 = ORIENTED_EDGE('',*,*,#10344,.T.);
#10344 = EDGE_CURVE('',#6460,#8566,#10345,.T.);
#10345 = LINE('',#10346,#10347);
#10346 = CARTESIAN_POINT('',(49.614683744021,-22.15040375592,0.));
#10347 = VECTOR('',#10348,1.);
#10348 = DIRECTION('',(0.,0.,1.));
#10349 = ORIENTED_EDGE('',*,*,#8574,.T.);
#10350 = ORIENTED_EDGE('',*,*,#10304,.F.);
#10351 = ORIENTED_EDGE('',*,*,#6468,.F.);
#10352 = SURFACE_OF_LINEAR_EXTRUSION('',#10353,#10358);
#10353 = B_SPLINE_CURVE_WITH_KNOTS('',3,(#10354,#10355,#10356,#10357),
  .UNSPECIFIED.,.F.,.F.,(4,4),(0.,1.),.PIECEWISE_BEZIER_KNOTS.);
#10354 = CARTESIAN_POINT('',(49.614683744021,-22.15040375592,0.));
#10355 = CARTESIAN_POINT('',(49.576301406562,-20.92281734906,0.));
#10356 = CARTESIAN_POINT('',(49.378169125292,-20.02789502886,0.));
#10357 = CARTESIAN_POINT('',(49.18801463468,-19.43826524695,0.));
#10358 = VECTOR('',#10359,1.);
#10359 = DIRECTION('',(-0.,-0.,-1.));
#10360 = ADVANCED_FACE('',(#10361),#10372,.F.);
#10361 = FACE_BOUND('',#10362,.F.);
#10362 = EDGE_LOOP('',(#10363,#10364,#10365,#10371));
#10363 = ORIENTED_EDGE('',*,*,#10326,.T.);
#10364 = ORIENTED_EDGE('',*,*,#7096,.T.);
#10365 = ORIENTED_EDGE('',*,*,#10366,.F.);
#10366 = EDGE_CURVE('',#4991,#7097,#10367,.T.);
#10367 = LINE('',#10368,#10369);
#10368 = CARTESIAN_POINT('',(50.425977841362,16.952839388154,0.));
#10369 = VECTOR('',#10370,1.);
#10370 = DIRECTION('',(0.,0.,1.));
#10371 = ORIENTED_EDGE('',*,*,#4990,.F.);
#10372 = PLANE('',#10373);
#10373 = AXIS2_PLACEMENT_3D('',#10374,#10375,#10376);
#10374 = CARTESIAN_POINT('',(50.641464873084,17.203758490019,0.));
#10375 = DIRECTION('',(0.758638494772,-0.651511806685,0.));
#10376 = DIRECTION('',(-0.651511806685,-0.758638494772,0.));
#10377 = ADVANCED_FACE('',(#10378),#10389,.T.);
#10378 = FACE_BOUND('',#10379,.F.);
#10379 = EDGE_LOOP('',(#10380,#10386,#10387,#10388));
#10380 = ORIENTED_EDGE('',*,*,#10381,.T.);
#10381 = EDGE_CURVE('',#6451,#8557,#10382,.T.);
#10382 = LINE('',#10383,#10384);
#10383 = CARTESIAN_POINT('',(48.377183403528,-22.86731194496,0.));
#10384 = VECTOR('',#10385,1.);
#10385 = DIRECTION('',(0.,0.,1.));
#10386 = ORIENTED_EDGE('',*,*,#8565,.T.);
#10387 = ORIENTED_EDGE('',*,*,#10344,.F.);
#10388 = ORIENTED_EDGE('',*,*,#6459,.F.);
#10389 = CYLINDRICAL_SURFACE('',#10390,26.000000000011);
#10390 = AXIS2_PLACEMENT_3D('',#10391,#10392,#10393);
#10391 = CARTESIAN_POINT('',(35.967649452235,-1.991675180365E-02,0.));
#10392 = DIRECTION('',(0.,0.,-1.));
#10393 = DIRECTION('',(0.477289767357,-0.878745968967,0.));
#10394 = ADVANCED_FACE('',(#10395),#10406,.F.);
#10395 = FACE_BOUND('',#10396,.F.);
#10396 = EDGE_LOOP('',(#10397,#10398,#10399,#10405));
#10397 = ORIENTED_EDGE('',*,*,#10366,.T.);
#10398 = ORIENTED_EDGE('',*,*,#7104,.T.);
#10399 = ORIENTED_EDGE('',*,*,#10400,.F.);
#10400 = EDGE_CURVE('',#4999,#7105,#10401,.T.);
#10401 = LINE('',#10402,#10403);
#10402 = CARTESIAN_POINT('',(49.366616747915,16.839939332265,0.));
#10403 = VECTOR('',#10404,1.);
#10404 = DIRECTION('',(0.,0.,1.));
#10405 = ORIENTED_EDGE('',*,*,#4998,.F.);
#10406 = CYLINDRICAL_SURFACE('',#10407,0.76);
#10407 = AXIS2_PLACEMENT_3D('',#10408,#10409,#10410);
#10408 = CARTESIAN_POINT('',(49.838851009313,17.435417965266,0.));
#10409 = DIRECTION('',(0.,0.,-1.));
#10410 = DIRECTION('',(0.772535305327,-0.634971811991,0.));
#10411 = ADVANCED_FACE('',(#10412),#10423,.F.);
#10412 = FACE_BOUND('',#10413,.F.);
#10413 = EDGE_LOOP('',(#10414,#10420,#10421,#10422));
#10414 = ORIENTED_EDGE('',*,*,#10415,.T.);
#10415 = EDGE_CURVE('',#6442,#8548,#10416,.T.);
#10416 = LINE('',#10417,#10418);
#10417 = CARTESIAN_POINT('',(46.240024192023,-21.14028832259,0.));
#10418 = VECTOR('',#10419,1.);
#10419 = DIRECTION('',(0.,0.,1.));
#10420 = ORIENTED_EDGE('',*,*,#8556,.T.);
#10421 = ORIENTED_EDGE('',*,*,#10381,.F.);
#10422 = ORIENTED_EDGE('',*,*,#6450,.F.);
#10423 = SURFACE_OF_LINEAR_EXTRUSION('',#10424,#10429);
#10424 = B_SPLINE_CURVE_WITH_KNOTS('',3,(#10425,#10426,#10427,#10428),
  .UNSPECIFIED.,.F.,.F.,(4,4),(0.,1.),.PIECEWISE_BEZIER_KNOTS.);
#10425 = CARTESIAN_POINT('',(46.240024192023,-21.14028832259,0.));
#10426 = CARTESIAN_POINT('',(46.655581316677,-21.59978183305,0.));
#10427 = CARTESIAN_POINT('',(47.331540639755,-22.21883058205,0.));
#10428 = CARTESIAN_POINT('',(48.377183403528,-22.86731194496,0.));
#10429 = VECTOR('',#10430,1.);
#10430 = DIRECTION('',(-0.,-0.,-1.));
#10431 = ADVANCED_FACE('',(#10432),#10443,.T.);
#10432 = FACE_BOUND('',#10433,.F.);
#10433 = EDGE_LOOP('',(#10434,#10435,#10436,#10442));
#10434 = ORIENTED_EDGE('',*,*,#10400,.T.);
#10435 = ORIENTED_EDGE('',*,*,#7113,.T.);
#10436 = ORIENTED_EDGE('',*,*,#10437,.F.);
#10437 = EDGE_CURVE('',#5008,#7114,#10438,.T.);
#10438 = LINE('',#10439,#10440);
#10439 = CARTESIAN_POINT('',(48.806597331229,17.26965734448,0.));
#10440 = VECTOR('',#10441,1.);
#10441 = DIRECTION('',(0.,0.,1.));
#10442 = ORIENTED_EDGE('',*,*,#5007,.F.);
#10443 = CYLINDRICAL_SURFACE('',#10444,21.500000000008);
#10444 = AXIS2_PLACEMENT_3D('',#10445,#10446,#10447);
#10445 = CARTESIAN_POINT('',(35.999999999995,-6.275868713601E-12,0.));
#10446 = DIRECTION('',(0.,0.,-1.));
#10447 = DIRECTION('',(0.621703104554,0.783252992198,0.));
#10448 = ADVANCED_FACE('',(#10449),#10460,.F.);
#10449 = FACE_BOUND('',#10450,.F.);
#10450 = EDGE_LOOP('',(#10451,#10457,#10458,#10459));
#10451 = ORIENTED_EDGE('',*,*,#10452,.T.);
#10452 = EDGE_CURVE('',#6434,#8540,#10453,.T.);
#10453 = LINE('',#10454,#10455);
#10454 = CARTESIAN_POINT('',(45.689908711055,-20.4070445921,0.));
#10455 = VECTOR('',#10456,1.);
#10456 = DIRECTION('',(0.,0.,1.));
#10457 = ORIENTED_EDGE('',*,*,#8547,.T.);
#10458 = ORIENTED_EDGE('',*,*,#10415,.F.);
#10459 = ORIENTED_EDGE('',*,*,#6441,.F.);
#10460 = SURFACE_OF_LINEAR_EXTRUSION('',#10461,#10466);
#10461 = B_SPLINE_CURVE_WITH_KNOTS('',3,(#10462,#10463,#10464,#10465),
  .UNSPECIFIED.,.F.,.F.,(4,4),(0.,1.),.PIECEWISE_BEZIER_KNOTS.);
#10462 = CARTESIAN_POINT('',(45.689908711055,-20.4070445921,0.));
#10463 = CARTESIAN_POINT('',(45.738335231789,-20.49544676989,0.));
#10464 = CARTESIAN_POINT('',(45.89426595412,-20.75591684965,0.));
#10465 = CARTESIAN_POINT('',(46.240024192023,-21.14028832259,0.));
#10466 = VECTOR('',#10467,1.);
#10467 = DIRECTION('',(-0.,-0.,-1.));
#10468 = ADVANCED_FACE('',(#10469),#10480,.F.);
#10469 = FACE_BOUND('',#10470,.F.);
#10470 = EDGE_LOOP('',(#10471,#10472,#10473,#10479));
#10471 = ORIENTED_EDGE('',*,*,#10437,.T.);
#10472 = ORIENTED_EDGE('',*,*,#7122,.T.);
#10473 = ORIENTED_EDGE('',*,*,#10474,.F.);
#10474 = EDGE_CURVE('',#5017,#7123,#10475,.T.);
#10475 = LINE('',#10476,#10477);
#10476 = CARTESIAN_POINT('',(48.641467584377,18.322142268664,0.));
#10477 = VECTOR('',#10478,1.);
#10478 = DIRECTION('',(0.,0.,1.));
#10479 = ORIENTED_EDGE('',*,*,#5016,.F.);
#10480 = CYLINDRICAL_SURFACE('',#10481,0.76);
#10481 = AXIS2_PLACEMENT_3D('',#10482,#10483,#10484);
#10482 = CARTESIAN_POINT('',(49.259562301249,17.879921824796,0.));
#10483 = DIRECTION('',(0.,0.,-1.));
#10484 = DIRECTION('',(-0.5960065395,-0.802979579363,-0.));
#10485 = ADVANCED_FACE('',(#10486),#10497,.F.);
#10486 = FACE_BOUND('',#10487,.F.);
#10487 = EDGE_LOOP('',(#10488,#10494,#10495,#10496));
#10488 = ORIENTED_EDGE('',*,*,#10489,.T.);
#10489 = EDGE_CURVE('',#6425,#8531,#10490,.T.);
#10490 = LINE('',#10491,#10492);
#10491 = CARTESIAN_POINT('',(45.546706864227,-20.10890320352,0.));
#10492 = VECTOR('',#10493,1.);
#10493 = DIRECTION('',(0.,0.,1.));
#10494 = ORIENTED_EDGE('',*,*,#8539,.T.);
#10495 = ORIENTED_EDGE('',*,*,#10452,.F.);
#10496 = ORIENTED_EDGE('',*,*,#6433,.F.);
#10497 = PLANE('',#10498);
#10498 = AXIS2_PLACEMENT_3D('',#10499,#10500,#10501);
#10499 = CARTESIAN_POINT('',(45.546706864227,-20.10890320352,0.));
#10500 = DIRECTION('',(0.901412178596,0.432961989415,0.));
#10501 = DIRECTION('',(0.432961989415,-0.901412178596,0.));
#10502 = ADVANCED_FACE('',(#10503),#10514,.F.);
#10503 = FACE_BOUND('',#10504,.F.);
#10504 = EDGE_LOOP('',(#10505,#10506,#10507,#10513));
#10505 = ORIENTED_EDGE('',*,*,#10474,.T.);
#10506 = ORIENTED_EDGE('',*,*,#7131,.T.);
#10507 = ORIENTED_EDGE('',*,*,#10508,.F.);
#10508 = EDGE_CURVE('',#5026,#7132,#10509,.T.);
#10509 = LINE('',#10510,#10511);
#10510 = CARTESIAN_POINT('',(48.828064677396,18.595229400177,0.));
#10511 = VECTOR('',#10512,1.);
#10512 = DIRECTION('',(0.,0.,1.));
#10513 = ORIENTED_EDGE('',*,*,#5025,.F.);
#10514 = PLANE('',#10515);
#10515 = AXIS2_PLACEMENT_3D('',#10516,#10517,#10518);
#10516 = CARTESIAN_POINT('',(48.641467584377,18.322142268664,0.));
#10517 = DIRECTION('',(-0.825662171005,0.564164851238,0.));
#10518 = DIRECTION('',(0.564164851238,0.825662171005,0.));
#10519 = ADVANCED_FACE('',(#10520),#10531,.F.);
#10520 = FACE_BOUND('',#10521,.F.);
#10521 = EDGE_LOOP('',(#10522,#10528,#10529,#10530));
#10522 = ORIENTED_EDGE('',*,*,#10523,.T.);
#10523 = EDGE_CURVE('',#6416,#8522,#10524,.T.);
#10524 = LINE('',#10525,#10526);
#10525 = CARTESIAN_POINT('',(44.552663309358,-19.72566729712,0.));
#10526 = VECTOR('',#10527,1.);
#10527 = DIRECTION('',(0.,0.,1.));
#10528 = ORIENTED_EDGE('',*,*,#8530,.T.);
#10529 = ORIENTED_EDGE('',*,*,#10489,.F.);
#10530 = ORIENTED_EDGE('',*,*,#6424,.F.);
#10531 = CYLINDRICAL_SURFACE('',#10532,0.76);
#10532 = AXIS2_PLACEMENT_3D('',#10533,#10534,#10535);
#10533 = CARTESIAN_POINT('',(44.854685367329,-20.42307870834,0.));
#10534 = DIRECTION('',(0.,0.,-1.));
#10535 = DIRECTION('',(-0.397397444698,0.91764659371,0.));
#10536 = ADVANCED_FACE('',(#10537),#10548,.F.);
#10537 = FACE_BOUND('',#10538,.F.);
#10538 = EDGE_LOOP('',(#10539,#10540,#10541,#10547));
#10539 = ORIENTED_EDGE('',*,*,#10508,.T.);
#10540 = ORIENTED_EDGE('',*,*,#7139,.T.);
#10541 = ORIENTED_EDGE('',*,*,#10542,.F.);
#10542 = EDGE_CURVE('',#5034,#7140,#10543,.T.);
#10543 = LINE('',#10544,#10545);
#10544 = CARTESIAN_POINT('',(49.18801463468,19.438265246955,0.));
#10545 = VECTOR('',#10546,1.);
#10546 = DIRECTION('',(0.,0.,1.));
#10547 = ORIENTED_EDGE('',*,*,#5033,.F.);
#10548 = SURFACE_OF_LINEAR_EXTRUSION('',#10549,#10554);
#10549 = B_SPLINE_CURVE_WITH_KNOTS('',3,(#10550,#10551,#10552,#10553),
  .UNSPECIFIED.,.F.,.F.,(4,4),(0.,1.),.PIECEWISE_BEZIER_KNOTS.);
#10550 = CARTESIAN_POINT('',(48.828064677396,18.595229400177,0.));
#10551 = CARTESIAN_POINT('',(48.880409948747,18.681369086246,0.));
#10552 = CARTESIAN_POINT('',(49.028018293576,18.946644092893,0.));
#10553 = CARTESIAN_POINT('',(49.18801463468,19.438265246955,0.));
#10554 = VECTOR('',#10555,1.);
#10555 = DIRECTION('',(-0.,-0.,-1.));
#10556 = ADVANCED_FACE('',(#10557),#10568,.T.);
#10557 = FACE_BOUND('',#10558,.F.);
#10558 = EDGE_LOOP('',(#10559,#10565,#10566,#10567));
#10559 = ORIENTED_EDGE('',*,*,#10560,.T.);
#10560 = EDGE_CURVE('',#6407,#8513,#10561,.T.);
#10561 = LINE('',#10562,#10563);
#10562 = CARTESIAN_POINT('',(43.900506885973,-19.99579933247,0.));
#10563 = VECTOR('',#10564,1.);
#10564 = DIRECTION('',(0.,0.,1.));
#10565 = ORIENTED_EDGE('',*,*,#8521,.T.);
#10566 = ORIENTED_EDGE('',*,*,#10523,.F.);
#10567 = ORIENTED_EDGE('',*,*,#6415,.F.);
#10568 = CYLINDRICAL_SURFACE('',#10569,21.499999999999);
#10569 = AXIS2_PLACEMENT_3D('',#10570,#10571,#10572);
#10570 = CARTESIAN_POINT('',(36.,-6.359357485053E-13,0.));
#10571 = DIRECTION('',(0.,0.,-1.));
#10572 = DIRECTION('',(0.367465436557,-0.930037178255,0.));
#10573 = ADVANCED_FACE('',(#10574),#10585,.F.);
#10574 = FACE_BOUND('',#10575,.F.);
#10575 = EDGE_LOOP('',(#10576,#10577,#10578,#10584));
#10576 = ORIENTED_EDGE('',*,*,#10542,.T.);
#10577 = ORIENTED_EDGE('',*,*,#7148,.T.);
#10578 = ORIENTED_EDGE('',*,*,#10579,.F.);
#10579 = EDGE_CURVE('',#5043,#7149,#10580,.T.);
#10580 = LINE('',#10581,#10582);
#10581 = CARTESIAN_POINT('',(49.615081358835,22.152611227234,0.));
#10582 = VECTOR('',#10583,1.);
#10583 = DIRECTION('',(0.,0.,1.));
#10584 = ORIENTED_EDGE('',*,*,#5042,.F.);
#10585 = SURFACE_OF_LINEAR_EXTRUSION('',#10586,#10591);
#10586 = B_SPLINE_CURVE_WITH_KNOTS('',3,(#10587,#10588,#10589,#10590),
  .UNSPECIFIED.,.F.,.F.,(4,4),(0.,1.),.PIECEWISE_BEZIER_KNOTS.);
#10587 = CARTESIAN_POINT('',(49.18801463468,19.438265246955,0.));
#10588 = CARTESIAN_POINT('',(49.378169125292,20.027895028862,0.));
#10589 = CARTESIAN_POINT('',(49.576301406562,20.922817349069,0.));
#10590 = CARTESIAN_POINT('',(49.615081358835,22.152611227234,0.));
#10591 = VECTOR('',#10592,1.);
#10592 = DIRECTION('',(-0.,-0.,-1.));
#10593 = ADVANCED_FACE('',(#10594),#10605,.F.);
#10594 = FACE_BOUND('',#10595,.F.);
#10595 = EDGE_LOOP('',(#10596,#10602,#10603,#10604));
#10596 = ORIENTED_EDGE('',*,*,#10597,.T.);
#10597 = EDGE_CURVE('',#6399,#8505,#10598,.T.);
#10598 = LINE('',#10599,#10600);
#10599 = CARTESIAN_POINT('',(43.468600655737,-20.96968297912,0.));
#10600 = VECTOR('',#10601,1.);
#10601 = DIRECTION('',(0.,0.,1.));
#10602 = ORIENTED_EDGE('',*,*,#8512,.T.);
#10603 = ORIENTED_EDGE('',*,*,#10560,.F.);
#10604 = ORIENTED_EDGE('',*,*,#6406,.F.);
#10605 = CYLINDRICAL_SURFACE('',#10606,0.76);
#10606 = AXIS2_PLACEMENT_3D('',#10607,#10608,#10609);
#10607 = CARTESIAN_POINT('',(44.180089378864,-20.70250551588,0.));
#10608 = DIRECTION('',(0.,0.,-1.));
#10609 = DIRECTION('',(-0.936169372535,-0.351549293738,-0.));
#10610 = ADVANCED_FACE('',(#10611),#10622,.T.);
#10611 = FACE_BOUND('',#10612,.F.);
#10612 = EDGE_LOOP('',(#10613,#10614,#10615,#10621));
#10613 = ORIENTED_EDGE('',*,*,#10579,.T.);
#10614 = ORIENTED_EDGE('',*,*,#7157,.T.);
#10615 = ORIENTED_EDGE('',*,*,#10616,.F.);
#10616 = EDGE_CURVE('',#5052,#7158,#10617,.T.);
#10617 = LINE('',#10618,#10619);
#10618 = CARTESIAN_POINT('',(48.375470484699,22.865863864773,0.));
#10619 = VECTOR('',#10620,1.);
#10620 = DIRECTION('',(0.,0.,1.));
#10621 = ORIENTED_EDGE('',*,*,#5051,.F.);
#10622 = CYLINDRICAL_SURFACE('',#10623,26.000000000021);
#10623 = AXIS2_PLACEMENT_3D('',#10624,#10625,#10626);
#10624 = CARTESIAN_POINT('',(36.0334236869,-1.805802029746E-02,0.));
#10625 = DIRECTION('',(0.,0.,-1.));
#10626 = DIRECTION('',(0.52237144892,0.852718047981,0.));
#10627 = ADVANCED_FACE('',(#10628),#10639,.F.);
#10628 = FACE_BOUND('',#10629,.F.);
#10629 = EDGE_LOOP('',(#10630,#10636,#10637,#10638));
#10630 = ORIENTED_EDGE('',*,*,#10631,.T.);
#10631 = EDGE_CURVE('',#6390,#8496,#10632,.T.);
#10632 = LINE('',#10633,#10634);
#10633 = CARTESIAN_POINT('',(43.578159456387,-21.28175977371,0.));
#10634 = VECTOR('',#10635,1.);
#10635 = DIRECTION('',(0.,0.,1.));
#10636 = ORIENTED_EDGE('',*,*,#8504,.T.);
#10637 = ORIENTED_EDGE('',*,*,#10597,.F.);
#10638 = ORIENTED_EDGE('',*,*,#6398,.F.);
#10639 = PLANE('',#10640);
#10640 = AXIS2_PLACEMENT_3D('',#10641,#10642,#10643);
#10641 = CARTESIAN_POINT('',(43.578159456387,-21.28175977371,0.));
#10642 = DIRECTION('',(-0.943545022841,-0.331244305418,0.));
#10643 = DIRECTION('',(-0.331244305418,0.943545022841,0.));
#10644 = ADVANCED_FACE('',(#10645),#10656,.F.);
#10645 = FACE_BOUND('',#10646,.F.);
#10646 = EDGE_LOOP('',(#10647,#10648,#10649,#10655));
#10647 = ORIENTED_EDGE('',*,*,#10616,.T.);
#10648 = ORIENTED_EDGE('',*,*,#7166,.T.);
#10649 = ORIENTED_EDGE('',*,*,#10650,.F.);
#10650 = EDGE_CURVE('',#5061,#7167,#10651,.T.);
#10651 = LINE('',#10652,#10653);
#10652 = CARTESIAN_POINT('',(46.240024192023,21.140288322592,0.));
#10653 = VECTOR('',#10654,1.);
#10654 = DIRECTION('',(0.,0.,1.));
#10655 = ORIENTED_EDGE('',*,*,#5060,.F.);
#10656 = SURFACE_OF_LINEAR_EXTRUSION('',#10657,#10662);
#10657 = B_SPLINE_CURVE_WITH_KNOTS('',3,(#10658,#10659,#10660,#10661),
  .UNSPECIFIED.,.F.,.F.,(4,4),(0.,1.),.PIECEWISE_BEZIER_KNOTS.);
#10658 = CARTESIAN_POINT('',(48.375470484699,22.865863864773,0.));
#10659 = CARTESIAN_POINT('',(47.331540639755,22.218830582051,0.));
#10660 = CARTESIAN_POINT('',(46.655581316677,21.599781833058,0.));
#10661 = CARTESIAN_POINT('',(46.240024192023,21.140288322592,0.));
#10662 = VECTOR('',#10663,1.);
#10663 = DIRECTION('',(-0.,-0.,-1.));
#10664 = ADVANCED_FACE('',(#10665),#10676,.F.);
#10665 = FACE_BOUND('',#10666,.F.);
#10666 = EDGE_LOOP('',(#10667,#10673,#10674,#10675));
#10667 = ORIENTED_EDGE('',*,*,#10668,.T.);
#10668 = EDGE_CURVE('',#6381,#8487,#10669,.T.);
#10669 = LINE('',#10670,#10671);
#10670 = CARTESIAN_POINT('',(43.70765068345,-22.18923177483,0.));
#10671 = VECTOR('',#10672,1.);
#10672 = DIRECTION('',(0.,0.,1.));
#10673 = ORIENTED_EDGE('',*,*,#8495,.T.);
#10674 = ORIENTED_EDGE('',*,*,#10631,.F.);
#10675 = ORIENTED_EDGE('',*,*,#6389,.F.);
#10676 = SURFACE_OF_LINEAR_EXTRUSION('',#10677,#10682);
#10677 = B_SPLINE_CURVE_WITH_KNOTS('',3,(#10678,#10679,#10680,#10681),
  .UNSPECIFIED.,.F.,.F.,(4,4),(0.,1.),.PIECEWISE_BEZIER_KNOTS.);
#10678 = CARTESIAN_POINT('',(43.70765068345,-22.18923177483,0.));
#10679 = CARTESIAN_POINT('',(43.680347003112,-21.67295210515,0.));
#10680 = CARTESIAN_POINT('',(43.606426514576,-21.3785122743,0.));
#10681 = CARTESIAN_POINT('',(43.578159456387,-21.28175977371,0.));
#10682 = VECTOR('',#10683,1.);
#10683 = DIRECTION('',(-0.,-0.,-1.));
#10684 = ADVANCED_FACE('',(#10685),#10696,.F.);
#10685 = FACE_BOUND('',#10686,.F.);
#10686 = EDGE_LOOP('',(#10687,#10688,#10689,#10695));
#10687 = ORIENTED_EDGE('',*,*,#10650,.T.);
#10688 = ORIENTED_EDGE('',*,*,#7175,.T.);
#10689 = ORIENTED_EDGE('',*,*,#10690,.F.);
#10690 = EDGE_CURVE('',#5070,#7176,#10691,.T.);
#10691 = LINE('',#10692,#10693);
#10692 = CARTESIAN_POINT('',(45.689908711055,20.407044592103,0.));
#10693 = VECTOR('',#10694,1.);
#10694 = DIRECTION('',(0.,0.,1.));
#10695 = ORIENTED_EDGE('',*,*,#5069,.F.);
#10696 = SURFACE_OF_LINEAR_EXTRUSION('',#10697,#10702);
#10697 = B_SPLINE_CURVE_WITH_KNOTS('',3,(#10698,#10699,#10700,#10701),
  .UNSPECIFIED.,.F.,.F.,(4,4),(0.,1.),.PIECEWISE_BEZIER_KNOTS.);
#10698 = CARTESIAN_POINT('',(46.240024192023,21.140288322592,0.));
#10699 = CARTESIAN_POINT('',(45.89426595412,20.755916849652,0.));
#10700 = CARTESIAN_POINT('',(45.738335231789,20.495446769896,0.));
#10701 = CARTESIAN_POINT('',(45.689908711055,20.407044592103,0.));
#10702 = VECTOR('',#10703,1.);
#10703 = DIRECTION('',(-0.,-0.,-1.));
#10704 = ADVANCED_FACE('',(#10705),#10716,.F.);
#10705 = FACE_BOUND('',#10706,.F.);
#10706 = EDGE_LOOP('',(#10707,#10713,#10714,#10715));
#10707 = ORIENTED_EDGE('',*,*,#10708,.T.);
#10708 = EDGE_CURVE('',#6372,#8478,#10709,.T.);
#10709 = LINE('',#10710,#10711);
#10710 = CARTESIAN_POINT('',(43.417828296365,-24.91938649657,0.));
#10711 = VECTOR('',#10712,1.);
#10712 = DIRECTION('',(0.,0.,1.));
#10713 = ORIENTED_EDGE('',*,*,#8486,.T.);
#10714 = ORIENTED_EDGE('',*,*,#10668,.F.);
#10715 = ORIENTED_EDGE('',*,*,#6380,.F.);
#10716 = SURFACE_OF_LINEAR_EXTRUSION('',#10717,#10722);
#10717 = B_SPLINE_CURVE_WITH_KNOTS('',3,(#10718,#10719,#10720,#10721),
  .UNSPECIFIED.,.F.,.F.,(4,4),(0.,1.),.PIECEWISE_BEZIER_KNOTS.);
#10718 = CARTESIAN_POINT('',(43.417828296365,-24.91938649657,0.));
#10719 = CARTESIAN_POINT('',(43.698476546942,-23.72369500226,0.));
#10720 = CARTESIAN_POINT('',(43.738718399799,-22.80798601281,0.));
#10721 = CARTESIAN_POINT('',(43.70765068345,-22.18923177483,0.));
#10722 = VECTOR('',#10723,1.);
#10723 = DIRECTION('',(-0.,-0.,-1.));
#10724 = ADVANCED_FACE('',(#10725),#10736,.F.);
#10725 = FACE_BOUND('',#10726,.F.);
#10726 = EDGE_LOOP('',(#10727,#10728,#10729,#10735));
#10727 = ORIENTED_EDGE('',*,*,#10690,.T.);
#10728 = ORIENTED_EDGE('',*,*,#7184,.T.);
#10729 = ORIENTED_EDGE('',*,*,#10730,.F.);
#10730 = EDGE_CURVE('',#5079,#7185,#10731,.T.);
#10731 = LINE('',#10732,#10733);
#10732 = CARTESIAN_POINT('',(45.546706864227,20.10890320352,0.));
#10733 = VECTOR('',#10734,1.);
#10734 = DIRECTION('',(0.,0.,1.));
#10735 = ORIENTED_EDGE('',*,*,#5078,.F.);
#10736 = PLANE('',#10737);
#10737 = AXIS2_PLACEMENT_3D('',#10738,#10739,#10740);
#10738 = CARTESIAN_POINT('',(45.689908711055,20.407044592103,0.));
#10739 = DIRECTION('',(0.901412178596,-0.432961989415,0.));
#10740 = DIRECTION('',(-0.432961989415,-0.901412178596,0.));
#10741 = ADVANCED_FACE('',(#10742),#10753,.T.);
#10742 = FACE_BOUND('',#10743,.F.);
#10743 = EDGE_LOOP('',(#10744,#10750,#10751,#10752));
#10744 = ORIENTED_EDGE('',*,*,#10745,.T.);
#10745 = EDGE_CURVE('',#6363,#8469,#10746,.T.);
#10746 = LINE('',#10747,#10748);
#10747 = CARTESIAN_POINT('',(42.036945264528,-25.291577975,0.));
#10748 = VECTOR('',#10749,1.);
#10749 = DIRECTION('',(0.,0.,1.));
#10750 = ORIENTED_EDGE('',*,*,#8477,.T.);
#10751 = ORIENTED_EDGE('',*,*,#10708,.F.);
#10752 = ORIENTED_EDGE('',*,*,#6371,.F.);
#10753 = CYLINDRICAL_SURFACE('',#10754,26.);
#10754 = AXIS2_PLACEMENT_3D('',#10755,#10756,#10757);
#10755 = CARTESIAN_POINT('',(35.963596935739,-1.086516707191E-02,0.));
#10756 = DIRECTION('',(0.,0.,-1.));
#10757 = DIRECTION('',(0.233590320338,-0.972335107997,0.));
#10758 = ADVANCED_FACE('',(#10759),#10770,.F.);
#10759 = FACE_BOUND('',#10760,.F.);
#10760 = EDGE_LOOP('',(#10761,#10762,#10763,#10769));
#10761 = ORIENTED_EDGE('',*,*,#10730,.T.);
#10762 = ORIENTED_EDGE('',*,*,#7192,.T.);
#10763 = ORIENTED_EDGE('',*,*,#10764,.F.);
#10764 = EDGE_CURVE('',#5087,#7193,#10765,.T.);
#10765 = LINE('',#10766,#10767);
#10766 = CARTESIAN_POINT('',(44.552663309358,19.725667297122,0.));
#10767 = VECTOR('',#10768,1.);
#10768 = DIRECTION('',(0.,0.,1.));
#10769 = ORIENTED_EDGE('',*,*,#5086,.F.);
#10770 = CYLINDRICAL_SURFACE('',#10771,0.76);
#10771 = AXIS2_PLACEMENT_3D('',#10772,#10773,#10774);
#10772 = CARTESIAN_POINT('',(44.854685367329,20.423078708342,0.));
#10773 = DIRECTION('',(0.,0.,-1.));
#10774 = DIRECTION('',(0.910554601182,-0.413388822135,0.));
#10775 = ADVANCED_FACE('',(#10776),#10787,.F.);
#10776 = FACE_BOUND('',#10777,.F.);
#10777 = EDGE_LOOP('',(#10778,#10784,#10785,#10786));
#10778 = ORIENTED_EDGE('',*,*,#10779,.T.);
#10779 = EDGE_CURVE('',#6354,#8460,#10780,.T.);
#10780 = LINE('',#10781,#10782);
#10781 = CARTESIAN_POINT('',(40.419594592055,-23.07026374919,0.));
#10782 = VECTOR('',#10783,1.);
#10783 = DIRECTION('',(0.,0.,1.));
#10784 = ORIENTED_EDGE('',*,*,#8468,.T.);
#10785 = ORIENTED_EDGE('',*,*,#10745,.F.);
#10786 = ORIENTED_EDGE('',*,*,#6362,.F.);
#10787 = SURFACE_OF_LINEAR_EXTRUSION('',#10788,#10793);
#10788 = B_SPLINE_CURVE_WITH_KNOTS('',3,(#10789,#10790,#10791,#10792),
  .UNSPECIFIED.,.F.,.F.,(4,4),(0.,1.),.PIECEWISE_BEZIER_KNOTS.);
#10789 = CARTESIAN_POINT('',(40.419594592055,-23.07026374919,0.));
#10790 = CARTESIAN_POINT('',(40.702066279446,-23.62165449615,0.));
#10791 = CARTESIAN_POINT('',(41.194771241042,-24.39456081706,0.));
#10792 = CARTESIAN_POINT('',(42.036945264528,-25.291577975,0.));
#10793 = VECTOR('',#10794,1.);
#10794 = DIRECTION('',(-0.,-0.,-1.));
#10795 = ADVANCED_FACE('',(#10796),#10807,.T.);
#10796 = FACE_BOUND('',#10797,.F.);
#10797 = EDGE_LOOP('',(#10798,#10799,#10800,#10806));
#10798 = ORIENTED_EDGE('',*,*,#10764,.T.);
#10799 = ORIENTED_EDGE('',*,*,#7201,.T.);
#10800 = ORIENTED_EDGE('',*,*,#10801,.F.);
#10801 = EDGE_CURVE('',#5096,#7202,#10802,.T.);
#10802 = LINE('',#10803,#10804);
#10803 = CARTESIAN_POINT('',(43.900506885973,19.995799332477,0.));
#10804 = VECTOR('',#10805,1.);
#10805 = DIRECTION('',(0.,0.,1.));
#10806 = ORIENTED_EDGE('',*,*,#5095,.F.);
#10807 = CYLINDRICAL_SURFACE('',#10808,21.499999999985);
#10808 = AXIS2_PLACEMENT_3D('',#10809,#10810,#10811);
#10809 = CARTESIAN_POINT('',(36.000000000006,1.418598571945E-11,0.));
#10810 = DIRECTION('',(0.,0.,-1.));
#10811 = DIRECTION('',(0.397798293459,0.917472897541,0.));
#10812 = ADVANCED_FACE('',(#10813),#10824,.F.);
#10813 = FACE_BOUND('',#10814,.F.);
#10814 = EDGE_LOOP('',(#10815,#10821,#10822,#10823));
#10815 = ORIENTED_EDGE('',*,*,#10816,.T.);
#10816 = EDGE_CURVE('',#6346,#8452,#10817,.T.);
#10817 = LINE('',#10818,#10819);
#10818 = CARTESIAN_POINT('',(40.078001283699,-22.21962432947,0.));
#10819 = VECTOR('',#10820,1.);
#10820 = DIRECTION('',(0.,0.,1.));
#10821 = ORIENTED_EDGE('',*,*,#8459,.T.);
#10822 = ORIENTED_EDGE('',*,*,#10779,.F.);
#10823 = ORIENTED_EDGE('',*,*,#6353,.F.);
#10824 = SURFACE_OF_LINEAR_EXTRUSION('',#10825,#10830);
#10825 = B_SPLINE_CURVE_WITH_KNOTS('',3,(#10826,#10827,#10828,#10829),
  .UNSPECIFIED.,.F.,.F.,(4,4),(0.,1.),.PIECEWISE_BEZIER_KNOTS.);
#10826 = CARTESIAN_POINT('',(40.078001283699,-22.21962432947,0.));
#10827 = CARTESIAN_POINT('',(40.101897543511,-22.31754798195,0.));
#10828 = CARTESIAN_POINT('',(40.185100438003,-22.60950059962,0.));
#10829 = CARTESIAN_POINT('',(40.419594592055,-23.07026374919,0.));
#10830 = VECTOR('',#10831,1.);
#10831 = DIRECTION('',(-0.,-0.,-1.));
#10832 = ADVANCED_FACE('',(#10833),#10844,.F.);
#10833 = FACE_BOUND('',#10834,.F.);
#10834 = EDGE_LOOP('',(#10835,#10836,#10837,#10843));
#10835 = ORIENTED_EDGE('',*,*,#10801,.T.);
#10836 = ORIENTED_EDGE('',*,*,#7210,.T.);
#10837 = ORIENTED_EDGE('',*,*,#10838,.F.);
#10838 = EDGE_CURVE('',#5105,#7211,#10839,.T.);
#10839 = LINE('',#10840,#10841);
#10840 = CARTESIAN_POINT('',(43.468600655737,20.969682979128,0.));
#10841 = VECTOR('',#10842,1.);
#10842 = DIRECTION('',(0.,0.,1.));
#10843 = ORIENTED_EDGE('',*,*,#5104,.F.);
#10844 = CYLINDRICAL_SURFACE('',#10845,0.76);
#10845 = AXIS2_PLACEMENT_3D('',#10846,#10847,#10848);
#10846 = CARTESIAN_POINT('',(44.180089378864,20.702505515887,0.));
#10847 = DIRECTION('',(0.,0.,-1.));
#10848 = DIRECTION('',(-0.367871701172,-0.929876557117,-0.));
#10849 = ADVANCED_FACE('',(#10850),#10861,.F.);
#10850 = FACE_BOUND('',#10851,.F.);
#10851 = EDGE_LOOP('',(#10852,#10858,#10859,#10860));
#10852 = ORIENTED_EDGE('',*,*,#10853,.T.);
#10853 = EDGE_CURVE('',#6337,#8443,#10854,.T.);
#10854 = LINE('',#10855,#10856);
#10855 = CARTESIAN_POINT('',(40.016843590974,-21.89457849709,0.));
#10856 = VECTOR('',#10857,1.);
#10857 = DIRECTION('',(0.,0.,1.));
#10858 = ORIENTED_EDGE('',*,*,#8451,.T.);
#10859 = ORIENTED_EDGE('',*,*,#10816,.F.);
#10860 = ORIENTED_EDGE('',*,*,#6345,.F.);
#10861 = PLANE('',#10862);
#10862 = AXIS2_PLACEMENT_3D('',#10863,#10864,#10865);
#10863 = CARTESIAN_POINT('',(40.016843590974,-21.89457849709,0.));
#10864 = DIRECTION('',(0.982756112104,0.184906528069,0.));
#10865 = DIRECTION('',(0.184906528069,-0.982756112104,0.));
#10866 = ADVANCED_FACE('',(#10867),#10878,.F.);
#10867 = FACE_BOUND('',#10868,.F.);
#10868 = EDGE_LOOP('',(#10869,#10870,#10871,#10877));
#10869 = ORIENTED_EDGE('',*,*,#10838,.T.);
#10870 = ORIENTED_EDGE('',*,*,#7219,.T.);
#10871 = ORIENTED_EDGE('',*,*,#10872,.F.);
#10872 = EDGE_CURVE('',#5114,#7220,#10873,.T.);
#10873 = LINE('',#10874,#10875);
#10874 = CARTESIAN_POINT('',(43.578159456387,21.281759773718,0.));
#10875 = VECTOR('',#10876,1.);
#10876 = DIRECTION('',(0.,0.,1.));
#10877 = ORIENTED_EDGE('',*,*,#5113,.F.);
#10878 = PLANE('',#10879);
#10879 = AXIS2_PLACEMENT_3D('',#10880,#10881,#10882);
#10880 = CARTESIAN_POINT('',(43.468600655737,20.969682979128,0.));
#10881 = DIRECTION('',(-0.943545022841,0.331244305418,0.));
#10882 = DIRECTION('',(0.331244305418,0.943545022841,0.));
#10883 = ADVANCED_FACE('',(#10884),#10895,.F.);
#10884 = FACE_BOUND('',#10885,.F.);
#10885 = EDGE_LOOP('',(#10886,#10892,#10893,#10894));
#10886 = ORIENTED_EDGE('',*,*,#10887,.T.);
#10887 = EDGE_CURVE('',#6328,#8434,#10888,.T.);
#10888 = LINE('',#10889,#10890);
#10889 = CARTESIAN_POINT('',(39.155860000212,-21.26712363388,0.));
#10890 = VECTOR('',#10891,1.);
#10891 = DIRECTION('',(0.,0.,1.));
#10892 = ORIENTED_EDGE('',*,*,#8442,.T.);
#10893 = ORIENTED_EDGE('',*,*,#10853,.F.);
#10894 = ORIENTED_EDGE('',*,*,#6336,.F.);
#10895 = CYLINDRICAL_SURFACE('',#10896,0.76);
#10896 = AXIS2_PLACEMENT_3D('',#10897,#10898,#10899);
#10897 = CARTESIAN_POINT('',(39.26708755062,-22.01894038817,0.));
#10898 = DIRECTION('',(0.,0.,-1.));
#10899 = DIRECTION('',(-0.14635204001,0.989232571433,0.));
#10900 = ADVANCED_FACE('',(#10901),#10912,.F.);
#10901 = FACE_BOUND('',#10902,.F.);
#10902 = EDGE_LOOP('',(#10903,#10904,#10905,#10911));
#10903 = ORIENTED_EDGE('',*,*,#10872,.T.);
#10904 = ORIENTED_EDGE('',*,*,#7227,.T.);
#10905 = ORIENTED_EDGE('',*,*,#10906,.F.);
#10906 = EDGE_CURVE('',#5122,#7228,#10907,.T.);
#10907 = LINE('',#10908,#10909);
#10908 = CARTESIAN_POINT('',(43.70765068345,22.189231774837,0.));
#10909 = VECTOR('',#10910,1.);
#10910 = DIRECTION('',(0.,0.,1.));
#10911 = ORIENTED_EDGE('',*,*,#5121,.F.);
#10912 = SURFACE_OF_LINEAR_EXTRUSION('',#10913,#10918);
#10913 = B_SPLINE_CURVE_WITH_KNOTS('',3,(#10914,#10915,#10916,#10917),
  .UNSPECIFIED.,.F.,.F.,(4,4),(0.,1.),.PIECEWISE_BEZIER_KNOTS.);
#10914 = CARTESIAN_POINT('',(43.578159456387,21.281759773718,0.));
#10915 = CARTESIAN_POINT('',(43.606426514576,21.378512274307,0.));
#10916 = CARTESIAN_POINT('',(43.680347003112,21.672952105155,0.));
#10917 = CARTESIAN_POINT('',(43.70765068345,22.189231774837,0.));
#10918 = VECTOR('',#10919,1.);
#10919 = DIRECTION('',(-0.,-0.,-1.));
#10920 = ADVANCED_FACE('',(#10921),#10932,.T.);
#10921 = FACE_BOUND('',#10922,.F.);
#10922 = EDGE_LOOP('',(#10923,#10929,#10930,#10931));
#10923 = ORIENTED_EDGE('',*,*,#10924,.T.);
#10924 = EDGE_CURVE('',#6319,#8425,#10925,.T.);
#10925 = LINE('',#10926,#10927);
#10926 = CARTESIAN_POINT('',(38.456009952642,-21.35926064058,0.));
#10927 = VECTOR('',#10928,1.);
#10928 = DIRECTION('',(0.,0.,1.));
#10929 = ORIENTED_EDGE('',*,*,#8433,.T.);
#10930 = ORIENTED_EDGE('',*,*,#10887,.F.);
#10931 = ORIENTED_EDGE('',*,*,#6327,.F.);
#10932 = CYLINDRICAL_SURFACE('',#10933,21.499999999974);
#10933 = AXIS2_PLACEMENT_3D('',#10934,#10935,#10936);
#10934 = CARTESIAN_POINT('',(36.000000000003,-2.546940436332E-11,0.));
#10935 = DIRECTION('',(0.,0.,-1.));
#10936 = DIRECTION('',(0.114233021053,-0.993453983283,0.));
#10937 = ADVANCED_FACE('',(#10938),#10949,.F.);
#10938 = FACE_BOUND('',#10939,.F.);
#10939 = EDGE_LOOP('',(#10940,#10941,#10942,#10948));
#10940 = ORIENTED_EDGE('',*,*,#10906,.T.);
#10941 = ORIENTED_EDGE('',*,*,#7236,.T.);
#10942 = ORIENTED_EDGE('',*,*,#10943,.F.);
#10943 = EDGE_CURVE('',#5131,#7237,#10944,.T.);
#10944 = LINE('',#10945,#10946);
#10945 = CARTESIAN_POINT('',(43.417641027166,24.921621660414,0.));
#10946 = VECTOR('',#10947,1.);
#10947 = DIRECTION('',(0.,0.,1.));
#10948 = ORIENTED_EDGE('',*,*,#5130,.F.);
#10949 = SURFACE_OF_LINEAR_EXTRUSION('',#10950,#10955);
#10950 = B_SPLINE_CURVE_WITH_KNOTS('',3,(#10951,#10952,#10953,#10954),
  .UNSPECIFIED.,.F.,.F.,(4,4),(0.,1.),.PIECEWISE_BEZIER_KNOTS.);
#10951 = CARTESIAN_POINT('',(43.70765068345,22.189231774837,0.));
#10952 = CARTESIAN_POINT('',(43.738718399799,22.807986012812,0.));
#10953 = CARTESIAN_POINT('',(43.698476546942,23.723695002265,0.));
#10954 = CARTESIAN_POINT('',(43.417641027166,24.921621660414,0.));
#10955 = VECTOR('',#10956,1.);
#10956 = DIRECTION('',(-0.,-0.,-1.));
#10957 = ADVANCED_FACE('',(#10958),#10969,.F.);
#10958 = FACE_BOUND('',#10959,.F.);
#10959 = EDGE_LOOP('',(#10960,#10966,#10967,#10968));
#10960 = ORIENTED_EDGE('',*,*,#10961,.T.);
#10961 = EDGE_CURVE('',#6311,#8417,#10962,.T.);
#10962 = LINE('',#10963,#10964);
#10963 = CARTESIAN_POINT('',(37.786760934856,-22.1881744486,0.));
#10964 = VECTOR('',#10965,1.);
#10965 = DIRECTION('',(0.,0.,1.));
#10966 = ORIENTED_EDGE('',*,*,#8424,.T.);
#10967 = ORIENTED_EDGE('',*,*,#10924,.F.);
#10968 = ORIENTED_EDGE('',*,*,#6318,.F.);
#10969 = CYLINDRICAL_SURFACE('',#10970,0.76);
#10970 = AXIS2_PLACEMENT_3D('',#10971,#10972,#10973);
#10971 = CARTESIAN_POINT('',(38.543156883546,-22.11424766857,0.));
#10972 = DIRECTION('',(0.,0.,-1.));
#10973 = DIRECTION('',(-0.995257827224,-9.727207898203E-02,-0.));
#10974 = ADVANCED_FACE('',(#10975),#10986,.T.);
#10975 = FACE_BOUND('',#10976,.F.);
#10976 = EDGE_LOOP('',(#10977,#10978,#10979,#10985));
#10977 = ORIENTED_EDGE('',*,*,#10943,.T.);
#10978 = ORIENTED_EDGE('',*,*,#7245,.T.);
#10979 = ORIENTED_EDGE('',*,*,#10980,.F.);
#10980 = EDGE_CURVE('',#5140,#7246,#10981,.T.);
#10981 = LINE('',#10982,#10983);
#10982 = CARTESIAN_POINT('',(42.035665502724,25.289735900939,0.));
#10983 = VECTOR('',#10984,1.);
#10984 = DIRECTION('',(0.,0.,1.));
#10985 = ORIENTED_EDGE('',*,*,#5139,.F.);
#10986 = CYLINDRICAL_SURFACE('',#10987,26.000000000015);
#10987 = AXIS2_PLACEMENT_3D('',#10988,#10989,#10990);
#10988 = CARTESIAN_POINT('',(36.036958561958,-8.792021444611E-03,0.));
#10989 = DIRECTION('',(0.,0.,-1.));
#10990 = DIRECTION('',(0.283872402508,0.958862064686,0.));
#10991 = ADVANCED_FACE('',(#10992),#11003,.F.);
#10992 = FACE_BOUND('',#10993,.F.);
#10993 = EDGE_LOOP('',(#10994,#11000,#11001,#11002));
#10994 = ORIENTED_EDGE('',*,*,#10995,.T.);
#10995 = EDGE_CURVE('',#6302,#8408,#10996,.T.);
#10996 = LINE('',#10997,#10998);
#10997 = CARTESIAN_POINT('',(37.811815191926,-22.51797338845,0.));
#10998 = VECTOR('',#10999,1.);
#10999 = DIRECTION('',(0.,0.,1.));
#11000 = ORIENTED_EDGE('',*,*,#8416,.T.);
#11001 = ORIENTED_EDGE('',*,*,#10961,.F.);
#11002 = ORIENTED_EDGE('',*,*,#6310,.F.);
#11003 = PLANE('',#11004);
#11004 = AXIS2_PLACEMENT_3D('',#11005,#11006,#11007);
#11005 = CARTESIAN_POINT('',(37.811815191926,-22.51797338845,0.));
#11006 = DIRECTION('',(-0.997126840653,-7.575000759186E-02,0.));
#11007 = DIRECTION('',(-7.575000759186E-02,0.997126840653,0.));
#11008 = ADVANCED_FACE('',(#11009),#11020,.F.);
#11009 = FACE_BOUND('',#11010,.F.);
#11010 = EDGE_LOOP('',(#11011,#11012,#11013,#11019));
#11011 = ORIENTED_EDGE('',*,*,#10980,.T.);
#11012 = ORIENTED_EDGE('',*,*,#7254,.T.);
#11013 = ORIENTED_EDGE('',*,*,#11014,.F.);
#11014 = EDGE_CURVE('',#5149,#7255,#11015,.T.);
#11015 = LINE('',#11016,#11017);
#11016 = CARTESIAN_POINT('',(40.419594592055,23.070263749195,0.));
#11017 = VECTOR('',#11018,1.);
#11018 = DIRECTION('',(0.,0.,1.));
#11019 = ORIENTED_EDGE('',*,*,#5148,.F.);
#11020 = SURFACE_OF_LINEAR_EXTRUSION('',#11021,#11026);
#11021 = B_SPLINE_CURVE_WITH_KNOTS('',3,(#11022,#11023,#11024,#11025),
  .UNSPECIFIED.,.F.,.F.,(4,4),(0.,1.),.PIECEWISE_BEZIER_KNOTS.);
#11022 = CARTESIAN_POINT('',(42.035665502724,25.289735900939,0.));
#11023 = CARTESIAN_POINT('',(41.194771241042,24.394560817067,0.));
#11024 = CARTESIAN_POINT('',(40.702066279446,23.621654496155,0.));
#11025 = CARTESIAN_POINT('',(40.419594592055,23.070263749195,0.));
#11026 = VECTOR('',#11027,1.);
#11027 = DIRECTION('',(-0.,-0.,-1.));
#11028 = ADVANCED_FACE('',(#11029),#11040,.F.);
#11029 = FACE_BOUND('',#11030,.F.);
#11030 = EDGE_LOOP('',(#11031,#11037,#11038,#11039));
#11031 = ORIENTED_EDGE('',*,*,#11032,.T.);
#11032 = EDGE_CURVE('',#6293,#8399,#11033,.T.);
#11033 = LINE('',#11034,#11035);
#11034 = CARTESIAN_POINT('',(37.702023075637,-23.4280388267,0.));
#11035 = VECTOR('',#11036,1.);
#11036 = DIRECTION('',(0.,0.,1.));
#11037 = ORIENTED_EDGE('',*,*,#8407,.T.);
#11038 = ORIENTED_EDGE('',*,*,#10995,.F.);
#11039 = ORIENTED_EDGE('',*,*,#6301,.F.);
#11040 = SURFACE_OF_LINEAR_EXTRUSION('',#11041,#11046);
#11041 = B_SPLINE_CURVE_WITH_KNOTS('',3,(#11042,#11043,#11044,#11045),
  .UNSPECIFIED.,.F.,.F.,(4,4),(0.,1.),.PIECEWISE_BEZIER_KNOTS.);
#11042 = CARTESIAN_POINT('',(37.702023075637,-23.4280388267,0.));
#11043 = CARTESIAN_POINT('',(37.809272756759,-22.92228424769,0.));
#11044 = CARTESIAN_POINT('',(37.81407768365,-22.61874518053,0.));
#11045 = CARTESIAN_POINT('',(37.811815191926,-22.51797338845,0.));
#11046 = VECTOR('',#11047,1.);
#11047 = DIRECTION('',(-0.,-0.,-1.));
#11048 = ADVANCED_FACE('',(#11049),#11060,.F.);
#11049 = FACE_BOUND('',#11050,.F.);
#11050 = EDGE_LOOP('',(#11051,#11052,#11053,#11059));
#11051 = ORIENTED_EDGE('',*,*,#11014,.T.);
#11052 = ORIENTED_EDGE('',*,*,#7263,.T.);
#11053 = ORIENTED_EDGE('',*,*,#11054,.F.);
#11054 = EDGE_CURVE('',#5158,#7264,#11055,.T.);
#11055 = LINE('',#11056,#11057);
#11056 = CARTESIAN_POINT('',(40.078001283699,22.219624329471,0.));
#11057 = VECTOR('',#11058,1.);
#11058 = DIRECTION('',(0.,0.,1.));
#11059 = ORIENTED_EDGE('',*,*,#5157,.F.);
#11060 = SURFACE_OF_LINEAR_EXTRUSION('',#11061,#11066);
#11061 = B_SPLINE_CURVE_WITH_KNOTS('',3,(#11062,#11063,#11064,#11065),
  .UNSPECIFIED.,.F.,.F.,(4,4),(0.,1.),.PIECEWISE_BEZIER_KNOTS.);
#11062 = CARTESIAN_POINT('',(40.419594592055,23.070263749195,0.));
#11063 = CARTESIAN_POINT('',(40.185100438003,22.609500599623,0.));
#11064 = CARTESIAN_POINT('',(40.101897543511,22.317547981955,0.));
#11065 = CARTESIAN_POINT('',(40.078001283699,22.219624329471,0.));
#11066 = VECTOR('',#11067,1.);
#11067 = DIRECTION('',(-0.,-0.,-1.));
#11068 = ADVANCED_FACE('',(#11069),#11080,.F.);
#11069 = FACE_BOUND('',#11070,.F.);
#11070 = EDGE_LOOP('',(#11071,#11077,#11078,#11079));
#11071 = ORIENTED_EDGE('',*,*,#11072,.T.);
#11072 = EDGE_CURVE('',#6284,#8390,#11073,.T.);
#11073 = LINE('',#11074,#11075);
#11074 = CARTESIAN_POINT('',(36.715460108853,-25.99015422872,0.));
#11075 = VECTOR('',#11076,1.);
#11076 = DIRECTION('',(0.,0.,1.));
#11077 = ORIENTED_EDGE('',*,*,#8398,.T.);
#11078 = ORIENTED_EDGE('',*,*,#11032,.F.);
#11079 = ORIENTED_EDGE('',*,*,#6292,.F.);
#11080 = SURFACE_OF_LINEAR_EXTRUSION('',#11081,#11086);
#11081 = B_SPLINE_CURVE_WITH_KNOTS('',3,(#11082,#11083,#11084,#11085),
  .UNSPECIFIED.,.F.,.F.,(4,4),(0.,1.),.PIECEWISE_BEZIER_KNOTS.);
#11082 = CARTESIAN_POINT('',(36.715460108853,-25.99015422872,0.));
#11083 = CARTESIAN_POINT('',(37.296013232982,-24.90784204631,0.));
#11084 = CARTESIAN_POINT('',(37.571886804196,-24.03375044196,0.));
#11085 = CARTESIAN_POINT('',(37.702023075637,-23.4280388267,0.));
#11086 = VECTOR('',#11087,1.);
#11087 = DIRECTION('',(-0.,-0.,-1.));
#11088 = ADVANCED_FACE('',(#11089),#11100,.F.);
#11089 = FACE_BOUND('',#11090,.F.);
#11090 = EDGE_LOOP('',(#11091,#11092,#11093,#11099));
#11091 = ORIENTED_EDGE('',*,*,#11054,.T.);
#11092 = ORIENTED_EDGE('',*,*,#7272,.T.);
#11093 = ORIENTED_EDGE('',*,*,#11094,.F.);
#11094 = EDGE_CURVE('',#5167,#7273,#11095,.T.);
#11095 = LINE('',#11096,#11097);
#11096 = CARTESIAN_POINT('',(40.016843590974,21.894578497099,0.));
#11097 = VECTOR('',#11098,1.);
#11098 = DIRECTION('',(0.,0.,1.));
#11099 = ORIENTED_EDGE('',*,*,#5166,.F.);
#11100 = PLANE('',#11101);
#11101 = AXIS2_PLACEMENT_3D('',#11102,#11103,#11104);
#11102 = CARTESIAN_POINT('',(40.078001283699,22.219624329471,0.));
#11103 = DIRECTION('',(0.982756112104,-0.184906528069,0.));
#11104 = DIRECTION('',(-0.184906528069,-0.982756112104,0.));
#11105 = ADVANCED_FACE('',(#11106),#11117,.T.);
#11106 = FACE_BOUND('',#11107,.F.);
#11107 = EDGE_LOOP('',(#11108,#11114,#11115,#11116));
#11108 = ORIENTED_EDGE('',*,*,#11109,.T.);
#11109 = EDGE_CURVE('',#6275,#8381,#11110,.T.);
#11110 = LINE('',#11111,#11112);
#11111 = CARTESIAN_POINT('',(35.285299282274,-25.99226476236,0.));
#11112 = VECTOR('',#11113,1.);
#11113 = DIRECTION('',(0.,0.,1.));
#11114 = ORIENTED_EDGE('',*,*,#8389,.T.);
#11115 = ORIENTED_EDGE('',*,*,#11072,.F.);
#11116 = ORIENTED_EDGE('',*,*,#6283,.F.);
#11117 = CYLINDRICAL_SURFACE('',#11118,25.999999999985);
#11118 = AXIS2_PLACEMENT_3D('',#11119,#11120,#11121);
#11119 = CARTESIAN_POINT('',(35.962025227908,-1.073139165859E-03,0.));
#11120 = DIRECTION('',(-0.,-0.,-1.));
#11121 = DIRECTION('',(-2.602792098593E-02,-0.999661216277,0.));
#11122 = ADVANCED_FACE('',(#11123),#11134,.F.);
#11123 = FACE_BOUND('',#11124,.F.);
#11124 = EDGE_LOOP('',(#11125,#11126,#11127,#11133));
#11125 = ORIENTED_EDGE('',*,*,#11094,.T.);
#11126 = ORIENTED_EDGE('',*,*,#7280,.T.);
#11127 = ORIENTED_EDGE('',*,*,#11128,.F.);
#11128 = EDGE_CURVE('',#5175,#7281,#11129,.T.);
#11129 = LINE('',#11130,#11131);
#11130 = CARTESIAN_POINT('',(39.155860000212,21.267123633888,0.));
#11131 = VECTOR('',#11132,1.);
#11132 = DIRECTION('',(0.,0.,1.));
#11133 = ORIENTED_EDGE('',*,*,#5174,.F.);
#11134 = CYLINDRICAL_SURFACE('',#11135,0.76);
#11135 = AXIS2_PLACEMENT_3D('',#11136,#11137,#11138);
#11136 = CARTESIAN_POINT('',(39.26708755062,22.018940388177,0.));
#11137 = DIRECTION('',(0.,0.,-1.));
#11138 = DIRECTION('',(0.986521105729,-0.163634067207,0.));
#11139 = ADVANCED_FACE('',(#11140),#11151,.F.);
#11140 = FACE_BOUND('',#11141,.F.);
#11141 = EDGE_LOOP('',(#11142,#11148,#11149,#11150));
#11142 = ORIENTED_EDGE('',*,*,#11143,.T.);
#11143 = EDGE_CURVE('',#6266,#8372,#11144,.T.);
#11144 = LINE('',#11145,#11146);
#11145 = CARTESIAN_POINT('',(34.297976924363,-23.4280388267,0.));
#11146 = VECTOR('',#11147,1.);
#11147 = DIRECTION('',(0.,0.,1.));
#11148 = ORIENTED_EDGE('',*,*,#8380,.T.);
#11149 = ORIENTED_EDGE('',*,*,#11109,.F.);
#11150 = ORIENTED_EDGE('',*,*,#6274,.F.);
#11151 = SURFACE_OF_LINEAR_EXTRUSION('',#11152,#11157);
#11152 = B_SPLINE_CURVE_WITH_KNOTS('',3,(#11153,#11154,#11155,#11156),
  .UNSPECIFIED.,.F.,.F.,(4,4),(0.,1.),.PIECEWISE_BEZIER_KNOTS.);
#11153 = CARTESIAN_POINT('',(34.297976924363,-23.4280388267,0.));
#11154 = CARTESIAN_POINT('',(34.428113195804,-24.03375044196,0.));
#11155 = CARTESIAN_POINT('',(34.703986767018,-24.90784204631,0.));
#11156 = CARTESIAN_POINT('',(35.285299282274,-25.99226476236,0.));
#11157 = VECTOR('',#11158,1.);
#11158 = DIRECTION('',(-0.,-0.,-1.));
#11159 = ADVANCED_FACE('',(#11160),#11171,.T.);
#11160 = FACE_BOUND('',#11161,.F.);
#11161 = EDGE_LOOP('',(#11162,#11163,#11164,#11170));
#11162 = ORIENTED_EDGE('',*,*,#11128,.T.);
#11163 = ORIENTED_EDGE('',*,*,#7289,.T.);
#11164 = ORIENTED_EDGE('',*,*,#11165,.F.);
#11165 = EDGE_CURVE('',#5184,#7290,#11166,.T.);
#11166 = LINE('',#11167,#11168);
#11167 = CARTESIAN_POINT('',(38.456009952642,21.359260640587,0.));
#11168 = VECTOR('',#11169,1.);
#11169 = DIRECTION('',(0.,0.,1.));
#11170 = ORIENTED_EDGE('',*,*,#5183,.F.);
#11171 = CYLINDRICAL_SURFACE('',#11172,21.500000000019);
#11172 = AXIS2_PLACEMENT_3D('',#11173,#11174,#11175);
#11173 = CARTESIAN_POINT('',(35.999999999998,-1.839417507199E-11,0.));
#11174 = DIRECTION('',(0.,0.,-1.));
#11175 = DIRECTION('',(0.146784186056,0.989168541111,0.));
#11176 = ADVANCED_FACE('',(#11177),#11188,.F.);
#11177 = FACE_BOUND('',#11178,.F.);
#11178 = EDGE_LOOP('',(#11179,#11185,#11186,#11187));
#11179 = ORIENTED_EDGE('',*,*,#11180,.T.);
#11180 = EDGE_CURVE('',#6258,#8364,#11181,.T.);
#11181 = LINE('',#11182,#11183);
#11182 = CARTESIAN_POINT('',(34.188184808074,-22.51797338845,0.));
#11183 = VECTOR('',#11184,1.);
#11184 = DIRECTION('',(0.,0.,1.));
#11185 = ORIENTED_EDGE('',*,*,#8371,.T.);
#11186 = ORIENTED_EDGE('',*,*,#11143,.F.);
#11187 = ORIENTED_EDGE('',*,*,#6265,.F.);
#11188 = SURFACE_OF_LINEAR_EXTRUSION('',#11189,#11194);
#11189 = B_SPLINE_CURVE_WITH_KNOTS('',3,(#11190,#11191,#11192,#11193),
  .UNSPECIFIED.,.F.,.F.,(4,4),(0.,1.),.PIECEWISE_BEZIER_KNOTS.);
#11190 = CARTESIAN_POINT('',(34.188184808074,-22.51797338845,0.));
#11191 = CARTESIAN_POINT('',(34.18592231635,-22.61874518053,0.));
#11192 = CARTESIAN_POINT('',(34.190727243241,-22.92228424769,0.));
#11193 = CARTESIAN_POINT('',(34.297976924363,-23.4280388267,0.));
#11194 = VECTOR('',#11195,1.);
#11195 = DIRECTION('',(-0.,-0.,-1.));
#11196 = ADVANCED_FACE('',(#11197),#11208,.F.);
#11197 = FACE_BOUND('',#11198,.F.);
#11198 = EDGE_LOOP('',(#11199,#11200,#11201,#11207));
#11199 = ORIENTED_EDGE('',*,*,#11165,.T.);
#11200 = ORIENTED_EDGE('',*,*,#7298,.T.);
#11201 = ORIENTED_EDGE('',*,*,#11202,.F.);
#11202 = EDGE_CURVE('',#5193,#7299,#11203,.T.);
#11203 = LINE('',#11204,#11205);
#11204 = CARTESIAN_POINT('',(37.786760934856,22.188174448604,0.));
#11205 = VECTOR('',#11206,1.);
#11206 = DIRECTION('',(0.,0.,1.));
#11207 = ORIENTED_EDGE('',*,*,#5192,.F.);
#11208 = CYLINDRICAL_SURFACE('',#11209,0.76);
#11209 = AXIS2_PLACEMENT_3D('',#11210,#11211,#11212);
#11210 = CARTESIAN_POINT('',(38.543156883546,22.114247668577,0.));
#11211 = DIRECTION('',(0.,0.,-1.));
#11212 = DIRECTION('',(-0.114667014347,-0.993403984198,-0.));
#11213 = ADVANCED_FACE('',(#11214),#11225,.F.);
#11214 = FACE_BOUND('',#11215,.F.);
#11215 = EDGE_LOOP('',(#11216,#11222,#11223,#11224));
#11216 = ORIENTED_EDGE('',*,*,#11217,.T.);
#11217 = EDGE_CURVE('',#6249,#8355,#11218,.T.);
#11218 = LINE('',#11219,#11220);
#11219 = CARTESIAN_POINT('',(34.213239065144,-22.1881744486,0.));
#11220 = VECTOR('',#11221,1.);
#11221 = DIRECTION('',(0.,0.,1.));
#11222 = ORIENTED_EDGE('',*,*,#8363,.T.);
#11223 = ORIENTED_EDGE('',*,*,#11180,.F.);
#11224 = ORIENTED_EDGE('',*,*,#6257,.F.);
#11225 = PLANE('',#11226);
#11226 = AXIS2_PLACEMENT_3D('',#11227,#11228,#11229);
#11227 = CARTESIAN_POINT('',(34.213239065144,-22.1881744486,0.));
#11228 = DIRECTION('',(0.997126840653,-7.575000759182E-02,0.));
#11229 = DIRECTION('',(-7.575000759182E-02,-0.997126840653,0.));
#11230 = ADVANCED_FACE('',(#11231),#11242,.F.);
#11231 = FACE_BOUND('',#11232,.F.);
#11232 = EDGE_LOOP('',(#11233,#11234,#11235,#11241));
#11233 = ORIENTED_EDGE('',*,*,#11202,.T.);
#11234 = ORIENTED_EDGE('',*,*,#7307,.T.);
#11235 = ORIENTED_EDGE('',*,*,#11236,.F.);
#11236 = EDGE_CURVE('',#5202,#7308,#11237,.T.);
#11237 = LINE('',#11238,#11239);
#11238 = CARTESIAN_POINT('',(37.811815191926,22.517973388451,0.));
#11239 = VECTOR('',#11240,1.);
#11240 = DIRECTION('',(0.,0.,1.));
#11241 = ORIENTED_EDGE('',*,*,#5201,.F.);
#11242 = PLANE('',#11243);
#11243 = AXIS2_PLACEMENT_3D('',#11244,#11245,#11246);
#11244 = CARTESIAN_POINT('',(37.786760934856,22.188174448604,0.));
#11245 = DIRECTION('',(-0.997126840653,7.575000759185E-02,0.));
#11246 = DIRECTION('',(7.575000759185E-02,0.997126840653,0.));
#11247 = ADVANCED_FACE('',(#11248),#11259,.F.);
#11248 = FACE_BOUND('',#11249,.F.);
#11249 = EDGE_LOOP('',(#11250,#11256,#11257,#11258));
#11250 = ORIENTED_EDGE('',*,*,#11251,.T.);
#11251 = EDGE_CURVE('',#6240,#8346,#11252,.T.);
#11252 = LINE('',#11253,#11254);
#11253 = CARTESIAN_POINT('',(33.543990047358,-21.35926064058,0.));
#11254 = VECTOR('',#11255,1.);
#11255 = DIRECTION('',(0.,0.,1.));
#11256 = ORIENTED_EDGE('',*,*,#8354,.T.);
#11257 = ORIENTED_EDGE('',*,*,#11217,.F.);
#11258 = ORIENTED_EDGE('',*,*,#6248,.F.);
#11259 = CYLINDRICAL_SURFACE('',#11260,0.76);
#11260 = AXIS2_PLACEMENT_3D('',#11261,#11262,#11263);
#11261 = CARTESIAN_POINT('',(33.456843116454,-22.11424766857,0.));
#11262 = DIRECTION('',(0.,0.,-1.));
#11263 = DIRECTION('',(0.114667014347,0.993403984198,0.));
#11264 = ADVANCED_FACE('',(#11265),#11276,.F.);
#11265 = FACE_BOUND('',#11266,.F.);
#11266 = EDGE_LOOP('',(#11267,#11268,#11269,#11275));
#11267 = ORIENTED_EDGE('',*,*,#11236,.T.);
#11268 = ORIENTED_EDGE('',*,*,#7315,.T.);
#11269 = ORIENTED_EDGE('',*,*,#11270,.F.);
#11270 = EDGE_CURVE('',#5210,#7316,#11271,.T.);
#11271 = LINE('',#11272,#11273);
#11272 = CARTESIAN_POINT('',(37.702023075637,23.428038826704,0.));
#11273 = VECTOR('',#11274,1.);
#11274 = DIRECTION('',(0.,0.,1.));
#11275 = ORIENTED_EDGE('',*,*,#5209,.F.);
#11276 = SURFACE_OF_LINEAR_EXTRUSION('',#11277,#11282);
#11277 = B_SPLINE_CURVE_WITH_KNOTS('',3,(#11278,#11279,#11280,#11281),
  .UNSPECIFIED.,.F.,.F.,(4,4),(0.,1.),.PIECEWISE_BEZIER_KNOTS.);
#11278 = CARTESIAN_POINT('',(37.811815191926,22.517973388451,0.));
#11279 = CARTESIAN_POINT('',(37.81407768365,22.618745180536,0.));
#11280 = CARTESIAN_POINT('',(37.809272756759,22.922284247696,0.));
#11281 = CARTESIAN_POINT('',(37.702023075637,23.428038826704,0.));
#11282 = VECTOR('',#11283,1.);
#11283 = DIRECTION('',(-0.,-0.,-1.));
#11284 = ADVANCED_FACE('',(#11285),#11296,.T.);
#11285 = FACE_BOUND('',#11286,.F.);
#11286 = EDGE_LOOP('',(#11287,#11293,#11294,#11295));
#11287 = ORIENTED_EDGE('',*,*,#11288,.T.);
#11288 = EDGE_CURVE('',#6231,#8337,#11289,.T.);
#11289 = LINE('',#11290,#11291);
#11290 = CARTESIAN_POINT('',(32.844139999788,-21.26712363388,0.));
#11291 = VECTOR('',#11292,1.);
#11292 = DIRECTION('',(0.,0.,1.));
#11293 = ORIENTED_EDGE('',*,*,#8345,.T.);
#11294 = ORIENTED_EDGE('',*,*,#11251,.F.);
#11295 = ORIENTED_EDGE('',*,*,#6239,.F.);
#11296 = CYLINDRICAL_SURFACE('',#11297,21.499999999978);
#11297 = AXIS2_PLACEMENT_3D('',#11298,#11299,#11300);
#11298 = CARTESIAN_POINT('',(35.999999999997,-2.134648013907E-11,0.));
#11299 = DIRECTION('',(-0.,-0.,-1.));
#11300 = DIRECTION('',(-0.146784186056,-0.989168541111,0.));
#11301 = ADVANCED_FACE('',(#11302),#11313,.F.);
#11302 = FACE_BOUND('',#11303,.F.);
#11303 = EDGE_LOOP('',(#11304,#11305,#11306,#11312));
#11304 = ORIENTED_EDGE('',*,*,#11270,.T.);
#11305 = ORIENTED_EDGE('',*,*,#7324,.T.);
#11306 = ORIENTED_EDGE('',*,*,#11307,.F.);
#11307 = EDGE_CURVE('',#5219,#7325,#11308,.T.);
#11308 = LINE('',#11309,#11310);
#11309 = CARTESIAN_POINT('',(36.714700717726,25.992264762363,0.));
#11310 = VECTOR('',#11311,1.);
#11311 = DIRECTION('',(0.,0.,1.));
#11312 = ORIENTED_EDGE('',*,*,#5218,.F.);
#11313 = SURFACE_OF_LINEAR_EXTRUSION('',#11314,#11319);
#11314 = B_SPLINE_CURVE_WITH_KNOTS('',3,(#11315,#11316,#11317,#11318),
  .UNSPECIFIED.,.F.,.F.,(4,4),(0.,1.),.PIECEWISE_BEZIER_KNOTS.);
#11315 = CARTESIAN_POINT('',(37.702023075637,23.428038826704,0.));
#11316 = CARTESIAN_POINT('',(37.571886804196,24.033750441968,0.));
#11317 = CARTESIAN_POINT('',(37.296013232982,24.907842046316,0.));
#11318 = CARTESIAN_POINT('',(36.714700717726,25.992264762363,0.));
#11319 = VECTOR('',#11320,1.);
#11320 = DIRECTION('',(-0.,-0.,-1.));
#11321 = ADVANCED_FACE('',(#11322),#11333,.F.);
#11322 = FACE_BOUND('',#11323,.F.);
#11323 = EDGE_LOOP('',(#11324,#11330,#11331,#11332));
#11324 = ORIENTED_EDGE('',*,*,#11325,.T.);
#11325 = EDGE_CURVE('',#6223,#8329,#11326,.T.);
#11326 = LINE('',#11327,#11328);
#11327 = CARTESIAN_POINT('',(31.983156409026,-21.89457849709,0.));
#11328 = VECTOR('',#11329,1.);
#11329 = DIRECTION('',(0.,0.,1.));
#11330 = ORIENTED_EDGE('',*,*,#8336,.T.);
#11331 = ORIENTED_EDGE('',*,*,#11288,.F.);
#11332 = ORIENTED_EDGE('',*,*,#6230,.F.);
#11333 = CYLINDRICAL_SURFACE('',#11334,0.76);
#11334 = AXIS2_PLACEMENT_3D('',#11335,#11336,#11337);
#11335 = CARTESIAN_POINT('',(32.73291244938,-22.01894038817,0.));
#11336 = DIRECTION('',(0.,0.,-1.));
#11337 = DIRECTION('',(-0.986521105729,0.163634067207,0.));
#11338 = ADVANCED_FACE('',(#11339),#11350,.T.);
#11339 = FACE_BOUND('',#11340,.F.);
#11340 = EDGE_LOOP('',(#11341,#11342,#11343,#11349));
#11341 = ORIENTED_EDGE('',*,*,#11307,.T.);
#11342 = ORIENTED_EDGE('',*,*,#7333,.T.);
#11343 = ORIENTED_EDGE('',*,*,#11344,.F.);
#11344 = EDGE_CURVE('',#5228,#7334,#11345,.T.);
#11345 = LINE('',#11346,#11347);
#11346 = CARTESIAN_POINT('',(35.284539891147,25.99015422872,0.));
#11347 = VECTOR('',#11348,1.);
#11348 = DIRECTION('',(0.,0.,1.));
#11349 = ORIENTED_EDGE('',*,*,#5227,.F.);
#11350 = CYLINDRICAL_SURFACE('',#11351,25.999999999985);
#11351 = AXIS2_PLACEMENT_3D('',#11352,#11353,#11354);
#11352 = CARTESIAN_POINT('',(36.037974772092,1.073139165859E-03,0.));
#11353 = DIRECTION('',(0.,0.,-1.));
#11354 = DIRECTION('',(2.602792098593E-02,0.999661216277,0.));
#11355 = ADVANCED_FACE('',(#11356),#11367,.F.);
#11356 = FACE_BOUND('',#11357,.F.);
#11357 = EDGE_LOOP('',(#11358,#11364,#11365,#11366));
#11358 = ORIENTED_EDGE('',*,*,#11359,.T.);
#11359 = EDGE_CURVE('',#6214,#8320,#11360,.T.);
#11360 = LINE('',#11361,#11362);
#11361 = CARTESIAN_POINT('',(31.921998716301,-22.21962432947,0.));
#11362 = VECTOR('',#11363,1.);
#11363 = DIRECTION('',(0.,0.,1.));
#11364 = ORIENTED_EDGE('',*,*,#8328,.T.);
#11365 = ORIENTED_EDGE('',*,*,#11325,.F.);
#11366 = ORIENTED_EDGE('',*,*,#6222,.F.);
#11367 = PLANE('',#11368);
#11368 = AXIS2_PLACEMENT_3D('',#11369,#11370,#11371);
#11369 = CARTESIAN_POINT('',(31.921998716301,-22.21962432947,0.));
#11370 = DIRECTION('',(-0.982756112104,0.184906528069,0.));
#11371 = DIRECTION('',(0.184906528069,0.982756112104,0.));
#11372 = ADVANCED_FACE('',(#11373),#11384,.F.);
#11373 = FACE_BOUND('',#11374,.F.);
#11374 = EDGE_LOOP('',(#11375,#11376,#11377,#11383));
#11375 = ORIENTED_EDGE('',*,*,#11344,.T.);
#11376 = ORIENTED_EDGE('',*,*,#7342,.T.);
#11377 = ORIENTED_EDGE('',*,*,#11378,.F.);
#11378 = EDGE_CURVE('',#5237,#7343,#11379,.T.);
#11379 = LINE('',#11380,#11381);
#11380 = CARTESIAN_POINT('',(34.297976924363,23.428038826704,0.));
#11381 = VECTOR('',#11382,1.);
#11382 = DIRECTION('',(0.,0.,1.));
#11383 = ORIENTED_EDGE('',*,*,#5236,.F.);
#11384 = SURFACE_OF_LINEAR_EXTRUSION('',#11385,#11390);
#11385 = B_SPLINE_CURVE_WITH_KNOTS('',3,(#11386,#11387,#11388,#11389),
  .UNSPECIFIED.,.F.,.F.,(4,4),(0.,1.),.PIECEWISE_BEZIER_KNOTS.);
#11386 = CARTESIAN_POINT('',(35.284539891147,25.99015422872,0.));
#11387 = CARTESIAN_POINT('',(34.703986767018,24.907842046316,0.));
#11388 = CARTESIAN_POINT('',(34.428113195804,24.033750441968,0.));
#11389 = CARTESIAN_POINT('',(34.297976924363,23.428038826704,0.));
#11390 = VECTOR('',#11391,1.);
#11391 = DIRECTION('',(-0.,-0.,-1.));
#11392 = ADVANCED_FACE('',(#11393),#11404,.F.);
#11393 = FACE_BOUND('',#11394,.F.);
#11394 = EDGE_LOOP('',(#11395,#11401,#11402,#11403));
#11395 = ORIENTED_EDGE('',*,*,#11396,.T.);
#11396 = EDGE_CURVE('',#6205,#8311,#11397,.T.);
#11397 = LINE('',#11398,#11399);
#11398 = CARTESIAN_POINT('',(31.580405407945,-23.07026374919,0.));
#11399 = VECTOR('',#11400,1.);
#11400 = DIRECTION('',(0.,0.,1.));
#11401 = ORIENTED_EDGE('',*,*,#8319,.T.);
#11402 = ORIENTED_EDGE('',*,*,#11359,.F.);
#11403 = ORIENTED_EDGE('',*,*,#6213,.F.);
#11404 = SURFACE_OF_LINEAR_EXTRUSION('',#11405,#11410);
#11405 = B_SPLINE_CURVE_WITH_KNOTS('',3,(#11406,#11407,#11408,#11409),
  .UNSPECIFIED.,.F.,.F.,(4,4),(0.,1.),.PIECEWISE_BEZIER_KNOTS.);
#11406 = CARTESIAN_POINT('',(31.580405407945,-23.07026374919,0.));
#11407 = CARTESIAN_POINT('',(31.814899561997,-22.60950059962,0.));
#11408 = CARTESIAN_POINT('',(31.898102456489,-22.31754798195,0.));
#11409 = CARTESIAN_POINT('',(31.921998716301,-22.21962432947,0.));
#11410 = VECTOR('',#11411,1.);
#11411 = DIRECTION('',(-0.,-0.,-1.));
#11412 = ADVANCED_FACE('',(#11413),#11424,.F.);
#11413 = FACE_BOUND('',#11414,.F.);
#11414 = EDGE_LOOP('',(#11415,#11416,#11417,#11423));
#11415 = ORIENTED_EDGE('',*,*,#11378,.T.);
#11416 = ORIENTED_EDGE('',*,*,#7351,.T.);
#11417 = ORIENTED_EDGE('',*,*,#11418,.F.);
#11418 = EDGE_CURVE('',#5246,#7352,#11419,.T.);
#11419 = LINE('',#11420,#11421);
#11420 = CARTESIAN_POINT('',(34.188184808074,22.517973388451,0.));
#11421 = VECTOR('',#11422,1.);
#11422 = DIRECTION('',(0.,0.,1.));
#11423 = ORIENTED_EDGE('',*,*,#5245,.F.);
#11424 = SURFACE_OF_LINEAR_EXTRUSION('',#11425,#11430);
#11425 = B_SPLINE_CURVE_WITH_KNOTS('',3,(#11426,#11427,#11428,#11429),
  .UNSPECIFIED.,.F.,.F.,(4,4),(0.,1.),.PIECEWISE_BEZIER_KNOTS.);
#11426 = CARTESIAN_POINT('',(34.297976924363,23.428038826704,0.));
#11427 = CARTESIAN_POINT('',(34.190727243241,22.922284247696,0.));
#11428 = CARTESIAN_POINT('',(34.18592231635,22.618745180536,0.));
#11429 = CARTESIAN_POINT('',(34.188184808074,22.517973388451,0.));
#11430 = VECTOR('',#11431,1.);
#11431 = DIRECTION('',(-0.,-0.,-1.));
#11432 = ADVANCED_FACE('',(#11433),#11444,.F.);
#11433 = FACE_BOUND('',#11434,.F.);
#11434 = EDGE_LOOP('',(#11435,#11441,#11442,#11443));
#11435 = ORIENTED_EDGE('',*,*,#11436,.T.);
#11436 = EDGE_CURVE('',#6196,#8302,#11437,.T.);
#11437 = LINE('',#11438,#11439);
#11438 = CARTESIAN_POINT('',(29.964334497276,-25.28973590093,0.));
#11439 = VECTOR('',#11440,1.);
#11440 = DIRECTION('',(0.,0.,1.));
#11441 = ORIENTED_EDGE('',*,*,#8310,.T.);
#11442 = ORIENTED_EDGE('',*,*,#11396,.F.);
#11443 = ORIENTED_EDGE('',*,*,#6204,.F.);
#11444 = SURFACE_OF_LINEAR_EXTRUSION('',#11445,#11450);
#11445 = B_SPLINE_CURVE_WITH_KNOTS('',3,(#11446,#11447,#11448,#11449),
  .UNSPECIFIED.,.F.,.F.,(4,4),(0.,1.),.PIECEWISE_BEZIER_KNOTS.);
#11446 = CARTESIAN_POINT('',(29.964334497276,-25.28973590093,0.));
#11447 = CARTESIAN_POINT('',(30.805228758958,-24.39456081706,0.));
#11448 = CARTESIAN_POINT('',(31.297933720554,-23.62165449615,0.));
#11449 = CARTESIAN_POINT('',(31.580405407945,-23.07026374919,0.));
#11450 = VECTOR('',#11451,1.);
#11451 = DIRECTION('',(-0.,-0.,-1.));
#11452 = ADVANCED_FACE('',(#11453),#11464,.F.);
#11453 = FACE_BOUND('',#11454,.F.);
#11454 = EDGE_LOOP('',(#11455,#11456,#11457,#11463));
#11455 = ORIENTED_EDGE('',*,*,#11418,.T.);
#11456 = ORIENTED_EDGE('',*,*,#7360,.T.);
#11457 = ORIENTED_EDGE('',*,*,#11458,.F.);
#11458 = EDGE_CURVE('',#5255,#7361,#11459,.T.);
#11459 = LINE('',#11460,#11461);
#11460 = CARTESIAN_POINT('',(34.213239065144,22.188174448604,0.));
#11461 = VECTOR('',#11462,1.);
#11462 = DIRECTION('',(0.,0.,1.));
#11463 = ORIENTED_EDGE('',*,*,#5254,.F.);
#11464 = PLANE('',#11465);
#11465 = AXIS2_PLACEMENT_3D('',#11466,#11467,#11468);
#11466 = CARTESIAN_POINT('',(34.188184808074,22.517973388451,0.));
#11467 = DIRECTION('',(0.997126840653,7.575000759186E-02,0.));
#11468 = DIRECTION('',(7.575000759186E-02,-0.997126840653,0.));
#11469 = ADVANCED_FACE('',(#11470),#11481,.T.);
#11470 = FACE_BOUND('',#11471,.F.);
#11471 = EDGE_LOOP('',(#11472,#11478,#11479,#11480));
#11472 = ORIENTED_EDGE('',*,*,#11473,.T.);
#11473 = EDGE_CURVE('',#6187,#8293,#11474,.T.);
#11474 = LINE('',#11475,#11476);
#11475 = CARTESIAN_POINT('',(28.582358972834,-24.92162166041,0.));
#11476 = VECTOR('',#11477,1.);
#11477 = DIRECTION('',(0.,0.,1.));
#11478 = ORIENTED_EDGE('',*,*,#8301,.T.);
#11479 = ORIENTED_EDGE('',*,*,#11436,.F.);
#11480 = ORIENTED_EDGE('',*,*,#6195,.F.);
#11481 = CYLINDRICAL_SURFACE('',#11482,25.999999999983);
#11482 = AXIS2_PLACEMENT_3D('',#11483,#11484,#11485);
#11483 = CARTESIAN_POINT('',(35.963041438034,8.792021412791E-03,0.));
#11484 = DIRECTION('',(-0.,-0.,-1.));
#11485 = DIRECTION('',(-0.283872402508,-0.958862064686,0.));
#11486 = ADVANCED_FACE('',(#11487),#11498,.F.);
#11487 = FACE_BOUND('',#11488,.F.);
#11488 = EDGE_LOOP('',(#11489,#11490,#11491,#11497));
#11489 = ORIENTED_EDGE('',*,*,#11458,.T.);
#11490 = ORIENTED_EDGE('',*,*,#7368,.T.);
#11491 = ORIENTED_EDGE('',*,*,#11492,.F.);
#11492 = EDGE_CURVE('',#5263,#7369,#11493,.T.);
#11493 = LINE('',#11494,#11495);
#11494 = CARTESIAN_POINT('',(33.543990047358,21.359260640587,0.));
#11495 = VECTOR('',#11496,1.);
#11496 = DIRECTION('',(0.,0.,1.));
#11497 = ORIENTED_EDGE('',*,*,#5262,.F.);
#11498 = CYLINDRICAL_SURFACE('',#11499,0.76);
#11499 = AXIS2_PLACEMENT_3D('',#11500,#11501,#11502);
#11500 = CARTESIAN_POINT('',(33.456843116454,22.114247668577,0.));
#11501 = DIRECTION('',(0.,0.,-1.));
#11502 = DIRECTION('',(0.995257827224,9.727207898203E-02,0.));
#11503 = ADVANCED_FACE('',(#11504),#11515,.F.);
#11504 = FACE_BOUND('',#11505,.F.);
#11505 = EDGE_LOOP('',(#11506,#11512,#11513,#11514));
#11506 = ORIENTED_EDGE('',*,*,#11507,.T.);
#11507 = EDGE_CURVE('',#6178,#8284,#11508,.T.);
#11508 = LINE('',#11509,#11510);
#11509 = CARTESIAN_POINT('',(28.29234931655,-22.18923177483,0.));
#11510 = VECTOR('',#11511,1.);
#11511 = DIRECTION('',(0.,0.,1.));
#11512 = ORIENTED_EDGE('',*,*,#8292,.T.);
#11513 = ORIENTED_EDGE('',*,*,#11473,.F.);
#11514 = ORIENTED_EDGE('',*,*,#6186,.F.);
#11515 = SURFACE_OF_LINEAR_EXTRUSION('',#11516,#11521);
#11516 = B_SPLINE_CURVE_WITH_KNOTS('',3,(#11517,#11518,#11519,#11520),
  .UNSPECIFIED.,.F.,.F.,(4,4),(0.,1.),.PIECEWISE_BEZIER_KNOTS.);
#11517 = CARTESIAN_POINT('',(28.29234931655,-22.18923177483,0.));
#11518 = CARTESIAN_POINT('',(28.261281600201,-22.80798601281,0.));
#11519 = CARTESIAN_POINT('',(28.301523453058,-23.72369500226,0.));
#11520 = CARTESIAN_POINT('',(28.582358972834,-24.92162166041,0.));
#11521 = VECTOR('',#11522,1.);
#11522 = DIRECTION('',(-0.,-0.,-1.));
#11523 = ADVANCED_FACE('',(#11524),#11535,.T.);
#11524 = FACE_BOUND('',#11525,.F.);
#11525 = EDGE_LOOP('',(#11526,#11527,#11528,#11534));
#11526 = ORIENTED_EDGE('',*,*,#11492,.T.);
#11527 = ORIENTED_EDGE('',*,*,#7377,.T.);
#11528 = ORIENTED_EDGE('',*,*,#11529,.F.);
#11529 = EDGE_CURVE('',#5272,#7378,#11530,.T.);
#11530 = LINE('',#11531,#11532);
#11531 = CARTESIAN_POINT('',(32.844139999788,21.267123633888,0.));
#11532 = VECTOR('',#11533,1.);
#11533 = DIRECTION('',(0.,0.,1.));
#11534 = ORIENTED_EDGE('',*,*,#5271,.F.);
#11535 = CYLINDRICAL_SURFACE('',#11536,21.499999999974);
#11536 = AXIS2_PLACEMENT_3D('',#11537,#11538,#11539);
#11537 = CARTESIAN_POINT('',(35.999999999997,2.546940436332E-11,0.));
#11538 = DIRECTION('',(-0.,-0.,-1.));
#11539 = DIRECTION('',(-0.114233021053,0.993453983283,0.));
#11540 = ADVANCED_FACE('',(#11541),#11552,.F.);
#11541 = FACE_BOUND('',#11542,.F.);
#11542 = EDGE_LOOP('',(#11543,#11549,#11550,#11551));
#11543 = ORIENTED_EDGE('',*,*,#11544,.T.);
#11544 = EDGE_CURVE('',#6170,#8276,#11545,.T.);
#11545 = LINE('',#11546,#11547);
#11546 = CARTESIAN_POINT('',(28.421840543613,-21.28175977371,0.));
#11547 = VECTOR('',#11548,1.);
#11548 = DIRECTION('',(0.,0.,1.));
#11549 = ORIENTED_EDGE('',*,*,#8283,.T.);
#11550 = ORIENTED_EDGE('',*,*,#11507,.F.);
#11551 = ORIENTED_EDGE('',*,*,#6177,.F.);
#11552 = SURFACE_OF_LINEAR_EXTRUSION('',#11553,#11558);
#11553 = B_SPLINE_CURVE_WITH_KNOTS('',3,(#11554,#11555,#11556,#11557),
  .UNSPECIFIED.,.F.,.F.,(4,4),(0.,1.),.PIECEWISE_BEZIER_KNOTS.);
#11554 = CARTESIAN_POINT('',(28.421840543613,-21.28175977371,0.));
#11555 = CARTESIAN_POINT('',(28.393573485424,-21.3785122743,0.));
#11556 = CARTESIAN_POINT('',(28.319652996888,-21.67295210515,0.));
#11557 = CARTESIAN_POINT('',(28.29234931655,-22.18923177483,0.));
#11558 = VECTOR('',#11559,1.);
#11559 = DIRECTION('',(-0.,-0.,-1.));
#11560 = ADVANCED_FACE('',(#11561),#11572,.F.);
#11561 = FACE_BOUND('',#11562,.F.);
#11562 = EDGE_LOOP('',(#11563,#11564,#11565,#11571));
#11563 = ORIENTED_EDGE('',*,*,#11529,.T.);
#11564 = ORIENTED_EDGE('',*,*,#7386,.T.);
#11565 = ORIENTED_EDGE('',*,*,#11566,.F.);
#11566 = EDGE_CURVE('',#5281,#7387,#11567,.T.);
#11567 = LINE('',#11568,#11569);
#11568 = CARTESIAN_POINT('',(31.983156409026,21.894578497099,0.));
#11569 = VECTOR('',#11570,1.);
#11570 = DIRECTION('',(0.,0.,1.));
#11571 = ORIENTED_EDGE('',*,*,#5280,.F.);
#11572 = CYLINDRICAL_SURFACE('',#11573,0.76);
#11573 = AXIS2_PLACEMENT_3D('',#11574,#11575,#11576);
#11574 = CARTESIAN_POINT('',(32.73291244938,22.018940388177,0.));
#11575 = DIRECTION('',(0.,0.,-1.));
#11576 = DIRECTION('',(0.14635204001,-0.989232571433,0.));
#11577 = ADVANCED_FACE('',(#11578),#11589,.F.);
#11578 = FACE_BOUND('',#11579,.F.);
#11579 = EDGE_LOOP('',(#11580,#11586,#11587,#11588));
#11580 = ORIENTED_EDGE('',*,*,#11581,.T.);
#11581 = EDGE_CURVE('',#6161,#8267,#11582,.T.);
#11582 = LINE('',#11583,#11584);
#11583 = CARTESIAN_POINT('',(28.531399344263,-20.96968297912,0.));
#11584 = VECTOR('',#11585,1.);
#11585 = DIRECTION('',(0.,0.,1.));
#11586 = ORIENTED_EDGE('',*,*,#8275,.T.);
#11587 = ORIENTED_EDGE('',*,*,#11544,.F.);
#11588 = ORIENTED_EDGE('',*,*,#6169,.F.);
#11589 = PLANE('',#11590);
#11590 = AXIS2_PLACEMENT_3D('',#11591,#11592,#11593);
#11591 = CARTESIAN_POINT('',(28.531399344263,-20.96968297912,0.));
#11592 = DIRECTION('',(0.943545022841,-0.331244305418,0.));
#11593 = DIRECTION('',(-0.331244305418,-0.943545022841,0.));
#11594 = ADVANCED_FACE('',(#11595),#11606,.F.);
#11595 = FACE_BOUND('',#11596,.F.);
#11596 = EDGE_LOOP('',(#11597,#11598,#11599,#11605));
#11597 = ORIENTED_EDGE('',*,*,#11566,.T.);
#11598 = ORIENTED_EDGE('',*,*,#7395,.T.);
#11599 = ORIENTED_EDGE('',*,*,#11600,.F.);
#11600 = EDGE_CURVE('',#5290,#7396,#11601,.T.);
#11601 = LINE('',#11602,#11603);
#11602 = CARTESIAN_POINT('',(31.921998716301,22.219624329471,0.));
#11603 = VECTOR('',#11604,1.);
#11604 = DIRECTION('',(0.,0.,1.));
#11605 = ORIENTED_EDGE('',*,*,#5289,.F.);
#11606 = PLANE('',#11607);
#11607 = AXIS2_PLACEMENT_3D('',#11608,#11609,#11610);
#11608 = CARTESIAN_POINT('',(31.983156409026,21.894578497099,0.));
#11609 = DIRECTION('',(-0.982756112104,-0.184906528069,0.));
#11610 = DIRECTION('',(-0.184906528069,0.982756112104,0.));
#11611 = ADVANCED_FACE('',(#11612),#11623,.F.);
#11612 = FACE_BOUND('',#11613,.F.);
#11613 = EDGE_LOOP('',(#11614,#11620,#11621,#11622));
#11614 = ORIENTED_EDGE('',*,*,#11615,.T.);
#11615 = EDGE_CURVE('',#6152,#8258,#11616,.T.);
#11616 = LINE('',#11617,#11618);
#11617 = CARTESIAN_POINT('',(28.099493114027,-19.99579933247,0.));
#11618 = VECTOR('',#11619,1.);
#11619 = DIRECTION('',(0.,0.,1.));
#11620 = ORIENTED_EDGE('',*,*,#8266,.T.);
#11621 = ORIENTED_EDGE('',*,*,#11581,.F.);
#11622 = ORIENTED_EDGE('',*,*,#6160,.F.);
#11623 = CYLINDRICAL_SURFACE('',#11624,0.76);
#11624 = AXIS2_PLACEMENT_3D('',#11625,#11626,#11627);
#11625 = CARTESIAN_POINT('',(27.819910621136,-20.70250551588,0.));
#11626 = DIRECTION('',(0.,0.,-1.));
#11627 = DIRECTION('',(0.367871701172,0.929876557117,0.));
#11628 = ADVANCED_FACE('',(#11629),#11640,.F.);
#11629 = FACE_BOUND('',#11630,.F.);
#11630 = EDGE_LOOP('',(#11631,#11632,#11633,#11639));
#11631 = ORIENTED_EDGE('',*,*,#11600,.T.);
#11632 = ORIENTED_EDGE('',*,*,#7403,.T.);
#11633 = ORIENTED_EDGE('',*,*,#11634,.F.);
#11634 = EDGE_CURVE('',#5298,#7404,#11635,.T.);
#11635 = LINE('',#11636,#11637);
#11636 = CARTESIAN_POINT('',(31.580405407945,23.070263749195,0.));
#11637 = VECTOR('',#11638,1.);
#11638 = DIRECTION('',(0.,0.,1.));
#11639 = ORIENTED_EDGE('',*,*,#5297,.F.);
#11640 = SURFACE_OF_LINEAR_EXTRUSION('',#11641,#11646);
#11641 = B_SPLINE_CURVE_WITH_KNOTS('',3,(#11642,#11643,#11644,#11645),
  .UNSPECIFIED.,.F.,.F.,(4,4),(0.,1.),.PIECEWISE_BEZIER_KNOTS.);
#11642 = CARTESIAN_POINT('',(31.921998716301,22.219624329471,0.));
#11643 = CARTESIAN_POINT('',(31.898102456489,22.317547981955,0.));
#11644 = CARTESIAN_POINT('',(31.814899561997,22.609500599623,0.));
#11645 = CARTESIAN_POINT('',(31.580405407945,23.070263749195,0.));
#11646 = VECTOR('',#11647,1.);
#11647 = DIRECTION('',(-0.,-0.,-1.));
#11648 = ADVANCED_FACE('',(#11649),#11660,.T.);
#11649 = FACE_BOUND('',#11650,.F.);
#11650 = EDGE_LOOP('',(#11651,#11657,#11658,#11659));
#11651 = ORIENTED_EDGE('',*,*,#11652,.T.);
#11652 = EDGE_CURVE('',#6143,#8249,#11653,.T.);
#11653 = LINE('',#11654,#11655);
#11654 = CARTESIAN_POINT('',(27.447336690642,-19.72566729712,0.));
#11655 = VECTOR('',#11656,1.);
#11656 = DIRECTION('',(0.,0.,1.));
#11657 = ORIENTED_EDGE('',*,*,#8257,.T.);
#11658 = ORIENTED_EDGE('',*,*,#11615,.F.);
#11659 = ORIENTED_EDGE('',*,*,#6151,.F.);
#11660 = CYLINDRICAL_SURFACE('',#11661,21.499999999985);
#11661 = AXIS2_PLACEMENT_3D('',#11662,#11663,#11664);
#11662 = CARTESIAN_POINT('',(35.999999999994,-1.386091241784E-11,0.));
#11663 = DIRECTION('',(-0.,-0.,-1.));
#11664 = DIRECTION('',(-0.397798293459,-0.917472897541,0.));
#11665 = ADVANCED_FACE('',(#11666),#11677,.F.);
#11666 = FACE_BOUND('',#11667,.F.);
#11667 = EDGE_LOOP('',(#11668,#11669,#11670,#11676));
#11668 = ORIENTED_EDGE('',*,*,#11634,.T.);
#11669 = ORIENTED_EDGE('',*,*,#7412,.T.);
#11670 = ORIENTED_EDGE('',*,*,#11671,.F.);
#11671 = EDGE_CURVE('',#5307,#7413,#11672,.T.);
#11672 = LINE('',#11673,#11674);
#11673 = CARTESIAN_POINT('',(29.963054735472,25.291577975005,0.));
#11674 = VECTOR('',#11675,1.);
#11675 = DIRECTION('',(0.,0.,1.));
#11676 = ORIENTED_EDGE('',*,*,#5306,.F.);
#11677 = SURFACE_OF_LINEAR_EXTRUSION('',#11678,#11683);
#11678 = B_SPLINE_CURVE_WITH_KNOTS('',3,(#11679,#11680,#11681,#11682),
  .UNSPECIFIED.,.F.,.F.,(4,4),(0.,1.),.PIECEWISE_BEZIER_KNOTS.);
#11679 = CARTESIAN_POINT('',(31.580405407945,23.070263749195,0.));
#11680 = CARTESIAN_POINT('',(31.297933720554,23.621654496155,0.));
#11681 = CARTESIAN_POINT('',(30.805228758958,24.394560817067,0.));
#11682 = CARTESIAN_POINT('',(29.963054735472,25.291577975005,0.));
#11683 = VECTOR('',#11684,1.);
#11684 = DIRECTION('',(-0.,-0.,-1.));
#11685 = ADVANCED_FACE('',(#11686),#11697,.F.);
#11686 = FACE_BOUND('',#11687,.F.);
#11687 = EDGE_LOOP('',(#11688,#11694,#11695,#11696));
#11688 = ORIENTED_EDGE('',*,*,#11689,.T.);
#11689 = EDGE_CURVE('',#6135,#8241,#11690,.T.);
#11690 = LINE('',#11691,#11692);
#11691 = CARTESIAN_POINT('',(26.453293135773,-20.10890320352,0.));
#11692 = VECTOR('',#11693,1.);
#11693 = DIRECTION('',(0.,0.,1.));
#11694 = ORIENTED_EDGE('',*,*,#8248,.T.);
#11695 = ORIENTED_EDGE('',*,*,#11652,.F.);
#11696 = ORIENTED_EDGE('',*,*,#6142,.F.);
#11697 = CYLINDRICAL_SURFACE('',#11698,0.76);
#11698 = AXIS2_PLACEMENT_3D('',#11699,#11700,#11701);
#11699 = CARTESIAN_POINT('',(27.145314632671,-20.42307870834,0.));
#11700 = DIRECTION('',(0.,0.,-1.));
#11701 = DIRECTION('',(-0.910554601182,0.413388822135,0.));
#11702 = ADVANCED_FACE('',(#11703),#11714,.T.);
#11703 = FACE_BOUND('',#11704,.F.);
#11704 = EDGE_LOOP('',(#11705,#11706,#11707,#11713));
#11705 = ORIENTED_EDGE('',*,*,#11671,.T.);
#11706 = ORIENTED_EDGE('',*,*,#7421,.T.);
#11707 = ORIENTED_EDGE('',*,*,#11708,.F.);
#11708 = EDGE_CURVE('',#5316,#7422,#11709,.T.);
#11709 = LINE('',#11710,#11711);
#11710 = CARTESIAN_POINT('',(28.582171703635,24.919386496574,0.));
#11711 = VECTOR('',#11712,1.);
#11712 = DIRECTION('',(0.,0.,1.));
#11713 = ORIENTED_EDGE('',*,*,#5315,.F.);
#11714 = CYLINDRICAL_SURFACE('',#11715,26.);
#11715 = AXIS2_PLACEMENT_3D('',#11716,#11717,#11718);
#11716 = CARTESIAN_POINT('',(36.036403064261,1.086516707191E-02,0.));
#11717 = DIRECTION('',(-0.,-0.,-1.));
#11718 = DIRECTION('',(-0.233590320338,0.972335107997,0.));
#11719 = ADVANCED_FACE('',(#11720),#11731,.F.);
#11720 = FACE_BOUND('',#11721,.F.);
#11721 = EDGE_LOOP('',(#11722,#11728,#11729,#11730));
#11722 = ORIENTED_EDGE('',*,*,#11723,.T.);
#11723 = EDGE_CURVE('',#6126,#8232,#11724,.T.);
#11724 = LINE('',#11725,#11726);
#11725 = CARTESIAN_POINT('',(26.310091288945,-20.4070445921,0.));
#11726 = VECTOR('',#11727,1.);
#11727 = DIRECTION('',(0.,0.,1.));
#11728 = ORIENTED_EDGE('',*,*,#8240,.T.);
#11729 = ORIENTED_EDGE('',*,*,#11689,.F.);
#11730 = ORIENTED_EDGE('',*,*,#6134,.F.);
#11731 = PLANE('',#11732);
#11732 = AXIS2_PLACEMENT_3D('',#11733,#11734,#11735);
#11733 = CARTESIAN_POINT('',(26.310091288945,-20.4070445921,0.));
#11734 = DIRECTION('',(-0.901412178596,0.432961989415,0.));
#11735 = DIRECTION('',(0.432961989415,0.901412178596,0.));
#11736 = ADVANCED_FACE('',(#11737),#11748,.F.);
#11737 = FACE_BOUND('',#11738,.F.);
#11738 = EDGE_LOOP('',(#11739,#11740,#11741,#11747));
#11739 = ORIENTED_EDGE('',*,*,#11708,.T.);
#11740 = ORIENTED_EDGE('',*,*,#7430,.T.);
#11741 = ORIENTED_EDGE('',*,*,#11742,.F.);
#11742 = EDGE_CURVE('',#5325,#7431,#11743,.T.);
#11743 = LINE('',#11744,#11745);
#11744 = CARTESIAN_POINT('',(28.29234931655,22.189231774837,0.));
#11745 = VECTOR('',#11746,1.);
#11746 = DIRECTION('',(0.,0.,1.));
#11747 = ORIENTED_EDGE('',*,*,#5324,.F.);
#11748 = SURFACE_OF_LINEAR_EXTRUSION('',#11749,#11754);
#11749 = B_SPLINE_CURVE_WITH_KNOTS('',3,(#11750,#11751,#11752,#11753),
  .UNSPECIFIED.,.F.,.F.,(4,4),(0.,1.),.PIECEWISE_BEZIER_KNOTS.);
#11750 = CARTESIAN_POINT('',(28.582171703635,24.919386496574,0.));
#11751 = CARTESIAN_POINT('',(28.301523453058,23.723695002265,0.));
#11752 = CARTESIAN_POINT('',(28.261281600201,22.807986012812,0.));
#11753 = CARTESIAN_POINT('',(28.29234931655,22.189231774837,0.));
#11754 = VECTOR('',#11755,1.);
#11755 = DIRECTION('',(-0.,-0.,-1.));
#11756 = ADVANCED_FACE('',(#11757),#11768,.F.);
#11757 = FACE_BOUND('',#11758,.F.);
#11758 = EDGE_LOOP('',(#11759,#11765,#11766,#11767));
#11759 = ORIENTED_EDGE('',*,*,#11760,.T.);
#11760 = EDGE_CURVE('',#6117,#8223,#11761,.T.);
#11761 = LINE('',#11762,#11763);
#11762 = CARTESIAN_POINT('',(25.759975807977,-21.14028832259,0.));
#11763 = VECTOR('',#11764,1.);
#11764 = DIRECTION('',(0.,0.,1.));
#11765 = ORIENTED_EDGE('',*,*,#8231,.T.);
#11766 = ORIENTED_EDGE('',*,*,#11723,.F.);
#11767 = ORIENTED_EDGE('',*,*,#6125,.F.);
#11768 = SURFACE_OF_LINEAR_EXTRUSION('',#11769,#11774);
#11769 = B_SPLINE_CURVE_WITH_KNOTS('',3,(#11770,#11771,#11772,#11773),
  .UNSPECIFIED.,.F.,.F.,(4,4),(0.,1.),.PIECEWISE_BEZIER_KNOTS.);
#11770 = CARTESIAN_POINT('',(25.759975807977,-21.14028832259,0.));
#11771 = CARTESIAN_POINT('',(26.10573404588,-20.75591684965,0.));
#11772 = CARTESIAN_POINT('',(26.261664768211,-20.49544676989,0.));
#11773 = CARTESIAN_POINT('',(26.310091288945,-20.4070445921,0.));
#11774 = VECTOR('',#11775,1.);
#11775 = DIRECTION('',(-0.,-0.,-1.));
#11776 = ADVANCED_FACE('',(#11777),#11788,.F.);
#11777 = FACE_BOUND('',#11778,.F.);
#11778 = EDGE_LOOP('',(#11779,#11780,#11781,#11787));
#11779 = ORIENTED_EDGE('',*,*,#11742,.T.);
#11780 = ORIENTED_EDGE('',*,*,#7439,.T.);
#11781 = ORIENTED_EDGE('',*,*,#11782,.F.);
#11782 = EDGE_CURVE('',#5334,#7440,#11783,.T.);
#11783 = LINE('',#11784,#11785);
#11784 = CARTESIAN_POINT('',(28.421840543613,21.281759773718,0.));
#11785 = VECTOR('',#11786,1.);
#11786 = DIRECTION('',(0.,0.,1.));
#11787 = ORIENTED_EDGE('',*,*,#5333,.F.);
#11788 = SURFACE_OF_LINEAR_EXTRUSION('',#11789,#11794);
#11789 = B_SPLINE_CURVE_WITH_KNOTS('',3,(#11790,#11791,#11792,#11793),
  .UNSPECIFIED.,.F.,.F.,(4,4),(0.,1.),.PIECEWISE_BEZIER_KNOTS.);
#11790 = CARTESIAN_POINT('',(28.29234931655,22.189231774837,0.));
#11791 = CARTESIAN_POINT('',(28.319652996888,21.672952105155,0.));
#11792 = CARTESIAN_POINT('',(28.393573485424,21.378512274307,0.));
#11793 = CARTESIAN_POINT('',(28.421840543613,21.281759773718,0.));
#11794 = VECTOR('',#11795,1.);
#11795 = DIRECTION('',(-0.,-0.,-1.));
#11796 = ADVANCED_FACE('',(#11797),#11808,.F.);
#11797 = FACE_BOUND('',#11798,.F.);
#11798 = EDGE_LOOP('',(#11799,#11805,#11806,#11807));
#11799 = ORIENTED_EDGE('',*,*,#11800,.T.);
#11800 = EDGE_CURVE('',#6108,#8214,#11801,.T.);
#11801 = LINE('',#11802,#11803);
#11802 = CARTESIAN_POINT('',(23.624529515301,-22.86586386477,0.));
#11803 = VECTOR('',#11804,1.);
#11804 = DIRECTION('',(0.,0.,1.));
#11805 = ORIENTED_EDGE('',*,*,#8222,.T.);
#11806 = ORIENTED_EDGE('',*,*,#11760,.F.);
#11807 = ORIENTED_EDGE('',*,*,#6116,.F.);
#11808 = SURFACE_OF_LINEAR_EXTRUSION('',#11809,#11814);
#11809 = B_SPLINE_CURVE_WITH_KNOTS('',3,(#11810,#11811,#11812,#11813),
  .UNSPECIFIED.,.F.,.F.,(4,4),(0.,1.),.PIECEWISE_BEZIER_KNOTS.);
#11810 = CARTESIAN_POINT('',(23.624529515301,-22.86586386477,0.));
#11811 = CARTESIAN_POINT('',(24.668459360245,-22.21883058205,0.));
#11812 = CARTESIAN_POINT('',(25.344418683323,-21.59978183305,0.));
#11813 = CARTESIAN_POINT('',(25.759975807977,-21.14028832259,0.));
#11814 = VECTOR('',#11815,1.);
#11815 = DIRECTION('',(-0.,-0.,-1.));
#11816 = ADVANCED_FACE('',(#11817),#11828,.F.);
#11817 = FACE_BOUND('',#11818,.F.);
#11818 = EDGE_LOOP('',(#11819,#11820,#11821,#11827));
#11819 = ORIENTED_EDGE('',*,*,#11782,.T.);
#11820 = ORIENTED_EDGE('',*,*,#7448,.T.);
#11821 = ORIENTED_EDGE('',*,*,#11822,.F.);
#11822 = EDGE_CURVE('',#5343,#7449,#11823,.T.);
#11823 = LINE('',#11824,#11825);
#11824 = CARTESIAN_POINT('',(28.531399344263,20.969682979128,0.));
#11825 = VECTOR('',#11826,1.);
#11826 = DIRECTION('',(0.,0.,1.));
#11827 = ORIENTED_EDGE('',*,*,#5342,.F.);
#11828 = PLANE('',#11829);
#11829 = AXIS2_PLACEMENT_3D('',#11830,#11831,#11832);
#11830 = CARTESIAN_POINT('',(28.421840543613,21.281759773718,0.));
#11831 = DIRECTION('',(0.943545022841,0.331244305418,0.));
#11832 = DIRECTION('',(0.331244305418,-0.943545022841,0.));
#11833 = ADVANCED_FACE('',(#11834),#11845,.T.);
#11834 = FACE_BOUND('',#11835,.F.);
#11835 = EDGE_LOOP('',(#11836,#11842,#11843,#11844));
#11836 = ORIENTED_EDGE('',*,*,#11837,.T.);
#11837 = EDGE_CURVE('',#6099,#8205,#11838,.T.);
#11838 = LINE('',#11839,#11840);
#11839 = CARTESIAN_POINT('',(22.384918641165,-22.15261122723,0.));
#11840 = VECTOR('',#11841,1.);
#11841 = DIRECTION('',(0.,0.,1.));
#11842 = ORIENTED_EDGE('',*,*,#8213,.T.);
#11843 = ORIENTED_EDGE('',*,*,#11800,.F.);
#11844 = ORIENTED_EDGE('',*,*,#6107,.F.);
#11845 = CYLINDRICAL_SURFACE('',#11846,26.000000000009);
#11846 = AXIS2_PLACEMENT_3D('',#11847,#11848,#11849);
#11847 = CARTESIAN_POINT('',(35.966576313094,1.805802028726E-02,0.));
#11848 = DIRECTION('',(-0.,-0.,-1.));
#11849 = DIRECTION('',(-0.52237144892,-0.852718047981,0.));
#11850 = ADVANCED_FACE('',(#11851),#11862,.F.);
#11851 = FACE_BOUND('',#11852,.F.);
#11852 = EDGE_LOOP('',(#11853,#11854,#11855,#11861));
#11853 = ORIENTED_EDGE('',*,*,#11822,.T.);
#11854 = ORIENTED_EDGE('',*,*,#7456,.T.);
#11855 = ORIENTED_EDGE('',*,*,#11856,.F.);
#11856 = EDGE_CURVE('',#5351,#7457,#11857,.T.);
#11857 = LINE('',#11858,#11859);
#11858 = CARTESIAN_POINT('',(28.099493114027,19.995799332477,0.));
#11859 = VECTOR('',#11860,1.);
#11860 = DIRECTION('',(0.,0.,1.));
#11861 = ORIENTED_EDGE('',*,*,#5350,.F.);
#11862 = CYLINDRICAL_SURFACE('',#11863,0.76);
#11863 = AXIS2_PLACEMENT_3D('',#11864,#11865,#11866);
#11864 = CARTESIAN_POINT('',(27.819910621136,20.702505515887,0.));
#11865 = DIRECTION('',(0.,0.,-1.));
#11866 = DIRECTION('',(0.936169372535,0.351549293738,0.));
#11867 = ADVANCED_FACE('',(#11868),#11879,.F.);
#11868 = FACE_BOUND('',#11869,.F.);
#11869 = EDGE_LOOP('',(#11870,#11876,#11877,#11878));
#11870 = ORIENTED_EDGE('',*,*,#11871,.T.);
#11871 = EDGE_CURVE('',#6090,#8196,#11872,.T.);
#11872 = LINE('',#11873,#11874);
#11873 = CARTESIAN_POINT('',(22.81198536532,-19.43826524695,0.));
#11874 = VECTOR('',#11875,1.);
#11875 = DIRECTION('',(0.,0.,1.));
#11876 = ORIENTED_EDGE('',*,*,#8204,.T.);
#11877 = ORIENTED_EDGE('',*,*,#11837,.F.);
#11878 = ORIENTED_EDGE('',*,*,#6098,.F.);
#11879 = SURFACE_OF_LINEAR_EXTRUSION('',#11880,#11885);
#11880 = B_SPLINE_CURVE_WITH_KNOTS('',3,(#11881,#11882,#11883,#11884),
  .UNSPECIFIED.,.F.,.F.,(4,4),(0.,1.),.PIECEWISE_BEZIER_KNOTS.);
#11881 = CARTESIAN_POINT('',(22.81198536532,-19.43826524695,0.));
#11882 = CARTESIAN_POINT('',(22.621830874708,-20.02789502886,0.));
#11883 = CARTESIAN_POINT('',(22.423698593438,-20.92281734906,0.));
#11884 = CARTESIAN_POINT('',(22.384918641165,-22.15261122723,0.));
#11885 = VECTOR('',#11886,1.);
#11886 = DIRECTION('',(-0.,-0.,-1.));
#11887 = ADVANCED_FACE('',(#11888),#11899,.T.);
#11888 = FACE_BOUND('',#11889,.F.);
#11889 = EDGE_LOOP('',(#11890,#11891,#11892,#11898));
#11890 = ORIENTED_EDGE('',*,*,#11856,.T.);
#11891 = ORIENTED_EDGE('',*,*,#7465,.T.);
#11892 = ORIENTED_EDGE('',*,*,#11893,.F.);
#11893 = EDGE_CURVE('',#5360,#7466,#11894,.T.);
#11894 = LINE('',#11895,#11896);
#11895 = CARTESIAN_POINT('',(27.447336690642,19.725667297122,0.));
#11896 = VECTOR('',#11897,1.);
#11897 = DIRECTION('',(0.,0.,1.));
#11898 = ORIENTED_EDGE('',*,*,#5359,.F.);
#11899 = CYLINDRICAL_SURFACE('',#11900,21.500000000025);
#11900 = AXIS2_PLACEMENT_3D('',#11901,#11902,#11903);
#11901 = CARTESIAN_POINT('',(36.000000000009,-2.323830017303E-11,0.));
#11902 = DIRECTION('',(-0.,-0.,-1.));
#11903 = DIRECTION('',(-0.367465436557,0.930037178255,0.));
#11904 = ADVANCED_FACE('',(#11905),#11916,.F.);
#11905 = FACE_BOUND('',#11906,.F.);
#11906 = EDGE_LOOP('',(#11907,#11913,#11914,#11915));
#11907 = ORIENTED_EDGE('',*,*,#11908,.T.);
#11908 = EDGE_CURVE('',#6082,#8188,#11909,.T.);
#11909 = LINE('',#11910,#11911);
#11910 = CARTESIAN_POINT('',(23.171935322604,-18.59522940017,0.));
#11911 = VECTOR('',#11912,1.);
#11912 = DIRECTION('',(0.,0.,1.));
#11913 = ORIENTED_EDGE('',*,*,#8195,.T.);
#11914 = ORIENTED_EDGE('',*,*,#11871,.F.);
#11915 = ORIENTED_EDGE('',*,*,#6089,.F.);
#11916 = SURFACE_OF_LINEAR_EXTRUSION('',#11917,#11922);
#11917 = B_SPLINE_CURVE_WITH_KNOTS('',3,(#11918,#11919,#11920,#11921),
  .UNSPECIFIED.,.F.,.F.,(4,4),(0.,1.),.PIECEWISE_BEZIER_KNOTS.);
#11918 = CARTESIAN_POINT('',(23.171935322604,-18.59522940017,0.));
#11919 = CARTESIAN_POINT('',(23.119590051253,-18.68136908624,0.));
#11920 = CARTESIAN_POINT('',(22.971981706424,-18.94664409289,0.));
#11921 = CARTESIAN_POINT('',(22.81198536532,-19.43826524695,0.));
#11922 = VECTOR('',#11923,1.);
#11923 = DIRECTION('',(-0.,-0.,-1.));
#11924 = ADVANCED_FACE('',(#11925),#11936,.F.);
#11925 = FACE_BOUND('',#11926,.F.);
#11926 = EDGE_LOOP('',(#11927,#11928,#11929,#11935));
#11927 = ORIENTED_EDGE('',*,*,#11893,.T.);
#11928 = ORIENTED_EDGE('',*,*,#7474,.T.);
#11929 = ORIENTED_EDGE('',*,*,#11930,.F.);
#11930 = EDGE_CURVE('',#5369,#7475,#11931,.T.);
#11931 = LINE('',#11932,#11933);
#11932 = CARTESIAN_POINT('',(26.453293135773,20.10890320352,0.));
#11933 = VECTOR('',#11934,1.);
#11934 = DIRECTION('',(0.,0.,1.));
#11935 = ORIENTED_EDGE('',*,*,#5368,.F.);
#11936 = CYLINDRICAL_SURFACE('',#11937,0.76);
#11937 = AXIS2_PLACEMENT_3D('',#11938,#11939,#11940);
#11938 = CARTESIAN_POINT('',(27.145314632671,20.423078708342,0.));
#11939 = DIRECTION('',(0.,0.,-1.));
#11940 = DIRECTION('',(0.397397444698,-0.91764659371,0.));
#11941 = ADVANCED_FACE('',(#11942),#11953,.F.);
#11942 = FACE_BOUND('',#11943,.F.);
#11943 = EDGE_LOOP('',(#11944,#11950,#11951,#11952));
#11944 = ORIENTED_EDGE('',*,*,#11945,.T.);
#11945 = EDGE_CURVE('',#6073,#8179,#11946,.T.);
#11946 = LINE('',#11947,#11948);
#11947 = CARTESIAN_POINT('',(23.358532415623,-18.32214226866,0.));
#11948 = VECTOR('',#11949,1.);
#11949 = DIRECTION('',(0.,0.,1.));
#11950 = ORIENTED_EDGE('',*,*,#8187,.T.);
#11951 = ORIENTED_EDGE('',*,*,#11908,.F.);
#11952 = ORIENTED_EDGE('',*,*,#6081,.F.);
#11953 = PLANE('',#11954);
#11954 = AXIS2_PLACEMENT_3D('',#11955,#11956,#11957);
#11955 = CARTESIAN_POINT('',(23.358532415623,-18.32214226866,0.));
#11956 = DIRECTION('',(0.825662171005,-0.564164851238,0.));
#11957 = DIRECTION('',(-0.564164851238,-0.825662171005,0.));
#11958 = ADVANCED_FACE('',(#11959),#11970,.F.);
#11959 = FACE_BOUND('',#11960,.F.);
#11960 = EDGE_LOOP('',(#11961,#11962,#11963,#11969));
#11961 = ORIENTED_EDGE('',*,*,#11930,.T.);
#11962 = ORIENTED_EDGE('',*,*,#7483,.T.);
#11963 = ORIENTED_EDGE('',*,*,#11964,.F.);
#11964 = EDGE_CURVE('',#5378,#7484,#11965,.T.);
#11965 = LINE('',#11966,#11967);
#11966 = CARTESIAN_POINT('',(26.310091288945,20.407044592103,0.));
#11967 = VECTOR('',#11968,1.);
#11968 = DIRECTION('',(0.,0.,1.));
#11969 = ORIENTED_EDGE('',*,*,#5377,.F.);
#11970 = PLANE('',#11971);
#11971 = AXIS2_PLACEMENT_3D('',#11972,#11973,#11974);
#11972 = CARTESIAN_POINT('',(26.453293135773,20.10890320352,0.));
#11973 = DIRECTION('',(-0.901412178596,-0.432961989415,0.));
#11974 = DIRECTION('',(-0.432961989415,0.901412178596,0.));
#11975 = ADVANCED_FACE('',(#11976),#11987,.F.);
#11976 = FACE_BOUND('',#11977,.F.);
#11977 = EDGE_LOOP('',(#11978,#11984,#11985,#11986));
#11978 = ORIENTED_EDGE('',*,*,#11979,.T.);
#11979 = EDGE_CURVE('',#6064,#8170,#11980,.T.);
#11980 = LINE('',#11981,#11982);
#11981 = CARTESIAN_POINT('',(23.193402668771,-17.26965734448,0.));
#11982 = VECTOR('',#11983,1.);
#11983 = DIRECTION('',(0.,0.,1.));
#11984 = ORIENTED_EDGE('',*,*,#8178,.T.);
#11985 = ORIENTED_EDGE('',*,*,#11945,.F.);
#11986 = ORIENTED_EDGE('',*,*,#6072,.F.);
#11987 = CYLINDRICAL_SURFACE('',#11988,0.76);
#11988 = AXIS2_PLACEMENT_3D('',#11989,#11990,#11991);
#11989 = CARTESIAN_POINT('',(22.740437698751,-17.87992182479,0.));
#11990 = DIRECTION('',(0.,0.,-1.));
#11991 = DIRECTION('',(0.5960065395,0.802979579363,0.));
#11992 = ADVANCED_FACE('',(#11993),#12004,.F.);
#11993 = FACE_BOUND('',#11994,.F.);
#11994 = EDGE_LOOP('',(#11995,#11996,#11997,#12003));
#11995 = ORIENTED_EDGE('',*,*,#11964,.T.);
#11996 = ORIENTED_EDGE('',*,*,#7491,.T.);
#11997 = ORIENTED_EDGE('',*,*,#11998,.F.);
#11998 = EDGE_CURVE('',#5386,#7492,#11999,.T.);
#11999 = LINE('',#12000,#12001);
#12000 = CARTESIAN_POINT('',(25.759975807977,21.140288322592,0.));
#12001 = VECTOR('',#12002,1.);
#12002 = DIRECTION('',(0.,0.,1.));
#12003 = ORIENTED_EDGE('',*,*,#5385,.F.);
#12004 = SURFACE_OF_LINEAR_EXTRUSION('',#12005,#12010);
#12005 = B_SPLINE_CURVE_WITH_KNOTS('',3,(#12006,#12007,#12008,#12009),
  .UNSPECIFIED.,.F.,.F.,(4,4),(0.,1.),.PIECEWISE_BEZIER_KNOTS.);
#12006 = CARTESIAN_POINT('',(26.310091288945,20.407044592103,0.));
#12007 = CARTESIAN_POINT('',(26.261664768211,20.495446769896,0.));
#12008 = CARTESIAN_POINT('',(26.10573404588,20.755916849652,0.));
#12009 = CARTESIAN_POINT('',(25.759975807977,21.140288322592,0.));
#12010 = VECTOR('',#12011,1.);
#12011 = DIRECTION('',(-0.,-0.,-1.));
#12012 = ADVANCED_FACE('',(#12013),#12024,.T.);
#12013 = FACE_BOUND('',#12014,.F.);
#12014 = EDGE_LOOP('',(#12015,#12021,#12022,#12023));
#12015 = ORIENTED_EDGE('',*,*,#12016,.T.);
#12016 = EDGE_CURVE('',#6055,#8161,#12017,.T.);
#12017 = LINE('',#12018,#12019);
#12018 = CARTESIAN_POINT('',(22.633383252085,-16.83993933226,0.));
#12019 = VECTOR('',#12020,1.);
#12020 = DIRECTION('',(0.,0.,1.));
#12021 = ORIENTED_EDGE('',*,*,#8169,.T.);
#12022 = ORIENTED_EDGE('',*,*,#11979,.F.);
#12023 = ORIENTED_EDGE('',*,*,#6063,.F.);
#12024 = CYLINDRICAL_SURFACE('',#12025,21.500000000008);
#12025 = AXIS2_PLACEMENT_3D('',#12026,#12027,#12028);
#12026 = CARTESIAN_POINT('',(36.000000000005,6.282974140959E-12,0.));
#12027 = DIRECTION('',(-0.,-0.,-1.));
#12028 = DIRECTION('',(-0.621703104554,-0.783252992198,0.));
#12029 = ADVANCED_FACE('',(#12030),#12041,.F.);
#12030 = FACE_BOUND('',#12031,.F.);
#12031 = EDGE_LOOP('',(#12032,#12033,#12034,#12040));
#12032 = ORIENTED_EDGE('',*,*,#11998,.T.);
#12033 = ORIENTED_EDGE('',*,*,#7500,.T.);
#12034 = ORIENTED_EDGE('',*,*,#12035,.F.);
#12035 = EDGE_CURVE('',#5395,#7501,#12036,.T.);
#12036 = LINE('',#12037,#12038);
#12037 = CARTESIAN_POINT('',(23.622816596472,22.86731194496,0.));
#12038 = VECTOR('',#12039,1.);
#12039 = DIRECTION('',(0.,0.,1.));
#12040 = ORIENTED_EDGE('',*,*,#5394,.F.);
#12041 = SURFACE_OF_LINEAR_EXTRUSION('',#12042,#12047);
#12042 = B_SPLINE_CURVE_WITH_KNOTS('',3,(#12043,#12044,#12045,#12046),
  .UNSPECIFIED.,.F.,.F.,(4,4),(0.,1.),.PIECEWISE_BEZIER_KNOTS.);
#12043 = CARTESIAN_POINT('',(25.759975807977,21.140288322592,0.));
#12044 = CARTESIAN_POINT('',(25.344418683323,21.599781833058,0.));
#12045 = CARTESIAN_POINT('',(24.668459360245,22.218830582051,0.));
#12046 = CARTESIAN_POINT('',(23.622816596472,22.86731194496,0.));
#12047 = VECTOR('',#12048,1.);
#12048 = DIRECTION('',(-0.,-0.,-1.));
#12049 = ADVANCED_FACE('',(#12050),#12061,.F.);
#12050 = FACE_BOUND('',#12051,.F.);
#12051 = EDGE_LOOP('',(#12052,#12058,#12059,#12060));
#12052 = ORIENTED_EDGE('',*,*,#12053,.T.);
#12053 = EDGE_CURVE('',#6047,#8153,#12054,.T.);
#12054 = LINE('',#12055,#12056);
#12055 = CARTESIAN_POINT('',(21.574022158638,-16.95283938815,0.));
#12056 = VECTOR('',#12057,1.);
#12057 = DIRECTION('',(0.,0.,1.));
#12058 = ORIENTED_EDGE('',*,*,#8160,.T.);
#12059 = ORIENTED_EDGE('',*,*,#12016,.F.);
#12060 = ORIENTED_EDGE('',*,*,#6054,.F.);
#12061 = CYLINDRICAL_SURFACE('',#12062,0.76);
#12062 = AXIS2_PLACEMENT_3D('',#12063,#12064,#12065);
#12063 = CARTESIAN_POINT('',(22.161148990687,-17.43541796526,0.));
#12064 = DIRECTION('',(0.,0.,-1.));
#12065 = DIRECTION('',(-0.772535305327,0.634971811991,0.));
#12066 = ADVANCED_FACE('',(#12067),#12078,.T.);
#12067 = FACE_BOUND('',#12068,.F.);
#12068 = EDGE_LOOP('',(#12069,#12070,#12071,#12077));
#12069 = ORIENTED_EDGE('',*,*,#12035,.T.);
#12070 = ORIENTED_EDGE('',*,*,#7509,.T.);
#12071 = ORIENTED_EDGE('',*,*,#12072,.F.);
#12072 = EDGE_CURVE('',#5404,#7510,#12073,.T.);
#12073 = LINE('',#12074,#12075);
#12074 = CARTESIAN_POINT('',(22.385316255979,22.15040375592,0.));
#12075 = VECTOR('',#12076,1.);
#12076 = DIRECTION('',(0.,0.,1.));
#12077 = ORIENTED_EDGE('',*,*,#5403,.F.);
#12078 = CYLINDRICAL_SURFACE('',#12079,26.000000000012);
#12079 = AXIS2_PLACEMENT_3D('',#12080,#12081,#12082);
#12080 = CARTESIAN_POINT('',(36.032350547766,1.991675180227E-02,0.));
#12081 = DIRECTION('',(-0.,-0.,-1.));
#12082 = DIRECTION('',(-0.477289767357,0.878745968967,0.));
#12083 = ADVANCED_FACE('',(#12084),#12095,.F.);
#12084 = FACE_BOUND('',#12085,.F.);
#12085 = EDGE_LOOP('',(#12086,#12092,#12093,#12094));
#12086 = ORIENTED_EDGE('',*,*,#12087,.T.);
#12087 = EDGE_CURVE('',#6038,#8144,#12088,.T.);
#12088 = LINE('',#12089,#12090);
#12089 = CARTESIAN_POINT('',(21.358535126916,-17.20375849001,0.));
#12090 = VECTOR('',#12091,1.);
#12091 = DIRECTION('',(0.,0.,1.));
#12092 = ORIENTED_EDGE('',*,*,#8152,.T.);
#12093 = ORIENTED_EDGE('',*,*,#12053,.F.);
#12094 = ORIENTED_EDGE('',*,*,#6046,.F.);
#12095 = PLANE('',#12096);
#12096 = AXIS2_PLACEMENT_3D('',#12097,#12098,#12099);
#12097 = CARTESIAN_POINT('',(21.358535126916,-17.20375849001,0.));
#12098 = DIRECTION('',(-0.758638494772,0.651511806685,0.));
#12099 = DIRECTION('',(0.651511806685,0.758638494772,0.));
#12100 = ADVANCED_FACE('',(#12101),#12112,.F.);
#12101 = FACE_BOUND('',#12102,.F.);
#12102 = EDGE_LOOP('',(#12103,#12104,#12105,#12111));
#12103 = ORIENTED_EDGE('',*,*,#12072,.T.);
#12104 = ORIENTED_EDGE('',*,*,#7518,.T.);
#12105 = ORIENTED_EDGE('',*,*,#12106,.F.);
#12106 = EDGE_CURVE('',#5413,#7519,#12107,.T.);
#12107 = LINE('',#12108,#12109);
#12108 = CARTESIAN_POINT('',(22.81198536532,19.438265246955,0.));
#12109 = VECTOR('',#12110,1.);
#12110 = DIRECTION('',(0.,0.,1.));
#12111 = ORIENTED_EDGE('',*,*,#5412,.F.);
#12112 = SURFACE_OF_LINEAR_EXTRUSION('',#12113,#12118);
#12113 = B_SPLINE_CURVE_WITH_KNOTS('',3,(#12114,#12115,#12116,#12117),
  .UNSPECIFIED.,.F.,.F.,(4,4),(0.,1.),.PIECEWISE_BEZIER_KNOTS.);
#12114 = CARTESIAN_POINT('',(22.385316255979,22.15040375592,0.));
#12115 = CARTESIAN_POINT('',(22.423698593438,20.922817349069,0.));
#12116 = CARTESIAN_POINT('',(22.621830874708,20.027895028862,0.));
#12117 = CARTESIAN_POINT('',(22.81198536532,19.438265246955,0.));
#12118 = VECTOR('',#12119,1.);
#12119 = DIRECTION('',(-0.,-0.,-1.));
#12120 = ADVANCED_FACE('',(#12121),#12132,.F.);
#12121 = FACE_BOUND('',#12122,.F.);
#12122 = EDGE_LOOP('',(#12123,#12129,#12130,#12131));
#12123 = ORIENTED_EDGE('',*,*,#12124,.T.);
#12124 = EDGE_CURVE('',#6029,#8135,#12125,.T.);
#12125 = LINE('',#12126,#12127);
#12126 = CARTESIAN_POINT('',(20.637386934255,-17.76963718278,0.));
#12127 = VECTOR('',#12128,1.);
#12128 = DIRECTION('',(0.,0.,1.));
#12129 = ORIENTED_EDGE('',*,*,#8143,.T.);
#12130 = ORIENTED_EDGE('',*,*,#12087,.F.);
#12131 = ORIENTED_EDGE('',*,*,#6037,.F.);
#12132 = SURFACE_OF_LINEAR_EXTRUSION('',#12133,#12138);
#12133 = B_SPLINE_CURVE_WITH_KNOTS('',3,(#12134,#12135,#12136,#12137),
  .UNSPECIFIED.,.F.,.F.,(4,4),(0.,1.),.PIECEWISE_BEZIER_KNOTS.);
#12134 = CARTESIAN_POINT('',(20.637386934255,-17.76963718278,0.));
#12135 = CARTESIAN_POINT('',(21.070846403489,-17.48785166715,0.));
#12136 = CARTESIAN_POINT('',(21.288878532621,-17.27661473079,0.));
#12137 = CARTESIAN_POINT('',(21.358535126916,-17.20375849001,0.));
#12138 = VECTOR('',#12139,1.);
#12139 = DIRECTION('',(-0.,-0.,-1.));
#12140 = ADVANCED_FACE('',(#12141),#12152,.F.);
#12141 = FACE_BOUND('',#12142,.F.);
#12142 = EDGE_LOOP('',(#12143,#12144,#12145,#12151));
#12143 = ORIENTED_EDGE('',*,*,#12106,.T.);
#12144 = ORIENTED_EDGE('',*,*,#7527,.T.);
#12145 = ORIENTED_EDGE('',*,*,#12146,.F.);
#12146 = EDGE_CURVE('',#5422,#7528,#12147,.T.);
#12147 = LINE('',#12148,#12149);
#12148 = CARTESIAN_POINT('',(23.171935322604,18.595229400177,0.));
#12149 = VECTOR('',#12150,1.);
#12150 = DIRECTION('',(0.,0.,1.));
#12151 = ORIENTED_EDGE('',*,*,#5421,.F.);
#12152 = SURFACE_OF_LINEAR_EXTRUSION('',#12153,#12158);
#12153 = B_SPLINE_CURVE_WITH_KNOTS('',3,(#12154,#12155,#12156,#12157),
  .UNSPECIFIED.,.F.,.F.,(4,4),(0.,1.),.PIECEWISE_BEZIER_KNOTS.);
#12154 = CARTESIAN_POINT('',(22.81198536532,19.438265246955,0.));
#12155 = CARTESIAN_POINT('',(22.971981706424,18.946644092893,0.));
#12156 = CARTESIAN_POINT('',(23.119590051253,18.681369086246,0.));
#12157 = CARTESIAN_POINT('',(23.171935322604,18.595229400177,0.));
#12158 = VECTOR('',#12159,1.);
#12159 = DIRECTION('',(-0.,-0.,-1.));
#12160 = ADVANCED_FACE('',(#12161),#12172,.F.);
#12161 = FACE_BOUND('',#12162,.F.);
#12162 = EDGE_LOOP('',(#12163,#12169,#12170,#12171));
#12163 = ORIENTED_EDGE('',*,*,#12164,.T.);
#12164 = EDGE_CURVE('',#6020,#8126,#12165,.T.);
#12165 = LINE('',#12166,#12167);
#12166 = CARTESIAN_POINT('',(18.128092395426,-18.88372099385,0.));
#12167 = VECTOR('',#12168,1.);
#12168 = DIRECTION('',(0.,0.,1.));
#12169 = ORIENTED_EDGE('',*,*,#8134,.T.);
#12170 = ORIENTED_EDGE('',*,*,#12124,.F.);
#12171 = ORIENTED_EDGE('',*,*,#6028,.F.);
#12172 = SURFACE_OF_LINEAR_EXTRUSION('',#12173,#12178);
#12173 = B_SPLINE_CURVE_WITH_KNOTS('',3,(#12174,#12175,#12176,#12177),
  .UNSPECIFIED.,.F.,.F.,(4,4),(0.,1.),.PIECEWISE_BEZIER_KNOTS.);
#12174 = CARTESIAN_POINT('',(18.128092395427,-18.88372099385,0.));
#12175 = CARTESIAN_POINT('',(19.303915729876,-18.52892376122,0.));
#12176 = CARTESIAN_POINT('',(20.117063903644,-18.10591973336,0.));
#12177 = CARTESIAN_POINT('',(20.637386934255,-17.76963718278,0.));
#12178 = VECTOR('',#12179,1.);
#12179 = DIRECTION('',(-0.,-0.,-1.));
#12180 = ADVANCED_FACE('',(#12181),#12192,.F.);
#12181 = FACE_BOUND('',#12182,.F.);
#12182 = EDGE_LOOP('',(#12183,#12184,#12185,#12191));
#12183 = ORIENTED_EDGE('',*,*,#12146,.T.);
#12184 = ORIENTED_EDGE('',*,*,#7536,.T.);
#12185 = ORIENTED_EDGE('',*,*,#12186,.F.);
#12186 = EDGE_CURVE('',#5431,#7537,#12187,.T.);
#12187 = LINE('',#12188,#12189);
#12188 = CARTESIAN_POINT('',(23.358532415623,18.322142268664,0.));
#12189 = VECTOR('',#12190,1.);
#12190 = DIRECTION('',(0.,0.,1.));
#12191 = ORIENTED_EDGE('',*,*,#5430,.F.);
#12192 = PLANE('',#12193);
#12193 = AXIS2_PLACEMENT_3D('',#12194,#12195,#12196);
#12194 = CARTESIAN_POINT('',(23.171935322604,18.595229400177,0.));
#12195 = DIRECTION('',(0.825662171005,0.564164851238,0.));
#12196 = DIRECTION('',(0.564164851238,-0.825662171005,0.));
#12197 = ADVANCED_FACE('',(#12198),#12209,.T.);
#12198 = FACE_BOUND('',#12199,.F.);
#12199 = EDGE_LOOP('',(#12200,#12206,#12207,#12208));
#12200 = ORIENTED_EDGE('',*,*,#12201,.T.);
#12201 = EDGE_CURVE('',#6011,#8117,#12202,.T.);
#12202 = LINE('',#12203,#12204);
#12203 = CARTESIAN_POINT('',(17.115323604114,-17.87393694784,0.));
#12204 = VECTOR('',#12205,1.);
#12205 = DIRECTION('',(0.,0.,1.));
#12206 = ORIENTED_EDGE('',*,*,#8125,.T.);
#12207 = ORIENTED_EDGE('',*,*,#12164,.F.);
#12208 = ORIENTED_EDGE('',*,*,#6019,.F.);
#12209 = CYLINDRICAL_SURFACE('',#12210,26.000000000004);
#12210 = AXIS2_PLACEMENT_3D('',#12211,#12212,#12213);
#12211 = CARTESIAN_POINT('',(35.972388957171,2.609339489267E-02,0.));
#12212 = DIRECTION('',(-0.,-0.,-1.));
#12213 = DIRECTION('',(-0.725271744348,-0.68846270549,0.));
#12214 = ADVANCED_FACE('',(#12215),#12226,.F.);
#12215 = FACE_BOUND('',#12216,.F.);
#12216 = EDGE_LOOP('',(#12217,#12218,#12219,#12225));
#12217 = ORIENTED_EDGE('',*,*,#12186,.T.);
#12218 = ORIENTED_EDGE('',*,*,#7544,.T.);
#12219 = ORIENTED_EDGE('',*,*,#12220,.F.);
#12220 = EDGE_CURVE('',#5439,#7545,#12221,.T.);
#12221 = LINE('',#12222,#12223);
#12222 = CARTESIAN_POINT('',(23.193402668771,17.26965734448,0.));
#12223 = VECTOR('',#12224,1.);
#12224 = DIRECTION('',(0.,0.,1.));
#12225 = ORIENTED_EDGE('',*,*,#5438,.F.);
#12226 = CYLINDRICAL_SURFACE('',#12227,0.76);
#12227 = AXIS2_PLACEMENT_3D('',#12228,#12229,#12230);
#12228 = CARTESIAN_POINT('',(22.740437698751,17.879921824796,0.));
#12229 = DIRECTION('',(0.,0.,-1.));
#12230 = DIRECTION('',(0.8132825222,0.581869005089,0.));
#12231 = ADVANCED_FACE('',(#12232),#12243,.F.);
#12232 = FACE_BOUND('',#12233,.F.);
#12233 = EDGE_LOOP('',(#12234,#12240,#12241,#12242));
#12234 = ORIENTED_EDGE('',*,*,#12235,.T.);
#12235 = EDGE_CURVE('',#6002,#8108,#12236,.T.);
#12236 = LINE('',#12237,#12238);
#12237 = CARTESIAN_POINT('',(18.230362817218,-15.36261306574,0.));
#12238 = VECTOR('',#12239,1.);
#12239 = DIRECTION('',(0.,0.,1.));
#12240 = ORIENTED_EDGE('',*,*,#8116,.T.);
#12241 = ORIENTED_EDGE('',*,*,#12201,.F.);
#12242 = ORIENTED_EDGE('',*,*,#6010,.F.);
#12243 = SURFACE_OF_LINEAR_EXTRUSION('',#12244,#12249);
#12244 = B_SPLINE_CURVE_WITH_KNOTS('',3,(#12245,#12246,#12247,#12248),
  .UNSPECIFIED.,.F.,.F.,(4,4),(0.,1.),.PIECEWISE_BEZIER_KNOTS.);
#12245 = CARTESIAN_POINT('',(18.230362817218,-15.36261306574,0.));
#12246 = CARTESIAN_POINT('',(17.894080266634,-15.88293609635,0.));
#12247 = CARTESIAN_POINT('',(17.471076238777,-16.69608427012,0.));
#12248 = CARTESIAN_POINT('',(17.115323604114,-17.87393694784,0.));
#12249 = VECTOR('',#12250,1.);
#12250 = DIRECTION('',(-0.,-0.,-1.));
#12251 = ADVANCED_FACE('',(#12252),#12263,.T.);
#12252 = FACE_BOUND('',#12253,.F.);
#12253 = EDGE_LOOP('',(#12254,#12255,#12256,#12262));
#12254 = ORIENTED_EDGE('',*,*,#12220,.T.);
#12255 = ORIENTED_EDGE('',*,*,#7553,.T.);
#12256 = ORIENTED_EDGE('',*,*,#12257,.F.);
#12257 = EDGE_CURVE('',#5448,#7554,#12258,.T.);
#12258 = LINE('',#12259,#12260);
#12259 = CARTESIAN_POINT('',(22.633383252085,16.839939332265,0.));
#12260 = VECTOR('',#12261,1.);
#12261 = DIRECTION('',(0.,0.,1.));
#12262 = ORIENTED_EDGE('',*,*,#5447,.F.);
#12263 = CYLINDRICAL_SURFACE('',#12264,21.500000000018);
#12264 = AXIS2_PLACEMENT_3D('',#12265,#12266,#12267);
#12265 = CARTESIAN_POINT('',(36.000000000011,-1.42783562751E-11,0.));
#12266 = DIRECTION('',(-0.,-0.,-1.));
#12267 = DIRECTION('',(-0.595655689825,0.803239876487,0.));
#12268 = ADVANCED_FACE('',(#12269),#12280,.F.);
#12269 = FACE_BOUND('',#12270,.F.);
#12270 = EDGE_LOOP('',(#12271,#12277,#12278,#12279));
#12271 = ORIENTED_EDGE('',*,*,#12272,.T.);
#12272 = EDGE_CURVE('',#5994,#8100,#12273,.T.);
#12273 = LINE('',#12274,#12275);
#12274 = CARTESIAN_POINT('',(18.796241509981,-14.64146487308,0.));
#12275 = VECTOR('',#12276,1.);
#12276 = DIRECTION('',(0.,0.,1.));
#12277 = ORIENTED_EDGE('',*,*,#8107,.T.);
#12278 = ORIENTED_EDGE('',*,*,#12235,.F.);
#12279 = ORIENTED_EDGE('',*,*,#6001,.F.);
#12280 = SURFACE_OF_LINEAR_EXTRUSION('',#12281,#12286);
#12281 = B_SPLINE_CURVE_WITH_KNOTS('',3,(#12282,#12283,#12284,#12285),
  .UNSPECIFIED.,.F.,.F.,(4,4),(0.,1.),.PIECEWISE_BEZIER_KNOTS.);
#12282 = CARTESIAN_POINT('',(18.796241509981,-14.64146487308,0.));
#12283 = CARTESIAN_POINT('',(18.723385269205,-14.71112146737,0.));
#12284 = CARTESIAN_POINT('',(18.512148332848,-14.92915359651,0.));
#12285 = CARTESIAN_POINT('',(18.230362817218,-15.36261306574,0.));
#12286 = VECTOR('',#12287,1.);
#12287 = DIRECTION('',(-0.,-0.,-1.));
#12288 = ADVANCED_FACE('',(#12289),#12300,.F.);
#12289 = FACE_BOUND('',#12290,.F.);
#12290 = EDGE_LOOP('',(#12291,#12292,#12293,#12299));
#12291 = ORIENTED_EDGE('',*,*,#12257,.T.);
#12292 = ORIENTED_EDGE('',*,*,#7562,.T.);
#12293 = ORIENTED_EDGE('',*,*,#12294,.F.);
#12294 = EDGE_CURVE('',#5457,#7563,#12295,.T.);
#12295 = LINE('',#12296,#12297);
#12296 = CARTESIAN_POINT('',(21.574022158638,16.952839388154,0.));
#12297 = VECTOR('',#12298,1.);
#12298 = DIRECTION('',(0.,0.,1.));
#12299 = ORIENTED_EDGE('',*,*,#5456,.F.);
#12300 = CYLINDRICAL_SURFACE('',#12301,0.76);
#12301 = AXIS2_PLACEMENT_3D('',#12302,#12303,#12304);
#12302 = CARTESIAN_POINT('',(22.161148990687,17.435417965266,0.));
#12303 = DIRECTION('',(0.,0.,-1.));
#12304 = DIRECTION('',(0.621360870261,-0.783524517107,0.));
#12305 = ADVANCED_FACE('',(#12306),#12317,.F.);
#12306 = FACE_BOUND('',#12307,.F.);
#12307 = EDGE_LOOP('',(#12308,#12314,#12315,#12316));
#12308 = ORIENTED_EDGE('',*,*,#12309,.T.);
#12309 = EDGE_CURVE('',#5985,#8091,#12310,.T.);
#12310 = LINE('',#12311,#12312);
#12311 = CARTESIAN_POINT('',(19.047160611846,-14.42597784136,0.));
#12312 = VECTOR('',#12313,1.);
#12313 = DIRECTION('',(0.,0.,1.));
#12314 = ORIENTED_EDGE('',*,*,#8099,.T.);
#12315 = ORIENTED_EDGE('',*,*,#12272,.F.);
#12316 = ORIENTED_EDGE('',*,*,#5993,.F.);
#12317 = PLANE('',#12318);
#12318 = AXIS2_PLACEMENT_3D('',#12319,#12320,#12321);
#12319 = CARTESIAN_POINT('',(19.047160611846,-14.42597784136,0.));
#12320 = DIRECTION('',(0.651511806685,-0.758638494772,0.));
#12321 = DIRECTION('',(-0.758638494772,-0.651511806685,0.));
#12322 = ADVANCED_FACE('',(#12323),#12334,.F.);
#12323 = FACE_BOUND('',#12324,.F.);
#12324 = EDGE_LOOP('',(#12325,#12326,#12327,#12333));
#12325 = ORIENTED_EDGE('',*,*,#12294,.T.);
#12326 = ORIENTED_EDGE('',*,*,#7571,.T.);
#12327 = ORIENTED_EDGE('',*,*,#12328,.F.);
#12328 = EDGE_CURVE('',#5466,#7572,#12329,.T.);
#12329 = LINE('',#12330,#12331);
#12330 = CARTESIAN_POINT('',(21.358535126916,17.203758490019,0.));
#12331 = VECTOR('',#12332,1.);
#12332 = DIRECTION('',(0.,0.,1.));
#12333 = ORIENTED_EDGE('',*,*,#5465,.F.);
#12334 = PLANE('',#12335);
#12335 = AXIS2_PLACEMENT_3D('',#12336,#12337,#12338);
#12336 = CARTESIAN_POINT('',(21.574022158638,16.952839388154,0.));
#12337 = DIRECTION('',(-0.758638494772,-0.651511806685,0.));
#12338 = DIRECTION('',(-0.651511806685,0.758638494772,0.));
#12339 = ADVANCED_FACE('',(#12340),#12351,.F.);
#12340 = FACE_BOUND('',#12341,.F.);
#12341 = EDGE_LOOP('',(#12342,#12348,#12349,#12350));
#12342 = ORIENTED_EDGE('',*,*,#12343,.T.);
#12343 = EDGE_CURVE('',#5976,#8082,#12344,.T.);
#12344 = LINE('',#12345,#12346);
#12345 = CARTESIAN_POINT('',(19.160060667735,-13.36661674791,0.));
#12346 = VECTOR('',#12347,1.);
#12347 = DIRECTION('',(0.,0.,1.));
#12348 = ORIENTED_EDGE('',*,*,#8090,.T.);
#12349 = ORIENTED_EDGE('',*,*,#12309,.F.);
#12350 = ORIENTED_EDGE('',*,*,#5984,.F.);
#12351 = CYLINDRICAL_SURFACE('',#12352,0.76);
#12352 = AXIS2_PLACEMENT_3D('',#12353,#12354,#12355);
#12353 = CARTESIAN_POINT('',(18.564582034734,-13.83885100931,0.));
#12354 = DIRECTION('',(0.,0.,-1.));
#12355 = DIRECTION('',(0.783524517107,0.621360870261,0.));
#12356 = ADVANCED_FACE('',(#12357),#12368,.F.);
#12357 = FACE_BOUND('',#12358,.F.);
#12358 = EDGE_LOOP('',(#12359,#12360,#12361,#12367));
#12359 = ORIENTED_EDGE('',*,*,#12328,.T.);
#12360 = ORIENTED_EDGE('',*,*,#7579,.T.);
#12361 = ORIENTED_EDGE('',*,*,#12362,.F.);
#12362 = EDGE_CURVE('',#5474,#7580,#12363,.T.);
#12363 = LINE('',#12364,#12365);
#12364 = CARTESIAN_POINT('',(20.637386934255,17.769637182782,0.));
#12365 = VECTOR('',#12366,1.);
#12366 = DIRECTION('',(0.,0.,1.));
#12367 = ORIENTED_EDGE('',*,*,#5473,.F.);
#12368 = SURFACE_OF_LINEAR_EXTRUSION('',#12369,#12374);
#12369 = B_SPLINE_CURVE_WITH_KNOTS('',3,(#12370,#12371,#12372,#12373),
  .UNSPECIFIED.,.F.,.F.,(4,4),(0.,1.),.PIECEWISE_BEZIER_KNOTS.);
#12370 = CARTESIAN_POINT('',(21.358535126916,17.203758490019,0.));
#12371 = CARTESIAN_POINT('',(21.288878532621,17.276614730795,0.));
#12372 = CARTESIAN_POINT('',(21.070846403489,17.487851667152,0.));
#12373 = CARTESIAN_POINT('',(20.637386934255,17.769637182782,0.));
#12374 = VECTOR('',#12375,1.);
#12375 = DIRECTION('',(-0.,-0.,-1.));
#12376 = ADVANCED_FACE('',(#12377),#12388,.T.);
#12377 = FACE_BOUND('',#12378,.F.);
#12378 = EDGE_LOOP('',(#12379,#12385,#12386,#12387));
#12379 = ORIENTED_EDGE('',*,*,#12380,.T.);
#12380 = EDGE_CURVE('',#5967,#8073,#12381,.T.);
#12381 = LINE('',#12382,#12383);
#12382 = CARTESIAN_POINT('',(18.73034265552,-12.80659733122,0.));
#12383 = VECTOR('',#12384,1.);
#12384 = DIRECTION('',(0.,0.,1.));
#12385 = ORIENTED_EDGE('',*,*,#8081,.T.);
#12386 = ORIENTED_EDGE('',*,*,#12343,.F.);
#12387 = ORIENTED_EDGE('',*,*,#5975,.F.);
#12388 = CYLINDRICAL_SURFACE('',#12389,21.500000000004);
#12389 = AXIS2_PLACEMENT_3D('',#12390,#12391,#12392);
#12390 = CARTESIAN_POINT('',(36.000000000003,2.470912363606E-12,0.));
#12391 = DIRECTION('',(-0.,-0.,-1.));
#12392 = DIRECTION('',(-0.803239876487,-0.595655689825,0.));
#12393 = ADVANCED_FACE('',(#12394),#12405,.F.);
#12394 = FACE_BOUND('',#12395,.F.);
#12395 = EDGE_LOOP('',(#12396,#12397,#12398,#12404));
#12396 = ORIENTED_EDGE('',*,*,#12362,.T.);
#12397 = ORIENTED_EDGE('',*,*,#7588,.T.);
#12398 = ORIENTED_EDGE('',*,*,#12399,.F.);
#12399 = EDGE_CURVE('',#5483,#7589,#12400,.T.);
#12400 = LINE('',#12401,#12402);
#12401 = CARTESIAN_POINT('',(18.12606305216,18.884676395886,0.));
#12402 = VECTOR('',#12403,1.);
#12403 = DIRECTION('',(0.,0.,1.));
#12404 = ORIENTED_EDGE('',*,*,#5482,.F.);
#12405 = SURFACE_OF_LINEAR_EXTRUSION('',#12406,#12411);
#12406 = B_SPLINE_CURVE_WITH_KNOTS('',3,(#12407,#12408,#12409,#12410),
  .UNSPECIFIED.,.F.,.F.,(4,4),(0.,1.),.PIECEWISE_BEZIER_KNOTS.);
#12407 = CARTESIAN_POINT('',(20.637386934255,17.769637182782,0.));
#12408 = CARTESIAN_POINT('',(20.117063903644,18.105919733366,0.));
#12409 = CARTESIAN_POINT('',(19.303915729876,18.528923761223,0.));
#12410 = CARTESIAN_POINT('',(18.12606305216,18.884676395886,0.));
#12411 = VECTOR('',#12412,1.);
#12412 = DIRECTION('',(-0.,-0.,-1.));
#12413 = ADVANCED_FACE('',(#12414),#12425,.F.);
#12414 = FACE_BOUND('',#12415,.F.);
#12415 = EDGE_LOOP('',(#12416,#12422,#12423,#12424));
#12416 = ORIENTED_EDGE('',*,*,#12417,.T.);
#12417 = EDGE_CURVE('',#5959,#8065,#12418,.T.);
#12418 = LINE('',#12419,#12420);
#12419 = CARTESIAN_POINT('',(17.677857731336,-12.64146758437,0.));
#12420 = VECTOR('',#12421,1.);
#12421 = DIRECTION('',(0.,0.,1.));
#12422 = ORIENTED_EDGE('',*,*,#8072,.T.);
#12423 = ORIENTED_EDGE('',*,*,#12380,.F.);
#12424 = ORIENTED_EDGE('',*,*,#5966,.F.);
#12425 = CYLINDRICAL_SURFACE('',#12426,0.76);
#12426 = AXIS2_PLACEMENT_3D('',#12427,#12428,#12429);
#12427 = CARTESIAN_POINT('',(18.120078175204,-13.25956230124,0.));
#12428 = DIRECTION('',(0.,0.,-1.));
#12429 = DIRECTION('',(-0.581869005089,0.8132825222,0.));
#12430 = ADVANCED_FACE('',(#12431),#12442,.T.);
#12431 = FACE_BOUND('',#12432,.F.);
#12432 = EDGE_LOOP('',(#12433,#12434,#12435,#12441));
#12433 = ORIENTED_EDGE('',*,*,#12399,.T.);
#12434 = ORIENTED_EDGE('',*,*,#7597,.T.);
#12435 = ORIENTED_EDGE('',*,*,#12436,.F.);
#12436 = EDGE_CURVE('',#5492,#7598,#12437,.T.);
#12437 = LINE('',#12438,#12439);
#12438 = CARTESIAN_POINT('',(17.11627900615,17.871907604573,0.));
#12439 = VECTOR('',#12440,1.);
#12440 = DIRECTION('',(0.,0.,1.));
#12441 = ORIENTED_EDGE('',*,*,#5491,.F.);
#12442 = CYLINDRICAL_SURFACE('',#12443,25.999999999993);
#12443 = AXIS2_PLACEMENT_3D('',#12444,#12445,#12446);
#12444 = CARTESIAN_POINT('',(36.026093394885,2.761104283612E-02,0.));
#12445 = DIRECTION('',(-0.,-0.,-1.));
#12446 = DIRECTION('',(-0.68846270549,0.725271744348,0.));
#12447 = ADVANCED_FACE('',(#12448),#12459,.F.);
#12448 = FACE_BOUND('',#12449,.F.);
#12449 = EDGE_LOOP('',(#12450,#12456,#12457,#12458));
#12450 = ORIENTED_EDGE('',*,*,#12451,.T.);
#12451 = EDGE_CURVE('',#5950,#8056,#12452,.T.);
#12452 = LINE('',#12453,#12454);
#12453 = CARTESIAN_POINT('',(17.404770599823,-12.82806467739,0.));
#12454 = VECTOR('',#12455,1.);
#12455 = DIRECTION('',(0.,0.,1.));
#12456 = ORIENTED_EDGE('',*,*,#8064,.T.);
#12457 = ORIENTED_EDGE('',*,*,#12417,.F.);
#12458 = ORIENTED_EDGE('',*,*,#5958,.F.);
#12459 = PLANE('',#12460);
#12460 = AXIS2_PLACEMENT_3D('',#12461,#12462,#12463);
#12461 = CARTESIAN_POINT('',(17.404770599823,-12.82806467739,0.));
#12462 = DIRECTION('',(-0.564164851238,0.825662171005,0.));
#12463 = DIRECTION('',(0.825662171005,0.564164851238,0.));
#12464 = ADVANCED_FACE('',(#12465),#12476,.F.);
#12465 = FACE_BOUND('',#12466,.F.);
#12466 = EDGE_LOOP('',(#12467,#12468,#12469,#12475));
#12467 = ORIENTED_EDGE('',*,*,#12436,.T.);
#12468 = ORIENTED_EDGE('',*,*,#7606,.T.);
#12469 = ORIENTED_EDGE('',*,*,#12470,.F.);
#12470 = EDGE_CURVE('',#5501,#7607,#12471,.T.);
#12471 = LINE('',#12472,#12473);
#12472 = CARTESIAN_POINT('',(18.230362817218,15.362613065745,0.));
#12473 = VECTOR('',#12474,1.);
#12474 = DIRECTION('',(0.,0.,1.));
#12475 = ORIENTED_EDGE('',*,*,#5500,.F.);
#12476 = SURFACE_OF_LINEAR_EXTRUSION('',#12477,#12482);
#12477 = B_SPLINE_CURVE_WITH_KNOTS('',3,(#12478,#12479,#12480,#12481),
  .UNSPECIFIED.,.F.,.F.,(4,4),(0.,1.),.PIECEWISE_BEZIER_KNOTS.);
#12478 = CARTESIAN_POINT('',(17.11627900615,17.871907604573,0.));
#12479 = CARTESIAN_POINT('',(17.471076238777,16.696084270124,0.));
#12480 = CARTESIAN_POINT('',(17.894080266634,15.882936096356,0.));
#12481 = CARTESIAN_POINT('',(18.230362817218,15.362613065745,0.));
#12482 = VECTOR('',#12483,1.);
#12483 = DIRECTION('',(-0.,-0.,-1.));
#12484 = ADVANCED_FACE('',(#12485),#12496,.F.);
#12485 = FACE_BOUND('',#12486,.F.);
#12486 = EDGE_LOOP('',(#12487,#12493,#12494,#12495));
#12487 = ORIENTED_EDGE('',*,*,#12488,.T.);
#12488 = EDGE_CURVE('',#5941,#8047,#12489,.T.);
#12489 = LINE('',#12490,#12491);
#12490 = CARTESIAN_POINT('',(16.561734753045,-13.18801463468,0.));
#12491 = VECTOR('',#12492,1.);
#12492 = DIRECTION('',(0.,0.,1.));
#12493 = ORIENTED_EDGE('',*,*,#8055,.T.);
#12494 = ORIENTED_EDGE('',*,*,#12451,.F.);
#12495 = ORIENTED_EDGE('',*,*,#5949,.F.);
#12496 = SURFACE_OF_LINEAR_EXTRUSION('',#12497,#12502);
#12497 = B_SPLINE_CURVE_WITH_KNOTS('',3,(#12498,#12499,#12500,#12501),
  .UNSPECIFIED.,.F.,.F.,(4,4),(0.,1.),.PIECEWISE_BEZIER_KNOTS.);
#12498 = CARTESIAN_POINT('',(16.561734753045,-13.18801463468,0.));
#12499 = CARTESIAN_POINT('',(17.053355907107,-13.02801829357,0.));
#12500 = CARTESIAN_POINT('',(17.318630913754,-12.88040994874,0.));
#12501 = CARTESIAN_POINT('',(17.404770599823,-12.82806467739,0.));
#12502 = VECTOR('',#12503,1.);
#12503 = DIRECTION('',(-0.,-0.,-1.));
#12504 = ADVANCED_FACE('',(#12505),#12516,.F.);
#12505 = FACE_BOUND('',#12506,.F.);
#12506 = EDGE_LOOP('',(#12507,#12508,#12509,#12515));
#12507 = ORIENTED_EDGE('',*,*,#12470,.T.);
#12508 = ORIENTED_EDGE('',*,*,#7615,.T.);
#12509 = ORIENTED_EDGE('',*,*,#12510,.F.);
#12510 = EDGE_CURVE('',#5510,#7616,#12511,.T.);
#12511 = LINE('',#12512,#12513);
#12512 = CARTESIAN_POINT('',(18.796241509981,14.641464873084,0.));
#12513 = VECTOR('',#12514,1.);
#12514 = DIRECTION('',(0.,0.,1.));
#12515 = ORIENTED_EDGE('',*,*,#5509,.F.);
#12516 = SURFACE_OF_LINEAR_EXTRUSION('',#12517,#12522);
#12517 = B_SPLINE_CURVE_WITH_KNOTS('',3,(#12518,#12519,#12520,#12521),
  .UNSPECIFIED.,.F.,.F.,(4,4),(0.,1.),.PIECEWISE_BEZIER_KNOTS.);
#12518 = CARTESIAN_POINT('',(18.230362817218,15.362613065745,0.));
#12519 = CARTESIAN_POINT('',(18.512148332848,14.929153596511,0.));
#12520 = CARTESIAN_POINT('',(18.723385269205,14.711121467379,0.));
#12521 = CARTESIAN_POINT('',(18.796241509981,14.641464873084,0.));
#12522 = VECTOR('',#12523,1.);
#12523 = DIRECTION('',(-0.,-0.,-1.));
#12524 = ADVANCED_FACE('',(#12525),#12536,.F.);
#12525 = FACE_BOUND('',#12526,.F.);
#12526 = EDGE_LOOP('',(#12527,#12533,#12534,#12535));
#12527 = ORIENTED_EDGE('',*,*,#12528,.T.);
#12528 = EDGE_CURVE('',#5932,#8038,#12529,.T.);
#12529 = LINE('',#12530,#12531);
#12530 = CARTESIAN_POINT('',(13.84959624408,-13.61468374402,0.));
#12531 = VECTOR('',#12532,1.);
#12532 = DIRECTION('',(0.,0.,1.));
#12533 = ORIENTED_EDGE('',*,*,#8046,.T.);
#12534 = ORIENTED_EDGE('',*,*,#12488,.F.);
#12535 = ORIENTED_EDGE('',*,*,#5940,.F.);
#12536 = SURFACE_OF_LINEAR_EXTRUSION('',#12537,#12542);
#12537 = B_SPLINE_CURVE_WITH_KNOTS('',3,(#12538,#12539,#12540,#12541),
  .UNSPECIFIED.,.F.,.F.,(4,4),(0.,1.),.PIECEWISE_BEZIER_KNOTS.);
#12538 = CARTESIAN_POINT('',(13.84959624408,-13.61468374402,0.));
#12539 = CARTESIAN_POINT('',(15.077182650931,-13.57630140656,0.));
#12540 = CARTESIAN_POINT('',(15.972104971138,-13.37816912529,0.));
#12541 = CARTESIAN_POINT('',(16.561734753045,-13.18801463468,0.));
#12542 = VECTOR('',#12543,1.);
#12543 = DIRECTION('',(-0.,-0.,-1.));
#12544 = ADVANCED_FACE('',(#12545),#12556,.F.);
#12545 = FACE_BOUND('',#12546,.F.);
#12546 = EDGE_LOOP('',(#12547,#12548,#12549,#12555));
#12547 = ORIENTED_EDGE('',*,*,#12510,.T.);
#12548 = ORIENTED_EDGE('',*,*,#7624,.T.);
#12549 = ORIENTED_EDGE('',*,*,#12550,.F.);
#12550 = EDGE_CURVE('',#5519,#7625,#12551,.T.);
#12551 = LINE('',#12552,#12553);
#12552 = CARTESIAN_POINT('',(19.047160611846,14.425977841362,0.));
#12553 = VECTOR('',#12554,1.);
#12554 = DIRECTION('',(0.,0.,1.));
#12555 = ORIENTED_EDGE('',*,*,#5518,.F.);
#12556 = PLANE('',#12557);
#12557 = AXIS2_PLACEMENT_3D('',#12558,#12559,#12560);
#12558 = CARTESIAN_POINT('',(18.796241509981,14.641464873084,0.));
#12559 = DIRECTION('',(0.651511806685,0.758638494772,0.));
#12560 = DIRECTION('',(0.758638494772,-0.651511806685,0.));
#12561 = ADVANCED_FACE('',(#12562),#12573,.T.);
#12562 = FACE_BOUND('',#12563,.F.);
#12563 = EDGE_LOOP('',(#12564,#12570,#12571,#12572));
#12564 = ORIENTED_EDGE('',*,*,#12565,.T.);
#12565 = EDGE_CURVE('',#5923,#8029,#12566,.T.);
#12566 = LINE('',#12567,#12568);
#12567 = CARTESIAN_POINT('',(13.13268805504,-12.37718340352,0.));
#12568 = VECTOR('',#12569,1.);
#12569 = DIRECTION('',(0.,0.,1.));
#12570 = ORIENTED_EDGE('',*,*,#8037,.T.);
#12571 = ORIENTED_EDGE('',*,*,#12528,.F.);
#12572 = ORIENTED_EDGE('',*,*,#5931,.F.);
#12573 = CYLINDRICAL_SURFACE('',#12574,26.000000000019);
#12574 = AXIS2_PLACEMENT_3D('',#12575,#12576,#12577);
#12575 = CARTESIAN_POINT('',(35.980083248204,3.235054776915E-02,0.));
#12576 = DIRECTION('',(-0.,-0.,-1.));
#12577 = DIRECTION('',(-0.878745968967,-0.477289767357,0.));
#12578 = ADVANCED_FACE('',(#12579),#12590,.F.);
#12579 = FACE_BOUND('',#12580,.F.);
#12580 = EDGE_LOOP('',(#12581,#12582,#12583,#12589));
#12581 = ORIENTED_EDGE('',*,*,#12550,.T.);
#12582 = ORIENTED_EDGE('',*,*,#7632,.T.);
#12583 = ORIENTED_EDGE('',*,*,#12584,.F.);
#12584 = EDGE_CURVE('',#5527,#7633,#12585,.T.);
#12585 = LINE('',#12586,#12587);
#12586 = CARTESIAN_POINT('',(19.160060667735,13.366616747915,0.));
#12587 = VECTOR('',#12588,1.);
#12588 = DIRECTION('',(0.,0.,1.));
#12589 = ORIENTED_EDGE('',*,*,#5526,.F.);
#12590 = CYLINDRICAL_SURFACE('',#12591,0.76);
#12591 = AXIS2_PLACEMENT_3D('',#12592,#12593,#12594);
#12592 = CARTESIAN_POINT('',(18.564582034734,13.838851009313,0.));
#12593 = DIRECTION('',(0.,0.,-1.));
#12594 = DIRECTION('',(0.634971811991,0.772535305327,0.));
#12595 = ADVANCED_FACE('',(#12596),#12607,.F.);
#12596 = FACE_BOUND('',#12597,.F.);
#12597 = EDGE_LOOP('',(#12598,#12604,#12605,#12606));
#12598 = ORIENTED_EDGE('',*,*,#12599,.T.);
#12599 = EDGE_CURVE('',#5914,#8020,#12600,.T.);
#12600 = LINE('',#12601,#12602);
#12601 = CARTESIAN_POINT('',(14.859711677408,-10.24002419202,0.));
#12602 = VECTOR('',#12603,1.);
#12603 = DIRECTION('',(0.,0.,1.));
#12604 = ORIENTED_EDGE('',*,*,#8028,.T.);
#12605 = ORIENTED_EDGE('',*,*,#12565,.F.);
#12606 = ORIENTED_EDGE('',*,*,#5922,.F.);
#12607 = SURFACE_OF_LINEAR_EXTRUSION('',#12608,#12613);
#12608 = B_SPLINE_CURVE_WITH_KNOTS('',3,(#12609,#12610,#12611,#12612),
  .UNSPECIFIED.,.F.,.F.,(4,4),(0.,1.),.PIECEWISE_BEZIER_KNOTS.);
#12609 = CARTESIAN_POINT('',(14.859711677408,-10.24002419202,0.));
#12610 = CARTESIAN_POINT('',(14.400218166942,-10.65558131667,0.));
#12611 = CARTESIAN_POINT('',(13.781169417949,-11.33154063975,0.));
#12612 = CARTESIAN_POINT('',(13.13268805504,-12.37718340352,0.));
#12613 = VECTOR('',#12614,1.);
#12614 = DIRECTION('',(-0.,-0.,-1.));
#12615 = ADVANCED_FACE('',(#12616),#12627,.T.);
#12616 = FACE_BOUND('',#12617,.F.);
#12617 = EDGE_LOOP('',(#12618,#12619,#12620,#12626));
#12618 = ORIENTED_EDGE('',*,*,#12584,.T.);
#12619 = ORIENTED_EDGE('',*,*,#7641,.T.);
#12620 = ORIENTED_EDGE('',*,*,#12621,.F.);
#12621 = EDGE_CURVE('',#5536,#7642,#12622,.T.);
#12622 = LINE('',#12623,#12624);
#12623 = CARTESIAN_POINT('',(18.73034265552,12.806597331229,0.));
#12624 = VECTOR('',#12625,1.);
#12625 = DIRECTION('',(0.,0.,1.));
#12626 = ORIENTED_EDGE('',*,*,#5535,.F.);
#12627 = CYLINDRICAL_SURFACE('',#12628,21.500000000008);
#12628 = AXIS2_PLACEMENT_3D('',#12629,#12630,#12631);
#12629 = CARTESIAN_POINT('',(36.000000000006,-4.784617146925E-12,0.));
#12630 = DIRECTION('',(-0.,-0.,-1.));
#12631 = DIRECTION('',(-0.783252992198,0.621703104554,0.));
#12632 = ADVANCED_FACE('',(#12633),#12644,.F.);
#12633 = FACE_BOUND('',#12634,.F.);
#12634 = EDGE_LOOP('',(#12635,#12641,#12642,#12643));
#12635 = ORIENTED_EDGE('',*,*,#12636,.T.);
#12636 = EDGE_CURVE('',#5906,#8012,#12637,.T.);
#12637 = LINE('',#12638,#12639);
#12638 = CARTESIAN_POINT('',(15.592955407897,-9.689908711055,0.));
#12639 = VECTOR('',#12640,1.);
#12640 = DIRECTION('',(0.,0.,1.));
#12641 = ORIENTED_EDGE('',*,*,#8019,.T.);
#12642 = ORIENTED_EDGE('',*,*,#12599,.F.);
#12643 = ORIENTED_EDGE('',*,*,#5913,.F.);
#12644 = SURFACE_OF_LINEAR_EXTRUSION('',#12645,#12650);
#12645 = B_SPLINE_CURVE_WITH_KNOTS('',3,(#12646,#12647,#12648,#12649),
  .UNSPECIFIED.,.F.,.F.,(4,4),(0.,1.),.PIECEWISE_BEZIER_KNOTS.);
#12646 = CARTESIAN_POINT('',(15.592955407897,-9.689908711055,0.));
#12647 = CARTESIAN_POINT('',(15.504553230104,-9.738335231789,0.));
#12648 = CARTESIAN_POINT('',(15.244083150348,-9.89426595412,0.));
#12649 = CARTESIAN_POINT('',(14.859711677408,-10.24002419202,0.));
#12650 = VECTOR('',#12651,1.);
#12651 = DIRECTION('',(-0.,-0.,-1.));
#12652 = ADVANCED_FACE('',(#12653),#12664,.F.);
#12653 = FACE_BOUND('',#12654,.F.);
#12654 = EDGE_LOOP('',(#12655,#12656,#12657,#12663));
#12655 = ORIENTED_EDGE('',*,*,#12621,.T.);
#12656 = ORIENTED_EDGE('',*,*,#7650,.T.);
#12657 = ORIENTED_EDGE('',*,*,#12658,.F.);
#12658 = EDGE_CURVE('',#5545,#7651,#12659,.T.);
#12659 = LINE('',#12660,#12661);
#12660 = CARTESIAN_POINT('',(17.677857731336,12.641467584377,0.));
#12661 = VECTOR('',#12662,1.);
#12662 = DIRECTION('',(0.,0.,1.));
#12663 = ORIENTED_EDGE('',*,*,#5544,.F.);
#12664 = CYLINDRICAL_SURFACE('',#12665,0.76);
#12665 = AXIS2_PLACEMENT_3D('',#12666,#12667,#12668);
#12666 = CARTESIAN_POINT('',(18.120078175204,13.259562301249,0.));
#12667 = DIRECTION('',(0.,0.,-1.));
#12668 = DIRECTION('',(0.802979579363,-0.5960065395,0.));
#12669 = ADVANCED_FACE('',(#12670),#12681,.F.);
#12670 = FACE_BOUND('',#12671,.F.);
#12671 = EDGE_LOOP('',(#12672,#12678,#12679,#12680));
#12672 = ORIENTED_EDGE('',*,*,#12673,.T.);
#12673 = EDGE_CURVE('',#5897,#8003,#12674,.T.);
#12674 = LINE('',#12675,#12676);
#12675 = CARTESIAN_POINT('',(15.89109679648,-9.546706864227,0.));
#12676 = VECTOR('',#12677,1.);
#12677 = DIRECTION('',(0.,0.,1.));
#12678 = ORIENTED_EDGE('',*,*,#8011,.T.);
#12679 = ORIENTED_EDGE('',*,*,#12636,.F.);
#12680 = ORIENTED_EDGE('',*,*,#5905,.F.);
#12681 = PLANE('',#12682);
#12682 = AXIS2_PLACEMENT_3D('',#12683,#12684,#12685);
#12683 = CARTESIAN_POINT('',(15.89109679648,-9.546706864227,0.));
#12684 = DIRECTION('',(0.432961989415,-0.901412178596,0.));
#12685 = DIRECTION('',(-0.901412178596,-0.432961989415,0.));
#12686 = ADVANCED_FACE('',(#12687),#12698,.F.);
#12687 = FACE_BOUND('',#12688,.F.);
#12688 = EDGE_LOOP('',(#12689,#12690,#12691,#12697));
#12689 = ORIENTED_EDGE('',*,*,#12658,.T.);
#12690 = ORIENTED_EDGE('',*,*,#7659,.T.);
#12691 = ORIENTED_EDGE('',*,*,#12692,.F.);
#12692 = EDGE_CURVE('',#5554,#7660,#12693,.T.);
#12693 = LINE('',#12694,#12695);
#12694 = CARTESIAN_POINT('',(17.404770599823,12.828064677396,0.));
#12695 = VECTOR('',#12696,1.);
#12696 = DIRECTION('',(0.,0.,1.));
#12697 = ORIENTED_EDGE('',*,*,#5553,.F.);
#12698 = PLANE('',#12699);
#12699 = AXIS2_PLACEMENT_3D('',#12700,#12701,#12702);
#12700 = CARTESIAN_POINT('',(17.677857731336,12.641467584377,0.));
#12701 = DIRECTION('',(-0.564164851238,-0.825662171005,0.));
#12702 = DIRECTION('',(-0.825662171005,0.564164851238,0.));
#12703 = ADVANCED_FACE('',(#12704),#12715,.F.);
#12704 = FACE_BOUND('',#12705,.F.);
#12705 = EDGE_LOOP('',(#12706,#12712,#12713,#12714));
#12706 = ORIENTED_EDGE('',*,*,#12707,.T.);
#12707 = EDGE_CURVE('',#5888,#7994,#12708,.T.);
#12708 = LINE('',#12709,#12710);
#12709 = CARTESIAN_POINT('',(16.274332702878,-8.552663309358,0.));
#12710 = VECTOR('',#12711,1.);
#12711 = DIRECTION('',(0.,0.,1.));
#12712 = ORIENTED_EDGE('',*,*,#8002,.T.);
#12713 = ORIENTED_EDGE('',*,*,#12673,.F.);
#12714 = ORIENTED_EDGE('',*,*,#5896,.F.);
#12715 = CYLINDRICAL_SURFACE('',#12716,0.76);
#12716 = AXIS2_PLACEMENT_3D('',#12717,#12718,#12719);
#12717 = CARTESIAN_POINT('',(15.576921291658,-8.854685367329,0.));
#12718 = DIRECTION('',(0.,0.,-1.));
#12719 = DIRECTION('',(0.91764659371,0.397397444698,0.));
#12720 = ADVANCED_FACE('',(#12721),#12732,.F.);
#12721 = FACE_BOUND('',#12722,.F.);
#12722 = EDGE_LOOP('',(#12723,#12724,#12725,#12731));
#12723 = ORIENTED_EDGE('',*,*,#12692,.T.);
#12724 = ORIENTED_EDGE('',*,*,#7667,.T.);
#12725 = ORIENTED_EDGE('',*,*,#12726,.F.);
#12726 = EDGE_CURVE('',#5562,#7668,#12727,.T.);
#12727 = LINE('',#12728,#12729);
#12728 = CARTESIAN_POINT('',(16.561734753045,13.18801463468,0.));
#12729 = VECTOR('',#12730,1.);
#12730 = DIRECTION('',(0.,0.,1.));
#12731 = ORIENTED_EDGE('',*,*,#5561,.F.);
#12732 = SURFACE_OF_LINEAR_EXTRUSION('',#12733,#12738);
#12733 = B_SPLINE_CURVE_WITH_KNOTS('',3,(#12734,#12735,#12736,#12737),
  .UNSPECIFIED.,.F.,.F.,(4,4),(0.,1.),.PIECEWISE_BEZIER_KNOTS.);
#12734 = CARTESIAN_POINT('',(17.404770599823,12.828064677396,0.));
#12735 = CARTESIAN_POINT('',(17.318630913754,12.880409948747,0.));
#12736 = CARTESIAN_POINT('',(17.053355907107,13.028018293576,0.));
#12737 = CARTESIAN_POINT('',(16.561734753045,13.18801463468,0.));
#12738 = VECTOR('',#12739,1.);
#12739 = DIRECTION('',(-0.,-0.,-1.));
#12740 = ADVANCED_FACE('',(#12741),#12752,.T.);
#12741 = FACE_BOUND('',#12742,.F.);
#12742 = EDGE_LOOP('',(#12743,#12749,#12750,#12751));
#12743 = ORIENTED_EDGE('',*,*,#12744,.T.);
#12744 = EDGE_CURVE('',#5879,#7985,#12745,.T.);
#12745 = LINE('',#12746,#12747);
#12746 = CARTESIAN_POINT('',(16.004200667523,-7.900506885973,0.));
#12747 = VECTOR('',#12748,1.);
#12748 = DIRECTION('',(0.,0.,1.));
#12749 = ORIENTED_EDGE('',*,*,#7993,.T.);
#12750 = ORIENTED_EDGE('',*,*,#12707,.F.);
#12751 = ORIENTED_EDGE('',*,*,#5887,.F.);
#12752 = CYLINDRICAL_SURFACE('',#12753,21.499999999999);
#12753 = AXIS2_PLACEMENT_3D('',#12754,#12755,#12756);
#12754 = CARTESIAN_POINT('',(35.999999999999,-3.961275751863E-13,0.));
#12755 = DIRECTION('',(-0.,-0.,-1.));
#12756 = DIRECTION('',(-0.930037178255,-0.367465436557,0.));
#12757 = ADVANCED_FACE('',(#12758),#12769,.F.);
#12758 = FACE_BOUND('',#12759,.F.);
#12759 = EDGE_LOOP('',(#12760,#12761,#12762,#12768));
#12760 = ORIENTED_EDGE('',*,*,#12726,.T.);
#12761 = ORIENTED_EDGE('',*,*,#7676,.T.);
#12762 = ORIENTED_EDGE('',*,*,#12763,.F.);
#12763 = EDGE_CURVE('',#5571,#7677,#12764,.T.);
#12764 = LINE('',#12765,#12766);
#12765 = CARTESIAN_POINT('',(13.847388772766,13.615081358835,0.));
#12766 = VECTOR('',#12767,1.);
#12767 = DIRECTION('',(0.,0.,1.));
#12768 = ORIENTED_EDGE('',*,*,#5570,.F.);
#12769 = SURFACE_OF_LINEAR_EXTRUSION('',#12770,#12775);
#12770 = B_SPLINE_CURVE_WITH_KNOTS('',3,(#12771,#12772,#12773,#12774),
  .UNSPECIFIED.,.F.,.F.,(4,4),(0.,1.),.PIECEWISE_BEZIER_KNOTS.);
#12771 = CARTESIAN_POINT('',(16.561734753045,13.18801463468,0.));
#12772 = CARTESIAN_POINT('',(15.972104971138,13.378169125292,0.));
#12773 = CARTESIAN_POINT('',(15.077182650931,13.576301406562,0.));
#12774 = CARTESIAN_POINT('',(13.847388772766,13.615081358835,0.));
#12775 = VECTOR('',#12776,1.);
#12776 = DIRECTION('',(-0.,-0.,-1.));
#12777 = ADVANCED_FACE('',(#12778),#12789,.F.);
#12778 = FACE_BOUND('',#12779,.F.);
#12779 = EDGE_LOOP('',(#12780,#12786,#12787,#12788));
#12780 = ORIENTED_EDGE('',*,*,#12781,.T.);
#12781 = EDGE_CURVE('',#5871,#7977,#12782,.T.);
#12782 = LINE('',#12783,#12784);
#12783 = CARTESIAN_POINT('',(15.030317020872,-7.468600655737,0.));
#12784 = VECTOR('',#12785,1.);
#12785 = DIRECTION('',(0.,0.,1.));
#12786 = ORIENTED_EDGE('',*,*,#7984,.T.);
#12787 = ORIENTED_EDGE('',*,*,#12744,.F.);
#12788 = ORIENTED_EDGE('',*,*,#5878,.F.);
#12789 = CYLINDRICAL_SURFACE('',#12790,0.76);
#12790 = AXIS2_PLACEMENT_3D('',#12791,#12792,#12793);
#12791 = CARTESIAN_POINT('',(15.297494484113,-8.180089378864,0.));
#12792 = DIRECTION('',(0.,0.,-1.));
#12793 = DIRECTION('',(-0.351549293738,0.936169372535,0.));
#12794 = ADVANCED_FACE('',(#12795),#12806,.T.);
#12795 = FACE_BOUND('',#12796,.F.);
#12796 = EDGE_LOOP('',(#12797,#12798,#12799,#12805));
#12797 = ORIENTED_EDGE('',*,*,#12763,.T.);
#12798 = ORIENTED_EDGE('',*,*,#7685,.T.);
#12799 = ORIENTED_EDGE('',*,*,#12800,.F.);
#12800 = EDGE_CURVE('',#5580,#7686,#12801,.T.);
#12801 = LINE('',#12802,#12803);
#12802 = CARTESIAN_POINT('',(13.134136135227,12.375470484699,0.));
#12803 = VECTOR('',#12804,1.);
#12804 = DIRECTION('',(0.,0.,1.));
#12805 = ORIENTED_EDGE('',*,*,#5579,.F.);
#12806 = CYLINDRICAL_SURFACE('',#12807,26.000000000021);
#12807 = AXIS2_PLACEMENT_3D('',#12808,#12809,#12810);
#12808 = CARTESIAN_POINT('',(36.018058020297,3.342368690025E-02,0.));
#12809 = DIRECTION('',(-0.,-0.,-1.));
#12810 = DIRECTION('',(-0.852718047981,0.52237144892,0.));
#12811 = ADVANCED_FACE('',(#12812),#12823,.F.);
#12812 = FACE_BOUND('',#12813,.F.);
#12813 = EDGE_LOOP('',(#12814,#12820,#12821,#12822));
#12814 = ORIENTED_EDGE('',*,*,#12815,.T.);
#12815 = EDGE_CURVE('',#5862,#7968,#12816,.T.);
#12816 = LINE('',#12817,#12818);
#12817 = CARTESIAN_POINT('',(14.718240226282,-7.578159456387,0.));
#12818 = VECTOR('',#12819,1.);
#12819 = DIRECTION('',(0.,0.,1.));
#12820 = ORIENTED_EDGE('',*,*,#7976,.T.);
#12821 = ORIENTED_EDGE('',*,*,#12781,.F.);
#12822 = ORIENTED_EDGE('',*,*,#5870,.F.);
#12823 = PLANE('',#12824);
#12824 = AXIS2_PLACEMENT_3D('',#12825,#12826,#12827);
#12825 = CARTESIAN_POINT('',(14.718240226282,-7.578159456387,0.));
#12826 = DIRECTION('',(-0.331244305418,0.943545022841,0.));
#12827 = DIRECTION('',(0.943545022841,0.331244305418,0.));
#12828 = ADVANCED_FACE('',(#12829),#12840,.F.);
#12829 = FACE_BOUND('',#12830,.F.);
#12830 = EDGE_LOOP('',(#12831,#12832,#12833,#12839));
#12831 = ORIENTED_EDGE('',*,*,#12800,.T.);
#12832 = ORIENTED_EDGE('',*,*,#7694,.T.);
#12833 = ORIENTED_EDGE('',*,*,#12834,.F.);
#12834 = EDGE_CURVE('',#5589,#7695,#12835,.T.);
#12835 = LINE('',#12836,#12837);
#12836 = CARTESIAN_POINT('',(14.859711677408,10.240024192023,0.));
#12837 = VECTOR('',#12838,1.);
#12838 = DIRECTION('',(0.,0.,1.));
#12839 = ORIENTED_EDGE('',*,*,#5588,.F.);
#12840 = SURFACE_OF_LINEAR_EXTRUSION('',#12841,#12846);
#12841 = B_SPLINE_CURVE_WITH_KNOTS('',3,(#12842,#12843,#12844,#12845),
  .UNSPECIFIED.,.F.,.F.,(4,4),(0.,1.),.PIECEWISE_BEZIER_KNOTS.);
#12842 = CARTESIAN_POINT('',(13.134136135227,12.375470484699,0.));
#12843 = CARTESIAN_POINT('',(13.781169417949,11.331540639755,0.));
#12844 = CARTESIAN_POINT('',(14.400218166942,10.655581316677,0.));
#12845 = CARTESIAN_POINT('',(14.859711677408,10.240024192023,0.));
#12846 = VECTOR('',#12847,1.);
#12847 = DIRECTION('',(-0.,-0.,-1.));
#12848 = ADVANCED_FACE('',(#12849),#12860,.F.);
#12849 = FACE_BOUND('',#12850,.F.);
#12850 = EDGE_LOOP('',(#12851,#12857,#12858,#12859));
#12851 = ORIENTED_EDGE('',*,*,#12852,.T.);
#12852 = EDGE_CURVE('',#5853,#7959,#12853,.T.);
#12853 = LINE('',#12854,#12855);
#12854 = CARTESIAN_POINT('',(13.810768225163,-7.70765068345,0.));
#12855 = VECTOR('',#12856,1.);
#12856 = DIRECTION('',(0.,0.,1.));
#12857 = ORIENTED_EDGE('',*,*,#7967,.T.);
#12858 = ORIENTED_EDGE('',*,*,#12815,.F.);
#12859 = ORIENTED_EDGE('',*,*,#5861,.F.);
#12860 = SURFACE_OF_LINEAR_EXTRUSION('',#12861,#12866);
#12861 = B_SPLINE_CURVE_WITH_KNOTS('',3,(#12862,#12863,#12864,#12865),
  .UNSPECIFIED.,.F.,.F.,(4,4),(0.,1.),.PIECEWISE_BEZIER_KNOTS.);
#12862 = CARTESIAN_POINT('',(13.810768225163,-7.70765068345,0.));
#12863 = CARTESIAN_POINT('',(14.327047894845,-7.680347003112,0.));
#12864 = CARTESIAN_POINT('',(14.621487725693,-7.606426514576,0.));
#12865 = CARTESIAN_POINT('',(14.718240226282,-7.578159456387,0.));
#12866 = VECTOR('',#12867,1.);
#12867 = DIRECTION('',(-0.,-0.,-1.));
#12868 = ADVANCED_FACE('',(#12869),#12880,.F.);
#12869 = FACE_BOUND('',#12870,.F.);
#12870 = EDGE_LOOP('',(#12871,#12872,#12873,#12879));
#12871 = ORIENTED_EDGE('',*,*,#12834,.T.);
#12872 = ORIENTED_EDGE('',*,*,#7703,.T.);
#12873 = ORIENTED_EDGE('',*,*,#12874,.F.);
#12874 = EDGE_CURVE('',#5598,#7704,#12875,.T.);
#12875 = LINE('',#12876,#12877);
#12876 = CARTESIAN_POINT('',(15.592955407897,9.689908711055,0.));
#12877 = VECTOR('',#12878,1.);
#12878 = DIRECTION('',(0.,0.,1.));
#12879 = ORIENTED_EDGE('',*,*,#5597,.F.);
#12880 = SURFACE_OF_LINEAR_EXTRUSION('',#12881,#12886);
#12881 = B_SPLINE_CURVE_WITH_KNOTS('',3,(#12882,#12883,#12884,#12885),
  .UNSPECIFIED.,.F.,.F.,(4,4),(0.,1.),.PIECEWISE_BEZIER_KNOTS.);
#12882 = CARTESIAN_POINT('',(14.859711677408,10.240024192023,0.));
#12883 = CARTESIAN_POINT('',(15.244083150348,9.89426595412,0.));
#12884 = CARTESIAN_POINT('',(15.504553230104,9.738335231789,0.));
#12885 = CARTESIAN_POINT('',(15.592955407897,9.689908711055,0.));
#12886 = VECTOR('',#12887,1.);
#12887 = DIRECTION('',(-0.,-0.,-1.));
#12888 = ADVANCED_FACE('',(#12889),#12900,.F.);
#12889 = FACE_BOUND('',#12890,.F.);
#12890 = EDGE_LOOP('',(#12891,#12897,#12898,#12899));
#12891 = ORIENTED_EDGE('',*,*,#12892,.T.);
#12892 = EDGE_CURVE('',#5844,#7950,#12893,.T.);
#12893 = LINE('',#12894,#12895);
#12894 = CARTESIAN_POINT('',(11.080613503426,-7.417828296365,0.));
#12895 = VECTOR('',#12896,1.);
#12896 = DIRECTION('',(0.,0.,1.));
#12897 = ORIENTED_EDGE('',*,*,#7958,.T.);
#12898 = ORIENTED_EDGE('',*,*,#12852,.F.);
#12899 = ORIENTED_EDGE('',*,*,#5852,.F.);
#12900 = SURFACE_OF_LINEAR_EXTRUSION('',#12901,#12906);
#12901 = B_SPLINE_CURVE_WITH_KNOTS('',3,(#12902,#12903,#12904,#12905),
  .UNSPECIFIED.,.F.,.F.,(4,4),(0.,1.),.PIECEWISE_BEZIER_KNOTS.);
#12902 = CARTESIAN_POINT('',(11.080613503426,-7.417828296365,0.));
#12903 = CARTESIAN_POINT('',(12.276304997735,-7.698476546942,0.));
#12904 = CARTESIAN_POINT('',(13.192013987188,-7.738718399799,0.));
#12905 = CARTESIAN_POINT('',(13.810768225163,-7.70765068345,0.));
#12906 = VECTOR('',#12907,1.);
#12907 = DIRECTION('',(-0.,-0.,-1.));
#12908 = ADVANCED_FACE('',(#12909),#12920,.F.);
#12909 = FACE_BOUND('',#12910,.F.);
#12910 = EDGE_LOOP('',(#12911,#12912,#12913,#12919));
#12911 = ORIENTED_EDGE('',*,*,#12874,.T.);
#12912 = ORIENTED_EDGE('',*,*,#7712,.T.);
#12913 = ORIENTED_EDGE('',*,*,#12914,.F.);
#12914 = EDGE_CURVE('',#5607,#7713,#12915,.T.);
#12915 = LINE('',#12916,#12917);
#12916 = CARTESIAN_POINT('',(15.89109679648,9.546706864227,0.));
#12917 = VECTOR('',#12918,1.);
#12918 = DIRECTION('',(0.,0.,1.));
#12919 = ORIENTED_EDGE('',*,*,#5606,.F.);
#12920 = PLANE('',#12921);
#12921 = AXIS2_PLACEMENT_3D('',#12922,#12923,#12924);
#12922 = CARTESIAN_POINT('',(15.592955407897,9.689908711055,0.));
#12923 = DIRECTION('',(0.432961989415,0.901412178596,0.));
#12924 = DIRECTION('',(0.901412178596,-0.432961989415,0.));
#12925 = ADVANCED_FACE('',(#12926),#12937,.T.);
#12926 = FACE_BOUND('',#12927,.F.);
#12927 = EDGE_LOOP('',(#12928,#12934,#12935,#12936));
#12928 = ORIENTED_EDGE('',*,*,#12929,.T.);
#12929 = EDGE_CURVE('',#5835,#7941,#12930,.T.);
#12930 = LINE('',#12931,#12932);
#12931 = CARTESIAN_POINT('',(10.708422024995,-6.036945264528,0.));
#12932 = VECTOR('',#12933,1.);
#12933 = DIRECTION('',(0.,0.,1.));
#12934 = ORIENTED_EDGE('',*,*,#7949,.T.);
#12935 = ORIENTED_EDGE('',*,*,#12892,.F.);
#12936 = ORIENTED_EDGE('',*,*,#5843,.F.);
#12937 = CYLINDRICAL_SURFACE('',#12938,25.999999999968);
#12938 = AXIS2_PLACEMENT_3D('',#12939,#12940,#12941);
#12939 = CARTESIAN_POINT('',(35.989134832897,3.640306425283E-02,0.));
#12940 = DIRECTION('',(-0.,-0.,-1.));
#12941 = DIRECTION('',(-0.972335107997,-0.233590320338,0.));
#12942 = ADVANCED_FACE('',(#12943),#12954,.F.);
#12943 = FACE_BOUND('',#12944,.F.);
#12944 = EDGE_LOOP('',(#12945,#12946,#12947,#12953));
#12945 = ORIENTED_EDGE('',*,*,#12914,.T.);
#12946 = ORIENTED_EDGE('',*,*,#7720,.T.);
#12947 = ORIENTED_EDGE('',*,*,#12948,.F.);
#12948 = EDGE_CURVE('',#5615,#7721,#12949,.T.);
#12949 = LINE('',#12950,#12951);
#12950 = CARTESIAN_POINT('',(16.274332702878,8.552663309358,0.));
#12951 = VECTOR('',#12952,1.);
#12952 = DIRECTION('',(0.,0.,1.));
#12953 = ORIENTED_EDGE('',*,*,#5614,.F.);
#12954 = CYLINDRICAL_SURFACE('',#12955,0.76);
#12955 = AXIS2_PLACEMENT_3D('',#12956,#12957,#12958);
#12956 = CARTESIAN_POINT('',(15.576921291658,8.854685367329,0.));
#12957 = DIRECTION('',(0.,0.,-1.));
#12958 = DIRECTION('',(0.413388822135,0.910554601182,0.));
#12959 = ADVANCED_FACE('',(#12960),#12971,.F.);
#12960 = FACE_BOUND('',#12961,.F.);
#12961 = EDGE_LOOP('',(#12962,#12968,#12969,#12970));
#12962 = ORIENTED_EDGE('',*,*,#12963,.T.);
#12963 = EDGE_CURVE('',#5826,#7932,#12964,.T.);
#12964 = LINE('',#12965,#12966);
#12965 = CARTESIAN_POINT('',(12.929736250805,-4.419594592055,0.));
#12966 = VECTOR('',#12967,1.);
#12967 = DIRECTION('',(0.,0.,1.));
#12968 = ORIENTED_EDGE('',*,*,#7940,.T.);
#12969 = ORIENTED_EDGE('',*,*,#12929,.F.);
#12970 = ORIENTED_EDGE('',*,*,#5834,.F.);
#12971 = SURFACE_OF_LINEAR_EXTRUSION('',#12972,#12977);
#12972 = B_SPLINE_CURVE_WITH_KNOTS('',3,(#12973,#12974,#12975,#12976),
  .UNSPECIFIED.,.F.,.F.,(4,4),(0.,1.),.PIECEWISE_BEZIER_KNOTS.);
#12973 = CARTESIAN_POINT('',(12.929736250805,-4.419594592055,0.));
#12974 = CARTESIAN_POINT('',(12.378345503845,-4.702066279446,0.));
#12975 = CARTESIAN_POINT('',(11.605439182933,-5.194771241042,0.));
#12976 = CARTESIAN_POINT('',(10.708422024995,-6.036945264528,0.));
#12977 = VECTOR('',#12978,1.);
#12978 = DIRECTION('',(-0.,-0.,-1.));
#12979 = ADVANCED_FACE('',(#12980),#12991,.T.);
#12980 = FACE_BOUND('',#12981,.F.);
#12981 = EDGE_LOOP('',(#12982,#12983,#12984,#12990));
#12982 = ORIENTED_EDGE('',*,*,#12948,.T.);
#12983 = ORIENTED_EDGE('',*,*,#7729,.T.);
#12984 = ORIENTED_EDGE('',*,*,#12985,.F.);
#12985 = EDGE_CURVE('',#5624,#7730,#12986,.T.);
#12986 = LINE('',#12987,#12988);
#12987 = CARTESIAN_POINT('',(16.004200667523,7.900506885973,0.));
#12988 = VECTOR('',#12989,1.);
#12989 = DIRECTION('',(0.,0.,1.));
#12990 = ORIENTED_EDGE('',*,*,#5623,.F.);
#12991 = CYLINDRICAL_SURFACE('',#12992,21.500000000019);
#12992 = AXIS2_PLACEMENT_3D('',#12993,#12994,#12995);
#12993 = CARTESIAN_POINT('',(36.000000000018,-7.411848912398E-12,0.));
#12994 = DIRECTION('',(-0.,-0.,-1.));
#12995 = DIRECTION('',(-0.917472897541,0.397798293458,0.));
#12996 = ADVANCED_FACE('',(#12997),#13008,.F.);
#12997 = FACE_BOUND('',#12998,.F.);
#12998 = EDGE_LOOP('',(#12999,#13005,#13006,#13007));
#12999 = ORIENTED_EDGE('',*,*,#13000,.T.);
#13000 = EDGE_CURVE('',#5818,#7924,#13001,.T.);
#13001 = LINE('',#13002,#13003);
#13002 = CARTESIAN_POINT('',(13.780375670529,-4.078001283699,0.));
#13003 = VECTOR('',#13004,1.);
#13004 = DIRECTION('',(0.,0.,1.));
#13005 = ORIENTED_EDGE('',*,*,#7931,.T.);
#13006 = ORIENTED_EDGE('',*,*,#12963,.F.);
#13007 = ORIENTED_EDGE('',*,*,#5825,.F.);
#13008 = SURFACE_OF_LINEAR_EXTRUSION('',#13009,#13014);
#13009 = B_SPLINE_CURVE_WITH_KNOTS('',3,(#13010,#13011,#13012,#13013),
  .UNSPECIFIED.,.F.,.F.,(4,4),(0.,1.),.PIECEWISE_BEZIER_KNOTS.);
#13010 = CARTESIAN_POINT('',(13.780375670529,-4.078001283699,0.));
#13011 = CARTESIAN_POINT('',(13.682452018045,-4.101897543511,0.));
#13012 = CARTESIAN_POINT('',(13.390499400377,-4.185100438003,0.));
#13013 = CARTESIAN_POINT('',(12.929736250805,-4.419594592055,0.));
#13014 = VECTOR('',#13015,1.);
#13015 = DIRECTION('',(-0.,-0.,-1.));
#13016 = ADVANCED_FACE('',(#13017),#13028,.F.);
#13017 = FACE_BOUND('',#13018,.F.);
#13018 = EDGE_LOOP('',(#13019,#13020,#13021,#13027));
#13019 = ORIENTED_EDGE('',*,*,#12985,.T.);
#13020 = ORIENTED_EDGE('',*,*,#7738,.T.);
#13021 = ORIENTED_EDGE('',*,*,#13022,.F.);
#13022 = EDGE_CURVE('',#5633,#7739,#13023,.T.);
#13023 = LINE('',#13024,#13025);
#13024 = CARTESIAN_POINT('',(15.030317020872,7.468600655737,0.));
#13025 = VECTOR('',#13026,1.);
#13026 = DIRECTION('',(0.,0.,1.));
#13027 = ORIENTED_EDGE('',*,*,#5632,.F.);
#13028 = CYLINDRICAL_SURFACE('',#13029,0.76);
#13029 = AXIS2_PLACEMENT_3D('',#13030,#13031,#13032);
#13030 = CARTESIAN_POINT('',(15.297494484113,8.180089378864,0.));
#13031 = DIRECTION('',(0.,0.,-1.));
#13032 = DIRECTION('',(0.929876557117,-0.367871701172,0.));
#13033 = ADVANCED_FACE('',(#13034),#13045,.F.);
#13034 = FACE_BOUND('',#13035,.F.);
#13035 = EDGE_LOOP('',(#13036,#13042,#13043,#13044));
#13036 = ORIENTED_EDGE('',*,*,#13037,.T.);
#13037 = EDGE_CURVE('',#5809,#7915,#13038,.T.);
#13038 = LINE('',#13039,#13040);
#13039 = CARTESIAN_POINT('',(14.105421502901,-4.016843590974,0.));
#13040 = VECTOR('',#13041,1.);
#13041 = DIRECTION('',(0.,0.,1.));
#13042 = ORIENTED_EDGE('',*,*,#7923,.T.);
#13043 = ORIENTED_EDGE('',*,*,#13000,.F.);
#13044 = ORIENTED_EDGE('',*,*,#5817,.F.);
#13045 = PLANE('',#13046);
#13046 = AXIS2_PLACEMENT_3D('',#13047,#13048,#13049);
#13047 = CARTESIAN_POINT('',(14.105421502901,-4.016843590974,0.));
#13048 = DIRECTION('',(0.184906528069,-0.982756112104,0.));
#13049 = DIRECTION('',(-0.982756112104,-0.184906528069,0.));
#13050 = ADVANCED_FACE('',(#13051),#13062,.F.);
#13051 = FACE_BOUND('',#13052,.F.);
#13052 = EDGE_LOOP('',(#13053,#13054,#13055,#13061));
#13053 = ORIENTED_EDGE('',*,*,#13022,.T.);
#13054 = ORIENTED_EDGE('',*,*,#7747,.T.);
#13055 = ORIENTED_EDGE('',*,*,#13056,.F.);
#13056 = EDGE_CURVE('',#5642,#7748,#13057,.T.);
#13057 = LINE('',#13058,#13059);
#13058 = CARTESIAN_POINT('',(14.718240226282,7.578159456387,0.));
#13059 = VECTOR('',#13060,1.);
#13060 = DIRECTION('',(0.,0.,1.));
#13061 = ORIENTED_EDGE('',*,*,#5641,.F.);
#13062 = PLANE('',#13063);
#13063 = AXIS2_PLACEMENT_3D('',#13064,#13065,#13066);
#13064 = CARTESIAN_POINT('',(15.030317020872,7.468600655737,0.));
#13065 = DIRECTION('',(-0.331244305418,-0.943545022841,0.));
#13066 = DIRECTION('',(-0.943545022841,0.331244305418,0.));
#13067 = ADVANCED_FACE('',(#13068),#13079,.F.);
#13068 = FACE_BOUND('',#13069,.F.);
#13069 = EDGE_LOOP('',(#13070,#13076,#13077,#13078));
#13070 = ORIENTED_EDGE('',*,*,#13071,.T.);
#13071 = EDGE_CURVE('',#5800,#7906,#13072,.T.);
#13072 = LINE('',#13073,#13074);
#13073 = CARTESIAN_POINT('',(14.732876366112,-3.155860000212,0.));
#13074 = VECTOR('',#13075,1.);
#13075 = DIRECTION('',(0.,0.,1.));
#13076 = ORIENTED_EDGE('',*,*,#7914,.T.);
#13077 = ORIENTED_EDGE('',*,*,#13037,.F.);
#13078 = ORIENTED_EDGE('',*,*,#5808,.F.);
#13079 = CYLINDRICAL_SURFACE('',#13080,0.76);
#13080 = AXIS2_PLACEMENT_3D('',#13081,#13082,#13083);
#13081 = CARTESIAN_POINT('',(13.981059611823,-3.26708755062,0.));
#13082 = DIRECTION('',(0.,0.,-1.));
#13083 = DIRECTION('',(0.989232571433,0.14635204001,0.));
#13084 = ADVANCED_FACE('',(#13085),#13096,.F.);
#13085 = FACE_BOUND('',#13086,.F.);
#13086 = EDGE_LOOP('',(#13087,#13088,#13089,#13095));
#13087 = ORIENTED_EDGE('',*,*,#13056,.T.);
#13088 = ORIENTED_EDGE('',*,*,#7755,.T.);
#13089 = ORIENTED_EDGE('',*,*,#13090,.F.);
#13090 = EDGE_CURVE('',#5650,#7756,#13091,.T.);
#13091 = LINE('',#13092,#13093);
#13092 = CARTESIAN_POINT('',(13.810768225163,7.70765068345,0.));
#13093 = VECTOR('',#13094,1.);
#13094 = DIRECTION('',(0.,0.,1.));
#13095 = ORIENTED_EDGE('',*,*,#5649,.F.);
#13096 = SURFACE_OF_LINEAR_EXTRUSION('',#13097,#13102);
#13097 = B_SPLINE_CURVE_WITH_KNOTS('',3,(#13098,#13099,#13100,#13101),
  .UNSPECIFIED.,.F.,.F.,(4,4),(0.,1.),.PIECEWISE_BEZIER_KNOTS.);
#13098 = CARTESIAN_POINT('',(14.718240226282,7.578159456387,0.));
#13099 = CARTESIAN_POINT('',(14.621487725693,7.606426514576,0.));
#13100 = CARTESIAN_POINT('',(14.327047894845,7.680347003112,0.));
#13101 = CARTESIAN_POINT('',(13.810768225163,7.70765068345,0.));
#13102 = VECTOR('',#13103,1.);
#13103 = DIRECTION('',(-0.,-0.,-1.));
#13104 = ADVANCED_FACE('',(#13105),#13116,.T.);
#13105 = FACE_BOUND('',#13106,.F.);
#13106 = EDGE_LOOP('',(#13107,#13113,#13114,#13115));
#13107 = ORIENTED_EDGE('',*,*,#13108,.T.);
#13108 = EDGE_CURVE('',#5791,#7897,#13109,.T.);
#13109 = LINE('',#13110,#13111);
#13110 = CARTESIAN_POINT('',(14.640739359413,-2.456009952642,0.));
#13111 = VECTOR('',#13112,1.);
#13112 = DIRECTION('',(0.,0.,1.));
#13113 = ORIENTED_EDGE('',*,*,#7905,.T.);
#13114 = ORIENTED_EDGE('',*,*,#13071,.F.);
#13115 = ORIENTED_EDGE('',*,*,#5799,.F.);
#13116 = CYLINDRICAL_SURFACE('',#13117,21.499999999974);
#13117 = AXIS2_PLACEMENT_3D('',#13118,#13119,#13120);
#13118 = CARTESIAN_POINT('',(35.999999999975,-3.380851154589E-12,0.));
#13119 = DIRECTION('',(-0.,-0.,-1.));
#13120 = DIRECTION('',(-0.993453983283,-0.114233021053,0.));
#13121 = ADVANCED_FACE('',(#13122),#13133,.F.);
#13122 = FACE_BOUND('',#13123,.F.);
#13123 = EDGE_LOOP('',(#13124,#13125,#13126,#13132));
#13124 = ORIENTED_EDGE('',*,*,#13090,.T.);
#13125 = ORIENTED_EDGE('',*,*,#7764,.T.);
#13126 = ORIENTED_EDGE('',*,*,#13127,.F.);
#13127 = EDGE_CURVE('',#5659,#7765,#13128,.T.);
#13128 = LINE('',#13129,#13130);
#13129 = CARTESIAN_POINT('',(11.078378339586,7.417641027166,0.));
#13130 = VECTOR('',#13131,1.);
#13131 = DIRECTION('',(0.,0.,1.));
#13132 = ORIENTED_EDGE('',*,*,#5658,.F.);
#13133 = SURFACE_OF_LINEAR_EXTRUSION('',#13134,#13139);
#13134 = B_SPLINE_CURVE_WITH_KNOTS('',3,(#13135,#13136,#13137,#13138),
  .UNSPECIFIED.,.F.,.F.,(4,4),(0.,1.),.PIECEWISE_BEZIER_KNOTS.);
#13135 = CARTESIAN_POINT('',(13.810768225163,7.70765068345,0.));
#13136 = CARTESIAN_POINT('',(13.192013987188,7.738718399799,0.));
#13137 = CARTESIAN_POINT('',(12.276304997735,7.698476546942,0.));
#13138 = CARTESIAN_POINT('',(11.078378339586,7.417641027166,0.));
#13139 = VECTOR('',#13140,1.);
#13140 = DIRECTION('',(-0.,-0.,-1.));
#13141 = ADVANCED_FACE('',(#13142),#13153,.F.);
#13142 = FACE_BOUND('',#13143,.F.);
#13143 = EDGE_LOOP('',(#13144,#13150,#13151,#13152));
#13144 = ORIENTED_EDGE('',*,*,#13145,.T.);
#13145 = EDGE_CURVE('',#5783,#7889,#13146,.T.);
#13146 = LINE('',#13147,#13148);
#13147 = CARTESIAN_POINT('',(13.811825551396,-1.786760934856,0.));
#13148 = VECTOR('',#13149,1.);
#13149 = DIRECTION('',(0.,0.,1.));
#13150 = ORIENTED_EDGE('',*,*,#7896,.T.);
#13151 = ORIENTED_EDGE('',*,*,#13108,.F.);
#13152 = ORIENTED_EDGE('',*,*,#5790,.F.);
#13153 = CYLINDRICAL_SURFACE('',#13154,0.76);
#13154 = AXIS2_PLACEMENT_3D('',#13155,#13156,#13157);
#13155 = CARTESIAN_POINT('',(13.885752331423,-2.543156883546,0.));
#13156 = DIRECTION('',(0.,0.,-1.));
#13157 = DIRECTION('',(-9.727207898203E-02,0.995257827224,0.));
#13158 = ADVANCED_FACE('',(#13159),#13170,.T.);
#13159 = FACE_BOUND('',#13160,.F.);
#13160 = EDGE_LOOP('',(#13161,#13162,#13163,#13169));
#13161 = ORIENTED_EDGE('',*,*,#13127,.T.);
#13162 = ORIENTED_EDGE('',*,*,#7773,.T.);
#13163 = ORIENTED_EDGE('',*,*,#13164,.F.);
#13164 = EDGE_CURVE('',#5668,#7774,#13165,.T.);
#13165 = LINE('',#13166,#13167);
#13166 = CARTESIAN_POINT('',(10.710264099061,6.035665502724,0.));
#13167 = VECTOR('',#13168,1.);
#13168 = DIRECTION('',(0.,0.,1.));
#13169 = ORIENTED_EDGE('',*,*,#5667,.F.);
#13170 = CYLINDRICAL_SURFACE('',#13171,26.000000000015);
#13171 = AXIS2_PLACEMENT_3D('',#13172,#13173,#13174);
#13172 = CARTESIAN_POINT('',(36.008792021445,3.695856195794E-02,0.));
#13173 = DIRECTION('',(-0.,-0.,-1.));
#13174 = DIRECTION('',(-0.958862064686,0.283872402508,0.));
#13175 = ADVANCED_FACE('',(#13176),#13187,.F.);
#13176 = FACE_BOUND('',#13177,.F.);
#13177 = EDGE_LOOP('',(#13178,#13184,#13185,#13186));
#13178 = ORIENTED_EDGE('',*,*,#13179,.T.);
#13179 = EDGE_CURVE('',#5774,#7880,#13180,.T.);
#13180 = LINE('',#13181,#13182);
#13181 = CARTESIAN_POINT('',(13.482026611549,-1.811815191926,0.));
#13182 = VECTOR('',#13183,1.);
#13183 = DIRECTION('',(0.,0.,1.));
#13184 = ORIENTED_EDGE('',*,*,#7888,.T.);
#13185 = ORIENTED_EDGE('',*,*,#13145,.F.);
#13186 = ORIENTED_EDGE('',*,*,#5782,.F.);
#13187 = PLANE('',#13188);
#13188 = AXIS2_PLACEMENT_3D('',#13189,#13190,#13191);
#13189 = CARTESIAN_POINT('',(13.482026611549,-1.811815191926,0.));
#13190 = DIRECTION('',(-7.575000759186E-02,0.997126840653,0.));
#13191 = DIRECTION('',(0.997126840653,7.575000759186E-02,0.));
#13192 = ADVANCED_FACE('',(#13193),#13204,.F.);
#13193 = FACE_BOUND('',#13194,.F.);
#13194 = EDGE_LOOP('',(#13195,#13196,#13197,#13203));
#13195 = ORIENTED_EDGE('',*,*,#13164,.T.);
#13196 = ORIENTED_EDGE('',*,*,#7782,.T.);
#13197 = ORIENTED_EDGE('',*,*,#13198,.F.);
#13198 = EDGE_CURVE('',#5677,#7783,#13199,.T.);
#13199 = LINE('',#13200,#13201);
#13200 = CARTESIAN_POINT('',(12.929736250805,4.419594592055,0.));
#13201 = VECTOR('',#13202,1.);
#13202 = DIRECTION('',(0.,0.,1.));
#13203 = ORIENTED_EDGE('',*,*,#5676,.F.);
#13204 = SURFACE_OF_LINEAR_EXTRUSION('',#13205,#13210);
#13205 = B_SPLINE_CURVE_WITH_KNOTS('',3,(#13206,#13207,#13208,#13209),
  .UNSPECIFIED.,.F.,.F.,(4,4),(0.,1.),.PIECEWISE_BEZIER_KNOTS.);
#13206 = CARTESIAN_POINT('',(10.710264099061,6.035665502724,0.));
#13207 = CARTESIAN_POINT('',(11.605439182933,5.194771241042,0.));
#13208 = CARTESIAN_POINT('',(12.378345503845,4.702066279446,0.));
#13209 = CARTESIAN_POINT('',(12.929736250805,4.419594592055,0.));
#13210 = VECTOR('',#13211,1.);
#13211 = DIRECTION('',(-0.,-0.,-1.));
#13212 = ADVANCED_FACE('',(#13213),#13224,.F.);
#13213 = FACE_BOUND('',#13214,.F.);
#13214 = EDGE_LOOP('',(#13215,#13221,#13222,#13223));
#13215 = ORIENTED_EDGE('',*,*,#13216,.T.);
#13216 = EDGE_CURVE('',#5765,#7871,#13217,.T.);
#13217 = LINE('',#13218,#13219);
#13218 = CARTESIAN_POINT('',(12.571961173296,-1.702023075637,0.));
#13219 = VECTOR('',#13220,1.);
#13220 = DIRECTION('',(0.,0.,1.));
#13221 = ORIENTED_EDGE('',*,*,#7879,.T.);
#13222 = ORIENTED_EDGE('',*,*,#13179,.F.);
#13223 = ORIENTED_EDGE('',*,*,#5773,.F.);
#13224 = SURFACE_OF_LINEAR_EXTRUSION('',#13225,#13230);
#13225 = B_SPLINE_CURVE_WITH_KNOTS('',3,(#13226,#13227,#13228,#13229),
  .UNSPECIFIED.,.F.,.F.,(4,4),(0.,1.),.PIECEWISE_BEZIER_KNOTS.);
#13226 = CARTESIAN_POINT('',(12.571961173296,-1.702023075637,0.));
#13227 = CARTESIAN_POINT('',(13.077715752304,-1.809272756759,0.));
#13228 = CARTESIAN_POINT('',(13.381254819464,-1.81407768365,0.));
#13229 = CARTESIAN_POINT('',(13.482026611549,-1.811815191926,0.));
#13230 = VECTOR('',#13231,1.);
#13231 = DIRECTION('',(-0.,-0.,-1.));
#13232 = ADVANCED_FACE('',(#13233),#13244,.F.);
#13233 = FACE_BOUND('',#13234,.F.);
#13234 = EDGE_LOOP('',(#13235,#13236,#13237,#13243));
#13235 = ORIENTED_EDGE('',*,*,#13198,.T.);
#13236 = ORIENTED_EDGE('',*,*,#7791,.T.);
#13237 = ORIENTED_EDGE('',*,*,#13238,.F.);
#13238 = EDGE_CURVE('',#5686,#7792,#13239,.T.);
#13239 = LINE('',#13240,#13241);
#13240 = CARTESIAN_POINT('',(13.780375670529,4.078001283699,0.));
#13241 = VECTOR('',#13242,1.);
#13242 = DIRECTION('',(0.,0.,1.));
#13243 = ORIENTED_EDGE('',*,*,#5685,.F.);
#13244 = SURFACE_OF_LINEAR_EXTRUSION('',#13245,#13250);
#13245 = B_SPLINE_CURVE_WITH_KNOTS('',3,(#13246,#13247,#13248,#13249),
  .UNSPECIFIED.,.F.,.F.,(4,4),(0.,1.),.PIECEWISE_BEZIER_KNOTS.);
#13246 = CARTESIAN_POINT('',(12.929736250805,4.419594592055,0.));
#13247 = CARTESIAN_POINT('',(13.390499400377,4.185100438003,0.));
#13248 = CARTESIAN_POINT('',(13.682452018045,4.101897543511,0.));
#13249 = CARTESIAN_POINT('',(13.780375670529,4.078001283699,0.));
#13250 = VECTOR('',#13251,1.);
#13251 = DIRECTION('',(-0.,-0.,-1.));
#13252 = ADVANCED_FACE('',(#13253),#13264,.F.);
#13253 = FACE_BOUND('',#13254,.F.);
#13254 = EDGE_LOOP('',(#13255,#13261,#13262,#13263));
#13255 = ORIENTED_EDGE('',*,*,#13256,.T.);
#13256 = EDGE_CURVE('',#5756,#7862,#13257,.T.);
#13257 = LINE('',#13258,#13259);
#13258 = CARTESIAN_POINT('',(10.00984577128,-0.715460108853,0.));
#13259 = VECTOR('',#13260,1.);
#13260 = DIRECTION('',(0.,0.,1.));
#13261 = ORIENTED_EDGE('',*,*,#7870,.T.);
#13262 = ORIENTED_EDGE('',*,*,#13216,.F.);
#13263 = ORIENTED_EDGE('',*,*,#5764,.F.);
#13264 = SURFACE_OF_LINEAR_EXTRUSION('',#13265,#13270);
#13265 = B_SPLINE_CURVE_WITH_KNOTS('',3,(#13266,#13267,#13268,#13269),
  .UNSPECIFIED.,.F.,.F.,(4,4),(0.,1.),.PIECEWISE_BEZIER_KNOTS.);
#13266 = CARTESIAN_POINT('',(10.00984577128,-0.715460108853,0.));
#13267 = CARTESIAN_POINT('',(11.092157953684,-1.296013232982,0.));
#13268 = CARTESIAN_POINT('',(11.966249558032,-1.571886804196,0.));
#13269 = CARTESIAN_POINT('',(12.571961173296,-1.702023075637,0.));
#13270 = VECTOR('',#13271,1.);
#13271 = DIRECTION('',(-0.,-0.,-1.));
#13272 = ADVANCED_FACE('',(#13273),#13284,.F.);
#13273 = FACE_BOUND('',#13274,.F.);
#13274 = EDGE_LOOP('',(#13275,#13276,#13277,#13283));
#13275 = ORIENTED_EDGE('',*,*,#13238,.T.);
#13276 = ORIENTED_EDGE('',*,*,#7800,.T.);
#13277 = ORIENTED_EDGE('',*,*,#13278,.F.);
#13278 = EDGE_CURVE('',#5695,#7801,#13279,.T.);
#13279 = LINE('',#13280,#13281);
#13280 = CARTESIAN_POINT('',(14.105421502901,4.016843590974,0.));
#13281 = VECTOR('',#13282,1.);
#13282 = DIRECTION('',(0.,0.,1.));
#13283 = ORIENTED_EDGE('',*,*,#5694,.F.);
#13284 = PLANE('',#13285);
#13285 = AXIS2_PLACEMENT_3D('',#13286,#13287,#13288);
#13286 = CARTESIAN_POINT('',(13.780375670529,4.078001283699,0.));
#13287 = DIRECTION('',(0.184906528069,0.982756112104,0.));
#13288 = DIRECTION('',(0.982756112104,-0.184906528069,0.));
#13289 = ADVANCED_FACE('',(#13290),#13301,.T.);
#13290 = FACE_BOUND('',#13291,.F.);
#13291 = EDGE_LOOP('',(#13292,#13298,#13299,#13300));
#13292 = ORIENTED_EDGE('',*,*,#13293,.T.);
#13293 = EDGE_CURVE('',#5747,#7853,#13294,.T.);
#13294 = LINE('',#13295,#13296);
#13295 = CARTESIAN_POINT('',(10.007735237637,0.714700717726,0.));
#13296 = VECTOR('',#13297,1.);
#13297 = DIRECTION('',(0.,0.,1.));
#13298 = ORIENTED_EDGE('',*,*,#7861,.T.);
#13299 = ORIENTED_EDGE('',*,*,#13256,.F.);
#13300 = ORIENTED_EDGE('',*,*,#5755,.F.);
#13301 = CYLINDRICAL_SURFACE('',#13302,25.999999999985);
#13302 = AXIS2_PLACEMENT_3D('',#13303,#13304,#13305);
#13303 = CARTESIAN_POINT('',(35.998926860834,3.797477209243E-02,0.));
#13304 = DIRECTION('',(-0.,-0.,-1.));
#13305 = DIRECTION('',(-0.999661216277,2.602792098593E-02,0.));
#13306 = ADVANCED_FACE('',(#13307),#13318,.F.);
#13307 = FACE_BOUND('',#13308,.F.);
#13308 = EDGE_LOOP('',(#13309,#13310,#13311,#13317));
#13309 = ORIENTED_EDGE('',*,*,#13278,.T.);
#13310 = ORIENTED_EDGE('',*,*,#7808,.T.);
#13311 = ORIENTED_EDGE('',*,*,#13312,.F.);
#13312 = EDGE_CURVE('',#5703,#7809,#13313,.T.);
#13313 = LINE('',#13314,#13315);
#13314 = CARTESIAN_POINT('',(14.732876366112,3.155860000212,0.));
#13315 = VECTOR('',#13316,1.);
#13316 = DIRECTION('',(0.,0.,1.));
#13317 = ORIENTED_EDGE('',*,*,#5702,.F.);
#13318 = CYLINDRICAL_SURFACE('',#13319,0.76);
#13319 = AXIS2_PLACEMENT_3D('',#13320,#13321,#13322);
#13320 = CARTESIAN_POINT('',(13.981059611823,3.26708755062,0.));
#13321 = DIRECTION('',(0.,0.,-1.));
#13322 = DIRECTION('',(0.163634067207,0.986521105729,0.));
#13323 = ADVANCED_FACE('',(#13324),#13335,.F.);
#13324 = FACE_BOUND('',#13325,.F.);
#13325 = EDGE_LOOP('',(#13326,#13332,#13333,#13334));
#13326 = ORIENTED_EDGE('',*,*,#13327,.T.);
#13327 = EDGE_CURVE('',#5738,#7844,#13328,.T.);
#13328 = LINE('',#13329,#13330);
#13329 = CARTESIAN_POINT('',(12.571961173296,1.702023075637,0.));
#13330 = VECTOR('',#13331,1.);
#13331 = DIRECTION('',(0.,0.,1.));
#13332 = ORIENTED_EDGE('',*,*,#7852,.T.);
#13333 = ORIENTED_EDGE('',*,*,#13293,.F.);
#13334 = ORIENTED_EDGE('',*,*,#5746,.F.);
#13335 = SURFACE_OF_LINEAR_EXTRUSION('',#13336,#13341);
#13336 = B_SPLINE_CURVE_WITH_KNOTS('',3,(#13337,#13338,#13339,#13340),
  .UNSPECIFIED.,.F.,.F.,(4,4),(0.,1.),.PIECEWISE_BEZIER_KNOTS.);
#13337 = CARTESIAN_POINT('',(12.571961173296,1.702023075637,0.));
#13338 = CARTESIAN_POINT('',(11.966249558032,1.571886804196,0.));
#13339 = CARTESIAN_POINT('',(11.092157953684,1.296013232982,0.));
#13340 = CARTESIAN_POINT('',(10.007735237637,0.714700717726,0.));
#13341 = VECTOR('',#13342,1.);
#13342 = DIRECTION('',(-0.,-0.,-1.));
#13343 = ADVANCED_FACE('',(#13344),#13355,.T.);
#13344 = FACE_BOUND('',#13345,.F.);
#13345 = EDGE_LOOP('',(#13346,#13347,#13348,#13354));
#13346 = ORIENTED_EDGE('',*,*,#13312,.T.);
#13347 = ORIENTED_EDGE('',*,*,#7817,.T.);
#13348 = ORIENTED_EDGE('',*,*,#13349,.F.);
#13349 = EDGE_CURVE('',#5712,#7818,#13350,.T.);
#13350 = LINE('',#13351,#13352);
#13351 = CARTESIAN_POINT('',(14.640739359413,2.456009952642,0.));
#13352 = VECTOR('',#13353,1.);
#13353 = DIRECTION('',(0.,0.,1.));
#13354 = ORIENTED_EDGE('',*,*,#5711,.F.);
#13355 = CYLINDRICAL_SURFACE('',#13356,21.500000000027);
#13356 = AXIS2_PLACEMENT_3D('',#13357,#13358,#13359);
#13357 = CARTESIAN_POINT('',(36.000000000027,-3.489653011002E-12,0.));
#13358 = DIRECTION('',(-0.,-0.,-1.));
#13359 = DIRECTION('',(-0.989168541111,0.146784186056,0.));
#13360 = ADVANCED_FACE('',(#13361),#13372,.F.);
#13361 = FACE_BOUND('',#13362,.F.);
#13362 = EDGE_LOOP('',(#13363,#13369,#13370,#13371));
#13363 = ORIENTED_EDGE('',*,*,#13364,.T.);
#13364 = EDGE_CURVE('',#5730,#7836,#13365,.T.);
#13365 = LINE('',#13366,#13367);
#13366 = CARTESIAN_POINT('',(13.482026611549,1.811815191926,0.));
#13367 = VECTOR('',#13368,1.);
#13368 = DIRECTION('',(0.,0.,1.));
#13369 = ORIENTED_EDGE('',*,*,#7843,.T.);
#13370 = ORIENTED_EDGE('',*,*,#13327,.F.);
#13371 = ORIENTED_EDGE('',*,*,#5737,.F.);
#13372 = SURFACE_OF_LINEAR_EXTRUSION('',#13373,#13378);
#13373 = B_SPLINE_CURVE_WITH_KNOTS('',3,(#13374,#13375,#13376,#13377),
  .UNSPECIFIED.,.F.,.F.,(4,4),(0.,1.),.PIECEWISE_BEZIER_KNOTS.);
#13374 = CARTESIAN_POINT('',(13.482026611549,1.811815191926,0.));
#13375 = CARTESIAN_POINT('',(13.381254819464,1.81407768365,0.));
#13376 = CARTESIAN_POINT('',(13.077715752304,1.809272756759,0.));
#13377 = CARTESIAN_POINT('',(12.571961173296,1.702023075637,0.));
#13378 = VECTOR('',#13379,1.);
#13379 = DIRECTION('',(-0.,-0.,-1.));
#13380 = ADVANCED_FACE('',(#13381),#13392,.F.);
#13381 = FACE_BOUND('',#13382,.F.);
#13382 = EDGE_LOOP('',(#13383,#13384,#13385,#13391));
#13383 = ORIENTED_EDGE('',*,*,#13349,.T.);
#13384 = ORIENTED_EDGE('',*,*,#7826,.T.);
#13385 = ORIENTED_EDGE('',*,*,#13386,.F.);
#13386 = EDGE_CURVE('',#5721,#7827,#13387,.T.);
#13387 = LINE('',#13388,#13389);
#13388 = CARTESIAN_POINT('',(13.811825551396,1.786760934856,0.));
#13389 = VECTOR('',#13390,1.);
#13390 = DIRECTION('',(0.,0.,1.));
#13391 = ORIENTED_EDGE('',*,*,#5720,.F.);
#13392 = CYLINDRICAL_SURFACE('',#13393,0.76);
#13393 = AXIS2_PLACEMENT_3D('',#13394,#13395,#13396);
#13394 = CARTESIAN_POINT('',(13.885752331423,2.543156883546,0.));
#13395 = DIRECTION('',(0.,0.,-1.));
#13396 = DIRECTION('',(0.993403984198,-0.114667014347,0.));
#13397 = ADVANCED_FACE('',(#13398),#13404,.F.);
#13398 = FACE_BOUND('',#13399,.F.);
#13399 = EDGE_LOOP('',(#13400,#13401,#13402,#13403));
#13400 = ORIENTED_EDGE('',*,*,#13386,.T.);
#13401 = ORIENTED_EDGE('',*,*,#7835,.T.);
#13402 = ORIENTED_EDGE('',*,*,#13364,.F.);
#13403 = ORIENTED_EDGE('',*,*,#5729,.F.);
#13404 = PLANE('',#13405);
#13405 = AXIS2_PLACEMENT_3D('',#13406,#13407,#13408);
#13406 = CARTESIAN_POINT('',(13.811825551396,1.786760934856,0.));
#13407 = DIRECTION('',(-7.575000759185E-02,-0.997126840653,0.));
#13408 = DIRECTION('',(-0.997126840653,7.575000759185E-02,0.));
#13409 = ADVANCED_FACE('',(#13410),#13421,.F.);
#13410 = FACE_BOUND('',#13411,.F.);
#13411 = EDGE_LOOP('',(#13412,#13413,#13419,#13420));
#13412 = ORIENTED_EDGE('',*,*,#9019,.F.);
#13413 = ORIENTED_EDGE('',*,*,#13414,.F.);
#13414 = EDGE_CURVE('',#6778,#9020,#13415,.T.);
#13415 = LINE('',#13416,#13417);
#13416 = CARTESIAN_POINT('',(41.3,-1.298125607096E-15,-1.));
#13417 = VECTOR('',#13418,1.);
#13418 = DIRECTION('',(0.,0.,1.));
#13419 = ORIENTED_EDGE('',*,*,#6777,.T.);
#13420 = ORIENTED_EDGE('',*,*,#13414,.T.);
#13421 = CYLINDRICAL_SURFACE('',#13422,5.3);
#13422 = AXIS2_PLACEMENT_3D('',#13423,#13424,#13425);
#13423 = CARTESIAN_POINT('',(36.,0.,-1.));
#13424 = DIRECTION('',(0.,0.,1.));
#13425 = DIRECTION('',(1.,0.,-0.));
#13426 = ADVANCED_FACE('',(#13427),#13452,.F.);
#13427 = FACE_BOUND('',#13428,.F.);
#13428 = EDGE_LOOP('',(#13429,#13430,#13438,#13446));
#13429 = ORIENTED_EDGE('',*,*,#8883,.F.);
#13430 = ORIENTED_EDGE('',*,*,#13431,.T.);
#13431 = EDGE_CURVE('',#8884,#13432,#13434,.T.);
#13432 = VERTEX_POINT('',#13433);
#13433 = CARTESIAN_POINT('',(31.117580572189,-4.686687328522,11.));
#13434 = LINE('',#13435,#13436);
#13435 = CARTESIAN_POINT('',(31.117580572189,-4.686687328522,6.));
#13436 = VECTOR('',#13437,1.);
#13437 = DIRECTION('',(0.,0.,1.));
#13438 = ORIENTED_EDGE('',*,*,#13439,.T.);
#13439 = EDGE_CURVE('',#13432,#13440,#13442,.T.);
#13440 = VERTEX_POINT('',#13441);
#13441 = CARTESIAN_POINT('',(29.617580572189,-7.284763539875,11.));
#13442 = LINE('',#13443,#13444);
#13443 = CARTESIAN_POINT('',(31.117580572189,-4.686687328522,11.));
#13444 = VECTOR('',#13445,1.);
#13445 = DIRECTION('',(-0.5,-0.866025403784,0.));
#13446 = ORIENTED_EDGE('',*,*,#13447,.F.);
#13447 = EDGE_CURVE('',#8886,#13440,#13448,.T.);
#13448 = LINE('',#13449,#13450);
#13449 = CARTESIAN_POINT('',(29.617580572189,-7.284763539875,6.));
#13450 = VECTOR('',#13451,1.);
#13451 = DIRECTION('',(0.,0.,1.));
#13452 = PLANE('',#13453);
#13453 = AXIS2_PLACEMENT_3D('',#13454,#13455,#13456);
#13454 = CARTESIAN_POINT('',(31.117580572189,-4.686687328522,6.));
#13455 = DIRECTION('',(0.866025403784,-0.5,0.));
#13456 = DIRECTION('',(0.,0.,1.));
#13457 = ADVANCED_FACE('',(#13458),#13476,.T.);
#13458 = FACE_BOUND('',#13459,.T.);
#13459 = EDGE_LOOP('',(#13460,#13461,#13462,#13470));
#13460 = ORIENTED_EDGE('',*,*,#13447,.F.);
#13461 = ORIENTED_EDGE('',*,*,#8909,.T.);
#13462 = ORIENTED_EDGE('',*,*,#13463,.T.);
#13463 = EDGE_CURVE('',#8902,#13464,#13466,.T.);
#13464 = VERTEX_POINT('',#13465);
#13465 = CARTESIAN_POINT('',(32.882419427811,-9.169719132029,11.));
#13466 = LINE('',#13467,#13468);
#13467 = CARTESIAN_POINT('',(32.882419427811,-9.169719132029,6.));
#13468 = VECTOR('',#13469,1.);
#13469 = DIRECTION('',(0.,0.,1.));
#13470 = ORIENTED_EDGE('',*,*,#13471,.F.);
#13471 = EDGE_CURVE('',#13440,#13464,#13472,.T.);
#13472 = LINE('',#13473,#13474);
#13473 = CARTESIAN_POINT('',(29.617580572189,-7.284763539875,11.));
#13474 = VECTOR('',#13475,1.);
#13475 = DIRECTION('',(0.866025403784,-0.5,0.));
#13476 = PLANE('',#13477);
#13477 = AXIS2_PLACEMENT_3D('',#13478,#13479,#13480);
#13478 = CARTESIAN_POINT('',(29.617580572189,-7.284763539875,6.));
#13479 = DIRECTION('',(-0.5,-0.866025403784,0.));
#13480 = DIRECTION('',(0.,0.,1.));
#13481 = ADVANCED_FACE('',(#13482),#13500,.T.);
#13482 = FACE_BOUND('',#13483,.T.);
#13483 = EDGE_LOOP('',(#13484,#13485,#13493,#13499));
#13484 = ORIENTED_EDGE('',*,*,#8901,.F.);
#13485 = ORIENTED_EDGE('',*,*,#13486,.T.);
#13486 = EDGE_CURVE('',#8894,#13487,#13489,.T.);
#13487 = VERTEX_POINT('',#13488);
#13488 = CARTESIAN_POINT('',(34.382419427811,-6.571642920676,11.));
#13489 = LINE('',#13490,#13491);
#13490 = CARTESIAN_POINT('',(34.382419427811,-6.571642920676,6.));
#13491 = VECTOR('',#13492,1.);
#13492 = DIRECTION('',(0.,0.,1.));
#13493 = ORIENTED_EDGE('',*,*,#13494,.T.);
#13494 = EDGE_CURVE('',#13487,#13464,#13495,.T.);
#13495 = LINE('',#13496,#13497);
#13496 = CARTESIAN_POINT('',(34.382419427811,-6.571642920676,11.));
#13497 = VECTOR('',#13498,1.);
#13498 = DIRECTION('',(-0.5,-0.866025403784,0.));
#13499 = ORIENTED_EDGE('',*,*,#13463,.F.);
#13500 = PLANE('',#13501);
#13501 = AXIS2_PLACEMENT_3D('',#13502,#13503,#13504);
#13502 = CARTESIAN_POINT('',(34.382419427811,-6.571642920676,6.));
#13503 = DIRECTION('',(0.866025403784,-0.5,0.));
#13504 = DIRECTION('',(0.,0.,1.));
#13505 = ADVANCED_FACE('',(#13506),#13517,.F.);
#13506 = FACE_BOUND('',#13507,.F.);
#13507 = EDGE_LOOP('',(#13508,#13509,#13510,#13511));
#13508 = ORIENTED_EDGE('',*,*,#13431,.F.);
#13509 = ORIENTED_EDGE('',*,*,#8893,.T.);
#13510 = ORIENTED_EDGE('',*,*,#13486,.T.);
#13511 = ORIENTED_EDGE('',*,*,#13512,.F.);
#13512 = EDGE_CURVE('',#13432,#13487,#13513,.T.);
#13513 = LINE('',#13514,#13515);
#13514 = CARTESIAN_POINT('',(31.117580572189,-4.686687328522,11.));
#13515 = VECTOR('',#13516,1.);
#13516 = DIRECTION('',(0.866025403784,-0.5,0.));
#13517 = PLANE('',#13518);
#13518 = AXIS2_PLACEMENT_3D('',#13519,#13520,#13521);
#13519 = CARTESIAN_POINT('',(31.117580572189,-4.686687328522,6.));
#13520 = DIRECTION('',(-0.5,-0.866025403784,0.));
#13521 = DIRECTION('',(0.,0.,1.));
#13522 = ADVANCED_FACE('',(#13523),#13548,.F.);
#13523 = FACE_BOUND('',#13524,.F.);
#13524 = EDGE_LOOP('',(#13525,#13526,#13534,#13542));
#13525 = ORIENTED_EDGE('',*,*,#8917,.F.);
#13526 = ORIENTED_EDGE('',*,*,#13527,.T.);
#13527 = EDGE_CURVE('',#8918,#13528,#13530,.T.);
#13528 = VERTEX_POINT('',#13529);
#13529 = CARTESIAN_POINT('',(37.617580572189,-6.571642920676,11.));
#13530 = LINE('',#13531,#13532);
#13531 = CARTESIAN_POINT('',(37.617580572189,-6.571642920676,6.));
#13532 = VECTOR('',#13533,1.);
#13533 = DIRECTION('',(0.,0.,1.));
#13534 = ORIENTED_EDGE('',*,*,#13535,.T.);
#13535 = EDGE_CURVE('',#13528,#13536,#13538,.T.);
#13536 = VERTEX_POINT('',#13537);
#13537 = CARTESIAN_POINT('',(39.117580572189,-9.169719132029,11.));
#13538 = LINE('',#13539,#13540);
#13539 = CARTESIAN_POINT('',(37.617580572189,-6.571642920676,11.));
#13540 = VECTOR('',#13541,1.);
#13541 = DIRECTION('',(0.5,-0.866025403784,0.));
#13542 = ORIENTED_EDGE('',*,*,#13543,.F.);
#13543 = EDGE_CURVE('',#8920,#13536,#13544,.T.);
#13544 = LINE('',#13545,#13546);
#13545 = CARTESIAN_POINT('',(39.117580572189,-9.169719132029,6.));
#13546 = VECTOR('',#13547,1.);
#13547 = DIRECTION('',(0.,0.,1.));
#13548 = PLANE('',#13549);
#13549 = AXIS2_PLACEMENT_3D('',#13550,#13551,#13552);
#13550 = CARTESIAN_POINT('',(37.617580572189,-6.571642920676,6.));
#13551 = DIRECTION('',(0.866025403784,0.5,0.));
#13552 = DIRECTION('',(0.,0.,1.));
#13553 = ADVANCED_FACE('',(#13554),#13572,.T.);
#13554 = FACE_BOUND('',#13555,.T.);
#13555 = EDGE_LOOP('',(#13556,#13557,#13558,#13566));
#13556 = ORIENTED_EDGE('',*,*,#13543,.F.);
#13557 = ORIENTED_EDGE('',*,*,#8943,.T.);
#13558 = ORIENTED_EDGE('',*,*,#13559,.T.);
#13559 = EDGE_CURVE('',#8936,#13560,#13562,.T.);
#13560 = VERTEX_POINT('',#13561);
#13561 = CARTESIAN_POINT('',(42.382419427811,-7.284763539875,11.));
#13562 = LINE('',#13563,#13564);
#13563 = CARTESIAN_POINT('',(42.382419427811,-7.284763539875,6.));
#13564 = VECTOR('',#13565,1.);
#13565 = DIRECTION('',(0.,0.,1.));
#13566 = ORIENTED_EDGE('',*,*,#13567,.F.);
#13567 = EDGE_CURVE('',#13536,#13560,#13568,.T.);
#13568 = LINE('',#13569,#13570);
#13569 = CARTESIAN_POINT('',(39.117580572189,-9.169719132029,11.));
#13570 = VECTOR('',#13571,1.);
#13571 = DIRECTION('',(0.866025403784,0.5,0.));
#13572 = PLANE('',#13573);
#13573 = AXIS2_PLACEMENT_3D('',#13574,#13575,#13576);
#13574 = CARTESIAN_POINT('',(39.117580572189,-9.169719132029,6.));
#13575 = DIRECTION('',(0.5,-0.866025403784,0.));
#13576 = DIRECTION('',(0.,0.,1.));
#13577 = ADVANCED_FACE('',(#13578),#13596,.T.);
#13578 = FACE_BOUND('',#13579,.T.);
#13579 = EDGE_LOOP('',(#13580,#13581,#13589,#13595));
#13580 = ORIENTED_EDGE('',*,*,#8935,.F.);
#13581 = ORIENTED_EDGE('',*,*,#13582,.T.);
#13582 = EDGE_CURVE('',#8928,#13583,#13585,.T.);
#13583 = VERTEX_POINT('',#13584);
#13584 = CARTESIAN_POINT('',(40.882419427811,-4.686687328522,11.));
#13585 = LINE('',#13586,#13587);
#13586 = CARTESIAN_POINT('',(40.882419427811,-4.686687328522,6.));
#13587 = VECTOR('',#13588,1.);
#13588 = DIRECTION('',(0.,0.,1.));
#13589 = ORIENTED_EDGE('',*,*,#13590,.T.);
#13590 = EDGE_CURVE('',#13583,#13560,#13591,.T.);
#13591 = LINE('',#13592,#13593);
#13592 = CARTESIAN_POINT('',(40.882419427811,-4.686687328522,11.));
#13593 = VECTOR('',#13594,1.);
#13594 = DIRECTION('',(0.5,-0.866025403784,0.));
#13595 = ORIENTED_EDGE('',*,*,#13559,.F.);
#13596 = PLANE('',#13597);
#13597 = AXIS2_PLACEMENT_3D('',#13598,#13599,#13600);
#13598 = CARTESIAN_POINT('',(40.882419427811,-4.686687328522,6.));
#13599 = DIRECTION('',(0.866025403784,0.5,0.));
#13600 = DIRECTION('',(0.,0.,1.));
#13601 = ADVANCED_FACE('',(#13602),#13613,.F.);
#13602 = FACE_BOUND('',#13603,.F.);
#13603 = EDGE_LOOP('',(#13604,#13605,#13606,#13607));
#13604 = ORIENTED_EDGE('',*,*,#13527,.F.);
#13605 = ORIENTED_EDGE('',*,*,#8927,.T.);
#13606 = ORIENTED_EDGE('',*,*,#13582,.T.);
#13607 = ORIENTED_EDGE('',*,*,#13608,.F.);
#13608 = EDGE_CURVE('',#13528,#13583,#13609,.T.);
#13609 = LINE('',#13610,#13611);
#13610 = CARTESIAN_POINT('',(37.617580572189,-6.571642920676,11.));
#13611 = VECTOR('',#13612,1.);
#13612 = DIRECTION('',(0.866025403784,0.5,0.));
#13613 = PLANE('',#13614);
#13614 = AXIS2_PLACEMENT_3D('',#13615,#13616,#13617);
#13615 = CARTESIAN_POINT('',(37.617580572189,-6.571642920676,6.));
#13616 = DIRECTION('',(0.5,-0.866025403784,0.));
#13617 = DIRECTION('',(0.,0.,1.));
#13618 = ADVANCED_FACE('',(#13619),#13644,.F.);
#13619 = FACE_BOUND('',#13620,.F.);
#13620 = EDGE_LOOP('',(#13621,#13622,#13630,#13638));
#13621 = ORIENTED_EDGE('',*,*,#8951,.F.);
#13622 = ORIENTED_EDGE('',*,*,#13623,.T.);
#13623 = EDGE_CURVE('',#8952,#13624,#13626,.T.);
#13624 = VERTEX_POINT('',#13625);
#13625 = CARTESIAN_POINT('',(29.5,1.884955592154,11.));
#13626 = LINE('',#13627,#13628);
#13627 = CARTESIAN_POINT('',(29.5,1.884955592154,6.));
#13628 = VECTOR('',#13629,1.);
#13629 = DIRECTION('',(0.,0.,1.));
#13630 = ORIENTED_EDGE('',*,*,#13631,.T.);
#13631 = EDGE_CURVE('',#13624,#13632,#13634,.T.);
#13632 = VERTEX_POINT('',#13633);
#13633 = CARTESIAN_POINT('',(26.5,1.884955592154,11.));
#13634 = LINE('',#13635,#13636);
#13635 = CARTESIAN_POINT('',(29.5,1.884955592154,11.));
#13636 = VECTOR('',#13637,1.);
#13637 = DIRECTION('',(-1.,1.224646799147E-16,0.));
#13638 = ORIENTED_EDGE('',*,*,#13639,.F.);
#13639 = EDGE_CURVE('',#8954,#13632,#13640,.T.);
#13640 = LINE('',#13641,#13642);
#13641 = CARTESIAN_POINT('',(26.5,1.884955592154,6.));
#13642 = VECTOR('',#13643,1.);
#13643 = DIRECTION('',(0.,0.,1.));
#13644 = PLANE('',#13645);
#13645 = AXIS2_PLACEMENT_3D('',#13646,#13647,#13648);
#13646 = CARTESIAN_POINT('',(29.5,1.884955592154,6.));
#13647 = DIRECTION('',(-1.224646799147E-16,-1.,0.));
#13648 = DIRECTION('',(0.,0.,1.));
#13649 = ADVANCED_FACE('',(#13650),#13668,.T.);
#13650 = FACE_BOUND('',#13651,.T.);
#13651 = EDGE_LOOP('',(#13652,#13653,#13654,#13662));
#13652 = ORIENTED_EDGE('',*,*,#13639,.F.);
#13653 = ORIENTED_EDGE('',*,*,#8977,.T.);
#13654 = ORIENTED_EDGE('',*,*,#13655,.T.);
#13655 = EDGE_CURVE('',#8970,#13656,#13658,.T.);
#13656 = VERTEX_POINT('',#13657);
#13657 = CARTESIAN_POINT('',(26.5,-1.884955592154,11.));
#13658 = LINE('',#13659,#13660);
#13659 = CARTESIAN_POINT('',(26.5,-1.884955592154,6.));
#13660 = VECTOR('',#13661,1.);
#13661 = DIRECTION('',(0.,0.,1.));
#13662 = ORIENTED_EDGE('',*,*,#13663,.F.);
#13663 = EDGE_CURVE('',#13632,#13656,#13664,.T.);
#13664 = LINE('',#13665,#13666);
#13665 = CARTESIAN_POINT('',(26.5,1.884955592154,11.));
#13666 = VECTOR('',#13667,1.);
#13667 = DIRECTION('',(-1.224646799147E-16,-1.,0.));
#13668 = PLANE('',#13669);
#13669 = AXIS2_PLACEMENT_3D('',#13670,#13671,#13672);
#13670 = CARTESIAN_POINT('',(26.5,1.884955592154,6.));
#13671 = DIRECTION('',(-1.,1.224646799147E-16,0.));
#13672 = DIRECTION('',(0.,0.,1.));
#13673 = ADVANCED_FACE('',(#13674),#13692,.T.);
#13674 = FACE_BOUND('',#13675,.T.);
#13675 = EDGE_LOOP('',(#13676,#13677,#13685,#13691));
#13676 = ORIENTED_EDGE('',*,*,#8969,.F.);
#13677 = ORIENTED_EDGE('',*,*,#13678,.T.);
#13678 = EDGE_CURVE('',#8962,#13679,#13681,.T.);
#13679 = VERTEX_POINT('',#13680);
#13680 = CARTESIAN_POINT('',(29.5,-1.884955592154,11.));
#13681 = LINE('',#13682,#13683);
#13682 = CARTESIAN_POINT('',(29.5,-1.884955592154,6.));
#13683 = VECTOR('',#13684,1.);
#13684 = DIRECTION('',(0.,0.,1.));
#13685 = ORIENTED_EDGE('',*,*,#13686,.T.);
#13686 = EDGE_CURVE('',#13679,#13656,#13687,.T.);
#13687 = LINE('',#13688,#13689);
#13688 = CARTESIAN_POINT('',(29.5,-1.884955592154,11.));
#13689 = VECTOR('',#13690,1.);
#13690 = DIRECTION('',(-1.,1.224646799147E-16,0.));
#13691 = ORIENTED_EDGE('',*,*,#13655,.F.);
#13692 = PLANE('',#13693);
#13693 = AXIS2_PLACEMENT_3D('',#13694,#13695,#13696);
#13694 = CARTESIAN_POINT('',(29.5,-1.884955592154,6.));
#13695 = DIRECTION('',(-1.224646799147E-16,-1.,0.));
#13696 = DIRECTION('',(0.,0.,1.));
#13697 = ADVANCED_FACE('',(#13698),#13709,.F.);
#13698 = FACE_BOUND('',#13699,.F.);
#13699 = EDGE_LOOP('',(#13700,#13701,#13702,#13703));
#13700 = ORIENTED_EDGE('',*,*,#13623,.F.);
#13701 = ORIENTED_EDGE('',*,*,#8961,.T.);
#13702 = ORIENTED_EDGE('',*,*,#13678,.T.);
#13703 = ORIENTED_EDGE('',*,*,#13704,.F.);
#13704 = EDGE_CURVE('',#13624,#13679,#13705,.T.);
#13705 = LINE('',#13706,#13707);
#13706 = CARTESIAN_POINT('',(29.5,1.884955592154,11.));
#13707 = VECTOR('',#13708,1.);
#13708 = DIRECTION('',(-1.224646799147E-16,-1.,0.));
#13709 = PLANE('',#13710);
#13710 = AXIS2_PLACEMENT_3D('',#13711,#13712,#13713);
#13711 = CARTESIAN_POINT('',(29.5,1.884955592154,6.));
#13712 = DIRECTION('',(-1.,1.224646799147E-16,0.));
#13713 = DIRECTION('',(0.,0.,1.));
#13714 = ADVANCED_FACE('',(#13715),#13740,.F.);
#13715 = FACE_BOUND('',#13716,.F.);
#13716 = EDGE_LOOP('',(#13717,#13718,#13726,#13734));
#13717 = ORIENTED_EDGE('',*,*,#8985,.F.);
#13718 = ORIENTED_EDGE('',*,*,#13719,.T.);
#13719 = EDGE_CURVE('',#8986,#13720,#13722,.T.);
#13720 = VERTEX_POINT('',#13721);
#13721 = CARTESIAN_POINT('',(34.382419427811,6.571642920676,11.));
#13722 = LINE('',#13723,#13724);
#13723 = CARTESIAN_POINT('',(34.382419427811,6.571642920676,6.));
#13724 = VECTOR('',#13725,1.);
#13725 = DIRECTION('',(0.,0.,1.));
#13726 = ORIENTED_EDGE('',*,*,#13727,.T.);
#13727 = EDGE_CURVE('',#13720,#13728,#13730,.T.);
#13728 = VERTEX_POINT('',#13729);
#13729 = CARTESIAN_POINT('',(32.882419427811,9.169719132029,11.));
#13730 = LINE('',#13731,#13732);
#13731 = CARTESIAN_POINT('',(34.382419427811,6.571642920676,11.));
#13732 = VECTOR('',#13733,1.);
#13733 = DIRECTION('',(-0.5,0.866025403784,0.));
#13734 = ORIENTED_EDGE('',*,*,#13735,.F.);
#13735 = EDGE_CURVE('',#8988,#13728,#13736,.T.);
#13736 = LINE('',#13737,#13738);
#13737 = CARTESIAN_POINT('',(32.882419427811,9.169719132029,6.));
#13738 = VECTOR('',#13739,1.);
#13739 = DIRECTION('',(0.,0.,1.));
#13740 = PLANE('',#13741);
#13741 = AXIS2_PLACEMENT_3D('',#13742,#13743,#13744);
#13742 = CARTESIAN_POINT('',(34.382419427811,6.571642920676,6.));
#13743 = DIRECTION('',(-0.866025403784,-0.5,0.));
#13744 = DIRECTION('',(0.,0.,1.));
#13745 = ADVANCED_FACE('',(#13746),#13764,.T.);
#13746 = FACE_BOUND('',#13747,.T.);
#13747 = EDGE_LOOP('',(#13748,#13749,#13750,#13758));
#13748 = ORIENTED_EDGE('',*,*,#13735,.F.);
#13749 = ORIENTED_EDGE('',*,*,#9011,.T.);
#13750 = ORIENTED_EDGE('',*,*,#13751,.T.);
#13751 = EDGE_CURVE('',#9004,#13752,#13754,.T.);
#13752 = VERTEX_POINT('',#13753);
#13753 = CARTESIAN_POINT('',(29.617580572189,7.284763539875,11.));
#13754 = LINE('',#13755,#13756);
#13755 = CARTESIAN_POINT('',(29.617580572189,7.284763539875,6.));
#13756 = VECTOR('',#13757,1.);
#13757 = DIRECTION('',(0.,0.,1.));
#13758 = ORIENTED_EDGE('',*,*,#13759,.F.);
#13759 = EDGE_CURVE('',#13728,#13752,#13760,.T.);
#13760 = LINE('',#13761,#13762);
#13761 = CARTESIAN_POINT('',(32.882419427811,9.169719132029,11.));
#13762 = VECTOR('',#13763,1.);
#13763 = DIRECTION('',(-0.866025403784,-0.5,0.));
#13764 = PLANE('',#13765);
#13765 = AXIS2_PLACEMENT_3D('',#13766,#13767,#13768);
#13766 = CARTESIAN_POINT('',(32.882419427811,9.169719132029,6.));
#13767 = DIRECTION('',(-0.5,0.866025403784,0.));
#13768 = DIRECTION('',(0.,0.,1.));
#13769 = ADVANCED_FACE('',(#13770),#13788,.T.);
#13770 = FACE_BOUND('',#13771,.T.);
#13771 = EDGE_LOOP('',(#13772,#13773,#13781,#13787));
#13772 = ORIENTED_EDGE('',*,*,#9003,.F.);
#13773 = ORIENTED_EDGE('',*,*,#13774,.T.);
#13774 = EDGE_CURVE('',#8996,#13775,#13777,.T.);
#13775 = VERTEX_POINT('',#13776);
#13776 = CARTESIAN_POINT('',(31.117580572189,4.686687328522,11.));
#13777 = LINE('',#13778,#13779);
#13778 = CARTESIAN_POINT('',(31.117580572189,4.686687328522,6.));
#13779 = VECTOR('',#13780,1.);
#13780 = DIRECTION('',(0.,0.,1.));
#13781 = ORIENTED_EDGE('',*,*,#13782,.T.);
#13782 = EDGE_CURVE('',#13775,#13752,#13783,.T.);
#13783 = LINE('',#13784,#13785);
#13784 = CARTESIAN_POINT('',(31.117580572189,4.686687328522,11.));
#13785 = VECTOR('',#13786,1.);
#13786 = DIRECTION('',(-0.5,0.866025403784,0.));
#13787 = ORIENTED_EDGE('',*,*,#13751,.F.);
#13788 = PLANE('',#13789);
#13789 = AXIS2_PLACEMENT_3D('',#13790,#13791,#13792);
#13790 = CARTESIAN_POINT('',(31.117580572189,4.686687328522,6.));
#13791 = DIRECTION('',(-0.866025403784,-0.5,0.));
#13792 = DIRECTION('',(0.,0.,1.));
#13793 = ADVANCED_FACE('',(#13794),#13805,.F.);
#13794 = FACE_BOUND('',#13795,.F.);
#13795 = EDGE_LOOP('',(#13796,#13797,#13798,#13799));
#13796 = ORIENTED_EDGE('',*,*,#13719,.F.);
#13797 = ORIENTED_EDGE('',*,*,#8995,.T.);
#13798 = ORIENTED_EDGE('',*,*,#13774,.T.);
#13799 = ORIENTED_EDGE('',*,*,#13800,.F.);
#13800 = EDGE_CURVE('',#13720,#13775,#13801,.T.);
#13801 = LINE('',#13802,#13803);
#13802 = CARTESIAN_POINT('',(34.382419427811,6.571642920676,11.));
#13803 = VECTOR('',#13804,1.);
#13804 = DIRECTION('',(-0.866025403784,-0.5,0.));
#13805 = PLANE('',#13806);
#13806 = AXIS2_PLACEMENT_3D('',#13807,#13808,#13809);
#13807 = CARTESIAN_POINT('',(34.382419427811,6.571642920676,6.));
#13808 = DIRECTION('',(-0.5,0.866025403784,0.));
#13809 = DIRECTION('',(0.,0.,1.));
#13810 = ADVANCED_FACE('',(#13811),#13836,.F.);
#13811 = FACE_BOUND('',#13812,.F.);
#13812 = EDGE_LOOP('',(#13813,#13814,#13822,#13830));
#13813 = ORIENTED_EDGE('',*,*,#9030,.F.);
#13814 = ORIENTED_EDGE('',*,*,#13815,.T.);
#13815 = EDGE_CURVE('',#9031,#13816,#13818,.T.);
#13816 = VERTEX_POINT('',#13817);
#13817 = CARTESIAN_POINT('',(42.5,-1.884955592154,11.));
#13818 = LINE('',#13819,#13820);
#13819 = CARTESIAN_POINT('',(42.5,-1.884955592154,6.));
#13820 = VECTOR('',#13821,1.);
#13821 = DIRECTION('',(0.,0.,1.));
#13822 = ORIENTED_EDGE('',*,*,#13823,.T.);
#13823 = EDGE_CURVE('',#13816,#13824,#13826,.T.);
#13824 = VERTEX_POINT('',#13825);
#13825 = CARTESIAN_POINT('',(45.5,-1.884955592154,11.));
#13826 = LINE('',#13827,#13828);
#13827 = CARTESIAN_POINT('',(42.5,-1.884955592154,11.));
#13828 = VECTOR('',#13829,1.);
#13829 = DIRECTION('',(1.,0.,0.));
#13830 = ORIENTED_EDGE('',*,*,#13831,.F.);
#13831 = EDGE_CURVE('',#9033,#13824,#13832,.T.);
#13832 = LINE('',#13833,#13834);
#13833 = CARTESIAN_POINT('',(45.5,-1.884955592154,6.));
#13834 = VECTOR('',#13835,1.);
#13835 = DIRECTION('',(0.,0.,1.));
#13836 = PLANE('',#13837);
#13837 = AXIS2_PLACEMENT_3D('',#13838,#13839,#13840);
#13838 = CARTESIAN_POINT('',(42.5,-1.884955592154,6.));
#13839 = DIRECTION('',(0.,1.,0.));
#13840 = DIRECTION('',(0.,0.,1.));
#13841 = ADVANCED_FACE('',(#13842),#13860,.T.);
#13842 = FACE_BOUND('',#13843,.T.);
#13843 = EDGE_LOOP('',(#13844,#13845,#13846,#13854));
#13844 = ORIENTED_EDGE('',*,*,#13831,.F.);
#13845 = ORIENTED_EDGE('',*,*,#9056,.T.);
#13846 = ORIENTED_EDGE('',*,*,#13847,.T.);
#13847 = EDGE_CURVE('',#9049,#13848,#13850,.T.);
#13848 = VERTEX_POINT('',#13849);
#13849 = CARTESIAN_POINT('',(45.5,1.884955592154,11.));
#13850 = LINE('',#13851,#13852);
#13851 = CARTESIAN_POINT('',(45.5,1.884955592154,6.));
#13852 = VECTOR('',#13853,1.);
#13853 = DIRECTION('',(0.,0.,1.));
#13854 = ORIENTED_EDGE('',*,*,#13855,.F.);
#13855 = EDGE_CURVE('',#13824,#13848,#13856,.T.);
#13856 = LINE('',#13857,#13858);
#13857 = CARTESIAN_POINT('',(45.5,-1.884955592154,11.));
#13858 = VECTOR('',#13859,1.);
#13859 = DIRECTION('',(0.,1.,0.));
#13860 = PLANE('',#13861);
#13861 = AXIS2_PLACEMENT_3D('',#13862,#13863,#13864);
#13862 = CARTESIAN_POINT('',(45.5,-1.884955592154,6.));
#13863 = DIRECTION('',(1.,0.,0.));
#13864 = DIRECTION('',(0.,0.,1.));
#13865 = ADVANCED_FACE('',(#13866),#13884,.T.);
#13866 = FACE_BOUND('',#13867,.T.);
#13867 = EDGE_LOOP('',(#13868,#13869,#13877,#13883));
#13868 = ORIENTED_EDGE('',*,*,#9048,.F.);
#13869 = ORIENTED_EDGE('',*,*,#13870,.T.);
#13870 = EDGE_CURVE('',#9041,#13871,#13873,.T.);
#13871 = VERTEX_POINT('',#13872);
#13872 = CARTESIAN_POINT('',(42.5,1.884955592154,11.));
#13873 = LINE('',#13874,#13875);
#13874 = CARTESIAN_POINT('',(42.5,1.884955592154,6.));
#13875 = VECTOR('',#13876,1.);
#13876 = DIRECTION('',(0.,0.,1.));
#13877 = ORIENTED_EDGE('',*,*,#13878,.T.);
#13878 = EDGE_CURVE('',#13871,#13848,#13879,.T.);
#13879 = LINE('',#13880,#13881);
#13880 = CARTESIAN_POINT('',(42.5,1.884955592154,11.));
#13881 = VECTOR('',#13882,1.);
#13882 = DIRECTION('',(1.,0.,0.));
#13883 = ORIENTED_EDGE('',*,*,#13847,.F.);
#13884 = PLANE('',#13885);
#13885 = AXIS2_PLACEMENT_3D('',#13886,#13887,#13888);
#13886 = CARTESIAN_POINT('',(42.5,1.884955592154,6.));
#13887 = DIRECTION('',(0.,1.,0.));
#13888 = DIRECTION('',(0.,0.,1.));
#13889 = ADVANCED_FACE('',(#13890),#13901,.F.);
#13890 = FACE_BOUND('',#13891,.F.);
#13891 = EDGE_LOOP('',(#13892,#13893,#13894,#13895));
#13892 = ORIENTED_EDGE('',*,*,#13815,.F.);
#13893 = ORIENTED_EDGE('',*,*,#9040,.T.);
#13894 = ORIENTED_EDGE('',*,*,#13870,.T.);
#13895 = ORIENTED_EDGE('',*,*,#13896,.F.);
#13896 = EDGE_CURVE('',#13816,#13871,#13897,.T.);
#13897 = LINE('',#13898,#13899);
#13898 = CARTESIAN_POINT('',(42.5,-1.884955592154,11.));
#13899 = VECTOR('',#13900,1.);
#13900 = DIRECTION('',(0.,1.,0.));
#13901 = PLANE('',#13902);
#13902 = AXIS2_PLACEMENT_3D('',#13903,#13904,#13905);
#13903 = CARTESIAN_POINT('',(42.5,-1.884955592154,6.));
#13904 = DIRECTION('',(1.,0.,0.));
#13905 = DIRECTION('',(0.,0.,1.));
#13906 = ADVANCED_FACE('',(#13907),#13932,.F.);
#13907 = FACE_BOUND('',#13908,.F.);
#13908 = EDGE_LOOP('',(#13909,#13910,#13918,#13926));
#13909 = ORIENTED_EDGE('',*,*,#9064,.F.);
#13910 = ORIENTED_EDGE('',*,*,#13911,.T.);
#13911 = EDGE_CURVE('',#9065,#13912,#13914,.T.);
#13912 = VERTEX_POINT('',#13913);
#13913 = CARTESIAN_POINT('',(40.882419427811,4.686687328522,11.));
#13914 = LINE('',#13915,#13916);
#13915 = CARTESIAN_POINT('',(40.882419427811,4.686687328522,6.));
#13916 = VECTOR('',#13917,1.);
#13917 = DIRECTION('',(0.,0.,1.));
#13918 = ORIENTED_EDGE('',*,*,#13919,.T.);
#13919 = EDGE_CURVE('',#13912,#13920,#13922,.T.);
#13920 = VERTEX_POINT('',#13921);
#13921 = CARTESIAN_POINT('',(42.382419427811,7.284763539875,11.));
#13922 = LINE('',#13923,#13924);
#13923 = CARTESIAN_POINT('',(40.882419427811,4.686687328522,11.));
#13924 = VECTOR('',#13925,1.);
#13925 = DIRECTION('',(0.5,0.866025403784,0.));
#13926 = ORIENTED_EDGE('',*,*,#13927,.F.);
#13927 = EDGE_CURVE('',#9067,#13920,#13928,.T.);
#13928 = LINE('',#13929,#13930);
#13929 = CARTESIAN_POINT('',(42.382419427811,7.284763539875,6.));
#13930 = VECTOR('',#13931,1.);
#13931 = DIRECTION('',(0.,0.,1.));
#13932 = PLANE('',#13933);
#13933 = AXIS2_PLACEMENT_3D('',#13934,#13935,#13936);
#13934 = CARTESIAN_POINT('',(40.882419427811,4.686687328522,6.));
#13935 = DIRECTION('',(-0.866025403784,0.5,0.));
#13936 = DIRECTION('',(0.,0.,1.));
#13937 = ADVANCED_FACE('',(#13938),#13956,.T.);
#13938 = FACE_BOUND('',#13939,.T.);
#13939 = EDGE_LOOP('',(#13940,#13941,#13942,#13950));
#13940 = ORIENTED_EDGE('',*,*,#13927,.F.);
#13941 = ORIENTED_EDGE('',*,*,#9090,.T.);
#13942 = ORIENTED_EDGE('',*,*,#13943,.T.);
#13943 = EDGE_CURVE('',#9083,#13944,#13946,.T.);
#13944 = VERTEX_POINT('',#13945);
#13945 = CARTESIAN_POINT('',(39.117580572189,9.169719132029,11.));
#13946 = LINE('',#13947,#13948);
#13947 = CARTESIAN_POINT('',(39.117580572189,9.169719132029,6.));
#13948 = VECTOR('',#13949,1.);
#13949 = DIRECTION('',(0.,0.,1.));
#13950 = ORIENTED_EDGE('',*,*,#13951,.F.);
#13951 = EDGE_CURVE('',#13920,#13944,#13952,.T.);
#13952 = LINE('',#13953,#13954);
#13953 = CARTESIAN_POINT('',(42.382419427811,7.284763539875,11.));
#13954 = VECTOR('',#13955,1.);
#13955 = DIRECTION('',(-0.866025403784,0.5,0.));
#13956 = PLANE('',#13957);
#13957 = AXIS2_PLACEMENT_3D('',#13958,#13959,#13960);
#13958 = CARTESIAN_POINT('',(42.382419427811,7.284763539875,6.));
#13959 = DIRECTION('',(0.5,0.866025403784,0.));
#13960 = DIRECTION('',(0.,0.,1.));
#13961 = ADVANCED_FACE('',(#13962),#13980,.T.);
#13962 = FACE_BOUND('',#13963,.T.);
#13963 = EDGE_LOOP('',(#13964,#13965,#13973,#13979));
#13964 = ORIENTED_EDGE('',*,*,#9082,.F.);
#13965 = ORIENTED_EDGE('',*,*,#13966,.T.);
#13966 = EDGE_CURVE('',#9075,#13967,#13969,.T.);
#13967 = VERTEX_POINT('',#13968);
#13968 = CARTESIAN_POINT('',(37.617580572189,6.571642920676,11.));
#13969 = LINE('',#13970,#13971);
#13970 = CARTESIAN_POINT('',(37.617580572189,6.571642920676,6.));
#13971 = VECTOR('',#13972,1.);
#13972 = DIRECTION('',(0.,0.,1.));
#13973 = ORIENTED_EDGE('',*,*,#13974,.T.);
#13974 = EDGE_CURVE('',#13967,#13944,#13975,.T.);
#13975 = LINE('',#13976,#13977);
#13976 = CARTESIAN_POINT('',(37.617580572189,6.571642920676,11.));
#13977 = VECTOR('',#13978,1.);
#13978 = DIRECTION('',(0.5,0.866025403784,0.));
#13979 = ORIENTED_EDGE('',*,*,#13943,.F.);
#13980 = PLANE('',#13981);
#13981 = AXIS2_PLACEMENT_3D('',#13982,#13983,#13984);
#13982 = CARTESIAN_POINT('',(37.617580572189,6.571642920676,6.));
#13983 = DIRECTION('',(-0.866025403784,0.5,0.));
#13984 = DIRECTION('',(0.,0.,1.));
#13985 = ADVANCED_FACE('',(#13986),#13997,.F.);
#13986 = FACE_BOUND('',#13987,.F.);
#13987 = EDGE_LOOP('',(#13988,#13989,#13990,#13991));
#13988 = ORIENTED_EDGE('',*,*,#13911,.F.);
#13989 = ORIENTED_EDGE('',*,*,#9074,.T.);
#13990 = ORIENTED_EDGE('',*,*,#13966,.T.);
#13991 = ORIENTED_EDGE('',*,*,#13992,.F.);
#13992 = EDGE_CURVE('',#13912,#13967,#13993,.T.);
#13993 = LINE('',#13994,#13995);
#13994 = CARTESIAN_POINT('',(40.882419427811,4.686687328522,11.));
#13995 = VECTOR('',#13996,1.);
#13996 = DIRECTION('',(-0.866025403784,0.5,0.));
#13997 = PLANE('',#13998);
#13998 = AXIS2_PLACEMENT_3D('',#13999,#14000,#14001);
#13999 = CARTESIAN_POINT('',(40.882419427811,4.686687328522,6.));
#14000 = DIRECTION('',(0.5,0.866025403784,0.));
#14001 = DIRECTION('',(0.,0.,1.));
#14002 = ADVANCED_FACE('',(#14003),#14009,.T.);
#14003 = FACE_BOUND('',#14004,.T.);
#14004 = EDGE_LOOP('',(#14005,#14006,#14007,#14008));
#14005 = ORIENTED_EDGE('',*,*,#13512,.F.);
#14006 = ORIENTED_EDGE('',*,*,#13439,.T.);
#14007 = ORIENTED_EDGE('',*,*,#13471,.T.);
#14008 = ORIENTED_EDGE('',*,*,#13494,.F.);
#14009 = PLANE('',#14010);
#14010 = AXIS2_PLACEMENT_3D('',#14011,#14012,#14013);
#14011 = CARTESIAN_POINT('',(31.117580572189,-4.686687328522,11.));
#14012 = DIRECTION('',(0.,0.,1.));
#14013 = DIRECTION('',(-0.5,-0.866025403784,0.));
#14014 = ADVANCED_FACE('',(#14015),#14021,.T.);
#14015 = FACE_BOUND('',#14016,.T.);
#14016 = EDGE_LOOP('',(#14017,#14018,#14019,#14020));
#14017 = ORIENTED_EDGE('',*,*,#13608,.F.);
#14018 = ORIENTED_EDGE('',*,*,#13535,.T.);
#14019 = ORIENTED_EDGE('',*,*,#13567,.T.);
#14020 = ORIENTED_EDGE('',*,*,#13590,.F.);
#14021 = PLANE('',#14022);
#14022 = AXIS2_PLACEMENT_3D('',#14023,#14024,#14025);
#14023 = CARTESIAN_POINT('',(37.617580572189,-6.571642920676,11.));
#14024 = DIRECTION('',(0.,0.,1.));
#14025 = DIRECTION('',(0.5,-0.866025403784,0.));
#14026 = ADVANCED_FACE('',(#14027),#14033,.T.);
#14027 = FACE_BOUND('',#14028,.T.);
#14028 = EDGE_LOOP('',(#14029,#14030,#14031,#14032));
#14029 = ORIENTED_EDGE('',*,*,#13704,.F.);
#14030 = ORIENTED_EDGE('',*,*,#13631,.T.);
#14031 = ORIENTED_EDGE('',*,*,#13663,.T.);
#14032 = ORIENTED_EDGE('',*,*,#13686,.F.);
#14033 = PLANE('',#14034);
#14034 = AXIS2_PLACEMENT_3D('',#14035,#14036,#14037);
#14035 = CARTESIAN_POINT('',(29.5,1.884955592154,11.));
#14036 = DIRECTION('',(0.,0.,1.));
#14037 = DIRECTION('',(-1.,1.224646799147E-16,0.));
#14038 = ADVANCED_FACE('',(#14039),#14045,.T.);
#14039 = FACE_BOUND('',#14040,.T.);
#14040 = EDGE_LOOP('',(#14041,#14042,#14043,#14044));
#14041 = ORIENTED_EDGE('',*,*,#13800,.F.);
#14042 = ORIENTED_EDGE('',*,*,#13727,.T.);
#14043 = ORIENTED_EDGE('',*,*,#13759,.T.);
#14044 = ORIENTED_EDGE('',*,*,#13782,.F.);
#14045 = PLANE('',#14046);
#14046 = AXIS2_PLACEMENT_3D('',#14047,#14048,#14049);
#14047 = CARTESIAN_POINT('',(34.382419427811,6.571642920676,11.));
#14048 = DIRECTION('',(0.,0.,1.));
#14049 = DIRECTION('',(-0.5,0.866025403784,0.));
#14050 = ADVANCED_FACE('',(#14051),#14057,.T.);
#14051 = FACE_BOUND('',#14052,.T.);
#14052 = EDGE_LOOP('',(#14053,#14054,#14055,#14056));
#14053 = ORIENTED_EDGE('',*,*,#13896,.F.);
#14054 = ORIENTED_EDGE('',*,*,#13823,.T.);
#14055 = ORIENTED_EDGE('',*,*,#13855,.T.);
#14056 = ORIENTED_EDGE('',*,*,#13878,.F.);
#14057 = PLANE('',#14058);
#14058 = AXIS2_PLACEMENT_3D('',#14059,#14060,#14061);
#14059 = CARTESIAN_POINT('',(42.5,-1.884955592154,11.));
#14060 = DIRECTION('',(0.,0.,1.));
#14061 = DIRECTION('',(1.,0.,0.));
#14062 = ADVANCED_FACE('',(#14063),#14069,.T.);
#14063 = FACE_BOUND('',#14064,.T.);
#14064 = EDGE_LOOP('',(#14065,#14066,#14067,#14068));
#14065 = ORIENTED_EDGE('',*,*,#13992,.F.);
#14066 = ORIENTED_EDGE('',*,*,#13919,.T.);
#14067 = ORIENTED_EDGE('',*,*,#13951,.T.);
#14068 = ORIENTED_EDGE('',*,*,#13974,.F.);
#14069 = PLANE('',#14070);
#14070 = AXIS2_PLACEMENT_3D('',#14071,#14072,#14073);
#14071 = CARTESIAN_POINT('',(40.882419427811,4.686687328522,11.));
#14072 = DIRECTION('',(0.,0.,1.));
#14073 = DIRECTION('',(0.5,0.866025403784,0.));
#14074 = MANIFOLD_SOLID_BREP('',#14075);
#14075 = CLOSED_SHELL('',(#14076,#14109,#14137,#14369,#14391,#14403,
    #14434,#14458,#14482,#14499,#14530,#14554,#14578,#14595,#14626,
    #14650,#14674,#14691,#14722,#14746,#14770,#14787,#14818,#14842,
    #14866,#14883,#14914,#14938,#14962,#14979,#14991,#15003,#15015,
    #15027,#15039));
#14076 = ADVANCED_FACE('',(#14077),#14104,.T.);
#14077 = FACE_BOUND('',#14078,.T.);
#14078 = EDGE_LOOP('',(#14079,#14088,#14096,#14103));
#14079 = ORIENTED_EDGE('',*,*,#14080,.F.);
#14080 = EDGE_CURVE('',#14081,#14081,#14083,.T.);
#14081 = VERTEX_POINT('',#14082);
#14082 = CARTESIAN_POINT('',(46.,-2.449293598295E-15,17.));
#14083 = CIRCLE('',#14084,10.);
#14084 = AXIS2_PLACEMENT_3D('',#14085,#14086,#14087);
#14085 = CARTESIAN_POINT('',(36.,0.,17.));
#14086 = DIRECTION('',(0.,0.,1.));
#14087 = DIRECTION('',(1.,0.,-0.));
#14088 = ORIENTED_EDGE('',*,*,#14089,.F.);
#14089 = EDGE_CURVE('',#14090,#14081,#14092,.T.);
#14090 = VERTEX_POINT('',#14091);
#14091 = CARTESIAN_POINT('',(46.,-2.449293598295E-15,11.));
#14092 = LINE('',#14093,#14094);
#14093 = CARTESIAN_POINT('',(46.,-2.449293598295E-15,11.));
#14094 = VECTOR('',#14095,1.);
#14095 = DIRECTION('',(0.,0.,1.));
#14096 = ORIENTED_EDGE('',*,*,#14097,.T.);
#14097 = EDGE_CURVE('',#14090,#14090,#14098,.T.);
#14098 = CIRCLE('',#14099,10.);
#14099 = AXIS2_PLACEMENT_3D('',#14100,#14101,#14102);
#14100 = CARTESIAN_POINT('',(36.,0.,11.));
#14101 = DIRECTION('',(0.,0.,1.));
#14102 = DIRECTION('',(1.,0.,-0.));
#14103 = ORIENTED_EDGE('',*,*,#14089,.T.);
#14104 = CYLINDRICAL_SURFACE('',#14105,10.);
#14105 = AXIS2_PLACEMENT_3D('',#14106,#14107,#14108);
#14106 = CARTESIAN_POINT('',(36.,0.,11.));
#14107 = DIRECTION('',(0.,0.,1.));
#14108 = DIRECTION('',(1.,0.,-0.));
#14109 = ADVANCED_FACE('',(#14110,#14113),#14132,.T.);
#14110 = FACE_BOUND('',#14111,.T.);
#14111 = EDGE_LOOP('',(#14112));
#14112 = ORIENTED_EDGE('',*,*,#14080,.T.);
#14113 = FACE_BOUND('',#14114,.T.);
#14114 = EDGE_LOOP('',(#14115,#14126));
#14115 = ORIENTED_EDGE('',*,*,#14116,.F.);
#14116 = EDGE_CURVE('',#14117,#14119,#14121,.T.);
#14117 = VERTEX_POINT('',#14118);
#14118 = CARTESIAN_POINT('',(40.1,3.033150177621,17.));
#14119 = VERTEX_POINT('',#14120);
#14120 = CARTESIAN_POINT('',(40.1,-3.033150177621,17.));
#14121 = CIRCLE('',#14122,5.1);
#14122 = AXIS2_PLACEMENT_3D('',#14123,#14124,#14125);
#14123 = CARTESIAN_POINT('',(36.,0.,17.));
#14124 = DIRECTION('',(0.,0.,1.));
#14125 = DIRECTION('',(1.,0.,-0.));
#14126 = ORIENTED_EDGE('',*,*,#14127,.F.);
#14127 = EDGE_CURVE('',#14119,#14117,#14128,.T.);
#14128 = LINE('',#14129,#14130);
#14129 = CARTESIAN_POINT('',(40.1,-10.,17.));
#14130 = VECTOR('',#14131,1.);
#14131 = DIRECTION('',(-0.,1.,0.));
#14132 = PLANE('',#14133);
#14133 = AXIS2_PLACEMENT_3D('',#14134,#14135,#14136);
#14134 = CARTESIAN_POINT('',(36.,0.,17.));
#14135 = DIRECTION('',(0.,0.,1.));
#14136 = DIRECTION('',(1.,0.,-0.));
#14137 = ADVANCED_FACE('',(#14138,#14141,#14175,#14209,#14243,#14277,
    #14296,#14330),#14364,.F.);
#14138 = FACE_BOUND('',#14139,.F.);
#14139 = EDGE_LOOP('',(#14140));
#14140 = ORIENTED_EDGE('',*,*,#14097,.T.);
#14141 = FACE_BOUND('',#14142,.F.);
#14142 = EDGE_LOOP('',(#14143,#14153,#14161,#14169));
#14143 = ORIENTED_EDGE('',*,*,#14144,.T.);
#14144 = EDGE_CURVE('',#14145,#14147,#14149,.T.);
#14145 = VERTEX_POINT('',#14146);
#14146 = CARTESIAN_POINT('',(34.115044407846,-9.5,11.));
#14147 = VERTEX_POINT('',#14148);
#14148 = CARTESIAN_POINT('',(34.115044407846,-6.5,11.));
#14149 = LINE('',#14150,#14151);
#14150 = CARTESIAN_POINT('',(34.115044407846,-3.25,11.));
#14151 = VECTOR('',#14152,1.);
#14152 = DIRECTION('',(2.22044604925E-16,1.,-0.));
#14153 = ORIENTED_EDGE('',*,*,#14154,.T.);
#14154 = EDGE_CURVE('',#14147,#14155,#14157,.T.);
#14155 = VERTEX_POINT('',#14156);
#14156 = CARTESIAN_POINT('',(37.884955592154,-6.5,11.));
#14157 = LINE('',#14158,#14159);
#14158 = CARTESIAN_POINT('',(35.057522203923,-6.5,11.));
#14159 = VECTOR('',#14160,1.);
#14160 = DIRECTION('',(1.,-2.22044604925E-16,0.));
#14161 = ORIENTED_EDGE('',*,*,#14162,.F.);
#14162 = EDGE_CURVE('',#14163,#14155,#14165,.T.);
#14163 = VERTEX_POINT('',#14164);
#14164 = CARTESIAN_POINT('',(37.884955592154,-9.5,11.));
#14165 = LINE('',#14166,#14167);
#14166 = CARTESIAN_POINT('',(37.884955592154,-3.25,11.));
#14167 = VECTOR('',#14168,1.);
#14168 = DIRECTION('',(2.22044604925E-16,1.,-0.));
#14169 = ORIENTED_EDGE('',*,*,#14170,.F.);
#14170 = EDGE_CURVE('',#14145,#14163,#14171,.T.);
#14171 = LINE('',#14172,#14173);
#14172 = CARTESIAN_POINT('',(35.057522203923,-9.5,11.));
#14173 = VECTOR('',#14174,1.);
#14174 = DIRECTION('',(1.,-2.22044604925E-16,0.));
#14175 = FACE_BOUND('',#14176,.F.);
#14176 = EDGE_LOOP('',(#14177,#14187,#14195,#14203));
#14177 = ORIENTED_EDGE('',*,*,#14178,.T.);
#14178 = EDGE_CURVE('',#14179,#14181,#14183,.T.);
#14179 = VERTEX_POINT('',#14180);
#14180 = CARTESIAN_POINT('',(26.830280867971,-3.117580572189,11.));
#14181 = VERTEX_POINT('',#14182);
#14182 = CARTESIAN_POINT('',(29.428357079324,-1.617580572189,11.));
#14183 = LINE('',#14184,#14185);
#14184 = CARTESIAN_POINT('',(32.242939641624,7.419427810799E-03,11.));
#14185 = VECTOR('',#14186,1.);
#14186 = DIRECTION('',(0.866025403784,0.5,-0.));
#14187 = ORIENTED_EDGE('',*,*,#14188,.T.);
#14188 = EDGE_CURVE('',#14181,#14189,#14191,.T.);
#14189 = VERTEX_POINT('',#14190);
#14190 = CARTESIAN_POINT('',(31.313312671478,-4.882419427811,11.));
#14191 = LINE('',#14192,#14193);
#14192 = CARTESIAN_POINT('',(29.899595977363,-2.433790286095,11.));
#14193 = VECTOR('',#14194,1.);
#14194 = DIRECTION('',(0.5,-0.866025403784,0.));
#14195 = ORIENTED_EDGE('',*,*,#14196,.F.);
#14196 = EDGE_CURVE('',#14197,#14189,#14199,.T.);
#14197 = VERTEX_POINT('',#14198);
#14198 = CARTESIAN_POINT('',(28.715236460125,-6.382419427811,11.));
#14199 = LINE('',#14200,#14201);
#14200 = CARTESIAN_POINT('',(34.127895233778,-3.257419427811,11.));
#14201 = VECTOR('',#14202,1.);
#14202 = DIRECTION('',(0.866025403784,0.5,-0.));
#14203 = ORIENTED_EDGE('',*,*,#14204,.F.);
#14204 = EDGE_CURVE('',#14179,#14197,#14205,.T.);
#14205 = LINE('',#14206,#14207);
#14206 = CARTESIAN_POINT('',(27.301519766009,-3.933790286095,11.));
#14207 = VECTOR('',#14208,1.);
#14208 = DIRECTION('',(0.5,-0.866025403784,0.));
#14209 = FACE_BOUND('',#14210,.F.);
#14210 = EDGE_LOOP('',(#14211,#14221,#14229,#14237));
#14211 = ORIENTED_EDGE('',*,*,#14212,.T.);
#14212 = EDGE_CURVE('',#14213,#14215,#14217,.T.);
#14213 = VERTEX_POINT('',#14214);
#14214 = CARTESIAN_POINT('',(43.284763539875,-6.382419427811,11.));
#14215 = VERTEX_POINT('',#14216);
#14216 = CARTESIAN_POINT('',(40.686687328522,-4.882419427811,11.));
#14217 = LINE('',#14218,#14219);
#14218 = CARTESIAN_POINT('',(37.872104766222,-3.257419427811,11.));
#14219 = VECTOR('',#14220,1.);
#14220 = DIRECTION('',(-0.866025403784,0.5,0.));
#14221 = ORIENTED_EDGE('',*,*,#14222,.T.);
#14222 = EDGE_CURVE('',#14215,#14223,#14225,.T.);
#14223 = VERTEX_POINT('',#14224);
#14224 = CARTESIAN_POINT('',(42.571642920676,-1.617580572189,11.));
#14225 = LINE('',#14226,#14227);
#14226 = CARTESIAN_POINT('',(41.15792622656,-4.066209713905,11.));
#14227 = VECTOR('',#14228,1.);
#14228 = DIRECTION('',(0.5,0.866025403784,-0.));
#14229 = ORIENTED_EDGE('',*,*,#14230,.F.);
#14230 = EDGE_CURVE('',#14231,#14223,#14233,.T.);
#14231 = VERTEX_POINT('',#14232);
#14232 = CARTESIAN_POINT('',(45.169719132029,-3.117580572189,11.));
#14233 = LINE('',#14234,#14235);
#14234 = CARTESIAN_POINT('',(39.757060358376,7.419427810794E-03,11.));
#14235 = VECTOR('',#14236,1.);
#14236 = DIRECTION('',(-0.866025403784,0.5,0.));
#14237 = ORIENTED_EDGE('',*,*,#14238,.F.);
#14238 = EDGE_CURVE('',#14213,#14231,#14239,.T.);
#14239 = LINE('',#14240,#14241);
#14240 = CARTESIAN_POINT('',(43.756002437914,-5.566209713905,11.));
#14241 = VECTOR('',#14242,1.);
#14242 = DIRECTION('',(0.5,0.866025403784,-0.));
#14243 = FACE_BOUND('',#14244,.F.);
#14244 = EDGE_LOOP('',(#14245,#14255,#14263,#14271));
#14245 = ORIENTED_EDGE('',*,*,#14246,.T.);
#14246 = EDGE_CURVE('',#14247,#14249,#14251,.T.);
#14247 = VERTEX_POINT('',#14248);
#14248 = CARTESIAN_POINT('',(28.715236460125,6.382419427811,11.));
#14249 = VERTEX_POINT('',#14250);
#14250 = CARTESIAN_POINT('',(31.313312671478,4.882419427811,11.));
#14251 = LINE('',#14252,#14253);
#14252 = CARTESIAN_POINT('',(34.127895233778,3.257419427811,11.));
#14253 = VECTOR('',#14254,1.);
#14254 = DIRECTION('',(0.866025403784,-0.5,0.));
#14255 = ORIENTED_EDGE('',*,*,#14256,.T.);
#14256 = EDGE_CURVE('',#14249,#14257,#14259,.T.);
#14257 = VERTEX_POINT('',#14258);
#14258 = CARTESIAN_POINT('',(29.428357079324,1.617580572189,11.));
#14259 = LINE('',#14260,#14261);
#14260 = CARTESIAN_POINT('',(30.84207377344,4.066209713905,11.));
#14261 = VECTOR('',#14262,1.);
#14262 = DIRECTION('',(-0.5,-0.866025403784,0.));
#14263 = ORIENTED_EDGE('',*,*,#14264,.F.);
#14264 = EDGE_CURVE('',#14265,#14257,#14267,.T.);
#14265 = VERTEX_POINT('',#14266);
#14266 = CARTESIAN_POINT('',(26.830280867971,3.117580572189,11.));
#14267 = LINE('',#14268,#14269);
#14268 = CARTESIAN_POINT('',(32.242939641624,-7.419427810795E-03,11.));
#14269 = VECTOR('',#14270,1.);
#14270 = DIRECTION('',(0.866025403784,-0.5,0.));
#14271 = ORIENTED_EDGE('',*,*,#14272,.F.);
#14272 = EDGE_CURVE('',#14247,#14265,#14273,.T.);
#14273 = LINE('',#14274,#14275);
#14274 = CARTESIAN_POINT('',(28.243997562086,5.566209713905,11.));
#14275 = VECTOR('',#14276,1.);
#14276 = DIRECTION('',(-0.5,-0.866025403784,0.));
#14277 = FACE_BOUND('',#14278,.F.);
#14278 = EDGE_LOOP('',(#14279,#14290));
#14279 = ORIENTED_EDGE('',*,*,#14280,.F.);
#14280 = EDGE_CURVE('',#14281,#14283,#14285,.T.);
#14281 = VERTEX_POINT('',#14282);
#14282 = CARTESIAN_POINT('',(40.1,3.033150177621,11.));
#14283 = VERTEX_POINT('',#14284);
#14284 = CARTESIAN_POINT('',(40.1,-3.033150177621,11.));
#14285 = CIRCLE('',#14286,5.1);
#14286 = AXIS2_PLACEMENT_3D('',#14287,#14288,#14289);
#14287 = CARTESIAN_POINT('',(36.,0.,11.));
#14288 = DIRECTION('',(0.,0.,1.));
#14289 = DIRECTION('',(1.,0.,-0.));
#14290 = ORIENTED_EDGE('',*,*,#14291,.F.);
#14291 = EDGE_CURVE('',#14283,#14281,#14292,.T.);
#14292 = LINE('',#14293,#14294);
#14293 = CARTESIAN_POINT('',(40.1,-10.,11.));
#14294 = VECTOR('',#14295,1.);
#14295 = DIRECTION('',(-0.,1.,0.));
#14296 = FACE_BOUND('',#14297,.F.);
#14297 = EDGE_LOOP('',(#14298,#14308,#14316,#14324));
#14298 = ORIENTED_EDGE('',*,*,#14299,.T.);
#14299 = EDGE_CURVE('',#14300,#14302,#14304,.T.);
#14300 = VERTEX_POINT('',#14301);
#14301 = CARTESIAN_POINT('',(45.169719132029,3.117580572189,11.));
#14302 = VERTEX_POINT('',#14303);
#14303 = CARTESIAN_POINT('',(42.571642920676,1.617580572189,11.));
#14304 = LINE('',#14305,#14306);
#14305 = CARTESIAN_POINT('',(39.757060358376,-7.419427810797E-03,11.));
#14306 = VECTOR('',#14307,1.);
#14307 = DIRECTION('',(-0.866025403784,-0.5,0.));
#14308 = ORIENTED_EDGE('',*,*,#14309,.T.);
#14309 = EDGE_CURVE('',#14302,#14310,#14312,.T.);
#14310 = VERTEX_POINT('',#14311);
#14311 = CARTESIAN_POINT('',(40.686687328522,4.882419427811,11.));
#14312 = LINE('',#14313,#14314);
#14313 = CARTESIAN_POINT('',(42.100404022637,2.433790286095,11.));
#14314 = VECTOR('',#14315,1.);
#14315 = DIRECTION('',(-0.5,0.866025403784,0.));
#14316 = ORIENTED_EDGE('',*,*,#14317,.F.);
#14317 = EDGE_CURVE('',#14318,#14310,#14320,.T.);
#14318 = VERTEX_POINT('',#14319);
#14319 = CARTESIAN_POINT('',(43.284763539875,6.382419427811,11.));
#14320 = LINE('',#14321,#14322);
#14321 = CARTESIAN_POINT('',(37.872104766222,3.257419427811,11.));
#14322 = VECTOR('',#14323,1.);
#14323 = DIRECTION('',(-0.866025403784,-0.5,0.));
#14324 = ORIENTED_EDGE('',*,*,#14325,.F.);
#14325 = EDGE_CURVE('',#14300,#14318,#14326,.T.);
#14326 = LINE('',#14327,#14328);
#14327 = CARTESIAN_POINT('',(44.698480233991,3.933790286095,11.));
#14328 = VECTOR('',#14329,1.);
#14329 = DIRECTION('',(-0.5,0.866025403784,0.));
#14330 = FACE_BOUND('',#14331,.F.);
#14331 = EDGE_LOOP('',(#14332,#14342,#14350,#14358));
#14332 = ORIENTED_EDGE('',*,*,#14333,.T.);
#14333 = EDGE_CURVE('',#14334,#14336,#14338,.T.);
#14334 = VERTEX_POINT('',#14335);
#14335 = CARTESIAN_POINT('',(37.884955592154,9.5,11.));
#14336 = VERTEX_POINT('',#14337);
#14337 = CARTESIAN_POINT('',(37.884955592154,6.5,11.));
#14338 = LINE('',#14339,#14340);
#14339 = CARTESIAN_POINT('',(37.884955592154,3.25,11.));
#14340 = VECTOR('',#14341,1.);
#14341 = DIRECTION('',(-2.22044604925E-16,-1.,0.));
#14342 = ORIENTED_EDGE('',*,*,#14343,.T.);
#14343 = EDGE_CURVE('',#14336,#14344,#14346,.T.);
#14344 = VERTEX_POINT('',#14345);
#14345 = CARTESIAN_POINT('',(34.115044407846,6.5,11.));
#14346 = LINE('',#14347,#14348);
#14347 = CARTESIAN_POINT('',(36.942477796077,6.5,11.));
#14348 = VECTOR('',#14349,1.);
#14349 = DIRECTION('',(-1.,2.22044604925E-16,0.));
#14350 = ORIENTED_EDGE('',*,*,#14351,.F.);
#14351 = EDGE_CURVE('',#14352,#14344,#14354,.T.);
#14352 = VERTEX_POINT('',#14353);
#14353 = CARTESIAN_POINT('',(34.115044407846,9.5,11.));
#14354 = LINE('',#14355,#14356);
#14355 = CARTESIAN_POINT('',(34.115044407846,3.25,11.));
#14356 = VECTOR('',#14357,1.);
#14357 = DIRECTION('',(-2.22044604925E-16,-1.,0.));
#14358 = ORIENTED_EDGE('',*,*,#14359,.F.);
#14359 = EDGE_CURVE('',#14334,#14352,#14360,.T.);
#14360 = LINE('',#14361,#14362);
#14361 = CARTESIAN_POINT('',(36.942477796077,9.5,11.));
#14362 = VECTOR('',#14363,1.);
#14363 = DIRECTION('',(-1.,2.22044604925E-16,0.));
#14364 = PLANE('',#14365);
#14365 = AXIS2_PLACEMENT_3D('',#14366,#14367,#14368);
#14366 = CARTESIAN_POINT('',(36.,0.,11.));
#14367 = DIRECTION('',(0.,0.,1.));
#14368 = DIRECTION('',(1.,0.,-0.));
#14369 = ADVANCED_FACE('',(#14370),#14386,.F.);
#14370 = FACE_BOUND('',#14371,.F.);
#14371 = EDGE_LOOP('',(#14372,#14373,#14379,#14380));
#14372 = ORIENTED_EDGE('',*,*,#14116,.F.);
#14373 = ORIENTED_EDGE('',*,*,#14374,.F.);
#14374 = EDGE_CURVE('',#14281,#14117,#14375,.T.);
#14375 = LINE('',#14376,#14377);
#14376 = CARTESIAN_POINT('',(40.1,3.033150177621,10.));
#14377 = VECTOR('',#14378,1.);
#14378 = DIRECTION('',(0.,0.,1.));
#14379 = ORIENTED_EDGE('',*,*,#14280,.T.);
#14380 = ORIENTED_EDGE('',*,*,#14381,.T.);
#14381 = EDGE_CURVE('',#14283,#14119,#14382,.T.);
#14382 = LINE('',#14383,#14384);
#14383 = CARTESIAN_POINT('',(40.1,-3.033150177621,10.));
#14384 = VECTOR('',#14385,1.);
#14385 = DIRECTION('',(0.,0.,1.));
#14386 = CYLINDRICAL_SURFACE('',#14387,5.1);
#14387 = AXIS2_PLACEMENT_3D('',#14388,#14389,#14390);
#14388 = CARTESIAN_POINT('',(36.,0.,10.));
#14389 = DIRECTION('',(0.,0.,1.));
#14390 = DIRECTION('',(1.,0.,-0.));
#14391 = ADVANCED_FACE('',(#14392),#14398,.F.);
#14392 = FACE_BOUND('',#14393,.F.);
#14393 = EDGE_LOOP('',(#14394,#14395,#14396,#14397));
#14394 = ORIENTED_EDGE('',*,*,#14381,.F.);
#14395 = ORIENTED_EDGE('',*,*,#14291,.T.);
#14396 = ORIENTED_EDGE('',*,*,#14374,.T.);
#14397 = ORIENTED_EDGE('',*,*,#14127,.F.);
#14398 = PLANE('',#14399);
#14399 = AXIS2_PLACEMENT_3D('',#14400,#14401,#14402);
#14400 = CARTESIAN_POINT('',(40.1,-20.,9.));
#14401 = DIRECTION('',(1.,0.,-0.));
#14402 = DIRECTION('',(0.,0.,1.));
#14403 = ADVANCED_FACE('',(#14404),#14429,.F.);
#14404 = FACE_BOUND('',#14405,.F.);
#14405 = EDGE_LOOP('',(#14406,#14414,#14422,#14428));
#14406 = ORIENTED_EDGE('',*,*,#14407,.F.);
#14407 = EDGE_CURVE('',#14408,#14145,#14410,.T.);
#14408 = VERTEX_POINT('',#14409);
#14409 = CARTESIAN_POINT('',(34.115044407846,-9.5,6.));
#14410 = LINE('',#14411,#14412);
#14411 = CARTESIAN_POINT('',(34.115044407846,-9.5,6.));
#14412 = VECTOR('',#14413,1.);
#14413 = DIRECTION('',(0.,0.,1.));
#14414 = ORIENTED_EDGE('',*,*,#14415,.F.);
#14415 = EDGE_CURVE('',#14416,#14408,#14418,.T.);
#14416 = VERTEX_POINT('',#14417);
#14417 = CARTESIAN_POINT('',(34.115044407846,-6.5,6.));
#14418 = LINE('',#14419,#14420);
#14419 = CARTESIAN_POINT('',(34.115044407846,-6.5,6.));
#14420 = VECTOR('',#14421,1.);
#14421 = DIRECTION('',(-2.22044604925E-16,-1.,0.));
#14422 = ORIENTED_EDGE('',*,*,#14423,.T.);
#14423 = EDGE_CURVE('',#14416,#14147,#14424,.T.);
#14424 = LINE('',#14425,#14426);
#14425 = CARTESIAN_POINT('',(34.115044407846,-6.5,6.));
#14426 = VECTOR('',#14427,1.);
#14427 = DIRECTION('',(0.,0.,1.));
#14428 = ORIENTED_EDGE('',*,*,#14144,.F.);
#14429 = PLANE('',#14430);
#14430 = AXIS2_PLACEMENT_3D('',#14431,#14432,#14433);
#14431 = CARTESIAN_POINT('',(34.115044407846,-6.5,6.));
#14432 = DIRECTION('',(1.,-2.22044604925E-16,0.));
#14433 = DIRECTION('',(0.,0.,1.));
#14434 = ADVANCED_FACE('',(#14435),#14453,.T.);
#14435 = FACE_BOUND('',#14436,.T.);
#14436 = EDGE_LOOP('',(#14437,#14438,#14446,#14452));
#14437 = ORIENTED_EDGE('',*,*,#14407,.F.);
#14438 = ORIENTED_EDGE('',*,*,#14439,.T.);
#14439 = EDGE_CURVE('',#14408,#14440,#14442,.T.);
#14440 = VERTEX_POINT('',#14441);
#14441 = CARTESIAN_POINT('',(37.884955592154,-9.5,6.));
#14442 = LINE('',#14443,#14444);
#14443 = CARTESIAN_POINT('',(34.115044407846,-9.5,6.));
#14444 = VECTOR('',#14445,1.);
#14445 = DIRECTION('',(1.,-2.22044604925E-16,0.));
#14446 = ORIENTED_EDGE('',*,*,#14447,.T.);
#14447 = EDGE_CURVE('',#14440,#14163,#14448,.T.);
#14448 = LINE('',#14449,#14450);
#14449 = CARTESIAN_POINT('',(37.884955592154,-9.5,6.));
#14450 = VECTOR('',#14451,1.);
#14451 = DIRECTION('',(0.,0.,1.));
#14452 = ORIENTED_EDGE('',*,*,#14170,.F.);
#14453 = PLANE('',#14454);
#14454 = AXIS2_PLACEMENT_3D('',#14455,#14456,#14457);
#14455 = CARTESIAN_POINT('',(34.115044407846,-9.5,6.));
#14456 = DIRECTION('',(-2.22044604925E-16,-1.,0.));
#14457 = DIRECTION('',(0.,0.,1.));
#14458 = ADVANCED_FACE('',(#14459),#14477,.T.);
#14459 = FACE_BOUND('',#14460,.T.);
#14460 = EDGE_LOOP('',(#14461,#14462,#14470,#14476));
#14461 = ORIENTED_EDGE('',*,*,#14447,.F.);
#14462 = ORIENTED_EDGE('',*,*,#14463,.F.);
#14463 = EDGE_CURVE('',#14464,#14440,#14466,.T.);
#14464 = VERTEX_POINT('',#14465);
#14465 = CARTESIAN_POINT('',(37.884955592154,-6.5,6.));
#14466 = LINE('',#14467,#14468);
#14467 = CARTESIAN_POINT('',(37.884955592154,-6.5,6.));
#14468 = VECTOR('',#14469,1.);
#14469 = DIRECTION('',(-2.22044604925E-16,-1.,0.));
#14470 = ORIENTED_EDGE('',*,*,#14471,.T.);
#14471 = EDGE_CURVE('',#14464,#14155,#14472,.T.);
#14472 = LINE('',#14473,#14474);
#14473 = CARTESIAN_POINT('',(37.884955592154,-6.5,6.));
#14474 = VECTOR('',#14475,1.);
#14475 = DIRECTION('',(0.,0.,1.));
#14476 = ORIENTED_EDGE('',*,*,#14162,.F.);
#14477 = PLANE('',#14478);
#14478 = AXIS2_PLACEMENT_3D('',#14479,#14480,#14481);
#14479 = CARTESIAN_POINT('',(37.884955592154,-6.5,6.));
#14480 = DIRECTION('',(1.,-2.22044604925E-16,0.));
#14481 = DIRECTION('',(0.,0.,1.));
#14482 = ADVANCED_FACE('',(#14483),#14494,.F.);
#14483 = FACE_BOUND('',#14484,.F.);
#14484 = EDGE_LOOP('',(#14485,#14486,#14492,#14493));
#14485 = ORIENTED_EDGE('',*,*,#14423,.F.);
#14486 = ORIENTED_EDGE('',*,*,#14487,.T.);
#14487 = EDGE_CURVE('',#14416,#14464,#14488,.T.);
#14488 = LINE('',#14489,#14490);
#14489 = CARTESIAN_POINT('',(34.115044407846,-6.5,6.));
#14490 = VECTOR('',#14491,1.);
#14491 = DIRECTION('',(1.,-2.22044604925E-16,0.));
#14492 = ORIENTED_EDGE('',*,*,#14471,.T.);
#14493 = ORIENTED_EDGE('',*,*,#14154,.F.);
#14494 = PLANE('',#14495);
#14495 = AXIS2_PLACEMENT_3D('',#14496,#14497,#14498);
#14496 = CARTESIAN_POINT('',(34.115044407846,-6.5,6.));
#14497 = DIRECTION('',(-2.22044604925E-16,-1.,0.));
#14498 = DIRECTION('',(0.,0.,1.));
#14499 = ADVANCED_FACE('',(#14500),#14525,.F.);
#14500 = FACE_BOUND('',#14501,.F.);
#14501 = EDGE_LOOP('',(#14502,#14510,#14518,#14524));
#14502 = ORIENTED_EDGE('',*,*,#14503,.F.);
#14503 = EDGE_CURVE('',#14504,#14179,#14506,.T.);
#14504 = VERTEX_POINT('',#14505);
#14505 = CARTESIAN_POINT('',(26.830280867971,-3.117580572189,6.));
#14506 = LINE('',#14507,#14508);
#14507 = CARTESIAN_POINT('',(26.830280867971,-3.117580572189,6.));
#14508 = VECTOR('',#14509,1.);
#14509 = DIRECTION('',(0.,0.,1.));
#14510 = ORIENTED_EDGE('',*,*,#14511,.F.);
#14511 = EDGE_CURVE('',#14512,#14504,#14514,.T.);
#14512 = VERTEX_POINT('',#14513);
#14513 = CARTESIAN_POINT('',(29.428357079324,-1.617580572189,6.));
#14514 = LINE('',#14515,#14516);
#14515 = CARTESIAN_POINT('',(29.428357079324,-1.617580572189,6.));
#14516 = VECTOR('',#14517,1.);
#14517 = DIRECTION('',(-0.866025403784,-0.5,0.));
#14518 = ORIENTED_EDGE('',*,*,#14519,.T.);
#14519 = EDGE_CURVE('',#14512,#14181,#14520,.T.);
#14520 = LINE('',#14521,#14522);
#14521 = CARTESIAN_POINT('',(29.428357079324,-1.617580572189,6.));
#14522 = VECTOR('',#14523,1.);
#14523 = DIRECTION('',(0.,0.,1.));
#14524 = ORIENTED_EDGE('',*,*,#14178,.F.);
#14525 = PLANE('',#14526);
#14526 = AXIS2_PLACEMENT_3D('',#14527,#14528,#14529);
#14527 = CARTESIAN_POINT('',(29.428357079324,-1.617580572189,6.));
#14528 = DIRECTION('',(0.5,-0.866025403784,0.));
#14529 = DIRECTION('',(0.,0.,1.));
#14530 = ADVANCED_FACE('',(#14531),#14549,.T.);
#14531 = FACE_BOUND('',#14532,.T.);
#14532 = EDGE_LOOP('',(#14533,#14534,#14542,#14548));
#14533 = ORIENTED_EDGE('',*,*,#14503,.F.);
#14534 = ORIENTED_EDGE('',*,*,#14535,.T.);
#14535 = EDGE_CURVE('',#14504,#14536,#14538,.T.);
#14536 = VERTEX_POINT('',#14537);
#14537 = CARTESIAN_POINT('',(28.715236460125,-6.382419427811,6.));
#14538 = LINE('',#14539,#14540);
#14539 = CARTESIAN_POINT('',(26.830280867971,-3.117580572189,6.));
#14540 = VECTOR('',#14541,1.);
#14541 = DIRECTION('',(0.5,-0.866025403784,0.));
#14542 = ORIENTED_EDGE('',*,*,#14543,.T.);
#14543 = EDGE_CURVE('',#14536,#14197,#14544,.T.);
#14544 = LINE('',#14545,#14546);
#14545 = CARTESIAN_POINT('',(28.715236460125,-6.382419427811,6.));
#14546 = VECTOR('',#14547,1.);
#14547 = DIRECTION('',(0.,0.,1.));
#14548 = ORIENTED_EDGE('',*,*,#14204,.F.);
#14549 = PLANE('',#14550);
#14550 = AXIS2_PLACEMENT_3D('',#14551,#14552,#14553);
#14551 = CARTESIAN_POINT('',(26.830280867971,-3.117580572189,6.));
#14552 = DIRECTION('',(-0.866025403784,-0.5,0.));
#14553 = DIRECTION('',(0.,0.,1.));
#14554 = ADVANCED_FACE('',(#14555),#14573,.T.);
#14555 = FACE_BOUND('',#14556,.T.);
#14556 = EDGE_LOOP('',(#14557,#14558,#14566,#14572));
#14557 = ORIENTED_EDGE('',*,*,#14543,.F.);
#14558 = ORIENTED_EDGE('',*,*,#14559,.F.);
#14559 = EDGE_CURVE('',#14560,#14536,#14562,.T.);
#14560 = VERTEX_POINT('',#14561);
#14561 = CARTESIAN_POINT('',(31.313312671478,-4.882419427811,6.));
#14562 = LINE('',#14563,#14564);
#14563 = CARTESIAN_POINT('',(31.313312671478,-4.882419427811,6.));
#14564 = VECTOR('',#14565,1.);
#14565 = DIRECTION('',(-0.866025403784,-0.5,0.));
#14566 = ORIENTED_EDGE('',*,*,#14567,.T.);
#14567 = EDGE_CURVE('',#14560,#14189,#14568,.T.);
#14568 = LINE('',#14569,#14570);
#14569 = CARTESIAN_POINT('',(31.313312671478,-4.882419427811,6.));
#14570 = VECTOR('',#14571,1.);
#14571 = DIRECTION('',(0.,0.,1.));
#14572 = ORIENTED_EDGE('',*,*,#14196,.F.);
#14573 = PLANE('',#14574);
#14574 = AXIS2_PLACEMENT_3D('',#14575,#14576,#14577);
#14575 = CARTESIAN_POINT('',(31.313312671478,-4.882419427811,6.));
#14576 = DIRECTION('',(0.5,-0.866025403784,0.));
#14577 = DIRECTION('',(0.,0.,1.));
#14578 = ADVANCED_FACE('',(#14579),#14590,.F.);
#14579 = FACE_BOUND('',#14580,.F.);
#14580 = EDGE_LOOP('',(#14581,#14582,#14588,#14589));
#14581 = ORIENTED_EDGE('',*,*,#14519,.F.);
#14582 = ORIENTED_EDGE('',*,*,#14583,.T.);
#14583 = EDGE_CURVE('',#14512,#14560,#14584,.T.);
#14584 = LINE('',#14585,#14586);
#14585 = CARTESIAN_POINT('',(29.428357079324,-1.617580572189,6.));
#14586 = VECTOR('',#14587,1.);
#14587 = DIRECTION('',(0.5,-0.866025403784,0.));
#14588 = ORIENTED_EDGE('',*,*,#14567,.T.);
#14589 = ORIENTED_EDGE('',*,*,#14188,.F.);
#14590 = PLANE('',#14591);
#14591 = AXIS2_PLACEMENT_3D('',#14592,#14593,#14594);
#14592 = CARTESIAN_POINT('',(29.428357079324,-1.617580572189,6.));
#14593 = DIRECTION('',(-0.866025403784,-0.5,0.));
#14594 = DIRECTION('',(0.,0.,1.));
#14595 = ADVANCED_FACE('',(#14596),#14621,.F.);
#14596 = FACE_BOUND('',#14597,.F.);
#14597 = EDGE_LOOP('',(#14598,#14606,#14614,#14620));
#14598 = ORIENTED_EDGE('',*,*,#14599,.F.);
#14599 = EDGE_CURVE('',#14600,#14213,#14602,.T.);
#14600 = VERTEX_POINT('',#14601);
#14601 = CARTESIAN_POINT('',(43.284763539875,-6.382419427811,6.));
#14602 = LINE('',#14603,#14604);
#14603 = CARTESIAN_POINT('',(43.284763539875,-6.382419427811,6.));
#14604 = VECTOR('',#14605,1.);
#14605 = DIRECTION('',(0.,0.,1.));
#14606 = ORIENTED_EDGE('',*,*,#14607,.F.);
#14607 = EDGE_CURVE('',#14608,#14600,#14610,.T.);
#14608 = VERTEX_POINT('',#14609);
#14609 = CARTESIAN_POINT('',(40.686687328522,-4.882419427811,6.));
#14610 = LINE('',#14611,#14612);
#14611 = CARTESIAN_POINT('',(40.686687328522,-4.882419427811,6.));
#14612 = VECTOR('',#14613,1.);
#14613 = DIRECTION('',(0.866025403784,-0.5,0.));
#14614 = ORIENTED_EDGE('',*,*,#14615,.T.);
#14615 = EDGE_CURVE('',#14608,#14215,#14616,.T.);
#14616 = LINE('',#14617,#14618);
#14617 = CARTESIAN_POINT('',(40.686687328522,-4.882419427811,6.));
#14618 = VECTOR('',#14619,1.);
#14619 = DIRECTION('',(0.,0.,1.));
#14620 = ORIENTED_EDGE('',*,*,#14212,.F.);
#14621 = PLANE('',#14622);
#14622 = AXIS2_PLACEMENT_3D('',#14623,#14624,#14625);
#14623 = CARTESIAN_POINT('',(40.686687328522,-4.882419427811,6.));
#14624 = DIRECTION('',(0.5,0.866025403784,0.));
#14625 = DIRECTION('',(0.,0.,1.));
#14626 = ADVANCED_FACE('',(#14627),#14645,.T.);
#14627 = FACE_BOUND('',#14628,.T.);
#14628 = EDGE_LOOP('',(#14629,#14630,#14638,#14644));
#14629 = ORIENTED_EDGE('',*,*,#14599,.F.);
#14630 = ORIENTED_EDGE('',*,*,#14631,.T.);
#14631 = EDGE_CURVE('',#14600,#14632,#14634,.T.);
#14632 = VERTEX_POINT('',#14633);
#14633 = CARTESIAN_POINT('',(45.169719132029,-3.117580572189,6.));
#14634 = LINE('',#14635,#14636);
#14635 = CARTESIAN_POINT('',(43.284763539875,-6.382419427811,6.));
#14636 = VECTOR('',#14637,1.);
#14637 = DIRECTION('',(0.5,0.866025403784,0.));
#14638 = ORIENTED_EDGE('',*,*,#14639,.T.);
#14639 = EDGE_CURVE('',#14632,#14231,#14640,.T.);
#14640 = LINE('',#14641,#14642);
#14641 = CARTESIAN_POINT('',(45.169719132029,-3.117580572189,6.));
#14642 = VECTOR('',#14643,1.);
#14643 = DIRECTION('',(0.,0.,1.));
#14644 = ORIENTED_EDGE('',*,*,#14238,.F.);
#14645 = PLANE('',#14646);
#14646 = AXIS2_PLACEMENT_3D('',#14647,#14648,#14649);
#14647 = CARTESIAN_POINT('',(43.284763539875,-6.382419427811,6.));
#14648 = DIRECTION('',(0.866025403784,-0.5,0.));
#14649 = DIRECTION('',(0.,0.,1.));
#14650 = ADVANCED_FACE('',(#14651),#14669,.T.);
#14651 = FACE_BOUND('',#14652,.T.);
#14652 = EDGE_LOOP('',(#14653,#14654,#14662,#14668));
#14653 = ORIENTED_EDGE('',*,*,#14639,.F.);
#14654 = ORIENTED_EDGE('',*,*,#14655,.F.);
#14655 = EDGE_CURVE('',#14656,#14632,#14658,.T.);
#14656 = VERTEX_POINT('',#14657);
#14657 = CARTESIAN_POINT('',(42.571642920676,-1.617580572189,6.));
#14658 = LINE('',#14659,#14660);
#14659 = CARTESIAN_POINT('',(42.571642920676,-1.617580572189,6.));
#14660 = VECTOR('',#14661,1.);
#14661 = DIRECTION('',(0.866025403784,-0.5,0.));
#14662 = ORIENTED_EDGE('',*,*,#14663,.T.);
#14663 = EDGE_CURVE('',#14656,#14223,#14664,.T.);
#14664 = LINE('',#14665,#14666);
#14665 = CARTESIAN_POINT('',(42.571642920676,-1.617580572189,6.));
#14666 = VECTOR('',#14667,1.);
#14667 = DIRECTION('',(0.,0.,1.));
#14668 = ORIENTED_EDGE('',*,*,#14230,.F.);
#14669 = PLANE('',#14670);
#14670 = AXIS2_PLACEMENT_3D('',#14671,#14672,#14673);
#14671 = CARTESIAN_POINT('',(42.571642920676,-1.617580572189,6.));
#14672 = DIRECTION('',(0.5,0.866025403784,0.));
#14673 = DIRECTION('',(0.,0.,1.));
#14674 = ADVANCED_FACE('',(#14675),#14686,.F.);
#14675 = FACE_BOUND('',#14676,.F.);
#14676 = EDGE_LOOP('',(#14677,#14678,#14684,#14685));
#14677 = ORIENTED_EDGE('',*,*,#14615,.F.);
#14678 = ORIENTED_EDGE('',*,*,#14679,.T.);
#14679 = EDGE_CURVE('',#14608,#14656,#14680,.T.);
#14680 = LINE('',#14681,#14682);
#14681 = CARTESIAN_POINT('',(40.686687328522,-4.882419427811,6.));
#14682 = VECTOR('',#14683,1.);
#14683 = DIRECTION('',(0.5,0.866025403784,0.));
#14684 = ORIENTED_EDGE('',*,*,#14663,.T.);
#14685 = ORIENTED_EDGE('',*,*,#14222,.F.);
#14686 = PLANE('',#14687);
#14687 = AXIS2_PLACEMENT_3D('',#14688,#14689,#14690);
#14688 = CARTESIAN_POINT('',(40.686687328522,-4.882419427811,6.));
#14689 = DIRECTION('',(0.866025403784,-0.5,0.));
#14690 = DIRECTION('',(0.,0.,1.));
#14691 = ADVANCED_FACE('',(#14692),#14717,.F.);
#14692 = FACE_BOUND('',#14693,.F.);
#14693 = EDGE_LOOP('',(#14694,#14702,#14710,#14716));
#14694 = ORIENTED_EDGE('',*,*,#14695,.F.);
#14695 = EDGE_CURVE('',#14696,#14247,#14698,.T.);
#14696 = VERTEX_POINT('',#14697);
#14697 = CARTESIAN_POINT('',(28.715236460125,6.382419427811,6.));
#14698 = LINE('',#14699,#14700);
#14699 = CARTESIAN_POINT('',(28.715236460125,6.382419427811,6.));
#14700 = VECTOR('',#14701,1.);
#14701 = DIRECTION('',(0.,0.,1.));
#14702 = ORIENTED_EDGE('',*,*,#14703,.F.);
#14703 = EDGE_CURVE('',#14704,#14696,#14706,.T.);
#14704 = VERTEX_POINT('',#14705);
#14705 = CARTESIAN_POINT('',(31.313312671478,4.882419427811,6.));
#14706 = LINE('',#14707,#14708);
#14707 = CARTESIAN_POINT('',(31.313312671478,4.882419427811,6.));
#14708 = VECTOR('',#14709,1.);
#14709 = DIRECTION('',(-0.866025403784,0.5,0.));
#14710 = ORIENTED_EDGE('',*,*,#14711,.T.);
#14711 = EDGE_CURVE('',#14704,#14249,#14712,.T.);
#14712 = LINE('',#14713,#14714);
#14713 = CARTESIAN_POINT('',(31.313312671478,4.882419427811,6.));
#14714 = VECTOR('',#14715,1.);
#14715 = DIRECTION('',(0.,0.,1.));
#14716 = ORIENTED_EDGE('',*,*,#14246,.F.);
#14717 = PLANE('',#14718);
#14718 = AXIS2_PLACEMENT_3D('',#14719,#14720,#14721);
#14719 = CARTESIAN_POINT('',(31.313312671478,4.882419427811,6.));
#14720 = DIRECTION('',(-0.5,-0.866025403784,0.));
#14721 = DIRECTION('',(0.,0.,1.));
#14722 = ADVANCED_FACE('',(#14723),#14741,.T.);
#14723 = FACE_BOUND('',#14724,.T.);
#14724 = EDGE_LOOP('',(#14725,#14726,#14734,#14740));
#14725 = ORIENTED_EDGE('',*,*,#14695,.F.);
#14726 = ORIENTED_EDGE('',*,*,#14727,.T.);
#14727 = EDGE_CURVE('',#14696,#14728,#14730,.T.);
#14728 = VERTEX_POINT('',#14729);
#14729 = CARTESIAN_POINT('',(26.830280867971,3.117580572189,6.));
#14730 = LINE('',#14731,#14732);
#14731 = CARTESIAN_POINT('',(28.715236460125,6.382419427811,6.));
#14732 = VECTOR('',#14733,1.);
#14733 = DIRECTION('',(-0.5,-0.866025403784,0.));
#14734 = ORIENTED_EDGE('',*,*,#14735,.T.);
#14735 = EDGE_CURVE('',#14728,#14265,#14736,.T.);
#14736 = LINE('',#14737,#14738);
#14737 = CARTESIAN_POINT('',(26.830280867971,3.117580572189,6.));
#14738 = VECTOR('',#14739,1.);
#14739 = DIRECTION('',(0.,0.,1.));
#14740 = ORIENTED_EDGE('',*,*,#14272,.F.);
#14741 = PLANE('',#14742);
#14742 = AXIS2_PLACEMENT_3D('',#14743,#14744,#14745);
#14743 = CARTESIAN_POINT('',(28.715236460125,6.382419427811,6.));
#14744 = DIRECTION('',(-0.866025403784,0.5,0.));
#14745 = DIRECTION('',(0.,0.,1.));
#14746 = ADVANCED_FACE('',(#14747),#14765,.T.);
#14747 = FACE_BOUND('',#14748,.T.);
#14748 = EDGE_LOOP('',(#14749,#14750,#14758,#14764));
#14749 = ORIENTED_EDGE('',*,*,#14735,.F.);
#14750 = ORIENTED_EDGE('',*,*,#14751,.F.);
#14751 = EDGE_CURVE('',#14752,#14728,#14754,.T.);
#14752 = VERTEX_POINT('',#14753);
#14753 = CARTESIAN_POINT('',(29.428357079324,1.617580572189,6.));
#14754 = LINE('',#14755,#14756);
#14755 = CARTESIAN_POINT('',(29.428357079324,1.617580572189,6.));
#14756 = VECTOR('',#14757,1.);
#14757 = DIRECTION('',(-0.866025403784,0.5,0.));
#14758 = ORIENTED_EDGE('',*,*,#14759,.T.);
#14759 = EDGE_CURVE('',#14752,#14257,#14760,.T.);
#14760 = LINE('',#14761,#14762);
#14761 = CARTESIAN_POINT('',(29.428357079324,1.617580572189,6.));
#14762 = VECTOR('',#14763,1.);
#14763 = DIRECTION('',(0.,0.,1.));
#14764 = ORIENTED_EDGE('',*,*,#14264,.F.);
#14765 = PLANE('',#14766);
#14766 = AXIS2_PLACEMENT_3D('',#14767,#14768,#14769);
#14767 = CARTESIAN_POINT('',(29.428357079324,1.617580572189,6.));
#14768 = DIRECTION('',(-0.5,-0.866025403784,0.));
#14769 = DIRECTION('',(0.,0.,1.));
#14770 = ADVANCED_FACE('',(#14771),#14782,.F.);
#14771 = FACE_BOUND('',#14772,.F.);
#14772 = EDGE_LOOP('',(#14773,#14774,#14780,#14781));
#14773 = ORIENTED_EDGE('',*,*,#14711,.F.);
#14774 = ORIENTED_EDGE('',*,*,#14775,.T.);
#14775 = EDGE_CURVE('',#14704,#14752,#14776,.T.);
#14776 = LINE('',#14777,#14778);
#14777 = CARTESIAN_POINT('',(31.313312671478,4.882419427811,6.));
#14778 = VECTOR('',#14779,1.);
#14779 = DIRECTION('',(-0.5,-0.866025403784,0.));
#14780 = ORIENTED_EDGE('',*,*,#14759,.T.);
#14781 = ORIENTED_EDGE('',*,*,#14256,.F.);
#14782 = PLANE('',#14783);
#14783 = AXIS2_PLACEMENT_3D('',#14784,#14785,#14786);
#14784 = CARTESIAN_POINT('',(31.313312671478,4.882419427811,6.));
#14785 = DIRECTION('',(-0.866025403784,0.5,0.));
#14786 = DIRECTION('',(0.,0.,1.));
#14787 = ADVANCED_FACE('',(#14788),#14813,.F.);
#14788 = FACE_BOUND('',#14789,.F.);
#14789 = EDGE_LOOP('',(#14790,#14798,#14806,#14812));
#14790 = ORIENTED_EDGE('',*,*,#14791,.F.);
#14791 = EDGE_CURVE('',#14792,#14300,#14794,.T.);
#14792 = VERTEX_POINT('',#14793);
#14793 = CARTESIAN_POINT('',(45.169719132029,3.117580572189,6.));
#14794 = LINE('',#14795,#14796);
#14795 = CARTESIAN_POINT('',(45.169719132029,3.117580572189,6.));
#14796 = VECTOR('',#14797,1.);
#14797 = DIRECTION('',(0.,0.,1.));
#14798 = ORIENTED_EDGE('',*,*,#14799,.F.);
#14799 = EDGE_CURVE('',#14800,#14792,#14802,.T.);
#14800 = VERTEX_POINT('',#14801);
#14801 = CARTESIAN_POINT('',(42.571642920676,1.617580572189,6.));
#14802 = LINE('',#14803,#14804);
#14803 = CARTESIAN_POINT('',(42.571642920676,1.617580572189,6.));
#14804 = VECTOR('',#14805,1.);
#14805 = DIRECTION('',(0.866025403784,0.5,0.));
#14806 = ORIENTED_EDGE('',*,*,#14807,.T.);
#14807 = EDGE_CURVE('',#14800,#14302,#14808,.T.);
#14808 = LINE('',#14809,#14810);
#14809 = CARTESIAN_POINT('',(42.571642920676,1.617580572189,6.));
#14810 = VECTOR('',#14811,1.);
#14811 = DIRECTION('',(0.,0.,1.));
#14812 = ORIENTED_EDGE('',*,*,#14299,.F.);
#14813 = PLANE('',#14814);
#14814 = AXIS2_PLACEMENT_3D('',#14815,#14816,#14817);
#14815 = CARTESIAN_POINT('',(42.571642920676,1.617580572189,6.));
#14816 = DIRECTION('',(-0.5,0.866025403784,0.));
#14817 = DIRECTION('',(0.,0.,1.));
#14818 = ADVANCED_FACE('',(#14819),#14837,.T.);
#14819 = FACE_BOUND('',#14820,.T.);
#14820 = EDGE_LOOP('',(#14821,#14822,#14830,#14836));
#14821 = ORIENTED_EDGE('',*,*,#14791,.F.);
#14822 = ORIENTED_EDGE('',*,*,#14823,.T.);
#14823 = EDGE_CURVE('',#14792,#14824,#14826,.T.);
#14824 = VERTEX_POINT('',#14825);
#14825 = CARTESIAN_POINT('',(43.284763539875,6.382419427811,6.));
#14826 = LINE('',#14827,#14828);
#14827 = CARTESIAN_POINT('',(45.169719132029,3.117580572189,6.));
#14828 = VECTOR('',#14829,1.);
#14829 = DIRECTION('',(-0.5,0.866025403784,0.));
#14830 = ORIENTED_EDGE('',*,*,#14831,.T.);
#14831 = EDGE_CURVE('',#14824,#14318,#14832,.T.);
#14832 = LINE('',#14833,#14834);
#14833 = CARTESIAN_POINT('',(43.284763539875,6.382419427811,6.));
#14834 = VECTOR('',#14835,1.);
#14835 = DIRECTION('',(0.,0.,1.));
#14836 = ORIENTED_EDGE('',*,*,#14325,.F.);
#14837 = PLANE('',#14838);
#14838 = AXIS2_PLACEMENT_3D('',#14839,#14840,#14841);
#14839 = CARTESIAN_POINT('',(45.169719132029,3.117580572189,6.));
#14840 = DIRECTION('',(0.866025403784,0.5,0.));
#14841 = DIRECTION('',(0.,0.,1.));
#14842 = ADVANCED_FACE('',(#14843),#14861,.T.);
#14843 = FACE_BOUND('',#14844,.T.);
#14844 = EDGE_LOOP('',(#14845,#14846,#14854,#14860));
#14845 = ORIENTED_EDGE('',*,*,#14831,.F.);
#14846 = ORIENTED_EDGE('',*,*,#14847,.F.);
#14847 = EDGE_CURVE('',#14848,#14824,#14850,.T.);
#14848 = VERTEX_POINT('',#14849);
#14849 = CARTESIAN_POINT('',(40.686687328522,4.882419427811,6.));
#14850 = LINE('',#14851,#14852);
#14851 = CARTESIAN_POINT('',(40.686687328522,4.882419427811,6.));
#14852 = VECTOR('',#14853,1.);
#14853 = DIRECTION('',(0.866025403784,0.5,0.));
#14854 = ORIENTED_EDGE('',*,*,#14855,.T.);
#14855 = EDGE_CURVE('',#14848,#14310,#14856,.T.);
#14856 = LINE('',#14857,#14858);
#14857 = CARTESIAN_POINT('',(40.686687328522,4.882419427811,6.));
#14858 = VECTOR('',#14859,1.);
#14859 = DIRECTION('',(0.,0.,1.));
#14860 = ORIENTED_EDGE('',*,*,#14317,.F.);
#14861 = PLANE('',#14862);
#14862 = AXIS2_PLACEMENT_3D('',#14863,#14864,#14865);
#14863 = CARTESIAN_POINT('',(40.686687328522,4.882419427811,6.));
#14864 = DIRECTION('',(-0.5,0.866025403784,0.));
#14865 = DIRECTION('',(0.,0.,1.));
#14866 = ADVANCED_FACE('',(#14867),#14878,.F.);
#14867 = FACE_BOUND('',#14868,.F.);
#14868 = EDGE_LOOP('',(#14869,#14870,#14876,#14877));
#14869 = ORIENTED_EDGE('',*,*,#14807,.F.);
#14870 = ORIENTED_EDGE('',*,*,#14871,.T.);
#14871 = EDGE_CURVE('',#14800,#14848,#14872,.T.);
#14872 = LINE('',#14873,#14874);
#14873 = CARTESIAN_POINT('',(42.571642920676,1.617580572189,6.));
#14874 = VECTOR('',#14875,1.);
#14875 = DIRECTION('',(-0.5,0.866025403784,0.));
#14876 = ORIENTED_EDGE('',*,*,#14855,.T.);
#14877 = ORIENTED_EDGE('',*,*,#14309,.F.);
#14878 = PLANE('',#14879);
#14879 = AXIS2_PLACEMENT_3D('',#14880,#14881,#14882);
#14880 = CARTESIAN_POINT('',(42.571642920676,1.617580572189,6.));
#14881 = DIRECTION('',(0.866025403784,0.5,0.));
#14882 = DIRECTION('',(0.,0.,1.));
#14883 = ADVANCED_FACE('',(#14884),#14909,.F.);
#14884 = FACE_BOUND('',#14885,.F.);
#14885 = EDGE_LOOP('',(#14886,#14894,#14902,#14908));
#14886 = ORIENTED_EDGE('',*,*,#14887,.F.);
#14887 = EDGE_CURVE('',#14888,#14334,#14890,.T.);
#14888 = VERTEX_POINT('',#14889);
#14889 = CARTESIAN_POINT('',(37.884955592154,9.5,6.));
#14890 = LINE('',#14891,#14892);
#14891 = CARTESIAN_POINT('',(37.884955592154,9.5,6.));
#14892 = VECTOR('',#14893,1.);
#14893 = DIRECTION('',(0.,0.,1.));
#14894 = ORIENTED_EDGE('',*,*,#14895,.F.);
#14895 = EDGE_CURVE('',#14896,#14888,#14898,.T.);
#14896 = VERTEX_POINT('',#14897);
#14897 = CARTESIAN_POINT('',(37.884955592154,6.5,6.));
#14898 = LINE('',#14899,#14900);
#14899 = CARTESIAN_POINT('',(37.884955592154,6.5,6.));
#14900 = VECTOR('',#14901,1.);
#14901 = DIRECTION('',(2.22044604925E-16,1.,0.));
#14902 = ORIENTED_EDGE('',*,*,#14903,.T.);
#14903 = EDGE_CURVE('',#14896,#14336,#14904,.T.);
#14904 = LINE('',#14905,#14906);
#14905 = CARTESIAN_POINT('',(37.884955592154,6.5,6.));
#14906 = VECTOR('',#14907,1.);
#14907 = DIRECTION('',(0.,0.,1.));
#14908 = ORIENTED_EDGE('',*,*,#14333,.F.);
#14909 = PLANE('',#14910);
#14910 = AXIS2_PLACEMENT_3D('',#14911,#14912,#14913);
#14911 = CARTESIAN_POINT('',(37.884955592154,6.5,6.));
#14912 = DIRECTION('',(-1.,2.22044604925E-16,0.));
#14913 = DIRECTION('',(0.,0.,1.));
#14914 = ADVANCED_FACE('',(#14915),#14933,.T.);
#14915 = FACE_BOUND('',#14916,.T.);
#14916 = EDGE_LOOP('',(#14917,#14918,#14926,#14932));
#14917 = ORIENTED_EDGE('',*,*,#14887,.F.);
#14918 = ORIENTED_EDGE('',*,*,#14919,.T.);
#14919 = EDGE_CURVE('',#14888,#14920,#14922,.T.);
#14920 = VERTEX_POINT('',#14921);
#14921 = CARTESIAN_POINT('',(34.115044407846,9.5,6.));
#14922 = LINE('',#14923,#14924);
#14923 = CARTESIAN_POINT('',(37.884955592154,9.5,6.));
#14924 = VECTOR('',#14925,1.);
#14925 = DIRECTION('',(-1.,2.22044604925E-16,0.));
#14926 = ORIENTED_EDGE('',*,*,#14927,.T.);
#14927 = EDGE_CURVE('',#14920,#14352,#14928,.T.);
#14928 = LINE('',#14929,#14930);
#14929 = CARTESIAN_POINT('',(34.115044407846,9.5,6.));
#14930 = VECTOR('',#14931,1.);
#14931 = DIRECTION('',(0.,0.,1.));
#14932 = ORIENTED_EDGE('',*,*,#14359,.F.);
#14933 = PLANE('',#14934);
#14934 = AXIS2_PLACEMENT_3D('',#14935,#14936,#14937);
#14935 = CARTESIAN_POINT('',(37.884955592154,9.5,6.));
#14936 = DIRECTION('',(2.22044604925E-16,1.,0.));
#14937 = DIRECTION('',(0.,0.,1.));
#14938 = ADVANCED_FACE('',(#14939),#14957,.T.);
#14939 = FACE_BOUND('',#14940,.T.);
#14940 = EDGE_LOOP('',(#14941,#14942,#14950,#14956));
#14941 = ORIENTED_EDGE('',*,*,#14927,.F.);
#14942 = ORIENTED_EDGE('',*,*,#14943,.F.);
#14943 = EDGE_CURVE('',#14944,#14920,#14946,.T.);
#14944 = VERTEX_POINT('',#14945);
#14945 = CARTESIAN_POINT('',(34.115044407846,6.5,6.));
#14946 = LINE('',#14947,#14948);
#14947 = CARTESIAN_POINT('',(34.115044407846,6.5,6.));
#14948 = VECTOR('',#14949,1.);
#14949 = DIRECTION('',(2.22044604925E-16,1.,0.));
#14950 = ORIENTED_EDGE('',*,*,#14951,.T.);
#14951 = EDGE_CURVE('',#14944,#14344,#14952,.T.);
#14952 = LINE('',#14953,#14954);
#14953 = CARTESIAN_POINT('',(34.115044407846,6.5,6.));
#14954 = VECTOR('',#14955,1.);
#14955 = DIRECTION('',(0.,0.,1.));
#14956 = ORIENTED_EDGE('',*,*,#14351,.F.);
#14957 = PLANE('',#14958);
#14958 = AXIS2_PLACEMENT_3D('',#14959,#14960,#14961);
#14959 = CARTESIAN_POINT('',(34.115044407846,6.5,6.));
#14960 = DIRECTION('',(-1.,2.22044604925E-16,0.));
#14961 = DIRECTION('',(0.,0.,1.));
#14962 = ADVANCED_FACE('',(#14963),#14974,.F.);
#14963 = FACE_BOUND('',#14964,.F.);
#14964 = EDGE_LOOP('',(#14965,#14966,#14972,#14973));
#14965 = ORIENTED_EDGE('',*,*,#14903,.F.);
#14966 = ORIENTED_EDGE('',*,*,#14967,.T.);
#14967 = EDGE_CURVE('',#14896,#14944,#14968,.T.);
#14968 = LINE('',#14969,#14970);
#14969 = CARTESIAN_POINT('',(37.884955592154,6.5,6.));
#14970 = VECTOR('',#14971,1.);
#14971 = DIRECTION('',(-1.,2.22044604925E-16,0.));
#14972 = ORIENTED_EDGE('',*,*,#14951,.T.);
#14973 = ORIENTED_EDGE('',*,*,#14343,.F.);
#14974 = PLANE('',#14975);
#14975 = AXIS2_PLACEMENT_3D('',#14976,#14977,#14978);
#14976 = CARTESIAN_POINT('',(37.884955592154,6.5,6.));
#14977 = DIRECTION('',(2.22044604925E-16,1.,0.));
#14978 = DIRECTION('',(0.,0.,1.));
#14979 = ADVANCED_FACE('',(#14980),#14986,.F.);
#14980 = FACE_BOUND('',#14981,.F.);
#14981 = EDGE_LOOP('',(#14982,#14983,#14984,#14985));
#14982 = ORIENTED_EDGE('',*,*,#14487,.F.);
#14983 = ORIENTED_EDGE('',*,*,#14415,.T.);
#14984 = ORIENTED_EDGE('',*,*,#14439,.T.);
#14985 = ORIENTED_EDGE('',*,*,#14463,.F.);
#14986 = PLANE('',#14987);
#14987 = AXIS2_PLACEMENT_3D('',#14988,#14989,#14990);
#14988 = CARTESIAN_POINT('',(34.115044407846,-6.5,6.));
#14989 = DIRECTION('',(0.,0.,1.));
#14990 = DIRECTION('',(-2.22044604925E-16,-1.,0.));
#14991 = ADVANCED_FACE('',(#14992),#14998,.F.);
#14992 = FACE_BOUND('',#14993,.F.);
#14993 = EDGE_LOOP('',(#14994,#14995,#14996,#14997));
#14994 = ORIENTED_EDGE('',*,*,#14583,.F.);
#14995 = ORIENTED_EDGE('',*,*,#14511,.T.);
#14996 = ORIENTED_EDGE('',*,*,#14535,.T.);
#14997 = ORIENTED_EDGE('',*,*,#14559,.F.);
#14998 = PLANE('',#14999);
#14999 = AXIS2_PLACEMENT_3D('',#15000,#15001,#15002);
#15000 = CARTESIAN_POINT('',(29.428357079324,-1.617580572189,6.));
#15001 = DIRECTION('',(0.,0.,1.));
#15002 = DIRECTION('',(-0.866025403784,-0.5,0.));
#15003 = ADVANCED_FACE('',(#15004),#15010,.F.);
#15004 = FACE_BOUND('',#15005,.F.);
#15005 = EDGE_LOOP('',(#15006,#15007,#15008,#15009));
#15006 = ORIENTED_EDGE('',*,*,#14679,.F.);
#15007 = ORIENTED_EDGE('',*,*,#14607,.T.);
#15008 = ORIENTED_EDGE('',*,*,#14631,.T.);
#15009 = ORIENTED_EDGE('',*,*,#14655,.F.);
#15010 = PLANE('',#15011);
#15011 = AXIS2_PLACEMENT_3D('',#15012,#15013,#15014);
#15012 = CARTESIAN_POINT('',(40.686687328522,-4.882419427811,6.));
#15013 = DIRECTION('',(0.,0.,1.));
#15014 = DIRECTION('',(0.866025403784,-0.5,0.));
#15015 = ADVANCED_FACE('',(#15016),#15022,.F.);
#15016 = FACE_BOUND('',#15017,.F.);
#15017 = EDGE_LOOP('',(#15018,#15019,#15020,#15021));
#15018 = ORIENTED_EDGE('',*,*,#14775,.F.);
#15019 = ORIENTED_EDGE('',*,*,#14703,.T.);
#15020 = ORIENTED_EDGE('',*,*,#14727,.T.);
#15021 = ORIENTED_EDGE('',*,*,#14751,.F.);
#15022 = PLANE('',#15023);
#15023 = AXIS2_PLACEMENT_3D('',#15024,#15025,#15026);
#15024 = CARTESIAN_POINT('',(31.313312671478,4.882419427811,6.));
#15025 = DIRECTION('',(0.,0.,1.));
#15026 = DIRECTION('',(-0.866025403784,0.5,0.));
#15027 = ADVANCED_FACE('',(#15028),#15034,.F.);
#15028 = FACE_BOUND('',#15029,.F.);
#15029 = EDGE_LOOP('',(#15030,#15031,#15032,#15033));
#15030 = ORIENTED_EDGE('',*,*,#14871,.F.);
#15031 = ORIENTED_EDGE('',*,*,#14799,.T.);
#15032 = ORIENTED_EDGE('',*,*,#14823,.T.);
#15033 = ORIENTED_EDGE('',*,*,#14847,.F.);
#15034 = PLANE('',#15035);
#15035 = AXIS2_PLACEMENT_3D('',#15036,#15037,#15038);
#15036 = CARTESIAN_POINT('',(42.571642920676,1.617580572189,6.));
#15037 = DIRECTION('',(0.,0.,1.));
#15038 = DIRECTION('',(0.866025403784,0.5,0.));
#15039 = ADVANCED_FACE('',(#15040),#15046,.F.);
#15040 = FACE_BOUND('',#15041,.F.);
#15041 = EDGE_LOOP('',(#15042,#15043,#15044,#15045));
#15042 = ORIENTED_EDGE('',*,*,#14967,.F.);
#15043 = ORIENTED_EDGE('',*,*,#14895,.T.);
#15044 = ORIENTED_EDGE('',*,*,#14919,.T.);
#15045 = ORIENTED_EDGE('',*,*,#14943,.F.);
#15046 = PLANE('',#15047);
#15047 = AXIS2_PLACEMENT_3D('',#15048,#15049,#15050);
#15048 = CARTESIAN_POINT('',(37.884955592154,6.5,6.));
#15049 = DIRECTION('',(0.,0.,1.));
#15050 = DIRECTION('',(2.22044604925E-16,1.,0.));
#15051 = ( GEOMETRIC_REPRESENTATION_CONTEXT(3) 
GLOBAL_UNCERTAINTY_ASSIGNED_CONTEXT((#15055)) 
GLOBAL_UNIT_ASSIGNED_CONTEXT((#15052,#15053,#15054)) 
REPRESENTATION_CONTEXT('Context #1',
  '3D Context with UNIT and UNCERTAINTY') );
#15052 = ( LENGTH_UNIT() NAMED_UNIT(*) SI_UNIT(.MILLI.,.METRE.) );
#15053 = ( NAMED_UNIT(*) PLANE_ANGLE_UNIT() SI_UNIT($,.RADIAN.) );
#15054 = ( NAMED_UNIT(*) SI_UNIT($,.STERADIAN.) SOLID_ANGLE_UNIT() );
#15055 = UNCERTAINTY_MEASURE_WITH_UNIT(LENGTH_MEASURE(1.E-07),#15052,
  'distance_accuracy_value','confusion accuracy');
#15056 = PRODUCT_RELATED_PRODUCT_CATEGORY('part',$,(#7));
ENDSEC;
END-ISO-10303-21;
